id,itinerary_id/id,sequence,partner_id/id
__demo__.deliveryitineraryposition37_1,__demo__.deliveryitinerary37_4000,1,__import__.customer_251
__demo__.deliveryitineraryposition37_2,__demo__.deliveryitinerary37_4000,2,__import__.customer_8056
__demo__.deliveryitineraryposition37_3,__demo__.deliveryitinerary37_4000,3,__import__.customer_7010
__demo__.deliveryitineraryposition37_4,__demo__.deliveryitinerary37_4000,4,__import__.customer_8378
__demo__.deliveryitineraryposition37_5,__demo__.deliveryitinerary37_4000,5,__import__.customer_8718
__demo__.deliveryitineraryposition37_6,__demo__.deliveryitinerary37_4000,6,__import__.customer_2451
__demo__.deliveryitineraryposition37_7,__demo__.deliveryitinerary37_4000,7,__import__.customer_151
__demo__.deliveryitineraryposition37_8,__demo__.deliveryitinerary37_4000,8,__import__.customer_8392
__demo__.deliveryitineraryposition37_9,__demo__.deliveryitinerary37_4000,9,__import__.customer_8491
__demo__.deliveryitineraryposition37_10,__demo__.deliveryitinerary37_4000,10,__import__.customer_392
__demo__.deliveryitineraryposition37_11,__demo__.deliveryitinerary37_4000,11,__import__.customer_8869
__demo__.deliveryitineraryposition37_12,__demo__.deliveryitinerary37_4000,12,__import__.customer_8710
__demo__.deliveryitineraryposition37_13,__demo__.deliveryitinerary37_4000,13,__import__.customer_8711
__demo__.deliveryitineraryposition37_14,__demo__.deliveryitinerary37_4000,14,__import__.customer_8589
__demo__.deliveryitineraryposition37_15,__demo__.deliveryitinerary37_4000,15,__import__.customer_8599
__demo__.deliveryitineraryposition37_16,__demo__.deliveryitinerary37_4000,16,__import__.customer_5265
__demo__.deliveryitineraryposition37_17,__demo__.deliveryitinerary37_4000,17,__import__.customer_8867
__demo__.deliveryitineraryposition37_18,__demo__.deliveryitinerary37_4000,18,__import__.customer_7721
__demo__.deliveryitineraryposition37_19,__demo__.deliveryitinerary37_4000,19,__import__.customer_8522
__demo__.deliveryitineraryposition37_20,__demo__.deliveryitinerary37_4000,20,__import__.customer_3258
__demo__.deliveryitineraryposition37_21,__demo__.deliveryitinerary37_4000,21,__import__.customer_8530
__demo__.deliveryitineraryposition37_22,__demo__.deliveryitinerary37_4000,22,__import__.customer_5028
__demo__.deliveryitineraryposition37_23,__demo__.deliveryitinerary37_4000,23,__import__.customer_8978
__demo__.deliveryitineraryposition37_24,__demo__.deliveryitinerary37_4000,24,__import__.customer_8979
__demo__.deliveryitineraryposition37_25,__demo__.deliveryitinerary37_4000,25,__import__.customer_3806
__demo__.deliveryitineraryposition37_26,__demo__.deliveryitinerary37_4000,26,__import__.customer_8459
__demo__.deliveryitineraryposition37_27,__demo__.deliveryitinerary37_4000,27,__import__.customer_1129
__demo__.deliveryitineraryposition37_28,__demo__.deliveryitinerary37_4000,28,__import__.customer_313
__demo__.deliveryitineraryposition37_29,__demo__.deliveryitinerary37_4000,29,__import__.customer_7990
__demo__.deliveryitineraryposition37_30,__demo__.deliveryitinerary37_6000,30,__import__.customer_5042
__demo__.deliveryitineraryposition37_31,__demo__.deliveryitinerary37_6000,31,__import__.customer_8048
__demo__.deliveryitineraryposition37_32,__demo__.deliveryitinerary37_6000,32,__import__.customer_6264
__demo__.deliveryitineraryposition37_33,__demo__.deliveryitinerary37_6000,33,__import__.customer_4855
__demo__.deliveryitineraryposition37_34,__demo__.deliveryitinerary37_6000,34,__import__.customer_9012
__demo__.deliveryitineraryposition37_35,__demo__.deliveryitinerary37_6000,35,__import__.customer_8386
__demo__.deliveryitineraryposition37_36,__demo__.deliveryitinerary37_6000,36,__import__.customer_3706
__demo__.deliveryitineraryposition37_37,__demo__.deliveryitinerary37_6000,37,__import__.customer_7961
__demo__.deliveryitineraryposition37_38,__demo__.deliveryitinerary37_6000,38,__import__.customer_8548
__demo__.deliveryitineraryposition37_39,__demo__.deliveryitinerary37_6000,39,__import__.customer_805
__demo__.deliveryitineraryposition37_40,__demo__.deliveryitinerary37_6000,40,__import__.customer_5430
__demo__.deliveryitineraryposition37_41,__demo__.deliveryitinerary37_6000,41,__import__.customer_5094
__demo__.deliveryitineraryposition37_42,__demo__.deliveryitinerary37_6000,42,__import__.customer_5101
__demo__.deliveryitineraryposition37_43,__demo__.deliveryitinerary37_6000,43,__import__.customer_6781
__demo__.deliveryitineraryposition37_44,__demo__.deliveryitinerary37_6000,44,__import__.customer_2483
__demo__.deliveryitineraryposition37_45,__demo__.deliveryitinerary37_6000,45,__import__.customer_1773
__demo__.deliveryitineraryposition37_46,__demo__.deliveryitinerary37_6000,46,__import__.customer_5472
__demo__.deliveryitineraryposition37_47,__demo__.deliveryitinerary37_6000,47,__import__.customer_8411
__demo__.deliveryitineraryposition37_48,__demo__.deliveryitinerary37_6000,48,__import__.customer_4430
__demo__.deliveryitineraryposition37_49,__demo__.deliveryitinerary37_6000,49,__import__.customer_4822
__demo__.deliveryitineraryposition37_50,__demo__.deliveryitinerary37_6000,50,__import__.customer_316
__demo__.deliveryitineraryposition37_51,__demo__.deliveryitinerary37_6000,51,__import__.customer_3660
__demo__.deliveryitineraryposition37_52,__demo__.deliveryitinerary37_6000,52,__import__.customer_7927
__demo__.deliveryitineraryposition37_53,__demo__.deliveryitinerary37_6000,53,__import__.customer_8251
__demo__.deliveryitineraryposition37_54,__demo__.deliveryitinerary37_6000,54,__import__.customer_7691
__demo__.deliveryitineraryposition37_55,__demo__.deliveryitinerary37_6000,55,__import__.customer_7793
__demo__.deliveryitineraryposition37_56,__demo__.deliveryitinerary37_6000,56,__import__.customer_5682
__demo__.deliveryitineraryposition37_57,__demo__.deliveryitinerary37_6000,57,__import__.customer_3646
__demo__.deliveryitineraryposition37_58,__demo__.deliveryitinerary37_6000,58,__import__.customer_5186
__demo__.deliveryitineraryposition37_59,__demo__.deliveryitinerary37_6000,59,__import__.customer_7967
__demo__.deliveryitineraryposition37_60,__demo__.deliveryitinerary37_6000,60,__import__.customer_941
__demo__.deliveryitineraryposition37_61,__demo__.deliveryitinerary37_6000,61,__import__.customer_586
__demo__.deliveryitineraryposition37_62,__demo__.deliveryitinerary37_6000,62,__import__.customer_2460
__demo__.deliveryitineraryposition37_63,__demo__.deliveryitinerary37_6000,63,__import__.customer_8564
__demo__.deliveryitineraryposition37_64,__demo__.deliveryitinerary37_5000,64,__import__.customer_7459
__demo__.deliveryitineraryposition37_65,__demo__.deliveryitinerary37_5000,65,__import__.customer_8685
__demo__.deliveryitineraryposition37_66,__demo__.deliveryitinerary37_5000,66,__import__.customer_7384
__demo__.deliveryitineraryposition37_67,__demo__.deliveryitinerary37_5000,67,__import__.customer_8515
__demo__.deliveryitineraryposition37_68,__demo__.deliveryitinerary37_5000,68,__import__.customer_8890
__demo__.deliveryitineraryposition37_69,__demo__.deliveryitinerary37_6000,69,__import__.customer_7777
__demo__.deliveryitineraryposition37_70,__demo__.deliveryitinerary37_6000,70,__import__.customer_546
__demo__.deliveryitineraryposition37_71,__demo__.deliveryitinerary37_4000,71,__import__.customer_7966
__demo__.deliveryitineraryposition37_72,__demo__.deliveryitinerary37_4000,72,__import__.customer_4949
__demo__.deliveryitineraryposition37_73,__demo__.deliveryitinerary37_4000,73,__import__.customer_3412
__demo__.deliveryitineraryposition37_74,__demo__.deliveryitinerary37_4000,74,__import__.customer_5543
__demo__.deliveryitineraryposition37_75,__demo__.deliveryitinerary37_4000,75,__import__.customer_7880
__demo__.deliveryitineraryposition37_76,__demo__.deliveryitinerary37_4000,76,__import__.customer_280
__demo__.deliveryitineraryposition37_77,__demo__.deliveryitinerary37_4000,77,__import__.customer_1424
__demo__.deliveryitineraryposition37_78,__demo__.deliveryitinerary37_4000,78,__import__.customer_7973
__demo__.deliveryitineraryposition37_79,__demo__.deliveryitinerary37_4000,79,__import__.customer_6772
__demo__.deliveryitineraryposition37_80,__demo__.deliveryitinerary37_6000,80,__import__.customer_3568
__demo__.deliveryitineraryposition37_81,__demo__.deliveryitinerary37_6000,81,__import__.customer_9017
__demo__.deliveryitineraryposition37_82,__demo__.deliveryitinerary37_6000,82,__import__.customer_1583
__demo__.deliveryitineraryposition37_83,__demo__.deliveryitinerary37_6000,83,__import__.customer_699
__demo__.deliveryitineraryposition37_84,__demo__.deliveryitinerary37_6000,84,__import__.customer_4990
__demo__.deliveryitineraryposition37_85,__demo__.deliveryitinerary37_6000,85,__import__.customer_4591
__demo__.deliveryitineraryposition42_1,__demo__.deliveryitinerary42_5000,1,__import__.customer_4664
__demo__.deliveryitineraryposition42_2,__demo__.deliveryitinerary42_5000,2,__import__.customer_8924
__demo__.deliveryitineraryposition42_3,__demo__.deliveryitinerary42_5000,3,__import__.customer_2176
__demo__.deliveryitineraryposition42_4,__demo__.deliveryitinerary42_5000,4,__import__.customer_8766
__demo__.deliveryitineraryposition42_5,__demo__.deliveryitinerary42_5000,5,__import__.customer_1256
__demo__.deliveryitineraryposition42_6,__demo__.deliveryitinerary42_5000,6,__import__.customer_6907
__demo__.deliveryitineraryposition42_7,__demo__.deliveryitinerary42_5000,7,__import__.customer_8953
__demo__.deliveryitineraryposition42_8,__demo__.deliveryitinerary42_5000,8,__import__.customer_8793
__demo__.deliveryitineraryposition42_9,__demo__.deliveryitinerary42_5000,9,__import__.customer_5518
__demo__.deliveryitineraryposition42_10,__demo__.deliveryitinerary42_5000,10,__import__.customer_3389
__demo__.deliveryitineraryposition42_11,__demo__.deliveryitinerary42_5000,11,__import__.customer_3709
__demo__.deliveryitineraryposition42_12,__demo__.deliveryitinerary42_5000,12,__import__.customer_4653
__demo__.deliveryitineraryposition42_13,__demo__.deliveryitinerary42_5000,13,__import__.customer_6891
__demo__.deliveryitineraryposition42_14,__demo__.deliveryitinerary42_5000,14,__import__.customer_5548
__demo__.deliveryitineraryposition42_15,__demo__.deliveryitinerary42_5000,15,__import__.customer_8382
__demo__.deliveryitineraryposition42_16,__demo__.deliveryitinerary42_5000,16,__import__.customer_4862
__demo__.deliveryitineraryposition42_17,__demo__.deliveryitinerary42_5000,17,__import__.customer_8676
__demo__.deliveryitineraryposition42_18,__demo__.deliveryitinerary42_5000,18,__import__.customer_8859
__demo__.deliveryitineraryposition42_19,__demo__.deliveryitinerary42_5000,19,__import__.customer_8865
__demo__.deliveryitineraryposition42_20,__demo__.deliveryitinerary42_5000,20,__import__.customer_8126
__demo__.deliveryitineraryposition42_21,__demo__.deliveryitinerary42_5000,21,__import__.customer_3102
__demo__.deliveryitineraryposition42_22,__demo__.deliveryitinerary42_5000,22,__import__.customer_8389
__demo__.deliveryitineraryposition42_23,__demo__.deliveryitinerary42_5000,23,__import__.customer_8261
__demo__.deliveryitineraryposition42_24,__demo__.deliveryitinerary42_5000,24,__import__.customer_4028
__demo__.deliveryitineraryposition42_25,__demo__.deliveryitinerary42_5000,25,__import__.customer_4046
__demo__.deliveryitineraryposition42_26,__demo__.deliveryitinerary42_5000,26,__import__.customer_4047
__demo__.deliveryitineraryposition42_27,__demo__.deliveryitinerary42_5000,27,__import__.customer_8509
__demo__.deliveryitineraryposition42_28,__demo__.deliveryitinerary42_5000,28,__import__.customer_2363
__demo__.deliveryitineraryposition42_29,__demo__.deliveryitinerary42_5000,29,__import__.customer_726
__demo__.deliveryitineraryposition42_30,__demo__.deliveryitinerary42_5000,30,__import__.customer_7325
__demo__.deliveryitineraryposition42_31,__demo__.deliveryitinerary42_5000,31,__import__.customer_271
__demo__.deliveryitineraryposition42_32,__demo__.deliveryitinerary42_5000,32,__import__.customer_7817
__demo__.deliveryitineraryposition42_33,__demo__.deliveryitinerary42_5000,33,__import__.customer_9032
__demo__.deliveryitineraryposition42_35,__demo__.deliveryitinerary42_5000,35,__import__.customer_8581
__demo__.deliveryitineraryposition42_36,__demo__.deliveryitinerary42_5000,36,__import__.customer_5465
__demo__.deliveryitineraryposition42_37,__demo__.deliveryitinerary42_5000,37,__import__.customer_733
__demo__.deliveryitineraryposition42_38,__demo__.deliveryitinerary42_5000,38,__import__.customer_1200
__demo__.deliveryitineraryposition42_39,__demo__.deliveryitinerary42_5000,39,__import__.customer_5489
__demo__.deliveryitineraryposition42_40,__demo__.deliveryitinerary42_5000,40,__import__.customer_5488
__demo__.deliveryitineraryposition42_41,__demo__.deliveryitinerary42_5000,41,__import__.customer_5490
__demo__.deliveryitineraryposition42_42,__demo__.deliveryitinerary42_5000,42,__import__.customer_905
__demo__.deliveryitineraryposition42_43,__demo__.deliveryitinerary42_5000,43,__import__.customer_7319
__demo__.deliveryitineraryposition42_44,__demo__.deliveryitinerary42_5000,44,__import__.customer_3718
__demo__.deliveryitineraryposition42_45,__demo__.deliveryitinerary42_5000,45,__import__.customer_5361
__demo__.deliveryitineraryposition42_46,__demo__.deliveryitinerary42_5000,46,__import__.customer_5630
__demo__.deliveryitineraryposition42_47,__demo__.deliveryitinerary42_5000,47,__import__.customer_4320
__demo__.deliveryitineraryposition42_48,__demo__.deliveryitinerary42_5000,48,__import__.customer_8563
__demo__.deliveryitineraryposition42_2760,__demo__.deliveryitinerary42_5000,2760,__import__.customer_7197
__demo__.deliveryitineraryposition42_2762,__demo__.deliveryitinerary42_5000,2762,__import__.customer_7197
__demo__.deliveryitineraryposition45_1,__demo__.deliveryitinerary45_7000,1,__import__.customer_4239
__demo__.deliveryitineraryposition45_2,__demo__.deliveryitinerary45_7000,2,__import__.customer_5454
__demo__.deliveryitineraryposition45_3,__demo__.deliveryitinerary45_7000,3,__import__.customer_4216
__demo__.deliveryitineraryposition45_4,__demo__.deliveryitinerary45_7000,4,__import__.customer_4177
__demo__.deliveryitineraryposition45_5,__demo__.deliveryitinerary45_7000,5,__import__.customer_8505
__demo__.deliveryitineraryposition45_6,__demo__.deliveryitinerary45_7000,6,__import__.customer_4175
__demo__.deliveryitineraryposition45_7,__demo__.deliveryitinerary45_7000,7,__import__.customer_7824
__demo__.deliveryitineraryposition45_8,__demo__.deliveryitinerary45_7000,8,__import__.customer_6812
__demo__.deliveryitineraryposition45_9,__demo__.deliveryitinerary45_7000,9,__import__.customer_5763
__demo__.deliveryitineraryposition45_10,__demo__.deliveryitinerary45_7000,10,__import__.customer_4139
__demo__.deliveryitineraryposition45_11,__demo__.deliveryitinerary45_7000,11,__import__.customer_2880
__demo__.deliveryitineraryposition45_12,__demo__.deliveryitinerary45_7000,12,__import__.customer_8873
__demo__.deliveryitineraryposition45_13,__demo__.deliveryitinerary45_7000,13,__import__.customer_3852
__demo__.deliveryitineraryposition45_14,__demo__.deliveryitinerary45_7000,14,__import__.customer_4319
__demo__.deliveryitineraryposition45_15,__demo__.deliveryitinerary45_7000,15,__import__.customer_1034
__demo__.deliveryitineraryposition45_16,__demo__.deliveryitinerary45_7000,16,__import__.customer_2391
__demo__.deliveryitineraryposition45_17,__demo__.deliveryitinerary45_7000,17,__import__.customer_4250
__demo__.deliveryitineraryposition45_18,__demo__.deliveryitinerary45_7000,18,__import__.customer_4186
__demo__.deliveryitineraryposition45_19,__demo__.deliveryitinerary45_7000,19,__import__.customer_7813
__demo__.deliveryitineraryposition45_20,__demo__.deliveryitinerary45_7000,20,__import__.customer_3989
__demo__.deliveryitineraryposition45_21,__demo__.deliveryitinerary45_7000,21,__import__.customer_3468
__demo__.deliveryitineraryposition45_22,__demo__.deliveryitinerary45_7000,22,__import__.customer_2634
__demo__.deliveryitineraryposition45_23,__demo__.deliveryitinerary45_7000,23,__import__.customer_4945
__demo__.deliveryitineraryposition45_24,__demo__.deliveryitinerary45_7000,24,__import__.customer_5287
__demo__.deliveryitineraryposition45_25,__demo__.deliveryitinerary45_7000,25,__import__.customer_3276
__demo__.deliveryitineraryposition45_26,__demo__.deliveryitinerary45_7000,26,__import__.customer_4946
__demo__.deliveryitineraryposition45_27,__demo__.deliveryitinerary45_7000,27,__import__.customer_7364
__demo__.deliveryitineraryposition45_28,__demo__.deliveryitinerary45_7000,28,__import__.customer_4993
__demo__.deliveryitineraryposition45_29,__demo__.deliveryitinerary45_7000,29,__import__.customer_3819
__demo__.deliveryitineraryposition45_30,__demo__.deliveryitinerary45_7000,30,__import__.customer_6734
__demo__.deliveryitineraryposition45_31,__demo__.deliveryitinerary45_7000,31,__import__.customer_7327
__demo__.deliveryitineraryposition45_32,__demo__.deliveryitinerary45_7000,32,__import__.customer_347
__demo__.deliveryitineraryposition45_33,__demo__.deliveryitinerary45_7000,33,__import__.customer_5732
__demo__.deliveryitineraryposition45_34,__demo__.deliveryitinerary45_7000,34,__import__.customer_4162
__demo__.deliveryitineraryposition45_35,__demo__.deliveryitinerary45_7000,35,__import__.customer_4164
__demo__.deliveryitineraryposition45_36,__demo__.deliveryitinerary45_7000,36,__import__.customer_5436
__demo__.deliveryitineraryposition45_37,__demo__.deliveryitinerary45_7000,37,__import__.customer_6531
__demo__.deliveryitineraryposition45_38,__demo__.deliveryitinerary45_7000,38,__import__.customer_8573
__demo__.deliveryitineraryposition45_39,__demo__.deliveryitinerary45_7000,39,__import__.customer_3739
__demo__.deliveryitineraryposition45_40,__demo__.deliveryitinerary45_7000,40,__import__.customer_8189
__demo__.deliveryitineraryposition45_41,__demo__.deliveryitinerary45_7000,41,__import__.customer_4220
__demo__.deliveryitineraryposition45_42,__demo__.deliveryitinerary45_7000,42,__import__.customer_8939
__demo__.deliveryitineraryposition45_43,__demo__.deliveryitinerary45_7000,43,__import__.customer_4214
__demo__.deliveryitineraryposition45_44,__demo__.deliveryitinerary45_7000,44,__import__.customer_7049
__demo__.deliveryitineraryposition45_45,__demo__.deliveryitinerary45_7000,45,__import__.customer_3528
__demo__.deliveryitineraryposition45_46,__demo__.deliveryitinerary45_7000,46,__import__.customer_4192
__demo__.deliveryitineraryposition45_47,__demo__.deliveryitinerary45_7000,47,__import__.customer_7962
__demo__.deliveryitineraryposition45_48,__demo__.deliveryitinerary45_7000,48,__import__.customer_7654
__demo__.deliveryitineraryposition45_49,__demo__.deliveryitinerary45_7000,49,__import__.customer_4692
__demo__.deliveryitineraryposition45_50,__demo__.deliveryitinerary45_7000,50,__import__.customer_4134
__demo__.deliveryitineraryposition45_51,__demo__.deliveryitinerary45_7000,51,__import__.customer_5098
__demo__.deliveryitineraryposition45_52,__demo__.deliveryitinerary45_7000,52,__import__.customer_3667
__demo__.deliveryitineraryposition45_54,__demo__.deliveryitinerary45_7000,54,__import__.customer_9029
__demo__.deliveryitineraryposition45_55,__demo__.deliveryitinerary45_7000,55,__import__.customer_4159
__demo__.deliveryitineraryposition46_1,__demo__.deliveryitinerary46_7000,1,__import__.customer_552
__demo__.deliveryitineraryposition46_2,__demo__.deliveryitinerary46_7000,2,__import__.customer_8155
__demo__.deliveryitineraryposition46_3,__demo__.deliveryitinerary46_7000,3,__import__.customer_849
__demo__.deliveryitineraryposition46_4,__demo__.deliveryitinerary46_7000,4,__import__.customer_2022
__demo__.deliveryitineraryposition46_5,__demo__.deliveryitinerary46_7000,5,__import__.customer_908
__demo__.deliveryitineraryposition46_6,__demo__.deliveryitinerary46_7000,6,__import__.customer_5964
__demo__.deliveryitineraryposition46_7,__demo__.deliveryitinerary46_7000,7,__import__.customer_2640
__demo__.deliveryitineraryposition46_8,__demo__.deliveryitinerary46_7000,8,__import__.customer_2383
__demo__.deliveryitineraryposition46_9,__demo__.deliveryitinerary46_7000,9,__import__.customer_7070
__demo__.deliveryitineraryposition46_10,__demo__.deliveryitinerary46_7000,10,__import__.customer_4209
__demo__.deliveryitineraryposition46_11,__demo__.deliveryitinerary46_7000,11,__import__.customer_3305
__demo__.deliveryitineraryposition46_12,__demo__.deliveryitinerary46_7000,12,__import__.customer_4249
__demo__.deliveryitineraryposition46_13,__demo__.deliveryitinerary46_7000,13,__import__.customer_7936
__demo__.deliveryitineraryposition46_14,__demo__.deliveryitinerary46_7000,14,__import__.customer_6988
__demo__.deliveryitineraryposition46_15,__demo__.deliveryitinerary46_7000,15,__import__.customer_4237
__demo__.deliveryitineraryposition46_16,__demo__.deliveryitinerary46_7000,16,__import__.customer_6802
__demo__.deliveryitineraryposition46_17,__demo__.deliveryitinerary46_7000,17,__import__.customer_7043
__demo__.deliveryitineraryposition46_18,__demo__.deliveryitinerary46_7000,18,__import__.customer_1649
__demo__.deliveryitineraryposition46_19,__demo__.deliveryitinerary46_7000,19,__import__.customer_8205
__demo__.deliveryitineraryposition46_20,__demo__.deliveryitinerary46_7000,20,__import__.customer_4106
__demo__.deliveryitineraryposition46_21,__demo__.deliveryitinerary46_7000,21,__import__.customer_326
__demo__.deliveryitineraryposition46_22,__demo__.deliveryitinerary46_7000,22,__import__.customer_4928
__demo__.deliveryitineraryposition46_23,__demo__.deliveryitinerary46_7000,23,__import__.customer_7461
__demo__.deliveryitineraryposition46_24,__demo__.deliveryitinerary46_7000,24,__import__.customer_3548
__demo__.deliveryitineraryposition46_25,__demo__.deliveryitinerary46_7000,25,__import__.customer_1743
__demo__.deliveryitineraryposition46_26,__demo__.deliveryitinerary46_7000,26,__import__.customer_8461
__demo__.deliveryitineraryposition46_27,__demo__.deliveryitinerary46_6000,27,__import__.customer_5419
__demo__.deliveryitineraryposition46_28,__demo__.deliveryitinerary46_6000,28,__import__.customer_1314
__demo__.deliveryitineraryposition46_29,__demo__.deliveryitinerary46_6000,29,__import__.customer_4208
__demo__.deliveryitineraryposition46_30,__demo__.deliveryitinerary46_6000,30,__import__.customer_4460
__demo__.deliveryitineraryposition46_31,__demo__.deliveryitinerary46_6000,31,__import__.customer_728
__demo__.deliveryitineraryposition46_32,__demo__.deliveryitinerary46_6000,32,__import__.customer_8656
__demo__.deliveryitineraryposition46_33,__demo__.deliveryitinerary46_6000,33,__import__.customer_2881
__demo__.deliveryitineraryposition46_34,__demo__.deliveryitinerary46_6000,34,__import__.customer_5846
__demo__.deliveryitineraryposition46_35,__demo__.deliveryitinerary46_6000,35,__import__.customer_1304
__demo__.deliveryitineraryposition46_36,__demo__.deliveryitinerary46_6000,36,__import__.customer_8912
__demo__.deliveryitineraryposition46_37,__demo__.deliveryitinerary46_6000,37,__import__.customer_4874
__demo__.deliveryitineraryposition46_38,__demo__.deliveryitinerary46_6000,38,__import__.customer_8367
__demo__.deliveryitineraryposition46_39,__demo__.deliveryitinerary46_6000,39,__import__.customer_5549
__demo__.deliveryitineraryposition46_40,__demo__.deliveryitinerary46_6000,40,__import__.customer_1329
__demo__.deliveryitineraryposition46_41,__demo__.deliveryitinerary46_6000,41,__import__.customer_5181
__demo__.deliveryitineraryposition46_42,__demo__.deliveryitinerary46_6000,42,__import__.customer_6787
__demo__.deliveryitineraryposition46_43,__demo__.deliveryitinerary46_6000,43,__import__.customer_7180
__demo__.deliveryitineraryposition46_44,__demo__.deliveryitinerary46_6000,44,__import__.customer_8554
__demo__.deliveryitineraryposition46_45,__demo__.deliveryitinerary46_6000,45,__import__.customer_5746
__demo__.deliveryitineraryposition46_46,__demo__.deliveryitinerary46_6000,46,__import__.customer_7495
__demo__.deliveryitineraryposition46_47,__demo__.deliveryitinerary46_6000,47,__import__.customer_4217
__demo__.deliveryitineraryposition46_48,__demo__.deliveryitinerary46_6000,48,__import__.customer_8556
__demo__.deliveryitineraryposition46_49,__demo__.deliveryitinerary46_6000,49,__import__.customer_7392
__demo__.deliveryitineraryposition46_50,__demo__.deliveryitinerary46_6000,50,__import__.customer_457
__demo__.deliveryitineraryposition46_51,__demo__.deliveryitinerary46_6000,51,__import__.customer_1533
__demo__.deliveryitineraryposition46_52,__demo__.deliveryitinerary46_7000,52,__import__.customer_367
__demo__.deliveryitineraryposition46_53,__demo__.deliveryitinerary46_7000,53,__import__.customer_1777
__demo__.deliveryitineraryposition46_54,__demo__.deliveryitinerary46_7000,54,__import__.customer_720
__demo__.deliveryitineraryposition46_55,__demo__.deliveryitinerary46_7000,55,__import__.customer_1077
__demo__.deliveryitineraryposition46_56,__demo__.deliveryitinerary46_7000,56,__import__.customer_3630
__demo__.deliveryitineraryposition46_57,__demo__.deliveryitinerary46_7000,57,__import__.customer_8606
__demo__.deliveryitineraryposition46_58,__demo__.deliveryitinerary46_7000,58,__import__.customer_3382
__demo__.deliveryitineraryposition46_59,__demo__.deliveryitinerary46_7000,59,__import__.customer_1368
__demo__.deliveryitineraryposition46_60,__demo__.deliveryitinerary46_7000,60,__import__.customer_483
__demo__.deliveryitineraryposition46_61,__demo__.deliveryitinerary46_7000,61,__import__.customer_7217
__demo__.deliveryitineraryposition46_62,__demo__.deliveryitinerary46_7000,62,__import__.customer_5429
__demo__.deliveryitineraryposition46_63,__demo__.deliveryitinerary46_7000,63,__import__.customer_5514
__demo__.deliveryitineraryposition47_1,__demo__.deliveryitinerary47_7000,1,__import__.customer_42
__demo__.deliveryitineraryposition47_2,__demo__.deliveryitinerary47_7000,2,__import__.customer_7644
__demo__.deliveryitineraryposition47_3,__demo__.deliveryitinerary47_7000,3,__import__.customer_8247
__demo__.deliveryitineraryposition47_4,__demo__.deliveryitinerary47_7000,4,__import__.customer_7612
__demo__.deliveryitineraryposition47_5,__demo__.deliveryitinerary47_7000,5,__import__.customer_4142
__demo__.deliveryitineraryposition47_6,__demo__.deliveryitinerary47_7000,6,__import__.customer_45
__demo__.deliveryitineraryposition47_7,__demo__.deliveryitinerary47_7000,7,__import__.customer_8282
__demo__.deliveryitineraryposition47_8,__demo__.deliveryitinerary47_7000,8,__import__.customer_5179
__demo__.deliveryitineraryposition47_9,__demo__.deliveryitinerary47_7000,9,__import__.customer_4244
__demo__.deliveryitineraryposition47_10,__demo__.deliveryitinerary47_7000,10,__import__.customer_4113
__demo__.deliveryitineraryposition47_11,__demo__.deliveryitinerary47_7000,11,__import__.customer_8893
__demo__.deliveryitineraryposition47_12,__demo__.deliveryitinerary47_7000,12,__import__.customer_283
__demo__.deliveryitineraryposition47_13,__demo__.deliveryitinerary47_7000,13,__import__.customer_5837
__demo__.deliveryitineraryposition47_14,__demo__.deliveryitinerary47_7000,14,__import__.customer_9005
__demo__.deliveryitineraryposition47_15,__demo__.deliveryitinerary47_7000,15,__import__.customer_6949
__demo__.deliveryitineraryposition47_16,__demo__.deliveryitinerary47_7000,16,__import__.customer_4187
__demo__.deliveryitineraryposition47_17,__demo__.deliveryitinerary47_7000,17,__import__.customer_3507
__demo__.deliveryitineraryposition47_18,__demo__.deliveryitinerary47_7000,18,__import__.customer_6189
__demo__.deliveryitineraryposition47_20,__demo__.deliveryitinerary47_7000,20,__import__.customer_4331
__demo__.deliveryitineraryposition47_21,__demo__.deliveryitinerary47_7000,21,__import__.customer_8995
__demo__.deliveryitineraryposition47_22,__demo__.deliveryitinerary47_7000,22,__import__.customer_1083
__demo__.deliveryitineraryposition47_23,__demo__.deliveryitinerary47_7000,23,__import__.customer_4137
__demo__.deliveryitineraryposition47_24,__demo__.deliveryitinerary47_7000,24,__import__.customer_4589
__demo__.deliveryitineraryposition47_25,__demo__.deliveryitinerary47_7000,25,__import__.customer_4185
__demo__.deliveryitineraryposition47_26,__demo__.deliveryitinerary47_7000,26,__import__.customer_5345
__demo__.deliveryitineraryposition47_27,__demo__.deliveryitinerary47_7000,27,__import__.customer_8365
__demo__.deliveryitineraryposition47_28,__demo__.deliveryitinerary47_7000,28,__import__.customer_8798
__demo__.deliveryitineraryposition47_29,__demo__.deliveryitinerary47_7000,29,__import__.customer_4140
__demo__.deliveryitineraryposition47_30,__demo__.deliveryitinerary47_7000,30,__import__.customer_8877
__demo__.deliveryitineraryposition47_31,__demo__.deliveryitinerary47_7000,31,__import__.customer_3527
__demo__.deliveryitineraryposition47_32,__demo__.deliveryitinerary47_7000,32,__import__.customer_3253
__demo__.deliveryitineraryposition47_33,__demo__.deliveryitinerary47_7000,33,__import__.customer_8918
__demo__.deliveryitineraryposition47_34,__demo__.deliveryitinerary47_7000,34,__import__.customer_7851
__demo__.deliveryitineraryposition47_35,__demo__.deliveryitinerary47_7000,35,__import__.customer_8466
__demo__.deliveryitineraryposition47_36,__demo__.deliveryitinerary47_7000,36,__import__.customer_4254
__demo__.deliveryitineraryposition47_37,__demo__.deliveryitinerary47_7000,37,__import__.customer_8905
__demo__.deliveryitineraryposition47_38,__demo__.deliveryitinerary47_7000,38,__import__.customer_4111
__demo__.deliveryitineraryposition47_39,__demo__.deliveryitinerary47_7000,39,__import__.customer_5449
__demo__.deliveryitineraryposition47_40,__demo__.deliveryitinerary47_7000,40,__import__.customer_5147
__demo__.deliveryitineraryposition47_41,__demo__.deliveryitinerary47_7000,41,__import__.customer_4176
__demo__.deliveryitineraryposition47_42,__demo__.deliveryitinerary47_7000,42,__import__.customer_4245
__demo__.deliveryitineraryposition47_43,__demo__.deliveryitinerary47_7000,43,__import__.customer_7659
__demo__.deliveryitineraryposition47_44,__demo__.deliveryitinerary47_7000,44,__import__.customer_5275
__demo__.deliveryitineraryposition47_45,__demo__.deliveryitinerary47_7000,45,__import__.customer_4215
__demo__.deliveryitineraryposition47_46,__demo__.deliveryitinerary47_7000,46,__import__.customer_7247
__demo__.deliveryitineraryposition47_47,__demo__.deliveryitinerary47_7000,47,__import__.customer_5482
__demo__.deliveryitineraryposition47_48,__demo__.deliveryitinerary47_7000,48,__import__.customer_5944
__demo__.deliveryitineraryposition47_49,__demo__.deliveryitinerary47_7000,49,__import__.customer_3522
__demo__.deliveryitineraryposition47_50,__demo__.deliveryitinerary47_7000,50,__import__.customer_4199
__demo__.deliveryitineraryposition47_51,__demo__.deliveryitinerary47_7000,51,__import__.customer_6386
__demo__.deliveryitineraryposition47_52,__demo__.deliveryitinerary47_7000,52,__import__.customer_7103
__demo__.deliveryitineraryposition47_53,__demo__.deliveryitinerary47_7000,53,__import__.customer_4421
__demo__.deliveryitineraryposition47_54,__demo__.deliveryitinerary47_7000,54,__import__.customer_4884
__demo__.deliveryitineraryposition47_55,__demo__.deliveryitinerary47_7000,55,__import__.customer_5859
__demo__.deliveryitineraryposition47_56,__demo__.deliveryitinerary47_7000,56,__import__.customer_6955
__demo__.deliveryitineraryposition47_57,__demo__.deliveryitinerary47_7000,57,__import__.customer_7203
__demo__.deliveryitineraryposition47_58,__demo__.deliveryitinerary47_7000,58,__import__.customer_5935
__demo__.deliveryitineraryposition47_59,__demo__.deliveryitinerary47_7000,59,__import__.customer_3250
__demo__.deliveryitineraryposition47_60,__demo__.deliveryitinerary47_7000,60,__import__.customer_4121
__demo__.deliveryitineraryposition47_61,__demo__.deliveryitinerary47_7000,61,__import__.customer_444
__demo__.deliveryitineraryposition47_62,__demo__.deliveryitinerary47_7000,62,__import__.customer_8462
__demo__.deliveryitineraryposition47_63,__demo__.deliveryitinerary47_7000,63,__import__.customer_4203
__demo__.deliveryitineraryposition47_64,__demo__.deliveryitinerary47_7000,64,__import__.customer_175
__demo__.deliveryitineraryposition47_65,__demo__.deliveryitinerary47_7000,65,__import__.customer_8631
__demo__.deliveryitineraryposition47_66,__demo__.deliveryitinerary47_7000,66,__import__.customer_4124
__demo__.deliveryitineraryposition47_67,__demo__.deliveryitinerary47_7000,67,__import__.customer_4961
__demo__.deliveryitineraryposition47_68,__demo__.deliveryitinerary47_7000,68,__import__.customer_4268
__demo__.deliveryitineraryposition47_69,__demo__.deliveryitinerary47_7000,69,__import__.customer_3212
__demo__.deliveryitineraryposition47_70,__demo__.deliveryitinerary47_7000,70,__import__.customer_1197
__demo__.deliveryitineraryposition47_71,__demo__.deliveryitinerary47_7000,71,__import__.customer_1064
__demo__.deliveryitineraryposition47_72,__demo__.deliveryitinerary47_7000,72,__import__.customer_6933
__demo__.deliveryitineraryposition47_73,__demo__.deliveryitinerary47_7000,73,__import__.customer_4265
__demo__.deliveryitineraryposition47_74,__demo__.deliveryitinerary47_7000,74,__import__.customer_4271
__demo__.deliveryitineraryposition47_75,__demo__.deliveryitinerary47_7000,75,__import__.customer_8230
__demo__.deliveryitineraryposition47_76,__demo__.deliveryitinerary47_7000,76,__import__.customer_8513
__demo__.deliveryitineraryposition48_1,__demo__.deliveryitinerary48_7000,1,__import__.customer_7630
__demo__.deliveryitineraryposition48_2,__demo__.deliveryitinerary48_7000,2,__import__.customer_8967
__demo__.deliveryitineraryposition48_3,__demo__.deliveryitinerary48_7000,3,__import__.customer_382
__demo__.deliveryitineraryposition48_4,__demo__.deliveryitinerary48_7000,4,__import__.customer_1725
__demo__.deliveryitineraryposition48_5,__demo__.deliveryitinerary48_7000,5,__import__.customer_7158
__demo__.deliveryitineraryposition48_6,__demo__.deliveryitinerary48_7000,6,__import__.customer_8949
__demo__.deliveryitineraryposition48_7,__demo__.deliveryitinerary48_7000,7,__import__.customer_3815
__demo__.deliveryitineraryposition48_8,__demo__.deliveryitinerary48_7000,8,__import__.customer_7712
__demo__.deliveryitineraryposition48_9,__demo__.deliveryitinerary48_7000,9,__import__.customer_4839
__demo__.deliveryitineraryposition48_10,__demo__.deliveryitinerary48_7000,10,__import__.customer_1665
__demo__.deliveryitineraryposition48_11,__demo__.deliveryitinerary48_7000,11,__import__.customer_4108
__demo__.deliveryitineraryposition48_12,__demo__.deliveryitinerary48_7000,12,__import__.customer_5568
__demo__.deliveryitineraryposition48_13,__demo__.deliveryitinerary48_7000,13,__import__.customer_153
__demo__.deliveryitineraryposition48_14,__demo__.deliveryitinerary48_7000,14,__import__.customer_7003
__demo__.deliveryitineraryposition48_15,__demo__.deliveryitinerary48_7000,15,__import__.customer_7928
__demo__.deliveryitineraryposition48_17,__demo__.deliveryitinerary48_7000,17,__import__.customer_6190
__demo__.deliveryitineraryposition48_18,__demo__.deliveryitinerary48_7000,18,__import__.customer_4182
__demo__.deliveryitineraryposition48_19,__demo__.deliveryitinerary48_7000,19,__import__.customer_690
__demo__.deliveryitineraryposition48_20,__demo__.deliveryitinerary48_7000,20,__import__.customer_2869
__demo__.deliveryitineraryposition48_21,__demo__.deliveryitinerary48_7000,21,__import__.customer_5117
__demo__.deliveryitineraryposition48_22,__demo__.deliveryitinerary48_7000,22,__import__.customer_8989
__demo__.deliveryitineraryposition48_23,__demo__.deliveryitinerary48_7000,23,__import__.customer_2252
__demo__.deliveryitineraryposition48_24,__demo__.deliveryitinerary48_7000,24,__import__.customer_7608
__demo__.deliveryitineraryposition48_25,__demo__.deliveryitinerary48_7000,25,__import__.customer_3763
__demo__.deliveryitineraryposition48_26,__demo__.deliveryitinerary48_7000,26,__import__.customer_1655
__demo__.deliveryitineraryposition48_27,__demo__.deliveryitinerary48_7000,27,__import__.customer_4405
__demo__.deliveryitineraryposition48_28,__demo__.deliveryitinerary48_7000,28,__import__.customer_5902
__demo__.deliveryitineraryposition48_29,__demo__.deliveryitinerary48_7000,29,__import__.customer_4204
__demo__.deliveryitineraryposition48_30,__demo__.deliveryitinerary48_7000,30,__import__.customer_4161
__demo__.deliveryitineraryposition48_31,__demo__.deliveryitinerary48_7000,31,__import__.customer_4110
__demo__.deliveryitineraryposition48_32,__demo__.deliveryitinerary48_7000,32,__import__.customer_8547
__demo__.deliveryitineraryposition48_33,__demo__.deliveryitinerary48_7000,33,__import__.customer_4130
__demo__.deliveryitineraryposition48_34,__demo__.deliveryitinerary48_7000,34,__import__.customer_1900
__demo__.deliveryitineraryposition48_35,__demo__.deliveryitinerary48_7000,35,__import__.customer_8012
__demo__.deliveryitineraryposition48_36,__demo__.deliveryitinerary48_7000,36,__import__.customer_4231
__demo__.deliveryitineraryposition48_37,__demo__.deliveryitinerary48_7000,37,__import__.customer_2207
__demo__.deliveryitineraryposition48_38,__demo__.deliveryitinerary48_7000,38,__import__.customer_8948
__demo__.deliveryitineraryposition48_39,__demo__.deliveryitinerary48_7000,39,__import__.customer_5707
__demo__.deliveryitineraryposition48_40,__demo__.deliveryitinerary48_7000,40,__import__.customer_8731
__demo__.deliveryitineraryposition48_41,__demo__.deliveryitinerary48_7000,41,__import__.customer_8820
__demo__.deliveryitineraryposition48_42,__demo__.deliveryitinerary48_7000,42,__import__.customer_3628
__demo__.deliveryitineraryposition48_43,__demo__.deliveryitinerary48_7000,43,__import__.customer_8129
__demo__.deliveryitineraryposition48_44,__demo__.deliveryitinerary48_7000,44,__import__.customer_2058
__demo__.deliveryitineraryposition48_45,__demo__.deliveryitinerary48_7000,45,__import__.customer_9011
__demo__.deliveryitineraryposition48_46,__demo__.deliveryitinerary48_7000,46,__import__.customer_166
__demo__.deliveryitineraryposition48_47,__demo__.deliveryitinerary48_7000,47,__import__.customer_4103
__demo__.deliveryitineraryposition48_48,__demo__.deliveryitinerary48_7000,48,__import__.customer_5311
__demo__.deliveryitineraryposition48_49,__demo__.deliveryitinerary48_7000,49,__import__.customer_4436
__demo__.deliveryitineraryposition48_50,__demo__.deliveryitinerary48_7000,50,__import__.customer_3951
__demo__.deliveryitineraryposition48_51,__demo__.deliveryitinerary48_7000,51,__import__.customer_5942
__demo__.deliveryitineraryposition48_52,__demo__.deliveryitinerary48_7000,52,__import__.customer_1647
__demo__.deliveryitineraryposition48_53,__demo__.deliveryitinerary48_7000,53,__import__.customer_5513
__demo__.deliveryitineraryposition48_54,__demo__.deliveryitinerary48_7000,54,__import__.customer_2361
__demo__.deliveryitineraryposition48_55,__demo__.deliveryitinerary48_7000,55,__import__.customer_7971
__demo__.deliveryitineraryposition48_56,__demo__.deliveryitinerary48_7000,56,__import__.customer_7972
__demo__.deliveryitineraryposition48_57,__demo__.deliveryitinerary48_7000,57,__import__.customer_1750
__demo__.deliveryitineraryposition48_58,__demo__.deliveryitinerary48_7000,58,__import__.customer_4329
__demo__.deliveryitineraryposition48_59,__demo__.deliveryitinerary48_7000,59,__import__.customer_4416
__demo__.deliveryitineraryposition48_60,__demo__.deliveryitinerary48_7000,60,__import__.customer_1307
__demo__.deliveryitineraryposition48_61,__demo__.deliveryitinerary48_7000,61,__import__.customer_8319
__demo__.deliveryitineraryposition48_62,__demo__.deliveryitinerary48_7000,62,__import__.customer_7572
__demo__.deliveryitineraryposition48_63,__demo__.deliveryitinerary48_7000,63,__import__.customer_5736
__demo__.deliveryitineraryposition48_64,__demo__.deliveryitinerary48_7000,64,__import__.customer_8923
__demo__.deliveryitineraryposition48_65,__demo__.deliveryitinerary48_7000,65,__import__.customer_6398
__demo__.deliveryitineraryposition48_66,__demo__.deliveryitinerary48_7000,66,__import__.customer_6773
__demo__.deliveryitineraryposition48_67,__demo__.deliveryitinerary48_7000,67,__import__.customer_4315
__demo__.deliveryitineraryposition48_68,__demo__.deliveryitinerary48_7000,68,__import__.customer_4141
__demo__.deliveryitineraryposition48_69,__demo__.deliveryitinerary48_7000,69,__import__.customer_4790
__demo__.deliveryitineraryposition48_70,__demo__.deliveryitinerary48_7000,70,__import__.customer_8322
__demo__.deliveryitineraryposition48_71,__demo__.deliveryitinerary48_7000,71,__import__.customer_8437
__demo__.deliveryitineraryposition48_72,__demo__.deliveryitinerary48_7000,72,__import__.customer_8681
__demo__.deliveryitineraryposition48_73,__demo__.deliveryitinerary48_7000,73,__import__.customer_8736
__demo__.deliveryitineraryposition48_74,__demo__.deliveryitinerary48_7000,74,__import__.customer_4228
__demo__.deliveryitineraryposition48_75,__demo__.deliveryitinerary48_7000,75,__import__.customer_2565
__demo__.deliveryitineraryposition48_76,__demo__.deliveryitinerary48_7000,76,__import__.customer_7014
__demo__.deliveryitineraryposition48_77,__demo__.deliveryitinerary48_7000,77,__import__.customer_2246
__demo__.deliveryitineraryposition48_78,__demo__.deliveryitinerary48_7000,78,__import__.customer_3526
__demo__.deliveryitineraryposition55_1,__demo__.deliveryitinerary55_1000,1,__import__.customer_7734
__demo__.deliveryitineraryposition55_2,__demo__.deliveryitinerary55_1000,2,__import__.customer_8088
__demo__.deliveryitineraryposition55_3,__demo__.deliveryitinerary55_1000,3,__import__.customer_8388
__demo__.deliveryitineraryposition55_4,__demo__.deliveryitinerary55_1000,4,__import__.customer_6878
__demo__.deliveryitineraryposition55_5,__demo__.deliveryitinerary55_1000,5,__import__.customer_6560
__demo__.deliveryitineraryposition55_6,__demo__.deliveryitinerary55_1000,6,__import__.customer_2642
__demo__.deliveryitineraryposition55_7,__demo__.deliveryitinerary55_1000,7,__import__.customer_6580
__demo__.deliveryitineraryposition55_8,__demo__.deliveryitinerary55_1000,8,__import__.customer_2180
__demo__.deliveryitineraryposition55_9,__demo__.deliveryitinerary55_1000,9,__import__.customer_7969
__demo__.deliveryitineraryposition55_10,__demo__.deliveryitinerary55_1000,10,__import__.customer_1985
__demo__.deliveryitineraryposition55_11,__demo__.deliveryitinerary55_1000,11,__import__.customer_496
__demo__.deliveryitineraryposition55_12,__demo__.deliveryitinerary55_1000,12,__import__.customer_2353
__demo__.deliveryitineraryposition55_13,__demo__.deliveryitinerary55_1000,13,__import__.customer_7355
__demo__.deliveryitineraryposition55_14,__demo__.deliveryitinerary55_1000,14,__import__.customer_6428
__demo__.deliveryitineraryposition55_15,__demo__.deliveryitinerary55_1000,15,__import__.customer_3128
__demo__.deliveryitineraryposition55_16,__demo__.deliveryitinerary55_1000,16,__import__.customer_8281
__demo__.deliveryitineraryposition55_17,__demo__.deliveryitinerary55_1000,17,__import__.customer_3712
__demo__.deliveryitineraryposition55_18,__demo__.deliveryitinerary55_1000,18,__import__.customer_542
__demo__.deliveryitineraryposition55_19,__demo__.deliveryitinerary55_1000,19,__import__.customer_119
__demo__.deliveryitineraryposition55_20,__demo__.deliveryitinerary55_1000,20,__import__.customer_337
__demo__.deliveryitineraryposition55_21,__demo__.deliveryitinerary55_1000,21,__import__.customer_8650
__demo__.deliveryitineraryposition55_22,__demo__.deliveryitinerary55_1000,22,__import__.customer_2632
__demo__.deliveryitineraryposition55_23,__demo__.deliveryitinerary55_1000,23,__import__.customer_4753
__demo__.deliveryitineraryposition55_24,__demo__.deliveryitinerary55_1000,24,__import__.customer_2630
__demo__.deliveryitineraryposition55_25,__demo__.deliveryitinerary55_1000,25,__import__.customer_8888
__demo__.deliveryitineraryposition55_26,__demo__.deliveryitinerary55_1000,26,__import__.customer_752
__demo__.deliveryitineraryposition55_27,__demo__.deliveryitinerary55_1000,27,__import__.customer_5502
__demo__.deliveryitineraryposition55_28,__demo__.deliveryitinerary55_1000,28,__import__.customer_3288
__demo__.deliveryitineraryposition55_29,__demo__.deliveryitinerary55_1000,29,__import__.customer_1584
__demo__.deliveryitineraryposition55_30,__demo__.deliveryitinerary55_1000,30,__import__.customer_878
__demo__.deliveryitineraryposition55_31,__demo__.deliveryitinerary55_1000,31,__import__.customer_7689
__demo__.deliveryitineraryposition55_32,__demo__.deliveryitinerary55_1000,32,__import__.customer_7981
__demo__.deliveryitineraryposition55_33,__demo__.deliveryitinerary55_1000,33,__import__.customer_4472
__demo__.deliveryitineraryposition55_34,__demo__.deliveryitinerary55_1000,34,__import__.customer_7436
__demo__.deliveryitineraryposition55_35,__demo__.deliveryitinerary55_1000,35,__import__.customer_7151
__demo__.deliveryitineraryposition55_36,__demo__.deliveryitinerary55_1000,36,__import__.customer_8735
__demo__.deliveryitineraryposition55_37,__demo__.deliveryitinerary55_1000,37,__import__.customer_7568
__demo__.deliveryitineraryposition55_38,__demo__.deliveryitinerary55_1000,38,__import__.customer_495
__demo__.deliveryitineraryposition55_39,__demo__.deliveryitinerary55_1000,39,__import__.customer_6969
__demo__.deliveryitineraryposition55_40,__demo__.deliveryitinerary55_1000,40,__import__.customer_1006
__demo__.deliveryitineraryposition55_41,__demo__.deliveryitinerary55_1000,41,__import__.customer_649
__demo__.deliveryitineraryposition55_42,__demo__.deliveryitinerary55_1000,42,__import__.customer_4736
__demo__.deliveryitineraryposition55_43,__demo__.deliveryitinerary55_1000,43,__import__.customer_3099
__demo__.deliveryitineraryposition55_44,__demo__.deliveryitinerary55_1000,44,__import__.customer_5535
__demo__.deliveryitineraryposition55_45,__demo__.deliveryitinerary55_1000,45,__import__.customer_5642
__demo__.deliveryitineraryposition55_46,__demo__.deliveryitinerary55_1000,46,__import__.customer_7547
__demo__.deliveryitineraryposition55_47,__demo__.deliveryitinerary55_1000,47,__import__.customer_4956
__demo__.deliveryitineraryposition55_48,__demo__.deliveryitinerary55_1000,48,__import__.customer_4718
__demo__.deliveryitineraryposition55_49,__demo__.deliveryitinerary55_1000,49,__import__.customer_4835
__demo__.deliveryitineraryposition55_50,__demo__.deliveryitinerary55_1000,50,__import__.customer_4836
__demo__.deliveryitineraryposition55_51,__demo__.deliveryitinerary55_1000,51,__import__.customer_4627
__demo__.deliveryitineraryposition55_52,__demo__.deliveryitinerary55_1000,52,__import__.customer_291
__demo__.deliveryitineraryposition55_53,__demo__.deliveryitinerary55_1000,53,__import__.customer_4916
__demo__.deliveryitineraryposition55_54,__demo__.deliveryitinerary55_1000,54,__import__.customer_4735
__demo__.deliveryitineraryposition55_55,__demo__.deliveryitinerary55_1000,55,__import__.customer_4749
__demo__.deliveryitineraryposition55_56,__demo__.deliveryitinerary55_1000,56,__import__.customer_4770
__demo__.deliveryitineraryposition55_57,__demo__.deliveryitinerary55_1000,57,__import__.customer_5124
__demo__.deliveryitineraryposition55_58,__demo__.deliveryitinerary55_1000,58,__import__.customer_4720
__demo__.deliveryitineraryposition55_59,__demo__.deliveryitinerary55_1000,59,__import__.customer_1383
__demo__.deliveryitineraryposition55_60,__demo__.deliveryitinerary55_1000,60,__import__.customer_1091
__demo__.deliveryitineraryposition55_61,__demo__.deliveryitinerary55_1000,61,__import__.customer_5082
__demo__.deliveryitineraryposition55_62,__demo__.deliveryitinerary55_1000,62,__import__.customer_5890
__demo__.deliveryitineraryposition55_63,__demo__.deliveryitinerary55_1000,63,__import__.customer_2496
__demo__.deliveryitineraryposition55_64,__demo__.deliveryitinerary55_1000,64,__import__.customer_4820
__demo__.deliveryitineraryposition55_65,__demo__.deliveryitinerary55_1000,65,__import__.customer_4821
__demo__.deliveryitineraryposition55_66,__demo__.deliveryitinerary55_1000,66,__import__.customer_4714
__demo__.deliveryitineraryposition55_67,__demo__.deliveryitinerary55_1000,67,__import__.customer_8926
__demo__.deliveryitineraryposition55_68,__demo__.deliveryitinerary55_1000,68,__import__.customer_8697
__demo__.deliveryitineraryposition55_69,__demo__.deliveryitinerary55_1000,69,__import__.customer_8539
__demo__.deliveryitineraryposition55_70,__demo__.deliveryitinerary55_1000,70,__import__.customer_800
__demo__.deliveryitineraryposition55_71,__demo__.deliveryitinerary55_1000,71,__import__.customer_6640
__demo__.deliveryitineraryposition55_72,__demo__.deliveryitinerary55_1000,72,__import__.customer_4712
__demo__.deliveryitineraryposition55_73,__demo__.deliveryitinerary55_1000,73,__import__.customer_242
__demo__.deliveryitineraryposition55_74,__demo__.deliveryitinerary55_1000,74,__import__.customer_5027
__demo__.deliveryitineraryposition55_75,__demo__.deliveryitinerary55_1000,75,__import__.customer_6989
__demo__.deliveryitineraryposition55_76,__demo__.deliveryitinerary55_1000,76,__import__.customer_1521
__demo__.deliveryitineraryposition55_77,__demo__.deliveryitinerary55_1000,77,__import__.customer_4567
__demo__.deliveryitineraryposition55_78,__demo__.deliveryitinerary55_1000,78,__import__.customer_429
__demo__.deliveryitineraryposition55_79,__demo__.deliveryitinerary55_1000,79,__import__.customer_4172
__demo__.deliveryitineraryposition55_80,__demo__.deliveryitinerary55_1000,80,__import__.customer_4778
__demo__.deliveryitineraryposition55_81,__demo__.deliveryitinerary55_1000,81,__import__.customer_4739
__demo__.deliveryitineraryposition55_82,__demo__.deliveryitinerary55_1000,82,__import__.customer_3375
__demo__.deliveryitineraryposition55_83,__demo__.deliveryitinerary55_1000,83,__import__.customer_1076
__demo__.deliveryitineraryposition55_84,__demo__.deliveryitinerary55_1000,84,__import__.customer_9021
__demo__.deliveryitineraryposition55_85,__demo__.deliveryitinerary55_1000,85,__import__.customer_425
__demo__.deliveryitineraryposition55_86,__demo__.deliveryitinerary55_1000,86,__import__.customer_4729
__demo__.deliveryitineraryposition55_87,__demo__.deliveryitinerary55_1000,87,__import__.customer_4818
__demo__.deliveryitineraryposition55_88,__demo__.deliveryitinerary55_1000,88,__import__.customer_5211
__demo__.deliveryitineraryposition55_89,__demo__.deliveryitinerary55_1000,89,__import__.customer_7276
__demo__.deliveryitineraryposition55_90,__demo__.deliveryitinerary55_1000,90,__import__.customer_4713
__demo__.deliveryitineraryposition55_91,__demo__.deliveryitinerary55_1000,91,__import__.customer_4745
__demo__.deliveryitineraryposition55_92,__demo__.deliveryitinerary55_9000,92,__import__.customer_7599
__demo__.deliveryitineraryposition55_93,__demo__.deliveryitinerary55_3000,93,__import__.customer_7301
__demo__.deliveryitineraryposition55_94,__demo__.deliveryitinerary55_3000,94,__import__.customer_6404
__demo__.deliveryitineraryposition55_95,__demo__.deliveryitinerary55_3000,95,__import__.customer_5914
__demo__.deliveryitineraryposition55_96,__demo__.deliveryitinerary55_3000,96,__import__.customer_7193
__demo__.deliveryitineraryposition55_97,__demo__.deliveryitinerary55_3000,97,__import__.customer_7825
__demo__.deliveryitineraryposition56_1,__demo__.deliveryitinerary56_1000,1,__import__.customer_8160
__demo__.deliveryitineraryposition56_2,__demo__.deliveryitinerary56_1000,2,__import__.customer_8762
__demo__.deliveryitineraryposition56_3,__demo__.deliveryitinerary56_1000,3,__import__.customer_450
__demo__.deliveryitineraryposition56_4,__demo__.deliveryitinerary56_1000,4,__import__.customer_8347
__demo__.deliveryitineraryposition56_5,__demo__.deliveryitinerary56_1000,5,__import__.customer_4960
__demo__.deliveryitineraryposition56_6,__demo__.deliveryitinerary56_1000,6,__import__.customer_8555
__demo__.deliveryitineraryposition56_7,__demo__.deliveryitinerary56_1000,7,__import__.customer_5018
__demo__.deliveryitineraryposition56_8,__demo__.deliveryitinerary56_1000,8,__import__.customer_5008
__demo__.deliveryitineraryposition56_9,__demo__.deliveryitinerary56_1000,9,__import__.customer_8552
__demo__.deliveryitineraryposition56_10,__demo__.deliveryitinerary56_1000,10,__import__.customer_4985
__demo__.deliveryitineraryposition56_11,__demo__.deliveryitinerary56_1000,11,__import__.customer_4741
__demo__.deliveryitineraryposition56_12,__demo__.deliveryitinerary56_1000,12,__import__.customer_8811
__demo__.deliveryitineraryposition56_13,__demo__.deliveryitinerary56_1000,13,__import__.customer_5940
__demo__.deliveryitineraryposition56_14,__demo__.deliveryitinerary56_1000,14,__import__.customer_4748
__demo__.deliveryitineraryposition56_15,__demo__.deliveryitinerary56_1000,15,__import__.customer_8858
__demo__.deliveryitineraryposition56_16,__demo__.deliveryitinerary56_1000,16,__import__.customer_3337
__demo__.deliveryitineraryposition56_17,__demo__.deliveryitinerary56_1000,17,__import__.customer_1595
__demo__.deliveryitineraryposition56_18,__demo__.deliveryitinerary56_1000,18,__import__.customer_8592
__demo__.deliveryitineraryposition56_19,__demo__.deliveryitinerary56_1000,19,__import__.customer_6966
__demo__.deliveryitineraryposition56_20,__demo__.deliveryitinerary56_1000,20,__import__.customer_7284
__demo__.deliveryitineraryposition56_21,__demo__.deliveryitinerary56_1000,21,__import__.customer_528
__demo__.deliveryitineraryposition56_22,__demo__.deliveryitinerary56_1000,22,__import__.customer_8934
__demo__.deliveryitineraryposition56_23,__demo__.deliveryitinerary56_1000,23,__import__.customer_412
__demo__.deliveryitineraryposition56_24,__demo__.deliveryitinerary56_1000,24,__import__.customer_816
__demo__.deliveryitineraryposition56_25,__demo__.deliveryitinerary56_1000,25,__import__.customer_5033
__demo__.deliveryitineraryposition56_26,__demo__.deliveryitinerary56_1000,26,__import__.customer_3610
__demo__.deliveryitineraryposition56_27,__demo__.deliveryitinerary56_1000,27,__import__.customer_2872
__demo__.deliveryitineraryposition56_28,__demo__.deliveryitinerary56_1000,28,__import__.customer_5526
__demo__.deliveryitineraryposition56_29,__demo__.deliveryitinerary56_1000,29,__import__.customer_5167
__demo__.deliveryitineraryposition56_30,__demo__.deliveryitinerary56_1000,30,__import__.customer_644
__demo__.deliveryitineraryposition56_31,__demo__.deliveryitinerary56_1000,31,__import__.customer_1640
__demo__.deliveryitineraryposition56_32,__demo__.deliveryitinerary56_1000,32,__import__.customer_4248
__demo__.deliveryitineraryposition56_33,__demo__.deliveryitinerary56_1000,33,__import__.customer_8087
__demo__.deliveryitineraryposition56_34,__demo__.deliveryitinerary56_1000,34,__import__.customer_4799
__demo__.deliveryitineraryposition56_35,__demo__.deliveryitinerary56_1000,35,__import__.customer_1695
__demo__.deliveryitineraryposition56_36,__demo__.deliveryitinerary56_1000,36,__import__.customer_4752
__demo__.deliveryitineraryposition56_37,__demo__.deliveryitinerary56_1000,37,__import__.customer_4851
__demo__.deliveryitineraryposition56_38,__demo__.deliveryitinerary56_1000,38,__import__.customer_4746
__demo__.deliveryitineraryposition56_39,__demo__.deliveryitinerary56_1000,39,__import__.customer_8438
__demo__.deliveryitineraryposition56_40,__demo__.deliveryitinerary56_1000,40,__import__.customer_5284
__demo__.deliveryitineraryposition56_41,__demo__.deliveryitinerary56_1000,41,__import__.customer_6145
__demo__.deliveryitineraryposition56_42,__demo__.deliveryitinerary56_1000,42,__import__.customer_5356
__demo__.deliveryitineraryposition56_43,__demo__.deliveryitinerary56_1000,43,__import__.customer_4722
__demo__.deliveryitineraryposition56_44,__demo__.deliveryitinerary56_1000,44,__import__.customer_8093
__demo__.deliveryitineraryposition56_45,__demo__.deliveryitinerary56_1000,45,__import__.customer_5043
__demo__.deliveryitineraryposition56_46,__demo__.deliveryitinerary56_1000,46,__import__.customer_7747
__demo__.deliveryitineraryposition56_47,__demo__.deliveryitinerary56_1000,47,__import__.customer_4772
__demo__.deliveryitineraryposition56_48,__demo__.deliveryitinerary56_1000,48,__import__.customer_1739
__demo__.deliveryitineraryposition56_49,__demo__.deliveryitinerary56_1000,49,__import__.customer_5744
__demo__.deliveryitineraryposition56_50,__demo__.deliveryitinerary56_1000,50,__import__.customer_6981
__demo__.deliveryitineraryposition56_51,__demo__.deliveryitinerary56_1000,51,__import__.customer_424
__demo__.deliveryitineraryposition56_52,__demo__.deliveryitinerary56_1000,52,__import__.customer_4773
__demo__.deliveryitineraryposition56_53,__demo__.deliveryitinerary56_1000,53,__import__.customer_2390
__demo__.deliveryitineraryposition56_54,__demo__.deliveryitinerary56_1000,54,__import__.customer_544
__demo__.deliveryitineraryposition56_55,__demo__.deliveryitinerary56_1000,55,__import__.customer_585
__demo__.deliveryitineraryposition56_56,__demo__.deliveryitinerary56_1000,56,__import__.customer_4699
__demo__.deliveryitineraryposition56_57,__demo__.deliveryitinerary56_1000,57,__import__.customer_4802
__demo__.deliveryitineraryposition56_58,__demo__.deliveryitinerary56_1000,58,__import__.customer_5843
__demo__.deliveryitineraryposition56_59,__demo__.deliveryitinerary56_1000,59,__import__.customer_5738
__demo__.deliveryitineraryposition56_60,__demo__.deliveryitinerary56_1000,60,__import__.customer_4629
__demo__.deliveryitineraryposition56_61,__demo__.deliveryitinerary56_1000,61,__import__.customer_4827
__demo__.deliveryitineraryposition56_62,__demo__.deliveryitinerary56_1000,62,__import__.customer_8835
__demo__.deliveryitineraryposition56_63,__demo__.deliveryitinerary56_1000,63,__import__.customer_4833
__demo__.deliveryitineraryposition56_64,__demo__.deliveryitinerary56_1000,64,__import__.customer_4761
__demo__.deliveryitineraryposition56_65,__demo__.deliveryitinerary56_1000,65,__import__.customer_4742
__demo__.deliveryitineraryposition56_66,__demo__.deliveryitinerary56_1000,66,__import__.customer_4759
__demo__.deliveryitineraryposition56_67,__demo__.deliveryitinerary56_1000,67,__import__.customer_8734
__demo__.deliveryitineraryposition56_68,__demo__.deliveryitinerary56_1000,68,__import__.customer_8507
__demo__.deliveryitineraryposition56_69,__demo__.deliveryitinerary56_1000,69,__import__.customer_8506
__demo__.deliveryitineraryposition56_70,__demo__.deliveryitinerary56_1000,70,__import__.customer_7514
__demo__.deliveryitineraryposition56_71,__demo__.deliveryitinerary56_1000,71,__import__.customer_8580
__demo__.deliveryitineraryposition56_72,__demo__.deliveryitinerary56_1000,72,__import__.customer_4710
__demo__.deliveryitineraryposition56_73,__demo__.deliveryitinerary56_1000,73,__import__.customer_8064
__demo__.deliveryitineraryposition56_74,__demo__.deliveryitinerary56_1000,74,__import__.customer_8460
__demo__.deliveryitineraryposition56_75,__demo__.deliveryitinerary56_1000,75,__import__.customer_4698
__demo__.deliveryitineraryposition56_76,__demo__.deliveryitinerary56_1000,76,__import__.customer_5148
__demo__.deliveryitineraryposition56_77,__demo__.deliveryitinerary56_1000,77,__import__.customer_5791
__demo__.deliveryitineraryposition56_78,__demo__.deliveryitinerary56_1000,78,__import__.customer_8514
__demo__.deliveryitineraryposition56_79,__demo__.deliveryitinerary56_1000,79,__import__.customer_8757
__demo__.deliveryitineraryposition57_1,__demo__.deliveryitinerary57_1000,1,__import__.customer_6888
__demo__.deliveryitineraryposition57_2,__demo__.deliveryitinerary57_1000,2,__import__.customer_1735
__demo__.deliveryitineraryposition57_3,__demo__.deliveryitinerary57_1000,3,__import__.customer_7269
__demo__.deliveryitineraryposition57_4,__demo__.deliveryitinerary57_1000,4,__import__.customer_1560
__demo__.deliveryitineraryposition57_5,__demo__.deliveryitinerary57_1000,5,__import__.customer_7812
__demo__.deliveryitineraryposition57_6,__demo__.deliveryitinerary57_1000,6,__import__.customer_4494
__demo__.deliveryitineraryposition57_7,__demo__.deliveryitinerary57_1000,7,__import__.customer_4843
__demo__.deliveryitineraryposition57_8,__demo__.deliveryitinerary57_1000,8,__import__.customer_683
__demo__.deliveryitineraryposition57_9,__demo__.deliveryitinerary57_1000,9,__import__.customer_8222
__demo__.deliveryitineraryposition57_10,__demo__.deliveryitinerary57_1000,10,__import__.customer_7912
__demo__.deliveryitineraryposition57_11,__demo__.deliveryitinerary57_1000,11,__import__.customer_7469
__demo__.deliveryitineraryposition57_12,__demo__.deliveryitinerary57_1000,12,__import__.customer_7584
__demo__.deliveryitineraryposition57_13,__demo__.deliveryitinerary57_1000,13,__import__.customer_8896
__demo__.deliveryitineraryposition57_14,__demo__.deliveryitinerary57_1000,14,__import__.customer_8543
__demo__.deliveryitineraryposition57_15,__demo__.deliveryitinerary57_1000,15,__import__.customer_8745
__demo__.deliveryitineraryposition57_16,__demo__.deliveryitinerary57_1000,16,__import__.customer_8020
__demo__.deliveryitineraryposition57_17,__demo__.deliveryitinerary57_1000,17,__import__.customer_1523
__demo__.deliveryitineraryposition57_18,__demo__.deliveryitinerary57_1000,18,__import__.customer_8077
__demo__.deliveryitineraryposition57_19,__demo__.deliveryitinerary57_1000,19,__import__.customer_1860
__demo__.deliveryitineraryposition57_20,__demo__.deliveryitinerary57_1000,20,__import__.customer_1110
__demo__.deliveryitineraryposition57_21,__demo__.deliveryitinerary57_1000,21,__import__.customer_2233
__demo__.deliveryitineraryposition57_22,__demo__.deliveryitinerary57_1000,22,__import__.customer_7118
__demo__.deliveryitineraryposition57_23,__demo__.deliveryitinerary57_1000,23,__import__.customer_383
__demo__.deliveryitineraryposition57_24,__demo__.deliveryitinerary57_1000,24,__import__.customer_7656
__demo__.deliveryitineraryposition57_25,__demo__.deliveryitinerary57_1000,25,__import__.customer_7657
__demo__.deliveryitineraryposition57_26,__demo__.deliveryitinerary57_1000,26,__import__.customer_4707
__demo__.deliveryitineraryposition57_27,__demo__.deliveryitinerary57_1000,27,__import__.customer_807
__demo__.deliveryitineraryposition57_28,__demo__.deliveryitinerary57_1000,28,__import__.customer_5438
__demo__.deliveryitineraryposition57_29,__demo__.deliveryitinerary57_1000,29,__import__.customer_8431
__demo__.deliveryitineraryposition57_30,__demo__.deliveryitinerary57_1000,30,__import__.customer_3638
__demo__.deliveryitineraryposition57_31,__demo__.deliveryitinerary57_1000,31,__import__.customer_4719
__demo__.deliveryitineraryposition57_32,__demo__.deliveryitinerary57_1000,32,__import__.customer_5892
__demo__.deliveryitineraryposition57_33,__demo__.deliveryitinerary57_1000,33,__import__.customer_4883
__demo__.deliveryitineraryposition57_34,__demo__.deliveryitinerary57_1000,34,__import__.customer_8625
__demo__.deliveryitineraryposition57_35,__demo__.deliveryitinerary57_1000,35,__import__.customer_7835
__demo__.deliveryitineraryposition57_36,__demo__.deliveryitinerary57_1000,36,__import__.customer_607
__demo__.deliveryitineraryposition57_37,__demo__.deliveryitinerary57_1000,37,__import__.customer_3535
__demo__.deliveryitineraryposition57_38,__demo__.deliveryitinerary57_1000,38,__import__.customer_8572
__demo__.deliveryitineraryposition57_39,__demo__.deliveryitinerary57_1000,39,__import__.customer_7170
__demo__.deliveryitineraryposition57_40,__demo__.deliveryitinerary57_1000,40,__import__.customer_3189
__demo__.deliveryitineraryposition57_41,__demo__.deliveryitinerary57_1000,41,__import__.customer_718
__demo__.deliveryitineraryposition57_42,__demo__.deliveryitinerary57_1000,42,__import__.customer_6874
__demo__.deliveryitineraryposition57_43,__demo__.deliveryitinerary57_1000,43,__import__.customer_3984
__demo__.deliveryitineraryposition57_44,__demo__.deliveryitinerary57_1000,44,__import__.customer_4924
__demo__.deliveryitineraryposition57_45,__demo__.deliveryitinerary57_1000,45,__import__.customer_4706
__demo__.deliveryitineraryposition57_46,__demo__.deliveryitinerary57_1000,46,__import__.customer_531
__demo__.deliveryitineraryposition57_47,__demo__.deliveryitinerary57_1000,47,__import__.customer_8294
__demo__.deliveryitineraryposition57_48,__demo__.deliveryitinerary57_1000,48,__import__.customer_4866
__demo__.deliveryitineraryposition57_49,__demo__.deliveryitinerary57_1000,49,__import__.customer_9040
__demo__.deliveryitineraryposition57_50,__demo__.deliveryitinerary57_1000,50,__import__.customer_602
__demo__.deliveryitineraryposition57_51,__demo__.deliveryitinerary57_1000,51,__import__.customer_4767
__demo__.deliveryitineraryposition57_52,__demo__.deliveryitinerary57_1000,52,__import__.customer_4781
__demo__.deliveryitineraryposition57_53,__demo__.deliveryitinerary57_1000,53,__import__.customer_4763
__demo__.deliveryitineraryposition57_54,__demo__.deliveryitinerary57_1000,54,__import__.customer_4709
__demo__.deliveryitineraryposition57_55,__demo__.deliveryitinerary57_1000,55,__import__.customer_7272
__demo__.deliveryitineraryposition57_56,__demo__.deliveryitinerary57_1000,56,__import__.customer_6811
__demo__.deliveryitineraryposition57_57,__demo__.deliveryitinerary57_1000,57,__import__.customer_7360
__demo__.deliveryitineraryposition57_58,__demo__.deliveryitinerary57_1000,58,__import__.customer_5422
__demo__.deliveryitineraryposition57_59,__demo__.deliveryitinerary57_1000,59,__import__.customer_8054
__demo__.deliveryitineraryposition57_60,__demo__.deliveryitinerary57_1000,60,__import__.customer_4008
__demo__.deliveryitineraryposition57_61,__demo__.deliveryitinerary57_1000,61,__import__.customer_7112
__demo__.deliveryitineraryposition57_62,__demo__.deliveryitinerary57_1000,62,__import__.customer_1338
__demo__.deliveryitineraryposition57_63,__demo__.deliveryitinerary57_1000,63,__import__.customer_7785
__demo__.deliveryitineraryposition57_64,__demo__.deliveryitinerary57_1000,64,__import__.customer_3595
__demo__.deliveryitineraryposition57_65,__demo__.deliveryitinerary57_1000,65,__import__.customer_4727
__demo__.deliveryitineraryposition57_66,__demo__.deliveryitinerary57_1000,66,__import__.customer_4810
__demo__.deliveryitineraryposition58_1,__demo__.deliveryitinerary58_5000,1,__import__.customer_7730
__demo__.deliveryitineraryposition58_2,__demo__.deliveryitinerary58_5000,2,__import__.customer_7738
__demo__.deliveryitineraryposition58_3,__demo__.deliveryitinerary58_5000,3,__import__.customer_5638
__demo__.deliveryitineraryposition58_4,__demo__.deliveryitinerary58_5000,4,__import__.customer_2323
__demo__.deliveryitineraryposition58_5,__demo__.deliveryitinerary58_5000,5,__import__.customer_5661
__demo__.deliveryitineraryposition58_6,__demo__.deliveryitinerary58_5000,6,__import__.customer_8929
__demo__.deliveryitineraryposition58_7,__demo__.deliveryitinerary58_5000,7,__import__.customer_5961
__demo__.deliveryitineraryposition58_8,__demo__.deliveryitinerary58_5000,8,__import__.customer_5092
__demo__.deliveryitineraryposition58_9,__demo__.deliveryitinerary58_5000,9,__import__.customer_3768
__demo__.deliveryitineraryposition58_10,__demo__.deliveryitinerary58_5000,10,__import__.customer_7154
__demo__.deliveryitineraryposition58_11,__demo__.deliveryitinerary58_5000,11,__import__.customer_7481
__demo__.deliveryitineraryposition58_12,__demo__.deliveryitinerary58_5000,12,__import__.customer_7232
__demo__.deliveryitineraryposition58_13,__demo__.deliveryitinerary58_5000,13,__import__.customer_2292
__demo__.deliveryitineraryposition58_14,__demo__.deliveryitinerary58_5000,14,__import__.customer_8644
__demo__.deliveryitineraryposition58_15,__demo__.deliveryitinerary58_5000,15,__import__.customer_5777
__demo__.deliveryitineraryposition58_16,__demo__.deliveryitinerary58_5000,16,__import__.customer_8361
__demo__.deliveryitineraryposition58_17,__demo__.deliveryitinerary58_5000,17,__import__.customer_71
__demo__.deliveryitineraryposition58_18,__demo__.deliveryitinerary58_5000,18,__import__.customer_7294
__demo__.deliveryitineraryposition58_19,__demo__.deliveryitinerary58_5000,19,__import__.customer_7624
__demo__.deliveryitineraryposition58_20,__demo__.deliveryitinerary58_5000,20,__import__.customer_7640
__demo__.deliveryitineraryposition58_21,__demo__.deliveryitinerary58_5000,21,__import__.customer_7641
__demo__.deliveryitineraryposition58_22,__demo__.deliveryitinerary58_5000,22,__import__.customer_7610
__demo__.deliveryitineraryposition58_23,__demo__.deliveryitinerary58_5000,23,__import__.customer_5110
__demo__.deliveryitineraryposition58_24,__demo__.deliveryitinerary58_5000,24,__import__.customer_2859
__demo__.deliveryitineraryposition58_25,__demo__.deliveryitinerary58_5000,25,__import__.customer_550
__demo__.deliveryitineraryposition58_26,__demo__.deliveryitinerary58_5000,26,__import__.customer_2646
__demo__.deliveryitineraryposition58_27,__demo__.deliveryitinerary58_5000,27,__import__.customer_5281
__demo__.deliveryitineraryposition58_28,__demo__.deliveryitinerary58_6000,28,__import__.customer_7152
__demo__.deliveryitineraryposition58_29,__demo__.deliveryitinerary58_6000,29,__import__.customer_8112
__demo__.deliveryitineraryposition58_30,__demo__.deliveryitinerary58_6000,30,__import__.customer_4634
__demo__.deliveryitineraryposition58_31,__demo__.deliveryitinerary58_6000,31,__import__.customer_4863
__demo__.deliveryitineraryposition58_32,__demo__.deliveryitinerary58_6000,32,__import__.customer_7279
__demo__.deliveryitineraryposition58_33,__demo__.deliveryitinerary58_6000,33,__import__.customer_5331
__demo__.deliveryitineraryposition58_34,__demo__.deliveryitinerary58_6000,34,__import__.customer_7650
__demo__.deliveryitineraryposition58_35,__demo__.deliveryitinerary58_6000,35,__import__.customer_4341
__demo__.deliveryitineraryposition58_36,__demo__.deliveryitinerary58_7000,36,__import__.customer_7548
__demo__.deliveryitineraryposition58_37,__demo__.deliveryitinerary58_7000,37,__import__.customer_906
__demo__.deliveryitineraryposition58_38,__demo__.deliveryitinerary58_7000,38,__import__.customer_7997
__demo__.deliveryitineraryposition58_39,__demo__.deliveryitinerary58_7000,39,__import__.customer_8843
__demo__.deliveryitineraryposition58_40,__demo__.deliveryitinerary58_7000,40,__import__.customer_4348
__demo__.deliveryitineraryposition58_41,__demo__.deliveryitinerary58_7000,41,__import__.customer_4349
__demo__.deliveryitineraryposition58_42,__demo__.deliveryitinerary58_7000,42,__import__.customer_8252
__demo__.deliveryitineraryposition58_43,__demo__.deliveryitinerary58_7000,43,__import__.customer_4247
__demo__.deliveryitineraryposition58_44,__demo__.deliveryitinerary58_7000,44,__import__.customer_4145
__demo__.deliveryitineraryposition58_45,__demo__.deliveryitinerary58_7000,45,__import__.customer_8279
__demo__.deliveryitineraryposition58_46,__demo__.deliveryitinerary58_7000,46,__import__.customer_5313
__demo__.deliveryitineraryposition58_47,__demo__.deliveryitinerary58_7000,47,__import__.customer_5858
__demo__.deliveryitineraryposition58_48,__demo__.deliveryitinerary58_7000,48,__import__.customer_4260
__demo__.deliveryitineraryposition58_49,__demo__.deliveryitinerary58_7000,49,__import__.customer_4170
__demo__.deliveryitineraryposition58_50,__demo__.deliveryitinerary58_7000,50,__import__.customer_3999
__demo__.deliveryitineraryposition58_51,__demo__.deliveryitinerary58_7000,51,__import__.customer_8857
__demo__.deliveryitineraryposition58_52,__demo__.deliveryitinerary58_1000,52,__import__.customer_6610
__demo__.deliveryitineraryposition58_53,__demo__.deliveryitinerary58_1000,53,__import__.customer_491
__demo__.deliveryitineraryposition58_54,__demo__.deliveryitinerary58_1000,54,__import__.customer_8082
__demo__.deliveryitineraryposition58_55,__demo__.deliveryitinerary58_1000,55,__import__.customer_4766
__demo__.deliveryitineraryposition58_56,__demo__.deliveryitinerary58_1000,56,__import__.customer_1468
__demo__.deliveryitineraryposition58_57,__demo__.deliveryitinerary58_1000,57,__import__.customer_5002
__demo__.deliveryitineraryposition58_58,__demo__.deliveryitinerary58_1000,58,__import__.customer_4095
__demo__.deliveryitineraryposition58_59,__demo__.deliveryitinerary58_1000,59,__import__.customer_5081
__demo__.deliveryitineraryposition58_60,__demo__.deliveryitinerary58_1000,60,__import__.customer_5239
__demo__.deliveryitineraryposition58_61,__demo__.deliveryitinerary58_1000,61,__import__.customer_7956
__demo__.deliveryitineraryposition58_62,__demo__.deliveryitinerary58_1000,62,__import__.customer_5939
__demo__.deliveryitineraryposition58_63,__demo__.deliveryitinerary58_1000,63,__import__.customer_7786
__demo__.deliveryitineraryposition58_64,__demo__.deliveryitinerary58_1000,64,__import__.customer_7511
__demo__.deliveryitineraryposition58_65,__demo__.deliveryitinerary58_1000,65,__import__.customer_2529
__demo__.deliveryitineraryposition58_66,__demo__.deliveryitinerary58_1000,66,__import__.customer_6929
__demo__.deliveryitineraryposition58_67,__demo__.deliveryitinerary58_1000,67,__import__.customer_5469
__demo__.deliveryitineraryposition58_68,__demo__.deliveryitinerary58_1000,68,__import__.customer_4446
__demo__.deliveryitineraryposition58_69,__demo__.deliveryitinerary58_1000,69,__import__.customer_8028
__demo__.deliveryitineraryposition58_70,__demo__.deliveryitinerary58_1000,70,__import__.customer_8358
__demo__.deliveryitineraryposition58_71,__demo__.deliveryitinerary58_1000,71,__import__.customer_6839
__demo__.deliveryitineraryposition58_72,__demo__.deliveryitinerary58_1000,72,__import__.customer_8332
__demo__.deliveryitineraryposition58_73,__demo__.deliveryitinerary58_1000,73,__import__.customer_8864
__demo__.deliveryitineraryposition58_74,__demo__.deliveryitinerary58_1000,74,__import__.customer_8976
__demo__.deliveryitineraryposition58_75,__demo__.deliveryitinerary58_1000,75,__import__.customer_1763
__demo__.deliveryitineraryposition58_76,__demo__.deliveryitinerary58_1000,76,__import__.customer_5627
__demo__.deliveryitineraryposition58_77,__demo__.deliveryitinerary58_1000,77,__import__.customer_4014
__demo__.deliveryitineraryposition58_78,__demo__.deliveryitinerary58_1000,78,__import__.customer_8059
__demo__.deliveryitineraryposition58_79,__demo__.deliveryitinerary58_1000,79,__import__.customer_8179
__demo__.deliveryitineraryposition58_80,__demo__.deliveryitinerary58_1000,80,__import__.customer_8667
__demo__.deliveryitineraryposition58_81,__demo__.deliveryitinerary58_1000,81,__import__.customer_946
__demo__.deliveryitineraryposition58_82,__demo__.deliveryitinerary58_1000,82,__import__.customer_8920
__demo__.deliveryitineraryposition58_83,__demo__.deliveryitinerary58_1000,83,__import__.customer_8921
__demo__.deliveryitineraryposition58_84,__demo__.deliveryitinerary58_1000,84,__import__.customer_8005
__demo__.deliveryitineraryposition58_85,__demo__.deliveryitinerary58_1000,85,__import__.customer_7470
__demo__.deliveryitineraryposition58_86,__demo__.deliveryitinerary58_1000,86,__import__.customer_4661
__demo__.deliveryitineraryposition58_87,__demo__.deliveryitinerary58_1000,87,__import__.customer_6795
__demo__.deliveryitineraryposition58_88,__demo__.deliveryitinerary58_1000,88,__import__.customer_4213
__demo__.deliveryitineraryposition58_89,__demo__.deliveryitinerary58_1000,89,__import__.customer_8118
__demo__.deliveryitineraryposition58_90,__demo__.deliveryitinerary58_1000,90,__import__.customer_2616
__demo__.deliveryitineraryposition58_91,__demo__.deliveryitinerary58_1000,91,__import__.customer_8787
__demo__.deliveryitineraryposition59_1,__demo__.deliveryitinerary59_7000,1,__import__.customer_3195
__demo__.deliveryitineraryposition59_2,__demo__.deliveryitinerary59_7000,2,__import__.customer_1009
__demo__.deliveryitineraryposition59_3,__demo__.deliveryitinerary59_7000,3,__import__.customer_8398
__demo__.deliveryitineraryposition59_4,__demo__.deliveryitinerary59_7000,4,__import__.customer_3217
__demo__.deliveryitineraryposition59_5,__demo__.deliveryitinerary59_7000,5,__import__.customer_9030
__demo__.deliveryitineraryposition59_6,__demo__.deliveryitinerary59_7000,6,__import__.customer_5217
__demo__.deliveryitineraryposition59_7,__demo__.deliveryitinerary59_7000,7,__import__.customer_5554
__demo__.deliveryitineraryposition59_8,__demo__.deliveryitinerary59_7000,8,__import__.customer_7451
__demo__.deliveryitineraryposition59_9,__demo__.deliveryitinerary59_7000,9,__import__.customer_654
__demo__.deliveryitineraryposition59_10,__demo__.deliveryitinerary59_7000,10,__import__.customer_1645
__demo__.deliveryitineraryposition59_11,__demo__.deliveryitinerary59_7000,11,__import__.customer_4670
__demo__.deliveryitineraryposition59_12,__demo__.deliveryitinerary59_7000,12,__import__.customer_458
__demo__.deliveryitineraryposition59_13,__demo__.deliveryitinerary59_7000,13,__import__.customer_7521
__demo__.deliveryitineraryposition59_14,__demo__.deliveryitinerary59_7000,14,__import__.customer_3182
__demo__.deliveryitineraryposition59_15,__demo__.deliveryitinerary59_7000,15,__import__.customer_5856
__demo__.deliveryitineraryposition59_16,__demo__.deliveryitinerary59_7000,16,__import__.customer_5295
__demo__.deliveryitineraryposition59_17,__demo__.deliveryitinerary59_7000,17,__import__.customer_4158
__demo__.deliveryitineraryposition59_18,__demo__.deliveryitinerary59_7000,18,__import__.customer_4127
__demo__.deliveryitineraryposition59_19,__demo__.deliveryitinerary59_7000,19,__import__.customer_4178
__demo__.deliveryitineraryposition59_20,__demo__.deliveryitinerary59_7000,20,__import__.customer_4190
__demo__.deliveryitineraryposition59_21,__demo__.deliveryitinerary59_7000,21,__import__.customer_4129
__demo__.deliveryitineraryposition59_22,__demo__.deliveryitinerary59_7000,22,__import__.customer_4171
__demo__.deliveryitineraryposition59_23,__demo__.deliveryitinerary59_7000,23,__import__.customer_6767
__demo__.deliveryitineraryposition59_24,__demo__.deliveryitinerary59_7000,24,__import__.customer_7115
__demo__.deliveryitineraryposition59_25,__demo__.deliveryitinerary59_7000,25,__import__.customer_7625
__demo__.deliveryitineraryposition59_26,__demo__.deliveryitinerary59_7000,26,__import__.customer_8182
__demo__.deliveryitineraryposition59_27,__demo__.deliveryitinerary59_7000,27,__import__.customer_7854
__demo__.deliveryitineraryposition59_28,__demo__.deliveryitinerary59_7000,28,__import__.customer_5385
__demo__.deliveryitineraryposition59_29,__demo__.deliveryitinerary59_7000,29,__import__.customer_8986
__demo__.deliveryitineraryposition59_30,__demo__.deliveryitinerary59_7000,30,__import__.customer_6950
__demo__.deliveryitineraryposition59_31,__demo__.deliveryitinerary59_7000,31,__import__.customer_4809
__demo__.deliveryitineraryposition59_32,__demo__.deliveryitinerary59_7000,32,__import__.customer_4674
__demo__.deliveryitineraryposition59_33,__demo__.deliveryitinerary59_7000,33,__import__.customer_5967
__demo__.deliveryitineraryposition59_34,__demo__.deliveryitinerary59_7000,34,__import__.customer_582
__demo__.deliveryitineraryposition59_35,__demo__.deliveryitinerary59_7000,35,__import__.customer_2649
__demo__.deliveryitineraryposition59_36,__demo__.deliveryitinerary59_7000,36,__import__.customer_7909
__demo__.deliveryitineraryposition59_37,__demo__.deliveryitinerary59_7000,37,__import__.customer_8123
__demo__.deliveryitineraryposition59_38,__demo__.deliveryitinerary59_7000,38,__import__.customer_4107
__demo__.deliveryitineraryposition59_39,__demo__.deliveryitinerary59_7000,39,__import__.customer_4871
__demo__.deliveryitineraryposition59_40,__demo__.deliveryitinerary59_7000,40,__import__.customer_5283
__demo__.deliveryitineraryposition59_41,__demo__.deliveryitinerary59_7000,41,__import__.customer_4636
__demo__.deliveryitineraryposition59_42,__demo__.deliveryitinerary59_7000,42,__import__.customer_7366
__demo__.deliveryitineraryposition59_43,__demo__.deliveryitinerary59_7000,43,__import__.customer_7505
__demo__.deliveryitineraryposition59_44,__demo__.deliveryitinerary59_7000,44,__import__.customer_7479
__demo__.deliveryitineraryposition59_45,__demo__.deliveryitinerary59_7000,45,__import__.customer_8323
__demo__.deliveryitineraryposition59_46,__demo__.deliveryitinerary59_7000,46,__import__.customer_5040
__demo__.deliveryitineraryposition59_47,__demo__.deliveryitinerary59_7000,47,__import__.customer_5199
__demo__.deliveryitineraryposition59_48,__demo__.deliveryitinerary59_7000,48,__import__.customer_8587
__demo__.deliveryitineraryposition59_49,__demo__.deliveryitinerary59_7000,49,__import__.customer_3637
__demo__.deliveryitineraryposition59_50,__demo__.deliveryitinerary59_7000,50,__import__.customer_4316
__demo__.deliveryitineraryposition59_51,__demo__.deliveryitinerary59_7000,51,__import__.customer_4999
__demo__.deliveryitineraryposition59_52,__demo__.deliveryitinerary59_7000,52,__import__.customer_4224
__demo__.deliveryitineraryposition59_53,__demo__.deliveryitinerary59_7000,53,__import__.customer_1377
__demo__.deliveryitineraryposition59_54,__demo__.deliveryitinerary59_7000,54,__import__.customer_8357
__demo__.deliveryitineraryposition59_55,__demo__.deliveryitinerary59_7000,55,__import__.customer_8043
__demo__.deliveryitineraryposition59_56,__demo__.deliveryitinerary59_7000,56,__import__.customer_7755
__demo__.deliveryitineraryposition59_57,__demo__.deliveryitinerary59_7000,57,__import__.customer_2404
__demo__.deliveryitineraryposition70_1,__demo__.deliveryitinerary70_4000,1,__import__.customer_5737
__demo__.deliveryitineraryposition70_2,__demo__.deliveryitinerary70_4000,2,__import__.customer_7486
__demo__.deliveryitineraryposition70_3,__demo__.deliveryitinerary70_4000,3,__import__.customer_7977
__demo__.deliveryitineraryposition70_4,__demo__.deliveryitinerary70_4000,4,__import__.customer_8952
__demo__.deliveryitineraryposition70_5,__demo__.deliveryitinerary70_4000,5,__import__.customer_2926
__demo__.deliveryitineraryposition70_6,__demo__.deliveryitinerary70_4000,6,__import__.customer_7214
__demo__.deliveryitineraryposition70_7,__demo__.deliveryitinerary70_4000,7,__import__.customer_3753
__demo__.deliveryitineraryposition70_8,__demo__.deliveryitinerary70_4000,8,__import__.customer_7302
__demo__.deliveryitineraryposition70_9,__demo__.deliveryitinerary70_4000,9,__import__.customer_2480
__demo__.deliveryitineraryposition70_10,__demo__.deliveryitinerary70_4000,10,__import__.customer_705
__demo__.deliveryitineraryposition70_11,__demo__.deliveryitinerary70_4000,11,__import__.customer_2563
__demo__.deliveryitineraryposition70_12,__demo__.deliveryitinerary70_4000,12,__import__.customer_8577
__demo__.deliveryitineraryposition70_13,__demo__.deliveryitinerary70_4000,13,__import__.customer_8802
__demo__.deliveryitineraryposition70_14,__demo__.deliveryitinerary70_4000,14,__import__.customer_6803
__demo__.deliveryitineraryposition70_15,__demo__.deliveryitinerary70_4000,15,__import__.customer_1489
__demo__.deliveryitineraryposition70_16,__demo__.deliveryitinerary70_4000,16,__import__.customer_328
__demo__.deliveryitineraryposition70_17,__demo__.deliveryitinerary70_4000,17,__import__.customer_5915
__demo__.deliveryitineraryposition70_18,__demo__.deliveryitinerary70_4000,18,__import__.customer_6246
__demo__.deliveryitineraryposition70_19,__demo__.deliveryitinerary70_4000,19,__import__.customer_8047
__demo__.deliveryitineraryposition70_20,__demo__.deliveryitinerary70_4000,20,__import__.customer_8998
__demo__.deliveryitineraryposition70_21,__demo__.deliveryitinerary70_4000,21,__import__.customer_8089
__demo__.deliveryitineraryposition70_22,__demo__.deliveryitinerary70_4000,22,__import__.customer_3487
__demo__.deliveryitineraryposition70_23,__demo__.deliveryitinerary70_4000,23,__import__.customer_561
__demo__.deliveryitineraryposition70_24,__demo__.deliveryitinerary70_4000,24,__import__.customer_7420
__demo__.deliveryitineraryposition70_25,__demo__.deliveryitinerary70_4000,25,__import__.customer_1805
__demo__.deliveryitineraryposition70_26,__demo__.deliveryitinerary70_4000,26,__import__.customer_754
__demo__.deliveryitineraryposition70_27,__demo__.deliveryitinerary70_1000,27,__import__.customer_7847
__demo__.deliveryitineraryposition70_28,__demo__.deliveryitinerary70_1000,28,__import__.customer_214
__demo__.deliveryitineraryposition70_29,__demo__.deliveryitinerary70_1000,29,__import__.customer_4672
__demo__.deliveryitineraryposition70_30,__demo__.deliveryitinerary70_1000,30,__import__.customer_5700
__demo__.deliveryitineraryposition70_31,__demo__.deliveryitinerary70_1000,31,__import__.customer_5930
__demo__.deliveryitineraryposition70_32,__demo__.deliveryitinerary70_1000,32,__import__.customer_1055
__demo__.deliveryitineraryposition70_33,__demo__.deliveryitinerary70_1000,33,__import__.customer_5114
__demo__.deliveryitineraryposition70_34,__demo__.deliveryitinerary70_1000,34,__import__.customer_774
__demo__.deliveryitineraryposition70_35,__demo__.deliveryitinerary70_1000,35,__import__.customer_7995
__demo__.deliveryitineraryposition70_36,__demo__.deliveryitinerary70_1000,36,__import__.customer_1811
__demo__.deliveryitineraryposition70_38,__demo__.deliveryitinerary70_1000,38,__import__.customer_2060
__demo__.deliveryitineraryposition70_39,__demo__.deliveryitinerary70_1000,39,__import__.customer_8418
__demo__.deliveryitineraryposition70_40,__demo__.deliveryitinerary70_1000,40,__import__.customer_8799
__demo__.deliveryitineraryposition70_41,__demo__.deliveryitinerary70_1000,41,__import__.customer_8215
__demo__.deliveryitineraryposition70_42,__demo__.deliveryitinerary70_1000,42,__import__.customer_8797
__demo__.deliveryitineraryposition70_43,__demo__.deliveryitinerary70_1000,43,__import__.customer_162
__demo__.deliveryitineraryposition70_44,__demo__.deliveryitinerary70_1000,44,__import__.customer_7418
__demo__.deliveryitineraryposition70_45,__demo__.deliveryitinerary70_1000,45,__import__.customer_499
__demo__.deliveryitineraryposition70_46,__demo__.deliveryitinerary70_1000,46,__import__.customer_8889
__demo__.deliveryitineraryposition70_47,__demo__.deliveryitinerary70_3000,47,__import__.customer_8162
__demo__.deliveryitineraryposition70_48,__demo__.deliveryitinerary70_3000,48,__import__.customer_6472
__demo__.deliveryitineraryposition70_49,__demo__.deliveryitinerary70_3000,49,__import__.customer_8250
__demo__.deliveryitineraryposition70_50,__demo__.deliveryitinerary70_3000,50,__import__.customer_5743
__demo__.deliveryitineraryposition70_51,__demo__.deliveryitinerary70_3000,51,__import__.customer_4478
__demo__.deliveryitineraryposition70_52,__demo__.deliveryitinerary70_3000,52,__import__.customer_8883
__demo__.deliveryitineraryposition70_53,__demo__.deliveryitinerary70_3000,53,__import__.customer_8594
__demo__.deliveryitineraryposition70_54,__demo__.deliveryitinerary70_3000,54,__import__.customer_8207
__demo__.deliveryitineraryposition70_55,__demo__.deliveryitinerary70_3000,55,__import__.customer_6613
__demo__.deliveryitineraryposition70_56,__demo__.deliveryitinerary70_3000,56,__import__.customer_8455
__demo__.deliveryitineraryposition70_57,__demo__.deliveryitinerary70_3000,57,__import__.customer_8586
__demo__.deliveryitineraryposition70_58,__demo__.deliveryitinerary70_3000,58,__import__.customer_7150
__demo__.deliveryitineraryposition71_1,__demo__.deliveryitinerary71_6000,1,__import__.customer_3953
__demo__.deliveryitineraryposition71_2,__demo__.deliveryitinerary71_6000,2,__import__.customer_2199
__demo__.deliveryitineraryposition71_3,__demo__.deliveryitinerary71_6000,3,__import__.customer_4676
__demo__.deliveryitineraryposition71_4,__demo__.deliveryitinerary71_6000,4,__import__.customer_2140
__demo__.deliveryitineraryposition71_5,__demo__.deliveryitinerary71_6000,5,__import__.customer_1414
__demo__.deliveryitineraryposition71_6,__demo__.deliveryitinerary71_6000,6,__import__.customer_2357
__demo__.deliveryitineraryposition71_7,__demo__.deliveryitinerary71_6000,7,__import__.customer_1147
__demo__.deliveryitineraryposition71_8,__demo__.deliveryitinerary71_6000,8,__import__.customer_109
__demo__.deliveryitineraryposition71_9,__demo__.deliveryitinerary71_6000,9,__import__.customer_629
__demo__.deliveryitineraryposition71_10,__demo__.deliveryitinerary71_6000,10,__import__.customer_5299
__demo__.deliveryitineraryposition71_11,__demo__.deliveryitinerary71_6000,11,__import__.customer_8457
__demo__.deliveryitineraryposition71_12,__demo__.deliveryitinerary71_6000,12,__import__.customer_8904
__demo__.deliveryitineraryposition71_13,__demo__.deliveryitinerary71_6000,13,__import__.customer_7402
__demo__.deliveryitineraryposition71_14,__demo__.deliveryitinerary71_6000,14,__import__.customer_5139
__demo__.deliveryitineraryposition71_15,__demo__.deliveryitinerary71_6000,15,__import__.customer_502
__demo__.deliveryitineraryposition71_16,__demo__.deliveryitinerary71_6000,16,__import__.customer_8373
__demo__.deliveryitineraryposition71_17,__demo__.deliveryitinerary71_6000,17,__import__.customer_7368
__demo__.deliveryitineraryposition71_18,__demo__.deliveryitinerary71_6000,18,__import__.customer_5196
__demo__.deliveryitineraryposition71_19,__demo__.deliveryitinerary71_6000,19,__import__.customer_342
__demo__.deliveryitineraryposition71_20,__demo__.deliveryitinerary71_6000,20,__import__.customer_5951
__demo__.deliveryitineraryposition71_21,__demo__.deliveryitinerary71_6000,21,__import__.customer_8870
__demo__.deliveryitineraryposition71_22,__demo__.deliveryitinerary71_6000,22,__import__.customer_7530
__demo__.deliveryitineraryposition71_23,__demo__.deliveryitinerary71_6000,23,__import__.customer_8990
__demo__.deliveryitineraryposition71_24,__demo__.deliveryitinerary71_6000,24,__import__.customer_8526
__demo__.deliveryitineraryposition71_25,__demo__.deliveryitinerary71_6000,25,__import__.customer_1699
__demo__.deliveryitineraryposition71_26,__demo__.deliveryitinerary71_6000,26,__import__.customer_5512
__demo__.deliveryitineraryposition71_27,__demo__.deliveryitinerary71_6000,27,__import__.customer_5970
__demo__.deliveryitineraryposition71_28,__demo__.deliveryitinerary71_6000,28,__import__.customer_3134
__demo__.deliveryitineraryposition71_29,__demo__.deliveryitinerary71_6000,29,__import__.customer_8198
__demo__.deliveryitineraryposition71_30,__demo__.deliveryitinerary71_6000,30,__import__.customer_7713
__demo__.deliveryitineraryposition71_31,__demo__.deliveryitinerary71_6000,31,__import__.customer_5089
__demo__.deliveryitineraryposition71_32,__demo__.deliveryitinerary71_6000,32,__import__.customer_4135
__demo__.deliveryitineraryposition71_33,__demo__.deliveryitinerary71_6000,33,__import__.customer_3715
__demo__.deliveryitineraryposition71_34,__demo__.deliveryitinerary71_6000,34,__import__.customer_5318
__demo__.deliveryitineraryposition71_35,__demo__.deliveryitinerary71_6000,35,__import__.customer_240
__demo__.deliveryitineraryposition71_36,__demo__.deliveryitinerary71_6000,36,__import__.customer_5306
__demo__.deliveryitineraryposition71_37,__demo__.deliveryitinerary71_6000,37,__import__.customer_8101
__demo__.deliveryitineraryposition71_38,__demo__.deliveryitinerary71_6000,38,__import__.customer_5404
__demo__.deliveryitineraryposition71_39,__demo__.deliveryitinerary71_6000,39,__import__.customer_8661
__demo__.deliveryitineraryposition71_40,__demo__.deliveryitinerary71_6000,40,__import__.customer_7376
__demo__.deliveryitineraryposition71_41,__demo__.deliveryitinerary71_6000,41,__import__.customer_1174
__demo__.deliveryitineraryposition71_42,__demo__.deliveryitinerary71_6000,42,__import__.customer_5546
__demo__.deliveryitineraryposition71_43,__demo__.deliveryitinerary71_6000,43,__import__.customer_7601
__demo__.deliveryitineraryposition71_44,__demo__.deliveryitinerary71_6000,44,__import__.customer_4021
__demo__.deliveryitineraryposition71_45,__demo__.deliveryitinerary71_6000,45,__import__.customer_3259
__demo__.deliveryitineraryposition71_46,__demo__.deliveryitinerary71_6000,46,__import__.customer_7789
__demo__.deliveryitineraryposition71_47,__demo__.deliveryitinerary71_6000,47,__import__.customer_8705
__demo__.deliveryitineraryposition71_48,__demo__.deliveryitinerary71_6000,48,__import__.customer_8694
__demo__.deliveryitineraryposition71_49,__demo__.deliveryitinerary71_6000,49,__import__.customer_8695
__demo__.deliveryitineraryposition71_50,__demo__.deliveryitinerary71_6000,50,__import__.customer_6948
__demo__.deliveryitineraryposition71_51,__demo__.deliveryitinerary71_6000,51,__import__.customer_3952
__demo__.deliveryitineraryposition71_52,__demo__.deliveryitinerary71_6000,52,__import__.customer_8190
__demo__.deliveryitineraryposition71_53,__demo__.deliveryitinerary71_6000,53,__import__.customer_4616
__demo__.deliveryitineraryposition71_54,__demo__.deliveryitinerary71_6000,54,__import__.customer_3843
__demo__.deliveryitineraryposition71_55,__demo__.deliveryitinerary71_6000,55,__import__.customer_1708
__demo__.deliveryitineraryposition71_56,__demo__.deliveryitinerary71_6000,56,__import__.customer_1058
__demo__.deliveryitineraryposition71_57,__demo__.deliveryitinerary71_6000,57,__import__.customer_3636
__demo__.deliveryitineraryposition71_58,__demo__.deliveryitinerary71_6000,58,__import__.customer_8741
__demo__.deliveryitineraryposition71_59,__demo__.deliveryitinerary71_6000,59,__import__.customer_871
__demo__.deliveryitineraryposition71_60,__demo__.deliveryitinerary71_6000,60,__import__.customer_161
__demo__.deliveryitineraryposition71_61,__demo__.deliveryitinerary71_6000,61,__import__.customer_1162
__demo__.deliveryitineraryposition71_62,__demo__.deliveryitinerary71_6000,62,__import__.customer_2478
__demo__.deliveryitineraryposition71_63,__demo__.deliveryitinerary71_6000,63,__import__.customer_3619
__demo__.deliveryitineraryposition71_64,__demo__.deliveryitinerary71_6000,64,__import__.customer_2587
__demo__.deliveryitineraryposition71_65,__demo__.deliveryitinerary71_6000,65,__import__.customer_2283
__demo__.deliveryitineraryposition71_66,__demo__.deliveryitinerary71_6000,66,__import__.customer_6897
__demo__.deliveryitineraryposition71_67,__demo__.deliveryitinerary71_6000,67,__import__.customer_6827
__demo__.deliveryitineraryposition71_68,__demo__.deliveryitinerary71_6000,68,__import__.customer_8690
__demo__.deliveryitineraryposition71_69,__demo__.deliveryitinerary71_6000,69,__import__.customer_8696
__demo__.deliveryitineraryposition71_70,__demo__.deliveryitinerary71_6000,70,__import__.customer_8396
__demo__.deliveryitineraryposition71_71,__demo__.deliveryitinerary71_5000,71,__import__.customer_1154
__demo__.deliveryitineraryposition71_72,__demo__.deliveryitinerary71_5000,72,__import__.customer_7484
__demo__.deliveryitineraryposition71_73,__demo__.deliveryitinerary71_5000,73,__import__.customer_415
__demo__.deliveryitineraryposition72_1,__demo__.deliveryitinerary72_4000,1,__import__.customer_5446
__demo__.deliveryitineraryposition72_2,__demo__.deliveryitinerary72_4000,2,__import__.customer_5250
__demo__.deliveryitineraryposition72_3,__demo__.deliveryitinerary72_4000,3,__import__.customer_7478
__demo__.deliveryitineraryposition72_4,__demo__.deliveryitinerary72_4000,4,__import__.customer_2592
__demo__.deliveryitineraryposition72_5,__demo__.deliveryitinerary72_4000,5,__import__.customer_8561
__demo__.deliveryitineraryposition72_6,__demo__.deliveryitinerary72_4000,6,__import__.customer_319
__demo__.deliveryitineraryposition72_7,__demo__.deliveryitinerary72_4000,7,__import__.customer_1744
__demo__.deliveryitineraryposition72_8,__demo__.deliveryitinerary72_4000,8,__import__.customer_503
__demo__.deliveryitineraryposition72_9,__demo__.deliveryitinerary72_4000,9,__import__.customer_7237
__demo__.deliveryitineraryposition72_10,__demo__.deliveryitinerary72_4000,10,__import__.customer_8755
__demo__.deliveryitineraryposition72_11,__demo__.deliveryitinerary72_4000,11,__import__.customer_5138
__demo__.deliveryitineraryposition72_12,__demo__.deliveryitinerary72_4000,12,__import__.customer_453
__demo__.deliveryitineraryposition72_13,__demo__.deliveryitinerary72_4000,13,__import__.customer_7924
__demo__.deliveryitineraryposition72_14,__demo__.deliveryitinerary72_4000,14,__import__.customer_3479
__demo__.deliveryitineraryposition72_15,__demo__.deliveryitinerary72_4000,15,__import__.customer_1463
__demo__.deliveryitineraryposition72_16,__demo__.deliveryitinerary72_4000,16,__import__.customer_8982
__demo__.deliveryitineraryposition72_17,__demo__.deliveryitinerary72_4000,17,__import__.customer_3589
__demo__.deliveryitineraryposition72_18,__demo__.deliveryitinerary72_4000,18,__import__.customer_7267
__demo__.deliveryitineraryposition72_19,__demo__.deliveryitinerary72_4000,19,__import__.customer_7057
__demo__.deliveryitineraryposition72_20,__demo__.deliveryitinerary72_4000,20,__import__.customer_7959
__demo__.deliveryitineraryposition72_21,__demo__.deliveryitinerary72_4000,21,__import__.customer_2437
__demo__.deliveryitineraryposition72_22,__demo__.deliveryitinerary72_4000,22,__import__.customer_8950
__demo__.deliveryitineraryposition72_23,__demo__.deliveryitinerary72_4000,23,__import__.customer_8778
__demo__.deliveryitineraryposition72_24,__demo__.deliveryitinerary72_4000,24,__import__.customer_2447
__demo__.deliveryitineraryposition72_25,__demo__.deliveryitinerary72_4000,25,__import__.customer_2362
__demo__.deliveryitineraryposition72_26,__demo__.deliveryitinerary72_4000,26,__import__.customer_8972
__demo__.deliveryitineraryposition72_27,__demo__.deliveryitinerary72_4000,27,__import__.customer_3794
__demo__.deliveryitineraryposition72_28,__demo__.deliveryitinerary72_4000,28,__import__.customer_6992
__demo__.deliveryitineraryposition72_29,__demo__.deliveryitinerary72_4000,29,__import__.customer_4486
__demo__.deliveryitineraryposition72_30,__demo__.deliveryitinerary72_4000,30,__import__.customer_884
__demo__.deliveryitineraryposition72_31,__demo__.deliveryitinerary72_4000,31,__import__.customer_814
__demo__.deliveryitineraryposition72_32,__demo__.deliveryitinerary72_4000,32,__import__.customer_4638
__demo__.deliveryitineraryposition72_33,__demo__.deliveryitinerary72_4000,33,__import__.customer_4545
__demo__.deliveryitineraryposition72_34,__demo__.deliveryitinerary72_4000,34,__import__.customer_5481
__demo__.deliveryitineraryposition72_35,__demo__.deliveryitinerary72_4000,35,__import__.customer_6876
__demo__.deliveryitineraryposition72_36,__demo__.deliveryitinerary72_4000,36,__import__.customer_8045
__demo__.deliveryitineraryposition72_37,__demo__.deliveryitinerary72_4000,37,__import__.customer_1493
__demo__.deliveryitineraryposition72_38,__demo__.deliveryitinerary72_4000,38,__import__.customer_397
__demo__.deliveryitineraryposition72_39,__demo__.deliveryitinerary72_4000,39,__import__.customer_5176
__demo__.deliveryitineraryposition72_40,__demo__.deliveryitinerary72_4000,40,__import__.customer_456
__demo__.deliveryitineraryposition72_41,__demo__.deliveryitinerary72_4000,41,__import__.customer_7643
__demo__.deliveryitineraryposition72_42,__demo__.deliveryitinerary72_4000,42,__import__.customer_8987
__demo__.deliveryitineraryposition72_43,__demo__.deliveryitinerary72_4000,43,__import__.customer_358
__demo__.deliveryitineraryposition72_44,__demo__.deliveryitinerary72_4000,44,__import__.customer_3827
__demo__.deliveryitineraryposition72_45,__demo__.deliveryitinerary72_4000,45,__import__.customer_183
__demo__.deliveryitineraryposition72_46,__demo__.deliveryitinerary72_4000,46,__import__.customer_4082
__demo__.deliveryitineraryposition72_47,__demo__.deliveryitinerary72_4000,47,__import__.customer_7109
__demo__.deliveryitineraryposition72_48,__demo__.deliveryitinerary72_4000,48,__import__.customer_560
__demo__.deliveryitineraryposition72_49,__demo__.deliveryitinerary72_4000,49,__import__.customer_8159
__demo__.deliveryitineraryposition72_50,__demo__.deliveryitinerary72_4000,50,__import__.customer_7541
__demo__.deliveryitineraryposition72_51,__demo__.deliveryitinerary72_4000,51,__import__.customer_135
__demo__.deliveryitineraryposition72_52,__demo__.deliveryitinerary72_4000,52,__import__.customer_7930
__demo__.deliveryitineraryposition72_53,__demo__.deliveryitinerary72_4000,53,__import__.customer_46
__demo__.deliveryitineraryposition72_54,__demo__.deliveryitinerary72_4000,54,__import__.customer_700
__demo__.deliveryitineraryposition72_55,__demo__.deliveryitinerary72_4000,55,__import__.customer_1916
__demo__.deliveryitineraryposition72_56,__demo__.deliveryitinerary72_4000,56,__import__.customer_7565
__demo__.deliveryitineraryposition72_57,__demo__.deliveryitinerary72_4000,57,__import__.customer_3825
__demo__.deliveryitineraryposition72_58,__demo__.deliveryitinerary72_4000,58,__import__.customer_431
__demo__.deliveryitineraryposition72_59,__demo__.deliveryitinerary72_4000,59,__import__.customer_465
__demo__.deliveryitineraryposition72_60,__demo__.deliveryitinerary72_4000,60,__import__.customer_5841
__demo__.deliveryitineraryposition72_61,__demo__.deliveryitinerary72_4000,61,__import__.customer_8709
__demo__.deliveryitineraryposition72_62,__demo__.deliveryitinerary72_4000,62,__import__.customer_4867
__demo__.deliveryitineraryposition72_63,__demo__.deliveryitinerary72_4000,63,__import__.customer_331
__demo__.deliveryitineraryposition72_64,__demo__.deliveryitinerary72_4000,64,__import__.customer_278
__demo__.deliveryitineraryposition72_65,__demo__.deliveryitinerary72_4000,65,__import__.customer_8432
__demo__.deliveryitineraryposition72_66,__demo__.deliveryitinerary72_4000,66,__import__.customer_4084
__demo__.deliveryitineraryposition72_67,__demo__.deliveryitinerary72_4000,67,__import__.customer_1375
__demo__.deliveryitineraryposition72_68,__demo__.deliveryitinerary72_4000,68,__import__.customer_8410
__demo__.deliveryitineraryposition72_69,__demo__.deliveryitinerary72_4000,69,__import__.customer_8334
__demo__.deliveryitineraryposition72_70,__demo__.deliveryitinerary72_4000,70,__import__.customer_4695
__demo__.deliveryitineraryposition72_71,__demo__.deliveryitinerary72_4000,71,__import__.customer_7970
__demo__.deliveryitineraryposition72_72,__demo__.deliveryitinerary72_4000,72,__import__.customer_399
__demo__.deliveryitineraryposition72_73,__demo__.deliveryitinerary72_4000,73,__import__.customer_104
__demo__.deliveryitineraryposition72_74,__demo__.deliveryitinerary72_4000,74,__import__.customer_8879
__demo__.deliveryitineraryposition72_75,__demo__.deliveryitinerary72_4000,75,__import__.customer_4885
__demo__.deliveryitineraryposition72_76,__demo__.deliveryitinerary72_4000,76,__import__.customer_365
__demo__.deliveryitineraryposition72_77,__demo__.deliveryitinerary72_4000,77,__import__.customer_4076
__demo__.deliveryitineraryposition72_78,__demo__.deliveryitinerary72_4000,78,__import__.customer_2263
__demo__.deliveryitineraryposition72_79,__demo__.deliveryitinerary72_4000,79,__import__.customer_3631
__demo__.deliveryitineraryposition72_80,__demo__.deliveryitinerary72_4000,80,__import__.customer_8452
__demo__.deliveryitineraryposition72_81,__demo__.deliveryitinerary72_4000,81,__import__.customer_7735
__demo__.deliveryitineraryposition72_82,__demo__.deliveryitinerary72_4000,82,__import__.customer_8969
__demo__.deliveryitineraryposition72_83,__demo__.deliveryitinerary72_4000,83,__import__.customer_8575
__demo__.deliveryitineraryposition72_84,__demo__.deliveryitinerary72_4000,84,__import__.customer_8166
__demo__.deliveryitineraryposition72_85,__demo__.deliveryitinerary72_4000,85,__import__.customer_719
__demo__.deliveryitineraryposition72_86,__demo__.deliveryitinerary72_4000,86,__import__.customer_3957
__demo__.deliveryitineraryposition72_87,__demo__.deliveryitinerary72_4000,87,__import__.customer_7727
__demo__.deliveryitineraryposition72_88,__demo__.deliveryitinerary72_4000,88,__import__.customer_873
__demo__.deliveryitineraryposition72_89,__demo__.deliveryitinerary72_4000,89,__import__.customer_8903
__demo__.deliveryitineraryposition72_90,__demo__.deliveryitinerary72_4000,90,__import__.customer_7688
__demo__.deliveryitineraryposition72_91,__demo__.deliveryitinerary72_4000,91,__import__.customer_6284
__demo__.deliveryitineraryposition72_92,__demo__.deliveryitinerary72_4000,92,__import__.customer_8441
__demo__.deliveryitineraryposition72_93,__demo__.deliveryitinerary72_4000,93,__import__.customer_8425
__demo__.deliveryitineraryposition72_94,__demo__.deliveryitinerary72_4000,94,__import__.customer_8213
__demo__.deliveryitineraryposition72_95,__demo__.deliveryitinerary72_4000,95,__import__.customer_8726
__demo__.deliveryitineraryposition72_96,__demo__.deliveryitinerary72_4000,96,__import__.customer_2493
__demo__.deliveryitineraryposition72_97,__demo__.deliveryitinerary72_4000,97,__import__.customer_2641
__demo__.deliveryitineraryposition72_98,__demo__.deliveryitinerary72_4000,98,__import__.customer_8550
__demo__.deliveryitineraryposition73_1,__demo__.deliveryitinerary73_4000,1,__import__.customer_8806
__demo__.deliveryitineraryposition73_2,__demo__.deliveryitinerary73_4000,2,__import__.customer_5384
__demo__.deliveryitineraryposition73_3,__demo__.deliveryitinerary73_4000,3,__import__.customer_829
__demo__.deliveryitineraryposition73_4,__demo__.deliveryitinerary73_4000,4,__import__.customer_563
__demo__.deliveryitineraryposition73_5,__demo__.deliveryitinerary73_4000,5,__import__.customer_4691
__demo__.deliveryitineraryposition73_6,__demo__.deliveryitinerary73_4000,6,__import__.customer_8021
__demo__.deliveryitineraryposition73_7,__demo__.deliveryitinerary73_4000,7,__import__.customer_2285
__demo__.deliveryitineraryposition73_8,__demo__.deliveryitinerary73_4000,8,__import__.customer_5960
__demo__.deliveryitineraryposition73_9,__demo__.deliveryitinerary73_4000,9,__import__.customer_7285
__demo__.deliveryitineraryposition73_10,__demo__.deliveryitinerary73_4000,10,__import__.customer_5898
__demo__.deliveryitineraryposition73_11,__demo__.deliveryitinerary73_4000,11,__import__.customer_8480
__demo__.deliveryitineraryposition73_12,__demo__.deliveryitinerary73_4000,12,__import__.customer_8413
__demo__.deliveryitineraryposition73_13,__demo__.deliveryitinerary73_4000,13,__import__.customer_1446
__demo__.deliveryitineraryposition73_14,__demo__.deliveryitinerary73_4000,14,__import__.customer_3130
__demo__.deliveryitineraryposition73_15,__demo__.deliveryitinerary73_4000,15,__import__.customer_4025
__demo__.deliveryitineraryposition73_16,__demo__.deliveryitinerary73_4000,16,__import__.customer_35
__demo__.deliveryitineraryposition73_17,__demo__.deliveryitinerary73_4000,17,__import__.customer_7429
__demo__.deliveryitineraryposition73_18,__demo__.deliveryitinerary73_4000,18,__import__.customer_212
__demo__.deliveryitineraryposition73_19,__demo__.deliveryitinerary73_4000,19,__import__.customer_8240
__demo__.deliveryitineraryposition73_20,__demo__.deliveryitinerary73_4000,20,__import__.customer_5340
__demo__.deliveryitineraryposition73_21,__demo__.deliveryitinerary73_4000,21,__import__.customer_509
__demo__.deliveryitineraryposition73_22,__demo__.deliveryitinerary73_4000,22,__import__.customer_489
__demo__.deliveryitineraryposition73_23,__demo__.deliveryitinerary73_4000,23,__import__.customer_2528
__demo__.deliveryitineraryposition73_24,__demo__.deliveryitinerary73_4000,24,__import__.customer_1556
__demo__.deliveryitineraryposition73_25,__demo__.deliveryitinerary73_4000,25,__import__.customer_8400
__demo__.deliveryitineraryposition73_26,__demo__.deliveryitinerary73_4000,26,__import__.customer_6698
__demo__.deliveryitineraryposition73_27,__demo__.deliveryitinerary73_4000,27,__import__.customer_2231
__demo__.deliveryitineraryposition73_28,__demo__.deliveryitinerary73_4000,28,__import__.customer_1311
__demo__.deliveryitineraryposition73_29,__demo__.deliveryitinerary73_4000,29,__import__.customer_1330
__demo__.deliveryitineraryposition73_30,__demo__.deliveryitinerary73_4000,30,__import__.customer_619
__demo__.deliveryitineraryposition73_31,__demo__.deliveryitinerary73_4000,31,__import__.customer_622
__demo__.deliveryitineraryposition73_32,__demo__.deliveryitinerary73_4000,32,__import__.customer_7740
__demo__.deliveryitineraryposition73_33,__demo__.deliveryitinerary73_4000,33,__import__.customer_4645
__demo__.deliveryitineraryposition73_34,__demo__.deliveryitinerary73_4000,34,__import__.customer_8954
__demo__.deliveryitineraryposition73_35,__demo__.deliveryitinerary73_4000,35,__import__.customer_2512
__demo__.deliveryitineraryposition73_36,__demo__.deliveryitinerary73_4000,36,__import__.customer_7763
__demo__.deliveryitineraryposition73_37,__demo__.deliveryitinerary73_4000,37,__import__.customer_3343
__demo__.deliveryitineraryposition73_38,__demo__.deliveryitinerary73_4000,38,__import__.customer_7204
__demo__.deliveryitineraryposition73_39,__demo__.deliveryitinerary73_4000,39,__import__.customer_7768
__demo__.deliveryitineraryposition73_40,__demo__.deliveryitinerary73_4000,40,__import__.customer_8497
__demo__.deliveryitineraryposition73_41,__demo__.deliveryitinerary73_4000,41,__import__.customer_4420
__demo__.deliveryitineraryposition73_42,__demo__.deliveryitinerary73_4000,42,__import__.customer_1176
__demo__.deliveryitineraryposition73_43,__demo__.deliveryitinerary73_4000,43,__import__.customer_8831
__demo__.deliveryitineraryposition73_44,__demo__.deliveryitinerary73_4000,44,__import__.customer_8748
__demo__.deliveryitineraryposition73_45,__demo__.deliveryitinerary73_4000,45,__import__.customer_620
__demo__.deliveryitineraryposition73_46,__demo__.deliveryitinerary73_4000,46,__import__.customer_694
__demo__.deliveryitineraryposition73_47,__demo__.deliveryitinerary73_4000,47,__import__.customer_7888
__demo__.deliveryitineraryposition73_48,__demo__.deliveryitinerary73_4000,48,__import__.customer_5504
__demo__.deliveryitineraryposition73_49,__demo__.deliveryitinerary73_4000,49,__import__.customer_4620
__demo__.deliveryitineraryposition73_50,__demo__.deliveryitinerary73_4000,50,__import__.customer_6814
__demo__.deliveryitineraryposition73_51,__demo__.deliveryitinerary73_4000,51,__import__.customer_7769
__demo__.deliveryitineraryposition73_52,__demo__.deliveryitinerary73_4000,52,__import__.customer_7126
__demo__.deliveryitineraryposition73_53,__demo__.deliveryitinerary73_4000,53,__import__.customer_8911
__demo__.deliveryitineraryposition73_54,__demo__.deliveryitinerary73_4000,54,__import__.customer_3967
__demo__.deliveryitineraryposition73_55,__demo__.deliveryitinerary73_4000,55,__import__.customer_7798
__demo__.deliveryitineraryposition73_56,__demo__.deliveryitinerary73_4000,56,__import__.customer_3850
__demo__.deliveryitineraryposition73_57,__demo__.deliveryitinerary73_4000,57,__import__.customer_5895
__demo__.deliveryitineraryposition73_58,__demo__.deliveryitinerary73_4000,58,__import__.customer_7781
__demo__.deliveryitineraryposition73_59,__demo__.deliveryitinerary73_4000,59,__import__.customer_5809
__demo__.deliveryitineraryposition73_60,__demo__.deliveryitinerary73_4000,60,__import__.customer_3998
__demo__.deliveryitineraryposition73_61,__demo__.deliveryitinerary73_4000,61,__import__.customer_7102
__demo__.deliveryitineraryposition73_62,__demo__.deliveryitinerary73_4000,62,__import__.customer_8981
__demo__.deliveryitineraryposition73_63,__demo__.deliveryitinerary73_4000,63,__import__.customer_8331
__demo__.deliveryitineraryposition73_64,__demo__.deliveryitinerary73_4000,64,__import__.customer_8263
__demo__.deliveryitineraryposition73_65,__demo__.deliveryitinerary73_4000,65,__import__.customer_5705
__demo__.deliveryitineraryposition73_66,__demo__.deliveryitinerary73_4000,66,__import__.customer_8216
__demo__.deliveryitineraryposition73_67,__demo__.deliveryitinerary73_4000,67,__import__.customer_8202
__demo__.deliveryitineraryposition73_68,__demo__.deliveryitinerary73_4000,68,__import__.customer_5761
__demo__.deliveryitineraryposition73_69,__demo__.deliveryitinerary73_4000,69,__import__.customer_5396
__demo__.deliveryitineraryposition73_70,__demo__.deliveryitinerary73_4000,70,__import__.customer_3603
__demo__.deliveryitineraryposition73_71,__demo__.deliveryitinerary73_4000,71,__import__.customer_6143
__demo__.deliveryitineraryposition73_72,__demo__.deliveryitinerary73_4000,72,__import__.customer_739
__demo__.deliveryitineraryposition73_73,__demo__.deliveryitinerary73_4000,73,__import__.customer_8369
__demo__.deliveryitineraryposition73_74,__demo__.deliveryitinerary73_4000,74,__import__.customer_1385
__demo__.deliveryitineraryposition73_75,__demo__.deliveryitinerary73_4000,75,__import__.customer_8737
__demo__.deliveryitineraryposition73_76,__demo__.deliveryitinerary73_4000,76,__import__.customer_2374
__demo__.deliveryitineraryposition73_77,__demo__.deliveryitinerary73_4000,77,__import__.customer_7729
__demo__.deliveryitineraryposition73_78,__demo__.deliveryitinerary73_4000,78,__import__.customer_5170
__demo__.deliveryitineraryposition73_79,__demo__.deliveryitinerary73_4000,79,__import__.customer_8938
__demo__.deliveryitineraryposition73_80,__demo__.deliveryitinerary73_4000,80,__import__.customer_7525
__demo__.deliveryitineraryposition73_81,__demo__.deliveryitinerary73_4000,81,__import__.customer_8148
__demo__.deliveryitineraryposition73_82,__demo__.deliveryitinerary73_4000,82,__import__.customer_1425
__demo__.deliveryitineraryposition73_83,__demo__.deliveryitinerary73_4000,83,__import__.customer_7897
__demo__.deliveryitineraryposition73_84,__demo__.deliveryitinerary73_5000,84,__import__.customer_8390
__demo__.deliveryitineraryposition73_85,__demo__.deliveryitinerary73_5000,85,__import__.customer_969
__demo__.deliveryitineraryposition73_86,__demo__.deliveryitinerary73_5000,86,__import__.customer_7910
__demo__.deliveryitineraryposition73_87,__demo__.deliveryitinerary73_5000,87,__import__.customer_1007
__demo__.deliveryitineraryposition73_88,__demo__.deliveryitinerary73_5000,88,__import__.customer_8758
__demo__.deliveryitineraryposition73_89,__demo__.deliveryitinerary73_5000,89,__import__.customer_8360
__demo__.deliveryitineraryposition73_90,__demo__.deliveryitinerary73_5000,90,__import__.customer_5812
__demo__.deliveryitineraryposition73_91,__demo__.deliveryitinerary73_5000,91,__import__.customer_8816
__demo__.deliveryitineraryposition73_92,__demo__.deliveryitinerary73_5000,92,__import__.customer_6860
__demo__.deliveryitineraryposition73_93,__demo__.deliveryitinerary73_5000,93,__import__.customer_3236
__demo__.deliveryitineraryposition73_94,__demo__.deliveryitinerary73_5000,94,__import__.customer_7725
__demo__.deliveryitineraryposition73_95,__demo__.deliveryitinerary73_5000,95,__import__.customer_498
__demo__.deliveryitineraryposition73_96,__demo__.deliveryitinerary73_5000,96,__import__.customer_1896
__demo__.deliveryitineraryposition73_97,__demo__.deliveryitinerary73_5000,97,__import__.customer_2579
__demo__.deliveryitineraryposition73_98,__demo__.deliveryitinerary73_5000,98,__import__.customer_416
__demo__.deliveryitineraryposition73_99,__demo__.deliveryitinerary73_5000,99,__import__.customer_3701
__demo__.deliveryitineraryposition73_100,__demo__.deliveryitinerary73_5000,100,__import__.customer_5494
__demo__.deliveryitineraryposition73_101,__demo__.deliveryitinerary73_5000,101,__import__.customer_9034
__demo__.deliveryitineraryposition73_102,__demo__.deliveryitinerary73_5000,102,__import__.customer_7820
__demo__.deliveryitineraryposition73_103,__demo__.deliveryitinerary73_5000,103,__import__.customer_8257
__demo__.deliveryitineraryposition73_104,__demo__.deliveryitinerary73_5000,104,__import__.customer_7244
__demo__.deliveryitineraryposition73_105,__demo__.deliveryitinerary73_5000,105,__import__.customer_7616
__demo__.deliveryitineraryposition73_106,__demo__.deliveryitinerary73_5000,106,__import__.customer_8234
__demo__.deliveryitineraryposition73_107,__demo__.deliveryitinerary73_5000,107,__import__.customer_8406
__demo__.deliveryitineraryposition73_108,__demo__.deliveryitinerary73_5000,108,__import__.customer_4156
__demo__.deliveryitineraryposition73_109,__demo__.deliveryitinerary73_5000,109,__import__.customer_7182
__demo__.deliveryitineraryposition73_110,__demo__.deliveryitinerary73_5000,110,__import__.customer_3162
__demo__.deliveryitineraryposition73_111,__demo__.deliveryitinerary73_5000,111,__import__.customer_8659
__demo__.deliveryitineraryposition73_112,__demo__.deliveryitinerary73_5000,112,__import__.customer_7561
__demo__.deliveryitineraryposition73_113,__demo__.deliveryitinerary73_5000,113,__import__.customer_5095
__demo__.deliveryitineraryposition73_114,__demo__.deliveryitinerary73_5000,114,__import__.customer_432
__demo__.deliveryitineraryposition73_115,__demo__.deliveryitinerary73_5000,115,__import__.customer_7289
__demo__.deliveryitineraryposition73_116,__demo__.deliveryitinerary73_5000,116,__import__.customer_3968
__demo__.deliveryitineraryposition73_117,__demo__.deliveryitinerary73_5000,117,__import__.customer_7602
__demo__.deliveryitineraryposition73_118,__demo__.deliveryitinerary73_5000,118,__import__.customer_8135
__demo__.deliveryitineraryposition73_119,__demo__.deliveryitinerary73_5000,119,__import__.customer_5906
__demo__.deliveryitineraryposition73_120,__demo__.deliveryitinerary73_5000,120,__import__.customer_5921
__demo__.deliveryitineraryposition73_121,__demo__.deliveryitinerary73_5000,121,__import__.customer_7598
__demo__.deliveryitineraryposition74_1,__demo__.deliveryitinerary74_5000,1,__import__.customer_965
__demo__.deliveryitineraryposition74_2,__demo__.deliveryitinerary74_5000,2,__import__.customer_8704
__demo__.deliveryitineraryposition74_3,__demo__.deliveryitinerary74_5000,3,__import__.customer_793
__demo__.deliveryitineraryposition74_4,__demo__.deliveryitinerary74_5000,4,__import__.customer_9023
__demo__.deliveryitineraryposition74_5,__demo__.deliveryitinerary74_5000,5,__import__.customer_4023
__demo__.deliveryitineraryposition74_6,__demo__.deliveryitinerary74_5000,6,__import__.customer_8887
__demo__.deliveryitineraryposition74_7,__demo__.deliveryitinerary74_5000,7,__import__.customer_1257
__demo__.deliveryitineraryposition74_8,__demo__.deliveryitinerary74_5000,8,__import__.customer_8872
__demo__.deliveryitineraryposition74_9,__demo__.deliveryitinerary74_5000,9,__import__.customer_7304
__demo__.deliveryitineraryposition74_10,__demo__.deliveryitinerary74_5000,10,__import__.customer_1127
__demo__.deliveryitineraryposition74_11,__demo__.deliveryitinerary74_5000,11,__import__.customer_7287
__demo__.deliveryitineraryposition74_12,__demo__.deliveryitinerary74_5000,12,__import__.customer_842
__demo__.deliveryitineraryposition74_13,__demo__.deliveryitinerary74_5000,13,__import__.customer_6185
__demo__.deliveryitineraryposition74_14,__demo__.deliveryitinerary74_5000,14,__import__.customer_6702
__demo__.deliveryitineraryposition74_15,__demo__.deliveryitinerary74_5000,15,__import__.customer_3124
__demo__.deliveryitineraryposition74_16,__demo__.deliveryitinerary74_5000,16,__import__.customer_4656
__demo__.deliveryitineraryposition74_17,__demo__.deliveryitinerary74_5000,17,__import__.customer_7552
__demo__.deliveryitineraryposition74_18,__demo__.deliveryitinerary74_5000,18,__import__.customer_7455
__demo__.deliveryitineraryposition74_19,__demo__.deliveryitinerary74_5000,19,__import__.customer_8947
__demo__.deliveryitineraryposition74_20,__demo__.deliveryitinerary74_5000,20,__import__.customer_1008
__demo__.deliveryitineraryposition74_21,__demo__.deliveryitinerary74_5000,21,__import__.customer_5257
__demo__.deliveryitineraryposition74_22,__demo__.deliveryitinerary74_5000,22,__import__.customer_3503
__demo__.deliveryitineraryposition74_23,__demo__.deliveryitinerary74_5000,23,__import__.customer_628
__demo__.deliveryitineraryposition74_24,__demo__.deliveryitinerary74_5000,24,__import__.customer_5036
__demo__.deliveryitineraryposition74_25,__demo__.deliveryitinerary74_5000,25,__import__.customer_6809
__demo__.deliveryitineraryposition74_26,__demo__.deliveryitinerary74_5000,26,__import__.customer_8844
__demo__.deliveryitineraryposition74_27,__demo__.deliveryitinerary74_5000,27,__import__.customer_2155
__demo__.deliveryitineraryposition74_28,__demo__.deliveryitinerary74_5000,28,__import__.customer_3429
__demo__.deliveryitineraryposition74_29,__demo__.deliveryitinerary74_5000,29,__import__.customer_2860
__demo__.deliveryitineraryposition74_30,__demo__.deliveryitinerary74_5000,30,__import__.customer_4342
__demo__.deliveryitineraryposition74_31,__demo__.deliveryitinerary74_6000,31,__import__.customer_5545
__demo__.deliveryitineraryposition74_32,__demo__.deliveryitinerary74_6000,32,__import__.customer_8988
__demo__.deliveryitineraryposition74_33,__demo__.deliveryitinerary74_6000,33,__import__.customer_6334
__demo__.deliveryitineraryposition74_34,__demo__.deliveryitinerary74_6000,34,__import__.customer_1289
__demo__.deliveryitineraryposition74_35,__demo__.deliveryitinerary74_6000,35,__import__.customer_8598
__demo__.deliveryitineraryposition74_36,__demo__.deliveryitinerary74_6000,36,__import__.customer_8902
__demo__.deliveryitineraryposition74_37,__demo__.deliveryitinerary74_6000,37,__import__.customer_7030
__demo__.deliveryitineraryposition74_38,__demo__.deliveryitinerary74_6000,38,__import__.customer_7271
__demo__.deliveryitineraryposition74_39,__demo__.deliveryitinerary74_6000,39,__import__.customer_2076
__demo__.deliveryitineraryposition74_40,__demo__.deliveryitinerary74_6000,40,__import__.customer_449
__demo__.deliveryitineraryposition74_41,__demo__.deliveryitinerary74_6000,41,__import__.customer_5569
__demo__.deliveryitineraryposition74_42,__demo__.deliveryitinerary74_6000,42,__import__.customer_4483
__demo__.deliveryitineraryposition74_43,__demo__.deliveryitinerary74_6000,43,__import__.customer_7389
__demo__.deliveryitineraryposition74_44,__demo__.deliveryitinerary74_6000,44,__import__.customer_798
__demo__.deliveryitineraryposition74_45,__demo__.deliveryitinerary74_6000,45,__import__.customer_5414
__demo__.deliveryitineraryposition74_46,__demo__.deliveryitinerary74_6000,46,__import__.customer_5074
__demo__.deliveryitineraryposition74_47,__demo__.deliveryitinerary74_6000,47,__import__.customer_1607
__demo__.deliveryitineraryposition74_48,__demo__.deliveryitinerary74_6000,48,__import__.customer_5755
__demo__.deliveryitineraryposition74_49,__demo__.deliveryitinerary74_6000,49,__import__.customer_8941
__demo__.deliveryitineraryposition74_50,__demo__.deliveryitinerary74_6000,50,__import__.customer_7916
__demo__.deliveryitineraryposition74_51,__demo__.deliveryitinerary74_6000,51,__import__.customer_753
__demo__.deliveryitineraryposition74_52,__demo__.deliveryitinerary74_6000,52,__import__.customer_8559
__demo__.deliveryitineraryposition74_53,__demo__.deliveryitinerary74_6000,53,__import__.customer_8968
__demo__.deliveryitineraryposition74_54,__demo__.deliveryitinerary74_6000,54,__import__.customer_8732
__demo__.deliveryitineraryposition74_55,__demo__.deliveryitinerary74_6000,55,__import__.customer_8646
__demo__.deliveryitineraryposition74_56,__demo__.deliveryitinerary74_6000,56,__import__.customer_4386
__demo__.deliveryitineraryposition74_57,__demo__.deliveryitinerary74_6000,57,__import__.customer_8980
__demo__.deliveryitineraryposition74_58,__demo__.deliveryitinerary74_6000,58,__import__.customer_1862
__demo__.deliveryitineraryposition74_59,__demo__.deliveryitinerary74_6000,59,__import__.customer_8283
__demo__.deliveryitineraryposition74_60,__demo__.deliveryitinerary74_6000,60,__import__.customer_8027
__demo__.deliveryitineraryposition74_61,__demo__.deliveryitinerary74_6000,61,__import__.customer_3847
__demo__.deliveryitineraryposition74_62,__demo__.deliveryitinerary74_6000,62,__import__.customer_604
__demo__.deliveryitineraryposition74_63,__demo__.deliveryitinerary74_6000,63,__import__.customer_423
__demo__.deliveryitineraryposition74_64,__demo__.deliveryitinerary74_6000,64,__import__.customer_4256
__demo__.deliveryitineraryposition74_65,__demo__.deliveryitinerary74_6000,65,__import__.customer_4632
__demo__.deliveryitineraryposition74_66,__demo__.deliveryitinerary74_6000,66,__import__.customer_7024
__demo__.deliveryitineraryposition74_67,__demo__.deliveryitinerary74_6000,67,__import__.customer_4138
__demo__.deliveryitineraryposition74_68,__demo__.deliveryitinerary74_4000,68,__import__.customer_7933
__demo__.deliveryitineraryposition74_69,__demo__.deliveryitinerary74_4000,69,__import__.customer_8483
__demo__.deliveryitineraryposition75_1,__demo__.deliveryitinerary75_4000,1,__import__.customer_2093
__demo__.deliveryitineraryposition75_2,__demo__.deliveryitinerary75_4000,2,__import__.customer_426
__demo__.deliveryitineraryposition75_3,__demo__.deliveryitinerary75_4000,3,__import__.customer_99
__demo__.deliveryitineraryposition75_4,__demo__.deliveryitinerary75_4000,4,__import__.customer_7636
__demo__.deliveryitineraryposition75_5,__demo__.deliveryitinerary75_4000,5,__import__.customer_7593
__demo__.deliveryitineraryposition75_6,__demo__.deliveryitinerary75_4000,6,__import__.customer_395
__demo__.deliveryitineraryposition75_7,__demo__.deliveryitinerary75_4000,7,__import__.customer_1782
__demo__.deliveryitineraryposition75_8,__demo__.deliveryitinerary75_4000,8,__import__.customer_521
__demo__.deliveryitineraryposition75_9,__demo__.deliveryitinerary75_4000,9,__import__.customer_959
__demo__.deliveryitineraryposition75_10,__demo__.deliveryitinerary75_4000,10,__import__.customer_5572
__demo__.deliveryitineraryposition75_11,__demo__.deliveryitinerary75_4000,11,__import__.customer_7679
__demo__.deliveryitineraryposition75_12,__demo__.deliveryitinerary75_4000,12,__import__.customer_4582
__demo__.deliveryitineraryposition75_13,__demo__.deliveryitinerary75_4000,13,__import__.customer_8239
__demo__.deliveryitineraryposition75_14,__demo__.deliveryitinerary75_4000,14,__import__.customer_1341
__demo__.deliveryitineraryposition75_15,__demo__.deliveryitinerary75_4000,15,__import__.customer_8688
__demo__.deliveryitineraryposition75_16,__demo__.deliveryitinerary75_4000,16,__import__.customer_8131
__demo__.deliveryitineraryposition75_17,__demo__.deliveryitinerary75_4000,17,__import__.customer_8839
__demo__.deliveryitineraryposition75_18,__demo__.deliveryitinerary75_4000,18,__import__.customer_7852
__demo__.deliveryitineraryposition75_19,__demo__.deliveryitinerary75_4000,19,__import__.customer_344
__demo__.deliveryitineraryposition75_20,__demo__.deliveryitinerary75_4000,20,__import__.customer_549
__demo__.deliveryitineraryposition75_21,__demo__.deliveryitinerary75_4000,21,__import__.customer_413
__demo__.deliveryitineraryposition75_22,__demo__.deliveryitinerary75_4000,22,__import__.customer_1423
__demo__.deliveryitineraryposition75_23,__demo__.deliveryitinerary75_4000,23,__import__.customer_1658
__demo__.deliveryitineraryposition75_24,__demo__.deliveryitinerary75_4000,24,__import__.customer_3201
__demo__.deliveryitineraryposition75_25,__demo__.deliveryitinerary75_4000,25,__import__.customer_8292
__demo__.deliveryitineraryposition75_26,__demo__.deliveryitinerary75_4000,26,__import__.customer_7921
__demo__.deliveryitineraryposition75_27,__demo__.deliveryitinerary75_4000,27,__import__.customer_5351
__demo__.deliveryitineraryposition75_28,__demo__.deliveryitinerary75_4000,28,__import__.customer_689
__demo__.deliveryitineraryposition75_29,__demo__.deliveryitinerary75_4000,29,__import__.customer_7067
__demo__.deliveryitineraryposition75_30,__demo__.deliveryitinerary75_4000,30,__import__.customer_2064
__demo__.deliveryitineraryposition75_31,__demo__.deliveryitinerary75_4000,31,__import__.customer_8512
__demo__.deliveryitineraryposition75_32,__demo__.deliveryitinerary75_4000,32,__import__.customer_306
__demo__.deliveryitineraryposition75_33,__demo__.deliveryitinerary75_4000,33,__import__.customer_5466
__demo__.deliveryitineraryposition75_34,__demo__.deliveryitinerary75_4000,34,__import__.customer_4668
__demo__.deliveryitineraryposition75_35,__demo__.deliveryitinerary75_4000,35,__import__.customer_5289
__demo__.deliveryitineraryposition75_36,__demo__.deliveryitinerary75_4000,36,__import__.customer_4992
__demo__.deliveryitineraryposition75_37,__demo__.deliveryitinerary75_4000,37,__import__.customer_648
__demo__.deliveryitineraryposition75_38,__demo__.deliveryitinerary75_4000,38,__import__.customer_8040
__demo__.deliveryitineraryposition75_39,__demo__.deliveryitinerary75_4000,39,__import__.customer_8078
__demo__.deliveryitineraryposition75_40,__demo__.deliveryitinerary75_4000,40,__import__.customer_5301
__demo__.deliveryitineraryposition75_41,__demo__.deliveryitinerary75_4000,41,__import__.customer_6665
__demo__.deliveryitineraryposition75_42,__demo__.deliveryitinerary75_4000,42,__import__.customer_7948
__demo__.deliveryitineraryposition75_43,__demo__.deliveryitinerary75_4000,43,__import__.customer_8185
__demo__.deliveryitineraryposition75_44,__demo__.deliveryitinerary75_4000,44,__import__.customer_523
__demo__.deliveryitineraryposition75_45,__demo__.deliveryitinerary75_4000,45,__import__.customer_8090
__demo__.deliveryitineraryposition75_46,__demo__.deliveryitinerary75_4000,46,__import__.customer_126
__demo__.deliveryitineraryposition75_47,__demo__.deliveryitinerary75_4000,47,__import__.customer_8655
__demo__.deliveryitineraryposition75_48,__demo__.deliveryitinerary75_4000,48,__import__.customer_3633
__demo__.deliveryitineraryposition75_49,__demo__.deliveryitinerary75_5000,49,__import__.customer_7836
__demo__.deliveryitineraryposition75_50,__demo__.deliveryitinerary75_5000,50,__import__.customer_8874
__demo__.deliveryitineraryposition75_51,__demo__.deliveryitinerary75_5000,51,__import__.customer_529
__demo__.deliveryitineraryposition75_52,__demo__.deliveryitinerary75_5000,52,__import__.customer_70
__demo__.deliveryitineraryposition75_53,__demo__.deliveryitinerary75_5000,53,__import__.customer_8449
__demo__.deliveryitineraryposition75_54,__demo__.deliveryitinerary75_5000,54,__import__.customer_8715
__demo__.deliveryitineraryposition75_55,__demo__.deliveryitinerary75_5000,55,__import__.customer_2287
__demo__.deliveryitineraryposition75_56,__demo__.deliveryitinerary75_5000,56,__import__.customer_8144
__demo__.deliveryitineraryposition75_57,__demo__.deliveryitinerary75_5000,57,__import__.customer_8653
__demo__.deliveryitineraryposition75_58,__demo__.deliveryitinerary75_5000,58,__import__.customer_6813
__demo__.deliveryitineraryposition75_59,__demo__.deliveryitinerary75_5000,59,__import__.customer_1313
__demo__.deliveryitineraryposition75_60,__demo__.deliveryitinerary75_5000,60,__import__.customer_5437
__demo__.deliveryitineraryposition75_61,__demo__.deliveryitinerary75_5000,61,__import__.customer_8531
__demo__.deliveryitineraryposition75_62,__demo__.deliveryitinerary75_5000,62,__import__.customer_3814
__demo__.deliveryitineraryposition75_63,__demo__.deliveryitinerary75_5000,63,__import__.customer_4368
__demo__.deliveryitineraryposition75_64,__demo__.deliveryitinerary75_5000,64,__import__.customer_1145
__demo__.deliveryitineraryposition75_65,__demo__.deliveryitinerary75_5000,65,__import__.customer_2143
__demo__.deliveryitineraryposition75_66,__demo__.deliveryitinerary75_5000,66,__import__.customer_6187
__demo__.deliveryitineraryposition75_67,__demo__.deliveryitinerary75_5000,67,__import__.customer_8231
__demo__.deliveryitineraryposition75_68,__demo__.deliveryitinerary75_5000,68,__import__.customer_3157
__demo__.deliveryitineraryposition75_69,__demo__.deliveryitinerary75_5000,69,__import__.customer_857
__demo__.deliveryitineraryposition75_70,__demo__.deliveryitinerary75_5000,70,__import__.customer_3087
__demo__.deliveryitineraryposition75_71,__demo__.deliveryitinerary75_5000,71,__import__.customer_7466
__demo__.deliveryitineraryposition75_72,__demo__.deliveryitinerary75_5000,72,__import__.customer_7291
__demo__.deliveryitineraryposition76_1,__demo__.deliveryitinerary76_6000,1,__import__.customer_7907
__demo__.deliveryitineraryposition76_2,__demo__.deliveryitinerary76_6000,2,__import__.customer_5210
__demo__.deliveryitineraryposition76_3,__demo__.deliveryitinerary76_6000,3,__import__.customer_4488
__demo__.deliveryitineraryposition76_4,__demo__.deliveryitinerary76_6000,4,__import__.customer_1976
__demo__.deliveryitineraryposition76_5,__demo__.deliveryitinerary76_6000,5,__import__.customer_5115
__demo__.deliveryitineraryposition76_6,__demo__.deliveryitinerary76_6000,6,__import__.customer_6683
__demo__.deliveryitineraryposition76_7,__demo__.deliveryitinerary76_6000,7,__import__.customer_7442
__demo__.deliveryitineraryposition76_8,__demo__.deliveryitinerary76_6000,8,__import__.customer_4098
__demo__.deliveryitineraryposition76_9,__demo__.deliveryitinerary76_6000,9,__import__.customer_115
__demo__.deliveryitineraryposition76_10,__demo__.deliveryitinerary76_6000,10,__import__.customer_4226
__demo__.deliveryitineraryposition76_11,__demo__.deliveryitinerary76_6000,11,__import__.customer_1753
__demo__.deliveryitineraryposition76_12,__demo__.deliveryitinerary76_6000,12,__import__.customer_8817
__demo__.deliveryitineraryposition76_13,__demo__.deliveryitinerary76_6000,13,__import__.customer_6775
__demo__.deliveryitineraryposition76_14,__demo__.deliveryitinerary76_6000,14,__import__.customer_4769
__demo__.deliveryitineraryposition76_15,__demo__.deliveryitinerary76_6000,15,__import__.customer_8228
__demo__.deliveryitineraryposition76_16,__demo__.deliveryitinerary76_6000,16,__import__.customer_3547
__demo__.deliveryitineraryposition76_17,__demo__.deliveryitinerary76_6000,17,__import__.customer_7453
__demo__.deliveryitineraryposition76_18,__demo__.deliveryitinerary76_6000,18,__import__.customer_4583
__demo__.deliveryitineraryposition76_19,__demo__.deliveryitinerary76_6000,19,__import__.customer_3700
__demo__.deliveryitineraryposition76_20,__demo__.deliveryitinerary76_6000,20,__import__.customer_1191
__demo__.deliveryitineraryposition76_21,__demo__.deliveryitinerary76_6000,21,__import__.customer_4102
__demo__.deliveryitineraryposition76_22,__demo__.deliveryitinerary76_6000,22,__import__.customer_493
__demo__.deliveryitineraryposition76_23,__demo__.deliveryitinerary76_6000,23,__import__.customer_565
__demo__.deliveryitineraryposition76_24,__demo__.deliveryitinerary76_6000,24,__import__.customer_7261
__demo__.deliveryitineraryposition76_25,__demo__.deliveryitinerary76_6000,25,__import__.customer_8963
__demo__.deliveryitineraryposition76_26,__demo__.deliveryitinerary76_6000,26,__import__.customer_8495
__demo__.deliveryitineraryposition76_27,__demo__.deliveryitinerary76_6000,27,__import__.customer_756
__demo__.deliveryitineraryposition76_28,__demo__.deliveryitinerary76_6000,28,__import__.customer_7929
__demo__.deliveryitineraryposition76_29,__demo__.deliveryitinerary76_6000,29,__import__.customer_7609
__demo__.deliveryitineraryposition76_30,__demo__.deliveryitinerary76_6000,30,__import__.customer_8443
__demo__.deliveryitineraryposition76_31,__demo__.deliveryitinerary76_6000,31,__import__.customer_8671
__demo__.deliveryitineraryposition76_32,__demo__.deliveryitinerary76_6000,32,__import__.customer_8393
__demo__.deliveryitineraryposition76_33,__demo__.deliveryitinerary76_6000,33,__import__.customer_588
__demo__.deliveryitineraryposition76_34,__demo__.deliveryitinerary76_6000,34,__import__.customer_8177
__demo__.deliveryitineraryposition76_35,__demo__.deliveryitinerary76_6000,35,__import__.customer_1919
__demo__.deliveryitineraryposition76_36,__demo__.deliveryitinerary76_6000,36,__import__.customer_912
__demo__.deliveryitineraryposition76_37,__demo__.deliveryitinerary76_6000,37,__import__.customer_748
__demo__.deliveryitineraryposition76_38,__demo__.deliveryitinerary76_6000,38,__import__.customer_286
__demo__.deliveryitineraryposition76_39,__demo__.deliveryitinerary76_6000,39,__import__.customer_500
__demo__.deliveryitineraryposition76_40,__demo__.deliveryitinerary76_6000,40,__import__.customer_325
__demo__.deliveryitineraryposition76_41,__demo__.deliveryitinerary76_6000,41,__import__.customer_616
__demo__.deliveryitineraryposition76_42,__demo__.deliveryitinerary76_6000,42,__import__.customer_4232
__demo__.deliveryitineraryposition76_43,__demo__.deliveryitinerary76_6000,43,__import__.customer_834
__demo__.deliveryitineraryposition76_44,__demo__.deliveryitinerary76_6000,44,__import__.customer_5085
__demo__.deliveryitineraryposition76_45,__demo__.deliveryitinerary76_6000,45,__import__.customer_3184
__demo__.deliveryitineraryposition76_46,__demo__.deliveryitinerary76_6000,46,__import__.customer_4194
__demo__.deliveryitineraryposition76_47,__demo__.deliveryitinerary76_6000,47,__import__.customer_1206
__demo__.deliveryitineraryposition76_48,__demo__.deliveryitinerary76_6000,48,__import__.customer_4022
__demo__.deliveryitineraryposition76_49,__demo__.deliveryitinerary76_6000,49,__import__.customer_8933
__demo__.deliveryitineraryposition76_50,__demo__.deliveryitinerary76_6000,50,__import__.customer_4622
__demo__.deliveryitineraryposition76_51,__demo__.deliveryitinerary76_6000,51,__import__.customer_178
__demo__.deliveryitineraryposition76_52,__demo__.deliveryitinerary76_6000,52,__import__.customer_348
__demo__.deliveryitineraryposition76_53,__demo__.deliveryitinerary76_6000,53,__import__.customer_8316
__demo__.deliveryitineraryposition76_54,__demo__.deliveryitinerary76_6000,54,__import__.customer_230
__demo__.deliveryitineraryposition76_55,__demo__.deliveryitinerary76_6000,55,__import__.customer_8306
__demo__.deliveryitineraryposition76_56,__demo__.deliveryitinerary76_6000,56,__import__.customer_4604
__demo__.deliveryitineraryposition76_57,__demo__.deliveryitinerary76_6000,57,__import__.customer_8429
__demo__.deliveryitineraryposition76_58,__demo__.deliveryitinerary76_6000,58,__import__.customer_947
__demo__.deliveryitineraryposition76_59,__demo__.deliveryitinerary76_6000,59,__import__.customer_334
__demo__.deliveryitineraryposition76_60,__demo__.deliveryitinerary76_6000,60,__import__.customer_4803
__demo__.deliveryitineraryposition76_61,__demo__.deliveryitinerary76_6000,61,__import__.customer_1935
__demo__.deliveryitineraryposition76_62,__demo__.deliveryitinerary76_6000,62,__import__.customer_27
__demo__.deliveryitineraryposition76_63,__demo__.deliveryitinerary76_6000,63,__import__.customer_3529
__demo__.deliveryitineraryposition76_64,__demo__.deliveryitinerary76_6000,64,__import__.customer_4272
__demo__.deliveryitineraryposition77_1,__demo__.deliveryitinerary77_1000,1,__import__.customer_440
__demo__.deliveryitineraryposition77_2,__demo__.deliveryitinerary77_1000,2,__import__.customer_501
__demo__.deliveryitineraryposition77_3,__demo__.deliveryitinerary77_1000,3,__import__.customer_5476
__demo__.deliveryitineraryposition77_5,__demo__.deliveryitinerary77_1000,5,__import__.customer_5819
__demo__.deliveryitineraryposition77_6,__demo__.deliveryitinerary77_1000,6,__import__.customer_8098
__demo__.deliveryitineraryposition77_7,__demo__.deliveryitinerary77_1000,7,__import__.customer_8484
__demo__.deliveryitineraryposition77_8,__demo__.deliveryitinerary77_1000,8,__import__.customer_7622
__demo__.deliveryitineraryposition77_9,__demo__.deliveryitinerary77_1000,9,__import__.customer_8643
__demo__.deliveryitineraryposition77_10,__demo__.deliveryitinerary77_1000,10,__import__.customer_1097
__demo__.deliveryitineraryposition77_11,__demo__.deliveryitinerary77_1000,11,__import__.customer_5130
__demo__.deliveryitineraryposition77_12,__demo__.deliveryitinerary77_1000,12,__import__.customer_5144
__demo__.deliveryitineraryposition77_13,__demo__.deliveryitinerary77_1000,13,__import__.customer_1160
__demo__.deliveryitineraryposition77_14,__demo__.deliveryitinerary77_1000,14,__import__.customer_8937
__demo__.deliveryitineraryposition77_15,__demo__.deliveryitinerary77_1000,15,__import__.customer_7792
__demo__.deliveryitineraryposition77_16,__demo__.deliveryitinerary77_1000,16,__import__.customer_9033
__demo__.deliveryitineraryposition77_17,__demo__.deliveryitinerary77_1000,17,__import__.customer_19
__demo__.deliveryitineraryposition77_18,__demo__.deliveryitinerary77_1000,18,__import__.customer_13
__demo__.deliveryitineraryposition77_19,__demo__.deliveryitinerary77_1000,19,__import__.customer_786
__demo__.deliveryitineraryposition77_20,__demo__.deliveryitinerary77_1000,20,__import__.customer_1005
__demo__.deliveryitineraryposition77_21,__demo__.deliveryitinerary77_1000,21,__import__.customer_8568
__demo__.deliveryitineraryposition77_22,__demo__.deliveryitinerary77_1000,22,__import__.customer_484
__demo__.deliveryitineraryposition77_23,__demo__.deliveryitinerary77_1000,23,__import__.customer_8540
__demo__.deliveryitineraryposition77_24,__demo__.deliveryitinerary77_1000,24,__import__.customer_590
__demo__.deliveryitineraryposition77_25,__demo__.deliveryitinerary77_1000,25,__import__.customer_5000
__demo__.deliveryitineraryposition77_26,__demo__.deliveryitinerary77_1000,26,__import__.customer_7922
__demo__.deliveryitineraryposition77_27,__demo__.deliveryitinerary77_1000,27,__import__.customer_919
__demo__.deliveryitineraryposition77_28,__demo__.deliveryitinerary77_1000,28,__import__.customer_1565
__demo__.deliveryitineraryposition77_29,__demo__.deliveryitinerary77_1000,29,__import__.customer_213
__demo__.deliveryitineraryposition77_30,__demo__.deliveryitinerary77_1000,30,__import__.customer_8238
__demo__.deliveryitineraryposition77_31,__demo__.deliveryitinerary77_1000,31,__import__.customer_8841
__demo__.deliveryitineraryposition77_32,__demo__.deliveryitinerary77_1000,32,__import__.customer_5971
__demo__.deliveryitineraryposition77_33,__demo__.deliveryitinerary77_1000,33,__import__.customer_6789
__demo__.deliveryitineraryposition77_34,__demo__.deliveryitinerary77_1000,34,__import__.customer_5150
__demo__.deliveryitineraryposition77_35,__demo__.deliveryitinerary77_1000,35,__import__.customer_1821
__demo__.deliveryitineraryposition77_36,__demo__.deliveryitinerary77_1000,36,__import__.customer_1833
__demo__.deliveryitineraryposition77_37,__demo__.deliveryitinerary77_1000,37,__import__.customer_5908
__demo__.deliveryitineraryposition77_38,__demo__.deliveryitinerary77_1000,38,__import__.customer_2434
__demo__.deliveryitineraryposition77_39,__demo__.deliveryitinerary77_1000,39,__import__.customer_5371
__demo__.deliveryitineraryposition77_40,__demo__.deliveryitinerary77_1000,40,__import__.customer_7212
__demo__.deliveryitineraryposition77_41,__demo__.deliveryitinerary77_1000,41,__import__.customer_893
__demo__.deliveryitineraryposition77_42,__demo__.deliveryitinerary77_1000,42,__import__.customer_1018
__demo__.deliveryitineraryposition77_43,__demo__.deliveryitinerary77_1000,43,__import__.customer_5955
__demo__.deliveryitineraryposition77_44,__demo__.deliveryitinerary77_1000,44,__import__.customer_5012
__demo__.deliveryitineraryposition77_45,__demo__.deliveryitinerary77_1000,45,__import__.customer_3570
__demo__.deliveryitineraryposition77_46,__demo__.deliveryitinerary77_1000,46,__import__.customer_1192
__demo__.deliveryitineraryposition77_47,__demo__.deliveryitinerary77_1000,47,__import__.customer_8467
__demo__.deliveryitineraryposition77_48,__demo__.deliveryitinerary77_1000,48,__import__.customer_8633
__demo__.deliveryitineraryposition77_49,__demo__.deliveryitinerary77_1000,49,__import__.customer_7242
__demo__.deliveryitineraryposition77_50,__demo__.deliveryitinerary77_1000,50,__import__.customer_1410
__demo__.deliveryitineraryposition77_51,__demo__.deliveryitinerary77_1000,51,__import__.customer_4911
__demo__.deliveryitineraryposition77_52,__demo__.deliveryitinerary77_1000,52,__import__.customer_6817
__demo__.deliveryitineraryposition77_53,__demo__.deliveryitinerary77_1000,53,__import__.customer_220
__demo__.deliveryitineraryposition77_55,__demo__.deliveryitinerary77_1000,55,__import__.customer_8567
__demo__.deliveryitineraryposition78_1,__demo__.deliveryitinerary78_6000,1,__import__.customer_8030
__demo__.deliveryitineraryposition78_2,__demo__.deliveryitinerary78_6000,2,__import__.customer_6961
__demo__.deliveryitineraryposition78_3,__demo__.deliveryitinerary78_6000,3,__import__.customer_8897
__demo__.deliveryitineraryposition78_4,__demo__.deliveryitinerary78_6000,4,__import__.customer_8395
__demo__.deliveryitineraryposition78_5,__demo__.deliveryitinerary78_6000,5,__import__.customer_770
__demo__.deliveryitineraryposition78_6,__demo__.deliveryitinerary78_6000,6,__import__.customer_558
__demo__.deliveryitineraryposition78_7,__demo__.deliveryitinerary78_6000,7,__import__.customer_4909
__demo__.deliveryitineraryposition78_8,__demo__.deliveryitinerary78_6000,8,__import__.customer_5127
__demo__.deliveryitineraryposition78_9,__demo__.deliveryitinerary78_6000,9,__import__.customer_7372
__demo__.deliveryitineraryposition78_10,__demo__.deliveryitinerary78_6000,10,__import__.customer_5069
__demo__.deliveryitineraryposition78_11,__demo__.deliveryitinerary78_6000,11,__import__.customer_3844
__demo__.deliveryitineraryposition78_12,__demo__.deliveryitinerary78_6000,12,__import__.customer_7669
__demo__.deliveryitineraryposition78_13,__demo__.deliveryitinerary78_6000,13,__import__.customer_5214
__demo__.deliveryitineraryposition78_14,__demo__.deliveryitinerary78_6000,14,__import__.customer_2988
__demo__.deliveryitineraryposition78_15,__demo__.deliveryitinerary78_6000,15,__import__.customer_6942
__demo__.deliveryitineraryposition78_16,__demo__.deliveryitinerary78_6000,16,__import__.customer_1408
__demo__.deliveryitineraryposition78_17,__demo__.deliveryitinerary78_6000,17,__import__.customer_3425
__demo__.deliveryitineraryposition78_18,__demo__.deliveryitinerary78_6000,18,__import__.customer_7692
__demo__.deliveryitineraryposition78_19,__demo__.deliveryitinerary78_6000,19,__import__.customer_8764
__demo__.deliveryitineraryposition78_20,__demo__.deliveryitinerary78_6000,20,__import__.customer_5751
__demo__.deliveryitineraryposition78_21,__demo__.deliveryitinerary78_6000,21,__import__.customer_6220
__demo__.deliveryitineraryposition78_22,__demo__.deliveryitinerary78_6000,22,__import__.customer_4988
__demo__.deliveryitineraryposition78_23,__demo__.deliveryitinerary78_6000,23,__import__.customer_7337
__demo__.deliveryitineraryposition78_24,__demo__.deliveryitinerary78_6000,24,__import__.customer_469
__demo__.deliveryitineraryposition78_25,__demo__.deliveryitinerary78_6000,25,__import__.customer_5307
__demo__.deliveryitineraryposition78_26,__demo__.deliveryitinerary78_6000,26,__import__.customer_8401
__demo__.deliveryitineraryposition78_27,__demo__.deliveryitinerary78_6000,27,__import__.customer_1469
__demo__.deliveryitineraryposition78_28,__demo__.deliveryitinerary78_6000,28,__import__.customer_589
__demo__.deliveryitineraryposition78_29,__demo__.deliveryitinerary78_6000,29,__import__.customer_1930
__demo__.deliveryitineraryposition78_30,__demo__.deliveryitinerary78_6000,30,__import__.customer_1906
__demo__.deliveryitineraryposition78_31,__demo__.deliveryitinerary78_6000,31,__import__.customer_8868
__demo__.deliveryitineraryposition78_32,__demo__.deliveryitinerary78_6000,32,__import__.customer_8420
__demo__.deliveryitineraryposition78_33,__demo__.deliveryitinerary78_6000,33,__import__.customer_5223
__demo__.deliveryitineraryposition78_34,__demo__.deliveryitinerary78_6000,34,__import__.customer_3937
__demo__.deliveryitineraryposition78_35,__demo__.deliveryitinerary78_6000,35,__import__.customer_8445
__demo__.deliveryitineraryposition78_36,__demo__.deliveryitinerary78_6000,36,__import__.customer_8320
__demo__.deliveryitineraryposition78_37,__demo__.deliveryitinerary78_6000,37,__import__.customer_8321
__demo__.deliveryitineraryposition78_38,__demo__.deliveryitinerary78_6000,38,__import__.customer_955
__demo__.deliveryitineraryposition78_39,__demo__.deliveryitinerary78_6000,39,__import__.customer_8426
__demo__.deliveryitineraryposition78_40,__demo__.deliveryitinerary78_6000,40,__import__.customer_4789
__demo__.deliveryitineraryposition78_41,__demo__.deliveryitinerary78_6000,41,__import__.customer_2625
__demo__.deliveryitineraryposition78_42,__demo__.deliveryitinerary78_6000,42,__import__.customer_5722
__demo__.deliveryitineraryposition78_43,__demo__.deliveryitinerary78_6000,43,__import__.customer_8227
__demo__.deliveryitineraryposition78_44,__demo__.deliveryitinerary78_6000,44,__import__.customer_8117
__demo__.deliveryitineraryposition78_45,__demo__.deliveryitinerary78_6000,45,__import__.customer_2593
__demo__.deliveryitineraryposition78_46,__demo__.deliveryitinerary78_6000,46,__import__.customer_2418
__demo__.deliveryitineraryposition78_47,__demo__.deliveryitinerary78_6000,47,__import__.customer_3798
__demo__.deliveryitineraryposition78_48,__demo__.deliveryitinerary78_6000,48,__import__.customer_4585
__demo__.deliveryitineraryposition78_49,__demo__.deliveryitinerary78_6000,49,__import__.customer_8763
__demo__.deliveryitineraryposition78_50,__demo__.deliveryitinerary78_6000,50,__import__.customer_6820
__demo__.deliveryitineraryposition78_51,__demo__.deliveryitinerary78_6000,51,__import__.customer_8444
__demo__.deliveryitineraryposition78_52,__demo__.deliveryitinerary78_6000,52,__import__.customer_8878
__demo__.deliveryitineraryposition78_53,__demo__.deliveryitinerary78_6000,53,__import__.customer_7765
__demo__.deliveryitineraryposition78_54,__demo__.deliveryitinerary78_6000,54,__import__.customer_8197
__demo__.deliveryitineraryposition78_55,__demo__.deliveryitinerary78_6000,55,__import__.customer_757
__demo__.deliveryitineraryposition78_56,__demo__.deliveryitinerary78_6000,56,__import__.customer_2165
__demo__.deliveryitineraryposition78_57,__demo__.deliveryitinerary78_6000,57,__import__.customer_5889
__demo__.deliveryitineraryposition78_58,__demo__.deliveryitinerary78_6000,58,__import__.customer_8702
__demo__.deliveryitineraryposition78_59,__demo__.deliveryitinerary78_6000,59,__import__.customer_7872
__demo__.deliveryitineraryposition78_60,__demo__.deliveryitinerary78_6000,60,__import__.customer_3163
__demo__.deliveryitineraryposition78_61,__demo__.deliveryitinerary78_6000,61,__import__.customer_1104
__demo__.deliveryitineraryposition78_62,__demo__.deliveryitinerary78_6000,62,__import__.customer_3770
__demo__.deliveryitineraryposition78_63,__demo__.deliveryitinerary78_6000,63,__import__.customer_7892
__demo__.deliveryitineraryposition78_64,__demo__.deliveryitinerary78_6000,64,__import__.customer_5651
__demo__.deliveryitineraryposition78_65,__demo__.deliveryitinerary78_6000,65,__import__.customer_650
__demo__.deliveryitineraryposition79_2,__demo__.deliveryitinerary79_1000,2,__import__.customer_7550
__demo__.deliveryitineraryposition79_3,__demo__.deliveryitinerary79_1000,3,__import__.customer_876
__demo__.deliveryitineraryposition79_4,__demo__.deliveryitinerary79_1000,4,__import__.customer_787
__demo__.deliveryitineraryposition79_5,__demo__.deliveryitinerary79_1000,5,__import__.customer_7307
__demo__.deliveryitineraryposition79_6,__demo__.deliveryitinerary79_1000,6,__import__.customer_863
__demo__.deliveryitineraryposition79_7,__demo__.deliveryitinerary79_1000,7,__import__.customer_6871
__demo__.deliveryitineraryposition79_8,__demo__.deliveryitinerary79_1000,8,__import__.customer_1943
__demo__.deliveryitineraryposition79_9,__demo__.deliveryitinerary79_1000,9,__import__.customer_2533
__demo__.deliveryitineraryposition79_10,__demo__.deliveryitinerary79_1000,10,__import__.customer_1023
__demo__.deliveryitineraryposition79_11,__demo__.deliveryitinerary79_1000,11,__import__.customer_3828
__demo__.deliveryitineraryposition79_12,__demo__.deliveryitinerary79_1000,12,__import__.customer_7224
__demo__.deliveryitineraryposition79_13,__demo__.deliveryitinerary79_1000,13,__import__.customer_2040
__demo__.deliveryitineraryposition79_14,__demo__.deliveryitinerary79_1000,14,__import__.customer_8791
__demo__.deliveryitineraryposition79_15,__demo__.deliveryitinerary79_1000,15,__import__.customer_4743
__demo__.deliveryitineraryposition79_16,__demo__.deliveryitinerary79_1000,16,__import__.customer_463
__demo__.deliveryitineraryposition79_18,__demo__.deliveryitinerary79_1000,18,__import__.customer_6939
__demo__.deliveryitineraryposition79_19,__demo__.deliveryitinerary79_1000,19,__import__.customer_5177
__demo__.deliveryitineraryposition79_21,__demo__.deliveryitinerary79_1000,21,__import__.customer_5741
__demo__.deliveryitineraryposition79_22,__demo__.deliveryitinerary79_1000,22,__import__.customer_3158
__demo__.deliveryitineraryposition79_23,__demo__.deliveryitinerary79_1000,23,__import__.customer_8854
__demo__.deliveryitineraryposition79_24,__demo__.deliveryitinerary79_1000,24,__import__.customer_3349
__demo__.deliveryitineraryposition79_25,__demo__.deliveryitinerary79_1000,25,__import__.customer_2367
__demo__.deliveryitineraryposition79_27,__demo__.deliveryitinerary79_1000,27,__import__.customer_8187
__demo__.deliveryitineraryposition79_28,__demo__.deliveryitinerary79_1000,28,__import__.customer_437
__demo__.deliveryitineraryposition79_29,__demo__.deliveryitinerary79_1000,29,__import__.customer_8794
__demo__.deliveryitineraryposition79_30,__demo__.deliveryitinerary79_1000,30,__import__.customer_8795
__demo__.deliveryitineraryposition79_32,__demo__.deliveryitinerary79_1000,32,__import__.customer_4734
__demo__.deliveryitineraryposition79_33,__demo__.deliveryitinerary79_1000,33,__import__.customer_355
__demo__.deliveryitineraryposition79_38,__demo__.deliveryitinerary79_1000,38,__import__.customer_3992
__demo__.deliveryitineraryposition79_39,__demo__.deliveryitinerary79_1000,39,__import__.customer_3849
__demo__.deliveryitineraryposition79_40,__demo__.deliveryitinerary79_1000,40,__import__.customer_4115
__demo__.deliveryitineraryposition79_41,__demo__.deliveryitinerary79_1000,41,__import__.customer_8439
__demo__.deliveryitineraryposition79_42,__demo__.deliveryitinerary79_1000,42,__import__.customer_4257
__demo__.deliveryitineraryposition79_43,__demo__.deliveryitinerary79_1000,43,__import__.customer_4181
__demo__.deliveryitineraryposition79_44,__demo__.deliveryitinerary79_1000,44,__import__.customer_8722
__demo__.deliveryitineraryposition79_45,__demo__.deliveryitinerary79_1000,45,__import__.customer_1122
__demo__.deliveryitineraryposition79_46,__demo__.deliveryitinerary79_1000,46,__import__.customer_5530
__demo__.deliveryitineraryposition79_47,__demo__.deliveryitinerary79_1000,47,__import__.customer_3592
__demo__.deliveryitineraryposition79_48,__demo__.deliveryitinerary79_1000,48,__import__.customer_366
__demo__.deliveryitineraryposition79_49,__demo__.deliveryitinerary79_1000,49,__import__.customer_5750
__demo__.deliveryitineraryposition79_50,__demo__.deliveryitinerary79_1000,50,__import__.customer_8154
__demo__.deliveryitineraryposition79_51,__demo__.deliveryitinerary79_1000,51,__import__.customer_8630
__demo__.deliveryitineraryposition79_52,__demo__.deliveryitinerary79_1000,52,__import__.customer_407
__demo__.deliveryitineraryposition79_53,__demo__.deliveryitinerary79_1000,53,__import__.customer_353
__demo__.deliveryitineraryposition79_54,__demo__.deliveryitinerary79_1000,54,__import__.customer_4225
__demo__.deliveryitineraryposition79_57,__demo__.deliveryitinerary79_1000,57,__import__.customer_5317
__demo__.deliveryitineraryposition79_58,__demo__.deliveryitinerary79_1000,58,__import__.customer_7629
__demo__.deliveryitineraryposition79_59,__demo__.deliveryitinerary79_1000,59,__import__.customer_8689
__demo__.deliveryitineraryposition79_60,__demo__.deliveryitinerary79_1000,60,__import__.customer_349
__demo__.deliveryitineraryposition79_61,__demo__.deliveryitinerary79_1000,61,__import__.customer_8225
__demo__.deliveryitineraryposition79_62,__demo__.deliveryitinerary79_1000,62,__import__.customer_4221
__demo__.deliveryitineraryposition79_63,__demo__.deliveryitinerary79_1000,63,__import__.customer_1823
__demo__.deliveryitineraryposition79_64,__demo__.deliveryitinerary79_1000,64,__import__.customer_2986
__demo__.deliveryitineraryposition79_65,__demo__.deliveryitinerary79_1000,65,__import__.customer_4027
__demo__.deliveryitineraryposition79_66,__demo__.deliveryitinerary79_1000,66,__import__.customer_7687
__demo__.deliveryitineraryposition80_1,__demo__.deliveryitinerary80_4000,1,__import__.customer_514
__demo__.deliveryitineraryposition80_2,__demo__.deliveryitinerary80_4000,2,__import__.customer_8099
__demo__.deliveryitineraryposition80_3,__demo__.deliveryitinerary80_4000,3,__import__.customer_7828
__demo__.deliveryitineraryposition80_5,__demo__.deliveryitinerary80_4000,5,__import__.customer_7258
__demo__.deliveryitineraryposition80_6,__demo__.deliveryitinerary80_4000,6,__import__.customer_875
__demo__.deliveryitineraryposition80_9,__demo__.deliveryitinerary80_4000,9,__import__.customer_725
__demo__.deliveryitineraryposition80_10,__demo__.deliveryitinerary80_4000,10,__import__.customer_8035
__demo__.deliveryitineraryposition80_11,__demo__.deliveryitinerary80_4000,11,__import__.customer_8036
__demo__.deliveryitineraryposition80_12,__demo__.deliveryitinerary80_4000,12,__import__.customer_8037
__demo__.deliveryitineraryposition80_13,__demo__.deliveryitinerary80_4000,13,__import__.customer_8544
__demo__.deliveryitineraryposition80_15,__demo__.deliveryitinerary80_4000,15,__import__.customer_5197
__demo__.deliveryitineraryposition80_16,__demo__.deliveryitinerary80_4000,16,__import__.customer_156
__demo__.deliveryitineraryposition80_17,__demo__.deliveryitinerary80_4000,17,__import__.customer_466
__demo__.deliveryitineraryposition80_18,__demo__.deliveryitinerary80_4000,18,__import__.customer_642
__demo__.deliveryitineraryposition80_19,__demo__.deliveryitinerary80_4000,19,__import__.customer_4551
__demo__.deliveryitineraryposition80_20,__demo__.deliveryitinerary80_4000,20,__import__.customer_8739
__demo__.deliveryitineraryposition80_21,__demo__.deliveryitinerary80_4000,21,__import__.customer_25
__demo__.deliveryitineraryposition80_22,__demo__.deliveryitinerary80_4000,22,__import__.customer_8019
__demo__.deliveryitineraryposition80_23,__demo__.deliveryitinerary80_4000,23,__import__.customer_4646
__demo__.deliveryitineraryposition80_24,__demo__.deliveryitinerary80_4000,24,__import__.customer_1016
__demo__.deliveryitineraryposition80_25,__demo__.deliveryitinerary80_4000,25,__import__.customer_8651
__demo__.deliveryitineraryposition80_26,__demo__.deliveryitinerary80_4000,26,__import__.customer_8523
__demo__.deliveryitineraryposition80_27,__demo__.deliveryitinerary80_4000,27,__import__.customer_8553
__demo__.deliveryitineraryposition80_28,__demo__.deliveryitinerary80_4000,28,__import__.customer_5226
__demo__.deliveryitineraryposition80_29,__demo__.deliveryitinerary80_4000,29,__import__.customer_6954
__demo__.deliveryitineraryposition80_30,__demo__.deliveryitinerary80_4000,30,__import__.customer_8241
__demo__.deliveryitineraryposition80_31,__demo__.deliveryitinerary80_4000,31,__import__.customer_148
__demo__.deliveryitineraryposition80_32,__demo__.deliveryitinerary80_4000,32,__import__.customer_3755
__demo__.deliveryitineraryposition80_34,__demo__.deliveryitinerary80_4000,34,__import__.customer_249
__demo__.deliveryitineraryposition80_38,__demo__.deliveryitinerary80_4000,38,__import__.customer_494
__demo__.deliveryitineraryposition80_39,__demo__.deliveryitinerary80_4000,39,__import__.customer_8781
__demo__.deliveryitineraryposition80_40,__demo__.deliveryitinerary80_4000,40,__import__.customer_516
__demo__.deliveryitineraryposition80_41,__demo__.deliveryitinerary80_4000,41,__import__.customer_111
__demo__.deliveryitineraryposition80_43,__demo__.deliveryitinerary80_4000,43,__import__.customer_870
__demo__.deliveryitineraryposition80_44,__demo__.deliveryitinerary80_4000,44,__import__.customer_5493
__demo__.deliveryitineraryposition80_45,__demo__.deliveryitinerary80_4000,45,__import__.customer_8993
__demo__.deliveryitineraryposition80_47,__demo__.deliveryitinerary80_4000,47,__import__.customer_8946
__demo__.deliveryitineraryposition80_49,__demo__.deliveryitinerary80_4000,49,__import__.customer_3725
__demo__.deliveryitineraryposition80_50,__demo__.deliveryitinerary80_4000,50,__import__.customer_7380
__demo__.deliveryitineraryposition80_53,__demo__.deliveryitinerary80_4000,53,__import__.customer_7383
__demo__.deliveryitineraryposition80_54,__demo__.deliveryitinerary80_4000,54,__import__.customer_7623
__demo__.deliveryitineraryposition80_55,__demo__.deliveryitinerary80_4000,55,__import__.customer_386
__demo__.deliveryitineraryposition80_56,__demo__.deliveryitinerary80_4000,56,__import__.customer_4062
__demo__.deliveryitineraryposition80_57,__demo__.deliveryitinerary80_4000,57,__import__.customer_40
__demo__.deliveryitineraryposition80_58,__demo__.deliveryitinerary80_4000,58,__import__.customer_907
__demo__.deliveryitineraryposition80_60,__demo__.deliveryitinerary80_4000,60,__import__.customer_8503
__demo__.deliveryitineraryposition80_61,__demo__.deliveryitinerary80_4000,61,__import__.customer_5447
__demo__.deliveryitineraryposition80_62,__demo__.deliveryitinerary80_4000,62,__import__.customer_2488
__demo__.deliveryitineraryposition80_63,__demo__.deliveryitinerary80_4000,63,__import__.customer_5237
__demo__.deliveryitineraryposition80_64,__demo__.deliveryitinerary80_4000,64,__import__.customer_351
__demo__.deliveryitineraryposition80_66,__demo__.deliveryitinerary80_4000,66,__import__.customer_7127
__demo__.deliveryitineraryposition80_67,__demo__.deliveryitinerary80_4000,67,__import__.customer_2346
__demo__.deliveryitineraryposition80_68,__demo__.deliveryitinerary80_4000,68,__import__.customer_5173
__demo__.deliveryitineraryposition80_69,__demo__.deliveryitinerary80_4000,69,__import__.customer_91
__demo__.deliveryitineraryposition80_70,__demo__.deliveryitinerary80_4000,70,__import__.customer_2018
__demo__.deliveryitineraryposition80_71,__demo__.deliveryitinerary80_4000,71,__import__.customer_8945
__demo__.deliveryitineraryposition80_72,__demo__.deliveryitinerary80_4000,72,__import__.customer_8746
__demo__.deliveryitineraryposition80_74,__demo__.deliveryitinerary80_4000,74,__import__.customer_8789
__demo__.deliveryitineraryposition80_75,__demo__.deliveryitinerary80_4000,75,__import__.customer_8414
__demo__.deliveryitineraryposition80_76,__demo__.deliveryitinerary80_4000,76,__import__.customer_454
__demo__.deliveryitineraryposition80_77,__demo__.deliveryitinerary80_4000,77,__import__.customer_802
__demo__.deliveryitineraryposition80_78,__demo__.deliveryitinerary80_4000,78,__import__.customer_2354
__demo__.deliveryitineraryposition80_79,__demo__.deliveryitinerary80_4000,79,__import__.customer_7390
__demo__.deliveryitineraryposition80_80,__demo__.deliveryitinerary80_4000,80,__import__.customer_8812
__demo__.deliveryitineraryposition80_81,__demo__.deliveryitinerary80_4000,81,__import__.customer_6837
__demo__.deliveryitineraryposition80_82,__demo__.deliveryitinerary80_4000,82,__import__.customer_1012
__demo__.deliveryitineraryposition80_86,__demo__.deliveryitinerary80_4000,86,__import__.customer_5367
__demo__.deliveryitineraryposition80_87,__demo__.deliveryitinerary80_4000,87,__import__.customer_8299
__demo__.deliveryitineraryposition80_88,__demo__.deliveryitinerary80_4000,88,__import__.customer_362
__demo__.deliveryitineraryposition80_89,__demo__.deliveryitinerary80_4000,89,__import__.customer_3238
__demo__.deliveryitineraryposition80_90,__demo__.deliveryitinerary80_4000,90,__import__.customer_318
__demo__.deliveryitineraryposition80_92,__demo__.deliveryitinerary80_4000,92,__import__.customer_7252
__demo__.deliveryitineraryposition80_93,__demo__.deliveryitinerary80_4000,93,__import__.customer_8679
__demo__.deliveryitineraryposition80_94,__demo__.deliveryitinerary80_4000,94,__import__.customer_4155
__demo__.deliveryitineraryposition80_95,__demo__.deliveryitinerary80_4000,95,__import__.customer_7988
__demo__.deliveryitineraryposition80_96,__demo__.deliveryitinerary80_4000,96,__import__.customer_6110
__demo__.deliveryitineraryposition80_97,__demo__.deliveryitinerary80_4000,97,__import__.customer_464
__demo__.deliveryitineraryposition81_1,__demo__.deliveryitinerary81_4000,1,__import__.customer_667
__demo__.deliveryitineraryposition81_2,__demo__.deliveryitinerary81_4000,2,__import__.customer_3740
__demo__.deliveryitineraryposition81_3,__demo__.deliveryitinerary81_4000,3,__import__.customer_4590
__demo__.deliveryitineraryposition81_4,__demo__.deliveryitinerary81_4000,4,__import__.customer_2247
__demo__.deliveryitineraryposition81_5,__demo__.deliveryitinerary81_4000,5,__import__.customer_1682
__demo__.deliveryitineraryposition81_6,__demo__.deliveryitinerary81_4000,6,__import__.customer_5399
__demo__.deliveryitineraryposition81_7,__demo__.deliveryitinerary81_4000,7,__import__.customer_5158
__demo__.deliveryitineraryposition81_8,__demo__.deliveryitinerary81_4000,8,__import__.customer_8936
__demo__.deliveryitineraryposition81_9,__demo__.deliveryitinerary81_4000,9,__import__.customer_4655
__demo__.deliveryitineraryposition81_10,__demo__.deliveryitinerary81_4000,10,__import__.customer_7358
__demo__.deliveryitineraryposition81_11,__demo__.deliveryitinerary81_4000,11,__import__.customer_3072
__demo__.deliveryitineraryposition81_12,__demo__.deliveryitinerary81_4000,12,__import__.customer_8342
__demo__.deliveryitineraryposition81_13,__demo__.deliveryitinerary81_4000,13,__import__.customer_8031
__demo__.deliveryitineraryposition81_14,__demo__.deliveryitinerary81_4000,14,__import__.customer_3583
__demo__.deliveryitineraryposition81_15,__demo__.deliveryitinerary81_4000,15,__import__.customer_801
__demo__.deliveryitineraryposition81_16,__demo__.deliveryitinerary81_4000,16,__import__.customer_1568
__demo__.deliveryitineraryposition81_17,__demo__.deliveryitinerary81_4000,17,__import__.customer_4811
__demo__.deliveryitineraryposition81_18,__demo__.deliveryitinerary81_4000,18,__import__.customer_4464
__demo__.deliveryitineraryposition81_19,__demo__.deliveryitinerary81_4000,19,__import__.customer_761
__demo__.deliveryitineraryposition81_20,__demo__.deliveryitinerary81_4000,20,__import__.customer_2612
__demo__.deliveryitineraryposition81_21,__demo__.deliveryitinerary81_4000,21,__import__.customer_8249
__demo__.deliveryitineraryposition81_22,__demo__.deliveryitinerary81_4000,22,__import__.customer_9015
__demo__.deliveryitineraryposition81_23,__demo__.deliveryitinerary81_4000,23,__import__.customer_2051
__demo__.deliveryitineraryposition81_24,__demo__.deliveryitinerary81_4000,24,__import__.customer_5626
__demo__.deliveryitineraryposition81_25,__demo__.deliveryitinerary81_4000,25,__import__.customer_1062
__demo__.deliveryitineraryposition81_26,__demo__.deliveryitinerary81_4000,26,__import__.customer_5453
__demo__.deliveryitineraryposition81_27,__demo__.deliveryitinerary81_4000,27,__import__.customer_4538
__demo__.deliveryitineraryposition81_28,__demo__.deliveryitinerary81_4000,28,__import__.customer_5432
__demo__.deliveryitineraryposition81_29,__demo__.deliveryitinerary81_4000,29,__import__.customer_3106
__demo__.deliveryitineraryposition81_30,__demo__.deliveryitinerary81_4000,30,__import__.customer_4717
__demo__.deliveryitineraryposition81_31,__demo__.deliveryitinerary81_4000,31,__import__.customer_1968
__demo__.deliveryitineraryposition81_32,__demo__.deliveryitinerary81_4000,32,__import__.customer_7771
__demo__.deliveryitineraryposition81_33,__demo__.deliveryitinerary81_4000,33,__import__.customer_64
__demo__.deliveryitineraryposition81_34,__demo__.deliveryitinerary81_4000,34,__import__.customer_5656
__demo__.deliveryitineraryposition81_35,__demo__.deliveryitinerary81_4000,35,__import__.customer_1711
__demo__.deliveryitineraryposition81_36,__demo__.deliveryitinerary81_4000,36,__import__.customer_321
__demo__.deliveryitineraryposition81_37,__demo__.deliveryitinerary81_4000,37,__import__.customer_7617
__demo__.deliveryitineraryposition81_38,__demo__.deliveryitinerary81_4000,38,__import__.customer_8578
__demo__.deliveryitineraryposition81_39,__demo__.deliveryitinerary81_4000,39,__import__.customer_7221
__demo__.deliveryitineraryposition81_40,__demo__.deliveryitinerary81_4000,40,__import__.customer_8985
__demo__.deliveryitineraryposition81_41,__demo__.deliveryitinerary81_4000,41,__import__.customer_8662
__demo__.deliveryitineraryposition81_42,__demo__.deliveryitinerary81_4000,42,__import__.customer_4065
__demo__.deliveryitineraryposition81_43,__demo__.deliveryitinerary81_4000,43,__import__.customer_2549
__demo__.deliveryitineraryposition81_44,__demo__.deliveryitinerary81_4000,44,__import__.customer_5855
__demo__.deliveryitineraryposition81_45,__demo__.deliveryitinerary81_4000,45,__import__.customer_3721
__demo__.deliveryitineraryposition81_46,__demo__.deliveryitinerary81_4000,46,__import__.customer_8510
__demo__.deliveryitineraryposition81_47,__demo__.deliveryitinerary81_4000,47,__import__.customer_2189
__demo__.deliveryitineraryposition81_48,__demo__.deliveryitinerary81_4000,48,__import__.customer_7946
__demo__.deliveryitineraryposition81_49,__demo__.deliveryitinerary81_4000,49,__import__.customer_4153
__demo__.deliveryitineraryposition81_50,__demo__.deliveryitinerary81_4000,50,__import__.customer_8168
__demo__.deliveryitineraryposition81_51,__demo__.deliveryitinerary81_4000,51,__import__.customer_2408
__demo__.deliveryitineraryposition81_52,__demo__.deliveryitinerary81_4000,52,__import__.customer_4920
__demo__.deliveryitineraryposition81_53,__demo__.deliveryitinerary81_4000,53,__import__.customer_8935
__demo__.deliveryitineraryposition81_54,__demo__.deliveryitinerary81_4000,54,__import__.customer_8894
__demo__.deliveryitineraryposition81_55,__demo__.deliveryitinerary81_4000,55,__import__.customer_470
__demo__.deliveryitineraryposition81_56,__demo__.deliveryitinerary81_4000,56,__import__.customer_5623
__demo__.deliveryitineraryposition81_57,__demo__.deliveryitinerary81_4000,57,__import__.customer_7048
__demo__.deliveryitineraryposition81_58,__demo__.deliveryitinerary81_4000,58,__import__.customer_6099
__demo__.deliveryitineraryposition81_59,__demo__.deliveryitinerary81_4000,59,__import__.customer_2132
__demo__.deliveryitineraryposition81_60,__demo__.deliveryitinerary81_4000,60,__import__.customer_3784
__demo__.deliveryitineraryposition81_61,__demo__.deliveryitinerary81_4000,61,__import__.customer_8254
__demo__.deliveryitineraryposition81_62,__demo__.deliveryitinerary81_4000,62,__import__.customer_2291
__demo__.deliveryitineraryposition81_63,__demo__.deliveryitinerary81_4000,63,__import__.customer_697
__demo__.deliveryitineraryposition81_64,__demo__.deliveryitinerary81_4000,64,__import__.customer_8898
__demo__.deliveryitineraryposition81_65,__demo__.deliveryitinerary81_4000,65,__import__.customer_7829
__demo__.deliveryitineraryposition81_66,__demo__.deliveryitinerary81_6000,66,__import__.customer_5455
__demo__.deliveryitineraryposition81_67,__demo__.deliveryitinerary81_6000,67,__import__.customer_8415
__demo__.deliveryitineraryposition81_68,__demo__.deliveryitinerary81_6000,68,__import__.customer_5077
__demo__.deliveryitineraryposition81_69,__demo__.deliveryitinerary81_6000,69,__import__.customer_5104
__demo__.deliveryitineraryposition81_70,__demo__.deliveryitinerary81_6000,70,__import__.customer_7632
__demo__.deliveryitineraryposition81_71,__demo__.deliveryitinerary81_6000,71,__import__.customer_3564
__demo__.deliveryitineraryposition81_72,__demo__.deliveryitinerary81_6000,72,__import__.customer_7736
__demo__.deliveryitineraryposition81_73,__demo__.deliveryitinerary81_6000,73,__import__.customer_2558
__demo__.deliveryitineraryposition81_74,__demo__.deliveryitinerary81_6000,74,__import__.customer_7137
__demo__.deliveryitineraryposition81_75,__demo__.deliveryitinerary81_6000,75,__import__.customer_7407
__demo__.deliveryitineraryposition81_76,__demo__.deliveryitinerary81_4000,76,__import__.customer_4152
__demo__.deliveryitineraryposition81_77,__demo__.deliveryitinerary81_4000,77,__import__.customer_4151
__demo__.deliveryitineraryposition81_78,__demo__.deliveryitinerary81_4000,78,__import__.customer_4081
__demo__.deliveryitineraryposition81_79,__demo__.deliveryitinerary81_4000,79,__import__.customer_2600
__demo__.deliveryitineraryposition81_80,__demo__.deliveryitinerary81_4000,80,__import__.customer_5140
__demo__.deliveryitineraryposition81_81,__demo__.deliveryitinerary81_4000,81,__import__.customer_4075
__demo__.deliveryitineraryposition82_1,__demo__.deliveryitinerary82_4000,1,__import__.customer_2656
__demo__.deliveryitineraryposition82_2,__demo__.deliveryitinerary82_4000,2,__import__.customer_8181
__demo__.deliveryitineraryposition82_3,__demo__.deliveryitinerary82_4000,3,__import__.customer_6944
__demo__.deliveryitineraryposition82_4,__demo__.deliveryitinerary82_4000,4,__import__.customer_5377
__demo__.deliveryitineraryposition82_5,__demo__.deliveryitinerary82_4000,5,__import__.customer_7766
__demo__.deliveryitineraryposition82_6,__demo__.deliveryitinerary82_4000,6,__import__.customer_361
__demo__.deliveryitineraryposition82_7,__demo__.deliveryitinerary82_4000,7,__import__.customer_8658
__demo__.deliveryitineraryposition82_8,__demo__.deliveryitinerary82_4000,8,__import__.customer_8678
__demo__.deliveryitineraryposition82_9,__demo__.deliveryitinerary82_4000,9,__import__.customer_783
__demo__.deliveryitineraryposition82_10,__demo__.deliveryitinerary82_4000,10,__import__.customer_897
__demo__.deliveryitineraryposition82_11,__demo__.deliveryitinerary82_4000,11,__import__.customer_5228
__demo__.deliveryitineraryposition82_12,__demo__.deliveryitinerary82_4000,12,__import__.customer_8186
__demo__.deliveryitineraryposition82_13,__demo__.deliveryitinerary82_4000,13,__import__.customer_8891
__demo__.deliveryitineraryposition82_14,__demo__.deliveryitinerary82_4000,14,__import__.customer_2320
__demo__.deliveryitineraryposition82_15,__demo__.deliveryitinerary82_4000,15,__import__.customer_1842
__demo__.deliveryitineraryposition82_16,__demo__.deliveryitinerary82_4000,16,__import__.customer_7660
__demo__.deliveryitineraryposition82_17,__demo__.deliveryitinerary82_4000,17,__import__.customer_7661
__demo__.deliveryitineraryposition82_18,__demo__.deliveryitinerary82_4000,18,__import__.customer_133
__demo__.deliveryitineraryposition82_19,__demo__.deliveryitinerary82_4000,19,__import__.customer_3104
__demo__.deliveryitineraryposition82_20,__demo__.deliveryitinerary82_4000,20,__import__.customer_8258
__demo__.deliveryitineraryposition82_21,__demo__.deliveryitinerary82_4000,21,__import__.customer_8051
__demo__.deliveryitineraryposition82_22,__demo__.deliveryitinerary82_4000,22,__import__.customer_8134
__demo__.deliveryitineraryposition82_23,__demo__.deliveryitinerary82_4000,23,__import__.customer_7299
__demo__.deliveryitineraryposition82_24,__demo__.deliveryitinerary82_4000,24,__import__.customer_7549
__demo__.deliveryitineraryposition82_25,__demo__.deliveryitinerary82_4000,25,__import__.customer_7621
__demo__.deliveryitineraryposition82_26,__demo__.deliveryitinerary82_4000,26,__import__.customer_7577
__demo__.deliveryitineraryposition82_27,__demo__.deliveryitinerary82_4000,27,__import__.customer_2268
__demo__.deliveryitineraryposition82_28,__demo__.deliveryitinerary82_4000,28,__import__.customer_7949
__demo__.deliveryitineraryposition82_29,__demo__.deliveryitinerary82_4000,29,__import__.customer_7329
__demo__.deliveryitineraryposition82_30,__demo__.deliveryitinerary82_4000,30,__import__.customer_2840
__demo__.deliveryitineraryposition82_31,__demo__.deliveryitinerary82_4000,31,__import__.customer_7104
__demo__.deliveryitineraryposition82_32,__demo__.deliveryitinerary82_4000,32,__import__.customer_5297
__demo__.deliveryitineraryposition82_33,__demo__.deliveryitinerary82_4000,33,__import__.customer_5034
__demo__.deliveryitineraryposition82_34,__demo__.deliveryitinerary82_4000,34,__import__.customer_8430
__demo__.deliveryitineraryposition82_35,__demo__.deliveryitinerary82_4000,35,__import__.customer_8379
__demo__.deliveryitineraryposition82_36,__demo__.deliveryitinerary82_4000,36,__import__.customer_2443
__demo__.deliveryitineraryposition82_37,__demo__.deliveryitinerary82_4000,37,__import__.customer_4476
__demo__.deliveryitineraryposition82_38,__demo__.deliveryitinerary82_4000,38,__import__.customer_5309
__demo__.deliveryitineraryposition82_39,__demo__.deliveryitinerary82_6000,39,__import__.customer_1196
__demo__.deliveryitineraryposition82_40,__demo__.deliveryitinerary82_6000,40,__import__.customer_5406
__demo__.deliveryitineraryposition82_41,__demo__.deliveryitinerary82_6000,41,__import__.customer_394
__demo__.deliveryitineraryposition82_42,__demo__.deliveryitinerary82_6000,42,__import__.customer_8399
__demo__.deliveryitineraryposition82_43,__demo__.deliveryitinerary82_6000,43,__import__.customer_593
__demo__.deliveryitineraryposition82_44,__demo__.deliveryitinerary82_6000,44,__import__.customer_7642
__demo__.deliveryitineraryposition82_45,__demo__.deliveryitinerary82_6000,45,__import__.customer_8427
__demo__.deliveryitineraryposition82_46,__demo__.deliveryitinerary82_6000,46,__import__.customer_8613
__demo__.deliveryitineraryposition82_47,__demo__.deliveryitinerary82_6000,47,__import__.customer_4343
__demo__.deliveryitineraryposition82_48,__demo__.deliveryitinerary82_6000,48,__import__.customer_4200
__demo__.deliveryitineraryposition82_49,__demo__.deliveryitinerary82_6000,49,__import__.customer_8479
__demo__.deliveryitineraryposition82_50,__demo__.deliveryitinerary82_6000,50,__import__.customer_5533
__demo__.deliveryitineraryposition82_51,__demo__.deliveryitinerary82_6000,51,__import__.customer_333
__demo__.deliveryitineraryposition82_52,__demo__.deliveryitinerary82_1000,52,__import__.customer_3955
__demo__.deliveryitineraryposition82_53,__demo__.deliveryitinerary82_1000,53,__import__.customer_1613
__demo__.deliveryitineraryposition82_54,__demo__.deliveryitinerary82_1000,54,__import__.customer_5740
__demo__.deliveryitineraryposition82_55,__demo__.deliveryitinerary82_1000,55,__import__.customer_2249
__demo__.deliveryitineraryposition82_56,__demo__.deliveryitinerary82_1000,56,__import__.customer_8796
__demo__.deliveryitineraryposition82_57,__demo__.deliveryitinerary82_1000,57,__import__.customer_1849
__demo__.deliveryitineraryposition82_58,__demo__.deliveryitinerary82_1000,58,__import__.customer_5378
__demo__.deliveryitineraryposition82_59,__demo__.deliveryitinerary82_1000,59,__import__.customer_8720
__demo__.deliveryitineraryposition82_60,__demo__.deliveryitinerary82_5000,60,__import__.customer_1172
__demo__.deliveryitineraryposition82_61,__demo__.deliveryitinerary82_5000,61,__import__.customer_6819
__demo__.deliveryitineraryposition82_62,__demo__.deliveryitinerary82_5000,62,__import__.customer_8541
__demo__.deliveryitineraryposition82_63,__demo__.deliveryitinerary82_5000,63,__import__.customer_3860
__demo__.deliveryitineraryposition82_64,__demo__.deliveryitinerary82_5000,64,__import__.customer_3812
