id,description_picking
__import__.product_8015521,G
__import__.product_8019944,E
__import__.product_8020781,E
__import__.product_8021556,E
__import__.product_8023064,E
__import__.product_8023704,E
__import__.product_8024796,E
__import__.product_8013203,E
__import__.product_8039065,E
__import__.product_8019453,E
__import__.product_8007639,G
__import__.product_8007591,G
__import__.product_8014697,E
__import__.product_8044149,G
__import__.product_6112332,E
__import__.product_8014639,G
__import__.product_1284579,Q
__import__.product_1284561,Q
__import__.product_1013028,G
__import__.product_1246701,G
__import__.product_0399782,G
__import__.product_1179985,G
__import__.product_0399907,G
__import__.product_0275362,G
__import__.product_0275370,G
__import__.product_0399915,G
__import__.product_0259754,G
__import__.product_1151687,Q
__import__.product_1065606,G
__import__.product_1013119,G
__import__.product_0030494,G
__import__.product_0110000,G
__import__.product_0444240,G
__import__.product_0478362,G
__import__.product_0497669,G
__import__.product_0202184,G
__import__.product_0262113,G
__import__.product_0891283,G
__import__.product_1047331,G
__import__.product_1225879,G
__import__.product_1082122,G
__import__.product_1107440,G
__import__.product_1286343,G
__import__.product_0878066,Q
__import__.product_1395904,Q
__import__.product_1444892,Q
__import__.product_1202233,Q
__import__.product_1202241,Q
__import__.product_1425149,G
__import__.product_0287342,G
__import__.product_1080241,G
__import__.product_1411453,Q
__import__.product_1120880,G
__import__.product_0884064,G
__import__.product_1400500,G
__import__.product_1505000,G
__import__.product_1505016,G
__import__.product_1505017,G
__import__.product_8008277,E
__import__.product_8014361,E
__import__.product_0817197,G
__import__.product_0482240,G
__import__.product_1308451,G
__import__.product_1308469,G
__import__.product_1308477,E
__import__.product_1232966,G
__import__.product_1232958,G
__import__.product_8013999,G
__import__.product_8014013,G
__import__.product_8014042,G
__import__.product_8003759,E
__import__.product_8040565,E
__import__.product_8020203,E
__import__.product_8020226,E
__import__.product_8017098,E
__import__.product_8020396,E
__import__.product_1290338,G
__import__.product_0830679,G
__import__.product_6502223,E
__import__.product_6600806,G
__import__.product_6600817,Q
__import__.product_6600832,G
__import__.product_7142316,E
__import__.product_6600844,G
__import__.product_6600857,G
__import__.product_0320124,G
__import__.product_6355010,E
__import__.product_6197003,G
__import__.product_6197009,G
__import__.product_6355019,E
__import__.product_6355025,E
__import__.product_6450022,E
__import__.product_6355030,E
__import__.product_6355040,E
__import__.product_6815005,E
__import__.product_6815006,E
__import__.product_8056004,E
__import__.product_8021002,E
__import__.product_8051504,E
__import__.product_8051904,E
__import__.product_7429004,E
__import__.product_7429065,E
__import__.product_5244020,E
__import__.product_7764005,G
__import__.product_7764012,G
__import__.product_8158003,G
__import__.product_8165002,E
__import__.product_8165028,E
__import__.product_6830201,G
__import__.product_4200125,G
__import__.product_4200126,G
__import__.product_8030017,G
__import__.product_8030199,E
__import__.product_8047082,E
__import__.product_8023785,E
__import__.product_8025554,E
__import__.product_8022107,E
__import__.product_8022113,E
__import__.product_8022142,E
__import__.product_8022515,E
__import__.product_8022461,E
__import__.product_8070015,G
__import__.product_0311753,G
__import__.product_8270503,G
__import__.product_6350308,Q
__import__.product_8270512,G
__import__.product_8270517,G
__import__.product_8270062,G
__import__.product_8270531,G
__import__.product_8270084,E
__import__.product_6350503,G
__import__.product_6350504,Q
__import__.product_1251743,G
__import__.product_6350508,G
__import__.product_6350511,G
__import__.product_8025413,E
__import__.product_8014668,G
__import__.product_8050397,E
__import__.product_6350569,G
__import__.product_6350549,G
__import__.product_6350573,G
__import__.product_6350578,G
__import__.product_6350562,G
__import__.product_8270176,G
__import__.product_8045574,E
__import__.product_7930116,E
__import__.product_0846097,G
__import__.product_7110001,Q
__import__.product_7110002,Q
__import__.product_7930126,G
__import__.product_1385871,Q
__import__.product_9512012,G
__import__.product_9512017,G
__import__.product_3012251,E
__import__.product_6277018,E
__import__.product_7420012,Q
__import__.product_0035434,E
__import__.product_0605945,E
__import__.product_8035133,E
__import__.product_8030495,E
__import__.product_8001714,E
__import__.product_7420013,Q
__import__.product_7420015,Q
__import__.product_2421407,E
__import__.product_7730400,G
__import__.product_8032086,E
__import__.product_8027375,E
__import__.product_8036279,E
__import__.product_8036138,E
__import__.product_8034398,E
__import__.product_8027412,E
__import__.product_8031951,E
__import__.product_7920031,E
__import__.product_7920032,E
__import__.product_7920041,G
__import__.product_3455440,G
__import__.product_1402468,E
__import__.product_7730470,G
__import__.product_8035601,E
__import__.product_7144030,G
__import__.product_6600865,G
__import__.product_7140006,E
__import__.product_7920051,G
__import__.product_7920052,G
__import__.product_7920053,G
__import__.product_7920054,G
__import__.product_8032063,E
__import__.product_7930132,G
__import__.product_8031431,E
__import__.product_8030153,E
__import__.product_0300111,G
__import__.product_7764015,G
__import__.product_7764020,G
__import__.product_8046912,E
__import__.product_8036434,E
__import__.product_6115055,E
__import__.product_8023443,E
__import__.product_8023578,E
__import__.product_8020640,E
__import__.product_6687372,G
__import__.product_6692063,G
__import__.product_0476796,G
__import__.product_8021728,E
__import__.product_6691052,G
__import__.product_0488060,E
__import__.product_3241019,G
__import__.product_0226175,G
__import__.product_8003558,E
__import__.product_8024454,E
__import__.product_8270250,G
__import__.product_6685401,G
__import__.product_8020462,E
__import__.product_8010612,E
__import__.product_7764024,G
__import__.product_6689738,G
__import__.product_8001789,G
__import__.product_8021668,E
__import__.product_8049827,E
__import__.product_7117979,Q
__import__.product_1534247,G
__import__.product_7920099,G
__import__.product_1256973,G
__import__.product_8023762,E
__import__.product_0285080,G
__import__.product_6600882,G
__import__.product_8036569,E
__import__.product_8055495,E
__import__.product_0641605,G
__import__.product_7928020,G
__import__.product_7928030,G
__import__.product_7926050,G
__import__.product_7926070,G
__import__.product_6685361,G
__import__.product_6685173,G
__import__.product_8003179,G
__import__.product_7920058,G
__import__.product_8021421,E
__import__.product_7920059,G
__import__.product_7920060,G
__import__.product_7411901,E
__import__.product_3305387,E
__import__.product_8021390,E
__import__.product_8031035,G
__import__.product_8031040,G
__import__.product_6684981,G
__import__.product_7764027,Q
__import__.product_6180869,E
__import__.product_8025608,E
__import__.product_8024460,E
__import__.product_7764023,G
__import__.product_7764028,G
__import__.product_8024810,E
__import__.product_7913501,G
__import__.product_7144024,E
__import__.product_6660831,E
__import__.product_9600076,G
__import__.product_1810274,G
__import__.product_1151810,Q
__import__.product_7110023,Q
__import__.product_7110024,Q
__import__.product_7920558,E
__import__.product_8055584,E
__import__.product_7920063,G
__import__.product_6350332,G
__import__.product_6689533,G
__import__.product_8055204,E
__import__.product_8000867,G
__import__.product_7920064,G
__import__.product_7415301,G
__import__.product_8330052,G
__import__.product_0809996,E
__import__.product_8046869,E
__import__.product_8016992,G
__import__.product_8019795,E
__import__.product_8037764,E
__import__.product_8014705,E
__import__.product_8025809,E
__import__.product_0165670,G
__import__.product_0173765,G
__import__.product_1072677,G
__import__.product_8047248,E
__import__.product_8039846,E
__import__.product_7142430,E
__import__.product_6355004,G
__import__.product_6355011,E
__import__.product_8025152,E
__import__.product_8051004,E
__import__.product_6840005,G
__import__.product_6840007,G
__import__.product_7760329,E
__import__.product_6401052,G
__import__.product_8242050,G
__import__.product_8270004,G
__import__.product_8270523,G
__import__.product_8270525,G
__import__.product_8310301,G
__import__.product_6350559,G
__import__.product_0841502,G
__import__.product_0846089,G
__import__.product_8034441,E
__import__.product_6330922,G
__import__.product_8031448,E
__import__.product_7920065,G
__import__.product_8024655,E
__import__.product_7488337,G
__import__.product_7920066,G
__import__.product_6197015,G
__import__.product_6690125,G
__import__.product_7109802,G
__import__.product_7705000,G
__import__.product_7928050,G
__import__.product_7420031,Q
__import__.product_1539261,Q
__import__.product_7140484,E
__import__.product_6452000,E
__import__.product_8055101,E
__import__.product_6450089,E
__import__.product_8049678,E
__import__.product_7456012,G
__import__.product_8022076,E
__import__.product_8021964,E
__import__.product_0241745,G
__import__.product_0301085,G
__import__.product_1372432,Q
__import__.product_7110032,Q
__import__.product_6039002,G
__import__.product_7110033,Q
__import__.product_1690023,G
__import__.product_6350338,G
__import__.product_1658715,Q
__import__.product_8030816,E
__import__.product_8038901,E
__import__.product_6123024,E
__import__.product_7926035,G
__import__.product_0154468,G
__import__.product_0284133,G
__import__.product_1151836,Q
__import__.product_1211259,G
__import__.product_1402800,Q
__import__.product_1500502,G
__import__.product_1500516,G
__import__.product_1505001,G
__import__.product_1505003,G
__import__.product_1505019,G
__import__.product_6020117,E
__import__.product_6401050,G
__import__.product_6450093,E
__import__.product_6450096,E
__import__.product_6502224,E
__import__.product_6690241,G
__import__.product_6815002,E
__import__.product_7413026,E
__import__.product_7429015,E
__import__.product_7429064,E
__import__.product_7930115,E
__import__.product_7930127,G
__import__.product_8019803,E
__import__.product_8022544,E
__import__.product_8024632,E
__import__.product_8033393,E
__import__.product_8034375,G
__import__.product_7923090,G
__import__.product_7705002,G
__import__.product_8034671,E
__import__.product_8017454,E
__import__.product_8017460,E
__import__.product_8017477,E
__import__.product_8017336,E
__import__.product_8017276,E
__import__.product_8017299,E
__import__.product_6446015,G
__import__.product_8025956,E
__import__.product_1232180,G
__import__.product_1633189,G
__import__.product_9030104,E
__import__.product_8259500,G
__import__.product_6357877,E
__import__.product_6254004,G
__import__.product_0198200,E
__import__.product_0817254,E
__import__.product_8259502,G
__import__.product_0070383,G
__import__.product_7141025,E
__import__.product_0154740,G
__import__.product_8270267,A
__import__.product_0048843,G
__import__.product_7415302,G
__import__.product_8003570,E
__import__.product_7415303,G
__import__.product_5213741,G
__import__.product_7913201,G
__import__.product_7913351,G
__import__.product_1596808,G
__import__.product_7910020,G
__import__.product_7145063,G
__import__.product_7764039,G
__import__.product_7928015,G
__import__.product_6350345,G
__import__.product_8036641,E
__import__.product_8062526,E
__import__.product_8041398,E
__import__.product_7415304,G
__import__.product_6446025,E
__import__.product_7920017,G
__import__.product_8034866,E
__import__.product_8029747,E
__import__.product_8270504,G
__import__.product_6446026,G
__import__.product_7764043,G
__import__.product_6600903,G
__import__.product_1741578,G
__import__.product_6446027,G
__import__.product_6446028,G
__import__.product_8031454,E
__import__.product_6446029,E
__import__.product_6277007,G
__import__.product_6277010,G
__import__.product_7764045,G
__import__.product_7764048,G
__import__.product_7913401,G
__import__.product_6197016,G
__import__.product_7415305,G
__import__.product_8046102,E
__import__.product_8052004,E
__import__.product_7764050,G
__import__.product_7764051,G
__import__.product_7764606,G
__import__.product_7110039,Q
__import__.product_8036650,G
__import__.product_7760308,E
__import__.product_8020060,E
__import__.product_7924317,E
__import__.product_7415306,G
__import__.product_6813393,E
__import__.product_8064117,E
__import__.product_8033080,E
__import__.product_8033097,E
__import__.product_8024684,E
__import__.product_8049572,E
__import__.product_7764053,Q
__import__.product_7764055,G
__import__.product_7936415,G
__import__.product_8045019,E
__import__.product_6446030,G
__import__.product_7764056,G
__import__.product_8019967,E
__import__.product_8021088,E
__import__.product_8021941,E
__import__.product_8040163,E
__import__.product_7429005,E
__import__.product_1741560,G
__import__.product_6508051,E
__import__.product_1257492,G
__import__.product_8037534,E
__import__.product_1027416,G
__import__.product_7924948,G
__import__.product_0183178,G
__import__.product_8024402,E
__import__.product_7920019,G
__import__.product_1500148,G
__import__.product_8028943,E
__import__.product_1446152,A
__import__.product_7143223,E
__import__.product_8020522,E
__import__.product_8048271,E
__import__.product_8047426,E
__import__.product_7764057,G
__import__.product_7764060,G
__import__.product_7145060,G
__import__.product_7764062,G
__import__.product_8046852,E
__import__.product_8047113,E
__import__.product_6259676,G
__import__.product_6039006,G
__import__.product_8075598,E
__import__.product_8049626,E
__import__.product_8016087,E
__import__.product_7110041,G
__import__.product_8409697,E
__import__.product_8027122,E
__import__.product_7140275,E
__import__.product_0841247,G
__import__.product_7140788,E
__import__.product_8033217,G
__import__.product_8024738,E
__import__.product_8071293,E
__import__.product_8071301,E
__import__.product_8063371,E
__import__.product_8039869,E
__import__.product_7764064,G
__import__.product_8015159,E
__import__.product_8017282,E
__import__.product_8417231,E
__import__.product_8382751,E
__import__.product_8382745,E
__import__.product_8044008,E
__import__.product_8431225,E
__import__.product_7110042,Q
__import__.product_8071146,E
__import__.product_1539287,Q
__import__.product_8023963,E
__import__.product_7920095,G
__import__.product_8402353,E
__import__.product_8019246,E
__import__.product_8020232,E
__import__.product_8022923,E
__import__.product_8023041,E
__import__.product_8037296,E
__import__.product_7120025,Q
__import__.product_6041590,E
__import__.product_6041592,E
__import__.product_6041589,E
__import__.product_7140359,E
__import__.product_7941660,E
__import__.product_8025206,E
__import__.product_7911151,E
__import__.product_8061573,E
__import__.product_6042095,E
__import__.product_1400015,G
__import__.product_6350501,G
__import__.product_7764943,G
__import__.product_7764976,G
__import__.product_8059286,E
__import__.product_8330060,G
__import__.product_7969002,G
__import__.product_7969003,A
__import__.product_6197023,G
__import__.product_7105000,G
__import__.product_7913301,G
__import__.product_7920082,E
__import__.product_8063773,G
__import__.product_8035908,E
__import__.product_8071235,E
__import__.product_6446031,G
__import__.product_7415315,G
__import__.product_8031541,G
__import__.product_2061554,E
__import__.product_7922142,G
__import__.product_6000708,G
__import__.product_1032564,G
__import__.product_6350348,G
__import__.product_6446035,E
__import__.product_7915960,Q
__import__.product_8049537,E
__import__.product_8430697,E
__import__.product_8070307,E
__import__.product_8059412,E
__import__.product_8059435,E
__import__.product_6825200,A
__import__.product_8380232,E
__import__.product_1785096,E
__import__.product_6446037,G
__import__.product_0935360,E
__import__.product_6825202,A
__import__.product_6825285,A
__import__.product_8296460,G
__import__.product_6355013,E
__import__.product_7995026,E
__import__.product_6825288,A
__import__.product_0690446,G
__import__.product_7764074,G
__import__.product_7764076,G
__import__.product_7764077,G
__import__.product_8298447,E
__import__.product_6825204,A
__import__.product_6028805,E
__import__.product_1794924,G
__import__.product_4201524,G
__import__.product_6825205,A
__import__.product_6197019,G
__import__.product_0392902,E
__import__.product_7924035,G
__import__.product_8296543,G
__import__.product_8290457,E
__import__.product_7384002,G
__import__.product_8024879,E
__import__.product_8033335,E
__import__.product_6825201,A
__import__.product_1623651,G
__import__.product_8034062,E
__import__.product_8033482,E
__import__.product_8028601,E
__import__.product_8308996,E
__import__.product_6202342,G
__import__.product_8071092,E
__import__.product_8071086,E
__import__.product_7764086,G
__import__.product_1300120,G
__import__.product_6350524,G
__import__.product_8021680,E
__import__.product_8019720,E
__import__.product_8064548,E
__import__.product_8064560,E
__import__.product_8064583,E
__import__.product_8064471,E
__import__.product_8035771,E
__import__.product_8053728,E
__import__.product_8049046,E
__import__.product_8031359,E
__import__.product_8031342,E
__import__.product_8062816,E
__import__.product_8045516,E
__import__.product_8033826,E
__import__.product_2350120,G
__import__.product_9421100,A
__import__.product_7929050,G
__import__.product_7918127,Q
__import__.product_8270300,G
__import__.product_8020812,E
__import__.product_8293390,E
__import__.product_8071258,E
__import__.product_8023928,E
__import__.product_1717941,Q
__import__.product_8259806,G
__import__.product_8021958,E
__import__.product_8024425,E
__import__.product_8259807,G
__import__.product_8259818,G
__import__.product_8259821,G
__import__.product_8259822,G
__import__.product_8259823,G
__import__.product_8259824,G
__import__.product_8259808,G
__import__.product_8259809,G
__import__.product_8259816,G
__import__.product_8259852,G
__import__.product_8259854,G
__import__.product_8259828,G
__import__.product_8259829,G
__import__.product_8259830,Q
__import__.product_8259831,G
__import__.product_8259832,G
__import__.product_8259833,G
__import__.product_8259834,G
__import__.product_8259835,G
__import__.product_8259836,G
__import__.product_8259837,G
__import__.product_8259838,G
__import__.product_8259839,G
__import__.product_8259842,G
__import__.product_8259843,G
__import__.product_8259844,G
__import__.product_8259845,G
__import__.product_8259846,G
__import__.product_8259848,G
__import__.product_8259850,G
__import__.product_8259851,G
__import__.product_8259856,G
__import__.product_1400148,G
__import__.product_8066458,E
__import__.product_8013752,E
__import__.product_8296537,G
__import__.product_8071531,E
__import__.product_7384003,G
__import__.product_8015780,E
__import__.product_6825197,A
__import__.product_7420041,E
__import__.product_7420042,G
__import__.product_7745021,G
__import__.product_8033996,E
__import__.product_5350015,G
__import__.product_2198687,Q
__import__.product_5190135,E
__import__.product_8007668,E
__import__.product_8007651,G
__import__.product_8037971,E
__import__.product_8077410,E
__import__.product_8062213,E
__import__.product_8062207,E
__import__.product_8062147,E
__import__.product_8062549,E
__import__.product_8333557,G
__import__.product_8333563,G
__import__.product_2122406,G
__import__.product_8333592,G
__import__.product_8333600,G
__import__.product_8298418,E
__import__.product_8298424,E
__import__.product_8298430,G
__import__.product_8031187,E
__import__.product_8058536,E
__import__.product_8031075,Q
__import__.product_8030911,E
__import__.product_8049052,E
__import__.product_8297985,E
__import__.product_5936411,G
__import__.product_0141598,G
__import__.product_7750013,E
__import__.product_2262194,G
__import__.product_8427672,E
__import__.product_5508131,E
__import__.product_8331133,E
__import__.product_8429990,E
__import__.product_8048325,E
__import__.product_8045522,E
__import__.product_8023360,E
__import__.product_8023414,E
__import__.product_8023420,E
__import__.product_8023590,E
__import__.product_8023609,E
__import__.product_8075291,E
__import__.product_8023621,E
__import__.product_8035676,E
__import__.product_8023650,E
__import__.product_8023644,E
__import__.product_8071666,E
__import__.product_8071643,E
__import__.product_5199802,G
__import__.product_5350130,G
__import__.product_1731397,G
__import__.product_1731520,G
__import__.product_8333072,E
__import__.product_8022490,E
__import__.product_8037652,G
__import__.product_5082401,E
__import__.product_8290084,E
__import__.product_8036606,E
__import__.product_5110000,Q
__import__.product_5446001,G
__import__.product_5446002,G
__import__.product_1002336,Q
__import__.product_8027406,E
__import__.product_5015310,E
__import__.product_8292019,E
__import__.product_5905191,E
__import__.product_8333735,E
__import__.product_8010392,E
__import__.product_5350501,G
__import__.product_5450006,E
__import__.product_8079573,G
__import__.product_8079685,G
__import__.product_8079604,G
__import__.product_8079610,G
__import__.product_8079567,G
__import__.product_8079952,G
__import__.product_8079627,G
__import__.product_8062897,E
__import__.product_5825287,A
__import__.product_8484701,E
__import__.product_8032270,E
__import__.product_1388750,Q
__import__.product_8079981,G
__import__.product_5350502,G
__import__.product_8063804,E
__import__.product_5926030,G
__import__.product_5150122,G
__import__.product_8000560,E
__import__.product_8000583,E
__import__.product_8020261,E
__import__.product_5244008,E
__import__.product_5244010,E
__import__.product_8069439,E
__import__.product_8300411,E
__import__.product_5082003,G
__import__.product_5303991,E
__import__.product_5303992,E
__import__.product_5303993,E
__import__.product_8016319,E
__import__.product_8019973,E
__import__.product_8033588,E
__import__.product_8381898,E
__import__.product_8045077,E
__import__.product_5350503,G
__import__.product_8031709,E
__import__.product_8031715,E
__import__.product_0382911,G
__import__.product_2280121,Q
__import__.product_5732500,E
__import__.product_5732501,E
__import__.product_5033203,E
__import__.product_5001002,E
__import__.product_5021702,E
__import__.product_1731421,G
__import__.product_8069445,E
__import__.product_5384000,G
__import__.product_1531276,A
__import__.product_5760301,Q
__import__.product_8058884,G
__import__.product_5384001,G
__import__.product_8048495,E
__import__.product_8017738,E
__import__.product_8293415,E
__import__.product_8018011,E
__import__.product_8293409,E
__import__.product_8029606,G
__import__.product_8045568,E
__import__.product_8014295,E
__import__.product_8059429,E
__import__.product_8002659,E
__import__.product_8002808,E
__import__.product_8487622,G
__import__.product_8041300,E
__import__.product_8007817,G
__import__.product_7660975,G
__import__.product_8044095,E
__import__.product_8484724,E
__import__.product_8027317,E
__import__.product_8058803,E
__import__.product_8017508,E
__import__.product_8019654,E
__import__.product_8023070,E
__import__.product_8030963,Q
__import__.product_8030992,Q
__import__.product_8058217,E
__import__.product_8031000,Q
__import__.product_8031069,Q
__import__.product_8031046,Q
__import__.product_8031052,Q
__import__.product_8050227,Q
__import__.product_8030934,E
__import__.product_8031135,Q
__import__.product_8433572,E
__import__.product_8062621,E
__import__.product_8056425,G
__import__.product_8027955,G
__import__.product_8044178,G
__import__.product_8044221,E
__import__.product_1731553,G
__import__.product_8022969,E
__import__.product_8043049,E
__import__.product_8044936,E
__import__.product_5110002,Q
__import__.product_8342266,E
__import__.product_5244012,E
__import__.product_5244018,E
__import__.product_5244019,E
__import__.product_5244021,E
__import__.product_5244022,E
__import__.product_8339761,E
__import__.product_6554478,E
__import__.product_7526107,E
__import__.product_8001269,E
__import__.product_8024069,E
__import__.product_8024106,G
__import__.product_8024112,G
__import__.product_8024129,G
__import__.product_8030271,E
__import__.product_8030822,E
__import__.product_8030986,Q
__import__.product_8032092,E
__import__.product_8032666,E
__import__.product_8034323,E
__import__.product_8035297,E
__import__.product_8039467,E
__import__.product_8039875,E
__import__.product_8040022,G
__import__.product_8039852,E
__import__.product_8052077,E
__import__.product_8052083,E
__import__.product_8052255,E
__import__.product_8052539,G
__import__.product_8052841,E
__import__.product_8052953,E
__import__.product_8068753,E
__import__.product_8069296,Q
__import__.product_8076706,Q
__import__.product_8076729,Q
__import__.product_8076735,Q
__import__.product_8076741,Q
__import__.product_8076770,Q
__import__.product_8076801,Q
__import__.product_8076807,Q
__import__.product_8076824,Q
__import__.product_8076830,Q
__import__.product_8076847,Q
__import__.product_8076853,Q
__import__.product_8076876,Q
__import__.product_8076882,Q
__import__.product_8076899,Q
__import__.product_8076913,Q
__import__.product_8290523,Q
__import__.product_8292226,Q
__import__.product_8292232,Q
__import__.product_8292249,E
__import__.product_8292255,Q
__import__.product_8292261,Q
__import__.product_8292278,Q
__import__.product_8292284,Q
__import__.product_8292290,Q
__import__.product_8292309,Q
__import__.product_8292315,Q
__import__.product_8292321,Q
__import__.product_8292338,Q
__import__.product_8292344,Q
__import__.product_8292350,Q
__import__.product_8292373,Q
__import__.product_8292404,Q
__import__.product_8292427,Q
__import__.product_8292456,Q
__import__.product_8292462,Q
__import__.product_8292485,Q
__import__.product_8292491,Q
__import__.product_8292516,Q
__import__.product_8076936,E
__import__.product_8076942,Q
__import__.product_8030940,E
__import__.product_8292924,E
__import__.product_8292930,E
__import__.product_8293102,E
__import__.product_8295199,E
__import__.product_8295259,E
__import__.product_8295265,E
__import__.product_8296684,E
__import__.product_8296690,E
__import__.product_8333712,E
__import__.product_8333942,E
__import__.product_8000554,G
__import__.product_8017017,E
__import__.product_8000844,G
__import__.product_8061604,G
__import__.product_8061610,G
__import__.product_8061627,G
__import__.product_8058766,E
__import__.product_8034369,G
__import__.product_8024158,E
__import__.product_8038887,E
__import__.product_8038893,E
__import__.product_8038918,E
__import__.product_8038924,E
__import__.product_8038930,E
__import__.product_8038947,E
__import__.product_8038976,E
__import__.product_8038982,E
__import__.product_8038999,E
__import__.product_8039094,E
__import__.product_8039125,E
__import__.product_8412630,G
__import__.product_8480169,G
__import__.product_8480175,G
__import__.product_8017218,E
__import__.product_8017359,E
__import__.product_8017371,E
__import__.product_8017388,E
__import__.product_8017112,E
__import__.product_8017135,E
__import__.product_8017141,E
__import__.product_8017394,E
__import__.product_8017402,E
__import__.product_8017425,E
__import__.product_8061745,G
__import__.product_8482381,G
__import__.product_8482398,G
__import__.product_8029517,E
__import__.product_8070767,G
__import__.product_8034116,E
__import__.product_0273219,G
__import__.product_5932167,E
__import__.product_5913402,G
__import__.product_0452805,G
__import__.product_8064376,E
__import__.product_8427689,E
__import__.product_8427726,E
__import__.product_8427755,E
__import__.product_8064407,E
__import__.product_8427608,E
__import__.product_8427614,E
__import__.product_8427620,E
__import__.product_8427637,E
__import__.product_8427643,E
__import__.product_8334255,E
__import__.product_8334261,E
__import__.product_8334278,E
__import__.product_8334284,E
__import__.product_8334290,E
__import__.product_8334309,E
__import__.product_8334315,E
__import__.product_8334321,E
__import__.product_8334344,E
__import__.product_8334338,E
__import__.product_8064554,E
__import__.product_8064577,E
__import__.product_8064755,E
__import__.product_8064761,E
__import__.product_8064778,E
__import__.product_8077982,E
__import__.product_8428252,E
__import__.product_8428772,E
__import__.product_8064873,E
__import__.product_8428950,E
__import__.product_8428944,E
__import__.product_8078125,E
__import__.product_8045491,E
__import__.product_8045539,E
__import__.product_8431768,E
__import__.product_8076451,E
__import__.product_8076468,E
__import__.product_8076474,E
__import__.product_8427560,E
__import__.product_7838462,E
__import__.product_8044824,E
__import__.product_8427353,E
__import__.product_8427376,E
__import__.product_8427382,E
__import__.product_8427399,E
__import__.product_8060579,E
__import__.product_8427459,E
__import__.product_8427465,E
__import__.product_8066122,E
__import__.product_8063945,E
__import__.product_7773521,E
__import__.product_8068316,E
__import__.product_8065967,E
__import__.product_8427583,E
__import__.product_8066470,E
__import__.product_8066464,E
__import__.product_8332977,E
__import__.product_8428447,E
__import__.product_8066004,E
__import__.product_8427525,E
__import__.product_8430059,E
__import__.product_8076391,E
__import__.product_8334031,E
__import__.product_8334048,E
__import__.product_8334137,E
__import__.product_8333037,E
__import__.product_8333043,E
__import__.product_8333066,E
__import__.product_8333184,E
__import__.product_8381823,E
__import__.product_8381846,E
__import__.product_8381852,E
__import__.product_8381869,E
__import__.product_8381875,E
__import__.product_8381881,E
__import__.product_8070974,E
__import__.product_8070980,G
__import__.product_8066197,G
__import__.product_8066228,E
__import__.product_8066240,E
__import__.product_8335444,G
__import__.product_8290463,E
__import__.product_8027263,E
__import__.product_8293496,E
__import__.product_8424484,E
__import__.product_5924030,G
__import__.product_8027211,E
__import__.product_5415303,G
__import__.product_8019714,E
__import__.product_8482412,E
__import__.product_8019447,E
__import__.product_8019281,E
__import__.product_8021674,E
__import__.product_8019252,E
__import__.product_8019269,E
__import__.product_8069215,E
__import__.product_8020769,E
__import__.product_8020657,E
__import__.product_8020775,E
__import__.product_8021065,E
__import__.product_8021071,E
__import__.product_8020901,E
__import__.product_8021711,E
__import__.product_8482530,E
__import__.product_8037793,E
__import__.product_8020539,E
__import__.product_8019772,E
__import__.product_8019766,E
__import__.product_8020315,E
__import__.product_8021332,E
__import__.product_8020278,E
__import__.product_8020568,E
__import__.product_8061981,E
__import__.product_8075285,E
__import__.product_8023495,E
__import__.product_8075279,E
__import__.product_8075262,E
__import__.product_8023325,E
__import__.product_8023319,E
__import__.product_8023331,E
__import__.product_8036664,E
__import__.product_8480382,E
__import__.product_8054231,E
__import__.product_8023466,E
__import__.product_8023532,E
__import__.product_8023561,E
__import__.product_8019430,E
__import__.product_8023638,E
__import__.product_8035618,E
__import__.product_8430668,E
__import__.product_8075575,E
__import__.product_8023265,E
__import__.product_8480399,E
__import__.product_8023779,E
__import__.product_8022082,E
__import__.product_8022627,E
__import__.product_8298720,E
__import__.product_8022550,E
__import__.product_8022633,E
__import__.product_8037310,E
__import__.product_8037327,E
__import__.product_8019312,E
__import__.product_8022917,E
__import__.product_8022952,E
__import__.product_8022998,E
__import__.product_8023006,E
__import__.product_8037741,E
__import__.product_8022834,E
__import__.product_8430444,E
__import__.product_8023087,E
__import__.product_8022975,E
__import__.product_8022981,E
__import__.product_8298766,E
__import__.product_8023058,E
__import__.product_8023029,E
__import__.product_8409013,E
__import__.product_8023012,E
__import__.product_8061751,E
__import__.product_8061768,E
__import__.product_8298743,E
__import__.product_8338098,E
__import__.product_8047998,E
__import__.product_8048006,E
__import__.product_8047188,E
__import__.product_8293473,E
__import__.product_8293438,E
__import__.product_8293450,E
__import__.product_8293444,E
__import__.product_8293467,E
__import__.product_8047834,E
__import__.product_8072275,E
__import__.product_8072370,E
__import__.product_8048940,E
__import__.product_8048957,E
__import__.product_8341462,G
__import__.product_8341692,E
__import__.product_8071519,E
__import__.product_8071525,E
__import__.product_8071554,E
__import__.product_8071560,E
__import__.product_8071608,E
__import__.product_8071614,E
__import__.product_8071620,E
__import__.product_8071637,E
__import__.product_8059547,G
__import__.product_8017046,G
__import__.product_8017023,G
__import__.product_8059553,E
__import__.product_8014272,E
__import__.product_8014378,E
__import__.product_8013083,E
__import__.product_8013120,E
__import__.product_8013172,E
__import__.product_8013060,E
__import__.product_8055348,E
__import__.product_8013723,E
__import__.product_8037221,E
__import__.product_8037238,E
__import__.product_8037244,E
__import__.product_8409680,G
__import__.product_8014438,E
__import__.product_8480695,E
__import__.product_8480689,E
__import__.product_8014421,E
__import__.product_8059381,E
__import__.product_8059903,E
__import__.product_8059501,E
__import__.product_8035914,E
__import__.product_8035920,E
__import__.product_8293421,E
__import__.product_8017721,E
__import__.product_8382432,E
__import__.product_8060467,E
__import__.product_8060450,E
__import__.product_8055147,E
__import__.product_8055153,E
__import__.product_8055176,E
__import__.product_8037445,E
__import__.product_8337609,E
__import__.product_8335786,E
__import__.product_8059263,E
__import__.product_8050090,E
__import__.product_8298016,E
__import__.product_8293183,E
__import__.product_8293214,E
__import__.product_8293220,E
__import__.product_8293243,E
__import__.product_8296282,E
__import__.product_8055271,E
__import__.product_8049796,E
__import__.product_8414178,E
__import__.product_8427117,E
__import__.product_8049595,E
__import__.product_8293065,P
__import__.product_8043486,E
__import__.product_8043500,E
__import__.product_8290629,E
__import__.product_8049810,E
__import__.product_8061550,E
__import__.product_8055041,E
__import__.product_8295420,E
__import__.product_8295466,E
__import__.product_8295377,E
__import__.product_8296342,E
__import__.product_8043983,E
__import__.product_8041990,P
__import__.product_8042386,E
__import__.product_8042009,E
__import__.product_8042400,E
__import__.product_8042021,E
__import__.product_8042015,E
__import__.product_8042417,E
__import__.product_8042423,E
__import__.product_8042446,E
__import__.product_8042038,E
__import__.product_8042452,E
__import__.product_8042469,E
__import__.product_8042475,E
__import__.product_8059607,E
__import__.product_8382739,E
__import__.product_8382716,E
__import__.product_8382722,E
__import__.product_8042908,E
__import__.product_8042920,E
__import__.product_8042943,P
__import__.product_8042972,E
__import__.product_8043003,E
__import__.product_8043032,E
__import__.product_8043055,E
__import__.product_8042914,E
__import__.product_8043109,E
__import__.product_8042794,G
__import__.product_8042707,E
__import__.product_8042877,E
__import__.product_8299777,E
__import__.product_8299760,E
__import__.product_8042771,E
__import__.product_8333741,E
__import__.product_8045976,E
__import__.product_8065157,E
__import__.product_8021651,E
__import__.product_8021438,E
__import__.product_8059895,E
__import__.product_8044155,E
__import__.product_8044190,E
__import__.product_8044913,E
__import__.product_8045048,E
__import__.product_8045031,E
__import__.product_8045054,E
__import__.product_8045060,E
__import__.product_8045083,E
__import__.product_8045137,E
__import__.product_8297092,E
__import__.product_8044882,E
__import__.product_8045232,E
__import__.product_8333497,E
__import__.product_8047001,E
__import__.product_8295093,E
__import__.product_8295101,E
__import__.product_8048288,E
__import__.product_8047366,E
__import__.product_8048348,E
__import__.product_8047389,E
__import__.product_8048408,E
__import__.product_8048153,E
__import__.product_8076296,E
__import__.product_8334249,E
__import__.product_8048851,E
__import__.product_8381131,E
__import__.product_8030207,E
__import__.product_8338974,E
__import__.product_8341120,E
__import__.product_8298393,E
__import__.product_8067854,E
__import__.product_8294892,E
__import__.product_8072594,E
__import__.product_8036888,E
__import__.product_8035819,E
__import__.product_8029888,E
__import__.product_8338980,E
__import__.product_8333273,E
__import__.product_8333296,E
__import__.product_8055093,E
__import__.product_8381125,E
__import__.product_8031922,E
__import__.product_8048816,E
__import__.product_8296299,E
__import__.product_8298281,E
__import__.product_8290865,E
__import__.product_8034837,E
__import__.product_8075983,E
__import__.product_8299352,E
__import__.product_8291712,E
__import__.product_8035015,E
__import__.product_8070313,E
__import__.product_8071152,E
__import__.product_8071212,E
__import__.product_8041530,E
__import__.product_8487332,G
__import__.product_8487355,E
__import__.product_8063750,E
__import__.product_8040217,E
__import__.product_8040281,E
__import__.product_8040329,E
__import__.product_8040401,E
__import__.product_8040588,E
__import__.product_8061716,E
__import__.product_8058890,E
__import__.product_8058909,E
__import__.product_8004078,E
__import__.product_8004084,E
__import__.product_8015254,E
__import__.product_8015337,E
__import__.product_8003535,E
__import__.product_8003541,E
__import__.product_8003417,E
__import__.product_8054308,E
__import__.product_8291439,E
__import__.product_8291451,E
__import__.product_8015018,E
__import__.product_8015774,E
__import__.product_8015797,E
__import__.product_8003908,E
__import__.product_8015165,E
__import__.product_8406552,E
__import__.product_8406500,E
__import__.product_8299843,E
__import__.product_8015136,E
__import__.product_8403306,E
__import__.product_8416728,E
__import__.product_8426299,E
__import__.product_8415054,E
__import__.product_8424998,E
__import__.product_8416875,E
__import__.product_8426336,E
__import__.product_8015366,E
__import__.product_8015372,E
__import__.product_8426359,E
__import__.product_8425029,E
__import__.product_8405529,E
__import__.product_8426371,E
__import__.product_8417018,E
__import__.product_8416912,E
__import__.product_8426394,E
__import__.product_8406523,E
__import__.product_8426402,E
__import__.product_8015395,E
__import__.product_8014993,E
__import__.product_8003386,E
__import__.product_8003831,E
__import__.product_8015805,E
__import__.product_8015946,E
__import__.product_8016153,E
__import__.product_8016207,E
__import__.product_8016259,E
__import__.product_8016377,E
__import__.product_8015811,E
__import__.product_8015900,E
__import__.product_8016035,E
__import__.product_8016124,E
__import__.product_8016176,E
__import__.product_8016265,E
__import__.product_8015834,E
__import__.product_8015923,E
__import__.product_8016058,E
__import__.product_8016199,E
__import__.product_8016288,E
__import__.product_8015828,E
__import__.product_8015863,E
__import__.product_8016041,E
__import__.product_8016354,E
__import__.product_8016408,E
__import__.product_8016466,E
__import__.product_8016578,E
__import__.product_8016472,E
__import__.product_8016526,E
__import__.product_8016555,E
__import__.product_8016584,E
__import__.product_8016443,E
__import__.product_8016495,E
__import__.product_8016532,E
__import__.product_8016561,E
__import__.product_8016590,E
__import__.product_8015449,E
__import__.product_8005511,E
__import__.product_8039970,E
__import__.product_8033890,E
__import__.product_8033921,E
__import__.product_8070997,E
__import__.product_8484233,E
__import__.product_8431395,E
__import__.product_8431403,E
__import__.product_8035469,E
__import__.product_8035481,E
__import__.product_8035498,E
__import__.product_8028699,E
__import__.product_8028529,E
__import__.product_8028498,E
__import__.product_8033855,E
__import__.product_8063365,E
__import__.product_8024170,E
__import__.product_8024187,E
__import__.product_8058387,E
__import__.product_8063827,E
__import__.product_8069385,E
__import__.product_8069422,G
__import__.product_8025962,E
__import__.product_8335071,E
__import__.product_8331920,E
__import__.product_8070626,E
__import__.product_8431165,E
__import__.product_8062791,E
__import__.product_8431188,E
__import__.product_8070193,E
__import__.product_8028914,E
__import__.product_8028966,E
__import__.product_8028908,E
__import__.product_8028920,E
__import__.product_8028989,E
__import__.product_8033499,E
__import__.product_8028328,E
__import__.product_8028446,E
__import__.product_8028311,E
__import__.product_8062785,E
__import__.product_8290115,E
__import__.product_8290121,E
__import__.product_8027091,E
__import__.product_8027139,E
__import__.product_8027145,E
__import__.product_8025229,G
__import__.product_8025235,E
__import__.product_8033536,E
__import__.product_8035564,E
__import__.product_8025146,E
__import__.product_8033559,E
__import__.product_8033565,E
__import__.product_8033571,E
__import__.product_8033594,E
__import__.product_8033743,E
__import__.product_8033766,E
__import__.product_8033772,E
__import__.product_8299501,G
__import__.product_8028127,E
__import__.product_8028133,E
__import__.product_8028073,E
__import__.product_8299866,E
__import__.product_8054969,E
__import__.product_8027926,E
__import__.product_8027932,E
__import__.product_8028156,E
__import__.product_8027843,E
__import__.product_8027866,E
__import__.product_8027872,E
__import__.product_8027961,E
__import__.product_8292539,E
__import__.product_8292568,E
__import__.product_8035452,E
__import__.product_8027949,E
__import__.product_8025749,E
__import__.product_8070141,E
__import__.product_8033507,E
__import__.product_8034139,E
__import__.product_8025583,E
__import__.product_8025436,E
__import__.product_8025399,E
__import__.product_8025703,E
__import__.product_8054082,E
__import__.product_8054099,E
__import__.product_8292522,E
__import__.product_8058832,E
__import__.product_8036210,E
__import__.product_8036368,E
__import__.product_8036256,E
__import__.product_8027228,E
__import__.product_8027240,E
__import__.product_8027346,E
__import__.product_8292002,E
__import__.product_8291988,E
__import__.product_8027487,E
__import__.product_8065080,E
__import__.product_8065097,E
__import__.product_8062667,E
__import__.product_8430651,E
__import__.product_8027530,G
__import__.product_8027518,E
__import__.product_8033447,E
__import__.product_8026358,E
__import__.product_8026631,E
__import__.product_8069646,E
__import__.product_8063891,E
__import__.product_8063885,E
__import__.product_8070052,E
__import__.product_8069600,E
__import__.product_8029345,E
__import__.product_8029316,E
__import__.product_8015432,E
__import__.product_8004032,E
__import__.product_8004256,E
__import__.product_8072743,E
__import__.product_8332345,E
__import__.product_8332351,E
__import__.product_8332368,E
__import__.product_8332374,E
__import__.product_8292746,E
__import__.product_8063106,E
__import__.product_8035328,E
__import__.product_8024603,E
__import__.product_8024595,E
__import__.product_8063307,E
__import__.product_8024483,E
__import__.product_8024537,E
__import__.product_8062443,E
__import__.product_8033016,E
__import__.product_8033022,E
__import__.product_8063388,E
__import__.product_8063394,E
__import__.product_8033068,E
__import__.product_8071287,E
__import__.product_8033074,E
__import__.product_8024750,E
__import__.product_8024715,E
__import__.product_8024709,E
__import__.product_8071494,E
__import__.product_8024773,E
__import__.product_8071353,E
__import__.product_8071376,E
__import__.product_8071382,E
__import__.product_8063112,E
__import__.product_8024939,E
__import__.product_8024945,E
__import__.product_8024922,E
__import__.product_8024827,E
__import__.product_8062928,E
__import__.product_8062934,E
__import__.product_8063342,E
__import__.product_8063017,E
__import__.product_8063023,E
__import__.product_8063046,E
__import__.product_8063230,E
__import__.product_8062638,E
__import__.product_8004405,E
__import__.product_8333681,E
__import__.product_8025063,E
__import__.product_8008308,E
__import__.product_1731587,G
__import__.product_5145000,E
__import__.product_5415304,G
__import__.product_8404719,E
__import__.product_5852501,E
__import__.product_8046510,E
__import__.product_8401336,E
__import__.product_2310597,E
__import__.product_5259802,G
__import__.product_5259803,G
__import__.product_5259809,G
__import__.product_5259810,G
__import__.product_5259811,G
__import__.product_5259812,G
__import__.product_5259813,G
__import__.product_5259814,G
__import__.product_5259815,G
__import__.product_5259816,G
__import__.product_5259817,G
__import__.product_5259820,G
__import__.product_5259821,G
__import__.product_5259822,G
__import__.product_5259827,G
__import__.product_5259828,G
__import__.product_5259829,G
__import__.product_5259830,G
__import__.product_5259831,G
__import__.product_5259832,G
__import__.product_5259833,G
__import__.product_5259834,G
__import__.product_5259835,G
__import__.product_5259836,G
__import__.product_5259837,G
__import__.product_5259839,G
__import__.product_5259844,G
__import__.product_5259849,G
__import__.product_5259850,G
__import__.product_5259851,G
__import__.product_5259853,G
__import__.product_5259854,G
__import__.product_5259859,G
__import__.product_5259863,G
__import__.product_5259864,G
__import__.product_5259866,G
__import__.product_5259867,G
__import__.product_5259869,G
__import__.product_5259870,G
__import__.product_5259876,G
__import__.product_5259877,G
__import__.product_5384003,G
__import__.product_5764472,G
__import__.product_8008521,E
__import__.product_1731405,G
__import__.product_5760303,Q
__import__.product_5760304,Q
__import__.product_2176238,G
__import__.product_1418334,G
__import__.product_4500283,G
__import__.product_4500308,G
__import__.product_5852515,E
__import__.product_7750014,E
__import__.product_7324467,G
__import__.product_5431750,G
__import__.product_5432100,G
__import__.product_5432150,G
__import__.product_5430910,G
__import__.product_5430930,E
__import__.product_5431810,E
__import__.product_5431830,G
__import__.product_5431850,E
__import__.product_5440300,G
__import__.product_5430129,G
__import__.product_5437510,G
__import__.product_5401500,G
__import__.product_5430880,G
__import__.product_5431015,G
__import__.product_5439999,G
__import__.product_8432667,G
__import__.product_8074966,G
__import__.product_6905825,G
__import__.product_5140420,E
__import__.product_5219000,G
__import__.product_6724710,G
__import__.product_7821415,G
__import__.product_7836380,G
__import__.product_7787492,G
__import__.product_7687655,G
__import__.product_5764239,G
__import__.product_5805112,P
__import__.product_2061562,E
__import__.product_6859947,G
__import__.product_6809300,G
__import__.product_7863974,G
__import__.product_6987881,Q
__import__.product_6731905,G
__import__.product_5434500,G
__import__.product_8342289,Q
__import__.product_0452789,G
__import__.product_5267003,G
__import__.product_5267004,G
__import__.product_5267005,G
__import__.product_8342409,E
__import__.product_9426482,G
__import__.product_5304410,G
__import__.product_6730403,G
__import__.product_6828556,Q
__import__.product_6754757,G
__import__.product_5350504,G
__import__.product_5704751,E
__import__.product_8347476,G
__import__.product_5143210,E
__import__.product_4472173,G
__import__.product_5435425,G
__import__.product_5436500,G
__import__.product_5430809,G
__import__.product_5434424,G
__import__.product_5438809,G
__import__.product_5432250,G
__import__.product_6372777,G
__import__.product_6447216,G
__import__.product_6297107,G
__import__.product_6765548,Q
__import__.product_5433010,G
__import__.product_5438946,G
__import__.product_5435222,G
__import__.product_5431050,G
__import__.product_5431821,G
__import__.product_8080932,A
__import__.product_8457130,A
__import__.product_5300912,G
__import__.product_9426472,G
__import__.product_6731118,G
__import__.product_5913602,G
__import__.product_5430800,G
__import__.product_5431075,G
__import__.product_5430805,G
__import__.product_5433103,G
__import__.product_5430893,G
__import__.product_5436219,G
__import__.product_5431215,G
__import__.product_5400250,G
__import__.product_5435266,G
__import__.product_8347789,E
__import__.product_5439396,G
__import__.product_5435220,G
__import__.product_5435226,G
__import__.product_5434599,G
__import__.product_5432470,G
__import__.product_5431109,G
__import__.product_5433509,G
__import__.product_5433499,G
__import__.product_5431812,G
__import__.product_5432558,G
__import__.product_5435111,G
__import__.product_5439005,G
__import__.product_5421000,G
__import__.product_5436222,G
__import__.product_8335467,E
__import__.product_5450011,E
__import__.product_5082002,G
__import__.product_5439066,G
__import__.product_5436841,G
__import__.product_5436750,G
__import__.product_5920553,E
__import__.product_5920557,E
__import__.product_6980689,Q
__import__.product_6773358,G
__import__.product_8347105,E
__import__.product_5263001,G
__import__.product_5437223,G
__import__.product_4741638,G
__import__.product_5768893,E
__import__.product_5435299,G
__import__.product_5436399,G
__import__.product_5270515,G
__import__.product_4741271,G
__import__.product_5140422,E
__import__.product_6941181,G
__import__.product_8342711,E
__import__.product_4251300,G
__import__.product_5433201,G
__import__.product_5962000,G
__import__.product_5962004,G
__import__.product_5962008,G
__import__.product_5962009,G
__import__.product_5962010,G
__import__.product_5760321,E
__import__.product_2366136,G
__import__.product_5512004,Q
__import__.product_5929035,G
__import__.product_5018842,E
__import__.product_5430593,G
__import__.product_5430900,G
__import__.product_5431000,G
__import__.product_5000500,G
__import__.product_5000250,G
__import__.product_5311265,Q
__import__.product_5450201,E
__import__.product_5310206,E
__import__.product_5080120,E
__import__.product_5100120,E
__import__.product_5204437,Q
__import__.product_1152305,Q
__import__.product_5259500,A
__import__.product_5259501,A
__import__.product_5110026,Q
__import__.product_5221410,E
__import__.product_5039701,G
__import__.product_5039717,G
__import__.product_5039719,G
__import__.product_5920070,E
__import__.product_2500137,G
__import__.product_5039901,G
__import__.product_6824498,Q
__import__.product_5001445,E
__import__.product_5001446,E
__import__.product_5112012,E
__import__.product_5220045,E
__import__.product_5430202,G
__import__.product_5850511,E
__import__.product_8031546,G
__import__.product_5123411,E
__import__.product_5123412,E
__import__.product_5091165,E
__import__.product_5091167,G
__import__.product_5613700,G
__import__.product_5105511,E
__import__.product_5422034,A
__import__.product_5422068,A
__import__.product_5473000,E
__import__.product_5400059,E
__import__.product_5431012,G
__import__.product_8373692,E
__import__.product_0027904,G
__import__.product_5110180,E
__import__.product_5461295,A
__import__.product_5460086,G
__import__.product_5460084,G
__import__.product_5140257,G
__import__.product_5028001,G
__import__.product_5042500,G
__import__.product_5920153,G
__import__.product_4647951,G
__import__.product_7392204,G
__import__.product_6743469,G
__import__.product_5000100,E
__import__.product_5420151,G
__import__.product_6977322,Q
__import__.product_6938718,G
__import__.product_5330875,E
__import__.product_5660305,G
__import__.product_8375828,E
__import__.product_8376259,E
__import__.product_8376437,E
__import__.product_8375969,E
__import__.product_6764106,G
__import__.product_6764069,G
__import__.product_6764017,G
__import__.product_6962823,G
__import__.product_5512009,G
__import__.product_5430891,G
__import__.product_6933394,G
__import__.product_5422014,A
__import__.product_5424136,A
__import__.product_5197410,E
__import__.product_5340210,E
__import__.product_5202570,E
__import__.product_6763532,G
__import__.product_5512013,G
__import__.product_5433020,G
__import__.product_8350633,E
__import__.product_8373746,E
__import__.product_8373686,E
__import__.product_8373551,E
__import__.product_8373539,E
__import__.product_8373522,E
__import__.product_5401075,G
__import__.product_5420075,G
__import__.product_5438969,G
__import__.product_5437100,G
__import__.product_5433500,G
__import__.product_5430100,G
__import__.product_6777356,Q
__import__.product_5334000,E
__import__.product_8347625,E
__import__.product_8373723,E
__import__.product_5039011,G
__import__.product_5760323,E
__import__.product_5760324,E
__import__.product_5760325,G
__import__.product_5760327,G
__import__.product_2548915,Q
__import__.product_8079805,G
__import__.product_8079840,G
__import__.product_8079886,G
__import__.product_5555666,E
__import__.product_5436849,G
__import__.product_8384721,E
__import__.product_8375691,E
__import__.product_8383963,E
__import__.product_8375923,E
__import__.product_8376549,E
__import__.product_8376555,E
__import__.product_8376035,E
__import__.product_8375863,E
__import__.product_5911000,E
__import__.product_5624057,E
__import__.product_5027754,E
__import__.product_5027755,E
__import__.product_1239051,A
__import__.product_1239411,A
__import__.product_1239412,A
__import__.product_1239078,A
__import__.product_1239059,A
__import__.product_1239104,A
__import__.product_1239421,A
__import__.product_5556678,E
__import__.product_1239304,A
__import__.product_1239321,A
__import__.product_1180053,A
__import__.product_1239381,A
__import__.product_1239391,A
__import__.product_1239081,A
__import__.product_1239353,A
__import__.product_1239370,A
__import__.product_1239401,A
__import__.product_1250881,A
__import__.product_1250831,A
__import__.product_1250840,A
__import__.product_1250801,A
__import__.product_1250861,A
__import__.product_1250921,A
__import__.product_1250901,A
__import__.product_5116200,E
__import__.product_5841000,E
__import__.product_1180083,A
__import__.product_1180071,A
__import__.product_6993806,G
__import__.product_8078208,E
__import__.product_8078214,E
__import__.product_5147012,E
__import__.product_5502400,E
__import__.product_5265000,E
__import__.product_5992192,G
__import__.product_5852600,E
__import__.product_8336449,E
__import__.product_8373568,E
__import__.product_5120016,E
__import__.product_5992147,G
__import__.product_5116100,E
__import__.product_5515510,E
__import__.product_5431420,G
__import__.product_5435412,G
__import__.product_5073460,E
__import__.product_5002777,E
__import__.product_5764004,G
__import__.product_8373634,E
__import__.product_5764995,G
__import__.product_5517134,E
__import__.product_8084982,G
__import__.product_5760333,G
__import__.product_6980956,Q
__import__.product_8367042,E
__import__.product_5121517,G
__import__.product_5121208,E
__import__.product_5191208,E
__import__.product_5231208,E
__import__.product_7884350,G
__import__.product_8356239,E
__import__.product_5200012,E
__import__.product_5260504,E
__import__.product_5260520,E
__import__.product_5023403,E
__import__.product_8368188,E
__import__.product_5200051,G
__import__.product_6754792,G
__import__.product_8376242,E
__import__.product_8376325,E
__import__.product_8376331,E
__import__.product_8376420,E
__import__.product_8021591,E
__import__.product_8375610,E
__import__.product_4241479,G
__import__.product_4241485,G
__import__.product_4241491,G
__import__.product_4241516,G
__import__.product_2550531,G
__import__.product_8379252,E
__import__.product_2288884,G
__import__.product_2288967,G
__import__.product_5155560,E
__import__.product_5155260,E
__import__.product_6848576,G
__import__.product_8493396,G
__import__.product_8376058,E
__import__.product_5505123,E
__import__.product_5040109,G
__import__.product_6992801,Q
__import__.product_8352365,E
__import__.product_8366166,P
__import__.product_8379358,E
__import__.product_8379192,E
__import__.product_8379200,E
__import__.product_5270602,E
__import__.product_8368811,E
__import__.product_6894725,G
__import__.product_6615607,G
__import__.product_8382248,E
__import__.product_6759358,G
__import__.product_8359479,E
__import__.product_1741628,G
__import__.product_5639238,E
__import__.product_5111112,E
__import__.product_5111113,E
__import__.product_5010836,E
__import__.product_5011036,E
__import__.product_5011221,E
__import__.product_5011621,E
__import__.product_5436250,G
__import__.product_5435240,G
__import__.product_5401810,G
__import__.product_5437222,G
__import__.product_5060399,G
__import__.product_2163434,G
__import__.product_5438765,G
__import__.product_5433403,G
__import__.product_8383940,E
__import__.product_8376414,E
__import__.product_5446131,E
__import__.product_5446133,E
__import__.product_5446132,E
__import__.product_5246802,E
__import__.product_5130309,G
__import__.product_5130310,E
__import__.product_5001271,E
__import__.product_5438003,G
__import__.product_2552248,G
__import__.product_5422026,A
__import__.product_5987124,E
__import__.product_8379447,E
__import__.product_8090853,G
__import__.product_5081541,E
__import__.product_5431610,G
__import__.product_1234404,A
__import__.product_5100409,E
__import__.product_5110039,Q
__import__.product_5110038,Q
__import__.product_5030200,G
__import__.product_8371196,E
__import__.product_8368544,E
__import__.product_8368538,E
__import__.product_8368403,E
__import__.product_8368225,E
__import__.product_8368219,E
__import__.product_8368610,E
__import__.product_8375001,E
__import__.product_8368490,E
__import__.product_8368478,E
__import__.product_8368484,E
__import__.product_8366887,E
__import__.product_8366893,E
__import__.product_8384572,E
__import__.product_8366723,E
__import__.product_5100534,E
__import__.product_8368159,E
__import__.product_8363073,E
__import__.product_5171234,E
__import__.product_5010012,E
__import__.product_6861163,G
__import__.product_5121913,G
__import__.product_8353809,E
__import__.product_5437219,G
__import__.product_5753401,G
__import__.product_2550606,G
__import__.product_2289056,G
__import__.product_5001212,E
__import__.product_5150509,E
__import__.product_5160509,E
__import__.product_8373752,E
__import__.product_5042510,G
__import__.product_5648061,E
__import__.product_5082004,G
__import__.product_8043322,E
__import__.product_8379217,E
__import__.product_8379223,E
__import__.product_8184778,P
__import__.product_8184761,G
__import__.product_8184784,G
__import__.product_5436220,G
__import__.product_5610504,G
__import__.product_5610505,G
__import__.product_8376348,E
__import__.product_8388995,E
__import__.product_8375805,E
__import__.product_5915700,E
__import__.product_5351600,E
__import__.product_8375981,E
__import__.product_5123789,E
__import__.product_8374160,E
__import__.product_8375018,E
__import__.product_5017386,E
__import__.product_5439069,G
__import__.product_5230609,G
__import__.product_8368751,E
__import__.product_5126612,E
__import__.product_5270219,A
__import__.product_5912000,G
__import__.product_9500773,G
__import__.product_5260685,G
__import__.product_5080401,G
__import__.product_5080422,G
__import__.product_5164002,G
__import__.product_5260572,E
__import__.product_5260506,E
__import__.product_5160850,G
__import__.product_5058981,G
__import__.product_6711469,G
__import__.product_5052424,E
__import__.product_5113005,G
__import__.product_5052425,E
__import__.product_5052423,E
__import__.product_5052426,E
__import__.product_5052421,E
__import__.product_5052422,E
__import__.product_5031079,G
__import__.product_5031077,G
__import__.product_5031078,G
__import__.product_2510477,G
__import__.product_5068511,G
__import__.product_5078070,G
__import__.product_5100809,G
__import__.product_5087322,G
__import__.product_5432358,G
__import__.product_5106321,E
__import__.product_5087321,G
__import__.product_5040912,E
__import__.product_5324005,E
__import__.product_8180036,E
__import__.product_8180042,E
__import__.product_8180059,E
__import__.product_8180065,E
__import__.product_8180071,E
__import__.product_8180094,E
__import__.product_8180102,E
__import__.product_8180119,E
__import__.product_8180467,E
__import__.product_8180473,E
__import__.product_8180674,E
__import__.product_8180680,E
__import__.product_8180697,E
__import__.product_8180705,E
__import__.product_8180711,E
__import__.product_8180728,E
__import__.product_8181366,E
__import__.product_8181372,E
__import__.product_8182199,E
__import__.product_8182207,E
__import__.product_8182213,E
__import__.product_8182472,E
__import__.product_8182495,E
__import__.product_8182584,E
__import__.product_8182779,E
__import__.product_8182845,E
__import__.product_8182851,E
__import__.product_8183112,E
__import__.product_8183129,E
__import__.product_8183425,E
__import__.product_8183431,E
__import__.product_8183448,E
__import__.product_8183454,E
__import__.product_8183460,E
__import__.product_8183477,E
__import__.product_8183483,E
__import__.product_8183514,E
__import__.product_8183520,E
__import__.product_8184382,E
__import__.product_8184399,E
__import__.product_8184407,E
__import__.product_8184413,E
__import__.product_8185134,E
__import__.product_8185140,E
__import__.product_8185157,E
__import__.product_8185192,E
__import__.product_8185200,E
__import__.product_8185217,E
__import__.product_8185223,E
__import__.product_8185246,E
__import__.product_8185252,E
__import__.product_8185269,E
__import__.product_8185275,E
__import__.product_8185281,E
__import__.product_8185298,E
__import__.product_8356216,E
__import__.product_8358818,E
__import__.product_8359060,E
__import__.product_8359077,E
__import__.product_8368136,E
__import__.product_8368142,E
__import__.product_8368165,E
__import__.product_8368171,E
__import__.product_8368194,E
__import__.product_8368202,E
__import__.product_8368231,E
__import__.product_8368248,E
__import__.product_8368254,E
__import__.product_8368260,E
__import__.product_8368283,E
__import__.product_8368308,E
__import__.product_8368314,E
__import__.product_8368320,E
__import__.product_8368337,E
__import__.product_8368343,E
__import__.product_8368366,E
__import__.product_8368372,E
__import__.product_8368389,E
__import__.product_8368395,E
__import__.product_8368426,E
__import__.product_8368432,E
__import__.product_8368449,E
__import__.product_8368455,E
__import__.product_8368461,E
__import__.product_8368509,E
__import__.product_8368515,E
__import__.product_8368521,E
__import__.product_8368550,E
__import__.product_8368567,E
__import__.product_8368573,E
__import__.product_8368596,E
__import__.product_8368604,E
__import__.product_8368627,E
__import__.product_8368633,E
__import__.product_8368656,E
__import__.product_8368679,E
__import__.product_8368685,E
__import__.product_8368691,E
__import__.product_8368716,E
__import__.product_8368739,E
__import__.product_8368768,E
__import__.product_8368774,E
__import__.product_8368780,E
__import__.product_8368797,E
__import__.product_8368828,E
__import__.product_8368863,E
__import__.product_8368886,E
__import__.product_8368892,E
__import__.product_8368900,E
__import__.product_8368917,E
__import__.product_8368923,E
__import__.product_8368946,E
__import__.product_8368952,E
__import__.product_8368969,E
__import__.product_8368975,E
__import__.product_8368981,E
__import__.product_8368998,E
__import__.product_8369006,E
__import__.product_8369012,E
__import__.product_8369029,E
__import__.product_8369035,E
__import__.product_8369041,E
__import__.product_8369058,E
__import__.product_8369064,E
__import__.product_8369070,E
__import__.product_8369087,E
__import__.product_8369093,E
__import__.product_8369101,E
__import__.product_8369124,E
__import__.product_8369130,E
__import__.product_8369147,E
__import__.product_8369153,E
__import__.product_8369176,E
__import__.product_8369182,E
__import__.product_8369199,E
__import__.product_8369207,E
__import__.product_8369213,E
__import__.product_8369236,E
__import__.product_8369242,E
__import__.product_8369259,E
__import__.product_8369265,E
__import__.product_8369271,E
__import__.product_8369288,E
__import__.product_8369294,E
__import__.product_8369302,E
__import__.product_8369319,E
__import__.product_8369325,E
__import__.product_8369331,E
__import__.product_8369348,E
__import__.product_8369354,E
__import__.product_8369360,E
__import__.product_8369377,E
__import__.product_8369383,E
__import__.product_8369408,E
__import__.product_8369414,E
__import__.product_8369420,E
__import__.product_8369437,E
__import__.product_8369443,E
__import__.product_8369466,E
__import__.product_8369472,E
__import__.product_8369489,E
__import__.product_8369495,E
__import__.product_8369503,E
__import__.product_8369526,E
__import__.product_8369532,E
__import__.product_8369549,E
__import__.product_8369555,E
__import__.product_8369561,E
__import__.product_8369578,E
__import__.product_8369584,E
__import__.product_8369590,E
__import__.product_8369615,E
__import__.product_8369621,E
__import__.product_8369638,E
__import__.product_8369644,E
__import__.product_8369650,E
__import__.product_8369667,E
__import__.product_8369673,E
__import__.product_8369696,E
__import__.product_8369704,E
__import__.product_8369727,E
__import__.product_8369733,E
__import__.product_8369756,E
__import__.product_8369779,E
__import__.product_8369785,E
__import__.product_8369791,E
__import__.product_8369816,E
__import__.product_8369839,E
__import__.product_8369845,E
__import__.product_8369851,E
__import__.product_8369868,E
__import__.product_8369874,E
__import__.product_8369880,E
__import__.product_8369897,E
__import__.product_8369905,E
__import__.product_8369911,E
__import__.product_8369928,E
__import__.product_8369934,E
__import__.product_8369957,E
__import__.product_8369963,E
__import__.product_8369986,E
__import__.product_8369992,E
__import__.product_8370009,E
__import__.product_8370015,E
__import__.product_8370021,E
__import__.product_8370038,E
__import__.product_8370044,E
__import__.product_8370050,E
__import__.product_8370067,E
__import__.product_8370073,E
__import__.product_8370096,E
__import__.product_8370104,E
__import__.product_8370127,E
__import__.product_8370133,E
__import__.product_8370156,E
__import__.product_8370162,E
__import__.product_8370179,E
__import__.product_8370185,E
__import__.product_8370191,E
__import__.product_8370216,E
__import__.product_8370222,E
__import__.product_8370239,E
__import__.product_8370245,E
__import__.product_8370251,E
__import__.product_8370268,E
__import__.product_8370274,E
__import__.product_8370280,E
__import__.product_8370297,E
__import__.product_8370305,E
__import__.product_8370311,E
__import__.product_8370328,E
__import__.product_8370334,E
__import__.product_8370340,E
__import__.product_8370357,E
__import__.product_8370363,E
__import__.product_8370386,E
__import__.product_8370392,E
__import__.product_8370400,E
__import__.product_8370417,E
__import__.product_8370423,E
__import__.product_8370446,E
__import__.product_8370452,E
__import__.product_8370469,E
__import__.product_8370475,E
__import__.product_8370481,E
__import__.product_8370498,E
__import__.product_8370506,E
__import__.product_8370512,E
__import__.product_8370529,E
__import__.product_8370535,E
__import__.product_8370541,E
__import__.product_8370558,E
__import__.product_8370564,E
__import__.product_8370570,E
__import__.product_8370587,E
__import__.product_8370593,E
__import__.product_8370601,E
__import__.product_8370618,E
__import__.product_8370624,E
__import__.product_8370630,E
__import__.product_8370647,E
__import__.product_8370653,E
__import__.product_8370682,E
__import__.product_8370699,E
__import__.product_8370707,E
__import__.product_8370713,E
__import__.product_8370736,E
__import__.product_8370742,E
__import__.product_8370759,E
__import__.product_8370765,E
__import__.product_8370771,E
__import__.product_8370788,E
__import__.product_8370794,E
__import__.product_8370802,E
__import__.product_8370819,E
__import__.product_8370825,E
__import__.product_8370831,E
__import__.product_8370848,E
__import__.product_8370854,E
__import__.product_8370860,E
__import__.product_8370883,E
__import__.product_8370908,E
__import__.product_8370920,E
__import__.product_8370937,E
__import__.product_8370943,E
__import__.product_8370966,E
__import__.product_8370972,E
__import__.product_8370989,E
__import__.product_8370995,E
__import__.product_8371003,E
__import__.product_8371026,E
__import__.product_8371032,E
__import__.product_8371049,E
__import__.product_8371055,E
__import__.product_8371061,E
__import__.product_8371078,E
__import__.product_8371084,E
__import__.product_8371090,E
__import__.product_8371109,E
__import__.product_8371115,E
__import__.product_8371121,E
__import__.product_8371138,E
__import__.product_8371144,E
__import__.product_8371150,E
__import__.product_8371167,E
__import__.product_8371173,E
__import__.product_8371233,E
__import__.product_8371262,E
__import__.product_8371339,E
__import__.product_8371517,E
__import__.product_8371865,E
__import__.product_8371888,E
__import__.product_8371894,E
__import__.product_8371902,E
__import__.product_8371919,E
__import__.product_8371925,E
__import__.product_8371931,E
__import__.product_8371948,E
__import__.product_8371954,E
__import__.product_8371960,E
__import__.product_8371977,E
__import__.product_8371983,E
__import__.product_8372008,E
__import__.product_8372014,E
__import__.product_8372020,E
__import__.product_8372037,E
__import__.product_8372043,E
__import__.product_8372066,E
__import__.product_8372072,E
__import__.product_8372089,E
__import__.product_8372095,E
__import__.product_8372103,E
__import__.product_8372126,E
__import__.product_8372132,E
__import__.product_8372149,E
__import__.product_8372155,E
__import__.product_8372161,E
__import__.product_8372178,E
__import__.product_8372184,E
__import__.product_8372190,E
__import__.product_8372209,E
__import__.product_8372215,E
__import__.product_8372221,E
__import__.product_8372238,E
__import__.product_8372244,E
__import__.product_8372250,E
__import__.product_8372267,E
__import__.product_8372273,E
__import__.product_8372296,E
__import__.product_8372304,E
__import__.product_8372310,E
__import__.product_8372327,E
__import__.product_8372333,E
__import__.product_8372356,E
__import__.product_8372362,E
__import__.product_8372379,E
__import__.product_8372385,E
__import__.product_8372391,E
__import__.product_8372416,E
__import__.product_8372422,E
__import__.product_8372439,E
__import__.product_8372445,E
__import__.product_8372451,E
__import__.product_8372468,E
__import__.product_8372474,E
__import__.product_8372480,E
__import__.product_8372505,E
__import__.product_8372511,E
__import__.product_8372528,E
__import__.product_8372534,E
__import__.product_8372540,E
__import__.product_8372557,E
__import__.product_8372563,E
__import__.product_8372586,E
__import__.product_8372592,E
__import__.product_8372600,E
__import__.product_8372617,E
__import__.product_8372623,E
__import__.product_8372646,E
__import__.product_8372652,E
__import__.product_8372669,E
__import__.product_8372675,E
__import__.product_8372681,E
__import__.product_8372698,E
__import__.product_8372706,E
__import__.product_8372712,E
__import__.product_8372729,E
__import__.product_8372735,E
__import__.product_8372741,E
__import__.product_8372758,E
__import__.product_8372764,E
__import__.product_8372770,E
__import__.product_8372787,E
__import__.product_8372793,E
__import__.product_8372801,E
__import__.product_8372818,E
__import__.product_8372824,E
__import__.product_8372830,E
__import__.product_8372847,E
__import__.product_8372853,E
__import__.product_8372876,E
__import__.product_8372882,E
__import__.product_8372899,E
__import__.product_8372907,E
__import__.product_8372913,E
__import__.product_8372936,E
__import__.product_8372942,E
__import__.product_8372959,E
__import__.product_8372965,E
__import__.product_8372971,E
__import__.product_8372988,E
__import__.product_8372994,E
__import__.product_8373002,E
__import__.product_8373019,E
__import__.product_8373025,E
__import__.product_8373031,E
__import__.product_8373048,E
__import__.product_8373054,E
__import__.product_8373060,E
__import__.product_8373077,E
__import__.product_8373083,E
__import__.product_8373108,E
__import__.product_8373114,E
__import__.product_8373120,E
__import__.product_8373137,E
__import__.product_8373143,E
__import__.product_8373166,E
__import__.product_8373172,E
__import__.product_8373189,E
__import__.product_8373195,E
__import__.product_8373203,E
__import__.product_8373226,E
__import__.product_8373232,E
__import__.product_8373249,E
__import__.product_8373255,E
__import__.product_8373261,E
__import__.product_8373278,E
__import__.product_8373284,E
__import__.product_8373290,E
__import__.product_8373309,E
__import__.product_8373315,E
__import__.product_8373321,E
__import__.product_8373338,E
__import__.product_8373344,E
__import__.product_8373350,E
__import__.product_8373367,E
__import__.product_8373373,E
__import__.product_8373396,E
__import__.product_8373404,E
__import__.product_8373410,E
__import__.product_8373427,E
__import__.product_8373433,E
__import__.product_8373456,E
__import__.product_8373462,E
__import__.product_8373479,E
__import__.product_8373485,E
__import__.product_8373491,E
__import__.product_8373516,E
__import__.product_8373545,E
__import__.product_8373574,E
__import__.product_8373580,E
__import__.product_8373597,E
__import__.product_8373611,E
__import__.product_8373628,E
__import__.product_8373640,E
__import__.product_8373657,E
__import__.product_8373663,E
__import__.product_8373700,E
__import__.product_8373717,E
__import__.product_8373769,E
__import__.product_8373775,E
__import__.product_8373781,E
__import__.product_8373798,E
__import__.product_8373806,E
__import__.product_8373812,E
__import__.product_8373829,E
__import__.product_8373841,E
__import__.product_8373858,E
__import__.product_8373864,E
__import__.product_8373887,E
__import__.product_8373893,E
__import__.product_8373901,E
__import__.product_8373918,E
__import__.product_8373924,E
__import__.product_8373930,E
__import__.product_8373947,E
__import__.product_8373953,E
__import__.product_8373976,E
__import__.product_8373982,E
__import__.product_8373999,E
__import__.product_8374007,E
__import__.product_8374013,E
__import__.product_8374036,E
__import__.product_8374042,E
__import__.product_8374059,E
__import__.product_8374065,E
__import__.product_8374071,E
__import__.product_8374088,E
__import__.product_8374094,E
__import__.product_8374102,E
__import__.product_8374119,E
__import__.product_8374125,E
__import__.product_8374131,E
__import__.product_8374148,E
__import__.product_8374154,E
__import__.product_8374177,E
__import__.product_8374183,E
__import__.product_8374208,E
__import__.product_8374214,E
__import__.product_8374220,E
__import__.product_8374237,E
__import__.product_8374243,E
__import__.product_8374266,E
__import__.product_8374272,E
__import__.product_8374289,E
__import__.product_8374295,E
__import__.product_8374303,E
__import__.product_8374326,E
__import__.product_8374332,E
__import__.product_8374349,E
__import__.product_8374355,E
__import__.product_8374361,E
__import__.product_8374378,E
__import__.product_8374384,E
__import__.product_8374390,E
__import__.product_8374409,E
__import__.product_8374415,E
__import__.product_8374421,E
__import__.product_8374438,E
__import__.product_8374444,E
__import__.product_8374450,E
__import__.product_8374467,E
__import__.product_8374473,E
__import__.product_8374496,E
__import__.product_8374504,E
__import__.product_8374510,E
__import__.product_8374527,E
__import__.product_8374533,E
__import__.product_8374556,E
__import__.product_8374562,E
__import__.product_8374579,E
__import__.product_8374585,E
__import__.product_8374591,E
__import__.product_8374616,E
__import__.product_8374622,E
__import__.product_8374639,E
__import__.product_8374645,E
__import__.product_8374651,E
__import__.product_8374668,E
__import__.product_8374674,E
__import__.product_8374680,E
__import__.product_8374697,E
__import__.product_8374705,E
__import__.product_8374711,E
__import__.product_8374728,E
__import__.product_8374734,E
__import__.product_8374740,E
__import__.product_8374757,E
__import__.product_8374763,E
__import__.product_8374786,E
__import__.product_8374792,E
__import__.product_8374800,E
__import__.product_8374817,E
__import__.product_8374823,E
__import__.product_8374846,E
__import__.product_8374852,E
__import__.product_8374869,E
__import__.product_8374875,E
__import__.product_8374881,E
__import__.product_8374898,E
__import__.product_8374906,E
__import__.product_8374912,E
__import__.product_8374929,E
__import__.product_8374935,E
__import__.product_8374941,E
__import__.product_8374958,E
__import__.product_8374964,E
__import__.product_8374970,E
__import__.product_8374987,E
__import__.product_8374993,E
__import__.product_8375024,E
__import__.product_8375030,E
__import__.product_8375047,E
__import__.product_8375053,E
__import__.product_8375076,E
__import__.product_8375082,E
__import__.product_8375099,E
__import__.product_8375107,E
__import__.product_8375113,E
__import__.product_8375136,E
__import__.product_8375142,E
__import__.product_8375159,E
__import__.product_8375165,E
__import__.product_8375171,E
__import__.product_8375194,E
__import__.product_8375202,E
__import__.product_8375219,E
__import__.product_8375231,E
__import__.product_8375248,E
__import__.product_8375254,E
__import__.product_8375260,E
__import__.product_8375277,E
__import__.product_8375283,E
__import__.product_8375308,E
__import__.product_8375314,E
__import__.product_8375320,E
__import__.product_8375337,E
__import__.product_8375343,E
__import__.product_8375366,E
__import__.product_8375372,E
__import__.product_8375389,E
__import__.product_8375432,E
__import__.product_8375449,E
__import__.product_8375455,E
__import__.product_8375461,E
__import__.product_8375478,E
__import__.product_8375484,E
__import__.product_8375490,E
__import__.product_8375509,E
__import__.product_8375515,E
__import__.product_8375521,E
__import__.product_8375538,E
__import__.product_8375544,E
__import__.product_8375550,E
__import__.product_8375567,E
__import__.product_8375573,E
__import__.product_8375596,E
__import__.product_8375604,E
__import__.product_8375685,E
__import__.product_8375811,E
__import__.product_8375886,E
__import__.product_8375892,E
__import__.product_8375900,E
__import__.product_8375917,E
__import__.product_8375946,E
__import__.product_8375952,E
__import__.product_8375975,E
__import__.product_8376354,E
__import__.product_8376360,E
__import__.product_8376377,E
__import__.product_8376383,E
__import__.product_8376408,E
__import__.product_8376561,E
__import__.product_8376578,E
__import__.product_8376584,E
__import__.product_8376590,E
__import__.product_8376609,E
__import__.product_8376621,E
__import__.product_8377796,E
__import__.product_8377827,E
__import__.product_8377833,E
__import__.product_8377856,E
__import__.product_8377862,E
__import__.product_8379418,E
__import__.product_8379424,E
__import__.product_8379430,E
__import__.product_8379507,E
__import__.product_8379536,E
__import__.product_8379559,E
__import__.product_8379565,E
__import__.product_8379571,E
__import__.product_8379588,E
__import__.product_8379594,E
__import__.product_8379602,E
__import__.product_8379619,E
__import__.product_8379625,E
__import__.product_8379631,E
__import__.product_8379648,E
__import__.product_8379654,E
__import__.product_8379660,E
__import__.product_8379677,E
__import__.product_8379683,E
__import__.product_8379708,E
__import__.product_8379714,E
__import__.product_8379720,E
__import__.product_8379737,E
__import__.product_8379743,E
__import__.product_8379766,E
__import__.product_8382076,E
__import__.product_8382082,E
__import__.product_8382107,E
__import__.product_8382202,E
__import__.product_8382219,E
__import__.product_8382372,E
__import__.product_8382484,E
__import__.product_8382490,E
__import__.product_8382509,E
__import__.product_8382515,E
__import__.product_8382538,E
__import__.product_8382544,E
__import__.product_8383041,E
__import__.product_8383064,E
__import__.product_8383070,E
__import__.product_8383087,E
__import__.product_8384307,E
__import__.product_8384336,E
__import__.product_8384342,E
__import__.product_8384359,E
__import__.product_8384365,E
__import__.product_8384371,E
__import__.product_8384388,E
__import__.product_8384394,E
__import__.product_8384566,E
__import__.product_8384626,E
__import__.product_8384715,E
__import__.product_8385040,E
__import__.product_8385270,E
__import__.product_8385399,E
__import__.product_8385790,E
__import__.product_8386447,E
__import__.product_8387398,E
__import__.product_8387671,E
__import__.product_8387688,E
__import__.product_8388558,E
__import__.product_8388699,E
__import__.product_8388707,E
__import__.product_8388713,E
__import__.product_8388788,E
__import__.product_8388825,E
__import__.product_8388854,E
__import__.product_8388860,E
__import__.product_8388972,E
__import__.product_8389003,E
__import__.product_8389109,E
__import__.product_8389115,E
__import__.product_8389121,E
__import__.product_8389316,E
__import__.product_8389322,E
__import__.product_8389492,E
__import__.product_8389500,E
__import__.product_8389517,E
__import__.product_8389523,E
__import__.product_8389546,E
__import__.product_8389552,E
__import__.product_8389894,E
__import__.product_5080426,E
__import__.product_5388401,E
__import__.product_5013099,G
__import__.product_5013100,G
__import__.product_5013104,G
__import__.product_5113582,G
__import__.product_8182785,E
__import__.product_4251022,E
__import__.product_4251023,E
__import__.product_4251024,E
__import__.product_5433309,G
__import__.product_2631505,Q
__import__.product_2631471,Q
__import__.product_5355003,G
__import__.product_5355006,E
__import__.product_5410010,E
__import__.product_5260724,G
__import__.product_5027370,E
__import__.product_5101512,G
__import__.product_7074579,G
__import__.product_8181047,E
__import__.product_8181030,E
__import__.product_8385123,E
__import__.product_8385152,E
__import__.product_5014681,E
__import__.product_5452804,G
__import__.product_8385169,E
__import__.product_8385117,E
__import__.product_5112015,G
__import__.product_8385330,E
__import__.product_8386275,E
__import__.product_8386281,E
__import__.product_5109150,E
__import__.product_5237076,G
__import__.product_5238010,G
__import__.product_5011409,E
__import__.product_5011609,E
__import__.product_5463265,E
__import__.product_5464000,G
__import__.product_5011809,E
__import__.product_5200127,E
__import__.product_5741212,E
__import__.product_5741225,E
__import__.product_5741230,E
__import__.product_5260630,G
__import__.product_5138151,E
__import__.product_5211525,E
__import__.product_5180810,G
__import__.product_5011415,E
__import__.product_5011615,E
__import__.product_5068510,G
__import__.product_5260809,G
__import__.product_5087327,G
__import__.product_1239472,A
__import__.product_1239451,A
__import__.product_1240031,A
__import__.product_5333075,E
__import__.product_5551039,E
__import__.product_5590002,E
__import__.product_5147910,E
__import__.product_5860578,E
__import__.product_5861588,E
__import__.product_5904039,E
__import__.product_5904139,E
__import__.product_5904141,E
__import__.product_5904142,E
__import__.product_5904143,E
__import__.product_5904145,E
__import__.product_5404146,E
__import__.product_5904147,E
__import__.product_5197000,G
__import__.product_5252080,G
__import__.product_5020441,G
__import__.product_6742961,G
__import__.product_5035033,G
__import__.product_5436224,G
__import__.product_5087240,G
__import__.product_8298476,G
__import__.product_5017925,E
__import__.product_5600510,E
__import__.product_2060035,G
__import__.product_5910123,G
__import__.product_5910121,G
__import__.product_8364434,E
__import__.product_5175499,G
__import__.product_5219120,G
__import__.product_5600515,E
__import__.product_5273391,G
__import__.product_5273392,G
__import__.product_5273393,G
__import__.product_5273394,G
__import__.product_5273395,G
__import__.product_5273396,G
__import__.product_5273397,G
__import__.product_5910005,G
__import__.product_5271300,E
__import__.product_5141872,G
__import__.product_5243011,E
__import__.product_5260053,G
__import__.product_5134016,G
__import__.product_5021622,G
__import__.product_5910006,G
__import__.product_6874071,G
__import__.product_6023901,G
__import__.product_7317361,G
__import__.product_8036380,E
__import__.product_5437759,G
__import__.product_5432200,G
__import__.product_8352046,E
__import__.product_5301519,G
__import__.product_5531524,G
__import__.product_5132122,G
__import__.product_5019336,E
__import__.product_5930128,G
__import__.product_5052277,E
__import__.product_5305119,G
__import__.product_5271308,E
__import__.product_5023090,E
__import__.product_8021208,E
__import__.product_5911025,G
__import__.product_5062008,E
__import__.product_5271116,E
__import__.product_8352052,E
__import__.product_6665002,G
__import__.product_8193754,E
__import__.product_5299387,E
__import__.product_5271303,E
__import__.product_5271407,E
__import__.product_5027599,G
__import__.product_5016356,E
__import__.product_5064035,E
__import__.product_5064037,E
__import__.product_5064036,E
__import__.product_5220455,E
__import__.product_5062011,E
__import__.product_5807607,E
__import__.product_5927050,G
__import__.product_5141870,G
__import__.product_5400300,G
__import__.product_5433209,G
__import__.product_6960770,G
__import__.product_5438105,G
__import__.product_5260514,E
__import__.product_5040096,G
__import__.product_5270222,A
__import__.product_5151009,E
__import__.product_5151010,E
__import__.product_5151011,E
__import__.product_5058112,E
__import__.product_8193731,E
__import__.product_5367891,E
__import__.product_5140492,G
__import__.product_5155401,E
__import__.product_5352721,G
__import__.product_5027598,E
__import__.product_5344018,E
__import__.product_8343923,E
__import__.product_1616333,G
__import__.product_6091558,G
__import__.product_8379275,E
__import__.product_5840302,G
__import__.product_5432612,G
__import__.product_5760340,G
__import__.product_5135022,G
__import__.product_5077016,E
__import__.product_5112333,E
__import__.product_5351601,E
__import__.product_5016362,E
__import__.product_5016302,E
__import__.product_5016392,E
__import__.product_5016316,E
__import__.product_5016317,E
__import__.product_5016318,E
__import__.product_5016325,E
__import__.product_5016381,E
__import__.product_5016383,E
__import__.product_5016371,E
__import__.product_5016372,E
__import__.product_5016382,E
__import__.product_8352069,E
__import__.product_5610507,G
__import__.product_6741714,Q
__import__.product_5835002,E
__import__.product_5023080,E
__import__.product_5048021,E
__import__.product_5467061,E
__import__.product_5992464,G
__import__.product_5461530,E
__import__.product_5028505,E
__import__.product_5232111,G
__import__.product_5026221,E
__import__.product_6885790,G
__import__.product_8043256,P
__import__.product_8043339,P
__import__.product_8043345,P
__import__.product_8043262,G
__import__.product_8043291,G
__import__.product_8043316,G
__import__.product_5920260,E
__import__.product_5920262,E
__import__.product_5271117,E
__import__.product_5271298,E
__import__.product_5271298,E
__import__.product_5422310,E
__import__.product_5013018,E
__import__.product_5904144,E
__import__.product_5111525,E
__import__.product_5111434,E
__import__.product_5260510,E
__import__.product_5006223,E
__import__.product_8377879,E
__import__.product_8096034,E
__import__.product_8096063,E
__import__.product_8096086,E
__import__.product_8096092,E
__import__.product_8096100,E
__import__.product_8096123,E
__import__.product_8096146,E
__import__.product_8096152,E
__import__.product_8096169,E
__import__.product_4350435,G
__import__.product_2600632,G
__import__.product_2600649,G
__import__.product_2600655,G
__import__.product_4610267,E
__import__.product_5431250,G
__import__.product_5433413,G
__import__.product_5860504,E
__import__.product_5860503,E
__import__.product_5000016,E
__import__.product_5220305,E
__import__.product_5034700,E
__import__.product_5671010,E
__import__.product_5103476,E
__import__.product_5103477,E
__import__.product_5021424,G
__import__.product_5037151,E
__import__.product_5431612,G
__import__.product_5610516,G
__import__.product_5037000,E
__import__.product_5037015,E
__import__.product_5031305,E
__import__.product_8379246,E
__import__.product_8379281,E
__import__.product_8379364,E
__import__.product_5030722,E
__import__.product_5151003,E
__import__.product_5610517,G
__import__.product_8358959,E
__import__.product_5013011,E
__import__.product_5008278,E
__import__.product_5008283,E
__import__.product_5271302,E
__import__.product_5271304,E
__import__.product_5271311,E
__import__.product_8042742,E
__import__.product_5915250,G
__import__.product_1388164,G
__import__.product_2550580,G
__import__.product_5271422,E
__import__.product_8379269,P
__import__.product_8379312,G
__import__.product_8366120,P
__import__.product_8366137,G
__import__.product_8366143,G
__import__.product_8366172,G
__import__.product_5145020,E
__import__.product_5270084,G
__import__.product_5068509,G
__import__.product_5967008,E
__import__.product_5045144,E
__import__.product_5045145,E
__import__.product_5170090,E
__import__.product_7918172,E
__import__.product_5435209,G
__import__.product_8297821,E
__import__.product_8197195,E
__import__.product_8197203,E
__import__.product_8197226,E
__import__.product_5135586,E
__import__.product_5967009,E
__import__.product_5512017,G
__import__.product_5436124,G
__import__.product_8015260,E
__import__.product_5049900,E
__import__.product_5503123,E
__import__.product_5001107,E
__import__.product_5916500,G
__import__.product_8197083,E
__import__.product_5401540,G
__import__.product_5021630,G
__import__.product_5259689,E
__import__.product_5056640,E
__import__.product_3301300,E
__import__.product_3302202,E
__import__.product_3303330,G
__import__.product_4301100,E
__import__.product_4303330,E
__import__.product_6723449,G
__import__.product_8347631,E
__import__.product_8181863,E
__import__.product_5436122,G
__import__.product_5220015,G
__import__.product_8340356,E
__import__.product_5922140,G
__import__.product_5922141,G
__import__.product_5922143,G
__import__.product_8380574,E
__import__.product_8380628,E
__import__.product_5526213,E
__import__.product_8377661,G
__import__.product_8377678,G
__import__.product_5300865,G
__import__.product_5231210,E
__import__.product_5231211,E
__import__.product_5027302,E
__import__.product_8377721,E
__import__.product_8380516,E
__import__.product_8380522,E
__import__.product_8380551,E
__import__.product_8380605,E
__import__.product_8380580,E
__import__.product_8380597,E
__import__.product_8380611,E
__import__.product_8380634,E
__import__.product_8380663,E
__import__.product_8380686,E
__import__.product_8380700,E
__import__.product_8380717,E
__import__.product_8380723,E
__import__.product_8380143,E
__import__.product_8380166,E
__import__.product_8380189,E
__import__.product_8380203,E
__import__.product_8380309,E
__import__.product_8380315,E
__import__.product_8380338,E
__import__.product_8380344,E
__import__.product_8380367,E
__import__.product_8380261,E
__import__.product_8379795,E
__import__.product_8379803,E
__import__.product_8379826,E
__import__.product_8379832,E
__import__.product_8379849,E
__import__.product_8379915,E
__import__.product_8387464,E
__import__.product_8352253,E
__import__.product_8352276,E
__import__.product_5869001,E
__import__.product_5324006,E
__import__.product_5792055,E
__import__.product_5610520,G
__import__.product_6294592,G
__import__.product_6789827,Q
__import__.product_5936413,G
__import__.product_7929060,G
__import__.product_5052210,E
__import__.product_5052211,E
__import__.product_5052212,E
__import__.product_5052226,E
__import__.product_5052265,E
__import__.product_5052296,E
__import__.product_8332078,G
__import__.product_8366864,G
__import__.product_5431005,G
__import__.product_5431100,G
__import__.product_5432005,G
__import__.product_5436126,G
__import__.product_5273298,E
__import__.product_5040310,E
__import__.product_5720177,E
__import__.product_5916402,G
__import__.product_5218450,E
__import__.product_4346066,G
__import__.product_8349848,E
__import__.product_5046115,E
__import__.product_5280791,E
__import__.product_5431811,G
__import__.product_2596492,G
__import__.product_5013086,G
__import__.product_5042514,G
__import__.product_8433603,E
__import__.product_7944342,G
__import__.product_1250815,A
__import__.product_5202343,G
__import__.product_5253100,G
__import__.product_5500137,G
__import__.product_2615367,G
__import__.product_2615359,G
__import__.product_2549921,Q
__import__.product_5123816,E
__import__.product_5915721,E
__import__.product_5303977,E
__import__.product_5042515,G
__import__.product_5032401,E
__import__.product_2586733,G
__import__.product_8383434,E
__import__.product_8386393,E
__import__.product_6775854,Q
__import__.product_7480256,G
__import__.product_5001113,E
__import__.product_5001114,E
__import__.product_8368107,E
__import__.product_8362504,E
__import__.product_8291178,E
__import__.product_5340284,G
__import__.product_5086517,E
__import__.product_8184896,E
__import__.product_5270620,E
__import__.product_8339353,E
__import__.product_5992460,G
__import__.product_5992146,G
__import__.product_5048790,E
__import__.product_5290985,E
__import__.product_5290980,E
__import__.product_8480614,E
__import__.product_8364121,E
__import__.product_8366752,E
__import__.product_8366769,E
__import__.product_8366775,E
__import__.product_5220040,E
__import__.product_8368113,E
__import__.product_8431739,E
__import__.product_8022780,E
__import__.product_8037304,E
__import__.product_5030723,E
__import__.product_5041120,E
__import__.product_5741630,E
__import__.product_5742030,E
__import__.product_7145066,G
__import__.product_5021626,G
__import__.product_5220410,E
__import__.product_5220411,E
__import__.product_8388698,E
__import__.product_5035213,E
__import__.product_8202223,E
__import__.product_5335392,E
__import__.product_7439999,G
__import__.product_8199969,E
__import__.product_8199968,E
__import__.product_8373546,E
__import__.product_5929015,G
__import__.product_5929020,G
__import__.product_5929040,G
__import__.product_5435499,G
__import__.product_5435309,G
__import__.product_7974449,G
__import__.product_6766996,G
__import__.product_5904037,E
__import__.product_5904049,E
__import__.product_5012520,E
__import__.product_5012525,E
__import__.product_5410016,E
__import__.product_5433207,G
__import__.product_5600500,E
__import__.product_5929151,G
__import__.product_5260566,E
__import__.product_5925037,G
__import__.product_2450427,Q
__import__.product_8206095,E
__import__.product_5610531,G
__import__.product_5610532,G
__import__.product_2461788,Q
__import__.product_5062305,E
__import__.product_5423070,G
__import__.product_5423670,G
__import__.product_8379335,E
__import__.product_5362470,G
__import__.product_5260250,E
__import__.product_5330110,E
__import__.product_5040125,G
__import__.product_6440525,E
__import__.product_5764020,G
__import__.product_5001000,G
__import__.product_5062007,E
__import__.product_5402065,E
__import__.product_8190069,E
__import__.product_8201778,E
__import__.product_8362659,E
__import__.product_5362661,E
__import__.product_8362665,E
__import__.product_5362668,E
__import__.product_5362669,E
__import__.product_8362671,E
__import__.product_8362688,E
__import__.product_8362702,E
__import__.product_8362719,E
__import__.product_8362725,E
__import__.product_8362694,E
__import__.product_8377201,G
__import__.product_8377224,G
__import__.product_5272164,G
__import__.product_8388185,G
__import__.product_5140520,G
__import__.product_5437050,G
__import__.product_5001982,G
__import__.product_5001994,G
__import__.product_2666237,Q
__import__.product_2461754,G
__import__.product_8377810,E
__import__.product_5512018,G
__import__.product_8387984,E
__import__.product_8291221,G
__import__.product_8353979,G
__import__.product_8333221,E
__import__.product_5003757,E
__import__.product_8291310,E
__import__.product_8293416,E
__import__.product_7750015,E
__import__.product_8382231,E
__import__.product_5904036,E
__import__.product_5904047,E
__import__.product_5361150,E
__import__.product_8182200,E
__import__.product_2289155,G
__import__.product_5920650,E
__import__.product_8375692,E
__import__.product_5188011,E
__import__.product_5188012,E
__import__.product_5188013,E
__import__.product_5610533,G
__import__.product_8367898,E
__import__.product_8367852,E
__import__.product_8367869,E
__import__.product_8367875,E
__import__.product_8187475,E
__import__.product_8071223,E
__import__.product_5272114,E
__import__.product_5272113,E
__import__.product_5272117,E
__import__.product_8355961,E
__import__.product_5512019,G
__import__.product_5650102,G
__import__.product_5650103,E
__import__.product_5650104,E
__import__.product_5650105,G
__import__.product_5650106,E
__import__.product_5650107,E
__import__.product_5650108,G
__import__.product_5650109,E
__import__.product_5650110,E
__import__.product_5650116,G
__import__.product_5650118,G
__import__.product_5650119,G
__import__.product_5650121,E
__import__.product_5650122,E
__import__.product_5650123,E
__import__.product_5650124,E
__import__.product_5650126,G
__import__.product_5650127,G
__import__.product_5650129,G
__import__.product_8201005,E
__import__.product_8201011,E
__import__.product_8201028,E
__import__.product_8201034,E
__import__.product_8201040,E
__import__.product_8201063,E
__import__.product_8201086,E
__import__.product_8201092,E
__import__.product_8200891,E
__import__.product_8200916,E
__import__.product_8200939,E
__import__.product_8200945,E
__import__.product_8200968,E
__import__.product_8200974,E
__import__.product_8200164,E
__import__.product_8200170,E
__import__.product_8200187,E
__import__.product_8200193,E
__import__.product_8200201,E
__import__.product_8200218,E
__import__.product_8200230,E
__import__.product_8200247,E
__import__.product_8200253,E
__import__.product_8200276,E
__import__.product_8200299,E
__import__.product_8200307,E
__import__.product_8200313,E
__import__.product_8200336,E
__import__.product_8200342,E
__import__.product_8200359,E
__import__.product_8200371,E
__import__.product_8200388,E
__import__.product_8200394,E
__import__.product_8200402,E
__import__.product_8200419,E
__import__.product_8200425,E
__import__.product_8200431,E
__import__.product_8200448,E
__import__.product_8200454,E
__import__.product_8200460,E
__import__.product_8200477,E
__import__.product_8200483,E
__import__.product_8200508,E
__import__.product_8200514,E
__import__.product_8200520,E
__import__.product_8200537,E
__import__.product_8200543,E
__import__.product_8200566,E
__import__.product_8200572,E
__import__.product_8200632,E
__import__.product_8200649,E
__import__.product_8200655,E
__import__.product_8200661,E
__import__.product_8200738,E
__import__.product_8200744,E
__import__.product_8200750,E
__import__.product_8200767,E
__import__.product_8200773,E
__import__.product_8200804,E
__import__.product_8200856,E
__import__.product_8200862,E
__import__.product_8200885,E
__import__.product_8200980,E
__import__.product_8200997,E
__import__.product_8201100,E
__import__.product_8201117,E
__import__.product_8201123,E
__import__.product_8201146,E
__import__.product_8201152,E
__import__.product_8201318,E
__import__.product_8201324,E
__import__.product_8201330,E
__import__.product_8201347,E
__import__.product_8201353,E
__import__.product_5034020,E
__import__.product_8201436,E
__import__.product_8201442,E
__import__.product_8201459,E
__import__.product_8201465,E
__import__.product_8201471,E
__import__.product_8201488,E
__import__.product_8201494,E
__import__.product_8201502,E
__import__.product_8201519,E
__import__.product_8201525,E
__import__.product_8201531,E
__import__.product_8201548,E
__import__.product_8201554,E
__import__.product_8201560,E
__import__.product_8201577,E
__import__.product_8201583,E
__import__.product_8201608,E
__import__.product_8201614,E
__import__.product_8201621,E
__import__.product_8200796,E
__import__.product_8200810,E
__import__.product_8200827,E
__import__.product_5030030,E
__import__.product_5225225,E
__import__.product_5221270,G
__import__.product_5405149,G
__import__.product_5042516,G
__import__.product_5042517,G
__import__.product_5042518,G
__import__.product_5042519,G
__import__.product_5042520,G
__import__.product_8433365,E
__import__.product_6911903,G
__import__.product_5259502,G
__import__.product_2719490,Q
__import__.product_5007175,G
__import__.product_8200135,E
__import__.product_8200129,E
__import__.product_8200158,E
__import__.product_5272104,E
__import__.product_8205977,E
__import__.product_8205983,E
__import__.product_6812928,G
__import__.product_8184028,E
__import__.product_5152210,E
__import__.product_5706080,E
__import__.product_5706081,E
__import__.product_5831030,E
__import__.product_5330130,E
__import__.product_8030727,E
__import__.product_8425348,E
__import__.product_8211535,E
__import__.product_8211529,E
__import__.product_5001620,E
__import__.product_6732514,G
__import__.product_5042521,G
__import__.product_5042522,G
__import__.product_5011240,E
__import__.product_5512020,G
__import__.product_5433407,G
__import__.product_2540912,G
__import__.product_2681252,G
__import__.product_2214922,Q
__import__.product_2214930,Q
__import__.product_1434869,Q
__import__.product_8181900,G
__import__.product_8181917,G
__import__.product_8181923,G
__import__.product_8181946,G
__import__.product_8181952,G
__import__.product_8181969,G
__import__.product_8181975,G
__import__.product_8180125,E
__import__.product_6868610,G
__import__.product_8293562,E
__import__.product_8341373,G
__import__.product_5307652,G
__import__.product_5430114,E
__import__.product_8428648,E
__import__.product_6731029,G
__import__.product_5130311,E
__import__.product_5130312,G
__import__.product_5001622,E
__import__.product_5001623,E
__import__.product_5823822,E
__import__.product_5823630,E
__import__.product_6335687,E
__import__.product_5330661,E
__import__.product_5330761,E
__import__.product_5440683,E
__import__.product_5034018,E
__import__.product_5312920,E
__import__.product_5312925,E
__import__.product_5312930,E
__import__.product_5312935,E
__import__.product_8041037,G
__import__.product_5361154,E
__import__.product_5361158,E
__import__.product_5741215,E
__import__.product_8035713,E
__import__.product_5280796,E
__import__.product_5927040,G
__import__.product_5007391,E
__import__.product_5920503,E
__import__.product_5920550,E
__import__.product_5920651,E
__import__.product_5920653,E
__import__.product_5920303,E
__import__.product_8345000,E
__import__.product_5613600,G
__import__.product_5260522,E
__import__.product_5260526,E
__import__.product_5021448,E
__import__.product_5010180,G
__import__.product_8039941,G
__import__.product_5260518,E
__import__.product_7026445,G
__import__.product_5841250,G
__import__.product_8197309,E
__import__.product_8346465,E
__import__.product_5430525,E
__import__.product_8348464,E
__import__.product_5068725,G
__import__.product_5068727,G
__import__.product_5615103,E
__import__.product_2698470,G
__import__.product_5104072,E
__import__.product_5104073,E
__import__.product_5104074,E
__import__.product_5104075,E
__import__.product_5104076,E
__import__.product_6868277,G
__import__.product_5904140,E
__import__.product_5904149,E
__import__.product_8377282,E
__import__.product_8354074,E
__import__.product_8354068,E
__import__.product_5001041,E
__import__.product_5002552,E
__import__.product_5002553,E
__import__.product_6771098,Q
__import__.product_5027165,E
__import__.product_8214841,E
__import__.product_5400400,G
__import__.product_8380226,E
__import__.product_5941071,E
__import__.product_5941320,E
__import__.product_5941340,G
__import__.product_5941350,G
__import__.product_5041323,E
__import__.product_5920136,E
__import__.product_5920912,E
__import__.product_5015021,E
__import__.product_1232002,A
__import__.product_0159910,A
__import__.product_1234002,A
__import__.product_1234051,A
__import__.product_1234052,A
__import__.product_0159960,A
__import__.product_0159970,A
__import__.product_5100410,E
__import__.product_5273467,G
__import__.product_6786160,G
__import__.product_5860508,E
__import__.product_5860505,E
__import__.product_6831742,G
__import__.product_8362062,E
__import__.product_5260573,E
__import__.product_5273468,G
__import__.product_5115090,G
__import__.product_8196988,E
__import__.product_8387429,E
__import__.product_5421418,E
__import__.product_5082201,E
__import__.product_8200224,E
__import__.product_5440682,E
__import__.product_8022001,E
__import__.product_8022024,E
__import__.product_8022047,E
__import__.product_5892851,E
__import__.product_5437227,G
__import__.product_8209521,E
__import__.product_5122401,E
__import__.product_5902403,E
__import__.product_5622067,E
__import__.product_5039021,G
__import__.product_5438101,G
__import__.product_5423102,G
__import__.product_5438104,G
__import__.product_5039500,E
__import__.product_2675684,Q
__import__.product_8197077,E
__import__.product_8336716,E
__import__.product_5333021,E
__import__.product_5400100,G
__import__.product_8211328,E
__import__.product_8211311,E
__import__.product_8211305,E
__import__.product_8211280,E
__import__.product_8211357,E
__import__.product_8211340,E
__import__.product_8190425,E
__import__.product_8342094,E
__import__.product_5915024,E
__import__.product_8210323,E
__import__.product_5082205,E
__import__.product_5082206,E
__import__.product_5260574,E
__import__.product_5302160,G
__import__.product_5042524,G
__import__.product_5025440,G
__import__.product_5654323,E
__import__.product_8215289,E
__import__.product_8215303,E
__import__.product_8215332,E
__import__.product_8215295,E
__import__.product_8215326,E
__import__.product_8215349,E
__import__.product_8215355,E
__import__.product_8215361,E
__import__.product_5324007,E
__import__.product_5350410,E
__import__.product_5923036,G
__import__.product_5923041,G
__import__.product_5340811,E
__import__.product_5330632,E
__import__.product_5039031,E
__import__.product_5736882,E
__import__.product_6330633,E
__import__.product_5352735,G
__import__.product_6963113,G
__import__.product_5791500,E
__import__.product_5019340,E
__import__.product_5661841,E
__import__.product_5803080,E
__import__.product_8084976,G
__import__.product_8079797,G
__import__.product_8079923,G
__import__.product_8079946,G
__import__.product_5299910,E
__import__.product_5330214,E
__import__.product_5217965,E
__import__.product_8208421,G
__import__.product_6740904,G
__import__.product_5920595,E
__import__.product_8194392,G
__import__.product_8212954,E
__import__.product_8212960,E
__import__.product_8213818,E
__import__.product_5714940,E
__import__.product_5174300,E
__import__.product_5330261,E
__import__.product_5330271,E
__import__.product_5330274,E
__import__.product_5330322,E
__import__.product_5330301,E
__import__.product_5039580,E
__import__.product_5433213,G
__import__.product_5433311,G
__import__.product_8484204,E
__import__.product_5005211,G
__import__.product_5005101,G
__import__.product_5005131,G
__import__.product_5005112,G
__import__.product_5005127,G
__import__.product_5005137,G
__import__.product_5005141,G
__import__.product_5005151,G
__import__.product_5005161,G
__import__.product_8218164,E
__import__.product_5490956,E
__import__.product_9584907,Q
__import__.product_5225224,E
__import__.product_5470001,E
__import__.product_5470002,E
__import__.product_5410001,E
__import__.product_5410002,E
__import__.product_5410003,E
__import__.product_5110027,Q
__import__.product_5928035,G
__import__.product_5082001,G
__import__.product_5450104,E
__import__.product_5450105,E
__import__.product_5450107,E
__import__.product_5610539,G
__import__.product_5052221,E
__import__.product_5270225,A
__import__.product_5405250,G
__import__.product_5010109,E
__import__.product_5123310,E
__import__.product_5212680,E
__import__.product_5635502,E
__import__.product_5042525,G
__import__.product_5704005,E
__import__.product_5014175,E
__import__.product_8380025,E
__import__.product_5220256,E
__import__.product_5720201,E
__import__.product_4841268,G
__import__.product_8214516,E
__import__.product_5512024,G
__import__.product_5016515,G
__import__.product_8355694,E
__import__.product_7068490,G
__import__.product_5031950,E
__import__.product_5604271,E
__import__.product_5012263,E
__import__.product_5340175,E
__import__.product_5270085,E
__import__.product_5335628,E
__import__.product_5335624,E
__import__.product_5030733,E
__import__.product_5433401,G
__import__.product_8098777,E
__import__.product_5429959,E
__import__.product_8218626,E
__import__.product_5764009,G
__import__.product_8342680,E
__import__.product_5501502,E
__import__.product_5351536,G
__import__.product_5141423,E
__import__.product_8202341,G
__import__.product_5142311,E
__import__.product_5106323,E
__import__.product_5043270,G
__import__.product_8222326,G
__import__.product_8209610,E
__import__.product_5116011,E
__import__.product_5740267,E
__import__.product_1402692,Q
__import__.product_5121210,E
__import__.product_5817262,E
__import__.product_5800050,E
__import__.product_5021620,G
__import__.product_8180131,E
__import__.product_8341516,E
__import__.product_6972129,G
__import__.product_8388216,E
__import__.product_5912017,G
__import__.product_5460094,G
__import__.product_5460116,G
__import__.product_2811453,Q
__import__.product_2811446,Q
__import__.product_8387837,G
__import__.product_5560655,G
__import__.product_5560657,G
__import__.product_5560656,G
__import__.product_6954692,Q
__import__.product_5792031,G
__import__.product_7920071,G
__import__.product_5004442,E
__import__.product_5004441,E
__import__.product_8380924,E
__import__.product_5266314,G
__import__.product_8300004,E
__import__.product_5121211,E
__import__.product_5121212,E
__import__.product_6691057,E
__import__.product_8197108,G
__import__.product_8383549,E
__import__.product_5302801,E
__import__.product_5016224,E
__import__.product_5016226,E
__import__.product_5016225,E
__import__.product_5016227,E
__import__.product_5016228,E
__import__.product_5130320,G
__import__.product_5130321,E
__import__.product_8349191,Q
__import__.product_8294248,G
__import__.product_5435325,G
__import__.product_8213267,E
__import__.product_7145681,E
__import__.product_5017302,E
__import__.product_5505005,G
__import__.product_5823401,G
__import__.product_5178385,E
__import__.product_5320512,G
__import__.product_5925119,G
__import__.product_8377253,E
__import__.product_5012285,E
__import__.product_5424049,G
__import__.product_5422062,G
__import__.product_5422087,A
__import__.product_5260711,G
__import__.product_8364888,E
__import__.product_5022901,G
__import__.product_5130130,G
__import__.product_6885548,G
__import__.product_7268970,G
__import__.product_6935654,G
__import__.product_8224041,G
__import__.product_5653001,E
__import__.product_5653002,G
__import__.product_5970207,E
__import__.product_7856966,E
__import__.product_4551094,E
__import__.product_1000678,E
__import__.product_5134046,E
__import__.product_5134051,E
__import__.product_5164810,G
__import__.product_5164820,G
__import__.product_6730047,Q
__import__.product_5914571,E
__import__.product_5244204,E
__import__.product_5244205,E
__import__.product_5244206,E
__import__.product_5244207,E
__import__.product_5910122,G
__import__.product_8225276,E
__import__.product_8225247,E
__import__.product_8225253,E
__import__.product_8224609,E
__import__.product_8224644,E
__import__.product_8224638,E
__import__.product_8224615,E
__import__.product_8224621,E
__import__.product_8209522,E
__import__.product_5130138,E
__import__.product_5610542,G
__import__.product_6728458,G
__import__.product_8226525,E
__import__.product_8226531,E
__import__.product_5026479,E
__import__.product_5330634,E
__import__.product_6740620,G
__import__.product_5610543,G
__import__.product_8210228,E
__import__.product_8207226,E
__import__.product_8207232,E
__import__.product_8207249,E
__import__.product_8207255,E
__import__.product_8207261,E
__import__.product_8207278,E
__import__.product_8207284,E
__import__.product_8003357,G
__import__.product_5470005,E
__import__.product_5470006,E
__import__.product_8346264,Q
__import__.product_8218253,E
__import__.product_8219241,E
__import__.product_8219258,E
__import__.product_8219264,E
__import__.product_5776183,G
__import__.product_5776184,E
__import__.product_5776188,E
__import__.product_5837013,E
__import__.product_5837082,E
__import__.product_8347795,E
__import__.product_8347803,E
__import__.product_5353003,E
__import__.product_8377052,E
__import__.product_8389463,E
__import__.product_8377069,E
__import__.product_8377075,E
__import__.product_8389486,E
__import__.product_1731603,G
__import__.product_5999993,E
__import__.product_8038290,G
__import__.product_5039816,G
__import__.product_5039906,G
__import__.product_5031104,G
__import__.product_8012586,E
__import__.product_5291013,G
__import__.product_5001497,E
__import__.product_8357032,E
__import__.product_1202403,A
__import__.product_8063187,E
__import__.product_5127524,E
__import__.product_8364428,E
__import__.product_5104535,E
__import__.product_2289239,G
__import__.product_8223478,E
__import__.product_5003480,E
__import__.product_5003481,E
__import__.product_5003482,E
__import__.product_5707070,G
__import__.product_8222964,E
__import__.product_8222993,E
__import__.product_8222970,E
__import__.product_8364612,E
__import__.product_2859353,G
__import__.product_5436120,E
__import__.product_6711216,G
__import__.product_8361329,E
__import__.product_8202482,E
__import__.product_5221900,E
__import__.product_5890439,E
__import__.product_6778060,G
__import__.product_8347298,G
__import__.product_8347252,G
__import__.product_5123410,E
__import__.product_5671103,E
__import__.product_2790780,G
__import__.product_5420200,E
__import__.product_5279176,E
__import__.product_5060107,E
__import__.product_5038000,E
__import__.product_5226900,E
__import__.product_5226901,E
__import__.product_5226902,E
__import__.product_5012357,E
__import__.product_5012356,E
__import__.product_5320136,G
__import__.product_5251524,G
__import__.product_5590010,E
__import__.product_8215183,E
__import__.product_8377336,E
__import__.product_8380120,E
__import__.product_8213014,E
__import__.product_5947756,E
__import__.product_5805114,E
__import__.product_5410017,E
__import__.product_8186903,E
__import__.product_5950030,G
__import__.product_5340817,G
__import__.product_5340836,G
__import__.product_8357919,G
__import__.product_5340911,G
__import__.product_8357859,G
__import__.product_5604281,E
__import__.product_5123317,E
__import__.product_8197686,G
__import__.product_8206959,G
__import__.product_8206876,G
__import__.product_8206913,G
__import__.product_8206942,G
__import__.product_8206936,G
__import__.product_5134036,G
__import__.product_5106326,E
__import__.product_8092869,G
__import__.product_8092533,G
__import__.product_8092556,G
__import__.product_8092496,G
__import__.product_8094874,G
__import__.product_8092527,G
__import__.product_1201090,A
__import__.product_1202405,A
__import__.product_8006781,G
__import__.product_8209604,E
__import__.product_5100980,E
__import__.product_8228702,E
__import__.product_8228719,E
__import__.product_8228725,E
__import__.product_8228731,E
__import__.product_8336455,G
__import__.product_8228760,E
__import__.product_5803910,E
__import__.product_8079863,G
__import__.product_5042550,G
__import__.product_8222622,E
__import__.product_8222616,E
__import__.product_8188813,E
__import__.product_6547231,G
__import__.product_5259626,G
__import__.product_5259624,G
__import__.product_8298306,E
__import__.product_5920913,E
__import__.product_8217609,E
__import__.product_5871311,E
__import__.product_8428743,E
__import__.product_7913302,G
__import__.product_5405144,E
__import__.product_8102533,G
__import__.product_8298128,E
__import__.product_8216679,E
__import__.product_8218520,E
__import__.product_5124027,E
__import__.product_2379717,G
__import__.product_5610551,G
__import__.product_5020540,E
__import__.product_5760543,G
__import__.product_8229819,E
__import__.product_2836344,G
__import__.product_2836351,G
__import__.product_2836369,G
__import__.product_2836377,G
__import__.product_2836385,G
__import__.product_2836393,G
__import__.product_2836401,G
__import__.product_2885812,G
__import__.product_5142806,E
__import__.product_5004170,E
__import__.product_5140250,E
__import__.product_6743452,G
__import__.product_4504890,G
__import__.product_5100032,E
__import__.product_5791045,E
__import__.product_5014650,E
__import__.product_8367881,E
__import__.product_5134048,E
__import__.product_5136035,E
__import__.product_8049053,E
__import__.product_8382797,E
__import__.product_5668022,E
__import__.product_8193867,E
__import__.product_8385867,E
__import__.product_8223426,E
__import__.product_5319127,E
__import__.product_5794021,E
__import__.product_8092562,G
__import__.product_6954350,Q
__import__.product_5604301,E
__import__.product_5101320,E
__import__.product_5164120,E
__import__.product_8333907,E
__import__.product_8225603,E
__import__.product_5913605,G
__import__.product_8210636,E
__import__.product_8210613,E
__import__.product_8020551,E
__import__.product_8209515,E
__import__.product_8088394,G
__import__.product_5000719,E
__import__.product_5826402,E
__import__.product_5826404,E
__import__.product_5639843,E
__import__.product_5003272,E
__import__.product_5003935,E
__import__.product_5001465,E
__import__.product_5001480,E
__import__.product_5001675,E
__import__.product_5004021,E
__import__.product_5002059,E
__import__.product_8203381,E
__import__.product_5018994,E
__import__.product_5002618,E
__import__.product_5002590,E
__import__.product_5180090,E
__import__.product_8012310,E
__import__.product_7924015,G
__import__.product_8229038,G
__import__.product_8310421,E
__import__.product_5042526,G
__import__.product_5142340,E
__import__.product_5512027,G
__import__.product_8351897,E
__import__.product_5440694,E
__import__.product_5113586,G
__import__.product_8104727,G
__import__.product_8384520,E
__import__.product_5017780,E
__import__.product_5019175,E
__import__.product_5019635,E
__import__.product_5002519,E
__import__.product_5817257,E
__import__.product_5840303,G
__import__.product_5003973,E
__import__.product_5003974,E
__import__.product_8224868,E
__import__.product_8224851,E
__import__.product_8224845,E
__import__.product_8224839,E
__import__.product_8224897,E
__import__.product_8224880,E
__import__.product_8290641,G
__import__.product_8229110,G
__import__.product_8208438,E
__import__.product_8456478,E
__import__.product_5135351,E
__import__.product_8481625,E
__import__.product_5001320,E
__import__.product_5012203,E
__import__.product_8220646,E
__import__.product_8071100,G
__import__.product_8363647,E
__import__.product_8385666,G
__import__.product_5401131,E
__import__.product_8043374,E
__import__.product_5435312,E
__import__.product_5433205,G
__import__.product_8227654,G
__import__.product_8229021,G
__import__.product_8229044,G
__import__.product_8229067,G
__import__.product_8229096,G
__import__.product_8182905,G
__import__.product_5424154,A
__import__.product_5243018,E
__import__.product_8033631,E
__import__.product_5167113,G
__import__.product_5100000,Q
__import__.product_5776451,E
__import__.product_8425354,E
__import__.product_5038048,E
__import__.product_5038043,E
__import__.product_8003305,G
__import__.product_5401100,E
__import__.product_5741620,E
__import__.product_5147700,G
__import__.product_5921524,G
__import__.product_5091003,E
__import__.product_5135019,G
__import__.product_5160113,E
__import__.product_6754579,Q
__import__.product_8222221,E
__import__.product_8360382,E
__import__.product_5745504,E
__import__.product_5104071,E
__import__.product_6713296,G
__import__.product_8052999,E
__import__.product_5022026,G
__import__.product_5023026,G
__import__.product_5141906,E
__import__.product_5141910,E
__import__.product_5141911,E
__import__.product_8229015,G
__import__.product_8229050,G
__import__.product_8229104,G
__import__.product_4550005,E
__import__.product_5740268,E
__import__.product_8218721,E
__import__.product_8184324,E
__import__.product_8184330,E
__import__.product_5650530,E
__import__.product_5650555,E
__import__.product_5764012,G
__import__.product_8222240,E
__import__.product_5740027,E
__import__.product_5745506,E
__import__.product_8433230,E
__import__.product_5400060,E
__import__.product_5400061,E
__import__.product_5661852,E
__import__.product_8355688,E
__import__.product_8355671,E
__import__.product_8296885,E
__import__.product_5250015,G
__import__.product_5102360,E
__import__.product_5910136,G
__import__.product_5722100,E
__import__.product_8219867,E
__import__.product_5361164,E
__import__.product_5910021,G
__import__.product_5910020,G
__import__.product_8205078,E
__import__.product_5031238,E
__import__.product_8340385,E
__import__.product_8336567,E
__import__.product_5600402,E
__import__.product_5610556,G
__import__.product_5023414,E
__import__.product_5023420,E
__import__.product_6969707,G
__import__.product_5110024,Q
__import__.product_5431550,E
__import__.product_5431270,E
__import__.product_5435399,E
__import__.product_5123314,E
__import__.product_5147693,E
__import__.product_5920026,G
__import__.product_5350050,E
__import__.product_5650132,E
__import__.product_5350024,G
__import__.product_8233554,E
__import__.product_8331185,E
__import__.product_5432525,E
__import__.product_8091901,G
__import__.product_8233790,E
__import__.product_8233809,E
__import__.product_8233815,E
__import__.product_8233821,E
__import__.product_8233838,E
__import__.product_8232224,E
__import__.product_8232230,E
__import__.product_8232164,E
__import__.product_8231489,E
__import__.product_8199610,E
__import__.product_2924199,G
__import__.product_8233910,E
__import__.product_8233927,E
__import__.product_8233933,E
__import__.product_5920903,E
__import__.product_5920902,E
__import__.product_8334427,E
__import__.product_5052225,E
__import__.product_8344147,E
__import__.product_8386476,E
__import__.product_8347714,E
__import__.product_5920017,G
__import__.product_5361160,E
__import__.product_7416442,Q
__import__.product_5911820,G
__import__.product_5470033,E
__import__.product_5531021,E
__import__.product_5035290,E
__import__.product_8231851,E
__import__.product_1230061,A
__import__.product_1230062,A
__import__.product_1230068,A
__import__.product_5353013,G
__import__.product_8353927,E
__import__.product_5065563,G
__import__.product_7805149,G
__import__.product_2282523,G
__import__.product_5236000,E
__import__.product_5115117,E
__import__.product_5404500,E
__import__.product_6843231,Q
__import__.product_5408359,E
__import__.product_5038046,E
__import__.product_5165100,G
__import__.product_2282515,G
__import__.product_8003340,G
__import__.product_5220032,E
__import__.product_5625002,E
__import__.product_5625003,E
__import__.product_5744020,E
__import__.product_5740700,E
__import__.product_5157713,E
__import__.product_5002313,E
__import__.product_5002314,E
__import__.product_5003197,E
__import__.product_5910035,G
__import__.product_5910036,G
__import__.product_5910037,G
__import__.product_5910038,E
__import__.product_8331943,G
__import__.product_5410824,G
__import__.product_5764015,G
__import__.product_5027421,E
__import__.product_5130403,E
__import__.product_5130404,E
__import__.product_5130405,E
__import__.product_5240236,E
__import__.product_5447105,E
__import__.product_5447107,E
__import__.product_8384514,E
__import__.product_5601256,E
__import__.product_5133115,E
__import__.product_5022103,E
__import__.product_5235015,G
__import__.product_5741701,G
__import__.product_8076959,E
__import__.product_8077048,E
__import__.product_8077054,E
__import__.product_8224733,E
__import__.product_5007006,Q
__import__.product_5002212,Q
__import__.product_8331222,G
__import__.product_8331216,G
__import__.product_8331191,G
__import__.product_5437299,G
__import__.product_5437399,G
__import__.product_5437499,G
__import__.product_5438399,G
__import__.product_5438499,G
__import__.product_8007355,G
__import__.product_8007332,G
__import__.product_8007349,G
__import__.product_5401150,E
__import__.product_5827015,E
__import__.product_5827016,E
__import__.product_5827017,E
__import__.product_5026602,E
__import__.product_5020440,G
__import__.product_5020442,G
__import__.product_5020445,G
__import__.product_5020570,G
__import__.product_5020571,G
__import__.product_5020572,G
__import__.product_5020573,G
__import__.product_5020479,G
__import__.product_5020470,G
__import__.product_5020471,G
__import__.product_5020472,G
__import__.product_5244042,E
__import__.product_5031222,G
__import__.product_5271630,E
__import__.product_5271600,E
__import__.product_5135017,G
__import__.product_5042805,E
__import__.product_5661551,E
__import__.product_4001277,E
__import__.product_5001090,E
__import__.product_4100008,E
__import__.product_5038447,G
__import__.product_8070247,E
__import__.product_8055302,E
__import__.product_8238741,E
__import__.product_8238735,E
__import__.product_8486858,E
__import__.product_8203375,E
__import__.product_5812050,E
__import__.product_5052270,E
__import__.product_5026604,E
__import__.product_5260502,E
__import__.product_5335500,G
__import__.product_5121213,E
__import__.product_5384009,G
__import__.product_5353021,G
__import__.product_8217940,E
__import__.product_8217963,E
__import__.product_5745502,G
__import__.product_5744021,E
__import__.product_5740263,E
__import__.product_5740264,E
__import__.product_8207410,E
__import__.product_8214054,E
__import__.product_5147695,E
__import__.product_5147696,E
__import__.product_8230136,G
__import__.product_8227677,G
__import__.product_8227708,E
__import__.product_5404308,E
__import__.product_5404310,E
__import__.product_5404316,E
__import__.product_5404318,E
__import__.product_7334121,E
__import__.product_5791330,E
__import__.product_5620038,G
__import__.product_5020468,G
__import__.product_5020469,G
__import__.product_5020467,G
__import__.product_5020403,G
__import__.product_5020401,G
__import__.product_5020402,G
__import__.product_5020424,G
__import__.product_5020410,G
__import__.product_5020411,G
__import__.product_5020412,G
__import__.product_5020413,G
__import__.product_5020414,G
__import__.product_5020420,G
__import__.product_5020430,G
__import__.product_5023314,G
__import__.product_5023318,G
__import__.product_5023316,G
__import__.product_5023317,G
__import__.product_8180817,G
__import__.product_5155402,E
__import__.product_5035319,E
__import__.product_5355115,E
__import__.product_5940906,E
__import__.product_5826444,E
__import__.product_5850519,E
__import__.product_8071213,E
__import__.product_5278089,E
__import__.product_5020541,E
__import__.product_5020542,E
__import__.product_5020543,E
__import__.product_5020539,E
__import__.product_5020534,G
__import__.product_5020531,E
__import__.product_5020532,E
__import__.product_5020533,E
__import__.product_8337762,E
__import__.product_8337779,E
__import__.product_8180987,E
__import__.product_8193429,E
__import__.product_5227628,E
__import__.product_5401373,E
__import__.product_5335436,G
__import__.product_5038040,E
__import__.product_5163516,G
__import__.product_5920048,G
__import__.product_5920016,G
__import__.product_5920049,G
__import__.product_5990047,E
__import__.product_5052231,E
__import__.product_8219985,E
__import__.product_8222214,E
__import__.product_5744022,E
__import__.product_5918434,E
__import__.product_5040061,E
__import__.product_6903200,Q
__import__.product_5230308,G
__import__.product_8105508,Q
__import__.product_6758554,G
__import__.product_5924020,E
__import__.product_1499086,A
__import__.product_5260579,E
__import__.product_5260578,E
__import__.product_5610558,G
__import__.product_5002012,E
__import__.product_5002013,E
__import__.product_5431022,E
__import__.product_5431032,E
__import__.product_8365362,G
__import__.product_8365379,E
__import__.product_5270978,E
__import__.product_5204005,E
__import__.product_5400114,E
__import__.product_5400116,E
__import__.product_5400118,E
__import__.product_5244143,E
__import__.product_5244243,E
__import__.product_8291698,E
__import__.product_8297979,E
__import__.product_8357925,G
__import__.product_8357931,G
__import__.product_8360063,G
__import__.product_5340909,G
__import__.product_8486551,G
__import__.product_2995231,Q
__import__.product_5715063,E
__import__.product_5052232,E
__import__.product_5272260,E
__import__.product_5052271,E
__import__.product_8028753,E
__import__.product_8331558,E
__import__.product_5172398,E
__import__.product_5200169,E
__import__.product_5060022,E
__import__.product_5740401,E
__import__.product_5840312,G
__import__.product_0022014,G
__import__.product_2975720,A
__import__.product_2978286,A
__import__.product_2537157,A
__import__.product_2975829,A
__import__.product_2975753,A
__import__.product_2975746,A
__import__.product_2977205,A
__import__.product_2977213,A
__import__.product_2977296,A
__import__.product_2977163,A
__import__.product_2975787,A
__import__.product_2975852,A
__import__.product_2977148,A
__import__.product_2977122,A
__import__.product_2975811,A
__import__.product_8240896,E
__import__.product_8240910,E
__import__.product_8240979,E
__import__.product_8240962,E
__import__.product_8240985,E
__import__.product_8226784,E
__import__.product_5068062,E
__import__.product_5060814,E
__import__.product_2977288,A
__import__.product_2977221,A
__import__.product_2977239,A
__import__.product_2976215,A
__import__.product_2975779,A
__import__.product_2977171,A
__import__.product_2978864,A
__import__.product_2977197,A
__import__.product_2975795,A
__import__.product_2977718,A
__import__.product_2977189,A
__import__.product_2975761,A
__import__.product_2977734,A
__import__.product_2977726,A
__import__.product_2977593,A
__import__.product_2977619,A
__import__.product_2977601,A
__import__.product_2977767,A
__import__.product_2977759,A
__import__.product_2977643,A
__import__.product_2977684,A
__import__.product_2977700,A
__import__.product_2977692,A
__import__.product_2977650,A
__import__.product_2977676,A
__import__.product_2977635,A
__import__.product_5910027,G
__import__.product_5740260,E
__import__.product_8181797,E
__import__.product_8211274,E
__import__.product_8019648,E
__import__.product_8210607,E
__import__.product_5075068,E
__import__.product_5011880,E
__import__.product_6502214,E
__import__.product_5275451,E
__import__.product_5275452,E
__import__.product_5275453,E
__import__.product_5275454,E
__import__.product_5275455,E
__import__.product_5275450,E
__import__.product_5764014,G
__import__.product_2995058,Q
__import__.product_2995181,Q
__import__.product_2995199,Q
__import__.product_2995090,Q
__import__.product_2995082,Q
__import__.product_2995249,Q
__import__.product_2995165,Q
__import__.product_2995124,Q
__import__.product_2995108,Q
__import__.product_2995066,Q
__import__.product_2995041,Q
__import__.product_5940907,E
__import__.product_5329758,E
__import__.product_5190220,E
__import__.product_8340072,E
__import__.product_8427436,E
__import__.product_8222438,E
__import__.product_8199863,E
__import__.product_5245500,G
__import__.product_5904150,E
__import__.product_8387731,E
__import__.product_8381237,E
__import__.product_5056375,E
__import__.product_5254332,E
__import__.product_5410020,E
__import__.product_8201867,G
__import__.product_8201904,G
__import__.product_5509031,E
__import__.product_8223780,E
__import__.product_8385896,E
__import__.product_8237405,G
__import__.product_8237411,G
__import__.product_5001605,E
__import__.product_5162000,E
__import__.product_5001607,E
__import__.product_5530140,G
__import__.product_8215444,E
__import__.product_5623351,E
__import__.product_0274720,G
__import__.product_5052276,E
__import__.product_5715140,E
__import__.product_5714780,E
__import__.product_5872790,E
__import__.product_5872680,E
__import__.product_5828051,E
__import__.product_5190222,E
__import__.product_1231331,A
__import__.product_6355051,E
__import__.product_6355050,E
__import__.product_5531023,E
__import__.product_5219201,E
__import__.product_5144026,G
__import__.product_5648062,E
__import__.product_8433218,G
__import__.product_5407184,E
__import__.product_8243736,E
__import__.product_8243713,E
__import__.product_8243707,E
__import__.product_3514186,E
__import__.product_3516212,E
__import__.product_5820497,E
__import__.product_5701802,E
__import__.product_5404408,E
__import__.product_8332340,E
__import__.product_8053444,E
__import__.product_5191363,E
__import__.product_6966548,Q
__import__.product_8220652,E
__import__.product_8220617,E
__import__.product_8220623,E
__import__.product_5615105,E
__import__.product_8002754,E
__import__.product_5034023,E
__import__.product_5034025,E
__import__.product_5180409,E
__import__.product_5259602,E
__import__.product_5038982,E
__import__.product_5256466,E
__import__.product_8068687,E
__import__.product_5404502,E
__import__.product_8386192,E
__import__.product_2778332,Q
__import__.product_1304001,E
__import__.product_5822231,A
__import__.product_5007145,E
__import__.product_5007144,E
__import__.product_5007143,E
__import__.product_5427503,G
__import__.product_8366812,E
__import__.product_8209573,E
__import__.product_5936454,G
__import__.product_5051483,E
__import__.product_5200573,E
__import__.product_5260567,G
__import__.product_6789968,G
__import__.product_5407680,E
__import__.product_5425331,G
__import__.product_5236479,G
__import__.product_8365391,E
__import__.product_6706008,Q
__import__.product_2474609,G
__import__.product_8100014,Q
__import__.product_8100020,Q
__import__.product_8338336,G
__import__.product_5817221,E
__import__.product_5810031,E
__import__.product_5817455,E
__import__.product_5082301,E
__import__.product_5082303,E
__import__.product_5082305,E
__import__.product_8193955,E
__import__.product_5046001,E
__import__.product_8058275,E
__import__.product_8092332,G
__import__.product_8239261,E
__import__.product_5640915,G
__import__.product_5001343,E
__import__.product_5134540,G
__import__.product_5202035,E
__import__.product_5271532,E
__import__.product_8234022,E
__import__.product_5260725,G
__import__.product_5760267,G
__import__.product_5760268,G
__import__.product_5817454,E
__import__.product_5001112,E
__import__.product_7974478,G
__import__.product_8039438,G
__import__.product_5355702,E
__import__.product_8230202,E
__import__.product_8218632,E
__import__.product_5470000,E
__import__.product_3023892,G
__import__.product_8377460,E
__import__.product_5153530,E
__import__.product_5151536,G
__import__.product_5135540,G
__import__.product_8060585,E
__import__.product_5162032,E
__import__.product_5430020,E
__import__.product_5000503,E
__import__.product_8209030,E
__import__.product_5164006,E
__import__.product_8347654,E
__import__.product_8239048,E
__import__.product_5910124,G
__import__.product_5073431,E
__import__.product_5434430,E
__import__.product_5225274,E
__import__.product_5063901,E
__import__.product_5063902,E
__import__.product_5063903,E
__import__.product_5063904,E
__import__.product_8226873,E
__import__.product_8222651,E
__import__.product_5063978,E
__import__.product_5063905,E
__import__.product_5063906,E
__import__.product_5063907,E
__import__.product_5063910,E
__import__.product_5063911,E
__import__.product_5063912,E
__import__.product_5063916,E
__import__.product_5240255,E
__import__.product_1731314,G
__import__.product_5340838,G
__import__.product_5340919,G
__import__.product_8214870,E
__import__.product_5362650,E
__import__.product_5362651,E
__import__.product_5362655,E
__import__.product_5362656,E
__import__.product_5362657,E
__import__.product_5362658,E
__import__.product_5362659,E
__import__.product_5362660,E
__import__.product_5362640,E
__import__.product_5362641,E
__import__.product_5362635,E
__import__.product_5362636,E
__import__.product_5014652,E
__import__.product_5170251,G
__import__.product_5170255,G
__import__.product_5016398,E
__import__.product_5133305,E
__import__.product_5333990,E
__import__.product_6965170,G
__import__.product_8424610,E
__import__.product_8431521,E
__import__.product_5921302,G
__import__.product_5330136,G
__import__.product_5123405,E
__import__.product_5019774,E
__import__.product_5201519,G
__import__.product_8336780,E
__import__.product_8332109,E
__import__.product_8180272,E
__import__.product_8206356,E
__import__.product_5648063,E
__import__.product_5100202,E
__import__.product_5355712,E
__import__.product_5296165,E
__import__.product_5296168,E
__import__.product_5100990,E
__import__.product_7081384,E
__import__.product_5200005,G
__import__.product_8377193,E
__import__.product_8293154,E
__import__.product_8293160,E
__import__.product_8342065,E
__import__.product_8003280,G
__import__.product_8354217,E
__import__.product_8378927,E
__import__.product_8382828,E
__import__.product_5657016,E
__import__.product_5140481,E
__import__.product_7470157,G
__import__.product_5711720,E
__import__.product_8182443,E
__import__.product_5711550,E
__import__.product_5052245,E
__import__.product_8051238,E
__import__.product_5140394,E
__import__.product_5020020,E
__import__.product_8298200,E
__import__.product_5063932,E
__import__.product_8236877,E
__import__.product_5604302,E
__import__.product_5604303,E
__import__.product_1695733,G
__import__.product_8237138,G
__import__.product_5340910,G
__import__.product_8211736,E
__import__.product_8357807,G
__import__.product_2591493,G
__import__.product_5600451,E
__import__.product_5764030,G
__import__.product_8209544,E
__import__.product_8209550,E
__import__.product_8040482,E
__import__.product_8389730,G
__import__.product_8389782,G
__import__.product_8237144,G
__import__.product_8237167,G
__import__.product_8189132,E
__import__.product_4590611,G
__import__.product_8230538,E
__import__.product_8205380,E
__import__.product_8298217,E
__import__.product_8219726,E
__import__.product_5270976,E
__import__.product_5270979,E
__import__.product_8055532,E
__import__.product_8055609,E
__import__.product_5106024,E
__import__.product_8210010,E
__import__.product_8225425,E
__import__.product_8225431,E
__import__.product_5307152,E
__import__.product_5307150,E
__import__.product_5307154,E
__import__.product_2250686,Q
__import__.product_8031738,E
__import__.product_8297927,E
__import__.product_8188322,E
__import__.product_8290635,G
__import__.product_5180410,E
__import__.product_5402149,E
__import__.product_5840264,E
__import__.product_8209136,E
__import__.product_8034031,E
__import__.product_8192737,E
__import__.product_8211133,E
__import__.product_9534565,G
__import__.product_5011218,E
__import__.product_1238096,A
__import__.product_1238102,A
__import__.product_1238081,A
__import__.product_5238088,A
__import__.product_1238089,A
__import__.product_2937779,G
__import__.product_8354246,E
__import__.product_8354269,E
__import__.product_8199751,E
__import__.product_7214508,G
__import__.product_5512029,Q
__import__.product_5512030,G
__import__.product_3047297,G
__import__.product_8046697,E
__import__.product_5157704,E
__import__.product_7821792,G
__import__.product_5063935,E
__import__.product_5063936,E
__import__.product_5063941,E
__import__.product_5063942,E
__import__.product_5142513,E
__import__.product_5904137,E
__import__.product_5025442,E
__import__.product_7200003,E
__import__.product_5063939,E
__import__.product_5271500,E
__import__.product_5271563,E
__import__.product_5271543,E
__import__.product_8237316,E
__import__.product_5257301,E
__import__.product_7402606,E
__import__.product_8343952,E
__import__.product_8350780,E
__import__.product_5400027,G
__import__.product_6994210,E
__import__.product_8186748,E
__import__.product_8197143,E
__import__.product_8197166,E
__import__.product_8197172,E
__import__.product_5450054,E
__import__.product_8377572,E
__import__.product_8377589,E
__import__.product_7190200,E
__import__.product_4110000,E
__import__.product_5220110,E
__import__.product_5026610,E
__import__.product_5760051,E
__import__.product_7600501,G
__import__.product_7600502,E
__import__.product_7600503,E
__import__.product_7600504,E
__import__.product_7600505,G
__import__.product_5006141,G
__import__.product_5006143,G
__import__.product_5411665,G
__import__.product_8011173,E
__import__.product_8246485,E
__import__.product_2598324,G
__import__.product_5434925,E
__import__.product_5430591,G
__import__.product_5331212,E
__import__.product_4550560,E
__import__.product_5307083,G
__import__.product_8246491,E
__import__.product_5622205,E
__import__.product_5400026,G
__import__.product_8193323,E
__import__.product_8227306,E
__import__.product_8185571,E
__import__.product_5227032,E
__import__.product_5227104,E
__import__.product_8190572,E
__import__.product_8339844,E
__import__.product_1238069,A
__import__.product_5215136,E
__import__.product_5215135,E
__import__.product_8258287,E
__import__.product_8258293,E
__import__.product_5065564,G
__import__.product_8361915,E
__import__.product_5801001,E
__import__.product_5801002,E
__import__.product_9002029,E
__import__.product_3802844,E
__import__.product_5475471,E
__import__.product_8222361,E
__import__.product_8215556,E
__import__.product_8203027,G
__import__.product_8387412,E
__import__.product_5132074,E
__import__.product_8331506,E
__import__.product_5007116,E
__import__.product_2607033,E
__import__.product_5042531,G
__import__.product_5110033,E
__import__.product_5012420,E
__import__.product_5109001,G
__import__.product_2403267,E
__import__.product_8363096,E
__import__.product_8186607,E
__import__.product_8226407,E
__import__.product_8226436,E
__import__.product_8245209,E
__import__.product_5100034,E
__import__.product_8019401,E
__import__.product_6247776,G
__import__.product_7687661,G
__import__.product_7687649,G
__import__.product_5032176,E
__import__.product_5220840,E
__import__.product_5147933,E
__import__.product_5307156,E
__import__.product_5262012,E
__import__.product_4019969,E
__import__.product_1035330,E
__import__.product_5858500,E
__import__.product_2413300,E
__import__.product_2413326,E
__import__.product_2413425,E
__import__.product_2413490,E
__import__.product_2413441,E
__import__.product_5063925,E
__import__.product_6735889,G
__import__.product_2413565,E
__import__.product_2413581,E
__import__.product_2413615,E
__import__.product_2413623,E
__import__.product_1050601,E
__import__.product_1050603,E
__import__.product_6763408,G
__import__.product_8006746,G
__import__.product_8006752,G
__import__.product_8015685,E
__import__.product_8330145,E
__import__.product_8244701,E
__import__.product_5624128,E
__import__.product_5030101,E
__import__.product_5030103,E
__import__.product_5030105,E
__import__.product_5030107,E
__import__.product_5030109,E
__import__.product_5030102,E
__import__.product_5030112,E
__import__.product_8350159,E
__import__.product_5030108,E
__import__.product_5030100,E
__import__.product_5030114,E
__import__.product_5030115,E
__import__.product_5030117,E
__import__.product_5030120,E
__import__.product_5030122,E
__import__.product_5030124,E
__import__.product_5030126,E
__import__.product_5030128,E
__import__.product_5030131,E
__import__.product_5030135,E
__import__.product_8237859,E
__import__.product_5395005,G
__import__.product_8339867,E
__import__.product_8238770,E
__import__.product_3011301,E
__import__.product_5208128,A
__import__.product_5208101,A
__import__.product_8354223,E
__import__.product_5016612,E
__import__.product_5955545,E
__import__.product_8357865,G
__import__.product_5340902,G
__import__.product_8203010,G
__import__.product_3011285,E
__import__.product_5070683,G
__import__.product_8173551,E
__import__.product_8574551,E
__import__.product_8574552,E
__import__.product_8173553,E
__import__.product_5610563,G
__import__.product_8425213,E
__import__.product_5170164,E
__import__.product_1250930,A
__import__.product_1250931,A
__import__.product_8354476,E
__import__.product_8364173,G
__import__.product_8378962,E
__import__.product_8378956,E
__import__.product_8002748,E
__import__.product_8299814,E
__import__.product_8058795,E
__import__.product_8344466,E
__import__.product_5002445,E
__import__.product_5600375,E
__import__.product_5361602,E
__import__.product_5031110,G
__import__.product_5001323,E
__import__.product_5101041,E
__import__.product_5101042,E
__import__.product_5142501,E
__import__.product_8217868,G
__import__.product_5341854,E
__import__.product_8687881,E
__import__.product_8259217,E
__import__.product_8259223,E
__import__.product_8259246,E
__import__.product_8361891,E
__import__.product_5601475,G
__import__.product_5317162,G
__import__.product_5600493,E
__import__.product_5091153,E
__import__.product_8264140,E
__import__.product_8264150,E
__import__.product_8264500,E
__import__.product_5157711,E
__import__.product_8193435,E
__import__.product_8071011,E
__import__.product_8012480,E
__import__.product_5109264,E
__import__.product_8332061,G
__import__.product_9033130,E
__import__.product_8030610,E
__import__.product_8030300,E
__import__.product_5033010,G
__import__.product_8240376,E
__import__.product_9034021,E
__import__.product_8229742,P
__import__.product_8209538,E
__import__.product_5600377,E
__import__.product_5147954,E
__import__.product_5111730,E
__import__.product_8196066,E
__import__.product_5033108,G
__import__.product_5109095,E
__import__.product_5147974,E
__import__.product_5826150,E
__import__.product_5435224,E
__import__.product_5826475,E
__import__.product_5003626,E
__import__.product_8107039,G
__import__.product_5147975,E
__import__.product_5650335,E
__import__.product_5175493,G
__import__.product_5180405,E
__import__.product_5180406,E
__import__.product_5180407,E
__import__.product_5180411,E
__import__.product_8012646,E
__import__.product_8201927,E
__import__.product_5052550,E
__import__.product_5052530,E
__import__.product_5147953,E
__import__.product_8213445,E
__import__.product_5924900,Q
__import__.product_8206362,E
__import__.product_5206001,E
__import__.product_8120347,G
__import__.product_5764526,G
__import__.product_8098317,E
__import__.product_8099924,E
__import__.product_8223484,E
__import__.product_5307980,E
__import__.product_8240040,E
__import__.product_5622093,G
__import__.product_8363297,E
__import__.product_5217006,E
__import__.product_5610564,G
__import__.product_8190520,E
__import__.product_5512520,E
__import__.product_5147966,E
__import__.product_5147963,E
__import__.product_5147964,E
__import__.product_5147934,E
__import__.product_5610562,G
__import__.product_5105080,E
__import__.product_5108100,E
__import__.product_8199745,G
__import__.product_8218514,E
__import__.product_5017060,E
__import__.product_5017061,E
__import__.product_5340330,E
__import__.product_5660273,E
__import__.product_5141793,G
__import__.product_5105085,E
__import__.product_5610565,G
__import__.product_8122642,G
__import__.product_5100721,E
__import__.product_8207350,E
__import__.product_8215734,E
__import__.product_5223007,E
__import__.product_8257394,E
__import__.product_8257402,E
__import__.product_8257419,E
__import__.product_8257425,E
__import__.product_8257431,E
__import__.product_8257448,E
__import__.product_8257460,E
__import__.product_8257508,E
__import__.product_8257514,E
__import__.product_8257483,E
__import__.product_8257477,E
__import__.product_5920556,E
__import__.product_4020001,E
__import__.product_8185513,G
__import__.product_8252534,E
__import__.product_8252557,E
__import__.product_8252563,E
__import__.product_8252586,E
__import__.product_8252592,E
__import__.product_8363630,G
__import__.product_5003435,E
__import__.product_8347602,E
__import__.product_8228263,E
__import__.product_8228257,E
__import__.product_5111200,E
__import__.product_5271155,E
__import__.product_8180295,E
__import__.product_2925873,Q
__import__.product_2990661,G
__import__.product_8111414,Q
__import__.product_2522499,E
__import__.product_8040157,E
__import__.product_7210201,E
__import__.product_5732021,E
__import__.product_8389279,E
__import__.product_8252936,E
__import__.product_6547478,G
__import__.product_8079538,G
__import__.product_5147972,E
__import__.product_5307130,E
__import__.product_5175841,E
__import__.product_8225359,E
__import__.product_8352448,E
__import__.product_8257389,E
__import__.product_8257388,E
__import__.product_5731925,E
__import__.product_5992144,G
__import__.product_5969926,E
__import__.product_5100038,E
__import__.product_5119203,E
__import__.product_5900706,E
__import__.product_5900702,E
__import__.product_5900723,E
__import__.product_7764276,G
__import__.product_7764281,G
__import__.product_7764289,G
__import__.product_7764290,G
__import__.product_7764414,G
__import__.product_5042536,G
__import__.product_6770644,G
__import__.product_5792202,E
__import__.product_7102001,E
__import__.product_5010058,E
__import__.product_8041548,E
__import__.product_5042537,G
__import__.product_5473324,E
__import__.product_5817456,E
__import__.product_5817457,E
__import__.product_5817222,E
__import__.product_5810032,E
__import__.product_1702891,E
__import__.product_1901931,E
__import__.product_1300442,E
__import__.product_1220194,E
__import__.product_5262520,E
__import__.product_5265030,E
__import__.product_8010274,E
__import__.product_8012250,E
__import__.product_8012267,E
__import__.product_8061656,E
__import__.product_6600043,G
__import__.product_8361192,G
__import__.product_8364569,E
__import__.product_8364581,E
__import__.product_5840311,G
__import__.product_8185619,E
__import__.product_5340570,G
__import__.product_5431044,E
__import__.product_2242771,E
__import__.product_5645661,E
__import__.product_8246462,E
__import__.product_8244457,E
__import__.product_8244428,E
__import__.product_8244434,E
__import__.product_8248478,E
__import__.product_5669921,E
__import__.product_8241588,E
__import__.product_8022436,E
__import__.product_7020036,E
__import__.product_5164061,E
__import__.product_5564061,E
__import__.product_5450053,E
__import__.product_8115731,G
__import__.product_5600400,E
__import__.product_5408480,E
__import__.product_3143054,G
__import__.product_8433247,G
__import__.product_5900051,E
__import__.product_5650133,E
__import__.product_5125272,E
__import__.product_6992959,G
__import__.product_5817223,E
__import__.product_5817224,E
__import__.product_5840306,G
__import__.product_5840307,G
__import__.product_5840308,G
__import__.product_5840309,G
__import__.product_6829395,Q
__import__.product_8185766,E
__import__.product_5147951,E
__import__.product_5615201,G
__import__.product_8363251,E
__import__.product_8347507,E
__import__.product_8181260,G
__import__.product_8355808,E
__import__.product_5315005,E
__import__.product_1116614,E
__import__.product_2502500,E
__import__.product_4111601,E
__import__.product_1711100,E
__import__.product_8481387,E
__import__.product_5364525,E
__import__.product_5310365,G
__import__.product_8670601,E
__import__.product_5658407,E
__import__.product_5640100,E
__import__.product_5650603,E
__import__.product_5660101,E
__import__.product_5650306,E
__import__.product_5660100,E
__import__.product_5611103,E
__import__.product_5680206,E
__import__.product_8234140,G
__import__.product_8426974,E
__import__.product_8075776,E
__import__.product_5215030,E
__import__.product_8225112,G
__import__.product_8050919,E
__import__.product_8230219,E
__import__.product_8219904,E
__import__.product_8219150,E
__import__.product_8203174,E
__import__.product_8251635,E
__import__.product_5271680,E
__import__.product_8252741,E
__import__.product_8242352,E
__import__.product_6294534,G
__import__.product_8352514,E
__import__.product_5600928,E
__import__.product_6778835,Q
__import__.product_8350685,G
__import__.product_8351420,G
__import__.product_8381303,E
__import__.product_5999994,E
__import__.product_5157745,E
__import__.product_5157746,E
__import__.product_8363268,E
__import__.product_8363245,E
__import__.product_8363222,E
__import__.product_8363280,E
__import__.product_8363239,E
__import__.product_8363216,E
__import__.product_8252043,E
__import__.product_8222668,E
__import__.product_8222674,E
__import__.product_8214551,E
__import__.product_8197232,E
__import__.product_8222421,E
__import__.product_5610300,E
__import__.product_5613201,E
__import__.product_5630110,E
__import__.product_5630204,E
__import__.product_5630210,E
__import__.product_5630215,E
__import__.product_5033090,G
__import__.product_8011463,E
__import__.product_8011492,E
__import__.product_8012617,E
__import__.product_8269865,E
__import__.product_8363788,E
__import__.product_2659035,G
__import__.product_5001702,E
__import__.product_5071134,E
__import__.product_5821031,E
__import__.product_5145702,E
__import__.product_5145660,E
__import__.product_8342728,G
__import__.product_8064229,E
__import__.product_8388564,G
__import__.product_8347045,E
__import__.product_5230614,E
__import__.product_5106061,E
__import__.product_8388038,E
__import__.product_8052008,E
__import__.product_5010085,E
__import__.product_8362027,E
__import__.product_9082404,E
__import__.product_8017342,E
__import__.product_6964940,G
__import__.product_8363274,E
__import__.product_8243021,E
__import__.product_5020714,E
__import__.product_5122505,E
__import__.product_8388156,E
__import__.product_5512033,G
__import__.product_5152920,E
__import__.product_5152922,E
__import__.product_5187030,E
__import__.product_8253887,G
__import__.product_8251227,G
__import__.product_8251256,G
__import__.product_5668042,E
__import__.product_5010013,E
__import__.product_5470102,G
__import__.product_5013217,G
__import__.product_1030105,E
__import__.product_5720178,E
__import__.product_8087986,G
__import__.product_1232511,A
__import__.product_5383344,E
__import__.product_5383345,E
__import__.product_5383347,E
__import__.product_5383348,E
__import__.product_5383349,E
__import__.product_8226057,E
__import__.product_8226086,E
__import__.product_5170715,E
__import__.product_5161836,E
__import__.product_5161831,E
__import__.product_5164210,E
__import__.product_8274493,G
__import__.product_5472016,E
__import__.product_5921610,G
__import__.product_5910505,G
__import__.product_5910605,G
__import__.product_5910615,G
__import__.product_5916401,G
__import__.product_5916525,G
__import__.product_5273693,E
__import__.product_5383019,E
__import__.product_5383027,E
__import__.product_5383028,E
__import__.product_5383029,E
__import__.product_8363908,E
__import__.product_1732247,Q
__import__.product_5132400,E
__import__.product_5090166,E
__import__.product_5901661,E
__import__.product_5901662,E
__import__.product_5901663,E
__import__.product_5435210,G
__import__.product_5010075,E
__import__.product_5660319,E
__import__.product_5144012,G
__import__.product_8224325,E
__import__.product_5233017,A
__import__.product_5365138,A
__import__.product_5221028,E
__import__.product_5313515,A
__import__.product_5316004,A
__import__.product_5010509,A
__import__.product_5311501,A
__import__.product_8240353,E
__import__.product_5391401,E
__import__.product_5318020,A
__import__.product_5317504,A
__import__.product_5310107,A
__import__.product_5010501,A
__import__.product_5310512,A
__import__.product_5311001,A
__import__.product_5311009,A
__import__.product_5311502,A
__import__.product_5311512,A
__import__.product_5312001,A
__import__.product_5312015,A
__import__.product_5312509,A
__import__.product_5313003,A
__import__.product_5313009,A
__import__.product_5313503,A
__import__.product_5313603,A
__import__.product_5313615,A
__import__.product_5314103,A
__import__.product_5314512,A
__import__.product_5314602,A
__import__.product_5314712,A
__import__.product_5315103,A
__import__.product_5315203,A
__import__.product_5215302,A
__import__.product_5315312,A
__import__.product_5315401,A
__import__.product_5315403,A
__import__.product_5316020,A
__import__.product_5316040,A
__import__.product_5316100,A
__import__.product_5317004,A
__import__.product_5317020,A
__import__.product_5317040,A
__import__.product_5317515,A
__import__.product_5317530,A
__import__.product_5318004,A
__import__.product_5318040,A
__import__.product_5319004,A
__import__.product_5019020,A
__import__.product_5319040,A
__import__.product_5362017,A
__import__.product_5362018,A
__import__.product_5362019,A
__import__.product_5362020,A
__import__.product_5362040,A
__import__.product_5362041,A
__import__.product_5362042,A
__import__.product_5362043,A
__import__.product_5322004,A
__import__.product_5322020,A
__import__.product_5322040,A
__import__.product_5322100,A
__import__.product_5362253,A
__import__.product_5362258,A
__import__.product_5362298,A
__import__.product_5362300,A
__import__.product_5362312,A
__import__.product_5362320,A
__import__.product_5362323,A
__import__.product_5362324,A
__import__.product_5362325,A
__import__.product_5362326,A
__import__.product_5362327,A
__import__.product_5324001,A
__import__.product_5365272,A
__import__.product_5365274,A
__import__.product_5340010,A
__import__.product_5340030,A
__import__.product_5354150,A
__import__.product_5360002,A
__import__.product_5360012,A
__import__.product_5361002,A
__import__.product_5361012,A
__import__.product_5362002,A
__import__.product_5362012,A
__import__.product_5363002,A
__import__.product_5363007,A
__import__.product_5364000,A
__import__.product_5364001,A
__import__.product_5365002,A
__import__.product_5365007,A
__import__.product_5366000,A
__import__.product_5366001,A
__import__.product_5367002,A
__import__.product_5368002,A
__import__.product_5368012,A
__import__.product_5369002,A
__import__.product_5369012,A
__import__.product_5370002,A
__import__.product_5370012,A
__import__.product_5371002,A
__import__.product_5371012,A
__import__.product_5372012,A
__import__.product_5373002,A
__import__.product_5373012,A
__import__.product_5374002,A
__import__.product_5374012,A
__import__.product_7480227,G
__import__.product_8500718,E
__import__.product_8253982,E
__import__.product_6964265,G
__import__.product_8064519,E
__import__.product_8077893,E
__import__.product_5721000,E
__import__.product_5721043,E
__import__.product_8268877,E
__import__.product_5263010,G
__import__.product_8267659,E
__import__.product_5301042,E
__import__.product_5433501,E
__import__.product_5307613,G
__import__.product_5010226,E
__import__.product_5406305,G
__import__.product_5103012,E
__import__.product_5103065,E
__import__.product_5143810,E
__import__.product_8117256,G
__import__.product_5130126,G
__import__.product_8194127,E
__import__.product_5221000,E
__import__.product_8207568,E
__import__.product_5910185,G
__import__.product_2455150,E
__import__.product_5001284,E
__import__.product_5632147,E
__import__.product_8380060,E
__import__.product_8380255,E
__import__.product_8380077,E
__import__.product_8380083,E
__import__.product_8267984,E
__import__.product_5321510,E
__import__.product_8055294,G
__import__.product_8055288,G
__import__.product_6991434,Q
__import__.product_5434140,E
__import__.product_5277500,E
__import__.product_5006131,E
__import__.product_6710760,G
__import__.product_5382948,E
__import__.product_5212289,E
__import__.product_8258666,E
__import__.product_8258643,E
__import__.product_8258637,E
__import__.product_5002892,E
__import__.product_5256792,E
__import__.product_5413862,G
__import__.product_5413863,G
__import__.product_5413864,G
__import__.product_5413865,G
__import__.product_5413866,G
__import__.product_5413772,G
__import__.product_5413773,G
__import__.product_5413774,G
__import__.product_5413775,G
__import__.product_5413776,G
__import__.product_8182408,E
__import__.product_7644137,E
__import__.product_7628457,E
__import__.product_8269196,E
__import__.product_5101218,E
__import__.product_5140627,E
__import__.product_5003120,E
__import__.product_5082422,E
__import__.product_5082523,E
__import__.product_5627651,E
__import__.product_5003205,E
__import__.product_5823564,E
__import__.product_5240431,E
__import__.product_5240645,E
__import__.product_2704036,E
__import__.product_2706052,E
__import__.product_2708068,E
__import__.product_5740007,E
__import__.product_5744770,E
__import__.product_5356033,G
__import__.product_5147942,E
__import__.product_5307132,E
__import__.product_5227103,E
__import__.product_5385204,E
__import__.product_5385104,E
__import__.product_5082100,E
__import__.product_5082103,E
__import__.product_5082104,E
__import__.product_5071232,E
__import__.product_5071135,E
__import__.product_5071133,E
__import__.product_8244492,Q
__import__.product_5512035,G
__import__.product_5949440,E
__import__.product_5018557,G
__import__.product_1504303,E
__import__.product_5650012,E
__import__.product_5415454,G
__import__.product_8008219,E
__import__.product_8251291,G
__import__.product_5302252,E
__import__.product_5010306,E
__import__.product_8300351,G
__import__.product_8258838,E
__import__.product_5219600,G
__import__.product_5200004,G
__import__.product_8207924,G
__import__.product_8299317,G
__import__.product_5035525,E
__import__.product_5401997,E
__import__.product_5972623,E
__import__.product_8279792,Q
__import__.product_5001110,E
__import__.product_8259016,G
__import__.product_8271715,E
__import__.product_8252391,E
__import__.product_8222510,E
__import__.product_8196250,E
__import__.product_8251730,G
__import__.product_8250481,E
__import__.product_8181254,E
__import__.product_8229676,E
__import__.product_8218566,E
__import__.product_3213550,G
__import__.product_5180030,E
__import__.product_1789247,G
__import__.product_8224294,G
__import__.product_8275389,E
__import__.product_5760397,E
__import__.product_8184910,G
__import__.product_8117351,G
__import__.product_8228642,E
__import__.product_8007390,G
__import__.product_8077901,E
__import__.product_8075753,E
__import__.product_8199403,E
__import__.product_5107509,E
__import__.product_5271104,E
__import__.product_5271103,E
__import__.product_8429234,E
__import__.product_8220675,E
__import__.product_5005129,G
__import__.product_8248484,E
__import__.product_8244799,E
__import__.product_8272761,E
__import__.product_8272732,E
__import__.product_8244807,E
__import__.product_8264661,E
__import__.product_5147976,E
__import__.product_8337130,E
__import__.product_8337147,E
__import__.product_8337124,E
__import__.product_5016505,E
__import__.product_8339637,E
__import__.product_8428631,E
__import__.product_8339643,E
__import__.product_8339608,E
__import__.product_8339614,E
__import__.product_8223828,E
__import__.product_8248254,E
__import__.product_8228926,E
__import__.product_8228932,E
__import__.product_8228949,G
__import__.product_8270414,E
__import__.product_8270420,E
__import__.product_8270437,E
__import__.product_5301169,E
__import__.product_6840008,G
__import__.product_5610303,E
__import__.product_8182868,E
__import__.product_5340564,G
__import__.product_8205374,E
__import__.product_5308001,E
__import__.product_5909009,E
__import__.product_8209981,G
__import__.product_8355814,G
__import__.product_8209998,G
__import__.product_8361105,G
__import__.product_8256696,G
__import__.product_8256704,G
__import__.product_5808080,E
__import__.product_5080801,E
__import__.product_5017471,G
__import__.product_5910030,G
__import__.product_6242046,G
__import__.product_5972618,E
__import__.product_8242139,E
__import__.product_5080300,E
__import__.product_1504313,E
__import__.product_8382225,E
__import__.product_8269322,G
__import__.product_8216544,E
__import__.product_5920599,E
__import__.product_5111331,E
__import__.product_5038245,E
__import__.product_5351000,E
__import__.product_5555550,E
__import__.product_8220008,E
__import__.product_5240859,E
__import__.product_5121214,E
__import__.product_5197003,G
__import__.product_8241298,E
__import__.product_5360001,E
__import__.product_8293817,G
__import__.product_5201017,E
__import__.product_5470146,E
__import__.product_5909055,E
__import__.product_5342198,E
__import__.product_5361140,E
__import__.product_8006166,E
__import__.product_8006120,E
__import__.product_8006137,E
__import__.product_8006143,E
__import__.product_5025001,E
__import__.product_8241329,E
__import__.product_8241335,E
__import__.product_8299576,G
__import__.product_8251285,G
__import__.product_8251262,G
__import__.product_8246344,E
__import__.product_5650100,E
__import__.product_5121215,E
__import__.product_5171235,E
__import__.product_8236908,E
__import__.product_8181320,E
__import__.product_8361306,E
__import__.product_8236185,E
__import__.product_8236179,E
__import__.product_8043403,E
__import__.product_8240202,E
__import__.product_9341211,E
__import__.product_8210524,G
__import__.product_5909000,E
__import__.product_5651030,E
__import__.product_8386571,E
__import__.product_5000310,E
__import__.product_5000616,E
__import__.product_5000919,E
__import__.product_8251279,G
__import__.product_5220257,E
__import__.product_5038044,E
__import__.product_5016772,E
__import__.product_5760205,E
__import__.product_5007110,E
__import__.product_5007111,E
__import__.product_8362323,E
__import__.product_5630115,E
__import__.product_5610110,E
__import__.product_5610101,E
__import__.product_8254958,E
__import__.product_8249147,G
__import__.product_8250653,E
__import__.product_8250699,E
__import__.product_8223395,G
__import__.product_8222071,E
__import__.product_8249360,E
__import__.product_8249288,E
__import__.product_8252362,E
__import__.product_8077976,E
__import__.product_5622004,E
__import__.product_8219181,E
__import__.product_8219198,E
__import__.product_8219206,E
__import__.product_5300629,G
__import__.product_5661552,E
__import__.product_5661553,E
__import__.product_8100178,G
__import__.product_5164016,G
__import__.product_5225459,E
__import__.product_8232342,G
__import__.product_8210381,G
__import__.product_8202795,E
__import__.product_7108000,E
__import__.product_5610566,G
__import__.product_8260982,G
__import__.product_8260918,G
__import__.product_8260545,G
__import__.product_8260551,G
__import__.product_5610570,G
__import__.product_5611105,E
__import__.product_5134013,E
__import__.product_5134113,E
__import__.product_5430545,E
__import__.product_5430555,E
__import__.product_5287604,E
__import__.product_5124242,E
__import__.product_5501020,E
__import__.product_8276339,G
__import__.product_8363570,E
__import__.product_4103501,E
__import__.product_8414095,E
__import__.product_1239580,A
__import__.product_5512036,Q
__import__.product_5715059,E
__import__.product_5920050,G
__import__.product_2552206,G
__import__.product_5311917,E
__import__.product_5240610,E
__import__.product_5098711,E
__import__.product_8219666,E
__import__.product_8297229,E
__import__.product_8219672,E
__import__.product_8216550,E
__import__.product_5147914,E
__import__.product_8058476,E
__import__.product_8058447,E
__import__.product_4001855,E
__import__.product_6600714,E
__import__.product_8363759,E
__import__.product_3351530,G
__import__.product_8264135,E
__import__.product_8268742,G
__import__.product_8268759,G
__import__.product_5604288,E
__import__.product_5690203,E
__import__.product_5173050,E
__import__.product_5030236,E
__import__.product_5305282,G
__import__.product_5271940,E
__import__.product_8099972,E
__import__.product_5025105,E
__import__.product_8012089,E
__import__.product_8343739,E
__import__.product_8279987,G
__import__.product_5042540,G
__import__.product_5010115,E
__import__.product_7978298,G
__import__.product_8258927,E
__import__.product_8283428,E
__import__.product_8284149,E
__import__.product_8250127,E
__import__.product_8250133,E
__import__.product_8250156,E
__import__.product_8230952,E
__import__.product_8250162,E
__import__.product_5340315,E
__import__.product_8268009,E
__import__.product_5010105,E
__import__.product_9018499,E
__import__.product_8240459,E
__import__.product_2173938,G
__import__.product_6759341,G
__import__.product_8112879,G
__import__.product_5653040,E
__import__.product_5401020,G
__import__.product_6850372,G
__import__.product_2006228,G
__import__.product_5301153,E
__import__.product_5301165,E
__import__.product_7104502,E
__import__.product_5104503,E
__import__.product_8261881,G
__import__.product_8243825,E
__import__.product_5914045,E
__import__.product_8089117,G
__import__.product_8079596,G
__import__.product_8079544,G
__import__.product_8079811,G
__import__.product_8083014,G
__import__.product_8079917,G
__import__.product_5138101,E
__import__.product_8017431,E
__import__.product_8281317,E
__import__.product_8281346,E
__import__.product_8281375,E
__import__.product_8281323,E
__import__.product_8281352,E
__import__.product_5190006,E
__import__.product_8103892,G
__import__.product_8336828,G
__import__.product_8352862,G
__import__.product_8256012,E
__import__.product_8352879,G
__import__.product_8352885,G
__import__.product_8352891,G
__import__.product_8352833,G
__import__.product_8352856,G
__import__.product_8232052,E
__import__.product_8280619,E
__import__.product_8280677,E
__import__.product_8280683,E
__import__.product_5210352,E
__import__.product_8231934,E
__import__.product_8232069,E
__import__.product_8231940,E
__import__.product_8232075,E
__import__.product_8280708,E
__import__.product_8232081,E
__import__.product_8280714,E
__import__.product_8382656,G
__import__.product_5010100,E
__import__.product_5012000,E
__import__.product_5803001,E
__import__.product_5010209,E
__import__.product_5840319,G
__import__.product_5741621,E
__import__.product_5920065,G
__import__.product_5721160,E
__import__.product_8231957,E
__import__.product_8232098,E
__import__.product_8232106,E
__import__.product_8231963,E
__import__.product_8232112,E
__import__.product_8232129,E
__import__.product_8280625,E
__import__.product_8280720,E
__import__.product_8232135,E
__import__.product_8231874,E
__import__.product_8231986,E
__import__.product_8280565,E
__import__.product_8280631,E
__import__.product_8231880,E
__import__.product_8231992,E
__import__.product_5001129,E
__import__.product_8033341,E
__import__.product_5760354,E
__import__.product_8230225,E
__import__.product_8230248,E
__import__.product_5391012,E
__import__.product_5392525,E
__import__.product_8481370,E
__import__.product_5393525,E
__import__.product_5716451,G
__import__.product_5920904,E
__import__.product_5170221,E
__import__.product_5170222,E
__import__.product_8288093,E
__import__.product_5232647,E
__import__.product_8252221,E
__import__.product_8252238,E
__import__.product_8252209,E
__import__.product_8222817,E
__import__.product_8222823,E
__import__.product_8252190,E
__import__.product_8252184,E
__import__.product_8252215,E
__import__.product_8252244,E
__import__.product_8250506,E
__import__.product_8250512,E
__import__.product_5268734,E
__import__.product_6850716,G
__import__.product_8253752,E
__import__.product_5100370,P
__import__.product_8382975,E
__import__.product_8346028,E
__import__.product_5010205,E
__import__.product_5060515,E
__import__.product_8112804,G
__import__.product_8112833,G
__import__.product_5043400,Q
__import__.product_5043401,Q
__import__.product_5532066,E
__import__.product_8197002,E
__import__.product_8197019,E
__import__.product_8197025,E
__import__.product_5113777,G
__import__.product_5793600,E
__import__.product_5790300,E
__import__.product_5010201,E
__import__.product_6716604,G
__import__.product_4201300,E
__import__.product_8196072,E
__import__.product_5610572,G
__import__.product_8288615,E
__import__.product_6303850,G
__import__.product_5100036,E
__import__.product_8386648,E
__import__.product_8273499,E
__import__.product_1022799,E
__import__.product_8281464,G
__import__.product_5013110,E
__import__.product_8209596,E
__import__.product_8220669,E
__import__.product_5006135,E
__import__.product_5203052,E
__import__.product_5273927,E
__import__.product_2101604,E
__import__.product_5241524,G
__import__.product_5100555,E
__import__.product_5101255,E
__import__.product_5221357,E
__import__.product_8382805,E
__import__.product_8255099,G
__import__.product_8007289,E
__import__.product_8007295,E
__import__.product_8007326,E
__import__.product_8211096,E
__import__.product_5070295,E
__import__.product_8003699,E
__import__.product_8280571,E
__import__.product_8280648,E
__import__.product_8231897,E
__import__.product_8232000,E
__import__.product_8280588,E
__import__.product_8280654,E
__import__.product_8231905,E
__import__.product_8232017,E
__import__.product_8280594,E
__import__.product_8280660,E
__import__.product_8231911,E
__import__.product_8232023,E
__import__.product_8232046,E
__import__.product_8280602,E
__import__.product_8231928,E
__import__.product_5630121,E
__import__.product_5630205,E
__import__.product_5650507,E
__import__.product_5080301,E
__import__.product_5680305,E
__import__.product_5690100,E
__import__.product_5680304,E
__import__.product_5141219,E
__import__.product_5710118,E
__import__.product_5710131,E
__import__.product_8287343,G
__import__.product_8287403,G
__import__.product_8287455,G
__import__.product_8287366,G
__import__.product_8079550,G
__import__.product_5273931,E
__import__.product_5710345,G
__import__.product_5710346,G
__import__.product_5710347,G
__import__.product_5710348,G
__import__.product_8348234,E
__import__.product_8346318,E
__import__.product_8348286,E
__import__.product_5271000,E
__import__.product_5727256,E
__import__.product_5202260,E
__import__.product_5920612,E
__import__.product_5175009,E
__import__.product_5931440,G
__import__.product_5157320,E
__import__.product_8281837,E
__import__.product_8114944,G
__import__.product_5653000,E
__import__.product_5653005,E
__import__.product_5653003,E
__import__.product_5008356,E
__import__.product_5151341,E
__import__.product_5317230,E
__import__.product_5221355,E
__import__.product_5272003,E
__import__.product_8264251,E
__import__.product_8445994,E
__import__.product_5002420,E
__import__.product_5721890,E
__import__.product_5161610,A
__import__.product_5161710,A
__import__.product_5161800,A
__import__.product_5161910,A
__import__.product_5165200,A
__import__.product_5439100,G
__import__.product_8197918,E
__import__.product_5199820,A
__import__.product_5199821,A
__import__.product_8287047,G
__import__.product_5196999,G
__import__.product_5196990,G
__import__.product_5180485,E
__import__.product_5112373,G
__import__.product_5112374,G
__import__.product_5112375,G
__import__.product_5112376,G
__import__.product_5112377,G
__import__.product_5726869,E
__import__.product_5726875,E
__import__.product_5723010,E
__import__.product_4311012,E
__import__.product_4311512,E
__import__.product_4312012,E
__import__.product_4312512,E
__import__.product_8250647,E
__import__.product_5157701,E
__import__.product_8279289,E
__import__.product_8218135,E
__import__.product_5192526,E
__import__.product_8017307,E
__import__.product_8017313,E
__import__.product_5192088,G
__import__.product_5100081,E
__import__.product_5013022,E
__import__.product_5170101,E
__import__.product_8259542,E
__import__.product_8214137,G
__import__.product_5109180,E
__import__.product_5055105,E
__import__.product_5764245,G
__import__.product_5840317,G
__import__.product_8298223,E
__import__.product_5018894,G
__import__.product_8073263,E
__import__.product_8073406,E
__import__.product_5330191,E
__import__.product_8223107,E
__import__.product_5337021,E
__import__.product_5430815,G
__import__.product_6949679,G
__import__.product_1004290,E
__import__.product_8276210,E
__import__.product_1004340,E
__import__.product_1004180,E
__import__.product_8281607,E
__import__.product_8281843,E
__import__.product_1004420,E
__import__.product_1004240,E
__import__.product_1004220,E
__import__.product_8277273,E
__import__.product_8275067,E
__import__.product_8214255,E
__import__.product_8275015,E
__import__.product_8211251,E
__import__.product_8279645,E
__import__.product_8036500,E
__import__.product_8228085,E
__import__.product_8258494,E
__import__.product_8258488,E
__import__.product_8258471,E
__import__.product_8389196,E
__import__.product_8389374,E
__import__.product_8086509,Q
__import__.product_1006190,E
__import__.product_5147660,E
__import__.product_5405248,G
__import__.product_5239951,E
__import__.product_5307728,G
__import__.product_1006240,E
__import__.product_5290612,E
__import__.product_5104520,E
__import__.product_5675381,E
__import__.product_9027817,E
__import__.product_5100530,E
__import__.product_5043402,G
__import__.product_8237836,E
__import__.product_5710147,E
__import__.product_1007120,E
__import__.product_8280542,G
__import__.product_8251842,E
__import__.product_5144038,E
__import__.product_5212467,E
__import__.product_8168785,E
__import__.product_8251486,E
__import__.product_8342326,Q
__import__.product_5275011,Q
__import__.product_8341798,G
__import__.product_5722004,E
__import__.product_5201010,E
__import__.product_5824481,E
__import__.product_2020320,E
__import__.product_2706390,E
__import__.product_5828435,E
__import__.product_5823535,E
__import__.product_5388425,E
__import__.product_5388426,E
__import__.product_5388427,E
__import__.product_5388428,E
__import__.product_5388429,E
__import__.product_5388430,E
__import__.product_8270348,E
__import__.product_5020998,E
__import__.product_8241476,E
__import__.product_8241482,E
__import__.product_5165021,E
__import__.product_5165022,E
__import__.product_8040134,E
__import__.product_8062673,E
__import__.product_8273602,Q
__import__.product_5100312,Q
__import__.product_5451609,Q
__import__.product_5451561,Q
__import__.product_5451514,Q
__import__.product_5451516,Q
__import__.product_5840316,G
__import__.product_6964199,G
__import__.product_6964207,G
__import__.product_5272564,A
__import__.product_6011105,G
__import__.product_6602102,G
__import__.product_8209455,E
__import__.product_8209461,E
__import__.product_7445490,Q
__import__.product_8226614,E
__import__.product_1801160,G
__import__.product_1801170,G
__import__.product_1800980,G
__import__.product_1238082,A
__import__.product_5385050,E
__import__.product_5001251,E
__import__.product_8268771,E
__import__.product_8287768,E
__import__.product_8288236,E
__import__.product_1003119,E
__import__.product_8244724,E
__import__.product_8244575,Q
__import__.product_8022102,E
__import__.product_5122810,E
__import__.product_5157703,E
__import__.product_5668020,E
__import__.product_8263638,E
__import__.product_8257537,E
__import__.product_6909008,E
__import__.product_6909009,E
__import__.product_5854500,E
__import__.product_5855500,E
__import__.product_5640102,E
__import__.product_5640111,E
__import__.product_8241559,E
__import__.product_8283380,E
__import__.product_8284020,E
__import__.product_5340907,G
__import__.product_5343014,E
__import__.product_8180800,G
__import__.product_8382952,G
__import__.product_8202625,G
__import__.product_8286467,G
__import__.product_8275512,E
__import__.product_8275481,E
__import__.product_8275475,E
__import__.product_8275469,E
__import__.product_8275452,E
__import__.product_5109036,E
__import__.product_5703553,E
__import__.product_5703554,E
__import__.product_8251316,G
__import__.product_8279740,G
__import__.product_5005002,E
__import__.product_6837354,Q
__import__.product_5317260,G
__import__.product_8281777,E
__import__.product_5192552,E
__import__.product_9180186,E
__import__.product_8338454,E
__import__.product_5104504,E
__import__.product_5180059,E
__import__.product_5187032,E
__import__.product_5180072,E
__import__.product_8382892,E
__import__.product_5620021,E
__import__.product_5764019,G
__import__.product_5001064,E
__import__.product_4303130,E
__import__.product_9073104,E
__import__.product_8245801,E
__import__.product_8213511,G
__import__.product_8377359,E
__import__.product_1250937,A
__import__.product_6729966,G
__import__.product_7392380,G
__import__.product_5157728,E
__import__.product_5703551,E
__import__.product_1501300,E
__import__.product_1502100,E
__import__.product_1503127,E
__import__.product_1503130,E
__import__.product_5600325,G
__import__.product_5121216,E
__import__.product_5004000,E
__import__.product_5004010,E
__import__.product_5102630,E
__import__.product_8272850,E
__import__.product_5726480,E
__import__.product_5726860,E
__import__.product_5191519,G
__import__.product_8212279,E
__import__.product_5086890,E
__import__.product_5301140,G
__import__.product_5301147,G
__import__.product_5080431,G
__import__.product_5080441,G
__import__.product_8285976,E
__import__.product_8099989,Q
__import__.product_5585000,E
__import__.product_5248781,A
__import__.product_5249313,A
__import__.product_5154500,E
__import__.product_8253930,E
__import__.product_5723500,E
__import__.product_5728000,E
__import__.product_5274000,E
__import__.product_1445956,A
__import__.product_8289075,E
__import__.product_8289098,E
__import__.product_8289106,E
__import__.product_5721095,E
__import__.product_1589463,Q
__import__.product_8279622,E
__import__.product_5600457,E
__import__.product_5285036,E
__import__.product_5001004,E
__import__.product_8237032,E
__import__.product_8354453,E
__import__.product_2024817,G
__import__.product_3352978,A
__import__.product_5764022,G
__import__.product_5220800,E
__import__.product_8254800,G
__import__.product_8254792,G
__import__.product_8208154,G
__import__.product_5272707,A
__import__.product_5270133,E
__import__.product_5270134,E
__import__.product_5270135,E
__import__.product_5270132,E
__import__.product_5270136,E
__import__.product_5102146,E
__import__.product_5102634,E
__import__.product_5715064,E
__import__.product_5432159,G
__import__.product_5270639,E
__import__.product_5192750,E
__import__.product_5600372,E
__import__.product_8232454,E
__import__.product_5723081,E
__import__.product_8248538,E
__import__.product_5610576,G
__import__.product_5718379,E
__import__.product_5014702,E
__import__.product_5610577,G
__import__.product_5904038,E
__import__.product_8288070,E
__import__.product_8288087,E
__import__.product_8209099,E
__import__.product_5431280,E
__import__.product_8378844,G
__import__.product_8728828,G
__import__.product_5002392,E
__import__.product_5762000,E
__import__.product_8287018,G
__import__.product_8287024,G
__import__.product_8243848,E
__import__.product_2837532,G
__import__.product_2837557,G
__import__.product_1805270,G
__import__.product_5310120,E
__import__.product_8287722,E
__import__.product_5006458,E
__import__.product_8355257,E
__import__.product_5192640,E
__import__.product_5031111,E
__import__.product_5003292,G
__import__.product_5070050,E
__import__.product_5070051,E
__import__.product_8281518,E
__import__.product_5164010,G
__import__.product_5164230,G
__import__.product_5157003,G
__import__.product_8271141,E
__import__.product_5186551,E
__import__.product_8269262,E
__import__.product_8269285,E
__import__.product_2495495,E
__import__.product_5192332,E
__import__.product_5192184,E
__import__.product_8216683,E
__import__.product_8281872,E
__import__.product_5275014,Q
__import__.product_5207150,E
__import__.product_5152211,E
__import__.product_8102527,G
__import__.product_8279148,E
__import__.product_5900004,E
__import__.product_8272608,E
__import__.product_8272583,E
__import__.product_8281553,E
__import__.product_1016700,E
__import__.product_5729145,E
__import__.product_5727500,E
__import__.product_5011720,E
__import__.product_5203053,E
__import__.product_8297784,G
__import__.product_8025100,E
__import__.product_8284132,E
__import__.product_8283115,E
__import__.product_5082524,E
__import__.product_5252936,E
__import__.product_6508011,E
__import__.product_5552614,E
__import__.product_5711200,E
__import__.product_8266967,E
__import__.product_5003530,E
__import__.product_5711055,E
__import__.product_5202055,E
__import__.product_5121217,E
__import__.product_8279970,G
__import__.product_5002322,E
__import__.product_5319180,E
__import__.product_8247786,E
__import__.product_8247792,E
__import__.product_8247817,E
__import__.product_8251210,G
__import__.product_8251523,E
__import__.product_8251546,E
__import__.product_8251552,E
__import__.product_8252333,E
__import__.product_8168710,E
__import__.product_1003180,E
__import__.product_8383124,G
__import__.product_8222504,E
__import__.product_8427442,E
__import__.product_8253947,E
__import__.product_8251724,G
__import__.product_8251747,G
__import__.product_8251718,G
__import__.product_5118100,E
__import__.product_8251322,G
__import__.product_8347559,G
__import__.product_1810018,E
__import__.product_5292123,G
__import__.product_5292124,G
__import__.product_5885321,E
__import__.product_5809815,E
__import__.product_5353600,E
__import__.product_5373800,E
__import__.product_5383900,E
__import__.product_5394011,E
__import__.product_5404100,E
__import__.product_5424300,E
__import__.product_5444500,E
__import__.product_8168704,E
__import__.product_5999980,E
__import__.product_8202358,E
__import__.product_8201512,E
__import__.product_5727060,E
__import__.product_7764082,G
__import__.product_8285723,E
__import__.product_8285746,E
__import__.product_8244658,E
__import__.product_8244629,E
__import__.product_8213712,E
__import__.product_8002665,E
__import__.product_8214539,E
__import__.product_5830215,G
__import__.product_5433307,G
__import__.product_5220255,E
__import__.product_8256360,E
__import__.product_8256348,E
__import__.product_8256331,E
__import__.product_8181082,E
__import__.product_8187570,E
__import__.product_6710180,G
__import__.product_8256868,E
__import__.product_8285999,E
__import__.product_5245001,E
__import__.product_8264020,E
__import__.product_8264027,E
__import__.product_5200010,E
__import__.product_5014097,E
__import__.product_5847601,E
__import__.product_5002027,E
__import__.product_5002735,E
__import__.product_5350035,E
__import__.product_5152903,E
__import__.product_5710801,E
__import__.product_5551000,E
__import__.product_5002006,E
__import__.product_5002010,E
__import__.product_5002708,E
__import__.product_5002714,E
__import__.product_5003512,E
__import__.product_5003520,E
__import__.product_5004016,E
__import__.product_5004024,E
__import__.product_5001492,E
__import__.product_8248975,E
__import__.product_5174000,E
__import__.product_8196043,E
__import__.product_8196037,E
__import__.product_5749401,E
__import__.product_5741408,E
__import__.product_5030239,E
__import__.product_8046200,E
__import__.product_8340379,E
__import__.product_5001237,E
__import__.product_5001300,E
__import__.product_5142502,E
__import__.product_5000548,E
__import__.product_5001433,E
__import__.product_5001434,E
__import__.product_5911401,E
__import__.product_5911361,E
__import__.product_5911441,E
__import__.product_5091144,E
__import__.product_5091145,E
__import__.product_5091146,E
__import__.product_5911321,E
__import__.product_8221686,E
__import__.product_1003980,E
__import__.product_1741644,G
__import__.product_8273625,E
__import__.product_5103014,E
__import__.product_5012004,E
__import__.product_8180000,E
__import__.product_5104800,E
__import__.product_5002014,E
__import__.product_8237457,E
__import__.product_8237440,E
__import__.product_8237428,E
__import__.product_8237434,E
__import__.product_5823563,E
__import__.product_5745507,E
__import__.product_8012592,E
__import__.product_8095483,G
__import__.product_8116854,G
__import__.product_5340186,G
__import__.product_5600712,E
__import__.product_8124552,G
__import__.product_8124569,G
__import__.product_8221692,E
__import__.product_5999981,E
__import__.product_5914572,E
__import__.product_5032167,E
__import__.product_3319027,A
__import__.product_5157102,G
__import__.product_8071117,G
__import__.product_5740025,E
__import__.product_8282009,E
__import__.product_1008900,E
__import__.product_5561000,E
__import__.product_8115257,G
__import__.product_1010780,G
__import__.product_5361912,E
__import__.product_5445313,E
__import__.product_8388191,E
__import__.product_5163630,E
__import__.product_5031739,E
__import__.product_8283210,E
__import__.product_8019157,E
__import__.product_5671213,E
__import__.product_5211502,E
__import__.product_5301231,E
__import__.product_5040010,G
__import__.product_8385933,G
__import__.product_5010208,E
__import__.product_5610579,G
__import__.product_8058329,E
__import__.product_8343248,E
__import__.product_8060705,E
__import__.product_5233839,E
__import__.product_8351532,E
__import__.product_8064198,E
__import__.product_8288650,E
__import__.product_8283003,E
__import__.product_8298312,E
__import__.product_5640200,E
__import__.product_1012003,E
__import__.product_8058335,G
__import__.product_5147276,G
__import__.product_1017960,E
__import__.product_1018370,E
__import__.product_1019590,G
__import__.product_1010730,G
__import__.product_1010750,G
__import__.product_1010760,G
__import__.product_1010770,G
__import__.product_1010790,G
__import__.product_5000670,E
__import__.product_8288578,E
__import__.product_8207953,G
__import__.product_1020540,G
__import__.product_5118102,E
__import__.product_8201422,E
__import__.product_8355665,E
__import__.product_8198680,E
__import__.product_8253628,E
__import__.product_5632406,E
__import__.product_5123810,E
__import__.product_5450103,E
__import__.product_8262811,E
__import__.product_8262805,E
__import__.product_8288561,E
__import__.product_5600128,E
__import__.product_8284244,E
__import__.product_8220043,E
__import__.product_5103000,A
__import__.product_5163010,A
__import__.product_5163310,A
__import__.product_5166200,A
__import__.product_5653004,E
__import__.product_5049981,G
__import__.product_5904151,E
__import__.product_5790381,E
__import__.product_5355037,E
__import__.product_5011842,E
__import__.product_8251345,G
__import__.product_8210783,E
__import__.product_1009506,E
__import__.product_1009570,E
__import__.product_1009580,E
__import__.product_1009780,E
__import__.product_1009800,E
__import__.product_8214522,E
__import__.product_8347447,E
__import__.product_5790001,E
__import__.product_5790002,E
__import__.product_5790003,E
__import__.product_5790004,E
__import__.product_5790005,E
__import__.product_5790006,E
__import__.product_5790007,E
__import__.product_5790008,E
__import__.product_8128797,G
__import__.product_8116848,G
__import__.product_8346169,E
__import__.product_5910003,G
__import__.product_5910002,G
__import__.product_5120126,G
__import__.product_5130026,G
__import__.product_5441052,E
__import__.product_8050807,E
__import__.product_8288590,E
__import__.product_5213605,G
__import__.product_8252847,E
__import__.product_8252830,E
__import__.product_8252876,E
__import__.product_8252853,E
__import__.product_5020003,E
__import__.product_3375334,Q
__import__.product_8387375,E
__import__.product_5100432,E
__import__.product_8337756,E
__import__.product_8337940,E
__import__.product_2017233,A
__import__.product_5151674,E
__import__.product_5920905,E
__import__.product_5009290,E
__import__.product_5147924,E
__import__.product_8003268,G
__import__.product_8269552,E
__import__.product_5911024,G
__import__.product_8003593,E
__import__.product_8188411,E
__import__.product_5109300,E
__import__.product_9031124,E
__import__.product_5255021,E
__import__.product_8215421,E
__import__.product_5200123,E
__import__.product_8256495,G
__import__.product_5115022,E
__import__.product_8283730,E
__import__.product_8341545,E
__import__.product_5741400,E
__import__.product_6368882,G
__import__.product_8105632,G
__import__.product_5112417,G
__import__.product_1005500,E
__import__.product_1005520,E
__import__.product_1005540,E
__import__.product_5610099,E
__import__.product_5610098,E
__import__.product_5690202,E
__import__.product_8389635,G
__import__.product_8228665,E
__import__.product_8378933,E
__import__.product_8216691,E
__import__.product_5005057,E
__import__.product_5114535,E
__import__.product_5113035,E
__import__.product_8341870,E
__import__.product_1023370,E
__import__.product_8281487,G
__import__.product_8377738,E
__import__.product_2586469,G
__import__.product_5109201,E
__import__.product_5107154,G
__import__.product_5430030,G
__import__.product_8207108,E
__import__.product_0047829,G
__import__.product_5147277,G
__import__.product_5600273,E
__import__.product_8257218,G
__import__.product_1021590,E
__import__.product_3418696,Q
__import__.product_5141790,G
__import__.product_5430806,E
__import__.product_8064175,E
__import__.product_8243067,E
__import__.product_8205084,E
__import__.product_8205090,E
__import__.product_8236920,E
__import__.product_8286869,G
__import__.product_8286875,G
__import__.product_8214769,E
__import__.product_8210837,E
__import__.product_8214781,E
__import__.product_5840318,G
__import__.product_5840320,G
__import__.product_5307028,E
__import__.product_5307030,E
__import__.product_8186381,E
__import__.product_8279800,G
__import__.product_8259482,E
__import__.product_5030523,E
__import__.product_5727200,E
__import__.product_5727400,E
__import__.product_5242424,E
__import__.product_5292138,G
__import__.product_1009200,G
__import__.product_5408451,G
__import__.product_8007444,G
__import__.product_6604207,E
__import__.product_8189020,E
__import__.product_5760399,G
__import__.product_8168012,Q
__import__.product_8231817,Q
__import__.product_5809425,Q
__import__.product_5157100,G
__import__.product_5266158,E
__import__.product_5260205,E
__import__.product_5531012,E
__import__.product_5531212,E
__import__.product_8258821,E
__import__.product_8258850,E
__import__.product_8383609,E
__import__.product_5102294,E
__import__.product_5106004,E
__import__.product_8210180,G
__import__.product_5039818,E
__import__.product_6245139,G
__import__.product_5147768,G
__import__.product_5610584,G
__import__.product_5230645,E
__import__.product_5230647,E
__import__.product_5230640,G
__import__.product_5431910,G
__import__.product_5123000,E
__import__.product_1025920,E
__import__.product_1025940,Q
__import__.product_4002699,E
__import__.product_5344012,E
__import__.product_8337526,E
__import__.product_1026440,Q
__import__.product_6767398,G
__import__.product_5317102,E
__import__.product_6731986,G
__import__.product_8100066,Q
__import__.product_8254786,E
__import__.product_8283552,E
__import__.product_8283440,E
__import__.product_8337153,E
__import__.product_8337182,E
__import__.product_8189505,G
__import__.product_5299913,E
__import__.product_3431038,A
__import__.product_3431897,A
__import__.product_8193659,G
__import__.product_5809475,Q
__import__.product_5113863,E
__import__.product_5100001,E
__import__.product_5100002,E
__import__.product_5100003,E
__import__.product_5010090,E
__import__.product_5052272,E
__import__.product_5130413,E
__import__.product_8011233,E
__import__.product_5850512,E
__import__.product_5317106,E
__import__.product_5317108,E
__import__.product_5317110,E
__import__.product_5317112,E
__import__.product_8112773,G
__import__.product_5303114,G
__import__.product_8388877,E
__import__.product_5355809,E
__import__.product_5190921,E
__import__.product_5160742,G
__import__.product_5258322,G
__import__.product_8288302,E
__import__.product_8286510,G
__import__.product_8288348,E
__import__.product_5136048,E
__import__.product_8347648,E
__import__.product_8348292,E
__import__.product_1001210,E
__import__.product_5259300,G
__import__.product_5923021,G
__import__.product_5102064,E
__import__.product_5105607,E
__import__.product_5103300,E
__import__.product_5103080,E
__import__.product_5033159,E
__import__.product_6742872,Q
__import__.product_1013960,G
__import__.product_5307865,E
__import__.product_5307320,E
__import__.product_5307322,E
__import__.product_5307324,E
__import__.product_5307326,E
__import__.product_5307328,E
__import__.product_5307330,E
__import__.product_5026026,E
__import__.product_5532012,E
__import__.product_5533015,E
__import__.product_5393020,E
__import__.product_5029091,E
__import__.product_5040300,E
__import__.product_5040301,E
__import__.product_5451511,Q
__import__.product_5451509,Q
__import__.product_5451512,Q
__import__.product_5451513,Q
__import__.product_8290888,E
__import__.product_5550604,E
__import__.product_5361162,E
__import__.product_5082525,E
__import__.product_8068026,E
__import__.product_8134450,G
__import__.product_3175064,A
__import__.product_1030490,E
__import__.product_5431212,E
__import__.product_5719100,E
__import__.product_5248008,G
__import__.product_5248009,G
__import__.product_5248010,G
__import__.product_5248011,G
__import__.product_5093631,E
__import__.product_8258979,E
__import__.product_1003040,E
__import__.product_1003050,E
__import__.product_5158548,G
__import__.product_5436299,G
__import__.product_5436499,G
__import__.product_8293349,G
__import__.product_5460213,G
__import__.product_5035326,E
__import__.product_6100853,E
__import__.product_6100852,E
__import__.product_6100811,E
__import__.product_5217601,E
__import__.product_5040411,E
__import__.product_5801040,E
__import__.product_5383550,E
__import__.product_5121276,G
__import__.product_5170365,E
__import__.product_5760348,G
__import__.product_8259022,G
__import__.product_1807210,G
__import__.product_5999983,E
__import__.product_5023150,E
__import__.product_5152911,E
__import__.product_5152912,E
__import__.product_5152913,E
__import__.product_5317123,E
__import__.product_5302254,E
__import__.product_8070649,E
__import__.product_5826411,E
__import__.product_5826422,E
__import__.product_5111300,E
__import__.product_5220412,E
__import__.product_7750135,G
__import__.product_5472478,A
__import__.product_5800604,E
__import__.product_5729100,E
__import__.product_4657853,G
__import__.product_5271673,E
__import__.product_5809396,Q
__import__.product_5809401,Q
__import__.product_5809437,Q
__import__.product_5809528,Q
__import__.product_5809619,Q
__import__.product_5809633,Q
__import__.product_5809657,Q
__import__.product_5809669,Q
__import__.product_5808671,Q
__import__.product_5809683,Q
__import__.product_5809700,Q
__import__.product_5809786,Q
__import__.product_5622384,Q
__import__.product_5622396,Q
__import__.product_5622437,Q
__import__.product_5622425,Q
__import__.product_5622401,E
__import__.product_5622607,E
__import__.product_8289371,E
__import__.product_8278999,G
__import__.product_8279510,E
__import__.product_1011110,E
__import__.product_8243920,E
__import__.product_8052640,E
__import__.product_8364598,E
__import__.product_5200575,G
__import__.product_8224710,E
__import__.product_5257810,E
__import__.product_0154146,G
__import__.product_6600037,G
__import__.product_5840321,G
__import__.product_8264483,G
__import__.product_3439478,G
__import__.product_8080085,G
__import__.product_5840256,E
__import__.product_5210164,E
__import__.product_5900005,E
__import__.product_5840323,G
__import__.product_8357701,E
__import__.product_8370915,E
__import__.product_1011140,E
__import__.product_6737004,E
__import__.product_5840324,G
__import__.product_1030360,E
__import__.product_5904152,E
__import__.product_5600374,E
__import__.product_5147778,G
__import__.product_5107152,G
__import__.product_8197580,E
__import__.product_5600021,E
__import__.product_5220020,E
__import__.product_5220024,E
__import__.product_8383466,E
__import__.product_8383489,E
__import__.product_4201100,E
__import__.product_3355153,G
__import__.product_8184583,E
__import__.product_5022214,E
__import__.product_5140501,E
__import__.product_5147760,G
__import__.product_5147772,G
__import__.product_8264552,E
__import__.product_5148440,E
__import__.product_5052913,E
__import__.product_5052914,E
__import__.product_5052915,E
__import__.product_5052916,E
__import__.product_8227737,E
__import__.product_5291120,E
__import__.product_5610581,G
__import__.product_5157104,G
__import__.product_0892224,G
__import__.product_2901981,G
__import__.product_8260195,E
__import__.product_8209840,E
__import__.product_8264553,E
__import__.product_5805604,E
__import__.product_5868330,E
__import__.product_5868720,E
__import__.product_8260887,G
__import__.product_8261177,E
__import__.product_8198379,E
__import__.product_5102021,E
__import__.product_2805372,G
__import__.product_5402009,G
__import__.product_1250936,A
__import__.product_5080505,E
__import__.product_8289690,E
__import__.product_5406548,E
__import__.product_8248544,E
__import__.product_8289388,E
__import__.product_5472626,A
__import__.product_8257371,E
__import__.product_8267903,Q
__import__.product_8353100,E
__import__.product_6793757,G
__import__.product_8121654,Q
__import__.product_5790009,E
__import__.product_5790010,E
__import__.product_5038031,E
__import__.product_8389262,E
__import__.product_8186197,E
__import__.product_5700000,G
__import__.product_7180090,E
__import__.product_1018420,E
__import__.product_8333830,E
__import__.product_5632402,E
__import__.product_5620010,Q
__import__.product_5910039,G
__import__.product_8355903,E
__import__.product_5016771,E
__import__.product_5317111,E
__import__.product_5042542,G
__import__.product_5590036,E
__import__.product_5590038,E
__import__.product_5590040,E
__import__.product_5840247,E
__import__.product_5840248,E
__import__.product_5840254,E
__import__.product_5840255,E
__import__.product_5840267,E
__import__.product_5816520,E
__import__.product_8378867,G
__import__.product_8002406,G
__import__.product_5401109,G
__import__.product_8272927,E
__import__.product_0849554,G
__import__.product_8274955,E
__import__.product_8274961,E
__import__.product_5530103,E
__import__.product_5001162,E
__import__.product_5014423,E
__import__.product_8286295,E
__import__.product_8250297,E
__import__.product_8385927,E
__import__.product_8262449,E
__import__.product_8360821,E
__import__.product_8122056,G
__import__.product_5134053,E
__import__.product_5610578,G
__import__.product_5610583,G
__import__.product_5610585,G
__import__.product_5415122,E
__import__.product_8257313,E
__import__.product_8260189,E
__import__.product_8498442,E
__import__.product_8283687,E
__import__.product_5010611,E
__import__.product_8219850,E
__import__.product_5020187,E
__import__.product_5020173,E
__import__.product_5020174,E
__import__.product_5617450,E
__import__.product_4657705,G
__import__.product_8272991,E
__import__.product_5259182,E
__import__.product_8338052,E
__import__.product_8363771,E
__import__.product_8379157,E
__import__.product_5011871,E
__import__.product_6964851,G
__import__.product_6994622,G
__import__.product_6342167,G
__import__.product_8247993,E
__import__.product_8249897,E
__import__.product_8249880,E
__import__.product_8249874,E
__import__.product_8249869,E
__import__.product_8251150,E
__import__.product_8222148,E
__import__.product_8194512,E
__import__.product_1018400,E
__import__.product_8237055,E
__import__.product_8366226,E
__import__.product_8274487,E
__import__.product_8273358,E
__import__.product_8268989,E
__import__.product_6939824,G
__import__.product_5362052,E
__import__.product_5362181,E
__import__.product_5362192,E
__import__.product_5302470,E
__import__.product_5362613,E
__import__.product_5362802,E
__import__.product_5362803,E
__import__.product_5100600,E
__import__.product_8365824,G
__import__.product_5610589,G
__import__.product_5610590,G
__import__.product_5610591,G
__import__.product_2028550,E
__import__.product_5499851,A
__import__.product_5499852,A
__import__.product_8180243,E
__import__.product_5020175,E
__import__.product_5020176,E
__import__.product_5020186,E
__import__.product_5012616,G
__import__.product_5908378,E
__import__.product_5187870,E
__import__.product_8198214,G
__import__.product_8019660,E
__import__.product_5010530,G
__import__.product_1017930,E
__import__.product_1017940,E
__import__.product_1017950,E
__import__.product_1017970,E
__import__.product_1017980,E
__import__.product_1018000,E
__import__.product_1023130,E
__import__.product_1018330,E
__import__.product_1018340,E
__import__.product_1018360,E
__import__.product_1018390,E
__import__.product_1018430,E
__import__.product_1024160,E
__import__.product_1018110,E
__import__.product_1018130,E
__import__.product_1018140,E
__import__.product_1018160,E
__import__.product_1018280,E
__import__.product_1018300,E
__import__.product_1018310,E
__import__.product_1018320,E
__import__.product_1020550,E
__import__.product_1018010,E
__import__.product_1018020,E
__import__.product_1018030,E
__import__.product_1018040,E
__import__.product_1018050,E
__import__.product_1018070,E
__import__.product_1018080,E
__import__.product_1018100,E
__import__.product_1806140,G
__import__.product_8122895,G
__import__.product_8103998,G
__import__.product_6756644,G
__import__.product_6916409,G
__import__.product_5011841,E
__import__.product_5010384,E
__import__.product_5010252,E
__import__.product_5010761,E
__import__.product_5010552,E
__import__.product_5011095,E
__import__.product_5014302,E
__import__.product_8100764,G
__import__.product_1001240,G
__import__.product_5148503,G
__import__.product_5552613,E
__import__.product_1008810,E
__import__.product_1008820,E
__import__.product_1008850,E
__import__.product_1008870,E
__import__.product_5703231,E
__import__.product_5703241,E
__import__.product_5026024,E
__import__.product_5600129,E
__import__.product_5050386,E
__import__.product_5920568,E
__import__.product_5920570,E
__import__.product_5753159,E
__import__.product_8366491,E
__import__.product_5160112,E
__import__.product_5160111,E
__import__.product_1036290,E
__import__.product_1036300,E
__import__.product_1036310,E
__import__.product_5221401,E
__import__.product_5920762,E
__import__.product_5210391,E
__import__.product_5305211,G
__import__.product_5646400,E
__import__.product_5207152,P
__import__.product_1026090,E
__import__.product_1026060,E
__import__.product_1026070,E
__import__.product_1003660,E
__import__.product_1003640,E
__import__.product_1027530,E
__import__.product_5048204,E
__import__.product_5022501,E
__import__.product_5748076,E
__import__.product_7401530,G
__import__.product_5920051,G
__import__.product_5921512,G
__import__.product_8280080,E
__import__.product_3327319,Q
__import__.product_5431800,G
__import__.product_5431803,G
__import__.product_5431806,G
__import__.product_8249408,E
__import__.product_8249466,E
__import__.product_8249503,E
__import__.product_8249621,E
__import__.product_8249615,E
__import__.product_8221491,E
__import__.product_8221539,E
__import__.product_8221545,E
__import__.product_8221769,E
__import__.product_8221806,E
__import__.product_8250860,E
__import__.product_8250877,E
__import__.product_8250883,E
__import__.product_8250908,E
__import__.product_8250914,E
__import__.product_8251233,G
__import__.product_8248194,E
__import__.product_8247800,E
__import__.product_8254007,E
__import__.product_8252416,E
__import__.product_8252385,E
__import__.product_8252379,E
__import__.product_8249259,E
__import__.product_8222384,E
__import__.product_8253953,E
__import__.product_8250972,E
__import__.product_4665643,G
__import__.product_6795420,G
__import__.product_6778120,Q
__import__.product_1816920,G
__import__.product_8199633,E
__import__.product_5215065,E
__import__.product_1041000,E
__import__.product_1816340,G
__import__.product_5032154,E
__import__.product_5244039,E
__import__.product_1030370,E
__import__.product_5223100,E
__import__.product_8104006,G
__import__.product_5192048,G
__import__.product_5046191,G
__import__.product_5170115,G
__import__.product_1043110,G
__import__.product_5388565,G
__import__.product_5764018,G
__import__.product_1004010,E
__import__.product_1002980,E
__import__.product_8268972,E
__import__.product_8268966,E
__import__.product_5431820,G
__import__.product_8361163,G
__import__.product_8361157,G
__import__.product_5317122,E
__import__.product_5317212,E
__import__.product_5317132,E
__import__.product_5317133,E
__import__.product_5021621,E
__import__.product_5394007,G
__import__.product_5512038,Q
__import__.product_1018800,G
__import__.product_5361144,E
__import__.product_3528239,G
__import__.product_6777304,G
__import__.product_5288704,E
__import__.product_5042543,G
__import__.product_8219637,G
__import__.product_8135231,Q
__import__.product_8229682,E
__import__.product_8182331,E
__import__.product_8182348,E
__import__.product_8180421,E
__import__.product_8180415,E
__import__.product_5265015,E
__import__.product_5265012,E
__import__.product_5265010,E
__import__.product_8281949,E
__import__.product_8281903,E
__import__.product_8258867,E
__import__.product_8281926,E
__import__.product_8281932,E
__import__.product_8070010,G
__import__.product_8070006,G
__import__.product_8080014,G
__import__.product_8080010,G
__import__.product_8080006,G
__import__.product_5372105,G
__import__.product_5525521,E
__import__.product_5271930,E
__import__.product_5271920,E
__import__.product_5271870,E
__import__.product_5801151,E
__import__.product_5005215,G
__import__.product_1003960,E
__import__.product_5900021,E
__import__.product_5630207,E
__import__.product_5120025,E
__import__.product_5244034,E
__import__.product_5116015,G
__import__.product_5770000,E
__import__.product_8379163,G
__import__.product_5800022,Q
__import__.product_5852525,E
__import__.product_5192705,G
__import__.product_5192714,G
__import__.product_5192712,G
__import__.product_5192774,G
__import__.product_5192776,G
__import__.product_5192725,G
__import__.product_5192745,G
__import__.product_5192747,G
__import__.product_5192730,G
__import__.product_5192732,G
__import__.product_5192734,G
__import__.product_5192754,G
__import__.product_5989098,E
__import__.product_3212065,G
__import__.product_3212081,G
__import__.product_6906948,Q
__import__.product_8248440,E
__import__.product_8250311,E
__import__.product_8260143,E
__import__.product_8250392,G
__import__.product_5426001,E
__import__.product_5200158,E
__import__.product_5502405,E
__import__.product_5055060,E
__import__.product_5920151,E
__import__.product_5350327,E
__import__.product_5350313,E
__import__.product_5164018,E
__import__.product_5191524,E
__import__.product_5170015,E
__import__.product_5157712,E
__import__.product_3549953,A
__import__.product_7750193,G
__import__.product_3541406,A
__import__.product_3541414,A
__import__.product_3319043,A
__import__.product_3319035,A
__import__.product_5741012,E
__import__.product_5741250,E
__import__.product_5507592,G
__import__.product_5150006,G
__import__.product_5192346,E
__import__.product_5202050,E
__import__.product_4665465,G
__import__.product_6023999,G
__import__.product_5370918,E
__import__.product_5200168,E
__import__.product_5200828,E
__import__.product_5200829,E
__import__.product_5840927,E
__import__.product_8260137,E
__import__.product_5240962,E
__import__.product_5240966,E
__import__.product_5704004,E
__import__.product_5106205,E
__import__.product_5105415,E
__import__.product_5210226,E
__import__.product_5690205,E
__import__.product_5003600,E
__import__.product_8251871,Q
__import__.product_5141223,E
__import__.product_5007183,E
__import__.product_5032164,E
__import__.product_5027601,E
__import__.product_5910120,G
__import__.product_5303307,E
__import__.product_8212552,G
__import__.product_5261230,E
__import__.product_5261025,E
__import__.product_5361630,E
__import__.product_5710104,E
__import__.product_5710103,E
__import__.product_3013265,G
__import__.product_5025525,E
__import__.product_8190661,E
__import__.product_8228659,E
__import__.product_1005820,E
__import__.product_5902663,E
__import__.product_5902661,E
__import__.product_5827150,E
__import__.product_5192440,E
__import__.product_5750014,E
__import__.product_5223002,E
__import__.product_5120026,E
__import__.product_5140603,E
__import__.product_5418543,E
__import__.product_8289508,E
__import__.product_5302211,E
__import__.product_8120372,E
__import__.product_5141305,E
__import__.product_5202051,E
__import__.product_5720066,E
__import__.product_5720068,E
__import__.product_5720070,E
__import__.product_8095566,G
__import__.product_5760418,G
__import__.product_5760350,G
__import__.product_8273105,E
__import__.product_8246338,E
__import__.product_1005140,E
__import__.product_5150217,G
__import__.product_1812580,G
__import__.product_5175140,E
__import__.product_5704001,E
__import__.product_8181308,G
__import__.product_5663212,E
__import__.product_5419120,E
__import__.product_5192276,G
__import__.product_5921202,G
__import__.product_8272979,E
__import__.product_8377603,E
__import__.product_5260570,E
__import__.product_5560574,E
__import__.product_5260580,E
__import__.product_5260581,E
__import__.product_8088939,G
__import__.product_5740269,E
__import__.product_5043268,G
__import__.product_5101043,E
__import__.product_5101044,E
__import__.product_5101045,E
__import__.product_5326226,E
__import__.product_5326228,E
__import__.product_5326231,E
__import__.product_5326232,E
__import__.product_5400050,G
__import__.product_5900930,E
__import__.product_5049521,E
__import__.product_5021221,E
__import__.product_5810992,A
__import__.product_5624064,G
__import__.product_5665824,G
__import__.product_5618349,G
__import__.product_5665860,G
__import__.product_5617988,G
__import__.product_5665854,G
__import__.product_5617989,G
__import__.product_5634613,G
__import__.product_5619241,G
__import__.product_5618348,G
__import__.product_5634614,G
__import__.product_5619248,G
__import__.product_5634669,G
__import__.product_1030740,E
__import__.product_5035300,E
__import__.product_8460801,G
__import__.product_8236558,E
__import__.product_8245623,Q
__import__.product_5197007,G
__import__.product_5197010,G
__import__.product_5197011,G
__import__.product_5197012,G
__import__.product_5197015,G
__import__.product_5197016,G
__import__.product_5197019,G
__import__.product_5197021,G
__import__.product_5197023,G
__import__.product_5401007,G
__import__.product_5197024,G
__import__.product_5197025,G
__import__.product_5197026,G
__import__.product_5197027,G
__import__.product_5197028,G
__import__.product_5197032,G
__import__.product_5197033,G
__import__.product_5197034,G
__import__.product_5197035,G
__import__.product_5197036,G
__import__.product_5197037,G
__import__.product_5197038,G
__import__.product_5197039,G
__import__.product_5197040,G
__import__.product_5197041,G
__import__.product_5197042,G
__import__.product_5197043,G
__import__.product_5197044,G
__import__.product_5197045,G
__import__.product_5197046,G
__import__.product_5197047,G
__import__.product_5197048,G
__import__.product_5197049,G
__import__.product_5197050,G
__import__.product_5197051,G
__import__.product_5197052,G
__import__.product_5197053,G
__import__.product_5197054,G
__import__.product_5197055,G
__import__.product_5197056,G
__import__.product_5197057,G
__import__.product_5197058,G
__import__.product_5197059,G
__import__.product_5197060,G
__import__.product_5197061,G
__import__.product_5197062,G
__import__.product_5197063,G
__import__.product_5197064,G
__import__.product_5197065,G
__import__.product_5417102,G
__import__.product_5027175,E
__import__.product_5026921,E
__import__.product_5027176,E
__import__.product_5026922,E
__import__.product_5027180,E
__import__.product_5027187,E
__import__.product_5027182,E
__import__.product_5027189,E
__import__.product_5160510,G
__import__.product_1809740,G
__import__.product_6701991,G
__import__.product_1809860,G
__import__.product_7241155,G
__import__.product_5017801,E
__import__.product_5017802,E
__import__.product_8287277,G
__import__.product_5101046,E
__import__.product_5854328,E
__import__.product_3604247,G
__import__.product_5014095,E
__import__.product_1026170,E
__import__.product_5764021,G
__import__.product_8126597,Q
__import__.product_8249302,E
__import__.product_1029730,E
__import__.product_1029720,E
__import__.product_8249271,E
__import__.product_8249265,E
__import__.product_8249294,E
__import__.product_8240382,E
__import__.product_8382811,E
__import__.product_5028140,E
__import__.product_5827250,E
__import__.product_5017803,E
__import__.product_5017804,E
__import__.product_5017805,E
__import__.product_5017806,E
__import__.product_5157740,E
__import__.product_8365735,E
__import__.product_8341901,E
__import__.product_5157741,E
__import__.product_8273111,E
__import__.product_8252250,E
__import__.product_1029480,E
__import__.product_8247987,E
__import__.product_1050270,E
__import__.product_1035030,E
__import__.product_1040990,E
__import__.product_8103900,G
__import__.product_5306902,G
__import__.product_8203398,E
__import__.product_1053612,E
__import__.product_5027177,E
__import__.product_5197066,G
__import__.product_5840325,G
__import__.product_5090039,E
__import__.product_5195900,E
__import__.product_5117330,E
__import__.product_5900900,E
__import__.product_5900999,E
__import__.product_8100089,G
__import__.product_8270561,E
__import__.product_5900950,E
__import__.product_5900742,E
__import__.product_5900613,E
__import__.product_5300100,E
__import__.product_5300741,E
__import__.product_5300613,E
__import__.product_5910007,G
__import__.product_5910008,G
__import__.product_5027122,E
__import__.product_5220400,E
__import__.product_5028460,E
__import__.product_5049069,E
__import__.product_5140415,E
__import__.product_5334466,E
__import__.product_5012340,E
__import__.product_6787366,Q
__import__.product_1005050,E
__import__.product_1005110,E
__import__.product_8103923,G
__import__.product_8126427,G
__import__.product_5948331,E
__import__.product_8271767,E
__import__.product_8271773,E
__import__.product_8271796,E
__import__.product_8086024,G
__import__.product_5140154,G
__import__.product_5010610,E
__import__.product_8279007,E
__import__.product_8256035,E
__import__.product_1005840,E
__import__.product_8256118,E
__import__.product_5920853,E
__import__.product_5103425,Q
__import__.product_5001537,E
__import__.product_7051963,G
__import__.product_8274978,E
__import__.product_8219212,E
__import__.product_5005502,E
__import__.product_5317131,E
__import__.product_5317121,E
__import__.product_5317113,E
__import__.product_5921500,Q
__import__.product_8197031,E
__import__.product_8197048,E
__import__.product_8256101,E
__import__.product_5207153,E
__import__.product_5610144,G
__import__.product_5736880,E
__import__.product_5973627,E
__import__.product_1009280,E
__import__.product_8256325,E
__import__.product_5530126,G
__import__.product_5042205,E
__import__.product_5300614,E
__import__.product_5197067,G
__import__.product_1045350,E
__import__.product_5390260,E
__import__.product_5840327,G
__import__.product_5840328,G
__import__.product_5840329,G
__import__.product_5840331,G
__import__.product_5840332,G
__import__.product_5840333,G
__import__.product_5840334,G
__import__.product_2484699,Q
__import__.product_5909214,Q
__import__.product_5906810,Q
__import__.product_5169902,G
__import__.product_5065996,E
__import__.product_5001204,E
__import__.product_1054910,G
__import__.product_5553193,E
__import__.product_5553484,E
__import__.product_5552684,E
__import__.product_1051280,E
__import__.product_1053670,E
__import__.product_1055700,E
__import__.product_1854330,E
__import__.product_1852121,E
__import__.product_8333831,E
__import__.product_5170716,E
__import__.product_8247131,E
__import__.product_5032136,E
__import__.product_5306900,G
__import__.product_5093630,E
__import__.product_5047343,E
__import__.product_5634627,G
__import__.product_5665818,G
__import__.product_5199260,E
__import__.product_1034850,E
__import__.product_5217105,E
__import__.product_1021340,E
__import__.product_5280511,E
__import__.product_5280529,E
__import__.product_5002310,E
__import__.product_5942544,G
__import__.product_8284161,E
__import__.product_6342078,E
__import__.product_5764023,G
__import__.product_5652011,E
__import__.product_5604304,E
__import__.product_5273060,E
__import__.product_8294082,E
__import__.product_1820570,G
__import__.product_5002311,E
__import__.product_5424104,A
__import__.product_8219703,E
__import__.product_2029329,A
__import__.product_2027644,A
__import__.product_5140460,G
__import__.product_5260508,G
__import__.product_5502403,E
__import__.product_5835003,E
__import__.product_5835004,E
__import__.product_5617241,E
__import__.product_8285835,E
__import__.product_5046002,E
__import__.product_5470011,E
__import__.product_5332108,E
__import__.product_5920402,G
__import__.product_5920411,G
__import__.product_5920413,G
__import__.product_5920414,G
__import__.product_5920415,G
__import__.product_5920416,G
__import__.product_5920417,G
__import__.product_5920421,G
__import__.product_5920422,G
__import__.product_5920423,G
__import__.product_5920425,G
__import__.product_5920426,G
__import__.product_5920427,G
__import__.product_8345649,E
__import__.product_5244230,E
__import__.product_5900951,E
__import__.product_5266004,Q
__import__.product_5063953,E
__import__.product_5063954,E
__import__.product_5063956,E
__import__.product_5063957,E
__import__.product_5063958,E
__import__.product_5063970,E
__import__.product_5063971,E
__import__.product_5063966,E
__import__.product_5973628,E
__import__.product_5973629,E
__import__.product_5900147,E
__import__.product_5225316,G
__import__.product_5225615,G
__import__.product_5121219,E
__import__.product_5121220,E
__import__.product_8012037,E
__import__.product_5764210,G
__import__.product_5764213,G
__import__.product_5764214,G
__import__.product_5764216,G
__import__.product_5764217,G
__import__.product_5764218,G
__import__.product_5764219,G
__import__.product_5764221,G
__import__.product_5764220,G
__import__.product_5764222,G
__import__.product_5764223,G
__import__.product_5764225,G
__import__.product_5764226,G
__import__.product_5764227,G
__import__.product_5764228,G
__import__.product_5764229,G
__import__.product_5764230,G
__import__.product_5764231,G
__import__.product_5764232,G
__import__.product_5764234,G
__import__.product_5764236,G
__import__.product_5764237,G
__import__.product_5026218,G
__import__.product_5021785,E
__import__.product_5022027,E
__import__.product_5033160,E
__import__.product_5033161,E
__import__.product_1820450,G
__import__.product_5001490,E
__import__.product_8365698,E
__import__.product_5243023,E
__import__.product_8049543,E
__import__.product_1063810,E
__import__.product_5248551,E
__import__.product_1023750,E
__import__.product_8346063,E
__import__.product_8269569,E
__import__.product_8239203,E
__import__.product_5722005,E
__import__.product_5009335,E
__import__.product_1800166,E
__import__.product_1037680,E
__import__.product_1019870,E
__import__.product_1019730,E
__import__.product_8260114,E
__import__.product_8260120,E
__import__.product_1021570,E
__import__.product_1019710,E
__import__.product_1021580,E
__import__.product_5244231,E
__import__.product_5244232,E
__import__.product_5244233,E
__import__.product_5190221,E
__import__.product_5600802,E
__import__.product_5190225,E
__import__.product_5190226,E
__import__.product_5190227,E
__import__.product_5190228,E
__import__.product_1808740,G
__import__.product_8092852,G
__import__.product_8117061,G
__import__.product_5000811,E
__import__.product_5000815,E
__import__.product_5000816,E
__import__.product_5000817,E
__import__.product_5000818,E
__import__.product_5000821,E
__import__.product_5000822,E
__import__.product_5000824,E
__import__.product_5000826,E
__import__.product_5000827,E
__import__.product_5000829,E
__import__.product_5000832,E
__import__.product_5000833,E
__import__.product_5000835,E
__import__.product_5000836,E
__import__.product_5000837,E
__import__.product_5000840,E
__import__.product_5000841,E
__import__.product_5000814,E
__import__.product_5000842,E
__import__.product_5000843,E
__import__.product_1819390,G
__import__.product_1823170,G
__import__.product_8117368,G
__import__.product_8236860,G
__import__.product_5180415,E
__import__.product_5180416,E
__import__.product_5180417,E
__import__.product_5180418,E
__import__.product_5180419,E
__import__.product_5180420,E
__import__.product_5180427,E
__import__.product_5180428,E
__import__.product_5180429,E
__import__.product_5180430,E
__import__.product_1064050,E
__import__.product_5105073,E
__import__.product_5105059,E
__import__.product_5710024,G
__import__.product_5900630,E
__import__.product_5289918,E
__import__.product_5635631,E
__import__.product_1008160,E
__import__.product_8250475,E
__import__.product_8386364,E
__import__.product_5035233,G
__import__.product_5033040,G
__import__.product_5033162,E
__import__.product_5926200,E
__import__.product_5172829,E
__import__.product_8272933,E
__import__.product_5105060,E
__import__.product_1009550,E
__import__.product_1001910,E
__import__.product_5008116,E
__import__.product_5292238,G
__import__.product_5024530,E
__import__.product_5920052,G
__import__.product_5207154,E
__import__.product_5840335,G
__import__.product_5603568,A
__import__.product_8235955,E
__import__.product_1823210,G
__import__.product_6876638,G
__import__.product_5111435,E
__import__.product_8072192,E
__import__.product_8283641,E
__import__.product_1027940,E
__import__.product_5032001,G
__import__.product_5446010,G
__import__.product_5001020,E
__import__.product_3196417,G
__import__.product_8122576,Q
__import__.product_5840336,G
__import__.product_5016326,G
__import__.product_1002620,E
__import__.product_1027630,E
__import__.product_8011428,E
__import__.product_1062320,G
__import__.product_1027760,E
__import__.product_8252422,E
__import__.product_1030040,E
__import__.product_1048030,E
__import__.product_1064740,E
__import__.product_5982000,E
__import__.product_1019720,E
__import__.product_8260781,E
__import__.product_8256986,E
__import__.product_5100005,E
__import__.product_5100006,E
__import__.product_8135277,Q
__import__.product_1026640,E
__import__.product_5999150,E
__import__.product_5900007,E
__import__.product_5999996,E
__import__.product_5011806,E
__import__.product_5001021,E
__import__.product_5001022,E
__import__.product_5446130,G
__import__.product_5446050,G
__import__.product_8256006,E
__import__.product_1066530,E
__import__.product_1025760,E
__import__.product_1026300,E
__import__.product_8167998,E
__import__.product_8168006,E
__import__.product_1016640,G
__import__.product_5063283,E
__import__.product_8272904,E
__import__.product_8054018,E
__import__.product_8426187,E
__import__.product_4459542,E
__import__.product_8333209,G
__import__.product_5005093,E
__import__.product_5000600,E
__import__.product_5611502,G
__import__.product_5611503,G
__import__.product_5611506,G
__import__.product_5611507,G
__import__.product_5611511,G
__import__.product_5611517,G
__import__.product_5611521,G
__import__.product_5700021,Q
__import__.product_5700022,Q
__import__.product_5700024,Q
__import__.product_5700025,Q
__import__.product_1816970,G
__import__.product_6896894,G
__import__.product_1816900,G
__import__.product_5611523,G
__import__.product_5611524,G
__import__.product_5611525,G
__import__.product_5611527,G
__import__.product_5611528,G
__import__.product_5611531,G
__import__.product_5611532,G
__import__.product_5611535,G
__import__.product_5611536,G
__import__.product_5611537,G
__import__.product_5611538,G
__import__.product_5611540,G
__import__.product_5611541,G
__import__.product_5611547,G
__import__.product_5611548,G
__import__.product_5611551,G
__import__.product_5611553,G
__import__.product_5611554,G
__import__.product_5611556,G
__import__.product_5611557,G
__import__.product_2910818,G
__import__.product_5219211,G
__import__.product_5470009,E
__import__.product_5740402,E
__import__.product_5740403,E
__import__.product_5470061,E
__import__.product_5470063,E
__import__.product_5470065,E
__import__.product_5470067,E
__import__.product_5470069,E
__import__.product_5470071,E
__import__.product_5470073,E
__import__.product_5410004,E
__import__.product_5072624,E
__import__.product_5140407,G
__import__.product_5140404,G
__import__.product_8378873,G
__import__.product_6775908,Q
__import__.product_9701129,G
__import__.product_8237606,E
__import__.product_8237629,E
__import__.product_5299385,E
__import__.product_8209372,E
__import__.product_8229133,E
__import__.product_8231029,E
__import__.product_5292344,G
__import__.product_5764262,G
__import__.product_5431920,G
__import__.product_5645052,E
__import__.product_5000810,E
__import__.product_5000809,E
__import__.product_8245824,E
__import__.product_6692938,G
__import__.product_2550457,G
__import__.product_5769000,Q
__import__.product_5026940,E
__import__.product_5026938,E
__import__.product_5446024,G
__import__.product_5446021,G
__import__.product_5446019,E
__import__.product_5446051,G
__import__.product_5027303,E
__import__.product_8219933,E
__import__.product_5840337,G
__import__.product_5840338,G
__import__.product_5840339,G
__import__.product_5840340,G
__import__.product_5840341,G
__import__.product_5840342,G
__import__.product_5840003,E
__import__.product_5840168,E
__import__.product_5840210,E
__import__.product_5840211,E
__import__.product_5840422,E
__import__.product_5840504,E
__import__.product_8286585,E
__import__.product_5311165,E
__import__.product_5151528,G
__import__.product_8362412,G
__import__.product_5000901,E
__import__.product_8268541,G
__import__.product_1057340,E
__import__.product_8218649,E
__import__.product_5201301,E
__import__.product_5201302,E
__import__.product_5721140,E
__import__.product_5721190,E
__import__.product_5121300,E
__import__.product_5610089,G
__import__.product_5610588,G
__import__.product_5463210,E
__import__.product_5463212,E
__import__.product_5463214,E
__import__.product_5463216,E
__import__.product_5050385,E
__import__.product_5148303,G
__import__.product_5463220,E
__import__.product_5840343,G
__import__.product_8184560,E
__import__.product_8184577,E
__import__.product_1030750,E
__import__.product_3260213,G
__import__.product_5600805,E
__import__.product_5026023,E
__import__.product_5260162,E
__import__.product_5262020,E
__import__.product_5262015,E
__import__.product_5026020,E
__import__.product_5026022,E
__import__.product_5260160,E
__import__.product_5262112,E
__import__.product_5603561,A
__import__.product_5858505,E
__import__.product_5858512,E
__import__.product_6818233,Q
__import__.product_1066400,E
__import__.product_5138150,E
__import__.product_1021730,G
__import__.product_5840344,G
__import__.product_5003784,E
__import__.product_5003243,E
__import__.product_5003244,E
__import__.product_5220625,G
__import__.product_5109900,E
__import__.product_5109901,E
__import__.product_5263011,E
__import__.product_8240442,E
__import__.product_5823405,Q
__import__.product_5203008,E
__import__.product_5758802,Q
__import__.product_8341485,E
__import__.product_8257023,E
__import__.product_8256963,E
__import__.product_8256992,E
__import__.product_8257000,E
__import__.product_8257046,E
__import__.product_8257052,E
__import__.product_5045130,E
__import__.product_5045132,E
__import__.product_5045133,E
__import__.product_5045134,E
__import__.product_5045131,E
__import__.product_8256354,E
__import__.product_5180850,E
__import__.product_5306904,G
__import__.product_5306908,G
__import__.product_5306920,G
__import__.product_5306922,G
__import__.product_5306924,G
__import__.product_5306926,E
__import__.product_5306928,E
__import__.product_1058010,G
__import__.product_8243699,E
__import__.product_5060118,E
__import__.product_1011580,E
__import__.product_5560000,E
__import__.product_5420145,G
__import__.product_5420146,G
__import__.product_5420148,G
__import__.product_5420153,G
__import__.product_5420155,E
__import__.product_1020180,E
__import__.product_5181524,G
__import__.product_5181530,G
__import__.product_5171530,E
__import__.product_5116025,G
__import__.product_5118015,G
__import__.product_5840345,G
__import__.product_5840346,G
__import__.product_5620888,E
__import__.product_5810722,A
__import__.product_5810725,A
__import__.product_5800037,Q
__import__.product_5367284,G
__import__.product_5610307,E
__import__.product_5004160,E
__import__.product_5003215,E
__import__.product_5430001,E
__import__.product_5430002,E
__import__.product_5430006,E
__import__.product_1036480,E
__import__.product_1036470,E
__import__.product_1036450,E
__import__.product_1036530,E
__import__.product_1036560,E
__import__.product_1061900,E
__import__.product_1036590,E
__import__.product_1036540,E
__import__.product_1036500,E
__import__.product_1061850,E
__import__.product_1061870,E
__import__.product_1061880,E
__import__.product_5017926,E
__import__.product_5017927,E
__import__.product_5017928,E
__import__.product_8240465,E
__import__.product_8240502,E
__import__.product_5121222,E
__import__.product_1030560,E
__import__.product_1037580,E
__import__.product_1030510,E
__import__.product_1030520,E
__import__.product_1030540,E
__import__.product_1030550,E
__import__.product_1030570,E
__import__.product_1035200,E
__import__.product_5230493,G
__import__.product_8364552,E
__import__.product_8052628,E
__import__.product_1023410,E
__import__.product_1002670,E
__import__.product_8364575,E
__import__.product_8284095,E
__import__.product_5136030,E
__import__.product_5136045,E
__import__.product_5186038,E
__import__.product_5186039,E
__import__.product_5180480,E
__import__.product_5113030,E
__import__.product_5904148,E
__import__.product_1071420,G
__import__.product_1071430,G
__import__.product_1071390,G
__import__.product_1071400,G
__import__.product_8239516,E
__import__.product_8288911,E
__import__.product_8288905,E
__import__.product_5620889,E
__import__.product_5792000,E
__import__.product_5723000,E
__import__.product_5973099,E
__import__.product_5011884,E
__import__.product_5430004,E
__import__.product_5430015,E
__import__.product_5430007,E
__import__.product_5723400,E
__import__.product_5921511,G
__import__.product_5921513,E
__import__.product_5921514,G
__import__.product_5920116,E
__import__.product_5910031,G
__import__.product_5910032,G
__import__.product_5049208,G
__import__.product_5021316,E
__import__.product_5021318,E
__import__.product_5021320,E
__import__.product_5344014,E
__import__.product_1819760,G
__import__.product_5140544,G
__import__.product_5460139,G
__import__.product_5460120,G
__import__.product_5300875,A
__import__.product_8256584,E
__import__.product_5192183,G
__import__.product_5640995,E
__import__.product_5611559,G
__import__.product_5049525,E
__import__.product_5600516,E
__import__.product_8377566,E
__import__.product_8377543,E
__import__.product_8377520,E
__import__.product_4441178,G
__import__.product_5301530,G
__import__.product_8288288,E
__import__.product_8383555,E
__import__.product_5180452,E
__import__.product_5180453,E
__import__.product_5180454,E
__import__.product_5180455,E
__import__.product_5180456,E
__import__.product_5180457,E
__import__.product_5180458,E
__import__.product_1050405,E
__import__.product_8242346,E
__import__.product_5132690,E
__import__.product_8362642,E
__import__.product_8184991,E
__import__.product_8188440,E
__import__.product_5840347,G
__import__.product_5840348,G
__import__.product_5840350,G
__import__.product_5411034,A
__import__.product_5411073,A
__import__.product_1037520,E
__import__.product_1036790,E
__import__.product_8492787,G
__import__.product_8111638,G
__import__.product_3355146,G
__import__.product_5348290,E
__import__.product_5348294,E
__import__.product_1063930,E
__import__.product_1063940,E
__import__.product_5052291,E
__import__.product_5232398,E
__import__.product_5232399,E
__import__.product_5022028,G
__import__.product_5021726,G
__import__.product_3038213,G
__import__.product_5924502,G
__import__.product_1823960,G
__import__.product_5473304,E
__import__.product_8180289,E
__import__.product_5324580,E
__import__.product_5509181,E
__import__.product_5509072,E
__import__.product_5508061,E
__import__.product_8181321,E
__import__.product_4667123,G
__import__.product_2417483,G
__import__.product_7595114,G
__import__.product_3718962,G
__import__.product_3718988,G
__import__.product_3733953,G
__import__.product_3718970,G
__import__.product_3718996,G
__import__.product_3733961,G
__import__.product_8269894,Q
__import__.product_5032405,G
__import__.product_5453068,E
__import__.product_5266005,Q
__import__.product_5266006,Q
__import__.product_5351540,G
__import__.product_5421760,E
__import__.product_5851315,E
__import__.product_5973633,E
__import__.product_5472616,G
__import__.product_1028660,E
__import__.product_1028620,E
__import__.product_1028630,E
__import__.product_1028640,E
__import__.product_1028550,E
__import__.product_1028560,E
__import__.product_1028570,E
__import__.product_1028580,E
__import__.product_1028600,E
__import__.product_1028610,E
__import__.product_1028540,E
__import__.product_5431143,A
__import__.product_7330723,G
__import__.product_1042290,G
__import__.product_1042300,G
__import__.product_1042311,G
__import__.product_1042320,G
__import__.product_1042330,G
__import__.product_5241013,E
__import__.product_5100996,E
__import__.product_5013088,G
__import__.product_5632411,E
__import__.product_5000902,E
__import__.product_8075807,E
__import__.product_8284959,E
__import__.product_8075747,E
__import__.product_8075859,E
__import__.product_8283345,E
__import__.product_5453069,E
__import__.product_5453070,E
__import__.product_5453067,E
__import__.product_8225750,E
__import__.product_1060740,E
__import__.product_1005310,E
__import__.product_5764070,G
__import__.product_5017941,E
__import__.product_8380746,E
__import__.product_8238913,G
__import__.product_5107162,G
__import__.product_5107164,G
__import__.product_5107166,E
__import__.product_5107168,G
__import__.product_1078380,G
__import__.product_1077990,G
__import__.product_1078370,G
__import__.product_1076800,E
__import__.product_1076780,E
__import__.product_8109910,E
__import__.product_8168816,E
__import__.product_5010375,E
__import__.product_5105040,E
__import__.product_5105041,E
__import__.product_5105042,E
__import__.product_5105043,E
__import__.product_5078051,E
__import__.product_5078052,E
__import__.product_5209625,E
__import__.product_5350436,G
__import__.product_5630208,E
__import__.product_5630209,E
__import__.product_5350007,G
__import__.product_5062002,E
__import__.product_5062004,E
__import__.product_5320553,E
__import__.product_5321045,E
__import__.product_5323534,E
__import__.product_5328100,E
__import__.product_1079190,E
__import__.product_1079210,E
__import__.product_1079220,E
__import__.product_1079230,E
__import__.product_1079240,E
__import__.product_1079250,E
__import__.product_1079170,E
__import__.product_1079180,E
__import__.product_3241981,E
__import__.product_5308002,E
__import__.product_5308003,E
__import__.product_5308004,E
__import__.product_5031103,G
__import__.product_5385055,E
__import__.product_5323533,E
__import__.product_5325951,E
__import__.product_5325669,E
__import__.product_3674330,A
__import__.product_3674314,A
__import__.product_5624084,G
__import__.product_5624085,G
__import__.product_5665888,G
__import__.product_5665814,G
__import__.product_5665841,G
__import__.product_5665842,G
__import__.product_5624083,G
__import__.product_5624086,G
__import__.product_3734134,G
__import__.product_3782869,G
__import__.product_3782885,A
__import__.product_3782893,A
__import__.product_5450052,G
__import__.product_5600517,E
__import__.product_8113086,A
__import__.product_5230643,E
