id,location_id/id,product_qty,product_id/id,prod_lot_id/id
__import__.stock_inventory_line_AAB027A_3426970,__import__.location_loc_GC04D6,23,__import__.product_3426970,__import__.stock_production_lot_AAB027A_3426970
__import__.stock_inventory_line_AA00316_2747632,__import__.location_loc_GD26D3,45,__import__.product_2747632,__import__.stock_production_lot_AA00316_2747632
__import__.stock_inventory_line_AA1012RB_3129707,__import__.location_loc_GD11C3,22,__import__.product_3129707,__import__.stock_production_lot_AA1012RB_3129707
__import__.stock_inventory_line_AA1112PC_3289451,__import__.location_loc_GD01A2,15,__import__.product_3289451,__import__.stock_production_lot_AA1112PC_3289451
__import__.stock_inventory_line_AA1136RA_3129723,__import__.location_loc_GD11D1,139,__import__.product_3129723,__import__.stock_production_lot_AA1136RA_3129723
__import__.stock_inventory_line_AA1329RB_3129715,__import__.location_loc_GD12A2,203,__import__.product_3129715,__import__.stock_production_lot_AA1329RB_3129715
__import__.stock_inventory_line_AA1435PC_3129665,__import__.location_loc_GGF101,10,__import__.product_3129665,__import__.stock_production_lot_AA1435PC_3129665
__import__.stock_inventory_line_AA1597PA_3289469,__import__.location_loc_GD06A2,8,__import__.product_3289469,__import__.stock_production_lot_AA1597PA_3289469
__import__.stock_inventory_line_AA1731PC_3289444,__import__.location_loc_GBG409,74,__import__.product_3289444,__import__.stock_production_lot_AA1731PC_3289444
__import__.stock_inventory_line_AA1896PA_3129681,__import__.location_loc_GE04C2,52,__import__.product_3129681,__import__.stock_production_lot_AA1896PA_3129681
__import__.stock_inventory_line_AA1914PC_3289485,__import__.location_loc_GE32B1,59,__import__.product_3289485,__import__.stock_production_lot_AA1914PC_3289485
__import__.stock_inventory_line_AA1941PB_3129699,__import__.location_loc_GD11A1,59,__import__.product_3129699,__import__.stock_production_lot_AA1941PB_3129699
__import__.stock_inventory_line_AA2121PF_3129673,__import__.location_loc_GGE207,19,__import__.product_3129673,__import__.stock_production_lot_AA2121PF_3129673
__import__.stock_inventory_line_AA2127PB_3289477,__import__.location_loc_GBV402,5,__import__.product_3289477,__import__.stock_production_lot_AA2127PB_3289477
__import__.stock_inventory_line_AA2133PC_3129657,__import__.location_loc_GD23D2,42,__import__.product_3129657,__import__.stock_production_lot_AA2133PC_3129657
__import__.stock_inventory_line_AB0320_1013192,__import__.location_loc_GK04A4,75,__import__.product_1013192,__import__.stock_production_lot_AB0320_1013192
__import__.stock_inventory_line_AB04416_1317825,__import__.location_loc_GGB306,314,__import__.product_1317825,__import__.stock_production_lot_AB04416_1317825
__import__.stock_inventory_line_AC_5120572,__import__.location_loc_GE03F5,101,__import__.product_5120572,__import__.stock_production_lot_AC_5120572
__import__.stock_inventory_line_ACP0111BC_1021906,__import__.location_loc_GBK113,15,__import__.product_1021906,__import__.stock_production_lot_ACP0111BC_1021906
__import__.stock_inventory_line_ACP0112AB_1021914,__import__.location_loc_GC07D2,4,__import__.product_1021914,__import__.stock_production_lot_ACP0112AB_1021914
__import__.stock_inventory_line_ACP0112FB_1021914,__import__.location_loc_GC07D2,100,__import__.product_1021914,__import__.stock_production_lot_ACP0112FB_1021914
__import__.stock_inventory_line_ACR0121DA_1021906,__import__.location_loc_GBK113,100,__import__.product_1021906,__import__.stock_production_lot_ACR0121DA_1021906
__import__.stock_inventory_line_AC03716_2321602,__import__.location_loc_GBX105,420,__import__.product_2321602,__import__.stock_production_lot_AC03716_2321602
__import__.stock_inventory_line_AC04316_0677401,__import__.location_loc_GK02B3,97,__import__.product_0677401,__import__.stock_production_lot_AC04316_0677401
__import__.stock_inventory_line_ADF007C_2099927,__import__.location_loc_GBP319,6,__import__.product_2099927,__import__.stock_production_lot_ADF007C_2099927
__import__.stock_inventory_line_AD05116_2171874,__import__.location_loc_GBO402,1,__import__.product_2171874,__import__.stock_production_lot_AD05116_2171874
__import__.stock_inventory_line_AE_1662873,__import__.location_loc_GBC504,158,__import__.product_1662873,__import__.stock_production_lot_AE_1662873
__import__.stock_inventory_line_AF03816_2321602,__import__.location_loc_GBX105,289,__import__.product_2321602,__import__.stock_production_lot_AF03816_2321602
__import__.stock_inventory_line_AF8471E_3317047,__import__.location_loc_GGL208,129,__import__.product_3317047,__import__.stock_production_lot_AF8471E_3317047
__import__.stock_inventory_line_AF8472E_3317021,__import__.location_loc_GGB308,220,__import__.product_3317021,__import__.stock_production_lot_AF8472E_3317021
__import__.stock_inventory_line_AF8883D_3317039,__import__.location_loc_GBP105,2335,__import__.product_3317039,__import__.stock_production_lot_AF8883D_3317039
__import__.stock_inventory_line_AG609009_5700035,__import__.location_loc_GGS406,5,__import__.product_5700035,__import__.stock_production_lot_AG609009_5700035
__import__.stock_inventory_line_AG7249C_3317039,__import__.location_loc_GBP105,738,__import__.product_3317039,__import__.stock_production_lot_AG7249C_3317039
__import__.stock_inventory_line_AG8097A_3315785,__import__.location_loc_GK15F2,96,__import__.product_3315785,__import__.stock_production_lot_AG8097A_3315785
__import__.stock_inventory_line_AG8267D_3315777,__import__.location_loc_GF29B6,140,__import__.product_3315777,__import__.stock_production_lot_AG8267D_3315777
__import__.stock_inventory_line_AG8269E_3315793,__import__.location_loc_GK17E3,117,__import__.product_3315793,__import__.stock_production_lot_AG8269E_3315793
__import__.stock_inventory_line_AG9416A_3315751,__import__.location_loc_GGI106,97,__import__.product_3315751,__import__.stock_production_lot_AG9416A_3315751
__import__.stock_inventory_line_AG9423A_3315769,__import__.location_loc_GBB202,28,__import__.product_3315769,__import__.stock_production_lot_AG9423A_3315769
__import__.stock_inventory_line_AH0001_5267017,__import__.location_loc_GBT307,21,__import__.product_5267017,__import__.stock_production_lot_AH0001_5267017
__import__.stock_inventory_line_AH01A0JB_1272574,__import__.location_loc_GF18E5,2,__import__.product_1272574,__import__.stock_production_lot_AH01A0JB_1272574
__import__.stock_inventory_line_ALS032AR_3427002,__import__.location_loc_GC20A6,10,__import__.product_3427002,__import__.stock_production_lot_ALS032AR_3427002
__import__.stock_inventory_line_ALS0409EN_2583987,__import__.location_loc_GBA513,10,__import__.product_2583987,__import__.stock_production_lot_ALS0409EN_2583987
__import__.stock_inventory_line_ALVF77_8349216,__import__.location_loc_QFA230,4,__import__.product_8349216,__import__.stock_production_lot_ALVF77_8349216
__import__.stock_inventory_line_AL574173CL_2583979,__import__.location_loc_GD12B4,127,__import__.product_2583979,__import__.stock_production_lot_AL574173CL_2583979
__import__.stock_inventory_line_AL600347E_1406412,__import__.location_loc_GBD101,28,__import__.product_1406412,__import__.stock_production_lot_AL600347E_1406412
__import__.stock_inventory_line_AL603047P_2930089,__import__.location_loc_GD03C3,16,__import__.product_2930089,__import__.stock_production_lot_AL603047P_2930089
__import__.stock_inventory_line_AL603049H_2929974,__import__.location_loc_GC32A1,22,__import__.product_2929974,__import__.stock_production_lot_AL603049H_2929974
__import__.stock_inventory_line_AL636955K_1406438,__import__.location_loc_GBD201,19,__import__.product_1406438,__import__.stock_production_lot_AL636955K_1406438
__import__.stock_inventory_line_AL637005D_1406438,__import__.location_loc_GBD201,94,__import__.product_1406438,__import__.stock_production_lot_AL637005D_1406438
__import__.stock_inventory_line_AL637013C_1406420,__import__.location_loc_GBD405,70,__import__.product_1406420,__import__.stock_production_lot_AL637013C_1406420
__import__.stock_inventory_line_AL654662JD_2871572,__import__.location_loc_GGP405,9,__import__.product_2871572,__import__.stock_production_lot_AL654662JD_2871572
__import__.stock_inventory_line_AL707545FC_2871564,__import__.location_loc_GF13E6,21,__import__.product_2871564,__import__.stock_production_lot_AL707545FC_2871564
__import__.stock_inventory_line_AL718872AC_2680551,__import__.location_loc_GBM511,28,__import__.product_2680551,__import__.stock_production_lot_AL718872AC_2680551
__import__.stock_inventory_line_AL735601AD_2871572,__import__.location_loc_GGP405,67,__import__.product_2871572,__import__.stock_production_lot_AL735601AD_2871572
__import__.stock_inventory_line_AL735601AF_2680544,__import__.location_loc_GD01A3,19,__import__.product_2680544,__import__.stock_production_lot_AL735601AF_2680544
__import__.stock_inventory_line_AN05215_2223535,__import__.location_loc_GK03B1,128,__import__.product_2223535,__import__.stock_production_lot_AN05215_2223535
__import__.stock_inventory_line_AN20017_5262884,__import__.location_loc_QFE350,1,__import__.product_5262884,__import__.stock_production_lot_AN20017_5262884
__import__.stock_inventory_line_AN20017_8262886,__import__.location_loc_QEB320,1,__import__.product_8262886,__import__.stock_production_lot_AN20017_8262886
__import__.stock_inventory_line_AN319A_5039010,__import__.location_loc_GC13G4,4,__import__.product_5039010,__import__.stock_production_lot_AN319A_5039010
__import__.stock_inventory_line_AN588_7445484,__import__.location_loc_QDF310,1,__import__.product_7445484,__import__.stock_production_lot_AN588_7445484
__import__.stock_inventory_line_AR252A_5039008,__import__.location_loc_GD22G3,3,__import__.product_5039008,__import__.stock_production_lot_AR252A_5039008
__import__.stock_inventory_line_ASP064AAC_1021898,__import__.location_loc_GBG303,27,__import__.product_1021898,__import__.stock_production_lot_ASP064AAC_1021898
__import__.stock_inventory_line_ATP186BL_7420028,__import__.location_loc_GF10A4,6,__import__.product_7420028,__import__.stock_production_lot_ATP186BL_7420028
__import__.stock_inventory_line_AUL003A_3426996,__import__.location_loc_GD05A4,19,__import__.product_3426996,__import__.stock_production_lot_AUL003A_3426996
__import__.stock_inventory_line_AUL003A_3426988,__import__.location_loc_GD03A5,22,__import__.product_3426988,__import__.stock_production_lot_AUL003A_3426988
__import__.stock_inventory_line_A013A19_7110010,__import__.location_loc_GBE302,26,__import__.product_7110010,__import__.stock_production_lot_A013A19_7110010
__import__.stock_inventory_line_A014B02_2372803,__import__.location_loc_GC31C3,16,__import__.product_2372803,__import__.stock_production_lot_A014B02_2372803
__import__.stock_inventory_line_A020B01_2884922,__import__.location_loc_QBB320,137,__import__.product_2884922,__import__.stock_production_lot_A020B01_2884922
__import__.stock_inventory_line_A021B01_2372753,__import__.location_loc_GGR302,16,__import__.product_2372753,__import__.stock_production_lot_A021B01_2372753
__import__.stock_inventory_line_A024B01_2595759,__import__.location_loc_GK04B4,10,__import__.product_2595759,__import__.stock_production_lot_A024B01_2595759
__import__.stock_inventory_line_A026B20_2372829,__import__.location_loc_GBY201,71,__import__.product_2372829,__import__.stock_production_lot_A026B20_2372829
__import__.stock_inventory_line_A026B22_2372837,__import__.location_loc_GBR102,42,__import__.product_2372837,__import__.stock_production_lot_A026B22_2372837
__import__.stock_inventory_line_A031A03_2352292,__import__.location_loc_QBD320,279,__import__.product_2352292,__import__.stock_production_lot_A031A03_2352292
__import__.stock_inventory_line_A032A09_2503845,__import__.location_loc_QDD120,11,__import__.product_2503845,__import__.stock_production_lot_A032A09_2503845
__import__.stock_inventory_line_A032B01_2352292,__import__.location_loc_QBD320,46,__import__.product_2352292,__import__.stock_production_lot_A032B01_2352292
__import__.stock_inventory_line_A034A01_1086891,__import__.location_loc_GGL505,9,__import__.product_1086891,__import__.stock_production_lot_A034A01_1086891
__import__.stock_inventory_line_A037A01_2310399,__import__.location_loc_QDF130,8,__import__.product_2310399,__import__.stock_production_lot_A037A01_2310399
__import__.stock_inventory_line_A043A01_0481739,__import__.location_loc_QDA210,13,__import__.product_0481739,__import__.stock_production_lot_A043A01_0481739
__import__.stock_inventory_line_A043A02_4200190,__import__.location_loc_GC31E2,14,__import__.product_4200190,__import__.stock_production_lot_A043A02_4200190
__import__.stock_inventory_line_A048AB01_7110035,__import__.location_loc_QAB310,876,__import__.product_7110035,__import__.stock_production_lot_A048AB01_7110035
__import__.stock_inventory_line_A048AD01_7110040,__import__.location_loc_QBB210,326,__import__.product_7110040,__import__.stock_production_lot_A048AD01_7110040
__import__.stock_inventory_line_A048AD02_7110040,__import__.location_loc_QBB210,1350,__import__.product_7110040,__import__.stock_production_lot_A048AD02_7110040
__import__.stock_inventory_line_A048AD03_7110040,__import__.location_loc_QBB210,334,__import__.product_7110040,__import__.stock_production_lot_A048AD03_7110040
__import__.stock_inventory_line_A048B01_5110009,__import__.location_loc_QEA210,39,__import__.product_5110009,__import__.stock_production_lot_A048B01_5110009
__import__.stock_inventory_line_A048B02_5110009,__import__.location_loc_QEA210,50,__import__.product_5110009,__import__.stock_production_lot_A048B02_5110009
__import__.stock_inventory_line_A048CA01_7110036,__import__.location_loc_QAC420,71,__import__.product_7110036,__import__.stock_production_lot_A048CA01_7110036
__import__.stock_inventory_line_A049B01_2372779,__import__.location_loc_GBX301,119,__import__.product_2372779,__import__.stock_production_lot_A049B01_2372779
__import__.stock_inventory_line_A050A07_6741217,__import__.location_loc_GF14D2,2,__import__.product_6741217,__import__.stock_production_lot_A050A07_6741217
__import__.stock_inventory_line_A050A09_6741223,__import__.location_loc_GD02F2,9,__import__.product_6741223,__import__.stock_production_lot_A050A09_6741223
__import__.stock_inventory_line_A051A01_2372787,__import__.location_loc_GF11C4,31,__import__.product_2372787,__import__.stock_production_lot_A051A01_2372787
__import__.stock_inventory_line_A05528_7116438,__import__.location_loc_GGM202,50,__import__.product_7116438,__import__.stock_production_lot_A05528_7116438
__import__.stock_inventory_line_A07318_7116438,__import__.location_loc_GGM202,6,__import__.product_7116438,__import__.stock_production_lot_A07318_7116438
__import__.stock_inventory_line_A074A01_2976991,__import__.location_loc_QLA120,928,__import__.product_2976991,__import__.stock_production_lot_A074A01_2976991
__import__.stock_inventory_line_A075A01_2976991,__import__.location_loc_QLA120,1200,__import__.product_2976991,__import__.stock_production_lot_A075A01_2976991
__import__.stock_inventory_line_A099A02_1128966,__import__.location_loc_QDA420,15,__import__.product_1128966,__import__.stock_production_lot_A099A02_1128966
__import__.stock_inventory_line_A100A01_1128966,__import__.location_loc_QDA420,100,__import__.product_1128966,__import__.stock_production_lot_A100A01_1128966
__import__.stock_inventory_line_A103B01_2092658,__import__.location_loc_QDE230,3,__import__.product_2092658,__import__.stock_production_lot_A103B01_2092658
__import__.stock_inventory_line_A107A02_1401389,__import__.location_loc_QAE420,479,__import__.product_1401389,__import__.stock_production_lot_A107A02_1401389
__import__.stock_inventory_line_A108A01_6830005,__import__.location_loc_GBK107,537,__import__.product_6830005,__import__.stock_production_lot_A108A01_6830005
__import__.stock_inventory_line_A111A01_1401389,__import__.location_loc_QAE420,234,__import__.product_1401389,__import__.stock_production_lot_A111A01_1401389
__import__.stock_inventory_line_A117B01_5110008,__import__.location_loc_QEA320,4,__import__.product_5110008,__import__.stock_production_lot_A117B01_5110008
__import__.stock_inventory_line_A123A01_5110014,__import__.location_loc_GBH502,45,__import__.product_5110014,__import__.stock_production_lot_A123A01_5110014
__import__.stock_inventory_line_A12621_8270136,__import__.location_loc_GD28A4,15,__import__.product_8270136,__import__.stock_production_lot_A12621_8270136
__import__.stock_inventory_line_A135A01_0112573,__import__.location_loc_GBK403,240,__import__.product_0112573,__import__.stock_production_lot_A135A01_0112573
__import__.stock_inventory_line_A136A01_2446045,__import__.location_loc_GF13E4,41,__import__.product_2446045,__import__.stock_production_lot_A136A01_2446045
__import__.stock_inventory_line_A136B02_7110007,__import__.location_loc_QCC310,2,__import__.product_7110007,__import__.stock_production_lot_A136B02_7110007
__import__.stock_inventory_line_A137A01_2446052,__import__.location_loc_GC13F6,5,__import__.product_2446052,__import__.stock_production_lot_A137A01_2446052
__import__.stock_inventory_line_A139A01_1730928,__import__.location_loc_QBC410,39,__import__.product_1730928,__import__.stock_production_lot_A139A01_1730928
__import__.stock_inventory_line_A139B01_1552132,__import__.location_loc_QAF420,45,__import__.product_1552132,__import__.stock_production_lot_A139B01_1552132
__import__.stock_inventory_line_A140A02_6771431,__import__.location_loc_GD02G3,23,__import__.product_6771431,__import__.stock_production_lot_A140A02_6771431
__import__.stock_inventory_line_A141A01_1128974,__import__.location_loc_QAF220,333,__import__.product_1128974,__import__.stock_production_lot_A141A01_1128974
__import__.stock_inventory_line_A143A01_3103827,__import__.location_loc_GBD503,104,__import__.product_3103827,__import__.stock_production_lot_A143A01_3103827
__import__.stock_inventory_line_A143B01_7110007,__import__.location_loc_QCC310,20,__import__.product_7110007,__import__.stock_production_lot_A143B01_7110007
__import__.stock_inventory_line_A145A01_6743877,__import__.location_loc_GD03C1,3,__import__.product_6743877,__import__.stock_production_lot_A145A01_6743877
__import__.stock_inventory_line_A147_2568780,__import__.location_loc_GGE506,32,__import__.product_2568780,__import__.stock_production_lot_A147_2568780
__import__.stock_inventory_line_A147_2568798,__import__.location_loc_GL08A1,30,__import__.product_2568798,__import__.stock_production_lot_A147_2568798
__import__.stock_inventory_line_A148C01_4200130,__import__.location_loc_GBK311,58,__import__.product_4200130,__import__.stock_production_lot_A148C01_4200130
__import__.stock_inventory_line_A1540_5228443,__import__.location_loc_GF26F1,19,__import__.product_5228443,__import__.stock_production_lot_A1540_5228443
__import__.stock_inventory_line_A1604A_6943464,__import__.location_loc_GD24F1,12,__import__.product_6943464,__import__.stock_production_lot_A1604A_6943464
__import__.stock_inventory_line_A1606AB_9512026,__import__.location_loc_GGR205,5,__import__.product_9512026,__import__.stock_production_lot_A1606AB_9512026
__import__.stock_inventory_line_A1606C_9512029,__import__.location_loc_GD22E1,5,__import__.product_9512029,__import__.stock_production_lot_A1606C_9512029
__import__.stock_inventory_line_A171016_8127177,__import__.location_loc_GBD411,45,__import__.product_8127177,__import__.stock_production_lot_A171016_8127177
__import__.stock_inventory_line_A180A01_2356731,__import__.location_loc_GBU302,12,__import__.product_2356731,__import__.stock_production_lot_A180A01_2356731
__import__.stock_inventory_line_A184A03_2837581,__import__.location_loc_GE30A3,45,__import__.product_2837581,__import__.stock_production_lot_A184A03_2837581
__import__.stock_inventory_line_A184A04_2837581,__import__.location_loc_GE30A3,20,__import__.product_2837581,__import__.stock_production_lot_A184A04_2837581
__import__.stock_inventory_line_A188A01_0061887,__import__.location_loc_GK03A2,262,__import__.product_0061887,__import__.stock_production_lot_A188A01_0061887
__import__.stock_inventory_line_A188A01_6820750,__import__.location_loc_GF12C6,23,__import__.product_6820750,__import__.stock_production_lot_A188A01_6820750
__import__.stock_inventory_line_A202A01_6783279,__import__.location_loc_GD02F6,4,__import__.product_6783279,__import__.stock_production_lot_A202A01_6783279
__import__.stock_inventory_line_A209A01_7110003,__import__.location_loc_GBU204,133,__import__.product_7110003,__import__.stock_production_lot_A209A01_7110003
__import__.stock_inventory_line_A218B_3367612,__import__.location_loc_GK04B6,2,__import__.product_3367612,__import__.stock_production_lot_A218B_3367612
__import__.stock_inventory_line_A218B01_7110014,__import__.location_loc_QMA130,131,__import__.product_7110014,__import__.stock_production_lot_A218B01_7110014
__import__.stock_inventory_line_A218C_3168150,__import__.location_loc_GK02A6,38,__import__.product_3168150,__import__.stock_production_lot_A218C_3168150
__import__.stock_inventory_line_A220A01_0877373,__import__.location_loc_GBK301,251,__import__.product_0877373,__import__.stock_production_lot_A220A01_0877373
__import__.stock_inventory_line_A226A01_5110004,__import__.location_loc_QCE220,9,__import__.product_5110004,__import__.stock_production_lot_A226A01_5110004
__import__.stock_inventory_line_A227A01_2446011,__import__.location_loc_QFE450,6,__import__.product_2446011,__import__.stock_production_lot_A227A01_2446011
__import__.stock_inventory_line_A230A01_2446011,__import__.location_loc_QFE450,4,__import__.product_2446011,__import__.stock_production_lot_A230A01_2446011
__import__.stock_inventory_line_A232A02_0085456,__import__.location_loc_GBK401,209,__import__.product_0085456,__import__.stock_production_lot_A232A02_0085456
__import__.stock_inventory_line_A250A02_0660945,__import__.location_loc_GD14C5,22,__import__.product_0660945,__import__.stock_production_lot_A250A02_0660945
__import__.stock_inventory_line_A255A02_0660945,__import__.location_loc_GD14C5,226,__import__.product_0660945,__import__.stock_production_lot_A255A02_0660945
__import__.stock_inventory_line_A266A01_0660945,__import__.location_loc_GD14C5,74,__import__.product_0660945,__import__.stock_production_lot_A266A01_0660945
__import__.stock_inventory_line_A3H1094X_5330693,__import__.location_loc_EXA400,14,__import__.product_5330693,__import__.stock_production_lot_A3H1094X_5330693
__import__.stock_inventory_line_A3L0802X_0675551,__import__.location_loc_EXA200,22,__import__.product_0675551,__import__.stock_production_lot_A3L0802X_0675551
__import__.stock_inventory_line_A307A01_0660944,__import__.location_loc_GBK105,278,__import__.product_0660944,__import__.stock_production_lot_A307A01_0660944
__import__.stock_inventory_line_A308A01_2384949,__import__.location_loc_QAE210,484,__import__.product_2384949,__import__.stock_production_lot_A308A01_2384949
__import__.stock_inventory_line_A315A01_3294535,__import__.location_loc_GI01A2,16,__import__.product_3294535,__import__.stock_production_lot_A315A01_3294535
__import__.stock_inventory_line_A33004L_2963791,__import__.location_loc_GF18C2,8,__import__.product_2963791,__import__.stock_production_lot_A33004L_2963791
__import__.stock_inventory_line_A357E01_2441350,__import__.location_loc_QBC220,131,__import__.product_2441350,__import__.stock_production_lot_A357E01_2441350
__import__.stock_inventory_line_A36645_6745008,__import__.location_loc_GF23D5,1,__import__.product_6745008,__import__.stock_production_lot_A36645_6745008
__import__.stock_inventory_line_A396A03_2658607,__import__.location_loc_GF31A1,21,__import__.product_2658607,__import__.stock_production_lot_A396A03_2658607
__import__.stock_inventory_line_A408A01_1129006,__import__.location_loc_QDD310,1,__import__.product_1129006,__import__.stock_production_lot_A408A01_1129006
__import__.stock_inventory_line_A424A01_6725767,__import__.location_loc_GBG307,2,__import__.product_6725767,__import__.stock_production_lot_A424A01_6725767
__import__.stock_inventory_line_A428A01_1451843,__import__.location_loc_QNA210,504,__import__.product_1451843,__import__.stock_production_lot_A428A01_1451843
__import__.stock_inventory_line_A433A01_3157617,__import__.location_loc_QBF210,157,__import__.product_3157617,__import__.stock_production_lot_A433A01_3157617
__import__.stock_inventory_line_A433A01_2907327,__import__.location_loc_QAC210,27,__import__.product_2907327,__import__.stock_production_lot_A433A01_2907327
__import__.stock_inventory_line_A461A01_7110038,__import__.location_loc_GL13B1,12,__import__.product_7110038,__import__.stock_production_lot_A461A01_7110038
__import__.stock_inventory_line_A472D01_1064484,__import__.location_loc_QAD210,167,__import__.product_1064484,__import__.stock_production_lot_A472D01_1064484
__import__.stock_inventory_line_A480D01_1064484,__import__.location_loc_QAD210,1023,__import__.product_1064484,__import__.stock_production_lot_A480D01_1064484
__import__.stock_inventory_line_A485D01_1064484,__import__.location_loc_QAD210,940,__import__.product_1064484,__import__.stock_production_lot_A485D01_1064484
__import__.stock_inventory_line_A49526_6764974,__import__.location_loc_GF13D2,9,__import__.product_6764974,__import__.stock_production_lot_A49526_6764974
__import__.stock_inventory_line_A500A01_7110038,__import__.location_loc_GL13B1,5,__import__.product_7110038,__import__.stock_production_lot_A500A01_7110038
__import__.stock_inventory_line_A5070179_5031200,__import__.location_loc_EXJ600,2,__import__.product_5031200,__import__.stock_production_lot_A5070179_5031200
__import__.stock_inventory_line_A579A01_5110019,__import__.location_loc_GK14A6,23,__import__.product_5110019,__import__.stock_production_lot_A579A01_5110019
__import__.stock_inventory_line_A6F0390X_8064206,__import__.location_loc_EXA400,10,__import__.product_8064206,__import__.stock_production_lot_A6F0390X_8064206
__import__.stock_inventory_line_A6J1042X_8062360,__import__.location_loc_EXA500,2,__import__.product_8062360,__import__.stock_production_lot_A6J1042X_8062360
__import__.stock_inventory_line_A6K0798X_8062377,__import__.location_loc_EXA300,50,__import__.product_8062377,__import__.stock_production_lot_A6K0798X_8062377
__import__.stock_inventory_line_A6L0732FX_8062348,__import__.location_loc_EXA100,84,__import__.product_8062348,__import__.stock_production_lot_A6L0732FX_8062348
__import__.stock_inventory_line_A6M0723X_8062360,__import__.location_loc_EXA500,36,__import__.product_8062360,__import__.stock_production_lot_A6M0723X_8062360
__import__.stock_inventory_line_A601_2933786,__import__.location_loc_GBX307,1342,__import__.product_2933786,__import__.stock_production_lot_A601_2933786
__import__.stock_inventory_line_A601_2933794,__import__.location_loc_GBD111,1193,__import__.product_2933794,__import__.stock_production_lot_A601_2933794
__import__.stock_inventory_line_A602_2933786,__import__.location_loc_GBX307,692,__import__.product_2933786,__import__.stock_production_lot_A602_2933786
__import__.stock_inventory_line_A60433_1515253,__import__.location_loc_GGE101,11,__import__.product_1515253,__import__.stock_production_lot_A60433_1515253
__import__.stock_inventory_line_A6070166_5031200,__import__.location_loc_EXJ600,9,__import__.product_5031200,__import__.stock_production_lot_A6070166_5031200
__import__.stock_inventory_line_A63220_1540855,__import__.location_loc_GGE305,308,__import__.product_1540855,__import__.stock_production_lot_A63220_1540855
__import__.stock_inventory_line_A63387_2909091,__import__.location_loc_GBK115,9,__import__.product_2909091,__import__.stock_production_lot_A63387_2909091
__import__.stock_inventory_line_A645A01_5110018,__import__.location_loc_GGL501,78,__import__.product_5110018,__import__.stock_production_lot_A645A01_5110018
__import__.stock_inventory_line_A64807_2769369,__import__.location_loc_GD18A1,29,__import__.product_2769369,__import__.stock_production_lot_A64807_2769369
__import__.stock_inventory_line_A66413_1688803,__import__.location_loc_GK11A5,38,__import__.product_1688803,__import__.stock_production_lot_A66413_1688803
__import__.stock_inventory_line_A691A02_6350317,__import__.location_loc_GBK509,69,__import__.product_6350317,__import__.stock_production_lot_A691A02_6350317
__import__.stock_inventory_line_A69680_1688811,__import__.location_loc_GK01A2,13,__import__.product_1688811,__import__.stock_production_lot_A69680_1688811
__import__.stock_inventory_line_A7D0017X_8064206,__import__.location_loc_EXA400,36,__import__.product_8064206,__import__.stock_production_lot_A7D0017X_8064206
__import__.stock_inventory_line_A7F0672FX_5330693,__import__.location_loc_EXA400,72,__import__.product_5330693,__import__.stock_production_lot_A7F0672FX_5330693
__import__.stock_inventory_line_A701B01_6350318,__import__.location_loc_GK02A5,242,__import__.product_6350318,__import__.stock_production_lot_A701B01_6350318
__import__.stock_inventory_line_A73745_2520856,__import__.location_loc_GGF304,29,__import__.product_2520856,__import__.stock_production_lot_A73745_2520856
__import__.stock_inventory_line_A758A01_1270123,__import__.location_loc_GI03A2,29,__import__.product_1270123,__import__.stock_production_lot_A758A01_1270123
__import__.stock_inventory_line_A79414_2520856,__import__.location_loc_GGF304,10,__import__.product_2520856,__import__.stock_production_lot_A79414_2520856
__import__.stock_inventory_line_B_8197060,__import__.location_loc_GH11E5,2,__import__.product_8197060,__import__.stock_production_lot_B_8197060
__import__.stock_inventory_line_BB16215_0250563,__import__.location_loc_GBG111,1,__import__.product_0250563,__import__.stock_production_lot_BB16215_0250563
__import__.stock_inventory_line_BC23016_1399476,__import__.location_loc_GBK109,7,__import__.product_1399476,__import__.stock_production_lot_BC23016_1399476
__import__.stock_inventory_line_BEN00517058_0306158,__import__.location_loc_GK02A1,140,__import__.product_0306158,__import__.stock_production_lot_BEN00517058_0306158
__import__.stock_inventory_line_BGR170AA_6911978,__import__.location_loc_GD04C5,27,__import__.product_6911978,__import__.stock_production_lot_BGR170AA_6911978
__import__.stock_inventory_line_BGR170BA_6711297,__import__.location_loc_GD01B1,67,__import__.product_6711297,__import__.stock_production_lot_BGR170BA_6711297
__import__.stock_inventory_line_BG28316_0250563,__import__.location_loc_GBG111,6,__import__.product_0250563,__import__.stock_production_lot_BG28316_0250563
__import__.stock_inventory_line_BMA010B_2099927,__import__.location_loc_GBP319,32,__import__.product_2099927,__import__.stock_production_lot_BMA010B_2099927
__import__.stock_inventory_line_BMA020A_2099919,__import__.location_loc_GBA405,11,__import__.product_2099919,__import__.stock_production_lot_BMA020A_2099919
__import__.stock_inventory_line_BN100008_2664480,__import__.location_loc_GGL406,73,__import__.product_2664480,__import__.stock_production_lot_BN100008_2664480
__import__.stock_inventory_line_BN6E1T_2445161,__import__.location_loc_GBV303,64,__import__.product_2445161,__import__.stock_production_lot_BN6E1T_2445161
__import__.stock_inventory_line_BP1284_8381473,__import__.location_loc_EXI400,18,__import__.product_8381473,__import__.stock_production_lot_BP1284_8381473
__import__.stock_inventory_line_BP1285_5273691,__import__.location_loc_EXI400,3,__import__.product_5273691,__import__.stock_production_lot_BP1285_5273691
__import__.stock_inventory_line_BP1288_8030851,__import__.location_loc_EXI400,13,__import__.product_8030851,__import__.stock_production_lot_BP1288_8030851
__import__.stock_inventory_line_BQ26614_0045518,__import__.location_loc_GBH202,20,__import__.product_0045518,__import__.stock_production_lot_BQ26614_0045518
__import__.stock_inventory_line_BR25215_0250555,__import__.location_loc_GBL303,14,__import__.product_0250555,__import__.stock_production_lot_BR25215_0250555
__import__.stock_inventory_line_BVB70103_5319300,__import__.location_loc_GE03F2,1,__import__.product_5319300,__import__.stock_production_lot_BVB70103_5319300
__import__.stock_inventory_line_BVB70103_5319300,__import__.location_loc_GE03F2,1,__import__.product_5319300,__import__.stock_production_lot_BVB70103_5319300
__import__.stock_inventory_line_BY_2663573,__import__.location_loc_GE13B3,9,__import__.product_2663573,__import__.stock_production_lot_BY_2663573
__import__.stock_inventory_line_B023210_1691716,__import__.location_loc_GBM203,8,__import__.product_1691716,__import__.stock_production_lot_B023210_1691716
__import__.stock_inventory_line_B071311_0296459,__import__.location_loc_GF10F1,51,__import__.product_0296459,__import__.stock_production_lot_B071311_0296459
__import__.stock_inventory_line_B071408_0296467,__import__.location_loc_GF12E2,2,__import__.product_0296467,__import__.stock_production_lot_B071408_0296467
__import__.stock_inventory_line_B071505_0296442,__import__.location_loc_GGH204,130,__import__.product_0296442,__import__.stock_production_lot_B071505_0296442
__import__.stock_inventory_line_B098405_2093391,__import__.location_loc_GGL108,58,__import__.product_2093391,__import__.stock_production_lot_B098405_2093391
__import__.stock_inventory_line_B109404_2379824,__import__.location_loc_GC31A6,123,__import__.product_2379824,__import__.stock_production_lot_B109404_2379824
__import__.stock_inventory_line_B11017_8116104,__import__.location_loc_GF14E1,1,__import__.product_8116104,__import__.stock_production_lot_B11017_8116104
__import__.stock_inventory_line_B131507_2379816,__import__.location_loc_GBI305,301,__import__.product_2379816,__import__.stock_production_lot_B131507_2379816
__import__.stock_inventory_line_B136006_0296467,__import__.location_loc_GF12E2,17,__import__.product_0296467,__import__.stock_production_lot_B136006_0296467
__import__.stock_inventory_line_B140706_2379808,__import__.location_loc_GBV101,45,__import__.product_2379808,__import__.stock_production_lot_B140706_2379808
__import__.stock_inventory_line_B146307_2379782,__import__.location_loc_GBF504,53,__import__.product_2379782,__import__.stock_production_lot_B146307_2379782
__import__.stock_inventory_line_B150712_2612018,__import__.location_loc_GH09B2,8,__import__.product_2612018,__import__.stock_production_lot_B150712_2612018
__import__.stock_inventory_line_B16M314_8241909,__import__.location_loc_EOH105,2,__import__.product_8241909,__import__.stock_production_lot_B16M314_8241909
__import__.stock_inventory_line_B160161_5450035,__import__.location_loc_GD10C1,2,__import__.product_5450035,__import__.stock_production_lot_B160161_5450035
__import__.stock_inventory_line_B160161A_5450035,__import__.location_loc_GD10C1,5,__import__.product_5450035,__import__.stock_production_lot_B160161A_5450035
__import__.stock_inventory_line_B160817B_5450043,__import__.location_loc_GC20D1,25,__import__.product_5450043,__import__.stock_production_lot_B160817B_5450043
__import__.stock_inventory_line_B160833A_5450045,__import__.location_loc_GBI204,5,__import__.product_5450045,__import__.stock_production_lot_B160833A_5450045
__import__.stock_inventory_line_B160857A_5450044,__import__.location_loc_GE24D5,7,__import__.product_5450044,__import__.stock_production_lot_B160857A_5450044
__import__.stock_inventory_line_B160859A_5450042,__import__.location_loc_GD11D2,21,__import__.product_5450042,__import__.stock_production_lot_B160859A_5450042
__import__.stock_inventory_line_B160882A_5450037,__import__.location_loc_GD32E4,1,__import__.product_5450037,__import__.stock_production_lot_B160882A_5450037
__import__.stock_inventory_line_B160904_5450025,__import__.location_loc_GE05G5,9,__import__.product_5450025,__import__.stock_production_lot_B160904_5450025
__import__.stock_inventory_line_B160937A_5450035,__import__.location_loc_GD10C1,6,__import__.product_5450035,__import__.stock_production_lot_B160937A_5450035
__import__.stock_inventory_line_B160939_5450034,__import__.location_loc_GF18A4,12,__import__.product_5450034,__import__.stock_production_lot_B160939_5450034
__import__.stock_inventory_line_B160997A_5450040,__import__.location_loc_GD28E4,52,__import__.product_5450040,__import__.stock_production_lot_B160997A_5450040
__import__.stock_inventory_line_B163706_2612018,__import__.location_loc_GH09B2,60,__import__.product_2612018,__import__.stock_production_lot_B163706_2612018
__import__.stock_inventory_line_B170006B_5450031,__import__.location_loc_GF20D4,8,__import__.product_5450031,__import__.stock_production_lot_B170006B_5450031
__import__.stock_inventory_line_B170100_3384005,__import__.location_loc_QFE220,57,__import__.product_3384005,__import__.stock_production_lot_B170100_3384005
__import__.stock_inventory_line_B170155A_5450030,__import__.location_loc_GF18B5,6,__import__.product_5450030,__import__.stock_production_lot_B170155A_5450030
__import__.stock_inventory_line_B170193A_5450016,__import__.location_loc_GGT501,26,__import__.product_5450016,__import__.stock_production_lot_B170193A_5450016
__import__.stock_inventory_line_B170298A_5450045,__import__.location_loc_GBI204,2,__import__.product_5450045,__import__.stock_production_lot_B170298A_5450045
__import__.stock_inventory_line_B170298A_5450045,__import__.location_loc_GBI204,2,__import__.product_5450045,__import__.stock_production_lot_B170298A_5450045
__import__.stock_inventory_line_B170301A_5450016,__import__.location_loc_GGT501,7,__import__.product_5450016,__import__.stock_production_lot_B170301A_5450016
__import__.stock_inventory_line_B170314A_5450036,__import__.location_loc_GE15G1,5,__import__.product_5450036,__import__.stock_production_lot_B170314A_5450036
__import__.stock_inventory_line_B170363A_5450017,__import__.location_loc_GGT505,4,__import__.product_5450017,__import__.stock_production_lot_B170363A_5450017
__import__.stock_inventory_line_B241A01_1416437,__import__.location_loc_GK01B3,360,__import__.product_1416437,__import__.stock_production_lot_B241A01_1416437
__import__.stock_inventory_line_B250A01_1416437,__import__.location_loc_GK01B3,323,__import__.product_1416437,__import__.stock_production_lot_B250A01_1416437
__import__.stock_inventory_line_B300816_8120761,__import__.location_loc_GBP405,7,__import__.product_8120761,__import__.stock_production_lot_B300816_8120761
__import__.stock_inventory_line_B32087_5270107,__import__.location_loc_GGV201,8,__import__.product_5270107,__import__.stock_production_lot_B32087_5270107
__import__.stock_inventory_line_B32095C_3094752,__import__.location_loc_GBH505,30,__import__.product_3094752,__import__.stock_production_lot_B32095C_3094752
__import__.stock_inventory_line_B4F0908X_6330914,__import__.location_loc_EXA300,29,__import__.product_6330914,__import__.stock_production_lot_B4F0908X_6330914
__import__.stock_inventory_line_B4J0044X_6330822,__import__.location_loc_EXA100,2,__import__.product_6330822,__import__.stock_production_lot_B4J0044X_6330822
__import__.stock_inventory_line_B5J0909WX_8062319,__import__.location_loc_EXA200,22,__import__.product_8062319,__import__.stock_production_lot_B5J0909WX_8062319
__import__.stock_inventory_line_CB_3002847,__import__.location_loc_GGT305,478,__import__.product_3002847,__import__.stock_production_lot_CB_3002847
__import__.stock_inventory_line_CD01617_3224565,__import__.location_loc_GGU301,2,__import__.product_3224565,__import__.stock_production_lot_CD01617_3224565
__import__.stock_inventory_line_CEP012CAE_3113404,__import__.location_loc_GGH107,95,__import__.product_3113404,__import__.stock_production_lot_CEP012CAE_3113404
__import__.stock_inventory_line_CER002AAF_3489606,__import__.location_loc_GF25B6,5,__import__.product_3489606,__import__.stock_production_lot_CER002AAF_3489606
__import__.stock_inventory_line_CER003AAA_3113412,__import__.location_loc_GGB408,2743,__import__.product_3113412,__import__.stock_production_lot_CER003AAA_3113412
__import__.stock_inventory_line_C0716060202_5962645,__import__.location_loc_GBP505,1,__import__.product_5962645,__import__.stock_production_lot_C0716060202_5962645
__import__.stock_inventory_line_C0716101102_5962645,__import__.location_loc_GBP505,775,__import__.product_5962645,__import__.stock_production_lot_C0716101102_5962645
__import__.stock_inventory_line_C0716101102_5416429,__import__.location_loc_GGB501,36,__import__.product_5416429,__import__.stock_production_lot_C0716101102_5416429
__import__.stock_inventory_line_C0716121601_2962645,__import__.location_loc_GBA507,1747,__import__.product_2962645,__import__.stock_production_lot_C0716121601_2962645
__import__.stock_inventory_line_C0717041802_5816429,__import__.location_loc_GI09A2,748,__import__.product_5816429,__import__.stock_production_lot_C0717041802_5816429
__import__.stock_inventory_line_C0717080751_2816429,__import__.location_loc_GGE507,280,__import__.product_2816429,__import__.stock_production_lot_C0717080751_2816429
__import__.stock_inventory_line_C0816030101_5816411,__import__.location_loc_GL10B4,25,__import__.product_5816411,__import__.stock_production_lot_C0816030101_5816411
__import__.stock_inventory_line_C0816071801_5816452,__import__.location_loc_GD07A3,1,__import__.product_5816452,__import__.stock_production_lot_C0816071801_5816452
__import__.stock_inventory_line_C0816101401_5416437,__import__.location_loc_GF25C5,33,__import__.product_5416437,__import__.stock_production_lot_C0816101401_5416437
__import__.stock_inventory_line_C0816121201_2816452,__import__.location_loc_GBT515,694,__import__.product_2816452,__import__.stock_production_lot_C0816121201_2816452
__import__.stock_inventory_line_C0816121401_5816411,__import__.location_loc_GL10B4,1229,__import__.product_5816411,__import__.stock_production_lot_C0816121401_5816411
__import__.stock_inventory_line_C0816121401_2816411,__import__.location_loc_GGL507,327,__import__.product_2816411,__import__.stock_production_lot_C0816121401_2816411
__import__.stock_inventory_line_C0816121401_5416411,__import__.location_loc_GL11A2,32,__import__.product_5416411,__import__.stock_production_lot_C0816121401_5416411
__import__.stock_inventory_line_C0816121901_2816437,__import__.location_loc_GBX515,3649,__import__.product_2816437,__import__.stock_production_lot_C0816121901_2816437
__import__.stock_inventory_line_C0817041801_5816437,__import__.location_loc_GK12B8,2245,__import__.product_5816437,__import__.stock_production_lot_C0817041801_5816437
__import__.stock_inventory_line_C0817042001_5816452,__import__.location_loc_GD07A3,1667,__import__.product_5816452,__import__.stock_production_lot_C0817042001_5816452
__import__.stock_inventory_line_C0916101201_5416445,__import__.location_loc_GK04B3,14,__import__.product_5416445,__import__.stock_production_lot_C0916101201_5416445
__import__.stock_inventory_line_C0916122101_2816445,__import__.location_loc_GBG511,276,__import__.product_2816445,__import__.stock_production_lot_C0916122101_2816445
__import__.stock_inventory_line_C0916122101_5816445,__import__.location_loc_GK12B3,60,__import__.product_5816445,__import__.stock_production_lot_C0916122101_5816445
__import__.stock_inventory_line_C0917022201_2816395,__import__.location_loc_GBK503,188,__import__.product_2816395,__import__.stock_production_lot_C0917022201_2816395
__import__.stock_inventory_line_C0917022201_5416395,__import__.location_loc_GD11B3,5,__import__.product_5416395,__import__.stock_production_lot_C0917022201_5416395
__import__.stock_inventory_line_C0917081451_2816445,__import__.location_loc_GBG511,936,__import__.product_2816445,__import__.stock_production_lot_C0917081451_2816445
__import__.stock_inventory_line_C0917081451_5816445,__import__.location_loc_GK12B3,670,__import__.product_5816445,__import__.stock_production_lot_C0917081451_5816445
__import__.stock_inventory_line_C1016101301_5816403,__import__.location_loc_GK02B6,127,__import__.product_5816403,__import__.stock_production_lot_C1016101301_5816403
__import__.stock_inventory_line_C1016101301_5416403,__import__.location_loc_GD13A2,62,__import__.product_5416403,__import__.stock_production_lot_C1016101301_5416403
__import__.stock_inventory_line_C1017030301_5816403,__import__.location_loc_GK02B6,789,__import__.product_5816403,__import__.stock_production_lot_C1017030301_5816403
__import__.stock_inventory_line_C117052_2961043,__import__.location_loc_GGD202,69,__import__.product_2961043,__import__.stock_production_lot_C117052_2961043
__import__.stock_inventory_line_C117064_2746501,__import__.location_loc_GGB103,29,__import__.product_2746501,__import__.stock_production_lot_C117064_2746501
__import__.stock_inventory_line_C117131_2746485,__import__.location_loc_GGH306,191,__import__.product_2746485,__import__.stock_production_lot_C117131_2746485
__import__.stock_inventory_line_C117135_2746501,__import__.location_loc_GGB103,80,__import__.product_2746501,__import__.stock_production_lot_C117135_2746501
__import__.stock_inventory_line_C1217061301_5816395,__import__.location_loc_GI01B7,464,__import__.product_5816395,__import__.stock_production_lot_C1217061301_5816395
__import__.stock_inventory_line_C17047_8196617,__import__.location_loc_GL07B5,21,__import__.product_8196617,__import__.stock_production_lot_C17047_8196617
__import__.stock_inventory_line_C210181704_3392750,__import__.location_loc_GBK201,175,__import__.product_3392750,__import__.stock_production_lot_C210181704_3392750
__import__.stock_inventory_line_C212351635_3392743,__import__.location_loc_GL13B6,5,__import__.product_3392743,__import__.stock_production_lot_C212351635_3392743
__import__.stock_inventory_line_C217118_2746493,__import__.location_loc_GGL202,162,__import__.product_2746493,__import__.stock_production_lot_C217118_2746493
__import__.stock_inventory_line_C32131M_5044142,__import__.location_loc_GGP205,37,__import__.product_5044142,__import__.stock_production_lot_C32131M_5044142
__import__.stock_inventory_line_C32178B_2744498,__import__.location_loc_GF13D3,186,__import__.product_2744498,__import__.stock_production_lot_C32178B_2744498
__import__.stock_inventory_line_C33090A_2963767,__import__.location_loc_GF22F4,16,__import__.product_2963767,__import__.stock_production_lot_C33090A_2963767
__import__.stock_inventory_line_C33105A_3254570,__import__.location_loc_GBX103,25,__import__.product_3254570,__import__.stock_production_lot_C33105A_3254570
__import__.stock_inventory_line_C33107D_2963783,__import__.location_loc_GF20A6,21,__import__.product_2963783,__import__.stock_production_lot_C33107D_2963783
__import__.stock_inventory_line_C33108A_2967115,__import__.location_loc_GE24D2,171,__import__.product_2967115,__import__.stock_production_lot_C33108A_2967115
__import__.stock_inventory_line_C33108C_2967107,__import__.location_loc_GE24D4,173,__import__.product_2967107,__import__.stock_production_lot_C33108C_2967107
__import__.stock_inventory_line_C33108E_2630929,__import__.location_loc_GH11F7,81,__import__.product_2630929,__import__.stock_production_lot_C33108E_2630929
__import__.stock_inventory_line_C33109A_2959773,__import__.location_loc_GE20D5,14,__import__.product_2959773,__import__.stock_production_lot_C33109A_2959773
__import__.stock_inventory_line_C33110A_2959781,__import__.location_loc_GE08B2,17,__import__.product_2959781,__import__.stock_production_lot_C33110A_2959781
__import__.stock_inventory_line_C33116_3457199,__import__.location_loc_GC20A4,4,__import__.product_3457199,__import__.stock_production_lot_C33116_3457199
__import__.stock_inventory_line_C375A11A_1549500,__import__.location_loc_QAA410,88,__import__.product_1549500,__import__.stock_production_lot_C375A11A_1549500
__import__.stock_inventory_line_C413A6A_2268878,__import__.location_loc_QBE210,76,__import__.product_2268878,__import__.stock_production_lot_C413A6A_2268878
__import__.stock_inventory_line_C519622D_1465830,__import__.location_loc_GL07A3,62,__import__.product_1465830,__import__.stock_production_lot_C519622D_1465830
__import__.stock_inventory_line_C525758_2377323,__import__.location_loc_GAH125,3,__import__.product_2377323,__import__.stock_production_lot_C525758_2377323
__import__.stock_inventory_line_C525758_1398973,__import__.location_loc_GAH210,3,__import__.product_1398973,__import__.stock_production_lot_C525758_1398973
__import__.stock_inventory_line_C530792D_1355890,__import__.location_loc_GBA205,104,__import__.product_1355890,__import__.stock_production_lot_C530792D_1355890
__import__.stock_inventory_line_C530796G_5169900,__import__.location_loc_GD23C5,37,__import__.product_5169900,__import__.stock_production_lot_C530796G_5169900
__import__.stock_inventory_line_C541801C_1204429,__import__.location_loc_QAF310,59,__import__.product_1204429,__import__.stock_production_lot_C541801C_1204429
__import__.stock_inventory_line_C564497G_1398973,__import__.location_loc_GAH210,5,__import__.product_1398973,__import__.stock_production_lot_C564497G_1398973
__import__.stock_inventory_line_C603843P_7505500,__import__.location_loc_GBM309,18,__import__.product_7505500,__import__.stock_production_lot_C603843P_7505500
__import__.stock_inventory_line_C622001_3394269,__import__.location_loc_QAC300,8,__import__.product_3394269,__import__.stock_production_lot_C622001_3394269
__import__.stock_inventory_line_C632095C_1398973,__import__.location_loc_GAH210,107,__import__.product_1398973,__import__.stock_production_lot_C632095C_1398973
__import__.stock_inventory_line_C634868_3404076,__import__.location_loc_QDD510,69,__import__.product_3404076,__import__.stock_production_lot_C634868_3404076
__import__.stock_inventory_line_C668810E_5250018,__import__.location_loc_GBX309,118,__import__.product_5250018,__import__.stock_production_lot_C668810E_5250018
__import__.stock_inventory_line_C66994_2859346,__import__.location_loc_GBY104,2,__import__.product_2859346,__import__.stock_production_lot_C66994_2859346
__import__.stock_inventory_line_C676729_2061299,__import__.location_loc_GBK215,51,__import__.product_2061299,__import__.stock_production_lot_C676729_2061299
__import__.stock_inventory_line_C680952C_1250026,__import__.location_loc_GBX109,21,__import__.product_1250026,__import__.stock_production_lot_C680952C_1250026
__import__.stock_inventory_line_C696104_2675999,__import__.location_loc_GD14C2,10,__import__.product_2675999,__import__.stock_production_lot_C696104_2675999
__import__.stock_inventory_line_C696571_7505850,__import__.location_loc_GBL304,6,__import__.product_7505850,__import__.stock_production_lot_C696571_7505850
__import__.stock_inventory_line_C714488_2061281,__import__.location_loc_GGM204,66,__import__.product_2061281,__import__.stock_production_lot_C714488_2061281
__import__.stock_inventory_line_C719932_6620003,__import__.location_loc_GK14A2,3,__import__.product_6620003,__import__.stock_production_lot_C719932_6620003
__import__.stock_inventory_line_C720541_2061299,__import__.location_loc_GBK215,18,__import__.product_2061299,__import__.stock_production_lot_C720541_2061299
__import__.stock_inventory_line_C722614A_7505842,__import__.location_loc_GGE201,119,__import__.product_7505842,__import__.stock_production_lot_C722614A_7505842
__import__.stock_inventory_line_C722615E_5620000,__import__.location_loc_GBD205,226,__import__.product_5620000,__import__.stock_production_lot_C722615E_5620000
__import__.stock_inventory_line_C743444_2061265,__import__.location_loc_GGL207,19,__import__.product_2061265,__import__.stock_production_lot_C743444_2061265
__import__.stock_inventory_line_C753082_6620003,__import__.location_loc_GK14A2,90,__import__.product_6620003,__import__.stock_production_lot_C753082_6620003
__import__.stock_inventory_line_C758719_6775630,__import__.location_loc_GE10B4,1,__import__.product_6775630,__import__.stock_production_lot_C758719_6775630
__import__.stock_inventory_line_C763508_5818593,__import__.location_loc_GD13C2,2,__import__.product_5818593,__import__.stock_production_lot_C763508_5818593
__import__.stock_inventory_line_C774872_2061273,__import__.location_loc_GGL306,34,__import__.product_2061273,__import__.stock_production_lot_C774872_2061273
__import__.stock_inventory_line_C789957_5170000,__import__.location_loc_GI05B7,86,__import__.product_5170000,__import__.stock_production_lot_C789957_5170000
__import__.stock_inventory_line_C793895_2624237,__import__.location_loc_GBU403,4,__import__.product_2624237,__import__.stock_production_lot_C793895_2624237
__import__.stock_inventory_line_DCL8L00_0086058,__import__.location_loc_GBG301,44,__import__.product_0086058,__import__.stock_production_lot_DCL8L00_0086058
__import__.stock_inventory_line_DCM134BA_0868059,__import__.location_loc_GBG415,60,__import__.product_0868059,__import__.stock_production_lot_DCM134BA_0868059
__import__.stock_inventory_line_DERFUN023_7745014,__import__.location_loc_GF28F4,1,__import__.product_7745014,__import__.stock_production_lot_DERFUN023_7745014
__import__.stock_inventory_line_DERMA088_2465011,__import__.location_loc_GF18B3,1,__import__.product_2465011,__import__.stock_production_lot_DERMA088_2465011
__import__.stock_inventory_line_DERMA088_2276574,__import__.location_loc_GBX401,52,__import__.product_2276574,__import__.stock_production_lot_DERMA088_2276574
__import__.stock_inventory_line_DERSEB016_7745015,__import__.location_loc_GF28H7,2,__import__.product_7745015,__import__.stock_production_lot_DERSEB016_7745015
__import__.stock_inventory_line_DJNBCE017222_8090959,__import__.location_loc_GL05A4,1,__import__.product_8090959,__import__.stock_production_lot_DJNBCE017222_8090959
__import__.stock_inventory_line_DJNBCE017237_8090959,__import__.location_loc_GL05A4,5,__import__.product_8090959,__import__.stock_production_lot_DJNBCE017237_8090959
__import__.stock_inventory_line_DN852_7684094,__import__.location_loc_QED320,1,__import__.product_7684094,__import__.stock_production_lot_DN852_7684094
__import__.stock_inventory_line_DP18E90400_8259401,__import__.location_loc_EXC300,3,__import__.product_8259401,__import__.stock_production_lot_DP18E90400_8259401
__import__.stock_inventory_line_DP21F32600_8259393,__import__.location_loc_EOE186,9,__import__.product_8259393,__import__.stock_production_lot_DP21F32600_8259393
__import__.stock_inventory_line_DP7APEG01A_2366136,__import__.location_loc_GF30H5,1,__import__.product_2366136,__import__.stock_production_lot_DP7APEG01A_2366136
__import__.stock_inventory_line_DZR547_5430889,__import__.location_loc_GE07C7,2,__import__.product_5430889,__import__.stock_production_lot_DZR547_5430889
__import__.stock_inventory_line_D080216_8127208,__import__.location_loc_GD06A3,11,__import__.product_8127208,__import__.stock_production_lot_D080216_8127208
__import__.stock_inventory_line_D110316_8127183,__import__.location_loc_GC22A1,7,__import__.product_8127183,__import__.stock_production_lot_D110316_8127183
__import__.stock_inventory_line_D32192_2797231,__import__.location_loc_GBT501,20,__import__.product_2797231,__import__.stock_production_lot_D32192_2797231
__import__.stock_inventory_line_D4L0433X_7145443,__import__.location_loc_EXA600,32,__import__.product_7145443,__import__.stock_production_lot_D4L0433X_7145443
__import__.stock_inventory_line_D5E0657X_8062288,__import__.location_loc_EXA400,1,__import__.product_8062288,__import__.stock_production_lot_D5E0657X_8062288
__import__.stock_inventory_line_D5J2005X_6390012,__import__.location_loc_EXA600,26,__import__.product_6390012,__import__.stock_production_lot_D5J2005X_6390012
__import__.stock_inventory_line_D5K2270X_6330123,__import__.location_loc_EXA300,20,__import__.product_6330123,__import__.stock_production_lot_D5K2270X_6330123
__import__.stock_inventory_line_D5M1737X_5116116,__import__.location_loc_EXA500,1,__import__.product_5116116,__import__.stock_production_lot_D5M1737X_5116116
__import__.stock_inventory_line_D57360302_8294278,__import__.location_loc_GAG101,1,__import__.product_8294278,__import__.stock_production_lot_D57360302_8294278
__import__.stock_inventory_line_D6A0445X_0675561,__import__.location_loc_EXA300,8,__import__.product_0675561,__import__.stock_production_lot_D6A0445X_0675561
__import__.stock_inventory_line_D6A1173X_8062288,__import__.location_loc_EXA400,72,__import__.product_8062288,__import__.stock_production_lot_D6A1173X_8062288
__import__.stock_inventory_line_D6A1661X_0623341,__import__.location_loc_GF28H8,1,__import__.product_0623341,__import__.stock_production_lot_D6A1661X_0623341
__import__.stock_inventory_line_D6B1210X_8062294,__import__.location_loc_EXA100,49,__import__.product_8062294,__import__.stock_production_lot_D6B1210X_8062294
__import__.stock_inventory_line_D6C1298RX_8283925,__import__.location_loc_EXA300,19,__import__.product_8283925,__import__.stock_production_lot_D6C1298RX_8283925
__import__.stock_inventory_line_D6C2070X_8062265,__import__.location_loc_EXA300,30,__import__.product_8062265,__import__.stock_production_lot_D6C2070X_8062265
__import__.stock_inventory_line_D6E0312X_8208119,__import__.location_loc_EXA200,15,__import__.product_8208119,__import__.stock_production_lot_D6E0312X_8208119
__import__.stock_inventory_line_D6E0331X_8062331,__import__.location_loc_EXA400,7,__import__.product_8062331,__import__.stock_production_lot_D6E0331X_8062331
__import__.stock_inventory_line_D6E0478X_8062265,__import__.location_loc_EXA300,36,__import__.product_8062265,__import__.stock_production_lot_D6E0478X_8062265
__import__.stock_inventory_line_D6E2759X_5116116,__import__.location_loc_EXA500,2,__import__.product_5116116,__import__.stock_production_lot_D6E2759X_5116116
__import__.stock_inventory_line_D6G2314X_8062271,__import__.location_loc_EXA500,74,__import__.product_8062271,__import__.stock_production_lot_D6G2314X_8062271
__import__.stock_inventory_line_D6H1051X_8062383,__import__.location_loc_EXA600,9,__import__.product_8062383,__import__.stock_production_lot_D6H1051X_8062383
__import__.stock_inventory_line_D6H2248FX_8064264,__import__.location_loc_EXA500,5,__import__.product_8064264,__import__.stock_production_lot_D6H2248FX_8064264
__import__.stock_inventory_line_D6J1688FX_8351503,__import__.location_loc_EXA600,7,__import__.product_8351503,__import__.stock_production_lot_D6J1688FX_8351503
__import__.stock_inventory_line_D6K0040FX_8284907,__import__.location_loc_EXA200,3,__import__.product_8284907,__import__.stock_production_lot_D6K0040FX_8284907
__import__.stock_inventory_line_D6K1026X_6331823,__import__.location_loc_EXA300,18,__import__.product_6331823,__import__.stock_production_lot_D6K1026X_6331823
__import__.stock_inventory_line_D6K1383FX_8064264,__import__.location_loc_EXA500,10,__import__.product_8064264,__import__.stock_production_lot_D6K1383FX_8064264
__import__.stock_inventory_line_D6K2149X_8062383,__import__.location_loc_EXA600,36,__import__.product_8062383,__import__.stock_production_lot_D6K2149X_8062383
__import__.stock_inventory_line_D6L1548X_8202803,__import__.location_loc_EXA300,12,__import__.product_8202803,__import__.stock_production_lot_D6L1548X_8202803
__import__.stock_inventory_line_D6100558_6878206,__import__.location_loc_GE07C4,2,__import__.product_6878206,__import__.stock_production_lot_D6100558_6878206
__import__.stock_inventory_line_D6120209_8112879,__import__.location_loc_GZZ501,1,__import__.product_8112879,__import__.stock_production_lot_D6120209_8112879
__import__.stock_inventory_line_D7A0539X_8202803,__import__.location_loc_EXA300,36,__import__.product_8202803,__import__.stock_production_lot_D7A0539X_8202803
__import__.stock_inventory_line_D7A0773X_6330226,__import__.location_loc_EXA400,15,__import__.product_6330226,__import__.stock_production_lot_D7A0773X_6330226
__import__.stock_inventory_line_D7B1681X_8062265,__import__.location_loc_EXA300,36,__import__.product_8062265,__import__.stock_production_lot_D7B1681X_8062265
__import__.stock_inventory_line_D7B2485FX@A_8062331,__import__.location_loc_EXA400,72,__import__.product_8062331,__import__.stock_production_lot_D7B2485FX@A_8062331
__import__.stock_inventory_line_D7B2500FX_8351503,__import__.location_loc_EXA600,35,__import__.product_8351503,__import__.stock_production_lot_D7B2500FX_8351503
__import__.stock_inventory_line_D7C0547FX_8284907,__import__.location_loc_EXA200,36,__import__.product_8284907,__import__.stock_production_lot_D7C0547FX_8284907
__import__.stock_inventory_line_D7C1132X_0675561,__import__.location_loc_EXA300,36,__import__.product_0675561,__import__.stock_production_lot_D7C1132X_0675561
__import__.stock_inventory_line_D7D2255FX_8351503,__import__.location_loc_EXA600,36,__import__.product_8351503,__import__.stock_production_lot_D7D2255FX_8351503
__import__.stock_inventory_line_D7030339_8112810,__import__.location_loc_GD30E7,15,__import__.product_8112810,__import__.stock_production_lot_D7030339_8112810
__import__.stock_inventory_line_D7030340_8112885,__import__.location_loc_GF30C6,13,__import__.product_8112885,__import__.stock_production_lot_D7030340_8112885
__import__.stock_inventory_line_D7030709_6878577,__import__.location_loc_GC09E2,6,__import__.product_6878577,__import__.stock_production_lot_D7030709_6878577
__import__.stock_inventory_line_D7050382_1635952,__import__.location_loc_GD02E4,9,__import__.product_1635952,__import__.stock_production_lot_D7050382_1635952
__import__.stock_inventory_line_D7050694_6966169,__import__.location_loc_GF27D5,2,__import__.product_6966169,__import__.stock_production_lot_D7050694_6966169
__import__.stock_inventory_line_D7060191_8112796,__import__.location_loc_GF23D6,87,__import__.product_8112796,__import__.stock_production_lot_D7060191_8112796
__import__.stock_inventory_line_D710111603_3392776,__import__.location_loc_GL02B8,1,__import__.product_3392776,__import__.stock_production_lot_D710111603_3392776
__import__.stock_inventory_line_D711811627_3392776,__import__.location_loc_GL02B8,2,__import__.product_3392776,__import__.stock_production_lot_D711811627_3392776
__import__.stock_inventory_line_D712811641_3392768,__import__.location_loc_GBT403,90,__import__.product_3392768,__import__.stock_production_lot_D712811641_3392768
__import__.stock_inventory_line_ECP0281DA_7420025,__import__.location_loc_GF12F3,4,__import__.product_7420025,__import__.stock_production_lot_ECP0281DA_7420025
__import__.stock_inventory_line_EC70011_2945590,__import__.location_loc_GGI102,296,__import__.product_2945590,__import__.stock_production_lot_EC70011_2945590
__import__.stock_inventory_line_ELP0321C_7420023,__import__.location_loc_GC15D1,5,__import__.product_7420023,__import__.stock_production_lot_ELP0321C_7420023
__import__.stock_inventory_line_EMP0381F_7420024,__import__.location_loc_GBS102,11,__import__.product_7420024,__import__.stock_production_lot_EMP0381F_7420024
__import__.stock_inventory_line_EM00117_1685361,__import__.location_loc_GK08A3,69,__import__.product_1685361,__import__.stock_production_lot_EM00117_1685361
__import__.stock_inventory_line_EM00217_1685361,__import__.location_loc_GK08A3,54,__import__.product_1685361,__import__.stock_production_lot_EM00217_1685361
__import__.stock_inventory_line_EM04816_1685379,__import__.location_loc_GAI135,12,__import__.product_1685379,__import__.stock_production_lot_EM04816_1685379
__import__.stock_inventory_line_EM15516_2563401,__import__.location_loc_GK13A1,44,__import__.product_2563401,__import__.stock_production_lot_EM15516_2563401
__import__.stock_inventory_line_EM15616_2563401,__import__.location_loc_GK13A1,98,__import__.product_2563401,__import__.stock_production_lot_EM15616_2563401
__import__.stock_inventory_line_EM15716_2563401,__import__.location_loc_GK13A1,19,__import__.product_2563401,__import__.stock_production_lot_EM15716_2563401
__import__.stock_inventory_line_EPP0151BB_7420027,__import__.location_loc_GD24F5,2,__import__.product_7420027,__import__.stock_production_lot_EPP0151BB_7420027
__import__.stock_inventory_line_ERP0141LA_7420026,__import__.location_loc_GC31A7,3,__import__.product_7420026,__import__.stock_production_lot_ERP0141LA_7420026
__import__.stock_inventory_line_EU1601_6941063,__import__.location_loc_GC31E6,6,__import__.product_6941063,__import__.stock_production_lot_EU1601_6941063
__import__.stock_inventory_line_EU1601_6738155,__import__.location_loc_GE12D1,5,__import__.product_6738155,__import__.stock_production_lot_EU1601_6738155
__import__.stock_inventory_line_EU1601_6867303,__import__.location_loc_GBR205,39,__import__.product_6867303,__import__.stock_production_lot_EU1601_6867303
__import__.stock_inventory_line_EU1601_6980620,__import__.location_loc_GD02E6,5,__import__.product_6980620,__import__.stock_production_lot_EU1601_6980620
__import__.stock_inventory_line_EU1601_3411824,__import__.location_loc_GF24E5,16,__import__.product_3411824,__import__.stock_production_lot_EU1601_3411824
__import__.stock_inventory_line_EU1601A_6931194,__import__.location_loc_GD02D4,6,__import__.product_6931194,__import__.stock_production_lot_EU1601A_6931194
__import__.stock_inventory_line_EU1601A_6741163,__import__.location_loc_GD02D6,8,__import__.product_6741163,__import__.stock_production_lot_EU1601A_6741163
__import__.stock_inventory_line_EU1601A_6726703,__import__.location_loc_GE13E7,10,__import__.product_6726703,__import__.stock_production_lot_EU1601A_6726703
__import__.stock_inventory_line_EU1602_1806530,__import__.location_loc_GF12F7,13,__import__.product_1806530,__import__.stock_production_lot_EU1602_1806530
__import__.stock_inventory_line_EU1602_2717445,__import__.location_loc_GE08D2,14,__import__.product_2717445,__import__.stock_production_lot_EU1602_2717445
__import__.stock_inventory_line_EU1602A_6943725,__import__.location_loc_GD01D2,11,__import__.product_6943725,__import__.stock_production_lot_EU1602A_6943725
__import__.stock_inventory_line_EU1603_6615613,__import__.location_loc_GF28E9,2,__import__.product_6615613,__import__.stock_production_lot_EU1603_6615613
__import__.stock_inventory_line_EU1604_2717429,__import__.location_loc_GC08C3,31,__import__.product_2717429,__import__.stock_production_lot_EU1604_2717429
__import__.stock_inventory_line_EU1604A_6710926,__import__.location_loc_GD04D6,28,__import__.product_6710926,__import__.stock_production_lot_EU1604A_6710926
__import__.stock_inventory_line_EU1604C_6641964,__import__.location_loc_GD27C4,1,__import__.product_6641964,__import__.stock_production_lot_EU1604C_6641964
__import__.stock_inventory_line_EU1605_6710926,__import__.location_loc_GD04D6,50,__import__.product_6710926,__import__.stock_production_lot_EU1605_6710926
__import__.stock_inventory_line_EU1606_6757342,__import__.location_loc_GD04A3,129,__import__.product_6757342,__import__.stock_production_lot_EU1606_6757342
__import__.stock_inventory_line_EU1618_7863968,__import__.location_loc_GE09F5,5,__import__.product_7863968,__import__.stock_production_lot_EU1618_7863968
__import__.stock_inventory_line_EU1701_6943576,__import__.location_loc_GD01C2,14,__import__.product_6943576,__import__.stock_production_lot_EU1701_6943576
__import__.stock_inventory_line_EU1701A_7384344,__import__.location_loc_GD22F5,21,__import__.product_7384344,__import__.stock_production_lot_EU1701A_7384344
__import__.stock_inventory_line_EU1702_6902577,__import__.location_loc_GF14F4,68,__import__.product_6902577,__import__.stock_production_lot_EU1702_6902577
__import__.stock_inventory_line_E128A16_2198679,__import__.location_loc_GBR304,18,__import__.product_2198679,__import__.stock_production_lot_E128A16_2198679
__import__.stock_inventory_line_E1509C_6738327,__import__.location_loc_GD04A4,18,__import__.product_6738327,__import__.stock_production_lot_E1509C_6738327
__import__.stock_inventory_line_E245A08_0125732,__import__.location_loc_GI11B3,1506,__import__.product_0125732,__import__.stock_production_lot_E245A08_0125732
__import__.stock_inventory_line_E33174A_3074234,__import__.location_loc_GF14D1,28,__import__.product_3074234,__import__.stock_production_lot_E33174A_3074234
__import__.stock_inventory_line_E357B04_0877340,__import__.location_loc_GBG105,23,__import__.product_0877340,__import__.stock_production_lot_E357B04_0877340
__import__.stock_inventory_line_E365A02_0660946,__import__.location_loc_GF14F3,167,__import__.product_0660946,__import__.stock_production_lot_E365A02_0660946
__import__.stock_inventory_line_E426B01_0430398,__import__.location_loc_QFB230,10,__import__.product_0430398,__import__.stock_production_lot_E426B01_0430398
__import__.stock_inventory_line_E542A02_0600163,__import__.location_loc_QDC310,2,__import__.product_0600163,__import__.stock_production_lot_E542A02_0600163
__import__.stock_inventory_line_E723A02_0877332,__import__.location_loc_GBK203,17,__import__.product_0877332,__import__.stock_production_lot_E723A02_0877332
__import__.stock_inventory_line_E739A06_1009809,__import__.location_loc_GBM507,50,__import__.product_1009809,__import__.stock_production_lot_E739A06_1009809
__import__.stock_inventory_line_E78148_8034300,__import__.location_loc_EXC200,1,__import__.product_8034300,__import__.stock_production_lot_E78148_8034300
__import__.stock_inventory_line_E917A02_0842534,__import__.location_loc_GI05A2,116,__import__.product_0842534,__import__.stock_production_lot_E917A02_0842534
__import__.stock_inventory_line_E937C02_2904837,__import__.location_loc_GL01A5,19,__import__.product_2904837,__import__.stock_production_lot_E937C02_2904837
__import__.stock_inventory_line_F_2956183,__import__.location_loc_GC08C5,16,__import__.product_2956183,__import__.stock_production_lot_F_2956183
__import__.stock_inventory_line_F_2956175,__import__.location_loc_GD21D4,29,__import__.product_2956175,__import__.stock_production_lot_F_2956175
__import__.stock_inventory_line_FF0406A_8018259,__import__.location_loc_GL01A3,3,__import__.product_8018259,__import__.stock_production_lot_FF0406A_8018259
__import__.stock_inventory_line_FK7E67_8292479,__import__.location_loc_QFE320,2,__import__.product_8292479,__import__.stock_production_lot_FK7E67_8292479
__import__.stock_inventory_line_FL17D0501_1735960,__import__.location_loc_EXC400,44,__import__.product_1735960,__import__.stock_production_lot_FL17D0501_1735960
__import__.stock_inventory_line_FM6703_5760343,__import__.location_loc_GF12C2,8,__import__.product_5760343,__import__.stock_production_lot_FM6703_5760343
__import__.stock_inventory_line_FM6704_5760342,__import__.location_loc_GE09A4,7,__import__.product_5760342,__import__.stock_production_lot_FM6704_5760342
__import__.stock_inventory_line_FM6708_5760344,__import__.location_loc_GE15C5,2,__import__.product_5760344,__import__.stock_production_lot_FM6708_5760344
__import__.stock_inventory_line_F0004_3162633,__import__.location_loc_GF28D3,21,__import__.product_3162633,__import__.stock_production_lot_F0004_3162633
__import__.stock_inventory_line_F0005_3162633,__import__.location_loc_GF28D3,68,__import__.product_3162633,__import__.stock_production_lot_F0005_3162633
__import__.stock_inventory_line_F010417R_5192032,__import__.location_loc_GD20B5,10,__import__.product_5192032,__import__.stock_production_lot_F010417R_5192032
__import__.stock_inventory_line_F011016R_5192032,__import__.location_loc_GD20B5,1,__import__.product_5192032,__import__.stock_production_lot_F011016R_5192032
__import__.stock_inventory_line_F047754501_5294279,__import__.location_loc_GAG303,3,__import__.product_5294279,__import__.stock_production_lot_F047754501_5294279
__import__.stock_inventory_line_F1013_6799866,__import__.location_loc_GD04E4,3,__import__.product_6799866,__import__.stock_production_lot_F1013_6799866
__import__.stock_inventory_line_F1509A_6707858,__import__.location_loc_GD02D3,1,__import__.product_6707858,__import__.stock_production_lot_F1509A_6707858
__import__.stock_inventory_line_F1531603_5192044,__import__.location_loc_GD07B4,3,__import__.product_5192044,__import__.stock_production_lot_F1531603_5192044
__import__.stock_inventory_line_F1532703_5192043,__import__.location_loc_GC04B5,4,__import__.product_5192043,__import__.stock_production_lot_F1532703_5192043
__import__.stock_inventory_line_F1601803_6600810,__import__.location_loc_GBI404,14,__import__.product_6600810,__import__.stock_production_lot_F1601803_6600810
__import__.stock_inventory_line_F1609A_6735145,__import__.location_loc_GD02C9,29,__import__.product_6735145,__import__.stock_production_lot_F1609A_6735145
__import__.stock_inventory_line_F1610A_6707858,__import__.location_loc_GD02D3,10,__import__.product_6707858,__import__.stock_production_lot_F1610A_6707858
__import__.stock_inventory_line_F1635701_4665759,__import__.location_loc_GE20C4,22,__import__.product_4665759,__import__.stock_production_lot_F1635701_4665759
__import__.stock_inventory_line_F163602_5192034,__import__.location_loc_GE10A3,1,__import__.product_5192034,__import__.stock_production_lot_F163602_5192034
__import__.stock_inventory_line_F1704101_5192010,__import__.location_loc_GBE202,16,__import__.product_5192010,__import__.stock_production_lot_F1704101_5192010
__import__.stock_inventory_line_F1704801_5192025,__import__.location_loc_GBE303,53,__import__.product_5192025,__import__.stock_production_lot_F1704801_5192025
__import__.stock_inventory_line_F1705302_5192144,__import__.location_loc_GC12B5,2,__import__.product_5192144,__import__.stock_production_lot_F1705302_5192144
__import__.stock_inventory_line_F1707402_1802160,__import__.location_loc_GD07C4,13,__import__.product_1802160,__import__.stock_production_lot_F1707402_1802160
__import__.stock_inventory_line_F1707403_5380473,__import__.location_loc_GH07B4,10,__import__.product_5380473,__import__.stock_production_lot_F1707403_5380473
__import__.stock_inventory_line_F1708214_6000449,__import__.location_loc_GE14D4,6,__import__.product_6000449,__import__.stock_production_lot_F1708214_6000449
__import__.stock_inventory_line_F1710301_5192034,__import__.location_loc_GE10A3,2,__import__.product_5192034,__import__.stock_production_lot_F1710301_5192034
__import__.stock_inventory_line_F1710402_5192020,__import__.location_loc_GGC102,20,__import__.product_5192020,__import__.stock_production_lot_F1710402_5192020
__import__.stock_inventory_line_F1711001_5192023,__import__.location_loc_GF23B3,12,__import__.product_5192023,__import__.stock_production_lot_F1711001_5192023
__import__.stock_inventory_line_F1711003_5192007,__import__.location_loc_GD22E7,6,__import__.product_5192007,__import__.stock_production_lot_F1711003_5192007
__import__.stock_inventory_line_F1711101_5192022,__import__.location_loc_GE05C3,16,__import__.product_5192022,__import__.stock_production_lot_F1711101_5192022
__import__.stock_inventory_line_F1717001_7672441,__import__.location_loc_GGI305,37,__import__.product_7672441,__import__.stock_production_lot_F1717001_7672441
__import__.stock_inventory_line_F1717701_5192005,__import__.location_loc_GF25B2,34,__import__.product_5192005,__import__.stock_production_lot_F1717701_5192005
__import__.stock_inventory_line_F1719802_5192006,__import__.location_loc_GGC204,5,__import__.product_5192006,__import__.stock_production_lot_F1719802_5192006
__import__.stock_inventory_line_F1720502_5192033,__import__.location_loc_GD09A2,17,__import__.product_5192033,__import__.stock_production_lot_F1720502_5192033
__import__.stock_inventory_line_F32287F_2881548,__import__.location_loc_GGK401,19,__import__.product_2881548,__import__.stock_production_lot_F32287F_2881548
__import__.stock_inventory_line_F32303D_5044143,__import__.location_loc_GF18D5,2,__import__.product_5044143,__import__.stock_production_lot_F32303D_5044143
__import__.stock_inventory_line_F32304C_5044144,__import__.location_loc_GBC201,53,__import__.product_5044144,__import__.stock_production_lot_F32304C_5044144
__import__.stock_inventory_line_F32310E_2630929,__import__.location_loc_GH11F7,1,__import__.product_2630929,__import__.stock_production_lot_F32310E_2630929
__import__.stock_inventory_line_F66480401_8294277,__import__.location_loc_GAF202,4,__import__.product_8294277,__import__.stock_production_lot_F66480401_8294277
__import__.stock_inventory_line_F70474001_8294277,__import__.location_loc_GAF202,18,__import__.product_8294277,__import__.stock_production_lot_F70474001_8294277
__import__.stock_inventory_line_F78548801_5294279,__import__.location_loc_GAG303,4,__import__.product_5294279,__import__.stock_production_lot_F78548801_5294279
__import__.stock_inventory_line_GA6955_2597250,__import__.location_loc_GE05E6,4,__import__.product_2597250,__import__.stock_production_lot_GA6955_2597250
__import__.stock_inventory_line_GE7C99_8292396,__import__.location_loc_QFE340,1,__import__.product_8292396,__import__.stock_production_lot_GE7C99_8292396
__import__.stock_inventory_line_GIG0003_1801190,__import__.location_loc_GE16B6,5,__import__.product_1801190,__import__.stock_production_lot_GIG0003_1801190
__import__.stock_inventory_line_GYP045AD_2882173,__import__.location_loc_GE01E3,12,__import__.product_2882173,__import__.stock_production_lot_GYP045AD_2882173
__import__.stock_inventory_line_GYP049CH_2591766,__import__.location_loc_GD09C2,17,__import__.product_2591766,__import__.stock_production_lot_GYP049CH_2591766
__import__.stock_inventory_line_G17B17B_2909737,__import__.location_loc_GGL105,9,__import__.product_2909737,__import__.stock_production_lot_G17B17B_2909737
__import__.stock_inventory_line_G30263B_3157633,__import__.location_loc_GF10C4,8,__import__.product_3157633,__import__.stock_production_lot_G30263B_3157633
__import__.stock_inventory_line_G32320B_2744506,__import__.location_loc_GBC503,42,__import__.product_2744506,__import__.stock_production_lot_G32320B_2744506
__import__.stock_inventory_line_G402106_1283217,__import__.location_loc_GGP305,15,__import__.product_1283217,__import__.stock_production_lot_G402106_1283217
__import__.stock_inventory_line_G52125_8035191,__import__.location_loc_GE07A5,1,__import__.product_8035191,__import__.stock_production_lot_G52125_8035191
__import__.stock_inventory_line_G79210_8030294,__import__.location_loc_EXH200,1,__import__.product_8030294,__import__.stock_production_lot_G79210_8030294
__import__.stock_inventory_line_HAB5C00_0084665,__import__.location_loc_GI13A2,280,__import__.product_0084665,__import__.stock_production_lot_HAB5C00_0084665
__import__.stock_inventory_line_HA1347_5760344,__import__.location_loc_GE15C5,29,__import__.product_5760344,__import__.stock_production_lot_HA1347_5760344
__import__.stock_inventory_line_HCB0M00_1693795,__import__.location_loc_GGL401,222,__import__.product_1693795,__import__.stock_production_lot_HCB0M00_1693795
__import__.stock_inventory_line_HD06116_1317825,__import__.location_loc_GGB306,200,__import__.product_1317825,__import__.stock_production_lot_HD06116_1317825
__import__.stock_inventory_line_HG_2436913,__import__.location_loc_GBI205,59,__import__.product_2436913,__import__.stock_production_lot_HG_2436913
__import__.stock_inventory_line_HH_2436905,__import__.location_loc_GGE406,70,__import__.product_2436905,__import__.stock_production_lot_HH_2436905
__import__.stock_inventory_line_H022102_1283209,__import__.location_loc_GL07A0,110,__import__.product_1283209,__import__.stock_production_lot_H022102_1283209
__import__.stock_inventory_line_H0350802_1302231,__import__.location_loc_GBM109,9,__import__.product_1302231,__import__.stock_production_lot_H0350802_1302231
__import__.stock_inventory_line_H073415_1203231,__import__.location_loc_QCD410,18,__import__.product_1203231,__import__.stock_production_lot_H073415_1203231
__import__.stock_inventory_line_H108_6943524,__import__.location_loc_GD02B4,10,__import__.product_6943524,__import__.stock_production_lot_H108_6943524
__import__.stock_inventory_line_H20202A08_6996124,__import__.location_loc_GF24E8,2,__import__.product_6996124,__import__.stock_production_lot_H20202A08_6996124
__import__.stock_inventory_line_H20303B11_1013481,__import__.location_loc_GBS204,21,__import__.product_1013481,__import__.stock_production_lot_H20303B11_1013481
__import__.stock_inventory_line_H20813D14_1379197,__import__.location_loc_GE05B3,9,__import__.product_1379197,__import__.stock_production_lot_H20813D14_1379197
__import__.stock_inventory_line_H20821A15_1379197,__import__.location_loc_GE05B3,5,__import__.product_1379197,__import__.stock_production_lot_H20821A15_1379197
__import__.stock_inventory_line_H21045C20_2719110,__import__.location_loc_GF29B2,4,__import__.product_2719110,__import__.stock_production_lot_H21045C20_2719110
__import__.stock_inventory_line_H21063A09_2124592,__import__.location_loc_GGH302,86,__import__.product_2124592,__import__.stock_production_lot_H21063A09_2124592
__import__.stock_inventory_line_H212209_2123420,__import__.location_loc_GBC101,8,__import__.product_2123420,__import__.stock_production_lot_H212209_2123420
__import__.stock_inventory_line_H2309_0135996,__import__.location_loc_GI01A3,392,__import__.product_0135996,__import__.stock_production_lot_H2309_0135996
__import__.stock_inventory_line_H241103_0864710,__import__.location_loc_GK04A3,76,__import__.product_0864710,__import__.stock_production_lot_H241103_0864710
__import__.stock_inventory_line_H262008_3268174,__import__.location_loc_GD29C6,19,__import__.product_3268174,__import__.stock_production_lot_H262008_3268174
__import__.stock_inventory_line_H300902_5266003,__import__.location_loc_GC08C1,10,__import__.product_5266003,__import__.stock_production_lot_H300902_5266003
__import__.stock_inventory_line_H311807_2624286,__import__.location_loc_QCB210,13,__import__.product_2624286,__import__.stock_production_lot_H311807_2624286
__import__.stock_inventory_line_H32350L_2389153,__import__.location_loc_GF22E2,5,__import__.product_2389153,__import__.stock_production_lot_H32350L_2389153
__import__.stock_inventory_line_H32351B_2389161,__import__.location_loc_GD24C2,23,__import__.product_2389161,__import__.stock_production_lot_H32351B_2389161
__import__.stock_inventory_line_H32394I_3028149,__import__.location_loc_GD29C4,3,__import__.product_3028149,__import__.stock_production_lot_H32394I_3028149
__import__.stock_inventory_line_H32394M_3074242,__import__.location_loc_GF13C4,41,__import__.product_3074242,__import__.stock_production_lot_H32394M_3074242
__import__.stock_inventory_line_H350802_1302231,__import__.location_loc_GBM109,23,__import__.product_1302231,__import__.stock_production_lot_H350802_1302231
__import__.stock_inventory_line_H371702_0136499,__import__.location_loc_GK03A3,19,__import__.product_0136499,__import__.stock_production_lot_H371702_0136499
__import__.stock_inventory_line_H501202_0136481,__import__.location_loc_GK03A1,100,__import__.product_0136481,__import__.stock_production_lot_H501202_0136481
__import__.stock_inventory_line_I021_3039997,__import__.location_loc_GE26B1,10,__import__.product_3039997,__import__.stock_production_lot_I021_3039997
__import__.stock_inventory_line_I32407D_3458536,__import__.location_loc_GC22D4,28,__import__.product_3458536,__import__.stock_production_lot_I32407D_3458536
__import__.stock_inventory_line_JB8DCSP0_5140423,__import__.location_loc_EXA300,18,__import__.product_5140423,__import__.stock_production_lot_JB8DCSP0_5140423
__import__.stock_inventory_line_JB8HCCM0_8012132,__import__.location_loc_EXA100,1,__import__.product_8012132,__import__.stock_production_lot_JB8HCCM0_8012132
__import__.stock_inventory_line_JC5HBMN_8011374,__import__.location_loc_EXA600,11,__import__.product_8011374,__import__.stock_production_lot_JC5HBMN_8011374
__import__.stock_inventory_line_JJ8BBCM0_8012356,__import__.location_loc_EXA300,12,__import__.product_8012356,__import__.stock_production_lot_JJ8BBCM0_8012356
__import__.stock_inventory_line_JJ8BPBM0_8012132,__import__.location_loc_EXA100,4,__import__.product_8012132,__import__.stock_production_lot_JJ8BPBM0_8012132
__import__.stock_inventory_line_JM5BCDV_5010220,__import__.location_loc_EXA300,19,__import__.product_5010220,__import__.stock_production_lot_JM5BCDV_5010220
__import__.stock_inventory_line_JP2430_7230000,__import__.location_loc_GAE350,1,__import__.product_7230000,__import__.stock_production_lot_JP2430_7230000
__import__.stock_inventory_line_JP5BHHV_5012017,__import__.location_loc_EXA200,26,__import__.product_5012017,__import__.stock_production_lot_JP5BHHV_5012017
__import__.stock_inventory_line_JP5DHRN_8011380,__import__.location_loc_EXA400,30,__import__.product_8011380,__import__.stock_production_lot_JP5DHRN_8011380
__import__.stock_inventory_line_J003_5266002,__import__.location_loc_GGD402,5,__import__.product_5266002,__import__.stock_production_lot_J003_5266002
__import__.stock_inventory_line_J007_2936797,__import__.location_loc_GF19A3,34,__import__.product_2936797,__import__.stock_production_lot_J007_2936797
__import__.stock_inventory_line_J020_3274461,__import__.location_loc_GH07B7,6,__import__.product_3274461,__import__.stock_production_lot_J020_3274461
__import__.stock_inventory_line_J040302_0836627,__import__.location_loc_GF12A4,29,__import__.product_0836627,__import__.stock_production_lot_J040302_0836627
__import__.stock_inventory_line_J050K002_3364395,__import__.location_loc_GC15A5,153,__import__.product_3364395,__import__.stock_production_lot_J050K002_3364395
__import__.stock_inventory_line_J050805_1203232,__import__.location_loc_QAE410,43,__import__.product_1203232,__import__.stock_production_lot_J050805_1203232
__import__.stock_inventory_line_J110302_0136499,__import__.location_loc_GK03A3,960,__import__.product_0136499,__import__.stock_production_lot_J110302_0136499
__import__.stock_inventory_line_J114002_2092146,__import__.location_loc_GGH206,6,__import__.product_2092146,__import__.stock_production_lot_J114002_2092146
__import__.stock_inventory_line_J121502_0136945,__import__.location_loc_GI03A4,265,__import__.product_0136945,__import__.stock_production_lot_J121502_0136945
__import__.stock_inventory_line_J13404H09_6861683,__import__.location_loc_GE09F4,7,__import__.product_6861683,__import__.stock_production_lot_J13404H09_6861683
__import__.stock_inventory_line_J1380112_0682674,__import__.location_loc_GF13E3,7,__import__.product_0682674,__import__.stock_production_lot_J1380112_0682674
__import__.stock_inventory_line_J1380226_0428060,__import__.location_loc_GBV302,96,__import__.product_0428060,__import__.stock_production_lot_J1380226_0428060
__import__.stock_inventory_line_J20202A09_6996124,__import__.location_loc_GF24E8,2,__import__.product_6996124,__import__.stock_production_lot_J20202A09_6996124
__import__.stock_inventory_line_J21007B17_2582740,__import__.location_loc_GBM315,1,__import__.product_2582740,__import__.stock_production_lot_J21007B17_2582740
__import__.stock_inventory_line_J21007C17_2582740,__import__.location_loc_GBM315,19,__import__.product_2582740,__import__.stock_production_lot_J21007C17_2582740
__import__.stock_inventory_line_J21011D30_1658699,__import__.location_loc_GF12F5,29,__import__.product_1658699,__import__.stock_production_lot_J21011D30_1658699
__import__.stock_inventory_line_J2200827_6725974,__import__.location_loc_GD04C2,16,__import__.product_6725974,__import__.stock_production_lot_J2200827_6725974
__import__.stock_inventory_line_J2200928_6725974,__import__.location_loc_GD04C2,37,__import__.product_6725974,__import__.stock_production_lot_J2200928_6725974
__import__.stock_inventory_line_J2700103_3396751,__import__.location_loc_GC02B4,17,__import__.product_3396751,__import__.stock_production_lot_J2700103_3396751
__import__.stock_inventory_line_J31425E_2389179,__import__.location_loc_GBR204,4,__import__.product_2389179,__import__.stock_production_lot_J31425E_2389179
__import__.stock_inventory_line_J32466C_3074226,__import__.location_loc_GH09C4,4,__import__.product_3074226,__import__.stock_production_lot_J32466C_3074226
__import__.stock_inventory_line_J32466D_3074226,__import__.location_loc_GH09C4,20,__import__.product_3074226,__import__.stock_production_lot_J32466D_3074226
__import__.stock_inventory_line_J32472_3254588,__import__.location_loc_GBK409,3,__import__.product_3254588,__import__.stock_production_lot_J32472_3254588
__import__.stock_inventory_line_J32473_3254588,__import__.location_loc_GBK409,198,__import__.product_3254588,__import__.stock_production_lot_J32473_3254588
__import__.stock_inventory_line_J6K0448LX_8008260,__import__.location_loc_GC12D2,3,__import__.product_8008260,__import__.stock_production_lot_J6K0448LX_8008260
__import__.stock_inventory_line_J6L1751LX_8008260,__import__.location_loc_GC12D2,2,__import__.product_8008260,__import__.stock_production_lot_J6L1751LX_8008260
__import__.stock_inventory_line_J6M1313LX_8008337,__import__.location_loc_GGC404,45,__import__.product_8008337,__import__.stock_production_lot_J6M1313LX_8008337
__import__.stock_inventory_line_J6M1533LX_8008260,__import__.location_loc_GC12D2,1,__import__.product_8008260,__import__.stock_production_lot_J6M1533LX_8008260
__import__.stock_inventory_line_J6M1692LX_8008337,__import__.location_loc_GGC404,60,__import__.product_8008337,__import__.stock_production_lot_J6M1692LX_8008337
__import__.stock_inventory_line_J7D0255LX_8008260,__import__.location_loc_GC12D2,48,__import__.product_8008260,__import__.stock_production_lot_J7D0255LX_8008260
__import__.stock_inventory_line_J7E1068LX_8008260,__import__.location_loc_GC12D2,29,__import__.product_8008260,__import__.stock_production_lot_J7E1068LX_8008260
__import__.stock_inventory_line_J7F1363LX_8008337,__import__.location_loc_GGC404,12,__import__.product_8008337,__import__.stock_production_lot_J7F1363LX_8008337
__import__.stock_inventory_line_KAK605_8011196,__import__.location_loc_EXA200,6,__import__.product_8011196,__import__.stock_production_lot_KAK605_8011196
__import__.stock_inventory_line_KA5CGBN_8050983,__import__.location_loc_EXA600,3,__import__.product_8050983,__import__.stock_production_lot_KA5CGBN_8050983
__import__.stock_inventory_line_KA8BKZQ0_8012095,__import__.location_loc_EXA500,34,__import__.product_8012095,__import__.stock_production_lot_KA8BKZQ0_8012095
__import__.stock_inventory_line_KA8BLHR0_8345721,__import__.location_loc_EXA200,32,__import__.product_8345721,__import__.stock_production_lot_KA8BLHR0_8345721
__import__.stock_inventory_line_KA8BTLR0_5140310,__import__.location_loc_EXA200,32,__import__.product_5140310,__import__.stock_production_lot_KA8BTLR0_5140310
__import__.stock_inventory_line_KB8GMPP0_7140310,__import__.location_loc_EXA400,17,__import__.product_7140310,__import__.stock_production_lot_KB8GMPP0_7140310
__import__.stock_inventory_line_KD5CBLN_8050836,__import__.location_loc_EXA100,18,__import__.product_8050836,__import__.stock_production_lot_KD5CBLN_8050836
__import__.stock_inventory_line_KD5DJHV_5014444,__import__.location_loc_EXA300,7,__import__.product_5014444,__import__.stock_production_lot_KD5DJHV_5014444
__import__.stock_inventory_line_KGH134_8010417,__import__.location_loc_EXA500,9,__import__.product_8010417,__import__.stock_production_lot_KGH134_8010417
__import__.stock_inventory_line_KGK083_5142434,__import__.location_loc_EXA200,35,__import__.product_5142434,__import__.stock_production_lot_KGK083_5142434
__import__.stock_inventory_line_KG5GJHN_7140442,__import__.location_loc_EXA100,25,__import__.product_7140442,__import__.stock_production_lot_KG5GJHN_7140442
__import__.stock_inventory_line_KG8BWTP0_7149518,__import__.location_loc_EXA300,24,__import__.product_7149518,__import__.stock_production_lot_KG8BWTP0_7149518
__import__.stock_inventory_line_KJE926_8010481,__import__.location_loc_EXA600,1,__import__.product_8010481,__import__.stock_production_lot_KJE926_8010481
__import__.stock_inventory_line_KJJ534_8481890,__import__.location_loc_EOD163,1,__import__.product_8481890,__import__.stock_production_lot_KJJ534_8481890
__import__.stock_inventory_line_KJZ070_8012468,__import__.location_loc_EXA200,33,__import__.product_8012468,__import__.stock_production_lot_KJZ070_8012468
__import__.stock_inventory_line_KJ8BDJP0_8012103,__import__.location_loc_EXA600,32,__import__.product_8012103,__import__.stock_production_lot_KJ8BDJP0_8012103
__import__.stock_inventory_line_KJ8CHSP0_8012391,__import__.location_loc_EXA300,34,__import__.product_8012391,__import__.stock_production_lot_KJ8CHSP0_8012391
__import__.stock_inventory_line_KJ8DPRR0_5140397,__import__.location_loc_EXA500,21,__import__.product_5140397,__import__.stock_production_lot_KJ8DPRR0_5140397
__import__.stock_inventory_line_KKH237_8288928,__import__.location_loc_EXA600,48,__import__.product_8288928,__import__.stock_production_lot_KKH237_8288928
__import__.stock_inventory_line_KK5BCQM_7143115,__import__.location_loc_GGK306,15,__import__.product_7143115,__import__.stock_production_lot_KK5BCQM_7143115
__import__.stock_inventory_line_KK5DDQN_8050842,__import__.location_loc_EXA100,38,__import__.product_8050842,__import__.stock_production_lot_KK5DDQN_8050842
__import__.stock_inventory_line_KK8GCPR0_5140519,__import__.location_loc_EXA500,43,__import__.product_5140519,__import__.stock_production_lot_KK8GCPR0_5140519
__import__.stock_inventory_line_KK8GKBD0_7144507,__import__.location_loc_EXA600,3,__import__.product_7144507,__import__.stock_production_lot_KK8GKBD0_7144507
__import__.stock_inventory_line_KLJ544_8010469,__import__.location_loc_EXA600,1,__import__.product_8010469,__import__.stock_production_lot_KLJ544_8010469
__import__.stock_inventory_line_KL5BGXV_5014424,__import__.location_loc_EXA300,10,__import__.product_5014424,__import__.stock_production_lot_KL5BGXV_5014424
__import__.stock_inventory_line_KL5BJWN_7141305,__import__.location_loc_EXA100,20,__import__.product_7141305,__import__.stock_production_lot_KL5BJWN_7141305
__import__.stock_inventory_line_KL5BLXN_8050954,__import__.location_loc_EXA300,9,__import__.product_8050954,__import__.stock_production_lot_KL5BLXN_8050954
__import__.stock_inventory_line_KL5DKSN_8008490,__import__.location_loc_EXA400,2,__import__.product_8008490,__import__.stock_production_lot_KL5DKSN_8008490
__import__.stock_inventory_line_KL5DSN_8008490,__import__.location_loc_EXA400,12,__import__.product_8008490,__import__.stock_production_lot_KL5DSN_8008490
__import__.stock_inventory_line_KL5GHHV_8168584,__import__.location_loc_EXA500,11,__import__.product_8168584,__import__.stock_production_lot_KL5GHHV_8168584
__import__.stock_inventory_line_KL602C04_2407385,__import__.location_loc_GF11C2,5,__import__.product_2407385,__import__.stock_production_lot_KL602C04_2407385
__import__.stock_inventory_line_KL605C03_2407377,__import__.location_loc_GGH309,14,__import__.product_2407377,__import__.stock_production_lot_KL605C03_2407377
__import__.stock_inventory_line_KL605D02_2407351,__import__.location_loc_GBI303,7,__import__.product_2407351,__import__.stock_production_lot_KL605D02_2407351
__import__.stock_inventory_line_KL8BXJP0_8012103,__import__.location_loc_EXA600,36,__import__.product_8012103,__import__.stock_production_lot_KL8BXJP0_8012103
__import__.stock_inventory_line_KMJ175_7140032,__import__.location_loc_EXA600,86,__import__.product_7140032,__import__.stock_production_lot_KMJ175_7140032
__import__.stock_inventory_line_KM5BZRN_7143170,__import__.location_loc_EXA300,14,__import__.product_7143170,__import__.stock_production_lot_KM5BZRN_7143170
__import__.stock_inventory_line_KM6415_8012020,__import__.location_loc_EXA400,38,__import__.product_8012020,__import__.stock_production_lot_KM6415_8012020
__import__.stock_inventory_line_KM8BBMP1_8012416,__import__.location_loc_EXA300,27,__import__.product_8012416,__import__.stock_production_lot_KM8BBMP1_8012416
__import__.stock_inventory_line_KM8CCKQ0_5140451,__import__.location_loc_EXA500,30,__import__.product_5140451,__import__.stock_production_lot_KM8CCKQ0_5140451
__import__.stock_inventory_line_KM8CHGP0_7140451,__import__.location_loc_EXA600,7,__import__.product_7140451,__import__.stock_production_lot_KM8CHGP0_7140451
__import__.stock_inventory_line_KM8GDDQ0_8012385,__import__.location_loc_EXA300,69,__import__.product_8012385,__import__.stock_production_lot_KM8GDDQ0_8012385
__import__.stock_inventory_line_KM8GGDP0_8051333,__import__.location_loc_EXA200,9,__import__.product_8051333,__import__.stock_production_lot_KM8GGDP0_8051333
__import__.stock_inventory_line_KPOBANV_2554517,__import__.location_loc_GGG204,1,__import__.product_2554517,__import__.stock_production_lot_KPOBANV_2554517
__import__.stock_inventory_line_KPOBSNG_2764108,__import__.location_loc_GD11D3,58,__import__.product_2764108,__import__.stock_production_lot_KPOBSNG_2764108
__import__.stock_inventory_line_KPOBZ8P_1154608,__import__.location_loc_GBT107,2,__import__.product_1154608,__import__.stock_production_lot_KPOBZ8P_1154608
__import__.stock_inventory_line_KPR668_8011115,__import__.location_loc_EXA100,35,__import__.product_8011115,__import__.stock_production_lot_KPR668_8011115
__import__.stock_inventory_line_KPX000X_2457729,__import__.location_loc_GF12A3,3,__import__.product_2457729,__import__.stock_production_lot_KPX000X_2457729
__import__.stock_inventory_line_KPX002Z_2457760,__import__.location_loc_GF09D1,11,__import__.product_2457760,__import__.stock_production_lot_KPX002Z_2457760
__import__.stock_inventory_line_KPX0029_2457752,__import__.location_loc_GF09A3,4,__import__.product_2457752,__import__.stock_production_lot_KPX0029_2457752
__import__.stock_inventory_line_KPX0030_2457687,__import__.location_loc_GBT101,3,__import__.product_2457687,__import__.stock_production_lot_KPX0030_2457687
__import__.stock_inventory_line_KPX0036_2457745,__import__.location_loc_GBI502,17,__import__.product_2457745,__import__.stock_production_lot_KPX0036_2457745
__import__.stock_inventory_line_KPX0047_2457711,__import__.location_loc_GBG109,59,__import__.product_2457711,__import__.stock_production_lot_KPX0047_2457711
__import__.stock_inventory_line_KPX0048_2457687,__import__.location_loc_GBT101,48,__import__.product_2457687,__import__.stock_production_lot_KPX0048_2457687
__import__.stock_inventory_line_KPZZZAU_3019833,__import__.location_loc_GE26A3,29,__import__.product_3019833,__import__.stock_production_lot_KPZZZAU_3019833
__import__.stock_inventory_line_KP0AJNV_2737641,__import__.location_loc_GF12B4,2,__import__.product_2737641,__import__.stock_production_lot_KP0AJNV_2737641
__import__.stock_inventory_line_KP0AJNW_2737674,__import__.location_loc_GD09B4,5,__import__.product_2737674,__import__.stock_production_lot_KP0AJNW_2737674
__import__.stock_inventory_line_KP0APVK_1388966,__import__.location_loc_GAB500,17,__import__.product_1388966,__import__.stock_production_lot_KP0APVK_1388966
__import__.stock_inventory_line_KP0ASE9_2568822,__import__.location_loc_GE24D3,1,__import__.product_2568822,__import__.stock_production_lot_KP0ASE9_2568822
__import__.stock_inventory_line_KP0AUVC_3162302,__import__.location_loc_GE16D5,5,__import__.product_3162302,__import__.stock_production_lot_KP0AUVC_3162302
__import__.stock_inventory_line_KP0AVKZ_3162328,__import__.location_loc_GE32A4,26,__import__.product_3162328,__import__.stock_production_lot_KP0AVKZ_3162328
__import__.stock_inventory_line_KP0AVLD_3162310,__import__.location_loc_GF27A5,19,__import__.product_3162310,__import__.stock_production_lot_KP0AVLD_3162310
__import__.stock_inventory_line_KP0AW38_2087062,__import__.location_loc_GI09B1,529,__import__.product_2087062,__import__.stock_production_lot_KP0AW38_2087062
__import__.stock_inventory_line_KP0BCJH_1357201,__import__.location_loc_GI13B1,222,__import__.product_1357201,__import__.stock_production_lot_KP0BCJH_1357201
__import__.stock_inventory_line_KP0BFFD_2885499,__import__.location_loc_GGK405,9,__import__.product_2885499,__import__.stock_production_lot_KP0BFFD_2885499
__import__.stock_inventory_line_KP0BFV3_2737609,__import__.location_loc_GF29B4,4,__import__.product_2737609,__import__.stock_production_lot_KP0BFV3_2737609
__import__.stock_inventory_line_KP0BGBK_2769032,__import__.location_loc_GE28B3,6,__import__.product_2769032,__import__.stock_production_lot_KP0BGBK_2769032
__import__.stock_inventory_line_KP0BHRA_2720704,__import__.location_loc_GF11B3,21,__import__.product_2720704,__import__.stock_production_lot_KP0BHRA_2720704
__import__.stock_inventory_line_KP0BHZP_1357201,__import__.location_loc_GI13B1,780,__import__.product_1357201,__import__.stock_production_lot_KP0BHZP_1357201
__import__.stock_inventory_line_KP0BH1V_2679215,__import__.location_loc_GD11B1,3,__import__.product_2679215,__import__.stock_production_lot_KP0BH1V_2679215
__import__.stock_inventory_line_KP0BH7N_0661132,__import__.location_loc_GI05A1,61,__import__.product_0661132,__import__.stock_production_lot_KP0BH7N_0661132
__import__.stock_inventory_line_KP0BJ0K_0663054,__import__.location_loc_GBI406,2,__import__.product_0663054,__import__.stock_production_lot_KP0BJ0K_0663054
__import__.stock_inventory_line_KP0BJ5V_2737682,__import__.location_loc_GBI103,4,__import__.product_2737682,__import__.stock_production_lot_KP0BJ5V_2737682
__import__.stock_inventory_line_KP0BJ5Z_1357219,__import__.location_loc_GBP411,584,__import__.product_1357219,__import__.stock_production_lot_KP0BJ5Z_1357219
__import__.stock_inventory_line_KP0BKD0_1770536,__import__.location_loc_GGH401,53,__import__.product_1770536,__import__.stock_production_lot_KP0BKD0_1770536
__import__.stock_inventory_line_KP0BLLL_1122118,__import__.location_loc_GBT507,105,__import__.product_1122118,__import__.stock_production_lot_KP0BLLL_1122118
__import__.stock_inventory_line_KP0BLSV_2386001,__import__.location_loc_GGT403,10,__import__.product_2386001,__import__.stock_production_lot_KP0BLSV_2386001
__import__.stock_inventory_line_KP0BL7K_0624825,__import__.location_loc_GBM209,8,__import__.product_0624825,__import__.stock_production_lot_KP0BL7K_0624825
__import__.stock_inventory_line_KP0BNAS_2399681,__import__.location_loc_GBE203,225,__import__.product_2399681,__import__.stock_production_lot_KP0BNAS_2399681
__import__.stock_inventory_line_KP0BPBZ_2687291,__import__.location_loc_GD11A3,3,__import__.product_2687291,__import__.stock_production_lot_KP0BPBZ_2687291
__import__.stock_inventory_line_KP0BPGA_1357235,__import__.location_loc_GBT407,166,__import__.product_1357235,__import__.stock_production_lot_KP0BPGA_1357235
__import__.stock_inventory_line_KP0BPHA_1770510,__import__.location_loc_GBG115,225,__import__.product_1770510,__import__.stock_production_lot_KP0BPHA_1770510
__import__.stock_inventory_line_KP0BPXB_1357227,__import__.location_loc_GBT115,401,__import__.product_1357227,__import__.stock_production_lot_KP0BPXB_1357227
__import__.stock_inventory_line_KP0BSC8_1770569,__import__.location_loc_GGB106,66,__import__.product_1770569,__import__.stock_production_lot_KP0BSC8_1770569
__import__.stock_inventory_line_KP0BSEE_1384387,__import__.location_loc_GBI105,1,__import__.product_1384387,__import__.stock_production_lot_KP0BSEE_1384387
__import__.stock_inventory_line_KP0BSNN_2737690,__import__.location_loc_GC23C3,57,__import__.product_2737690,__import__.stock_production_lot_KP0BSNN_2737690
__import__.stock_inventory_line_KP0BSVB_1770528,__import__.location_loc_GGH105,371,__import__.product_1770528,__import__.stock_production_lot_KP0BSVB_1770528
__import__.stock_inventory_line_KP0BSVE_2247898,__import__.location_loc_GF10C5,75,__import__.product_2247898,__import__.stock_production_lot_KP0BSVE_2247898
__import__.stock_inventory_line_KP0BSVU_2385987,__import__.location_loc_GBT315,122,__import__.product_2385987,__import__.stock_production_lot_KP0BSVU_2385987
__import__.stock_inventory_line_KP0BSWK_3245685,__import__.location_loc_GE28B5,3,__import__.product_3245685,__import__.stock_production_lot_KP0BSWK_3245685
__import__.stock_inventory_line_KP0BSWL_1122126,__import__.location_loc_GD23C1,147,__import__.product_1122126,__import__.stock_production_lot_KP0BSWL_1122126
__import__.stock_inventory_line_KP0BSXB_5260048,__import__.location_loc_GGB204,108,__import__.product_5260048,__import__.stock_production_lot_KP0BSXB_5260048
__import__.stock_inventory_line_KP0BUUZ_5260049,__import__.location_loc_GBX207,414,__import__.product_5260049,__import__.stock_production_lot_KP0BUUZ_5260049
__import__.stock_inventory_line_KP0BU3G_6260010,__import__.location_loc_GK12A4,6,__import__.product_6260010,__import__.stock_production_lot_KP0BU3G_6260010
__import__.stock_inventory_line_KP0BU4Z_2087054,__import__.location_loc_GK01B2,9,__import__.product_2087054,__import__.stock_production_lot_KP0BU4Z_2087054
__import__.stock_inventory_line_KP0BU7E_1088897,__import__.location_loc_GK14A3,58,__import__.product_1088897,__import__.stock_production_lot_KP0BU7E_1088897
__import__.stock_inventory_line_KP0BWF3_2554517,__import__.location_loc_GGG204,19,__import__.product_2554517,__import__.stock_production_lot_KP0BWF3_2554517
__import__.stock_inventory_line_KP0BWJZ_0810879,__import__.location_loc_GK09A1,44,__import__.product_0810879,__import__.stock_production_lot_KP0BWJZ_0810879
__import__.stock_inventory_line_KP0BWKU_1255058,__import__.location_loc_GBT203,182,__import__.product_1255058,__import__.stock_production_lot_KP0BWKU_1255058
__import__.stock_inventory_line_KP0BWUV_3245685,__import__.location_loc_GE28B5,11,__import__.product_3245685,__import__.stock_production_lot_KP0BWUV_3245685
__import__.stock_inventory_line_KP0BWZ8_2656742,__import__.location_loc_GF31C3,4,__import__.product_2656742,__import__.stock_production_lot_KP0BWZ8_2656742
__import__.stock_inventory_line_KP0BXSS_0369124,__import__.location_loc_GBT209,89,__import__.product_0369124,__import__.stock_production_lot_KP0BXSS_0369124
__import__.stock_inventory_line_KP0BXVJ_0076901,__import__.location_loc_GBU402,26,__import__.product_0076901,__import__.stock_production_lot_KP0BXVJ_0076901
__import__.stock_inventory_line_KP0BXZB_0063784,__import__.location_loc_GBT517,105,__import__.product_0063784,__import__.stock_production_lot_KP0BXZB_0063784
__import__.stock_inventory_line_KP0BX4C_2679157,__import__.location_loc_GBX407,33,__import__.product_2679157,__import__.stock_production_lot_KP0BX4C_2679157
__import__.stock_inventory_line_KP0BZL2_2087088,__import__.location_loc_GI05B4,288,__import__.product_2087088,__import__.stock_production_lot_KP0BZL2_2087088
__import__.stock_inventory_line_KP0BZT0_2764116,__import__.location_loc_GGE208,91,__import__.product_2764116,__import__.stock_production_lot_KP0BZT0_2764116
__import__.stock_inventory_line_KP0BZ2G_6260010,__import__.location_loc_GK12A4,66,__import__.product_6260010,__import__.stock_production_lot_KP0BZ2G_6260010
__import__.stock_inventory_line_KP0BZ3T_1255066,__import__.location_loc_GBC302,10,__import__.product_1255066,__import__.stock_production_lot_KP0BZ3T_1255066
__import__.stock_inventory_line_KP0B11S_0661132,__import__.location_loc_GI05A1,22,__import__.product_0661132,__import__.stock_production_lot_KP0B11S_0661132
__import__.stock_inventory_line_KP0B2RT_2247856,__import__.location_loc_GC15A3,24,__import__.product_2247856,__import__.stock_production_lot_KP0B2RT_2247856
__import__.stock_inventory_line_KP0B2S7_2554509,__import__.location_loc_GF12B5,12,__import__.product_2554509,__import__.stock_production_lot_KP0B2S7_2554509
__import__.stock_inventory_line_KP0B23S_3162336,__import__.location_loc_GE28C5,20,__import__.product_3162336,__import__.stock_production_lot_KP0B23S_3162336
__import__.stock_inventory_line_KP0B23W_3162302,__import__.location_loc_GE16D5,8,__import__.product_3162302,__import__.stock_production_lot_KP0B23W_3162302
__import__.stock_inventory_line_KP0B58F_2769032,__import__.location_loc_GE28B3,4,__import__.product_2769032,__import__.stock_production_lot_KP0B58F_2769032
__import__.stock_inventory_line_KP0B7ER_2737583,__import__.location_loc_GF20E6,1,__import__.product_2737583,__import__.stock_production_lot_KP0B7ER_2737583
__import__.stock_inventory_line_KP0B9BL_2568822,__import__.location_loc_GE24D3,5,__import__.product_2568822,__import__.stock_production_lot_KP0B9BL_2568822
__import__.stock_inventory_line_KP0B9RZ_0810879,__import__.location_loc_GK09A1,12,__import__.product_0810879,__import__.stock_production_lot_KP0B9RZ_0810879
__import__.stock_inventory_line_KP0B9VP_2737625,__import__.location_loc_GE26D2,1,__import__.product_2737625,__import__.stock_production_lot_KP0B9VP_2737625
__import__.stock_inventory_line_KP0B98D_1749175,__import__.location_loc_GBN304,3,__import__.product_1749175,__import__.stock_production_lot_KP0B98D_1749175
__import__.stock_inventory_line_KP0CBAU_2322634,__import__.location_loc_GE12B4,1,__import__.product_2322634,__import__.stock_production_lot_KP0CBAU_2322634
__import__.stock_inventory_line_KP0CBLL_0029132,__import__.location_loc_GI11A1,1426,__import__.product_0029132,__import__.stock_production_lot_KP0CBLL_0029132
__import__.stock_inventory_line_KP0C0A3_0810879,__import__.location_loc_GK09A1,62,__import__.product_0810879,__import__.stock_production_lot_KP0C0A3_0810879
__import__.stock_inventory_line_KP0C0N9_2764124,__import__.location_loc_GE32D2,103,__import__.product_2764124,__import__.stock_production_lot_KP0C0N9_2764124
__import__.stock_inventory_line_KP0C0ST_2656759,__import__.location_loc_GBY304,134,__import__.product_2656759,__import__.stock_production_lot_KP0C0ST_2656759
__import__.stock_inventory_line_KP0C03V_2581965,__import__.location_loc_GGR503,19,__import__.product_2581965,__import__.stock_production_lot_KP0C03V_2581965
__import__.stock_inventory_line_KP0C079_1154582,__import__.location_loc_GBP309,12,__import__.product_1154582,__import__.stock_production_lot_KP0C079_1154582
__import__.stock_inventory_line_KP0C11F_2890184,__import__.location_loc_GBA501,322,__import__.product_2890184,__import__.stock_production_lot_KP0C11F_2890184
__import__.stock_inventory_line_KP0C2E0_2598332,__import__.location_loc_GBS202,5,__import__.product_2598332,__import__.stock_production_lot_KP0C2E0_2598332
__import__.stock_inventory_line_KP0C2GG_2385987,__import__.location_loc_GBT315,6,__import__.product_2385987,__import__.stock_production_lot_KP0C2GG_2385987
__import__.stock_inventory_line_KP0C202_2065688,__import__.location_loc_GBC204,47,__import__.product_2065688,__import__.stock_production_lot_KP0C202_2065688
__import__.stock_inventory_line_KP0C229_2087070,__import__.location_loc_GBX513,466,__import__.product_2087070,__import__.stock_production_lot_KP0C229_2087070
__import__.stock_inventory_line_KP0C25B_2885481,__import__.location_loc_GBN401,6,__import__.product_2885481,__import__.stock_production_lot_KP0C25B_2885481
__import__.stock_inventory_line_KP0C25C_2247872,__import__.location_loc_GGL307,131,__import__.product_2247872,__import__.stock_production_lot_KP0C25C_2247872
__import__.stock_inventory_line_KP0C25C_2656783,__import__.location_loc_GF09D4,54,__import__.product_2656783,__import__.stock_production_lot_KP0C25C_2656783
__import__.stock_inventory_line_KP0C3GU_2764090,__import__.location_loc_GE30C2,139,__import__.product_2764090,__import__.stock_production_lot_KP0C3GU_2764090
__import__.stock_inventory_line_KP0C3VA_1357276,__import__.location_loc_GBT201,14,__import__.product_1357276,__import__.stock_production_lot_KP0C3VA_1357276
__import__.stock_inventory_line_KP0C3V8_0063792,__import__.location_loc_GBT215,56,__import__.product_0063792,__import__.stock_production_lot_KP0C3V8_0063792
__import__.stock_inventory_line_KP0C3XU_2886943,__import__.location_loc_GBD313,324,__import__.product_2886943,__import__.stock_production_lot_KP0C3XU_2886943
__import__.stock_inventory_line_KP0C34P_6260026,__import__.location_loc_GAK110,922,__import__.product_6260026,__import__.stock_production_lot_KP0C34P_6260026
__import__.stock_inventory_line_KP0C35T_1155748,__import__.location_loc_GBM503,6,__import__.product_1155748,__import__.stock_production_lot_KP0C35T_1155748
__import__.stock_inventory_line_KP0C355_0897090,__import__.location_loc_GBT119,27,__import__.product_0897090,__import__.stock_production_lot_KP0C355_0897090
__import__.stock_inventory_line_KP0C386_2890192,__import__.location_loc_GBP513,756,__import__.product_2890192,__import__.stock_production_lot_KP0C386_2890192
__import__.stock_inventory_line_KP0C387_2890200,__import__.location_loc_GBD213,995,__import__.product_2890200,__import__.stock_production_lot_KP0C387_2890200
__import__.stock_inventory_line_KP0C4D0_1357292,__import__.location_loc_GBT111,67,__import__.product_1357292,__import__.stock_production_lot_KP0C4D0_1357292
__import__.stock_inventory_line_KP0C4L2_1357235,__import__.location_loc_GBT407,600,__import__.product_1357235,__import__.stock_production_lot_KP0C4L2_1357235
__import__.stock_inventory_line_KP0C4UL_2087054,__import__.location_loc_GK01B2,515,__import__.product_2087054,__import__.stock_production_lot_KP0C4UL_2087054
__import__.stock_inventory_line_KP0C463_1435981,__import__.location_loc_GGE105,38,__import__.product_1435981,__import__.stock_production_lot_KP0C463_1435981
__import__.stock_inventory_line_KP0C466_1357243,__import__.location_loc_GBM405,46,__import__.product_1357243,__import__.stock_production_lot_KP0C466_1357243
__import__.stock_inventory_line_KP0C49N_1357284,__import__.location_loc_GBT211,26,__import__.product_1357284,__import__.stock_production_lot_KP0C49N_1357284
__import__.stock_inventory_line_KP0C5D3_4241806,__import__.location_loc_GD32B1,6,__import__.product_4241806,__import__.stock_production_lot_KP0C5D3_4241806
__import__.stock_inventory_line_KP0C5G3_2247914,__import__.location_loc_GE13C3,14,__import__.product_2247914,__import__.stock_production_lot_KP0C5G3_2247914
__import__.stock_inventory_line_KP0C5K7_1384387,__import__.location_loc_GBI105,8,__import__.product_1384387,__import__.stock_production_lot_KP0C5K7_1384387
__import__.stock_inventory_line_KP0C5L4_0616300,__import__.location_loc_GBT117,15,__import__.product_0616300,__import__.stock_production_lot_KP0C5L4_0616300
__import__.stock_inventory_line_KP0C5XE_1155748,__import__.location_loc_GBM503,37,__import__.product_1155748,__import__.stock_production_lot_KP0C5XE_1155748
__import__.stock_inventory_line_KP0C6BU_1154590,__import__.location_loc_GBP101,46,__import__.product_1154590,__import__.stock_production_lot_KP0C6BU_1154590
__import__.stock_inventory_line_KP0C62D_2582039,__import__.location_loc_GBN405,2,__import__.product_2582039,__import__.stock_production_lot_KP0C62D_2582039
__import__.stock_inventory_line_KP0C647_1770510,__import__.location_loc_GBG115,149,__import__.product_1770510,__import__.stock_production_lot_KP0C647_1770510
__import__.stock_inventory_line_KP0C657_2890184,__import__.location_loc_GBA501,192,__import__.product_2890184,__import__.stock_production_lot_KP0C657_2890184
__import__.stock_inventory_line_KP0C689_2087088,__import__.location_loc_GI05B4,700,__import__.product_2087088,__import__.stock_production_lot_KP0C689_2087088
__import__.stock_inventory_line_KP0C7N8_2849891,__import__.location_loc_GH07E4,73,__import__.product_2849891,__import__.stock_production_lot_KP0C7N8_2849891
__import__.stock_inventory_line_KP0C72U_2890184,__import__.location_loc_GBA501,408,__import__.product_2890184,__import__.stock_production_lot_KP0C72U_2890184
__import__.stock_inventory_line_KP0C82N_3582277,__import__.location_loc_GD28C4,35,__import__.product_3582277,__import__.stock_production_lot_KP0C82N_3582277
__import__.stock_inventory_line_KP5BHGN_8050983,__import__.location_loc_EXA600,12,__import__.product_8050983,__import__.stock_production_lot_KP5BHGN_8050983
__import__.stock_inventory_line_KP5BWHN_8053438,__import__.location_loc_EXA200,42,__import__.product_8053438,__import__.stock_production_lot_KP5BWHN_8053438
__import__.stock_inventory_line_KP5DBWN_8011405,__import__.location_loc_EXA100,4,__import__.product_8011405,__import__.stock_production_lot_KP5DBWN_8011405
__import__.stock_inventory_line_KP8CLDQ0_8012563,__import__.location_loc_EXA400,5,__import__.product_8012563,__import__.stock_production_lot_KP8CLDQ0_8012563
__import__.stock_inventory_line_KP8CZMQ0_5141398,__import__.location_loc_EXA500,68,__import__.product_5141398,__import__.stock_production_lot_KP8CZMQ0_5141398
__import__.stock_inventory_line_K001_1202969,__import__.location_loc_GGL402,47,__import__.product_1202969,__import__.stock_production_lot_K001_1202969
__import__.stock_inventory_line_K001_1430297,__import__.location_loc_GBA207,48,__import__.product_1430297,__import__.stock_production_lot_K001_1430297
__import__.stock_inventory_line_K002_2101798,__import__.location_loc_GBT417,49,__import__.product_2101798,__import__.stock_production_lot_K002_2101798
__import__.stock_inventory_line_K004_2936706,__import__.location_loc_GE07D5,23,__import__.product_2936706,__import__.stock_production_lot_K004_2936706
__import__.stock_inventory_line_K005_2101798,__import__.location_loc_GBT417,3,__import__.product_2101798,__import__.stock_production_lot_K005_2101798
__import__.stock_inventory_line_K0201_2502722,__import__.location_loc_GBD115,104,__import__.product_2502722,__import__.stock_production_lot_K0201_2502722
__import__.stock_inventory_line_K1360528_1013390,__import__.location_loc_GBP211,25,__import__.product_1013390,__import__.stock_production_lot_K1360528_1013390
__import__.stock_inventory_line_K1360929_1013390,__import__.location_loc_GBP211,144,__import__.product_1013390,__import__.stock_production_lot_K1360929_1013390
__import__.stock_inventory_line_K16000130_2996767,__import__.location_loc_GC14A3,1,__import__.product_2996767,__import__.stock_production_lot_K16000130_2996767
__import__.stock_inventory_line_K16000336_2996775,__import__.location_loc_GGG101,2,__import__.product_2996775,__import__.stock_production_lot_K16000336_2996775
__import__.stock_inventory_line_K20803C48_2266781,__import__.location_loc_GBV305,49,__import__.product_2266781,__import__.stock_production_lot_K20803C48_2266781
__import__.stock_inventory_line_K2101618_2582740,__import__.location_loc_GBM315,20,__import__.product_2582740,__import__.stock_production_lot_K2101618_2582740
__import__.stock_inventory_line_K2400147_2747897,__import__.location_loc_GE15D7,29,__import__.product_2747897,__import__.stock_production_lot_K2400147_2747897
__import__.stock_inventory_line_K2500108_3215498,__import__.location_loc_GE03D2,22,__import__.product_3215498,__import__.stock_production_lot_K2500108_3215498
__import__.stock_inventory_line_K25016_9512028,__import__.location_loc_GAD325,24,__import__.product_9512028,__import__.stock_production_lot_K25016_9512028
__import__.stock_inventory_line_K3PI_8034435,__import__.location_loc_EOF216,2,__import__.product_8034435,__import__.stock_production_lot_K3PI_8034435
__import__.stock_inventory_line_K31505B_3020880,__import__.location_loc_GGK301,7,__import__.product_3020880,__import__.stock_production_lot_K31505B_3020880
__import__.stock_inventory_line_K32512B_3113776,__import__.location_loc_GBE201,150,__import__.product_3113776,__import__.stock_production_lot_K32512B_3113776
__import__.stock_inventory_line_K32531C_2389179,__import__.location_loc_GBR204,18,__import__.product_2389179,__import__.stock_production_lot_K32531C_2389179
__import__.stock_inventory_line_K7VD_8331469,__import__.location_loc_EOE117,10,__import__.product_8331469,__import__.stock_production_lot_K7VD_8331469
__import__.stock_inventory_line_K791_4686098,__import__.location_loc_GGR403,17,__import__.product_4686098,__import__.stock_production_lot_K791_4686098
__import__.stock_inventory_line_LAH799_8010469,__import__.location_loc_EXA600,36,__import__.product_8010469,__import__.stock_production_lot_LAH799_8010469
__import__.stock_inventory_line_LA7BSWN_7140422,__import__.location_loc_EXA400,15,__import__.product_7140422,__import__.stock_production_lot_LA7BSWN_7140422
__import__.stock_inventory_line_LA8HZRP0_8012379,__import__.location_loc_EXA300,42,__import__.product_8012379,__import__.stock_production_lot_LA8HZRP0_8012379
__import__.stock_inventory_line_LBB306_8010481,__import__.location_loc_EXA600,23,__import__.product_8010481,__import__.stock_production_lot_LBB306_8010481
__import__.stock_inventory_line_LB7CCQV_5010219,__import__.location_loc_EXA400,10,__import__.product_5010219,__import__.stock_production_lot_LB7CCQV_5010219
__import__.stock_inventory_line_LB7CRSP_8188405,__import__.location_loc_EXA100,33,__import__.product_8188405,__import__.stock_production_lot_LB7CRSP_8188405
__import__.stock_inventory_line_LB7DBKN_8481973,__import__.location_loc_EXA400,36,__import__.product_8481973,__import__.stock_production_lot_LB7DBKN_8481973
__import__.stock_inventory_line_LB7DRWN_8481973,__import__.location_loc_EXA400,19,__import__.product_8481973,__import__.stock_production_lot_LB7DRWN_8481973
__import__.stock_inventory_line_LB8CGZP0_8012238,__import__.location_loc_EXA200,30,__import__.product_8012238,__import__.stock_production_lot_LB8CGZP0_8012238
__import__.stock_inventory_line_LB8CPDP0_8051333,__import__.location_loc_EXA200,27,__import__.product_8051333,__import__.stock_production_lot_LB8CPDP0_8051333
__import__.stock_inventory_line_LB8CPTP0_8012126,__import__.location_loc_EXA100,16,__import__.product_8012126,__import__.stock_production_lot_LB8CPTP0_8012126
__import__.stock_inventory_line_LB8DJKP0_8012304,__import__.location_loc_EXA200,48,__import__.product_8012304,__import__.stock_production_lot_LB8DJKP0_8012304
__import__.stock_inventory_line_LB8DLZP0_8012356,__import__.location_loc_EXA300,12,__import__.product_8012356,__import__.stock_production_lot_LB8DLZP0_8012356
__import__.stock_inventory_line_LB8DMRP0_8012505,__import__.location_loc_EXA500,17,__import__.product_8012505,__import__.stock_production_lot_LB8DMRP0_8012505
__import__.stock_inventory_line_LB8GBZP0_8051333,__import__.location_loc_EXA200,36,__import__.product_8051333,__import__.stock_production_lot_LB8GBZP0_8051333
__import__.stock_inventory_line_LB8GDLQ0_8012511,__import__.location_loc_EXA400,12,__import__.product_8012511,__import__.stock_production_lot_LB8GDLQ0_8012511
__import__.stock_inventory_line_LCH540_8010423,__import__.location_loc_EXA500,107,__import__.product_8010423,__import__.stock_production_lot_LCH540_8010423
__import__.stock_inventory_line_LCJ624_8010417,__import__.location_loc_EXA500,72,__import__.product_8010417,__import__.stock_production_lot_LCJ624_8010417
__import__.stock_inventory_line_LC26234A_3501228,__import__.location_loc_GGP201,4,__import__.product_3501228,__import__.stock_production_lot_LC26234A_3501228
__import__.stock_inventory_line_LC306559A_2932523,__import__.location_loc_GGR402,18,__import__.product_2932523,__import__.stock_production_lot_LC306559A_2932523
__import__.stock_inventory_line_LC30657A_2932523,__import__.location_loc_GGR402,1,__import__.product_2932523,__import__.stock_production_lot_LC30657A_2932523
__import__.stock_inventory_line_LC30659A_2932531,__import__.location_loc_GGU305,14,__import__.product_2932531,__import__.stock_production_lot_LC30659A_2932531
__import__.stock_inventory_line_LC31410A_2932549,__import__.location_loc_GF22F5,49,__import__.product_2932549,__import__.stock_production_lot_LC31410A_2932549
__import__.stock_inventory_line_LC7CSKN_7140442,__import__.location_loc_EXA100,36,__import__.product_7140442,__import__.stock_production_lot_LC7CSKN_7140442
__import__.stock_inventory_line_LC7DJXV_5010218,__import__.location_loc_EXA400,36,__import__.product_5010218,__import__.stock_production_lot_LC7DJXV_5010218
__import__.stock_inventory_line_LC8CLWP0_8012296,__import__.location_loc_EXA200,78,__import__.product_8012296,__import__.stock_production_lot_LC8CLWP0_8012296
__import__.stock_inventory_line_LC8CPPP0_5058113,__import__.location_loc_EXA100,136,__import__.product_5058113,__import__.stock_production_lot_LC8CPPP0_5058113
__import__.stock_inventory_line_LC8CQRP0_8012416,__import__.location_loc_EXA300,36,__import__.product_8012416,__import__.stock_production_lot_LC8CQRP0_8012416
__import__.stock_inventory_line_LC8CZQP0_8012451,__import__.location_loc_EXA600,7,__import__.product_8012451,__import__.stock_production_lot_LC8CZQP0_8012451
__import__.stock_inventory_line_LC8DSMP0_8012184,__import__.location_loc_EXA200,8,__import__.product_8012184,__import__.stock_production_lot_LC8DSMP0_8012184
__import__.stock_inventory_line_LDB300_8010446,__import__.location_loc_EXA500,67,__import__.product_8010446,__import__.stock_production_lot_LDB300_8010446
__import__.stock_inventory_line_LDH116_8011457,__import__.location_loc_EXA100,6,__import__.product_8011457,__import__.stock_production_lot_LDH116_8011457
__import__.stock_inventory_line_LDP736_7140320,__import__.location_loc_EXA500,55,__import__.product_7140320,__import__.stock_production_lot_LDP736_7140320
__import__.stock_inventory_line_LD179_5461251,__import__.location_loc_AK01B1,1,__import__.product_5461251,__import__.stock_production_lot_LD179_5461251
__import__.stock_inventory_line_LD7BDWV_5014424,__import__.location_loc_EXA300,36,__import__.product_5014424,__import__.stock_production_lot_LD7BDWV_5014424
__import__.stock_inventory_line_LD7DBZN_7143170,__import__.location_loc_EXA300,36,__import__.product_7143170,__import__.stock_production_lot_LD7DBZN_7143170
__import__.stock_inventory_line_LD7DHTN_8050842,__import__.location_loc_EXA100,36,__import__.product_8050842,__import__.stock_production_lot_LD7DHTN_8050842
__import__.stock_inventory_line_LD8BJZQ0_8331593,__import__.location_loc_EXA300,29,__import__.product_8331593,__import__.stock_production_lot_LD8BJZQ0_8331593
__import__.stock_inventory_line_LD8BKTQ0_8012563,__import__.location_loc_EXA400,40,__import__.product_8012563,__import__.stock_production_lot_LD8BKTQ0_8012563
__import__.stock_inventory_line_LD8BMXQ0_8012221,__import__.location_loc_EXA100,17,__import__.product_8012221,__import__.stock_production_lot_LD8BMXQ0_8012221
__import__.stock_inventory_line_LD8BMZQ0_8012333,__import__.location_loc_EXA200,19,__import__.product_8012333,__import__.stock_production_lot_LD8BMZQ0_8012333
__import__.stock_inventory_line_LD8CWWR0_5140452,__import__.location_loc_EXA200,11,__import__.product_5140452,__import__.stock_production_lot_LD8CWWR0_5140452
__import__.stock_inventory_line_LD8CZTR0_8012221,__import__.location_loc_EXA100,20,__import__.product_8012221,__import__.stock_production_lot_LD8CZTR0_8012221
__import__.stock_inventory_line_LD8DCSQ0_8012445,__import__.location_loc_EXA300,40,__import__.product_8012445,__import__.stock_production_lot_LD8DCSQ0_8012445
__import__.stock_inventory_line_LEK280_7140422,__import__.location_loc_EXA400,10,__import__.product_7140422,__import__.stock_production_lot_LEK280_7140422
__import__.stock_inventory_line_LE244731_3408382,__import__.location_loc_GBK501,17,__import__.product_3408382,__import__.stock_production_lot_LE244731_3408382
__import__.stock_inventory_line_LE2547603_2479129,__import__.location_loc_GD29D4,1,__import__.product_2479129,__import__.stock_production_lot_LE2547603_2479129
__import__.stock_inventory_line_LE5819114_2479129,__import__.location_loc_GD29D4,102,__import__.product_2479129,__import__.stock_production_lot_LE5819114_2479129
__import__.stock_inventory_line_LE6040952_3127958,__import__.location_loc_GGG304,188,__import__.product_3127958,__import__.stock_production_lot_LE6040952_3127958
__import__.stock_inventory_line_LE6060289_5812308,__import__.location_loc_GD03B2,41,__import__.product_5812308,__import__.stock_production_lot_LE6060289_5812308
__import__.stock_inventory_line_LE6394945_2624229,__import__.location_loc_GBS402,41,__import__.product_2624229,__import__.stock_production_lot_LE6394945_2624229
__import__.stock_inventory_line_LE6684304_3038825,__import__.location_loc_GE14C1,8,__import__.product_3038825,__import__.stock_production_lot_LE6684304_3038825
__import__.stock_inventory_line_LE6729842_3038841,__import__.location_loc_GE12B2,21,__import__.product_3038841,__import__.stock_production_lot_LE6729842_3038841
__import__.stock_inventory_line_LE6894343_2605228,__import__.location_loc_GI01B3,27,__import__.product_2605228,__import__.stock_production_lot_LE6894343_2605228
__import__.stock_inventory_line_LE7BSRV_5210443,__import__.location_loc_EXA300,31,__import__.product_5210443,__import__.stock_production_lot_LE7BSRV_5210443
__import__.stock_inventory_line_LE7CMXV_5014443,__import__.location_loc_EXA400,36,__import__.product_5014443,__import__.stock_production_lot_LE7CMXV_5014443
__import__.stock_inventory_line_LE701587E_3120250,__import__.location_loc_GE16D1,14,__import__.product_3120250,__import__.stock_production_lot_LE701587E_3120250
__import__.stock_inventory_line_LE8BGDQ0_7149423,__import__.location_loc_EXA500,26,__import__.product_7149423,__import__.stock_production_lot_LE8BGDQ0_7149423
__import__.stock_inventory_line_LE8BLPP0_8012540,__import__.location_loc_EXA400,23,__import__.product_8012540,__import__.stock_production_lot_LE8BLPP0_8012540
__import__.stock_inventory_line_LE8BPZP0_5143170,__import__.location_loc_EXA200,1,__import__.product_5143170,__import__.stock_production_lot_LE8BPZP0_5143170
__import__.stock_inventory_line_LE8CBGP0_8012126,__import__.location_loc_EXA100,36,__import__.product_8012126,__import__.stock_production_lot_LE8CBGP0_8012126
__import__.stock_inventory_line_LE8CQHP0_8012474,__import__.location_loc_EXA400,87,__import__.product_8012474,__import__.stock_production_lot_LE8CQHP0_8012474
__import__.stock_inventory_line_LE8DCHP0_7140451,__import__.location_loc_EXA600,36,__import__.product_7140451,__import__.stock_production_lot_LE8DCHP0_7140451
__import__.stock_inventory_line_LE8DCWQ_8012534,__import__.location_loc_EXA300,2,__import__.product_8012534,__import__.stock_production_lot_LE8DCWQ_8012534
__import__.stock_inventory_line_LE8DCWQ0_8012534,__import__.location_loc_EXA300,11,__import__.product_8012534,__import__.stock_production_lot_LE8DCWQ0_8012534
__import__.stock_inventory_line_LE8DJTQ0_8012333,__import__.location_loc_EXA200,64,__import__.product_8012333,__import__.stock_production_lot_LE8DJTQ0_8012333
__import__.stock_inventory_line_LE8DMRP0_8012528,__import__.location_loc_EXA400,17,__import__.product_8012528,__import__.stock_production_lot_LE8DMRP0_8012528
__import__.stock_inventory_line_LE8DXHT0_5003170,__import__.location_loc_EXA400,12,__import__.product_5003170,__import__.stock_production_lot_LE8DXHT0_5003170
__import__.stock_inventory_line_LGM072_8011405,__import__.location_loc_EXA100,36,__import__.product_8011405,__import__.stock_production_lot_LGM072_8011405
__import__.stock_inventory_line_LGZ258_8050954,__import__.location_loc_EXA300,36,__import__.product_8050954,__import__.stock_production_lot_LGZ258_8050954
__import__.stock_inventory_line_LGZ508_5001304,__import__.location_loc_EXA400,36,__import__.product_5001304,__import__.stock_production_lot_LGZ508_5001304
__import__.stock_inventory_line_LG6653_7140442,__import__.location_loc_EXA100,18,__import__.product_7140442,__import__.stock_production_lot_LG6653_7140442
__import__.stock_inventory_line_LG8BZKP0_7149358,__import__.location_loc_EXA300,20,__import__.product_7149358,__import__.stock_production_lot_LG8BZKP0_7149358
__import__.stock_inventory_line_LG8DPPR0_5140452,__import__.location_loc_EXA200,72,__import__.product_5140452,__import__.stock_production_lot_LG8DPPR0_5140452
__import__.stock_inventory_line_LG8DQMP0_8012126,__import__.location_loc_EXA100,36,__import__.product_8012126,__import__.stock_production_lot_LG8DQMP0_8012126
__import__.stock_inventory_line_LG8GBSP0_8012296,__import__.location_loc_EXA200,324,__import__.product_8012296,__import__.stock_production_lot_LG8GBSP0_8012296
__import__.stock_inventory_line_LHZ199_5140416,__import__.location_loc_EXA100,34,__import__.product_5140416,__import__.stock_production_lot_LHZ199_5140416
__import__.stock_inventory_line_LH8BXSQ0_5140453,__import__.location_loc_EXA200,285,__import__.product_5140453,__import__.stock_production_lot_LH8BXSQ0_5140453
__import__.stock_inventory_line_LH8DDXQ0_8331593,__import__.location_loc_EXA300,36,__import__.product_8331593,__import__.stock_production_lot_LH8DDXQ0_8331593
__import__.stock_inventory_line_LL12121609_5610582,__import__.location_loc_GC08D6,1,__import__.product_5610582,__import__.stock_production_lot_LL12121609_5610582
__import__.stock_inventory_line_LR1719_5450021,__import__.location_loc_GD22D3,19,__import__.product_5450021,__import__.stock_production_lot_LR1719_5450021
__import__.stock_inventory_line_L002L001_3430238,__import__.location_loc_GK12B1,115,__import__.product_3430238,__import__.stock_production_lot_L002L001_3430238
__import__.stock_inventory_line_L01031701_5610582,__import__.location_loc_GC08D6,2,__import__.product_5610582,__import__.stock_production_lot_L01031701_5610582
__import__.stock_inventory_line_L014_3039989,__import__.location_loc_GD24F4,12,__import__.product_3039989,__import__.stock_production_lot_L014_3039989
__import__.stock_inventory_line_L017_1389741,__import__.location_loc_GD28C6,10,__import__.product_1389741,__import__.stock_production_lot_L017_1389741
__import__.stock_inventory_line_L030_3039971,__import__.location_loc_GE11D6,12,__import__.product_3039971,__import__.stock_production_lot_L030_3039971
__import__.stock_inventory_line_L05_2956209,__import__.location_loc_GBK313,8,__import__.product_2956209,__import__.stock_production_lot_L05_2956209
__import__.stock_inventory_line_L05_2956191,__import__.location_loc_GBL202,76,__import__.product_2956191,__import__.stock_production_lot_L05_2956191
__import__.stock_inventory_line_L0816_3272994,__import__.location_loc_GGC301,117,__import__.product_3272994,__import__.stock_production_lot_L0816_3272994
__import__.stock_inventory_line_L09_2289122,__import__.location_loc_GBR405,8,__import__.product_2289122,__import__.stock_production_lot_L09_2289122
__import__.stock_inventory_line_L0916_2289122,__import__.location_loc_GBR405,7,__import__.product_2289122,__import__.stock_production_lot_L0916_2289122
__import__.stock_inventory_line_L1006_5267018,__import__.location_loc_GC12C1,11,__import__.product_5267018,__import__.stock_production_lot_L1006_5267018
__import__.stock_inventory_line_L1016_2288876,__import__.location_loc_GE26B3,46,__import__.product_2288876,__import__.stock_production_lot_L1016_2288876
__import__.stock_inventory_line_L128A01_1448117,__import__.location_loc_GBM211,25,__import__.product_1448117,__import__.stock_production_lot_L128A01_1448117
__import__.stock_inventory_line_L151A01_1448109,__import__.location_loc_GBD207,140,__import__.product_1448109,__import__.stock_production_lot_L151A01_1448109
__import__.stock_inventory_line_L15172_5192777,__import__.location_loc_GD21C6,81,__import__.product_5192777,__import__.stock_production_lot_L15172_5192777
__import__.stock_inventory_line_L1603C_6943754,__import__.location_loc_GF30C3,2,__import__.product_6943754,__import__.stock_production_lot_L1603C_6943754
__import__.stock_inventory_line_L1609B_6944245,__import__.location_loc_GD04B4,51,__import__.product_6944245,__import__.stock_production_lot_L1609B_6944245
__import__.stock_inventory_line_L2016G18_5330000,__import__.location_loc_GF10F2,32,__import__.product_5330000,__import__.stock_production_lot_L2016G18_5330000
__import__.stock_inventory_line_L250216_2287878,__import__.location_loc_GBO104,9,__import__.product_2287878,__import__.stock_production_lot_L250216_2287878
__import__.stock_inventory_line_L32543C_2963775,__import__.location_loc_GF12F2,25,__import__.product_2963775,__import__.stock_production_lot_L32543C_2963775
__import__.stock_inventory_line_L425347_7420007,__import__.location_loc_GF14C4,8,__import__.product_7420007,__import__.stock_production_lot_L425347_7420007
__import__.stock_inventory_line_L432141_6828556,__import__.location_loc_QZZ556,2,__import__.product_6828556,__import__.stock_production_lot_L432141_6828556
__import__.stock_inventory_line_L433750_1203058,__import__.location_loc_QBE410,1,__import__.product_1203058,__import__.stock_production_lot_L433750_1203058
__import__.stock_inventory_line_L434343_6826681,__import__.location_loc_QCB410,162,__import__.product_6826681,__import__.stock_production_lot_L434343_6826681
__import__.stock_inventory_line_L436573_1202225,__import__.location_loc_QDB410,5,__import__.product_1202225,__import__.stock_production_lot_L436573_1202225
__import__.stock_inventory_line_L438290_3424371,__import__.location_loc_QCE110,51,__import__.product_3424371,__import__.stock_production_lot_L438290_3424371
__import__.stock_inventory_line_L439302_3495033,__import__.location_loc_QBA320,8,__import__.product_3495033,__import__.stock_production_lot_L439302_3495033
__import__.stock_inventory_line_L439663_3495041,__import__.location_loc_QAE320,15,__import__.product_3495041,__import__.stock_production_lot_L439663_3495041
__import__.stock_inventory_line_L440272_2927879,__import__.location_loc_QFD430,2,__import__.product_2927879,__import__.stock_production_lot_L440272_2927879
__import__.stock_inventory_line_L440546_2251882,__import__.location_loc_QDE120,9,__import__.product_2251882,__import__.stock_production_lot_L440546_2251882
__import__.stock_inventory_line_L441422_6984954,__import__.location_loc_QFB320,3,__import__.product_6984954,__import__.stock_production_lot_L441422_6984954
__import__.stock_inventory_line_L441660_7420008,__import__.location_loc_QDF210,4,__import__.product_7420008,__import__.stock_production_lot_L441660_7420008
__import__.stock_inventory_line_L441729_1077585,__import__.location_loc_QBE420,17,__import__.product_1077585,__import__.stock_production_lot_L441729_1077585
__import__.stock_inventory_line_L44244_6791675,__import__.location_loc_QDD420,1,__import__.product_6791675,__import__.stock_production_lot_L44244_6791675
__import__.stock_inventory_line_L442444_6791675,__import__.location_loc_QDD420,5,__import__.product_6791675,__import__.stock_production_lot_L442444_6791675
__import__.stock_inventory_line_L443060_1203074,__import__.location_loc_QAB210,276,__import__.product_1203074,__import__.stock_production_lot_L443060_1203074
__import__.stock_inventory_line_L443592_2934800,__import__.location_loc_QFD340,3,__import__.product_2934800,__import__.stock_production_lot_L443592_2934800
__import__.stock_inventory_line_L443626_3597309,__import__.location_loc_QCC120,290,__import__.product_3597309,__import__.stock_production_lot_L443626_3597309
__import__.stock_inventory_line_L443811_6908657,__import__.location_loc_QEF110,1,__import__.product_6908657,__import__.stock_production_lot_L443811_6908657
__import__.stock_inventory_line_L444137_1202218,__import__.location_loc_QAB110,5,__import__.product_1202218,__import__.stock_production_lot_L444137_1202218
__import__.stock_inventory_line_L444360_2263267,__import__.location_loc_QBF420,21,__import__.product_2263267,__import__.stock_production_lot_L444360_2263267
__import__.stock_inventory_line_L444539_2054807,__import__.location_loc_QDA220,20,__import__.product_2054807,__import__.stock_production_lot_L444539_2054807
__import__.stock_inventory_line_L444565_2251841,__import__.location_loc_QCA320,35,__import__.product_2251841,__import__.stock_production_lot_L444565_2251841
__import__.stock_inventory_line_L444847_1660380,__import__.location_loc_QDE210,1,__import__.product_1660380,__import__.stock_production_lot_L444847_1660380
__import__.stock_inventory_line_L445087_3444759,__import__.location_loc_QDC220,3,__import__.product_3444759,__import__.stock_production_lot_L445087_3444759
__import__.stock_inventory_line_L445516_3581956,__import__.location_loc_QAA310,145,__import__.product_3581956,__import__.stock_production_lot_L445516_3581956
__import__.stock_inventory_line_L445805_3581949,__import__.location_loc_QBD210,53,__import__.product_3581949,__import__.stock_production_lot_L445805_3581949
__import__.stock_inventory_line_L446706_6760628,__import__.location_loc_QFC120,23,__import__.product_6760628,__import__.stock_production_lot_L446706_6760628
__import__.stock_inventory_line_L446876_2251866,__import__.location_loc_QBD310,104,__import__.product_2251866,__import__.stock_production_lot_L446876_2251866
__import__.stock_inventory_line_L446880_2251858,__import__.location_loc_QCA410,52,__import__.product_2251858,__import__.stock_production_lot_L446880_2251858
__import__.stock_inventory_line_L447511_6729021,__import__.location_loc_QCB420,40,__import__.product_6729021,__import__.stock_production_lot_L447511_6729021
__import__.stock_inventory_line_L48001B_1091727,__import__.location_loc_GBS101,1,__import__.product_1091727,__import__.stock_production_lot_L48001B_1091727
__import__.stock_inventory_line_L68452901_5102828,__import__.location_loc_GAG201,1,__import__.product_5102828,__import__.stock_production_lot_L68452901_5102828
__import__.stock_inventory_line_L72491701_8294254,__import__.location_loc_GGF203,3,__import__.product_8294254,__import__.stock_production_lot_L72491701_8294254
__import__.stock_inventory_line_L74509001_5294255,__import__.location_loc_GF23D2,3,__import__.product_5294255,__import__.stock_production_lot_L74509001_5294255
__import__.stock_inventory_line_L76528501_8294254,__import__.location_loc_GGF203,12,__import__.product_8294254,__import__.stock_production_lot_L76528501_8294254
__import__.stock_inventory_line_MAM0081AA_6759217,__import__.location_loc_GD02E3,1,__import__.product_6759217,__import__.stock_production_lot_MAM0081AA_6759217
__import__.stock_inventory_line_M003_2626927,__import__.location_loc_GF20C6,70,__import__.product_2626927,__import__.stock_production_lot_M003_2626927
__import__.stock_inventory_line_M013_2626927,__import__.location_loc_GF20C6,50,__import__.product_2626927,__import__.stock_production_lot_M013_2626927
__import__.stock_inventory_line_M055_7965930,__import__.location_loc_GH07E7,25,__import__.product_7965930,__import__.stock_production_lot_M055_7965930
__import__.stock_inventory_line_M077_7376464,__import__.location_loc_GC11F2,1,__import__.product_7376464,__import__.stock_production_lot_M077_7376464
__import__.stock_inventory_line_M1610AA_3338969,__import__.location_loc_GE14B5,99,__import__.product_3338969,__import__.stock_production_lot_M1610AA_3338969
__import__.stock_inventory_line_M210_7376464,__import__.location_loc_GC11F2,2,__import__.product_7376464,__import__.stock_production_lot_M210_7376464
__import__.stock_inventory_line_M22617AX_7420021,__import__.location_loc_GGV402,1,__import__.product_7420021,__import__.stock_production_lot_M22617AX_7420021
__import__.stock_inventory_line_M22911BW_1336924,__import__.location_loc_GI13B6,1,__import__.product_1336924,__import__.stock_production_lot_M22911BW_1336924
__import__.stock_inventory_line_M23121AX_1397140,__import__.location_loc_GGH503,19,__import__.product_1397140,__import__.stock_production_lot_M23121AX_1397140
__import__.stock_inventory_line_M23128AX_7420020,__import__.location_loc_GF21C2,2,__import__.product_7420020,__import__.stock_production_lot_M23128AX_7420020
__import__.stock_inventory_line_M63014AA_3026069,__import__.location_loc_GBL205,2,__import__.product_3026069,__import__.stock_production_lot_M63014AA_3026069
__import__.stock_inventory_line_M64412AA_3026051,__import__.location_loc_GD05C2,1,__import__.product_3026051,__import__.stock_production_lot_M64412AA_3026051
__import__.stock_inventory_line_M64412AB_3026051,__import__.location_loc_GD05C2,2,__import__.product_3026051,__import__.stock_production_lot_M64412AB_3026051
__import__.stock_inventory_line_M64706AA_3026044,__import__.location_loc_GD01B2,3,__import__.product_3026044,__import__.stock_production_lot_M64706AA_3026044
__import__.stock_inventory_line_M6831_5620008,__import__.location_loc_QEF230,5,__import__.product_5620008,__import__.stock_production_lot_M6831_5620008
__import__.stock_inventory_line_M92503BC_3169513,__import__.location_loc_GBG313,19,__import__.product_3169513,__import__.stock_production_lot_M92503BC_3169513
__import__.stock_inventory_line_N5604_8341315,__import__.location_loc_QZZ413,1,__import__.product_8341315,__import__.stock_production_lot_N5604_8341315
__import__.stock_inventory_line_N701470_3142726,__import__.location_loc_GGL101,6,__import__.product_3142726,__import__.stock_production_lot_N701470_3142726
__import__.stock_inventory_line_N709660_3142718,__import__.location_loc_GGB206,96,__import__.product_3142718,__import__.stock_production_lot_N709660_3142718
__import__.stock_inventory_line_OC021_5140350,__import__.location_loc_GBX403,73,__import__.product_5140350,__import__.stock_production_lot_OC021_5140350
__import__.stock_inventory_line_OT571_2710507,__import__.location_loc_GE14A3,2,__import__.product_2710507,__import__.stock_production_lot_OT571_2710507
__import__.stock_inventory_line_PC603001_8189238,__import__.location_loc_GZZ186,10,__import__.product_8189238,__import__.stock_production_lot_PC603001_8189238
__import__.stock_inventory_line_PF70405_6197029,__import__.location_loc_GGG301,2,__import__.product_6197029,__import__.stock_production_lot_PF70405_6197029
__import__.stock_inventory_line_PF72305_6197029,__import__.location_loc_GGG301,4,__import__.product_6197029,__import__.stock_production_lot_PF72305_6197029
__import__.stock_inventory_line_PG601006_5700032,__import__.location_loc_GC12C6,12,__import__.product_5700032,__import__.stock_production_lot_PG601006_5700032
__import__.stock_inventory_line_PG601007_5700031,__import__.location_loc_GH09E5,38,__import__.product_5700031,__import__.stock_production_lot_PG601007_5700031
__import__.stock_inventory_line_PG601009_5700036,__import__.location_loc_GC02D4,4,__import__.product_5700036,__import__.stock_production_lot_PG601009_5700036
__import__.stock_inventory_line_PG61006_5700032,__import__.location_loc_GC12C6,5,__import__.product_5700032,__import__.stock_production_lot_PG61006_5700032
__import__.stock_inventory_line_PJ12_7547090,__import__.location_loc_GD27B6,1,__import__.product_7547090,__import__.stock_production_lot_PJ12_7547090
__import__.stock_inventory_line_PJ19_5192042,__import__.location_loc_GC06B5,1,__import__.product_5192042,__import__.stock_production_lot_PJ19_5192042
__import__.stock_inventory_line_PO0342_0289009,__import__.location_loc_GBG401,6,__import__.product_0289009,__import__.stock_production_lot_PO0342_0289009
__import__.stock_inventory_line_PO0829_1027515,__import__.location_loc_GI01B6,5,__import__.product_1027515,__import__.stock_production_lot_PO0829_1027515
__import__.stock_inventory_line_PO829_1027515,__import__.location_loc_GI01B6,20,__import__.product_1027515,__import__.stock_production_lot_PO829_1027515
__import__.stock_inventory_line_PP1809_1257583,__import__.location_loc_GF12D2,1,__import__.product_1257583,__import__.stock_production_lot_PP1809_1257583
__import__.stock_inventory_line_PRP8981EB_5420002,__import__.location_loc_GBC305,8,__import__.product_5420002,__import__.stock_production_lot_PRP8981EB_5420002
__import__.stock_inventory_line_PRP9001AA_2461325,__import__.location_loc_GF13E7,2,__import__.product_2461325,__import__.stock_production_lot_PRP9001AA_2461325
__import__.stock_inventory_line_PRP9161BA_2461333,__import__.location_loc_GBE304,1,__import__.product_2461333,__import__.stock_production_lot_PRP9161BA_2461333
__import__.stock_inventory_line_PRP9451AA_2461333,__import__.location_loc_GBE304,7,__import__.product_2461333,__import__.stock_production_lot_PRP9451AA_2461333
__import__.stock_inventory_line_PRP9541AB_5420003,__import__.location_loc_GBX209,16,__import__.product_5420003,__import__.stock_production_lot_PRP9541AB_5420003
__import__.stock_inventory_line_PTC0160106A_5039105,__import__.location_loc_GD02A7,1,__import__.product_5039105,__import__.stock_production_lot_PTC0160106A_5039105
__import__.stock_inventory_line_P00342_0289009,__import__.location_loc_GBG401,5,__import__.product_0289009,__import__.stock_production_lot_P00342_0289009
__import__.stock_inventory_line_P05203A_1164037,__import__.location_loc_GI13A1,304,__import__.product_1164037,__import__.stock_production_lot_P05203A_1164037
__import__.stock_inventory_line_P05601A_1164045,__import__.location_loc_GK04A1,26,__import__.product_1164045,__import__.stock_production_lot_P05601A_1164045
__import__.stock_inventory_line_P07403B_3080272,__import__.location_loc_GF13A3,3,__import__.product_3080272,__import__.stock_production_lot_P07403B_3080272
__import__.stock_inventory_line_P098663_2761427,__import__.location_loc_GGM103,14,__import__.product_2761427,__import__.stock_production_lot_P098663_2761427
__import__.stock_inventory_line_P16201A_3080264,__import__.location_loc_GGH303,9,__import__.product_3080264,__import__.stock_production_lot_P16201A_3080264
__import__.stock_inventory_line_P16702A_8825728,__import__.location_loc_GD02A1,12,__import__.product_8825728,__import__.stock_production_lot_P16702A_8825728
__import__.stock_inventory_line_P1701A_6823501,__import__.location_loc_GD02F1,15,__import__.product_6823501,__import__.stock_production_lot_P1701A_6823501
__import__.stock_inventory_line_P1702B_9512015,__import__.location_loc_GD04A6,262,__import__.product_9512015,__import__.stock_production_lot_P1702B_9512015
__import__.stock_inventory_line_P170810_5259873,__import__.location_loc_GC31D2,12,__import__.product_5259873,__import__.stock_production_lot_P170810_5259873
__import__.stock_inventory_line_P20107AX_7420021,__import__.location_loc_GGV402,6,__import__.product_7420021,__import__.stock_production_lot_P20107AX_7420021
__import__.stock_inventory_line_P20136_8027837,__import__.location_loc_GAD420,12,__import__.product_8027837,__import__.stock_production_lot_P20136_8027837
__import__.stock_inventory_line_P20136_8027783,__import__.location_loc_GAC210,10,__import__.product_8027783,__import__.stock_production_lot_P20136_8027783
__import__.stock_inventory_line_P20506BR_7420019,__import__.location_loc_GD29C3,9,__import__.product_7420019,__import__.stock_production_lot_P20506BR_7420019
__import__.stock_inventory_line_P20526BX_1397223,__import__.location_loc_GK03B2,17,__import__.product_1397223,__import__.stock_production_lot_P20526BX_1397223
__import__.stock_inventory_line_P20603AR_7420029,__import__.location_loc_GK04B5,22,__import__.product_7420029,__import__.stock_production_lot_P20603AR_7420029
__import__.stock_inventory_line_P20620AR_1397231,__import__.location_loc_GK01A4,14,__import__.product_1397231,__import__.stock_production_lot_P20620AR_1397231
__import__.stock_inventory_line_P21117H10_7764033,__import__.location_loc_GE07E5,7,__import__.product_7764033,__import__.stock_production_lot_P21117H10_7764033
__import__.stock_inventory_line_P21117I12_7764033,__import__.location_loc_GE07E5,10,__import__.product_7764033,__import__.stock_production_lot_P21117I12_7764033
__import__.stock_inventory_line_P21220AX_1397140,__import__.location_loc_GGH503,120,__import__.product_1397140,__import__.stock_production_lot_P21220AX_1397140
__import__.stock_inventory_line_P21338_8070000,__import__.location_loc_GAB200,10,__import__.product_8070000,__import__.stock_production_lot_P21338_8070000
__import__.stock_inventory_line_P21417BX_1397223,__import__.location_loc_GK03B2,29,__import__.product_1397223,__import__.stock_production_lot_P21417BX_1397223
__import__.stock_inventory_line_P21422AX_1336924,__import__.location_loc_GI13B6,120,__import__.product_1336924,__import__.stock_production_lot_P21422AX_1336924
__import__.stock_inventory_line_P21422FX_7420022,__import__.location_loc_GBP503,36,__import__.product_7420022,__import__.stock_production_lot_P21422FX_7420022
__import__.stock_inventory_line_P21604AR_1397231,__import__.location_loc_GK01A4,50,__import__.product_1397231,__import__.stock_production_lot_P21604AR_1397231
__import__.stock_inventory_line_P21613AL_7420021,__import__.location_loc_GGV402,10,__import__.product_7420021,__import__.stock_production_lot_P21613AL_7420021
__import__.stock_inventory_line_P21816BX_1397140,__import__.location_loc_GGH503,60,__import__.product_1397140,__import__.stock_production_lot_P21816BX_1397140
__import__.stock_inventory_line_P21947_8027820,__import__.location_loc_GAD510,8,__import__.product_8027820,__import__.stock_production_lot_P21947_8027820
__import__.stock_inventory_line_P22001CX_7420022,__import__.location_loc_GBP503,20,__import__.product_7420022,__import__.stock_production_lot_P22001CX_7420022
__import__.stock_inventory_line_P22217F02_7764058,__import__.location_loc_GC11G2,3,__import__.product_7764058,__import__.stock_production_lot_P22217F02_7764058
__import__.stock_inventory_line_P22517H03_7764066,__import__.location_loc_GH11B3,9,__import__.product_7764066,__import__.stock_production_lot_P22517H03_7764066
__import__.stock_inventory_line_P24201A_6852572,__import__.location_loc_GD14D7,1,__import__.product_6852572,__import__.stock_production_lot_P24201A_6852572
__import__.stock_inventory_line_P31317H31_7764313,__import__.location_loc_GD22B3,2,__import__.product_7764313,__import__.stock_production_lot_P31317H31_7764313
__import__.stock_inventory_line_P31817F07_7764067,__import__.location_loc_GH11F5,4,__import__.product_7764067,__import__.stock_production_lot_P31817F07_7764067
__import__.stock_inventory_line_P40514AA_3026036,__import__.location_loc_GBP511,26,__import__.product_3026036,__import__.stock_production_lot_P40514AA_3026036
__import__.stock_inventory_line_P41101AX_3087335,__import__.location_loc_GK09B3,5,__import__.product_3087335,__import__.stock_production_lot_P41101AX_3087335
__import__.stock_inventory_line_P41103DW_3087327,__import__.location_loc_GK14B2,251,__import__.product_3087327,__import__.stock_production_lot_P41103DW_3087327
__import__.stock_inventory_line_P41408DL_2325751,__import__.location_loc_GK01B1,6,__import__.product_2325751,__import__.stock_production_lot_P41408DL_2325751
__import__.stock_inventory_line_P46117H16_7764081,__import__.location_loc_GE07A3,4,__import__.product_7764081,__import__.stock_production_lot_P46117H16_7764081
__import__.stock_inventory_line_P46217L01_7764462,__import__.location_loc_GD04G2,1,__import__.product_7764462,__import__.stock_production_lot_P46217L01_7764462
__import__.stock_inventory_line_P46417H18_5064464,__import__.location_loc_GC09E4,26,__import__.product_5064464,__import__.stock_production_lot_P46417H18_5064464
__import__.stock_inventory_line_P46817C02_5764000,__import__.location_loc_GF28D2,7,__import__.product_5764000,__import__.stock_production_lot_P46817C02_5764000
__import__.stock_inventory_line_P46817H09_5764000,__import__.location_loc_GF28D2,15,__import__.product_5764000,__import__.stock_production_lot_P46817H09_5764000
__import__.stock_inventory_line_P49002B_1091719,__import__.location_loc_GGV404,4,__import__.product_1091719,__import__.stock_production_lot_P49002B_1091719
__import__.stock_inventory_line_P49003B_1091727,__import__.location_loc_GBS101,9,__import__.product_1091727,__import__.stock_production_lot_P49003B_1091727
__import__.stock_inventory_line_P52017E03_7764520,__import__.location_loc_GF18E2,6,__import__.product_7764520,__import__.stock_production_lot_P52017E03_7764520
__import__.stock_inventory_line_P52117E03_7764035,__import__.location_loc_GE20D3,1,__import__.product_7764035,__import__.stock_production_lot_P52117E03_7764035
__import__.stock_inventory_line_P52117H07_7764035,__import__.location_loc_GE20D3,5,__import__.product_7764035,__import__.stock_production_lot_P52117H07_7764035
__import__.stock_inventory_line_P528A01_1203439,__import__.location_loc_GI11B1,377,__import__.product_1203439,__import__.stock_production_lot_P528A01_1203439
__import__.stock_inventory_line_P60108AR_7420039,__import__.location_loc_GE30B4,15,__import__.product_7420039,__import__.stock_production_lot_P60108AR_7420039
__import__.stock_inventory_line_P60603AR_7420038,__import__.location_loc_GI03B6,15,__import__.product_7420038,__import__.stock_production_lot_P60603AR_7420038
__import__.stock_inventory_line_P60801BL_7420037,__import__.location_loc_GI01B5,3,__import__.product_7420037,__import__.stock_production_lot_P60801BL_7420037
__import__.stock_inventory_line_P61325EL_7420036,__import__.location_loc_GI13B2,21,__import__.product_7420036,__import__.stock_production_lot_P61325EL_7420036
__import__.stock_inventory_line_P62605AR_3087319,__import__.location_loc_GGB502,13,__import__.product_3087319,__import__.stock_production_lot_P62605AR_3087319
__import__.stock_inventory_line_P62614AR_3087350,__import__.location_loc_GC26D1,16,__import__.product_3087350,__import__.stock_production_lot_P62614AR_3087350
__import__.stock_inventory_line_P62806AR_3087301,__import__.location_loc_GC28D3,2,__import__.product_3087301,__import__.stock_production_lot_P62806AR_3087301
__import__.stock_inventory_line_P62904CL_3087392,__import__.location_loc_GBE501,14,__import__.product_3087392,__import__.stock_production_lot_P62904CL_3087392
__import__.stock_inventory_line_P62921EL_3087384,__import__.location_loc_GK13B7,334,__import__.product_3087384,__import__.stock_production_lot_P62921EL_3087384
__import__.stock_inventory_line_P63105DR_3087343,__import__.location_loc_GI03B8,110,__import__.product_3087343,__import__.stock_production_lot_P63105DR_3087343
__import__.stock_inventory_line_P63210DL_3087368,__import__.location_loc_GK11B1,188,__import__.product_3087368,__import__.stock_production_lot_P63210DL_3087368
__import__.stock_inventory_line_P771292FR_6775630,__import__.location_loc_GE10B4,1,__import__.product_6775630,__import__.stock_production_lot_P771292FR_6775630
__import__.stock_inventory_line_P91208AC_3169554,__import__.location_loc_GGV104,14,__import__.product_3169554,__import__.stock_production_lot_P91208AC_3169554
__import__.stock_inventory_line_P91210AC_3169539,__import__.location_loc_GGH207,17,__import__.product_3169539,__import__.stock_production_lot_P91210AC_3169539
__import__.stock_inventory_line_P94617H18_5764946,__import__.location_loc_GF28G6,4,__import__.product_5764946,__import__.stock_production_lot_P94617H18_5764946
__import__.stock_inventory_line_QF08_9833948,__import__.location_loc_GGG201,1,__import__.product_9833948,__import__.stock_production_lot_QF08_9833948
__import__.stock_inventory_line_QF14_5192036,__import__.location_loc_GC14A4,2,__import__.product_5192036,__import__.stock_production_lot_QF14_5192036
__import__.stock_inventory_line_QH24_5190750,__import__.location_loc_GE32A3,1,__import__.product_5190750,__import__.stock_production_lot_QH24_5190750
__import__.stock_inventory_line_QJ03_5192763,__import__.location_loc_GE10B6,2,__import__.product_5192763,__import__.stock_production_lot_QJ03_5192763
__import__.stock_inventory_line_QJ04_5192721,__import__.location_loc_GE32C4,1,__import__.product_5192721,__import__.stock_production_lot_QJ04_5192721
__import__.stock_inventory_line_QJ04A_5192770,__import__.location_loc_GZZ270,1,__import__.product_5192770,__import__.stock_production_lot_QJ04A_5192770
__import__.stock_inventory_line_QK07_5192710,__import__.location_loc_GD23B4,2,__import__.product_5192710,__import__.stock_production_lot_QK07_5192710
__import__.stock_inventory_line_QK30_5192045,__import__.location_loc_GBG505,5,__import__.product_5192045,__import__.stock_production_lot_QK30_5192045
__import__.stock_inventory_line_QK30_5192741,__import__.location_loc_GBN201,3,__import__.product_5192741,__import__.stock_production_lot_QK30_5192741
__import__.stock_inventory_line_QL06_5192761,__import__.location_loc_GBY205,5,__import__.product_5192761,__import__.stock_production_lot_QL06_5192761
__import__.stock_inventory_line_QP0337_5291300,__import__.location_loc_GC04C4,2,__import__.product_5291300,__import__.stock_production_lot_QP0337_5291300
__import__.stock_inventory_line_RA18_9833948,__import__.location_loc_GGG201,3,__import__.product_9833948,__import__.stock_production_lot_RA18_9833948
__import__.stock_inventory_line_RB16_5192011,__import__.location_loc_GD25C2,4,__import__.product_5192011,__import__.stock_production_lot_RB16_5192011
__import__.stock_inventory_line_RB28A_5192703,__import__.location_loc_GK17A1,2,__import__.product_5192703,__import__.stock_production_lot_RB28A_5192703
__import__.stock_inventory_line_RC15_5192046,__import__.location_loc_GC28C5,4,__import__.product_5192046,__import__.stock_production_lot_RC15_5192046
__import__.stock_inventory_line_RD03_5192721,__import__.location_loc_GE32C4,8,__import__.product_5192721,__import__.stock_production_lot_RD03_5192721
__import__.stock_inventory_line_RD27A_9501100,__import__.location_loc_GGT302,1,__import__.product_9501100,__import__.stock_production_lot_RD27A_9501100
__import__.stock_inventory_line_RE03A_5192047,__import__.location_loc_GD17B5,1,__import__.product_5192047,__import__.stock_production_lot_RE03A_5192047
__import__.stock_inventory_line_RE11D_9695015,__import__.location_loc_GF21D1,21,__import__.product_9695015,__import__.stock_production_lot_RE11D_9695015
__import__.stock_inventory_line_RE31_8121890,__import__.location_loc_GC20B3,1,__import__.product_8121890,__import__.stock_production_lot_RE31_8121890
__import__.stock_inventory_line_RE31_8121909,__import__.location_loc_GE20A1,3,__import__.product_8121909,__import__.stock_production_lot_RE31_8121909
__import__.stock_inventory_line_RF06_5192723,__import__.location_loc_GE12D7,9,__import__.product_5192723,__import__.stock_production_lot_RF06_5192723
__import__.stock_inventory_line_RF13_5192701,__import__.location_loc_GD01D3,3,__import__.product_5192701,__import__.stock_production_lot_RF13_5192701
__import__.stock_inventory_line_RF15_9501100,__import__.location_loc_GGT302,12,__import__.product_9501100,__import__.stock_production_lot_RF15_9501100
__import__.stock_inventory_line_RF22_8121890,__import__.location_loc_GC20B3,23,__import__.product_8121890,__import__.stock_production_lot_RF22_8121890
__import__.stock_inventory_line_RXP0331AB_0676023,__import__.location_loc_GBG513,179,__import__.product_0676023,__import__.stock_production_lot_RXP0331AB_0676023
__import__.stock_inventory_line_RXP0362AF_0676015,__import__.location_loc_GBG215,166,__import__.product_0676015,__import__.stock_production_lot_RXP0362AF_0676015
__import__.stock_inventory_line_RXR0392AB_6891595,__import__.location_loc_GD04B6,19,__import__.product_6891595,__import__.stock_production_lot_RXR0392AB_6891595
__import__.stock_inventory_line_R010077_8027553,__import__.location_loc_GE03D5,3,__import__.product_8027553,__import__.stock_production_lot_R010077_8027553
__import__.stock_inventory_line_R11378_8150003,__import__.location_loc_GE05F5,4,__import__.product_8150003,__import__.stock_production_lot_R11378_8150003
__import__.stock_inventory_line_R12_8027576,__import__.location_loc_GF24B2,4,__import__.product_8027576,__import__.stock_production_lot_R12_8027576
__import__.stock_inventory_line_R13_8270213,__import__.location_loc_GAH230,1,__import__.product_8270213,__import__.stock_production_lot_R13_8270213
__import__.stock_inventory_line_R15_8270213,__import__.location_loc_GAH230,3,__import__.product_8270213,__import__.stock_production_lot_R15_8270213
__import__.stock_inventory_line_R1609_5450027,__import__.location_loc_GD02E2,2,__import__.product_5450027,__import__.stock_production_lot_R1609_5450027
__import__.stock_inventory_line_R1647_5450041,__import__.location_loc_GF17E6,4,__import__.product_5450041,__import__.stock_production_lot_R1647_5450041
__import__.stock_inventory_line_R1664_5450041,__import__.location_loc_GF17E6,5,__import__.product_5450041,__import__.stock_production_lot_R1664_5450041
__import__.stock_inventory_line_R1667_5450019,__import__.location_loc_GE05C4,4,__import__.product_5450019,__import__.stock_production_lot_R1667_5450019
__import__.stock_inventory_line_R1703_5450020,__import__.location_loc_GE05G3,2,__import__.product_5450020,__import__.stock_production_lot_R1703_5450020
__import__.stock_inventory_line_R1726_5450024,__import__.location_loc_GE05G4,6,__import__.product_5450024,__import__.stock_production_lot_R1726_5450024
__import__.stock_inventory_line_R20105BW_1336924,__import__.location_loc_GI13B6,110,__import__.product_1336924,__import__.stock_production_lot_R20105BW_1336924
__import__.stock_inventory_line_R40103CW_3087327,__import__.location_loc_GK14B2,600,__import__.product_3087327,__import__.stock_production_lot_R40103CW_3087327
__import__.stock_inventory_line_R40108BW_3087335,__import__.location_loc_GK09B3,180,__import__.product_3087335,__import__.stock_production_lot_R40108BW_3087335
__import__.stock_inventory_line_R40415AL_2325751,__import__.location_loc_GK01B1,20,__import__.product_2325751,__import__.stock_production_lot_R40415AL_2325751
__import__.stock_inventory_line_R40419AW_7420035,__import__.location_loc_GBX503,17,__import__.product_7420035,__import__.stock_production_lot_R40419AW_7420035
__import__.stock_inventory_line_R42_8027547,__import__.location_loc_GL04A5,11,__import__.product_8027547,__import__.stock_production_lot_R42_8027547
__import__.stock_inventory_line_R49201B_7420032,__import__.location_loc_GF18E4,3,__import__.product_7420032,__import__.stock_production_lot_R49201B_7420032
__import__.stock_inventory_line_R4944429_8193867,__import__.location_loc_EXT321,1,__import__.product_8193867,__import__.stock_production_lot_R4944429_8193867
__import__.stock_inventory_line_R54_8027547,__import__.location_loc_GL04A5,64,__import__.product_8027547,__import__.stock_production_lot_R54_8027547
__import__.stock_inventory_line_R60109CX_7420020,__import__.location_loc_GF21C2,7,__import__.product_7420020,__import__.stock_production_lot_R60109CX_7420020
__import__.stock_inventory_line_R60109CX_3087376,__import__.location_loc_GE22B1,6,__import__.product_3087376,__import__.stock_production_lot_R60109CX_3087376
__import__.stock_inventory_line_R60712BR_3087301,__import__.location_loc_GC28D3,10,__import__.product_3087301,__import__.stock_production_lot_R60712BR_3087301
__import__.stock_inventory_line_R90407AC_3169570,__import__.location_loc_GE28A4,9,__import__.product_3169570,__import__.stock_production_lot_R90407AC_3169570
__import__.stock_inventory_line_SA5485_3319357,__import__.location_loc_GGP203,2,__import__.product_3319357,__import__.stock_production_lot_SA5485_3319357
__import__.stock_inventory_line_SA5488_3308756,__import__.location_loc_GD06B3,1,__import__.product_3308756,__import__.stock_production_lot_SA5488_3308756
__import__.stock_inventory_line_SA9358_3276631,__import__.location_loc_GF20C7,1,__import__.product_3276631,__import__.stock_production_lot_SA9358_3276631
__import__.stock_inventory_line_SBY377B51_2510469,__import__.location_loc_QEB330,10,__import__.product_2510469,__import__.stock_production_lot_SBY377B51_2510469
__import__.stock_inventory_line_SB0233_2948412,__import__.location_loc_GBV202,12,__import__.product_2948412,__import__.stock_production_lot_SB0233_2948412
__import__.stock_inventory_line_SB0833_5110205,__import__.location_loc_GBR403,12,__import__.product_5110205,__import__.stock_production_lot_SB0833_5110205
__import__.stock_inventory_line_SB0927_5110200,__import__.location_loc_GGG202,3,__import__.product_5110200,__import__.stock_production_lot_SB0927_5110200
__import__.stock_inventory_line_SB0952_5110210,__import__.location_loc_GGI302,7,__import__.product_5110210,__import__.stock_production_lot_SB0952_5110210
__import__.stock_inventory_line_SB1346_3109659,__import__.location_loc_GF11D6,11,__import__.product_3109659,__import__.stock_production_lot_SB1346_3109659
__import__.stock_inventory_line_SB1512_3319324,__import__.location_loc_GF22G5,6,__import__.product_3319324,__import__.stock_production_lot_SB1512_3319324
__import__.stock_inventory_line_SB1608_3319332,__import__.location_loc_GF10B5,13,__import__.product_3319332,__import__.stock_production_lot_SB1608_3319332
__import__.stock_inventory_line_SB1969_3276664,__import__.location_loc_GF13E8,3,__import__.product_3276664,__import__.stock_production_lot_SB1969_3276664
__import__.stock_inventory_line_SB4552_3276672,__import__.location_loc_GC31F8,1,__import__.product_3276672,__import__.stock_production_lot_SB4552_3276672
__import__.stock_inventory_line_SB8180_3308731,__import__.location_loc_GC15A1,4,__import__.product_3308731,__import__.stock_production_lot_SB8180_3308731
__import__.stock_inventory_line_SB8478_3233772,__import__.location_loc_GBY302,4,__import__.product_3233772,__import__.stock_production_lot_SB8478_3233772
__import__.stock_inventory_line_SC0104_3109634,__import__.location_loc_GD17D6,16,__import__.product_3109634,__import__.stock_production_lot_SC0104_3109634
__import__.stock_inventory_line_SC0233_3109642,__import__.location_loc_GE21C5,8,__import__.product_3109642,__import__.stock_production_lot_SC0233_3109642
__import__.stock_inventory_line_SC06_6354880,__import__.location_loc_GC31F6,3,__import__.product_6354880,__import__.stock_production_lot_SC06_6354880
__import__.stock_inventory_line_SC0632_3026168,__import__.location_loc_GD08E2,28,__import__.product_3026168,__import__.stock_production_lot_SC0632_3026168
__import__.stock_inventory_line_SC0719_3198132,__import__.location_loc_GF22E7,6,__import__.product_3198132,__import__.stock_production_lot_SC0719_3198132
__import__.stock_inventory_line_SC0949_3233756,__import__.location_loc_GF20D1,16,__import__.product_3233756,__import__.stock_production_lot_SC0949_3233756
__import__.stock_inventory_line_SC1957_3233780,__import__.location_loc_GBS401,17,__import__.product_3233780,__import__.stock_production_lot_SC1957_3233780
__import__.stock_inventory_line_SC2196_3276649,__import__.location_loc_GBS203,3,__import__.product_3276649,__import__.stock_production_lot_SC2196_3276649
__import__.stock_inventory_line_SD405666_6170001,__import__.location_loc_GD04G7,2,__import__.product_6170001,__import__.stock_production_lot_SD405666_6170001
__import__.stock_inventory_line_SD501689_6170002,__import__.location_loc_GC15E5,7,__import__.product_6170002,__import__.stock_production_lot_SD501689_6170002
__import__.stock_inventory_line_SEP189BA_1807090,__import__.location_loc_QFA220,22,__import__.product_1807090,__import__.stock_production_lot_SEP189BA_1807090
__import__.stock_inventory_line_SG278A_5039009,__import__.location_loc_GGR406,7,__import__.product_5039009,__import__.stock_production_lot_SG278A_5039009
__import__.stock_inventory_line_SLX367B51_2510469,__import__.location_loc_QEB330,5,__import__.product_2510469,__import__.stock_production_lot_SLX367B51_2510469
__import__.stock_inventory_line_SMX370E21_2510493,__import__.location_loc_QCF320,39,__import__.product_2510493,__import__.stock_production_lot_SMX370E21_2510493
__import__.stock_inventory_line_SRT8383_8233117,__import__.location_loc_GGC205,6,__import__.product_8233117,__import__.stock_production_lot_SRT8383_8233117
__import__.stock_inventory_line_SRT9358_8384767,__import__.location_loc_GC21D3,2,__import__.product_8384767,__import__.stock_production_lot_SRT9358_8384767
__import__.stock_inventory_line_SRT9662_8024164,__import__.location_loc_GE06B2,1,__import__.product_8024164,__import__.stock_production_lot_SRT9662_8024164
__import__.stock_inventory_line_SRT9751_8024164,__import__.location_loc_GE06B2,1,__import__.product_8024164,__import__.stock_production_lot_SRT9751_8024164
__import__.stock_inventory_line_S038B_2838878,__import__.location_loc_GGG302,35,__import__.product_2838878,__import__.stock_production_lot_S038B_2838878
__import__.stock_inventory_line_S039B_2838886,__import__.location_loc_GD13B4,106,__import__.product_2838886,__import__.stock_production_lot_S039B_2838886
__import__.stock_inventory_line_S0402NA_2583987,__import__.location_loc_GBA513,30,__import__.product_2583987,__import__.stock_production_lot_S0402NA_2583987
__import__.stock_inventory_line_S0436NF_2583953,__import__.location_loc_GGP106,22,__import__.product_2583953,__import__.stock_production_lot_S0436NF_2583953
__import__.stock_inventory_line_S1R0611BA_0864058,__import__.location_loc_GBD513,45,__import__.product_0864058,__import__.stock_production_lot_S1R0611BA_0864058
__import__.stock_inventory_line_S1R0621AA_0864066,__import__.location_loc_GBA515,100,__import__.product_0864066,__import__.stock_production_lot_S1R0621AA_0864066
__import__.stock_inventory_line_S203A_5610540,__import__.location_loc_GE15E2,2,__import__.product_5610540,__import__.stock_production_lot_S203A_5610540
__import__.stock_inventory_line_S5A67A011_6724526,__import__.location_loc_GD17D5,1,__import__.product_6724526,__import__.stock_production_lot_S5A67A011_6724526
__import__.stock_inventory_line_S601_3380425,__import__.location_loc_GGA603,5,__import__.product_3380425,__import__.stock_production_lot_S601_3380425
__import__.stock_inventory_line_S602_3380490,__import__.location_loc_GGA601,10,__import__.product_3380490,__import__.stock_production_lot_S602_3380490
__import__.stock_inventory_line_S602_3380474,__import__.location_loc_GF32F1,3,__import__.product_3380474,__import__.stock_production_lot_S602_3380474
__import__.stock_inventory_line_S602_3380532,__import__.location_loc_GD26D7,3,__import__.product_3380532,__import__.stock_production_lot_S602_3380532
__import__.stock_inventory_line_S602_3380433,__import__.location_loc_GC15D8,12,__import__.product_3380433,__import__.stock_production_lot_S602_3380433
__import__.stock_inventory_line_S602_3380441,__import__.location_loc_GC05D6,4,__import__.product_3380441,__import__.stock_production_lot_S602_3380441
__import__.stock_inventory_line_S602_3380425,__import__.location_loc_GGA603,2,__import__.product_3380425,__import__.stock_production_lot_S602_3380425
__import__.stock_inventory_line_S603_3380524,__import__.location_loc_GF32F5,11,__import__.product_3380524,__import__.stock_production_lot_S603_3380524
__import__.stock_inventory_line_S603_3380466,__import__.location_loc_GF32E4,4,__import__.product_3380466,__import__.stock_production_lot_S603_3380466
__import__.stock_inventory_line_S603_3380532,__import__.location_loc_GD26D7,7,__import__.product_3380532,__import__.stock_production_lot_S603_3380532
__import__.stock_inventory_line_S604_3380508,__import__.location_loc_GGA604,4,__import__.product_3380508,__import__.stock_production_lot_S604_3380508
__import__.stock_inventory_line_S604_3380458,__import__.location_loc_GD32C7,6,__import__.product_3380458,__import__.stock_production_lot_S604_3380458
__import__.stock_inventory_line_S605_3380482,__import__.location_loc_GE12C6,7,__import__.product_3380482,__import__.stock_production_lot_S605_3380482
__import__.stock_inventory_line_S608_3380516,__import__.location_loc_GE01C6,5,__import__.product_3380516,__import__.stock_production_lot_S608_3380516
__import__.stock_inventory_line_S608_3380508,__import__.location_loc_GGA604,4,__import__.product_3380508,__import__.stock_production_lot_S608_3380508
__import__.stock_inventory_line_S651_3380466,__import__.location_loc_GF32E4,6,__import__.product_3380466,__import__.stock_production_lot_S651_3380466
__import__.stock_inventory_line_S7D046_8130529,__import__.location_loc_GK16A5,5,__import__.product_8130529,__import__.stock_production_lot_S7D046_8130529
__import__.stock_inventory_line_TA05335_8014935,__import__.location_loc_GE05A2,5,__import__.product_8014935,__import__.stock_production_lot_TA05335_8014935
__import__.stock_inventory_line_TA06232_8014935,__import__.location_loc_GE05A2,8,__import__.product_8014935,__import__.stock_production_lot_TA06232_8014935
__import__.stock_inventory_line_TA07908_8014935,__import__.location_loc_GE05A2,50,__import__.product_8014935,__import__.stock_production_lot_TA07908_8014935
__import__.stock_inventory_line_TA08251_8053639,__import__.location_loc_GD27D2,62,__import__.product_8053639,__import__.stock_production_lot_TA08251_8053639
__import__.stock_inventory_line_TCY378B21_2768752,__import__.location_loc_QFA410,2,__import__.product_2768752,__import__.stock_production_lot_TCY378B21_2768752
__import__.stock_inventory_line_TDY381B21_2768752,__import__.location_loc_QFA410,10,__import__.product_2768752,__import__.stock_production_lot_TDY381B21_2768752
__import__.stock_inventory_line_TS16090463_8038367,__import__.location_loc_GC14C2,2,__import__.product_8038367,__import__.stock_production_lot_TS16090463_8038367
__import__.stock_inventory_line_TS17041525_8038315,__import__.location_loc_GC20C3,1,__import__.product_8038315,__import__.stock_production_lot_TS17041525_8038315
__import__.stock_inventory_line_TS17081502_8038315,__import__.location_loc_GC20C3,1,__import__.product_8038315,__import__.stock_production_lot_TS17081502_8038315
__import__.stock_inventory_line_TTD16K04_5397501,__import__.location_loc_GE07E2,1,__import__.product_5397501,__import__.stock_production_lot_TTD16K04_5397501
__import__.stock_inventory_line_TTD17M16_5397501,__import__.location_loc_GE07E2,4,__import__.product_5397501,__import__.stock_production_lot_TTD17M16_5397501
__import__.stock_inventory_line_T10948_2648079,__import__.location_loc_GGC202,86,__import__.product_2648079,__import__.stock_production_lot_T10948_2648079
__import__.stock_inventory_line_T1702A_7031966,__import__.location_loc_GE07B7,4,__import__.product_7031966,__import__.stock_production_lot_T1702A_7031966
__import__.stock_inventory_line_T207416_6197008,__import__.location_loc_GGC405,1,__import__.product_6197008,__import__.stock_production_lot_T207416_6197008
__import__.stock_inventory_line_U00705_7974455,__import__.location_loc_GF24F5,1,__import__.product_7974455,__import__.stock_production_lot_U00705_7974455
__import__.stock_inventory_line_U030A08_3103876,__import__.location_loc_GBD515,46,__import__.product_3103876,__import__.stock_production_lot_U030A08_3103876
__import__.stock_inventory_line_U036A02_3103801,__import__.location_loc_GC10C1,198,__import__.product_3103801,__import__.stock_production_lot_U036A02_3103801
__import__.stock_inventory_line_U118A01_3103892,__import__.location_loc_GBM517,159,__import__.product_3103892,__import__.stock_production_lot_U118A01_3103892
__import__.stock_inventory_line_U136A01_3103884,__import__.location_loc_GBK505,422,__import__.product_3103884,__import__.stock_production_lot_U136A01_3103884
__import__.stock_inventory_line_U152A01_3103843,__import__.location_loc_GBF405,434,__import__.product_3103843,__import__.stock_production_lot_U152A01_3103843
__import__.stock_inventory_line_U159A03_3103835,__import__.location_loc_GC03F1,492,__import__.product_3103835,__import__.stock_production_lot_U159A03_3103835
__import__.stock_inventory_line_U178005200_8182963,__import__.location_loc_GC31E4,3,__import__.product_8182963,__import__.stock_production_lot_U178005200_8182963
__import__.stock_inventory_line_U221A01_3103868,__import__.location_loc_GBI401,175,__import__.product_3103868,__import__.stock_production_lot_U221A01_3103868
__import__.stock_inventory_line_U29908S_7978306,__import__.location_loc_GH11D6,3,__import__.product_7978306,__import__.stock_production_lot_U29908S_7978306
__import__.stock_inventory_line_U369A01_3103819,__import__.location_loc_GBX413,637,__import__.product_3103819,__import__.stock_production_lot_U369A01_3103819
__import__.stock_inventory_line_U554A02_3103850,__import__.location_loc_GBH404,434,__import__.product_3103850,__import__.stock_production_lot_U554A02_3103850
__import__.stock_inventory_line_V06817_5170100,__import__.location_loc_GAB420,6,__import__.product_5170100,__import__.stock_production_lot_V06817_5170100
__import__.stock_inventory_line_V072B_5039012,__import__.location_loc_GGR405,61,__import__.product_5039012,__import__.stock_production_lot_V072B_5039012
__import__.stock_inventory_line_V10117H02_7764001,__import__.location_loc_GC13G3,4,__import__.product_7764001,__import__.stock_production_lot_V10117H02_7764001
__import__.stock_inventory_line_V10317H07_7764009,__import__.location_loc_GF18D3,1,__import__.product_7764009,__import__.stock_production_lot_V10317H07_7764009
__import__.stock_inventory_line_V10317L07_7764009,__import__.location_loc_GF18D3,8,__import__.product_7764009,__import__.stock_production_lot_V10317L07_7764009
__import__.stock_inventory_line_V10517E05_7764010,__import__.location_loc_GE03G5,1,__import__.product_7764010,__import__.stock_production_lot_V10517E05_7764010
__import__.stock_inventory_line_V10517G04_7764010,__import__.location_loc_GE03G5,1,__import__.product_7764010,__import__.stock_production_lot_V10517G04_7764010
__import__.stock_inventory_line_V10517H07_7764010,__import__.location_loc_GE03G5,1,__import__.product_7764010,__import__.stock_production_lot_V10517H07_7764010
__import__.stock_inventory_line_V151B_5039012,__import__.location_loc_GGR405,26,__import__.product_5039012,__import__.stock_production_lot_V151B_5039012
__import__.stock_inventory_line_V20117G03_7764025,__import__.location_loc_GH31A2,2,__import__.product_7764025,__import__.stock_production_lot_V20117G03_7764025
__import__.stock_inventory_line_V20117I01_7764025,__import__.location_loc_GH31A2,2,__import__.product_7764025,__import__.stock_production_lot_V20117I01_7764025
__import__.stock_inventory_line_V20317G10_7764022,__import__.location_loc_GBT213,8,__import__.product_7764022,__import__.stock_production_lot_V20317G10_7764022
__import__.stock_inventory_line_V20317H08_7764022,__import__.location_loc_GBT213,10,__import__.product_7764022,__import__.stock_production_lot_V20317H08_7764022
__import__.stock_inventory_line_V20417A17_7764007,__import__.location_loc_GBL403,2,__import__.product_7764007,__import__.stock_production_lot_V20417A17_7764007
__import__.stock_inventory_line_V20517D13_7764059,__import__.location_loc_GGD104,2,__import__.product_7764059,__import__.stock_production_lot_V20517D13_7764059
__import__.stock_inventory_line_V20517I07_7764059,__import__.location_loc_GGD104,2,__import__.product_7764059,__import__.stock_production_lot_V20517I07_7764059
__import__.stock_inventory_line_V21596_3060159,__import__.location_loc_GAB410,3,__import__.product_3060159,__import__.stock_production_lot_V21596_3060159
__import__.stock_inventory_line_V21917H09_7764061,__import__.location_loc_GD27A4,2,__import__.product_7764061,__import__.stock_production_lot_V21917H09_7764061
__import__.stock_inventory_line_V22819_3002912,__import__.location_loc_GH09A4,9,__import__.product_3002912,__import__.stock_production_lot_V22819_3002912
__import__.stock_inventory_line_V23016K10_7764078,__import__.location_loc_GE13E1,3,__import__.product_7764078,__import__.stock_production_lot_V23016K10_7764078
__import__.stock_inventory_line_V24717H01_5764003,__import__.location_loc_GE06D4,2,__import__.product_5764003,__import__.stock_production_lot_V24717H01_5764003
__import__.stock_inventory_line_V25017H03_5764006,__import__.location_loc_GGT202,4,__import__.product_5764006,__import__.stock_production_lot_V25017H03_5764006
__import__.stock_inventory_line_V252A_5039012,__import__.location_loc_GGR405,1,__import__.product_5039012,__import__.stock_production_lot_V252A_5039012
__import__.stock_inventory_line_V26017H23_5764005,__import__.location_loc_GF26F6,7,__import__.product_5764005,__import__.stock_production_lot_V26017H23_5764005
__import__.stock_inventory_line_V26317D03_5764007,__import__.location_loc_GF28G4,3,__import__.product_5764007,__import__.stock_production_lot_V26317D03_5764007
__import__.stock_inventory_line_V27117H23_5764271,__import__.location_loc_GC13D3,1,__import__.product_5764271,__import__.stock_production_lot_V27117H23_5764271
__import__.stock_inventory_line_V28416L06_5764284,__import__.location_loc_GF30D7,2,__import__.product_5764284,__import__.stock_production_lot_V28416L06_5764284
__import__.stock_inventory_line_V28417H08_5764284,__import__.location_loc_GF30D7,16,__import__.product_5764284,__import__.stock_production_lot_V28417H08_5764284
__import__.stock_inventory_line_V28516L06_5764285,__import__.location_loc_GF10E2,5,__import__.product_5764285,__import__.stock_production_lot_V28516L06_5764285
__import__.stock_inventory_line_V28517H06_5764285,__import__.location_loc_GF10E2,8,__import__.product_5764285,__import__.stock_production_lot_V28517H06_5764285
__import__.stock_inventory_line_V28617H08_5764286,__import__.location_loc_GE09C5,1,__import__.product_5764286,__import__.stock_production_lot_V28617H08_5764286
__import__.stock_inventory_line_V29317D03_5764294,__import__.location_loc_GE09D3,5,__import__.product_5764294,__import__.stock_production_lot_V29317D03_5764294
__import__.stock_inventory_line_V29717D03_5764297,__import__.location_loc_GH11D3,3,__import__.product_5764297,__import__.stock_production_lot_V29717D03_5764297
__import__.stock_inventory_line_V29817D03_5764298,__import__.location_loc_GD02G7,4,__import__.product_5764298,__import__.stock_production_lot_V29817D03_5764298
__import__.stock_inventory_line_V30317A25_7764044,__import__.location_loc_GC15B4,2,__import__.product_7764044,__import__.stock_production_lot_V30317A25_7764044
__import__.stock_inventory_line_V30317H02_7764044,__import__.location_loc_GC15B4,4,__import__.product_7764044,__import__.stock_production_lot_V30317H02_7764044
__import__.stock_inventory_line_V30417H10_7764030,__import__.location_loc_GC13G1,6,__import__.product_7764030,__import__.stock_production_lot_V30417H10_7764030
__import__.stock_inventory_line_V30517F22_7764018,__import__.location_loc_GC15D5,3,__import__.product_7764018,__import__.stock_production_lot_V30517F22_7764018
__import__.stock_inventory_line_V30617B06_7764006,__import__.location_loc_GGP408,1,__import__.product_7764006,__import__.stock_production_lot_V30617B06_7764006
__import__.stock_inventory_line_V30617F1_7764006,__import__.location_loc_GGP408,4,__import__.product_7764006,__import__.stock_production_lot_V30617F1_7764006
__import__.stock_inventory_line_V30617H08_7764006,__import__.location_loc_GGP408,5,__import__.product_7764006,__import__.stock_production_lot_V30617H08_7764006
__import__.stock_inventory_line_V30717A04_7764041,__import__.location_loc_GF28B6,1,__import__.product_7764041,__import__.stock_production_lot_V30717A04_7764041
__import__.stock_inventory_line_V30817B13_7764016,__import__.location_loc_GBC402,3,__import__.product_7764016,__import__.stock_production_lot_V30817B13_7764016
__import__.stock_inventory_line_V30817H14_7764016,__import__.location_loc_GBC402,9,__import__.product_7764016,__import__.stock_production_lot_V30817H14_7764016
__import__.stock_inventory_line_V30917B01_7764036,__import__.location_loc_GD04G4,2,__import__.product_7764036,__import__.stock_production_lot_V30917B01_7764036
__import__.stock_inventory_line_V30917H29_7764036,__import__.location_loc_GD04G4,5,__import__.product_7764036,__import__.stock_production_lot_V30917H29_7764036
__import__.stock_inventory_line_V31717H22_7764063,__import__.location_loc_GC13F1,2,__import__.product_7764063,__import__.stock_production_lot_V31717H22_7764063
__import__.stock_inventory_line_V40717H11_5764407,__import__.location_loc_GD28E5,8,__import__.product_5764407,__import__.stock_production_lot_V40717H11_5764407
__import__.stock_inventory_line_V41617C23_7764416,__import__.location_loc_GF24B7,5,__import__.product_7764416,__import__.stock_production_lot_V41617C23_7764416
__import__.stock_inventory_line_V46017H09_7764073,__import__.location_loc_GC13E3,5,__import__.product_7764073,__import__.stock_production_lot_V46017H09_7764073
__import__.stock_inventory_line_V46317F12_5764463,__import__.location_loc_GD24C4,6,__import__.product_5764463,__import__.stock_production_lot_V46317F12_5764463
__import__.stock_inventory_line_V46517B16_5764467,__import__.location_loc_GGR407,1,__import__.product_5764467,__import__.stock_production_lot_V46517B16_5764467
__import__.stock_inventory_line_V46517H18_5764467,__import__.location_loc_GGR407,2,__import__.product_5764467,__import__.stock_production_lot_V46517H18_5764467
__import__.stock_inventory_line_V46617H09_5764466,__import__.location_loc_GE03B2,4,__import__.product_5764466,__import__.stock_production_lot_V46617H09_5764466
__import__.stock_inventory_line_V46917D20_5764469,__import__.location_loc_GE05E4,7,__import__.product_5764469,__import__.stock_production_lot_V46917D20_5764469
__import__.stock_inventory_line_V47317D11_5764008,__import__.location_loc_GD04C4,11,__import__.product_5764008,__import__.stock_production_lot_V47317D11_5764008
__import__.stock_inventory_line_V60217F08_7764031,__import__.location_loc_GGM401,2,__import__.product_7764031,__import__.stock_production_lot_V60217F08_7764031
__import__.stock_inventory_line_V60217H04_7764031,__import__.location_loc_GGM401,20,__import__.product_7764031,__import__.stock_production_lot_V60217H04_7764031
__import__.stock_inventory_line_V70117F08_7764004,__import__.location_loc_GBO403,1,__import__.product_7764004,__import__.stock_production_lot_V70117F08_7764004
__import__.stock_inventory_line_V70117H03_7764004,__import__.location_loc_GBO403,11,__import__.product_7764004,__import__.stock_production_lot_V70117H03_7764004
__import__.stock_inventory_line_V70217H03_7764070,__import__.location_loc_GD22G2,3,__import__.product_7764070,__import__.stock_production_lot_V70217H03_7764070
__import__.stock_inventory_line_V70317F08_7764014,__import__.location_loc_GD22C3,3,__import__.product_7764014,__import__.stock_production_lot_V70317F08_7764014
__import__.stock_inventory_line_V70416L13_7764704,__import__.location_loc_GE03C5,1,__import__.product_7764704,__import__.stock_production_lot_V70416L13_7764704
__import__.stock_inventory_line_V94117H17_5764941,__import__.location_loc_GE13E6,5,__import__.product_5764941,__import__.stock_production_lot_V94117H17_5764941
__import__.stock_inventory_line_V95017B03_5764950,__import__.location_loc_GGV306,8,__import__.product_5764950,__import__.stock_production_lot_V95017B03_5764950
__import__.stock_inventory_line_V95017G05_5764950,__import__.location_loc_GGV306,9,__import__.product_5764950,__import__.stock_production_lot_V95017G05_5764950
__import__.stock_inventory_line_V96017B01_7764054,__import__.location_loc_GF18C6,3,__import__.product_7764054,__import__.stock_production_lot_V96017B01_7764054
__import__.stock_inventory_line_V97017H11_7764040,__import__.location_loc_GF20D3,1,__import__.product_7764040,__import__.stock_production_lot_V97017H11_7764040
__import__.stock_inventory_line_V97717C06_7764072,__import__.location_loc_GD24E5,2,__import__.product_7764072,__import__.stock_production_lot_V97717C06_7764072
__import__.stock_inventory_line_V97817H02_7764079,__import__.location_loc_GH09D1,1,__import__.product_7764079,__import__.stock_production_lot_V97817H02_7764079
__import__.stock_inventory_line_V97917H17_7764042,__import__.location_loc_GE03E2,3,__import__.product_7764042,__import__.stock_production_lot_V97917H17_7764042
__import__.stock_inventory_line_V98017G05_7764032,__import__.location_loc_GE07A2,2,__import__.product_7764032,__import__.stock_production_lot_V98017G05_7764032
__import__.stock_inventory_line_V98017I01_7764032,__import__.location_loc_GE07A2,5,__import__.product_7764032,__import__.stock_production_lot_V98017I01_7764032
__import__.stock_inventory_line_V99017F16_7764037,__import__.location_loc_GBO404,13,__import__.product_7764037,__import__.stock_production_lot_V99017F16_7764037
__import__.stock_inventory_line_WO41961_8257520,__import__.location_loc_EXB200,3,__import__.product_8257520,__import__.stock_production_lot_WO41961_8257520
__import__.stock_inventory_line_W02798_2657831,__import__.location_loc_GC07F4,56,__import__.product_2657831,__import__.stock_production_lot_W02798_2657831
__import__.stock_inventory_line_W035317_6197011,__import__.location_loc_GF22C3,7,__import__.product_6197011,__import__.stock_production_lot_W035317_6197011
__import__.stock_inventory_line_W037017_5192014,__import__.location_loc_GD30A3,8,__import__.product_5192014,__import__.stock_production_lot_W037017_5192014
__import__.stock_inventory_line_W040517_6197028,__import__.location_loc_GF20B1,4,__import__.product_6197028,__import__.stock_production_lot_W040517_6197028
__import__.stock_inventory_line_W041961_8257520,__import__.location_loc_EXB200,2,__import__.product_8257520,__import__.stock_production_lot_W041961_8257520
__import__.stock_inventory_line_W043361_2510550,__import__.location_loc_GGK204,35,__import__.product_2510550,__import__.stock_production_lot_W043361_2510550
__import__.stock_inventory_line_W066717_5753400,__import__.location_loc_GF22A1,2,__import__.product_5753400,__import__.stock_production_lot_W066717_5753400
__import__.stock_inventory_line_W082217_6197010,__import__.location_loc_GD21D1,9,__import__.product_6197010,__import__.stock_production_lot_W082217_6197010
__import__.stock_inventory_line_W086017_6197014,__import__.location_loc_GE06D5,9,__import__.product_6197014,__import__.stock_production_lot_W086017_6197014
__import__.stock_inventory_line_W102017_6197020,__import__.location_loc_GF21A5,3,__import__.product_6197020,__import__.stock_production_lot_W102017_6197020
__import__.stock_inventory_line_W103617_5840301,__import__.location_loc_GC22A3,1,__import__.product_5840301,__import__.stock_production_lot_W103617_5840301
__import__.stock_inventory_line_W13022S_6900001,__import__.location_loc_GGD203,7,__import__.product_6900001,__import__.stock_production_lot_W13022S_6900001
__import__.stock_inventory_line_W2410034AF_3256302,__import__.location_loc_QAC310,64,__import__.product_3256302,__import__.stock_production_lot_W2410034AF_3256302
__import__.stock_inventory_line_W2410035AR_3256294,__import__.location_loc_QBA210,88,__import__.product_3256294,__import__.stock_production_lot_W2410035AR_3256294
__import__.stock_inventory_line_W2410039AE_3541695,__import__.location_loc_QED120,34,__import__.product_3541695,__import__.stock_production_lot_W2410039AE_3541695
__import__.stock_inventory_line_W43752_5091155,__import__.location_loc_EOA203,4,__import__.product_5091155,__import__.stock_production_lot_W43752_5091155
__import__.stock_inventory_line_XBPA005_6978089,__import__.location_loc_GE09C1,2,__import__.product_6978089,__import__.stock_production_lot_XBPA005_6978089
__import__.stock_inventory_line_XBPA6041_6889055,__import__.location_loc_GE07A1,7,__import__.product_6889055,__import__.stock_production_lot_XBPA6041_6889055
__import__.stock_inventory_line_XC288_1741644,__import__.location_loc_GZZ402,1,__import__.product_1741644,__import__.stock_production_lot_XC288_1741644
__import__.stock_inventory_line_XD130_1384726,__import__.location_loc_GF24E7,1,__import__.product_1384726,__import__.stock_production_lot_XD130_1384726
__import__.stock_inventory_line_XD171_1445964,__import__.location_loc_GE16A2,1,__import__.product_1445964,__import__.stock_production_lot_XD171_1445964
__import__.stock_inventory_line_YAN09801_2690071,__import__.location_loc_GAI110,392,__import__.product_2690071,__import__.stock_production_lot_YAN09801_2690071
__import__.stock_inventory_line_ZAM00601_7536956,__import__.location_loc_GF18E3,10,__import__.product_7536956,__import__.stock_production_lot_ZAM00601_7536956
__import__.stock_inventory_line_ZAM0601_7536956,__import__.location_loc_GF18E3,7,__import__.product_7536956,__import__.stock_production_lot_ZAM0601_7536956
__import__.stock_inventory_line_ZAP06401_6780401,__import__.location_loc_QFC440,1,__import__.product_6780401,__import__.stock_production_lot_ZAP06401_6780401
__import__.stock_inventory_line_ZP651_5430807,__import__.location_loc_GD22A5,24,__import__.product_5430807,__import__.stock_production_lot_ZP651_5430807
__import__.stock_inventory_line_Z026006_3050507,__import__.location_loc_GF30F5,6,__import__.product_3050507,__import__.stock_production_lot_Z026006_3050507
__import__.stock_inventory_line_Z225I026B_4716020,__import__.location_loc_GD04G6,1,__import__.product_4716020,__import__.stock_production_lot_Z225I026B_4716020
__import__.stock_inventory_line_Z225J176J_4367921,__import__.location_loc_GF14E6,65,__import__.product_4367921,__import__.stock_production_lot_Z225J176J_4367921
__import__.stock_inventory_line_Z450J335C_4665512,__import__.location_loc_GH11D1,106,__import__.product_4665512,__import__.stock_production_lot_Z450J335C_4665512
__import__.stock_inventory_line_Z495106_2379790,__import__.location_loc_GH07C3,70,__import__.product_2379790,__import__.stock_production_lot_Z495106_2379790
__import__.stock_inventory_line_Z69674_2920437,__import__.location_loc_GF29A3,1,__import__.product_2920437,__import__.stock_production_lot_Z69674_2920437
__import__.stock_inventory_line_Z70320_2920106,__import__.location_loc_GBS103,1,__import__.product_2920106,__import__.stock_production_lot_Z70320_2920106
__import__.stock_inventory_line_Z70570_2920155,__import__.location_loc_GF17B2,1,__import__.product_2920155,__import__.stock_production_lot_Z70570_2920155
__import__.stock_inventory_line_Z70736_2920114,__import__.location_loc_GE24B4,5,__import__.product_2920114,__import__.stock_production_lot_Z70736_2920114
__import__.stock_inventory_line_Z71346_2920072,__import__.location_loc_GD13A4,8,__import__.product_2920072,__import__.stock_production_lot_Z71346_2920072
__import__.stock_inventory_line_Z71416_2920411,__import__.location_loc_GBF202,6,__import__.product_2920411,__import__.stock_production_lot_Z71416_2920411
__import__.stock_inventory_line_Z71422_2920155,__import__.location_loc_GF17B2,4,__import__.product_2920155,__import__.stock_production_lot_Z71422_2920155
__import__.stock_inventory_line_Z71812_2920080,__import__.location_loc_GGF303,3,__import__.product_2920080,__import__.stock_production_lot_Z71812_2920080
__import__.stock_inventory_line_Z75J308F_4373726,__import__.location_loc_GGH405,34,__import__.product_4373726,__import__.stock_production_lot_Z75J308F_4373726
__import__.stock_inventory_line_Z75J354B_4373726,__import__.location_loc_GGH405,120,__import__.product_4373726,__import__.stock_production_lot_Z75J354B_4373726
__import__.stock_inventory_line_Z838_3060126,__import__.location_loc_GD30B3,4,__import__.product_3060126,__import__.stock_production_lot_Z838_3060126
__import__.stock_inventory_line_Z846_2568798,__import__.location_loc_GL08A1,3,__import__.product_2568798,__import__.stock_production_lot_Z846_2568798
__import__.stock_inventory_line_Z846_2568780,__import__.location_loc_GGE506,168,__import__.product_2568780,__import__.stock_production_lot_Z846_2568780
__import__.stock_inventory_line_0T571_2710507,__import__.location_loc_GE14A3,11,__import__.product_2710507,__import__.stock_production_lot_0T571_2710507
__import__.stock_inventory_line_000019_3429065,__import__.location_loc_GF10A1,3,__import__.product_3429065,__import__.stock_production_lot_000019_3429065
__import__.stock_inventory_line_0010317_2049153,__import__.location_loc_QCC320,42,__import__.product_2049153,__import__.stock_production_lot_0010317_2049153
__import__.stock_inventory_line_0010617_5512016,__import__.location_loc_GF31B4,4,__import__.product_5512016,__import__.stock_production_lot_0010617_5512016
__import__.stock_inventory_line_0020217_3154754,__import__.location_loc_GL14B7,37,__import__.product_3154754,__import__.stock_production_lot_0020217_3154754
__import__.stock_inventory_line_003L47_8034435,__import__.location_loc_EOF216,20,__import__.product_8034435,__import__.stock_production_lot_003L47_8034435
__import__.stock_inventory_line_0041701_8021912,__import__.location_loc_GC32C1,9,__import__.product_8021912,__import__.stock_production_lot_0041701_8021912
__import__.stock_inventory_line_0050217_2228450,__import__.location_loc_GF14A4,11,__import__.product_2228450,__import__.stock_production_lot_0050217_2228450
__import__.stock_inventory_line_0060417_3510518,__import__.location_loc_GE11A3,6,__import__.product_3510518,__import__.stock_production_lot_0060417_3510518
__import__.stock_inventory_line_0071701_8021906,__import__.location_loc_GC07E4,6,__import__.product_8021906,__import__.stock_production_lot_0071701_8021906
__import__.stock_inventory_line_00840DA_3020674,__import__.location_loc_GC11C2,4,__import__.product_3020674,__import__.stock_production_lot_00840DA_3020674
__import__.stock_inventory_line_009023_8258175,__import__.location_loc_QAB325,1,__import__.product_8258175,__import__.stock_production_lot_009023_8258175
__import__.stock_inventory_line_009180_2932762,__import__.location_loc_GAK170,1411,__import__.product_2932762,__import__.stock_production_lot_009180_2932762
__import__.stock_inventory_line_009758_2932747,__import__.location_loc_GAK230,3144,__import__.product_2932747,__import__.stock_production_lot_009758_2932747
__import__.stock_inventory_line_0100416_5192041,__import__.location_loc_GD19D4,2,__import__.product_5192041,__import__.stock_production_lot_0100416_5192041
__import__.stock_inventory_line_010122_5230478,__import__.location_loc_GC13F2,3,__import__.product_5230478,__import__.stock_production_lot_010122_5230478
__import__.stock_inventory_line_01014A_5921120,__import__.location_loc_GAD500,12,__import__.product_5921120,__import__.stock_production_lot_01014A_5921120
__import__.stock_inventory_line_0101648A_3294015,__import__.location_loc_GE14C5,52,__import__.product_3294015,__import__.stock_production_lot_0101648A_3294015
__import__.stock_inventory_line_0102017_7760342,__import__.location_loc_GBL204,4,__import__.product_7760342,__import__.stock_production_lot_0102017_7760342
__import__.stock_inventory_line_01022021_5054025,__import__.location_loc_GE05A1,2,__import__.product_5054025,__import__.stock_production_lot_01022021_5054025
__import__.stock_inventory_line_0103217_3518651,__import__.location_loc_GGG206,23,__import__.product_3518651,__import__.stock_production_lot_0103217_3518651
__import__.stock_inventory_line_01041705_5741500,__import__.location_loc_QFB415,50,__import__.product_5741500,__import__.stock_production_lot_01041705_5741500
__import__.stock_inventory_line_010517_8024141,__import__.location_loc_GK15D1,2,__import__.product_8024141,__import__.stock_production_lot_010517_8024141
__import__.stock_inventory_line_010617_6840001,__import__.location_loc_GZZ101,1,__import__.product_6840001,__import__.stock_production_lot_010617_6840001
__import__.stock_inventory_line_010617_5273404,__import__.location_loc_EXE500,1,__import__.product_5273404,__import__.stock_production_lot_010617_5273404
__import__.stock_inventory_line_010619_8199774,__import__.location_loc_GE01D7,1,__import__.product_8199774,__import__.stock_production_lot_010619_8199774
__import__.stock_inventory_line_010619_5230478,__import__.location_loc_GC13F2,10,__import__.product_5230478,__import__.stock_production_lot_010619_5230478
__import__.stock_inventory_line_010620_8061857,__import__.location_loc_GE04D4,3,__import__.product_8061857,__import__.stock_production_lot_010620_8061857
__import__.stock_inventory_line_0109DA019_5700004,__import__.location_loc_QFD410,1,__import__.product_5700004,__import__.stock_production_lot_0109DA019_5700004
__import__.stock_inventory_line_0109420_2271203,__import__.location_loc_GD22D5,3,__import__.product_2271203,__import__.stock_production_lot_0109420_2271203
__import__.stock_inventory_line_011_3156718,__import__.location_loc_GE22C1,16,__import__.product_3156718,__import__.stock_production_lot_011_3156718
__import__.stock_inventory_line_011112_5994481,__import__.location_loc_GE16B1,3,__import__.product_5994481,__import__.stock_production_lot_011112_5994481
__import__.stock_inventory_line_011156_5432002,__import__.location_loc_GBA103,1736,__import__.product_5432002,__import__.stock_production_lot_011156_5432002
__import__.stock_inventory_line_011157_5432003,__import__.location_loc_GBP510,4861,__import__.product_5432003,__import__.stock_production_lot_011157_5432003
__import__.stock_inventory_line_0117011AA_3296308,__import__.location_loc_GGD302,67,__import__.product_3296308,__import__.stock_production_lot_0117011AA_3296308
__import__.stock_inventory_line_01170163_6600837,__import__.location_loc_GC28B1,2,__import__.product_6600837,__import__.stock_production_lot_01170163_6600837
__import__.stock_inventory_line_0117068AC_3026770,__import__.location_loc_EPH014,24,__import__.product_3026770,__import__.stock_production_lot_0117068AC_3026770
__import__.stock_inventory_line_012304_6131482,__import__.location_loc_GBB501,8,__import__.product_6131482,__import__.stock_production_lot_012304_6131482
__import__.stock_inventory_line_014013_2720779,__import__.location_loc_EPH004,14,__import__.product_2720779,__import__.stock_production_lot_014013_2720779
__import__.stock_inventory_line_0150071_8270102,__import__.location_loc_QBF320,73,__import__.product_8270102,__import__.stock_production_lot_0150071_8270102
__import__.stock_inventory_line_0151116_8270001,__import__.location_loc_GGD304,13,__import__.product_8270001,__import__.stock_production_lot_0151116_8270001
__import__.stock_inventory_line_0151592_1193515,__import__.location_loc_QKA210,108,__import__.product_1193515,__import__.stock_production_lot_0151592_1193515
__import__.stock_inventory_line_0153168_8270032,__import__.location_loc_QBE220,9,__import__.product_8270032,__import__.stock_production_lot_0153168_8270032
__import__.stock_inventory_line_0153446_3409992,__import__.location_loc_GD04C1,5,__import__.product_3409992,__import__.stock_production_lot_0153446_3409992
__import__.stock_inventory_line_0153449_3409976,__import__.location_loc_GC31B2,8,__import__.product_3409976,__import__.stock_production_lot_0153449_3409976
__import__.stock_inventory_line_0153455_3410008,__import__.location_loc_GBE406,2,__import__.product_3410008,__import__.stock_production_lot_0153455_3410008
__import__.stock_inventory_line_0153651_8270189,__import__.location_loc_GBX113,7,__import__.product_8270189,__import__.stock_production_lot_0153651_8270189
__import__.stock_inventory_line_0153734_8270131,__import__.location_loc_GBC202,8,__import__.product_8270131,__import__.stock_production_lot_0153734_8270131
__import__.stock_inventory_line_0154031_3094307,__import__.location_loc_GD29B3,10,__import__.product_3094307,__import__.stock_production_lot_0154031_3094307
__import__.stock_inventory_line_0160047_8270225,__import__.location_loc_GD19C4,6,__import__.product_8270225,__import__.stock_production_lot_0160047_8270225
__import__.stock_inventory_line_0160140_8270095,__import__.location_loc_GGL106,309,__import__.product_8270095,__import__.stock_production_lot_0160140_8270095
__import__.stock_inventory_line_0160182_1489301,__import__.location_loc_GGR702,1,__import__.product_1489301,__import__.stock_production_lot_0160182_1489301
__import__.stock_inventory_line_0160220_8270018,__import__.location_loc_GGS203,55,__import__.product_8270018,__import__.stock_production_lot_0160220_8270018
__import__.stock_inventory_line_016023A01_3499019,__import__.location_loc_QDF520,8,__import__.product_3499019,__import__.stock_production_lot_016023A01_3499019
__import__.stock_inventory_line_0160320_8270123,__import__.location_loc_GGH108,13,__import__.product_8270123,__import__.stock_production_lot_0160320_8270123
__import__.stock_inventory_line_0160815_2797249,__import__.location_loc_QFD420,58,__import__.product_2797249,__import__.stock_production_lot_0160815_2797249
__import__.stock_inventory_line_0160882_8270005,__import__.location_loc_GBV103,1,__import__.product_8270005,__import__.stock_production_lot_0160882_8270005
__import__.stock_inventory_line_0160883_8270005,__import__.location_loc_GBV103,9,__import__.product_8270005,__import__.stock_production_lot_0160883_8270005
__import__.stock_inventory_line_0160949_8270168,__import__.location_loc_GE22B4,19,__import__.product_8270168,__import__.stock_production_lot_0160949_8270168
__import__.stock_inventory_line_0160985_5270101,__import__.location_loc_GL14B3,4,__import__.product_5270101,__import__.stock_production_lot_0160985_5270101
__import__.stock_inventory_line_0160991_3133154,__import__.location_loc_GD29C5,3,__import__.product_3133154,__import__.stock_production_lot_0160991_3133154
__import__.stock_inventory_line_0161390_1203280,__import__.location_loc_GBA101,23,__import__.product_1203280,__import__.stock_production_lot_0161390_1203280
__import__.stock_inventory_line_0161715_1203272,__import__.location_loc_GGB303,67,__import__.product_1203272,__import__.stock_production_lot_0161715_1203272
__import__.stock_inventory_line_0161718260_1391614,__import__.location_loc_GAH115,3,__import__.product_1391614,__import__.stock_production_lot_0161718260_1391614
__import__.stock_inventory_line_0161821_0097576,__import__.location_loc_QBE310,41,__import__.product_0097576,__import__.stock_production_lot_0161821_0097576
__import__.stock_inventory_line_0162143_8270017,__import__.location_loc_GGB207,22,__import__.product_8270017,__import__.stock_production_lot_0162143_8270017
__import__.stock_inventory_line_0162360_8270189,__import__.location_loc_GBX113,20,__import__.product_8270189,__import__.stock_production_lot_0162360_8270189
__import__.stock_inventory_line_0162854_3497609,__import__.location_loc_QEF315,12,__import__.product_3497609,__import__.stock_production_lot_0162854_3497609
__import__.stock_inventory_line_0162862_6920032,__import__.location_loc_GD02F3,7,__import__.product_6920032,__import__.stock_production_lot_0162862_6920032
__import__.stock_inventory_line_0162884_8270052,__import__.location_loc_GC11F5,3,__import__.product_8270052,__import__.stock_production_lot_0162884_8270052
__import__.stock_inventory_line_0162922_6964331,__import__.location_loc_GF24D6,4,__import__.product_6964331,__import__.stock_production_lot_0162922_6964331
__import__.stock_inventory_line_0163217_6350305,__import__.location_loc_GBO102,22,__import__.product_6350305,__import__.stock_production_lot_0163217_6350305
__import__.stock_inventory_line_0163244_3409984,__import__.location_loc_GBL305,2,__import__.product_3409984,__import__.stock_production_lot_0163244_3409984
__import__.stock_inventory_line_0163267_8270252,__import__.location_loc_GBH603,1,__import__.product_8270252,__import__.stock_production_lot_0163267_8270252
__import__.stock_inventory_line_0163410_8270059,__import__.location_loc_GF20C2,4,__import__.product_8270059,__import__.stock_production_lot_0163410_8270059
__import__.stock_inventory_line_0163629_6778700,__import__.location_loc_GD03B1,1,__import__.product_6778700,__import__.stock_production_lot_0163629_6778700
__import__.stock_inventory_line_0163639_3439460,__import__.location_loc_GE09F3,4,__import__.product_3439460,__import__.stock_production_lot_0163639_3439460
__import__.stock_inventory_line_0170056_1203223,__import__.location_loc_GL01A6,108,__import__.product_1203223,__import__.stock_production_lot_0170056_1203223
__import__.stock_inventory_line_0170057_8270053,__import__.location_loc_GGE403,101,__import__.product_8270053,__import__.stock_production_lot_0170057_8270053
__import__.stock_inventory_line_0170095_8270063,__import__.location_loc_QKA120,700,__import__.product_8270063,__import__.stock_production_lot_0170095_8270063
__import__.stock_inventory_line_017017B_2979003,__import__.location_loc_GC28D2,8,__import__.product_2979003,__import__.stock_production_lot_017017B_2979003
__import__.stock_inventory_line_017023_8097045,__import__.location_loc_GF28G1,3,__import__.product_8097045,__import__.stock_production_lot_017023_8097045
__import__.stock_inventory_line_0170255_8270208,__import__.location_loc_QJA125,68,__import__.product_8270208,__import__.stock_production_lot_0170255_8270208
__import__.stock_inventory_line_0170315_8270120,__import__.location_loc_QCE210,44,__import__.product_8270120,__import__.stock_production_lot_0170315_8270120
__import__.stock_inventory_line_0170385_6722214,__import__.location_loc_GD03B3,9,__import__.product_6722214,__import__.stock_production_lot_0170385_6722214
__import__.stock_inventory_line_0170440_8270290,__import__.location_loc_GE08A2,2,__import__.product_8270290,__import__.stock_production_lot_0170440_8270290
__import__.stock_inventory_line_0170453_8270046,__import__.location_loc_GD11A4,1,__import__.product_8270046,__import__.stock_production_lot_0170453_8270046
__import__.stock_inventory_line_0170456_8270046,__import__.location_loc_GD11A4,1,__import__.product_8270046,__import__.stock_production_lot_0170456_8270046
__import__.stock_inventory_line_0170582_6350306,__import__.location_loc_GH09B1,33,__import__.product_6350306,__import__.stock_production_lot_0170582_6350306
__import__.stock_inventory_line_0170842_6722214,__import__.location_loc_GD03B3,30,__import__.product_6722214,__import__.stock_production_lot_0170842_6722214
__import__.stock_inventory_line_0170945_7760301,__import__.location_loc_GK06B3,128,__import__.product_7760301,__import__.stock_production_lot_0170945_7760301
__import__.stock_inventory_line_0171000_8270033,__import__.location_loc_QMA225,311,__import__.product_8270033,__import__.stock_production_lot_0171000_8270033
__import__.stock_inventory_line_0171126_1203272,__import__.location_loc_GGB303,18,__import__.product_1203272,__import__.stock_production_lot_0171126_1203272
__import__.stock_inventory_line_0171158_3203411,__import__.location_loc_GD05C1,57,__import__.product_3203411,__import__.stock_production_lot_0171158_3203411
__import__.stock_inventory_line_0171159_8270123,__import__.location_loc_GGH108,240,__import__.product_8270123,__import__.stock_production_lot_0171159_8270123
__import__.stock_inventory_line_0171160_8270071,__import__.location_loc_GE24B5,4,__import__.product_8270071,__import__.stock_production_lot_0171160_8270071
__import__.stock_inventory_line_0171208_6964383,__import__.location_loc_GD13D7,2,__import__.product_6964383,__import__.stock_production_lot_0171208_6964383
__import__.stock_inventory_line_0171235_8270252,__import__.location_loc_GBH603,44,__import__.product_8270252,__import__.stock_production_lot_0171235_8270252
__import__.stock_inventory_line_0171425_6778700,__import__.location_loc_GD03B1,20,__import__.product_6778700,__import__.stock_production_lot_0171425_6778700
__import__.stock_inventory_line_0171525_8270104,__import__.location_loc_GGL304,396,__import__.product_8270104,__import__.stock_production_lot_0171525_8270104
__import__.stock_inventory_line_0171540_2749299,__import__.location_loc_GGP101,85,__import__.product_2749299,__import__.stock_production_lot_0171540_2749299
__import__.stock_inventory_line_0171842_3409968,__import__.location_loc_GBC105,21,__import__.product_3409968,__import__.stock_production_lot_0171842_3409968
__import__.stock_inventory_line_017996_5271525,__import__.location_loc_EXK300,1,__import__.product_5271525,__import__.stock_production_lot_017996_5271525
__import__.stock_inventory_line_020120A_8052195,__import__.location_loc_EXK800,4,__import__.product_8052195,__import__.stock_production_lot_020120A_8052195
__import__.stock_inventory_line_0201215_1126093,__import__.location_loc_GL01A2,4,__import__.product_1126093,__import__.stock_production_lot_0201215_1126093
__import__.stock_inventory_line_0201219_1126093,__import__.location_loc_GL01A2,13,__import__.product_1126093,__import__.stock_production_lot_0201219_1126093
__import__.stock_inventory_line_0203500010_5007182,__import__.location_loc_GC15E2,2,__import__.product_5007182,__import__.stock_production_lot_0203500010_5007182
__import__.stock_inventory_line_02040717_1206895,__import__.location_loc_GBX203,90,__import__.product_1206895,__import__.stock_production_lot_02040717_1206895
__import__.stock_inventory_line_021259_8001281,__import__.location_loc_GGR207,1,__import__.product_8001281,__import__.stock_production_lot_021259_8001281
__import__.stock_inventory_line_022017_5141871,__import__.location_loc_GC08A2,1,__import__.product_5141871,__import__.stock_production_lot_022017_5141871
__import__.stock_inventory_line_02309425_5800004,__import__.location_loc_QEE420,1,__import__.product_5800004,__import__.stock_production_lot_02309425_5800004
__import__.stock_inventory_line_02316507_8237150,__import__.location_loc_GK15D3,3,__import__.product_8237150,__import__.stock_production_lot_02316507_8237150
__import__.stock_inventory_line_02331C_4629901,__import__.location_loc_GBI104,9,__import__.product_4629901,__import__.stock_production_lot_02331C_4629901
__import__.stock_inventory_line_02371316_5800102,__import__.location_loc_QDE420,1,__import__.product_5800102,__import__.stock_production_lot_02371316_5800102
__import__.stock_inventory_line_026023B01_3499019,__import__.location_loc_QDF520,21,__import__.product_3499019,__import__.stock_production_lot_026023B01_3499019
__import__.stock_inventory_line_02707361_0682666,__import__.location_loc_GBP103,18,__import__.product_0682666,__import__.stock_production_lot_02707361_0682666
__import__.stock_inventory_line_0271349_1554617,__import__.location_loc_GBX417,45,__import__.product_1554617,__import__.stock_production_lot_0271349_1554617
__import__.stock_inventory_line_02716121_6704096,__import__.location_loc_GD13C4,1,__import__.product_6704096,__import__.stock_production_lot_02716121_6704096
__import__.stock_inventory_line_0272997_6704096,__import__.location_loc_GD13C4,1,__import__.product_6704096,__import__.stock_production_lot_0272997_6704096
__import__.stock_inventory_line_02730384_1554617,__import__.location_loc_GBX417,72,__import__.product_1554617,__import__.stock_production_lot_02730384_1554617
__import__.stock_inventory_line_0281703_8021906,__import__.location_loc_GC07E4,8,__import__.product_8021906,__import__.stock_production_lot_0281703_8021906
__import__.stock_inventory_line_029A08_8331469,__import__.location_loc_EOE117,6,__import__.product_8331469,__import__.stock_production_lot_029A08_8331469
__import__.stock_inventory_line_029017B_2931145,__import__.location_loc_GD25C6,41,__import__.product_2931145,__import__.stock_production_lot_029017B_2931145
__import__.stock_inventory_line_029091_2580652,__import__.location_loc_EPH003,19,__import__.product_2580652,__import__.stock_production_lot_029091_2580652
__import__.stock_inventory_line_0293000082_5408308,__import__.location_loc_GZZ208,3,__import__.product_5408308,__import__.stock_production_lot_0293000082_5408308
__import__.stock_inventory_line_03W242D_8257282,__import__.location_loc_GE23C5,5,__import__.product_8257282,__import__.stock_production_lot_03W242D_8257282
__import__.stock_inventory_line_0309DA019_5700005,__import__.location_loc_QFA330,6,__import__.product_5700005,__import__.stock_production_lot_0309DA019_5700005
__import__.stock_inventory_line_031018_1200060,__import__.location_loc_GD14A2,7,__import__.product_1200060,__import__.stock_production_lot_031018_1200060
__import__.stock_inventory_line_031116_3315314,__import__.location_loc_QEB415,14,__import__.product_3315314,__import__.stock_production_lot_031116_3315314
__import__.stock_inventory_line_031605_5776190,__import__.location_loc_EXE100,7,__import__.product_5776190,__import__.stock_production_lot_031605_5776190
__import__.stock_inventory_line_0317A01_5268500,__import__.location_loc_GE22A2,32,__import__.product_5268500,__import__.stock_production_lot_0317A01_5268500
__import__.stock_inventory_line_03170021_6600805,__import__.location_loc_GBK111,12,__import__.product_6600805,__import__.stock_production_lot_03170021_6600805
__import__.stock_inventory_line_03170022_6600828,__import__.location_loc_GL06A5,12,__import__.product_6600828,__import__.stock_production_lot_03170022_6600828
__import__.stock_inventory_line_032023_5011736,__import__.location_loc_GF09C1,3,__import__.product_5011736,__import__.stock_production_lot_032023_5011736
__import__.stock_inventory_line_0331603_8021898,__import__.location_loc_GC05G3,2,__import__.product_8021898,__import__.stock_production_lot_0331603_8021898
__import__.stock_inventory_line_03348B_3020666,__import__.location_loc_GC13E4,9,__import__.product_3020666,__import__.stock_production_lot_03348B_3020666
__import__.stock_inventory_line_0351703_8021912,__import__.location_loc_GC32C1,13,__import__.product_8021912,__import__.stock_production_lot_0351703_8021912
__import__.stock_inventory_line_03522402_3606720,__import__.location_loc_QZZ067,9,__import__.product_3606720,__import__.stock_production_lot_03522402_3606720
__import__.stock_inventory_line_037K6DC_3433943,__import__.location_loc_GF19C8,7,__import__.product_3433943,__import__.stock_production_lot_037K6DC_3433943
__import__.stock_inventory_line_0381703_8021912,__import__.location_loc_GC32C1,70,__import__.product_8021912,__import__.stock_production_lot_0381703_8021912
__import__.stock_inventory_line_04_1809750,__import__.location_loc_GD14C7,7,__import__.product_1809750,__import__.stock_production_lot_04_1809750
__import__.stock_inventory_line_04041731B_5560454,__import__.location_loc_GD08C6,9,__import__.product_5560454,__import__.stock_production_lot_04041731B_5560454
__import__.stock_inventory_line_0409DA019_5700002,__import__.location_loc_QCF410,9,__import__.product_5700002,__import__.stock_production_lot_0409DA019_5700002
__import__.stock_inventory_line_041FB_2669620,__import__.location_loc_GGC201,2,__import__.product_2669620,__import__.stock_production_lot_041FB_2669620
__import__.stock_inventory_line_0415218AC_3026762,__import__.location_loc_EPH012,2,__import__.product_3026762,__import__.stock_production_lot_0415218AC_3026762
__import__.stock_inventory_line_04170005_6600837,__import__.location_loc_GC28B1,5,__import__.product_6600837,__import__.stock_production_lot_04170005_6600837
__import__.stock_inventory_line_042019_5416453,__import__.location_loc_GC28D4,8,__import__.product_5416453,__import__.stock_production_lot_042019_5416453
__import__.stock_inventory_line_0431704_8021912,__import__.location_loc_GC32C1,26,__import__.product_8021912,__import__.stock_production_lot_0431704_8021912
__import__.stock_inventory_line_0431704_8021875,__import__.location_loc_GC03B3,5,__import__.product_8021875,__import__.stock_production_lot_0431704_8021875
__import__.stock_inventory_line_04320_8001950,__import__.location_loc_EOG162,5,__import__.product_8001950,__import__.stock_production_lot_04320_8001950
__import__.stock_inventory_line_04415C_8044787,__import__.location_loc_GAB120,12,__import__.product_8044787,__import__.stock_production_lot_04415C_8044787
__import__.stock_inventory_line_04613P002_5700055,__import__.location_loc_GD20B6,4,__import__.product_5700055,__import__.stock_production_lot_04613P002_5700055
__import__.stock_inventory_line_04628_8212718,__import__.location_loc_GF18A1,136,__import__.product_8212718,__import__.stock_production_lot_04628_8212718
__import__.stock_inventory_line_05A17_5192027,__import__.location_loc_QFD110,5,__import__.product_5192027,__import__.stock_production_lot_05A17_5192027
__import__.stock_inventory_line_05RX3_8187771,__import__.location_loc_GE06C0,22,__import__.product_8187771,__import__.stock_production_lot_05RX3_8187771
__import__.stock_inventory_line_05RX3_8187759,__import__.location_loc_GE06C4,14,__import__.product_8187759,__import__.stock_production_lot_05RX3_8187759
__import__.stock_inventory_line_05RX3_8187742,__import__.location_loc_GE24A4,36,__import__.product_8187742,__import__.stock_production_lot_05RX3_8187742
__import__.stock_inventory_line_05002_8058269,__import__.location_loc_GE13C4,191,__import__.product_8058269,__import__.stock_production_lot_05002_8058269
__import__.stock_inventory_line_05005P2002_5700057,__import__.location_loc_GD19B6,3,__import__.product_5700057,__import__.stock_production_lot_05005P2002_5700057
__import__.stock_inventory_line_05088_8001938,__import__.location_loc_GE13F2,8,__import__.product_8001938,__import__.stock_production_lot_05088_8001938
__import__.stock_inventory_line_05092_8335674,__import__.location_loc_GC26D2,252,__import__.product_8335674,__import__.stock_production_lot_05092_8335674
__import__.stock_inventory_line_051016FL_8000896,__import__.location_loc_GC11A1,10,__import__.product_8000896,__import__.stock_production_lot_051016FL_8000896
__import__.stock_inventory_line_05108_8001938,__import__.location_loc_GE13F2,126,__import__.product_8001938,__import__.stock_production_lot_05108_8001938
__import__.stock_inventory_line_051204603_8076971,__import__.location_loc_GC31E5,5,__import__.product_8076971,__import__.stock_production_lot_051204603_8076971
__import__.stock_inventory_line_05144_8236742,__import__.location_loc_EOE101,21,__import__.product_8236742,__import__.stock_production_lot_05144_8236742
__import__.stock_inventory_line_05271486_8076764,__import__.location_loc_QFB115,3,__import__.product_8076764,__import__.stock_production_lot_05271486_8076764
__import__.stock_inventory_line_0545402_5042512,__import__.location_loc_GE09A3,2,__import__.product_5042512,__import__.stock_production_lot_0545402_5042512
__import__.stock_inventory_line_05522402_3498995,__import__.location_loc_QZZ989,6,__import__.product_3498995,__import__.stock_production_lot_05522402_3498995
__import__.stock_inventory_line_05634C_3550498,__import__.location_loc_GF24C6,10,__import__.product_3550498,__import__.stock_production_lot_05634C_3550498
__import__.stock_inventory_line_05885_5259843,__import__.location_loc_GE05F4,4,__import__.product_5259843,__import__.stock_production_lot_05885_5259843
__import__.stock_inventory_line_0598_5724000,__import__.location_loc_GK18A3,1,__import__.product_5724000,__import__.stock_production_lot_0598_5724000
__import__.stock_inventory_line_06RX1_8187765,__import__.location_loc_GBB204,68,__import__.product_8187765,__import__.stock_production_lot_06RX1_8187765
__import__.stock_inventory_line_06RX2_8187736,__import__.location_loc_GGD205,20,__import__.product_8187736,__import__.stock_production_lot_06RX2_8187736
__import__.stock_inventory_line_06RX3_8187819,__import__.location_loc_GC07D1,15,__import__.product_8187819,__import__.stock_production_lot_06RX3_8187819
__import__.stock_inventory_line_06RX4_8187788,__import__.location_loc_GBH301,19,__import__.product_8187788,__import__.stock_production_lot_06RX4_8187788
__import__.stock_inventory_line_060K70612C2A_3606860,__import__.location_loc_QAD420,22,__import__.product_3606860,__import__.stock_production_lot_060K70612C2A_3606860
__import__.stock_inventory_line_060K70612C2A_3606852,__import__.location_loc_QBC320,2,__import__.product_3606852,__import__.stock_production_lot_060K70612C2A_3606852
__import__.stock_inventory_line_060K70727A1C_3606878,__import__.location_loc_QAD410,3,__import__.product_3606878,__import__.stock_production_lot_060K70727A1C_3606878
__import__.stock_inventory_line_0600617_1115377,__import__.location_loc_GL14B4,9,__import__.product_1115377,__import__.stock_production_lot_0600617_1115377
__import__.stock_inventory_line_06073_5042508,__import__.location_loc_GF28E4,2,__import__.product_5042508,__import__.stock_production_lot_06073_5042508
__import__.stock_inventory_line_0612217_5192219,__import__.location_loc_GGH101,6,__import__.product_5192219,__import__.stock_production_lot_0612217_5192219
__import__.stock_inventory_line_0612917_3493657,__import__.location_loc_GL14B6,71,__import__.product_3493657,__import__.stock_production_lot_0612917_3493657
__import__.stock_inventory_line_061611_5776185,__import__.location_loc_GF24E3,1,__import__.product_5776185,__import__.stock_production_lot_061611_5776185
__import__.stock_inventory_line_061701_5776191,__import__.location_loc_GC21B2,11,__import__.product_5776191,__import__.stock_production_lot_061701_5776191
__import__.stock_inventory_line_062017_8242079,__import__.location_loc_GK05A2,143,__import__.product_8242079,__import__.stock_production_lot_062017_8242079
__import__.stock_inventory_line_062017_8342131,__import__.location_loc_GD22D6,530,__import__.product_8342131,__import__.stock_production_lot_062017_8342131
__import__.stock_inventory_line_062019_5416396,__import__.location_loc_GBM515,51,__import__.product_5416396,__import__.stock_production_lot_062019_5416396
__import__.stock_inventory_line_06316399_5800002,__import__.location_loc_QFB220,6,__import__.product_5800002,__import__.stock_production_lot_06316399_5800002
__import__.stock_inventory_line_06485978_5800001,__import__.location_loc_QFC230,8,__import__.product_5800001,__import__.stock_production_lot_06485978_5800001
__import__.stock_inventory_line_06493633_5800001,__import__.location_loc_QFC230,2,__import__.product_5800001,__import__.stock_production_lot_06493633_5800001
__import__.stock_inventory_line_065126_6778120,__import__.location_loc_QZZ120,2,__import__.product_6778120,__import__.stock_production_lot_065126_6778120
__import__.stock_inventory_line_0651605_8021881,__import__.location_loc_GC03E4,1,__import__.product_8021881,__import__.stock_production_lot_0651605_8021881
__import__.stock_inventory_line_07B703_3411238,__import__.location_loc_GE07A8,6,__import__.product_3411238,__import__.stock_production_lot_07B703_3411238
__import__.stock_inventory_line_070126_2087138,__import__.location_loc_GBV203,23,__import__.product_2087138,__import__.stock_production_lot_070126_2087138
__import__.stock_inventory_line_070144_7983201,__import__.location_loc_GD26C4,1,__import__.product_7983201,__import__.stock_production_lot_070144_7983201
__import__.stock_inventory_line_0715_3277191,__import__.location_loc_GF32C4,2,__import__.product_3277191,__import__.stock_production_lot_0715_3277191
__import__.stock_inventory_line_0717_5840313,__import__.location_loc_GH11A4,4,__import__.product_5840313,__import__.stock_production_lot_0717_5840313
__import__.stock_inventory_line_072016_5141791,__import__.location_loc_GF13D6,1,__import__.product_5141791,__import__.stock_production_lot_072016_5141791
__import__.stock_inventory_line_072016_5141792,__import__.location_loc_EXG100,1,__import__.product_5141792,__import__.stock_production_lot_072016_5141792
__import__.stock_inventory_line_072019_8038077,__import__.location_loc_GAD210,12,__import__.product_8038077,__import__.stock_production_lot_072019_8038077
__import__.stock_inventory_line_0721706_8021906,__import__.location_loc_GC07E4,4,__import__.product_8021906,__import__.stock_production_lot_0721706_8021906
__import__.stock_inventory_line_07413_5042513,__import__.location_loc_GE09G1,1,__import__.product_5042513,__import__.stock_production_lot_07413_5042513
__import__.stock_inventory_line_0751719192_1391614,__import__.location_loc_GAH115,4,__import__.product_1391614,__import__.stock_production_lot_0751719192_1391614
__import__.stock_inventory_line_07522401_3499001,__import__.location_loc_QZZ990,9,__import__.product_3499001,__import__.stock_production_lot_07522401_3499001
__import__.stock_inventory_line_077352_3088952,__import__.location_loc_GL14B1,5,__import__.product_3088952,__import__.stock_production_lot_077352_3088952
__import__.stock_inventory_line_07867_5259840,__import__.location_loc_GC13G6,2,__import__.product_5259840,__import__.stock_production_lot_07867_5259840
__import__.stock_inventory_line_07953_5259875,__import__.location_loc_GC13E6,2,__import__.product_5259875,__import__.stock_production_lot_07953_5259875
__import__.stock_inventory_line_080_3455862,__import__.location_loc_GF22A5,6,__import__.product_3455862,__import__.stock_production_lot_080_3455862
__import__.stock_inventory_line_0806117_5192164,__import__.location_loc_GBP407,44,__import__.product_5192164,__import__.stock_production_lot_0806117_5192164
__import__.stock_inventory_line_0806117_5192162,__import__.location_loc_GBG107,6,__import__.product_5192162,__import__.stock_production_lot_0806117_5192162
__import__.stock_inventory_line_081_3455870,__import__.location_loc_GD04D7,13,__import__.product_3455870,__import__.stock_production_lot_081_3455870
__import__.stock_inventory_line_0811607_8021906,__import__.location_loc_GC07E4,3,__import__.product_8021906,__import__.stock_production_lot_0811607_8021906
__import__.stock_inventory_line_081285_0136465,__import__.location_loc_GGB201,41,__import__.product_0136465,__import__.stock_production_lot_081285_0136465
__import__.stock_inventory_line_0812917_7760342,__import__.location_loc_GBL204,10,__import__.product_7760342,__import__.stock_production_lot_0812917_7760342
__import__.stock_inventory_line_081603_5776195,__import__.location_loc_GF23C1,4,__import__.product_5776195,__import__.stock_production_lot_081603_5776195
__import__.stock_inventory_line_081701_5776195,__import__.location_loc_GF23C1,1,__import__.product_5776195,__import__.stock_production_lot_081701_5776195
__import__.stock_inventory_line_0827415_5192038,__import__.location_loc_GC12A4,2,__import__.product_5192038,__import__.stock_production_lot_0827415_5192038
__import__.stock_inventory_line_08378A_3020682,__import__.location_loc_GE32D3,2,__import__.product_3020682,__import__.stock_production_lot_08378A_3020682
__import__.stock_inventory_line_083874_0814681,__import__.location_loc_GBH101,8,__import__.product_0814681,__import__.stock_production_lot_083874_0814681
__import__.stock_inventory_line_08432A_2328904,__import__.location_loc_GBS305,21,__import__.product_2328904,__import__.stock_production_lot_08432A_2328904
__import__.stock_inventory_line_08545A_2328862,__import__.location_loc_GD24B1,8,__import__.product_2328862,__import__.stock_production_lot_08545A_2328862
__import__.stock_inventory_line_085923A@A_3444288,__import__.location_loc_QCA420,115,__import__.product_3444288,__import__.stock_production_lot_085923A@A_3444288
__import__.stock_inventory_line_0861607_8021898,__import__.location_loc_GC05G3,6,__import__.product_8021898,__import__.stock_production_lot_0861607_8021898
__import__.stock_inventory_line_0861719370_8271250,__import__.location_loc_GAH110,1,__import__.product_8271250,__import__.stock_production_lot_0861719370_8271250
__import__.stock_inventory_line_087294_2957041,__import__.location_loc_EPH006,3,__import__.product_2957041,__import__.stock_production_lot_087294_2957041
__import__.stock_inventory_line_087305_2582823,__import__.location_loc_GF28C2,28,__import__.product_2582823,__import__.stock_production_lot_087305_2582823
__import__.stock_inventory_line_087326_3349503,__import__.location_loc_EPH022,3,__import__.product_3349503,__import__.stock_production_lot_087326_3349503
__import__.stock_inventory_line_087888_2401685,__import__.location_loc_GD24G5,4,__import__.product_2401685,__import__.stock_production_lot_087888_2401685
__import__.stock_inventory_line_087889_2582385,__import__.location_loc_GGR704,13,__import__.product_2582385,__import__.stock_production_lot_087889_2582385
__import__.stock_inventory_line_087898_2755429,__import__.location_loc_GGK304,3,__import__.product_2755429,__import__.stock_production_lot_087898_2755429
__import__.stock_inventory_line_0891608_8021906,__import__.location_loc_GC07E4,6,__import__.product_8021906,__import__.stock_production_lot_0891608_8021906
__import__.stock_inventory_line_089172_2401677,__import__.location_loc_GC31G4,17,__import__.product_2401677,__import__.stock_production_lot_089172_2401677
__import__.stock_inventory_line_08925A_2437325,__import__.location_loc_GF14C2,10,__import__.product_2437325,__import__.stock_production_lot_08925A_2437325
__import__.stock_inventory_line_090117_2441376,__import__.location_loc_GC31C7,9,__import__.product_2441376,__import__.stock_production_lot_090117_2441376
__import__.stock_inventory_line_090534_2081784,__import__.location_loc_GF12F4,8,__import__.product_2081784,__import__.stock_production_lot_090534_2081784
__import__.stock_inventory_line_0905817_7760331,__import__.location_loc_GGT101,1,__import__.product_7760331,__import__.stock_production_lot_0905817_7760331
__import__.stock_inventory_line_09063440_5800003,__import__.location_loc_QEF210,3,__import__.product_5800003,__import__.stock_production_lot_09063440_5800003
__import__.stock_inventory_line_0909DA019_5700008,__import__.location_loc_QFC210,68,__import__.product_5700008,__import__.stock_production_lot_0909DA019_5700008
__import__.stock_inventory_line_0916592AJ_2914216,__import__.location_loc_GC26D3,38,__import__.product_2914216,__import__.stock_production_lot_0916592AJ_2914216
__import__.stock_inventory_line_0916673AC_3296308,__import__.location_loc_GGD302,56,__import__.product_3296308,__import__.stock_production_lot_0916673AC_3296308
__import__.stock_inventory_line_092018_5027101,__import__.location_loc_GAD250,4,__import__.product_5027101,__import__.stock_production_lot_092018_5027101
__import__.stock_inventory_line_092107_1361179,__import__.location_loc_GD06E3,10,__import__.product_1361179,__import__.stock_production_lot_092107_1361179
__import__.stock_inventory_line_092121_2549442,__import__.location_loc_GK12A3,37,__import__.product_2549442,__import__.stock_production_lot_092121_2549442
__import__.stock_inventory_line_092958_2511780,__import__.location_loc_GC31D4,27,__import__.product_2511780,__import__.stock_production_lot_092958_2511780
__import__.stock_inventory_line_092959_2511798,__import__.location_loc_GBB103,91,__import__.product_2511798,__import__.stock_production_lot_092959_2511798
__import__.stock_inventory_line_092961_2451870,__import__.location_loc_GBR201,95,__import__.product_2451870,__import__.stock_production_lot_092961_2451870
__import__.stock_inventory_line_092963_2451862,__import__.location_loc_GE28A1,18,__import__.product_2451862,__import__.stock_production_lot_092963_2451862
__import__.stock_inventory_line_092965_2792133,__import__.location_loc_GBE403,56,__import__.product_2792133,__import__.stock_production_lot_092965_2792133
__import__.stock_inventory_line_092968_2401685,__import__.location_loc_GD24G5,18,__import__.product_2401685,__import__.stock_production_lot_092968_2401685
__import__.stock_inventory_line_092970_2582385,__import__.location_loc_GGR704,24,__import__.product_2582385,__import__.stock_production_lot_092970_2582385
__import__.stock_inventory_line_092977_2725711,__import__.location_loc_GE23D5,28,__import__.product_2725711,__import__.stock_production_lot_092977_2725711
__import__.stock_inventory_line_092978_1421825,__import__.location_loc_GBM305,71,__import__.product_1421825,__import__.stock_production_lot_092978_1421825
__import__.stock_inventory_line_093021_2549442,__import__.location_loc_GK12A3,47,__import__.product_2549442,__import__.stock_production_lot_093021_2549442
__import__.stock_inventory_line_093022_2549442,__import__.location_loc_GK12A3,27,__import__.product_2549442,__import__.stock_production_lot_093022_2549442
__import__.stock_inventory_line_0931707_8021898,__import__.location_loc_GC05G3,2,__import__.product_8021898,__import__.stock_production_lot_0931707_8021898
__import__.stock_inventory_line_093766_6049906,__import__.location_loc_GF09B3,3,__import__.product_6049906,__import__.stock_production_lot_093766_6049906
__import__.stock_inventory_line_093940_2792141,__import__.location_loc_GD04F3,33,__import__.product_2792141,__import__.stock_production_lot_093940_2792141
__import__.stock_inventory_line_093946_1623818,__import__.location_loc_GI05A3,1,__import__.product_1623818,__import__.stock_production_lot_093946_1623818
__import__.stock_inventory_line_094048_3088960,__import__.location_loc_GI03A3,15,__import__.product_3088960,__import__.stock_production_lot_094048_3088960
__import__.stock_inventory_line_094167_2582823,__import__.location_loc_GF28C2,5,__import__.product_2582823,__import__.stock_production_lot_094167_2582823
__import__.stock_inventory_line_09452A_3550464,__import__.location_loc_GH31E1,8,__import__.product_3550464,__import__.stock_production_lot_09452A_3550464
__import__.stock_inventory_line_094942_2451862,__import__.location_loc_GE28A1,168,__import__.product_2451862,__import__.stock_production_lot_094942_2451862
__import__.stock_inventory_line_094986_6049906,__import__.location_loc_GF09B3,13,__import__.product_6049906,__import__.stock_production_lot_094986_6049906
__import__.stock_inventory_line_095535_1623818,__import__.location_loc_GI05A3,554,__import__.product_1623818,__import__.stock_production_lot_095535_1623818
__import__.stock_inventory_line_095590_3120060,__import__.location_loc_EPH007,13,__import__.product_3120060,__import__.stock_production_lot_095590_3120060
__import__.stock_inventory_line_095591_2859122,__import__.location_loc_EPH005,31,__import__.product_2859122,__import__.stock_production_lot_095591_2859122
__import__.stock_inventory_line_095923A_3444304,__import__.location_loc_QBA310,15,__import__.product_3444304,__import__.stock_production_lot_095923A_3444304
__import__.stock_inventory_line_098_5159400,__import__.location_loc_GBP515,1,__import__.product_5159400,__import__.stock_production_lot_098_5159400
__import__.stock_inventory_line_098663099294_2761427,__import__.location_loc_GGM103,13,__import__.product_2761427,__import__.stock_production_lot_098663099294_2761427
__import__.stock_inventory_line_099520_2761435,__import__.location_loc_GC30A1,11,__import__.product_2761435,__import__.stock_production_lot_099520_2761435
__import__.stock_inventory_line_0999410021_5436580,__import__.location_loc_GD28C3,1,__import__.product_5436580,__import__.stock_production_lot_0999410021_5436580
__import__.stock_inventory_line_1HA@A_2910321,__import__.location_loc_GC02C5,2,__import__.product_2910321,__import__.stock_production_lot_1HA@A_2910321
__import__.stock_inventory_line_1Q691_2710515,__import__.location_loc_GD17A4,7,__import__.product_2710515,__import__.stock_production_lot_1Q691_2710515
__import__.stock_inventory_line_10KK1278_2945996,__import__.location_loc_GE03E1,42,__import__.product_2945996,__import__.stock_production_lot_10KK1278_2945996
__import__.stock_inventory_line_10PA6E13_8225626,__import__.location_loc_QEE410,1,__import__.product_8225626,__import__.stock_production_lot_10PA6E13_8225626
__import__.stock_inventory_line_100756_2664498,__import__.location_loc_GGU201,128,__import__.product_2664498,__import__.stock_production_lot_100756_2664498
__import__.stock_inventory_line_101A1_3642907,__import__.location_loc_GGR106,28,__import__.product_3642907,__import__.stock_production_lot_101A1_3642907
__import__.stock_inventory_line_101A1_3642915,__import__.location_loc_GGR304,11,__import__.product_3642915,__import__.stock_production_lot_101A1_3642915
__import__.stock_inventory_line_101356_2650471,__import__.location_loc_GGB407,140,__import__.product_2650471,__import__.stock_production_lot_101356_2650471
__import__.stock_inventory_line_101358_2650497,__import__.location_loc_GGL309,78,__import__.product_2650497,__import__.stock_production_lot_101358_2650497
__import__.stock_inventory_line_10138194_5425034,__import__.location_loc_EXD200,1,__import__.product_5425034,__import__.stock_production_lot_10138194_5425034
__import__.stock_inventory_line_101701_5776189,__import__.location_loc_GGT503,2,__import__.product_5776189,__import__.stock_production_lot_101701_5776189
__import__.stock_inventory_line_101705_5776189,__import__.location_loc_GGT503,10,__import__.product_5776189,__import__.stock_production_lot_101705_5776189
__import__.stock_inventory_line_10200217_8090787,__import__.location_loc_GD29C2,1,__import__.product_8090787,__import__.stock_production_lot_10200217_8090787
__import__.stock_inventory_line_102016_8365416,__import__.location_loc_GF26G9,1,__import__.product_8365416,__import__.stock_production_lot_102016_8365416
__import__.stock_inventory_line_102019_5909799,__import__.location_loc_GE05E7,9,__import__.product_5909799,__import__.stock_production_lot_102019_5909799
__import__.stock_inventory_line_1022401_6350340,__import__.location_loc_GAD440,1,__import__.product_6350340,__import__.stock_production_lot_1022401_6350340
__import__.stock_inventory_line_10230517_5610559,__import__.location_loc_GL15B1,1,__import__.product_5610559,__import__.stock_production_lot_10230517_5610559
__import__.stock_inventory_line_10290817_5610571,__import__.location_loc_GH31E2,2,__import__.product_5610571,__import__.stock_production_lot_10290817_5610571
__import__.stock_inventory_line_104A1_3410156,__import__.location_loc_GF26C7,17,__import__.product_3410156,__import__.stock_production_lot_104A1_3410156
__import__.stock_inventory_line_10416284_0840892,__import__.location_loc_QCE310,106,__import__.product_0840892,__import__.stock_production_lot_10416284_0840892
__import__.stock_inventory_line_1041719633_2729317,__import__.location_loc_GD25A3,2,__import__.product_2729317,__import__.stock_production_lot_1041719633_2729317
__import__.stock_inventory_line_1041719634_2729317,__import__.location_loc_GD25A3,2,__import__.product_2729317,__import__.stock_production_lot_1041719634_2729317
__import__.stock_inventory_line_104711_6655558,__import__.location_loc_GE05F3,2,__import__.product_6655558,__import__.stock_production_lot_104711_6655558
__import__.stock_inventory_line_104785_2288926,__import__.location_loc_GGI104,2,__import__.product_2288926,__import__.stock_production_lot_104785_2288926
__import__.stock_inventory_line_104823_5438250,__import__.location_loc_GC30B1,8,__import__.product_5438250,__import__.stock_production_lot_104823_5438250
__import__.stock_inventory_line_104891_2288934,__import__.location_loc_GD27A3,3,__import__.product_2288934,__import__.stock_production_lot_104891_2288934
__import__.stock_inventory_line_104901_5402250,__import__.location_loc_GF10D1,4,__import__.product_5402250,__import__.stock_production_lot_104901_5402250
__import__.stock_inventory_line_104934_2289171,__import__.location_loc_GE24C1,2,__import__.product_2289171,__import__.stock_production_lot_104934_2289171
__import__.stock_inventory_line_104964_6655541,__import__.location_loc_GE14D2,1,__import__.product_6655541,__import__.stock_production_lot_104964_6655541
__import__.stock_inventory_line_104983_7745019,__import__.location_loc_GH11B4,7,__import__.product_7745019,__import__.stock_production_lot_104983_7745019
__import__.stock_inventory_line_104984_7745020,__import__.location_loc_GC31A1,27,__import__.product_7745020,__import__.stock_production_lot_104984_7745020
__import__.stock_inventory_line_104992_2288926,__import__.location_loc_GGI104,6,__import__.product_2288926,__import__.stock_production_lot_104992_2288926
__import__.stock_inventory_line_105018_6600854,__import__.location_loc_GE05A3,8,__import__.product_6600854,__import__.stock_production_lot_105018_6600854
__import__.stock_inventory_line_105018_6600836,__import__.location_loc_GBH204,11,__import__.product_6600836,__import__.stock_production_lot_105018_6600836
__import__.stock_inventory_line_105035_7745017,__import__.location_loc_GBI101,12,__import__.product_7745017,__import__.stock_production_lot_105035_7745017
__import__.stock_inventory_line_105056_2289892,__import__.location_loc_GF10A5,12,__import__.product_2289892,__import__.stock_production_lot_105056_2289892
__import__.stock_inventory_line_105069_6600872,__import__.location_loc_GF30A2,3,__import__.product_6600872,__import__.stock_production_lot_105069_6600872
__import__.stock_inventory_line_105069_6600840,__import__.location_loc_GBH304,18,__import__.product_6600840,__import__.stock_production_lot_105069_6600840
__import__.stock_inventory_line_105069_1553155,__import__.location_loc_GD22F7,6,__import__.product_1553155,__import__.stock_production_lot_105069_1553155
__import__.stock_inventory_line_105109_2548626,__import__.location_loc_GE30A1,5,__import__.product_2548626,__import__.stock_production_lot_105109_2548626
__import__.stock_inventory_line_105135_1632389,__import__.location_loc_GF14D6,36,__import__.product_1632389,__import__.stock_production_lot_105135_1632389
__import__.stock_inventory_line_105159_2288983,__import__.location_loc_GF31D4,1,__import__.product_2288983,__import__.stock_production_lot_105159_2288983
__import__.stock_inventory_line_1053309G_5620003,__import__.location_loc_GGU203,58,__import__.product_5620003,__import__.stock_production_lot_1053309G_5620003
__import__.stock_inventory_line_1055470C_5620001,__import__.location_loc_GGH408,17,__import__.product_5620001,__import__.stock_production_lot_1055470C_5620001
__import__.stock_inventory_line_1056667H_5620004,__import__.location_loc_GBT305,63,__import__.product_5620004,__import__.stock_production_lot_1056667H_5620004
__import__.stock_inventory_line_1056700E_3084092,__import__.location_loc_GE16A1,43,__import__.product_3084092,__import__.stock_production_lot_1056700E_3084092
__import__.stock_inventory_line_1057308A_5620001,__import__.location_loc_GGH408,141,__import__.product_5620001,__import__.stock_production_lot_1057308A_5620001
__import__.stock_inventory_line_1057310E_5620002,__import__.location_loc_GBM103,145,__import__.product_5620002,__import__.stock_production_lot_1057310E_5620002
__import__.stock_inventory_line_106DNBA1_3228558,__import__.location_loc_GE15E7,15,__import__.product_3228558,__import__.stock_production_lot_106DNBA1_3228558
__import__.stock_inventory_line_106613_4635244,__import__.location_loc_GD25C5,7,__import__.product_4635244,__import__.stock_production_lot_106613_4635244
__import__.stock_inventory_line_1066247A_3014313,__import__.location_loc_GBG217,29,__import__.product_3014313,__import__.stock_production_lot_1066247A_3014313
__import__.stock_inventory_line_1066580A_5620005,__import__.location_loc_GBG213,34,__import__.product_5620005,__import__.stock_production_lot_1066580A_5620005
__import__.stock_inventory_line_1069128_1069101,__import__.location_loc_GE23B4,4,__import__.product_1069101,__import__.stock_production_lot_1069128_1069101
__import__.stock_inventory_line_10716032_6690604,__import__.location_loc_QAE310,278,__import__.product_6690604,__import__.stock_production_lot_10716032_6690604
__import__.stock_inventory_line_10716095_6690604,__import__.location_loc_QAE310,36,__import__.product_6690604,__import__.stock_production_lot_10716095_6690604
__import__.stock_inventory_line_10871609_0458323,__import__.location_loc_GD02D7,2,__import__.product_0458323,__import__.stock_production_lot_10871609_0458323
__import__.stock_inventory_line_109105_2625341,__import__.location_loc_GGL204,30,__import__.product_2625341,__import__.stock_production_lot_109105_2625341
__import__.stock_inventory_line_11016193_6975116,__import__.location_loc_QDE410,14,__import__.product_6975116,__import__.stock_production_lot_11016193_6975116
__import__.stock_inventory_line_1103317_7565633,__import__.location_loc_GE26C3,11,__import__.product_7565633,__import__.stock_production_lot_1103317_7565633
__import__.stock_inventory_line_1103317_7796462,__import__.location_loc_GH33C3,1,__import__.product_7796462,__import__.stock_production_lot_1103317_7796462
__import__.stock_inventory_line_111161286_6819273,__import__.location_loc_QCD420,26,__import__.product_6819273,__import__.stock_production_lot_111161286_6819273
__import__.stock_inventory_line_11116186_6819273,__import__.location_loc_QCD420,19,__import__.product_6819273,__import__.stock_production_lot_11116186_6819273
__import__.stock_inventory_line_1112DA019_5700003,__import__.location_loc_QEC330,17,__import__.product_5700003,__import__.stock_production_lot_1112DA019_5700003
__import__.stock_inventory_line_1116_3277175,__import__.location_loc_GF31D7,7,__import__.product_3277175,__import__.stock_production_lot_1116_3277175
__import__.stock_inventory_line_11184757BM_8001915,__import__.location_loc_GF13C5,10,__import__.product_8001915,__import__.stock_production_lot_11184757BM_8001915
__import__.stock_inventory_line_112014_8230730,__import__.location_loc_GC10A3,1,__import__.product_8230730,__import__.stock_production_lot_112014_8230730
__import__.stock_inventory_line_112015_8245008,__import__.location_loc_GC06C2,5,__import__.product_8245008,__import__.stock_production_lot_112015_8245008
__import__.stock_inventory_line_112016_5141850,__import__.location_loc_GL05B4,3,__import__.product_5141850,__import__.stock_production_lot_112016_5141850
__import__.stock_inventory_line_112016_8038012,__import__.location_loc_GD23C4,5,__import__.product_8038012,__import__.stock_production_lot_112016_8038012
__import__.stock_inventory_line_11291610_0428315,__import__.location_loc_GC15E3,3,__import__.product_0428315,__import__.stock_production_lot_11291610_0428315
__import__.stock_inventory_line_1132A2_1280320,__import__.location_loc_GBT509,11,__import__.product_1280320,__import__.stock_production_lot_1132A2_1280320
__import__.stock_inventory_line_113302_5658406,__import__.location_loc_EXA300,1,__import__.product_5658406,__import__.stock_production_lot_113302_5658406
__import__.stock_inventory_line_1138A1_2949980,__import__.location_loc_GAE110,11,__import__.product_2949980,__import__.stock_production_lot_1138A1_2949980
__import__.stock_inventory_line_1150235_5043274,__import__.location_loc_GF17A2,98,__import__.product_5043274,__import__.stock_production_lot_1150235_5043274
__import__.stock_inventory_line_1150513_5043542,__import__.location_loc_GF26D2,15,__import__.product_5043542,__import__.stock_production_lot_1150513_5043542
__import__.stock_inventory_line_115355_8283730,__import__.location_loc_EXA500,3,__import__.product_8283730,__import__.stock_production_lot_115355_8283730
__import__.stock_inventory_line_1160246_5043556,__import__.location_loc_GC23D2,18,__import__.product_5043556,__import__.stock_production_lot_1160246_5043556
__import__.stock_inventory_line_1160283_5043556,__import__.location_loc_GC23D2,275,__import__.product_5043556,__import__.stock_production_lot_1160283_5043556
__import__.stock_inventory_line_116034_8330180,__import__.location_loc_EXA200,9,__import__.product_8330180,__import__.stock_production_lot_116034_8330180
__import__.stock_inventory_line_1160501_5043445,__import__.location_loc_GE21C6,37,__import__.product_5043445,__import__.stock_production_lot_1160501_5043445
__import__.stock_inventory_line_1160568_5043552,__import__.location_loc_GC02A5,5,__import__.product_5043552,__import__.stock_production_lot_1160568_5043552
__import__.stock_inventory_line_1160867_5043552,__import__.location_loc_GC02A5,145,__import__.product_5043552,__import__.stock_production_lot_1160867_5043552
__import__.stock_inventory_line_1160904_5043554,__import__.location_loc_GE15C2,100,__import__.product_5043554,__import__.stock_production_lot_1160904_5043554
__import__.stock_inventory_line_1161125_8018259,__import__.location_loc_GL01A3,1,__import__.product_8018259,__import__.stock_production_lot_1161125_8018259
__import__.stock_inventory_line_1163828_5002122,__import__.location_loc_GD26D5,10,__import__.product_5002122,__import__.stock_production_lot_1163828_5002122
__import__.stock_inventory_line_117014_8330180,__import__.location_loc_EXA200,12,__import__.product_8330180,__import__.stock_production_lot_117014_8330180
__import__.stock_inventory_line_117029_2627271,__import__.location_loc_GGM104,23,__import__.product_2627271,__import__.stock_production_lot_117029_2627271
__import__.stock_inventory_line_1170297_5043552,__import__.location_loc_GC02A5,5,__import__.product_5043552,__import__.stock_production_lot_1170297_5043552
__import__.stock_inventory_line_117083_1048236,__import__.location_loc_EXA200,40,__import__.product_1048236,__import__.stock_production_lot_117083_1048236
__import__.stock_inventory_line_117085_8338810,__import__.location_loc_EXA100,72,__import__.product_8338810,__import__.stock_production_lot_117085_8338810
__import__.stock_inventory_line_117094_8338810,__import__.location_loc_EXA100,8,__import__.product_8338810,__import__.stock_production_lot_117094_8338810
__import__.stock_inventory_line_117108_2627263,__import__.location_loc_GBU205,25,__import__.product_2627263,__import__.stock_production_lot_117108_2627263
__import__.stock_inventory_line_117116_8338810,__import__.location_loc_EXA100,36,__import__.product_8338810,__import__.stock_production_lot_117116_8338810
__import__.stock_inventory_line_117143_8338827,__import__.location_loc_EXA200,80,__import__.product_8338827,__import__.stock_production_lot_117143_8338827
__import__.stock_inventory_line_1172253_5376820,__import__.location_loc_GI13A0,19,__import__.product_5376820,__import__.stock_production_lot_1172253_5376820
__import__.stock_inventory_line_1172965_5376820,__import__.location_loc_GI13A0,20,__import__.product_5376820,__import__.stock_production_lot_1172965_5376820
__import__.stock_inventory_line_1177A1_6994065,__import__.location_loc_QMA125,19,__import__.product_6994065,__import__.stock_production_lot_1177A1_6994065
__import__.stock_inventory_line_1185791_1510668,__import__.location_loc_GBT411,53,__import__.product_1510668,__import__.stock_production_lot_1185791_1510668
__import__.stock_inventory_line_1191610_8021881,__import__.location_loc_GC03E4,2,__import__.product_8021881,__import__.stock_production_lot_1191610_8021881
__import__.stock_inventory_line_1201817_9687002,__import__.location_loc_GBP413,4,__import__.product_9687002,__import__.stock_production_lot_1201817_9687002
__import__.stock_inventory_line_1204DA059_5700009,__import__.location_loc_QBF220,3,__import__.product_5700009,__import__.stock_production_lot_1204DA059_5700009
__import__.stock_inventory_line_1204DA067_5700009,__import__.location_loc_QBF220,96,__import__.product_5700009,__import__.stock_production_lot_1204DA067_5700009
__import__.stock_inventory_line_1204DA082_5700009,__import__.location_loc_QBF220,49,__import__.product_5700009,__import__.stock_production_lot_1204DA082_5700009
__import__.stock_inventory_line_120417FL_8000927,__import__.location_loc_GC07B4,67,__import__.product_8000927,__import__.stock_production_lot_120417FL_8000927
__import__.stock_inventory_line_1205DA018_5700001,__import__.location_loc_QCD220,15,__import__.product_5700001,__import__.stock_production_lot_1205DA018_5700001
__import__.stock_inventory_line_1205161_3277142,__import__.location_loc_GD32C2,22,__import__.product_3277142,__import__.stock_production_lot_1205161_3277142
__import__.stock_inventory_line_12052017_1585215,__import__.location_loc_GGS202,3,__import__.product_1585215,__import__.stock_production_lot_12052017_1585215
__import__.stock_inventory_line_1206117_3491743,__import__.location_loc_GGT301,11,__import__.product_3491743,__import__.stock_production_lot_1206117_3491743
__import__.stock_inventory_line_1209_7368001,__import__.location_loc_GD10D6,1,__import__.product_7368001,__import__.stock_production_lot_1209_7368001
__import__.stock_inventory_line_1211754_2910321,__import__.location_loc_GC02C5,1,__import__.product_2910321,__import__.stock_production_lot_1211754_2910321
__import__.stock_inventory_line_1211754_2968022,__import__.location_loc_GF21B1,2,__import__.product_2968022,__import__.stock_production_lot_1211754_2968022
__import__.stock_inventory_line_1212001_2829695,__import__.location_loc_GE08C3,2,__import__.product_2829695,__import__.stock_production_lot_1212001_2829695
__import__.stock_inventory_line_1212015_1510627,__import__.location_loc_GBT109,32,__import__.product_1510627,__import__.stock_production_lot_1212015_1510627
__import__.stock_inventory_line_12160517_5610559,__import__.location_loc_GL15B1,1,__import__.product_5610559,__import__.stock_production_lot_12160517_5610559
__import__.stock_inventory_line_1216834AA_3502606,__import__.location_loc_GE12A2,2,__import__.product_3502606,__import__.stock_production_lot_1216834AA_3502606
__import__.stock_inventory_line_1240060_5404091,__import__.location_loc_EOD181,44,__import__.product_5404091,__import__.stock_production_lot_1240060_5404091
__import__.stock_inventory_line_125058_5998654,__import__.location_loc_QFB215,1,__import__.product_5998654,__import__.stock_production_lot_125058_5998654
__import__.stock_inventory_line_126023A_3444296,__import__.location_loc_QAA220,50,__import__.product_3444296,__import__.stock_production_lot_126023A_3444296
__import__.stock_inventory_line_1260353_5043554,__import__.location_loc_GE15C2,4,__import__.product_5043554,__import__.stock_production_lot_1260353_5043554
__import__.stock_inventory_line_1260383_5043554,__import__.location_loc_GE15C2,16,__import__.product_5043554,__import__.stock_production_lot_1260383_5043554
__import__.stock_inventory_line_1260568_5043552,__import__.location_loc_GC02A5,40,__import__.product_5043552,__import__.stock_production_lot_1260568_5043552
__import__.stock_inventory_line_1260626_5032421,__import__.location_loc_GE04B3,5,__import__.product_5032421,__import__.stock_production_lot_1260626_5032421
__import__.stock_inventory_line_1260863_5043550,__import__.location_loc_GD24D5,40,__import__.product_5043550,__import__.stock_production_lot_1260863_5043550
__import__.stock_inventory_line_1267A2_1183375,__import__.location_loc_GK09A5,74,__import__.product_1183375,__import__.stock_production_lot_1267A2_1183375
__import__.stock_inventory_line_127_5159400,__import__.location_loc_GBP515,108,__import__.product_5159400,__import__.stock_production_lot_127_5159400
__import__.stock_inventory_line_13A15_3412889,__import__.location_loc_GBC104,1,__import__.product_3412889,__import__.stock_production_lot_13A15_3412889
__import__.stock_inventory_line_13G04_7760339,__import__.location_loc_GC11A2,3,__import__.product_7760339,__import__.stock_production_lot_13G04_7760339
__import__.stock_inventory_line_13I10_5760326,__import__.location_loc_EXA100,1,__import__.product_5760326,__import__.stock_production_lot_13I10_5760326
__import__.stock_inventory_line_130112_5910038,__import__.location_loc_EXA101,1,__import__.product_5910038,__import__.stock_production_lot_130112_5910038
__import__.stock_inventory_line_130114J_6541651,__import__.location_loc_GC11D7,31,__import__.product_6541651,__import__.stock_production_lot_130114J_6541651
__import__.stock_inventory_line_1301611_8021906,__import__.location_loc_GC07E4,1,__import__.product_8021906,__import__.stock_production_lot_1301611_8021906
__import__.stock_inventory_line_1301611_8021875,__import__.location_loc_GC03B3,8,__import__.product_8021875,__import__.stock_production_lot_1301611_8021875
__import__.stock_inventory_line_1301817_5192031,__import__.location_loc_GC04C1,1,__import__.product_5192031,__import__.stock_production_lot_1301817_5192031
__import__.stock_inventory_line_1303317_8135076,__import__.location_loc_GD12B1,13,__import__.product_8135076,__import__.stock_production_lot_1303317_8135076
__import__.stock_inventory_line_130416_5920020,__import__.location_loc_GE10D2,1,__import__.product_5920020,__import__.stock_production_lot_130416_5920020
__import__.stock_inventory_line_130701_5140543,__import__.location_loc_EXB200,2,__import__.product_5140543,__import__.stock_production_lot_130701_5140543
__import__.stock_inventory_line_131015_8270214,__import__.location_loc_EXG500,5,__import__.product_8270214,__import__.stock_production_lot_131015_8270214
__import__.stock_inventory_line_13130717_5610548,__import__.location_loc_GE01D4,2,__import__.product_5610548,__import__.stock_production_lot_13130717_5610548
__import__.stock_inventory_line_131416_5920020,__import__.location_loc_GE10D2,7,__import__.product_5920020,__import__.stock_production_lot_131416_5920020
__import__.stock_inventory_line_131428_8110633,__import__.location_loc_QED110,2,__import__.product_8110633,__import__.stock_production_lot_131428_8110633
__import__.stock_inventory_line_131428_5921500,__import__.location_loc_QZZ215,1,__import__.product_5921500,__import__.stock_production_lot_131428_5921500
__import__.stock_inventory_line_131605_5776187,__import__.location_loc_GF22F6,1,__import__.product_5776187,__import__.stock_production_lot_131605_5776187
__import__.stock_inventory_line_131701_5776187,__import__.location_loc_GF22F6,7,__import__.product_5776187,__import__.stock_production_lot_131701_5776187
__import__.stock_inventory_line_1321720056_5170215,__import__.location_loc_GK02A7,5,__import__.product_5170215,__import__.stock_production_lot_1321720056_5170215
__import__.stock_inventory_line_1321720057_5170215,__import__.location_loc_GK02A7,2,__import__.product_5170215,__import__.stock_production_lot_1321720057_5170215
__import__.stock_inventory_line_1324433_3274511,__import__.location_loc_GGE304,3,__import__.product_3274511,__import__.stock_production_lot_1324433_3274511
__import__.stock_inventory_line_1324563_3274644,__import__.location_loc_GBS405,1,__import__.product_3274644,__import__.stock_production_lot_1324563_3274644
__import__.stock_inventory_line_1324582_2829703,__import__.location_loc_GC20D2,29,__import__.product_2829703,__import__.stock_production_lot_1324582_2829703
__import__.stock_inventory_line_1324604_1510627,__import__.location_loc_GBT109,160,__import__.product_1510627,__import__.stock_production_lot_1324604_1510627
__import__.stock_inventory_line_13288_6350563,__import__.location_loc_QKA215,24,__import__.product_6350563,__import__.stock_production_lot_13288_6350563
__import__.stock_inventory_line_1352004_5436640,__import__.location_loc_EOH106,3,__import__.product_5436640,__import__.stock_production_lot_1352004_5436640
__import__.stock_inventory_line_1356311A_3562154,__import__.location_loc_GF18F6,12,__import__.product_3562154,__import__.stock_production_lot_1356311A_3562154
__import__.stock_inventory_line_1358501_3274511,__import__.location_loc_GGE304,41,__import__.product_3274511,__import__.stock_production_lot_1358501_3274511
__import__.stock_inventory_line_1361081A_3562162,__import__.location_loc_GBL201,11,__import__.product_3562162,__import__.stock_production_lot_1361081A_3562162
__import__.stock_inventory_line_1361934_1510676,__import__.location_loc_GGL206,110,__import__.product_1510676,__import__.stock_production_lot_1361934_1510676
__import__.stock_inventory_line_137052_1146919,__import__.location_loc_QDB220,2,__import__.product_1146919,__import__.stock_production_lot_137052_1146919
__import__.stock_inventory_line_13865_6040001,__import__.location_loc_GAF400,31,__import__.product_6040001,__import__.stock_production_lot_13865_6040001
__import__.stock_inventory_line_139782_2657393,__import__.location_loc_GBK411,29,__import__.product_2657393,__import__.stock_production_lot_139782_2657393
__import__.stock_inventory_line_14B009FHX_8021444,__import__.location_loc_EXK112,1,__import__.product_8021444,__import__.stock_production_lot_14B009FHX_8021444
__import__.stock_inventory_line_14C2286_8294656,__import__.location_loc_QEC120,3,__import__.product_8294656,__import__.stock_production_lot_14C2286_8294656
__import__.stock_inventory_line_14D28157_3134657,__import__.location_loc_GD14D2,5,__import__.product_3134657,__import__.stock_production_lot_14D28157_3134657
__import__.stock_inventory_line_14F16G8254_5426910,__import__.location_loc_GC13C5,11,__import__.product_5426910,__import__.stock_production_lot_14F16G8254_5426910
__import__.stock_inventory_line_14H12_1036706,__import__.location_loc_GBR101,45,__import__.product_1036706,__import__.stock_production_lot_14H12_1036706
__import__.stock_inventory_line_14L26011_3213806,__import__.location_loc_GD28A2,13,__import__.product_3213806,__import__.stock_production_lot_14L26011_3213806
__import__.stock_inventory_line_1403004_8000287,__import__.location_loc_GK11A6,126,__import__.product_8000287,__import__.stock_production_lot_1403004_8000287
__import__.stock_inventory_line_14031906_1451350,__import__.location_loc_GGB507,374,__import__.product_1451350,__import__.stock_production_lot_14031906_1451350
__import__.stock_inventory_line_1404390_5184004,__import__.location_loc_GK11B4,20,__import__.product_5184004,__import__.stock_production_lot_1404390_5184004
__import__.stock_inventory_line_1404471_1510650,__import__.location_loc_GI01B1,319,__import__.product_1510650,__import__.stock_production_lot_1404471_1510650
__import__.stock_inventory_line_1404484_1510635,__import__.location_loc_GI03B2,340,__import__.product_1510635,__import__.stock_production_lot_1404484_1510635
__import__.stock_inventory_line_140560_5023094,__import__.location_loc_EXI800,3,__import__.product_5023094,__import__.stock_production_lot_140560_5023094
__import__.stock_inventory_line_14061103_5200410,__import__.location_loc_GC03E6,7,__import__.product_5200410,__import__.stock_production_lot_14061103_5200410
__import__.stock_inventory_line_140801_5273695,__import__.location_loc_EXI400,29,__import__.product_5273695,__import__.stock_production_lot_140801_5273695
__import__.stock_inventory_line_141A1_8096465,__import__.location_loc_GE21C1,49,__import__.product_8096465,__import__.stock_production_lot_141A1_8096465
__import__.stock_inventory_line_1410962_1510643,__import__.location_loc_GBA201,116,__import__.product_1510643,__import__.stock_production_lot_1410962_1510643
__import__.stock_inventory_line_1410964_2829737,__import__.location_loc_GC26C1,49,__import__.product_2829737,__import__.stock_production_lot_1410964_2829737
__import__.stock_inventory_line_1411578404_5353203,__import__.location_loc_GC06D4,3,__import__.product_5353203,__import__.stock_production_lot_1411578404_5353203
__import__.stock_inventory_line_1411957_5470750,__import__.location_loc_GD14A4,18,__import__.product_5470750,__import__.stock_production_lot_1411957_5470750
__import__.stock_inventory_line_1411988_5470740,__import__.location_loc_GF27A1,4,__import__.product_5470740,__import__.stock_production_lot_1411988_5470740
__import__.stock_inventory_line_1412007_5471725,__import__.location_loc_GE32C3,10,__import__.product_5471725,__import__.stock_production_lot_1412007_5471725
__import__.stock_inventory_line_141204_1500025,__import__.location_loc_GC03E7,3,__import__.product_1500025,__import__.stock_production_lot_141204_1500025
__import__.stock_inventory_line_1412160_5470825,__import__.location_loc_GK02A4,38,__import__.product_5470825,__import__.stock_production_lot_1412160_5470825
__import__.stock_inventory_line_1412728_5470740,__import__.location_loc_GF27A1,80,__import__.product_5470740,__import__.stock_production_lot_1412728_5470740
__import__.stock_inventory_line_1412740_5471125,__import__.location_loc_GC01A3,31,__import__.product_5471125,__import__.stock_production_lot_1412740_5471125
__import__.stock_inventory_line_1412759_5470825,__import__.location_loc_GK02A4,19,__import__.product_5470825,__import__.stock_production_lot_1412759_5470825
__import__.stock_inventory_line_1412760_5470925,__import__.location_loc_GF13A4,46,__import__.product_5470925,__import__.stock_production_lot_1412760_5470925
__import__.stock_inventory_line_1412795_5470412,__import__.location_loc_GD21D2,18,__import__.product_5470412,__import__.stock_production_lot_1412795_5470412
__import__.stock_inventory_line_1412840_5470412,__import__.location_loc_GD21D2,40,__import__.product_5470412,__import__.stock_production_lot_1412840_5470412
__import__.stock_inventory_line_1412889_5470840,__import__.location_loc_GL12B5,11,__import__.product_5470840,__import__.stock_production_lot_1412889_5470840
__import__.stock_inventory_line_1412890_5471140,__import__.location_loc_GD11C1,277,__import__.product_5471140,__import__.stock_production_lot_1412890_5471140
__import__.stock_inventory_line_1412942_5471516,__import__.location_loc_GL14B5,51,__import__.product_5471516,__import__.stock_production_lot_1412942_5471516
__import__.stock_inventory_line_1412943_5470740,__import__.location_loc_GF27A1,40,__import__.product_5470740,__import__.stock_production_lot_1412943_5470740
__import__.stock_inventory_line_1413009_5471725,__import__.location_loc_GE32C3,40,__import__.product_5471725,__import__.stock_production_lot_1413009_5471725
__import__.stock_inventory_line_1413012_5471240,__import__.location_loc_GD29B1,242,__import__.product_5471240,__import__.stock_production_lot_1413012_5471240
__import__.stock_inventory_line_1413029_5470825,__import__.location_loc_GK02A4,160,__import__.product_5470825,__import__.stock_production_lot_1413029_5470825
__import__.stock_inventory_line_1413036_5470840,__import__.location_loc_GL12B5,88,__import__.product_5470840,__import__.stock_production_lot_1413036_5470840
__import__.stock_inventory_line_1413069_5471625,__import__.location_loc_GE26A4,149,__import__.product_5471625,__import__.stock_production_lot_1413069_5471625
__import__.stock_inventory_line_1413074_5471516,__import__.location_loc_GL14B5,64,__import__.product_5471516,__import__.stock_production_lot_1413074_5471516
__import__.stock_inventory_line_1413300_5471240,__import__.location_loc_GD29B1,200,__import__.product_5471240,__import__.stock_production_lot_1413300_5471240
__import__.stock_inventory_line_1413570_5471816,__import__.location_loc_GE04B4,123,__import__.product_5471816,__import__.stock_production_lot_1413570_5471816
__import__.stock_inventory_line_1413689_5471816,__import__.location_loc_GE04B4,266,__import__.product_5471816,__import__.stock_production_lot_1413689_5471816
__import__.stock_inventory_line_141603_5776186,__import__.location_loc_GD17C6,1,__import__.product_5776186,__import__.stock_production_lot_141603_5776186
__import__.stock_inventory_line_141604_5776186,__import__.location_loc_GD17C6,4,__import__.product_5776186,__import__.stock_production_lot_141604_5776186
__import__.stock_inventory_line_142A2_2716850,__import__.location_loc_GH11A9,19,__import__.product_2716850,__import__.stock_production_lot_142A2_2716850
__import__.stock_inventory_line_1439161_2186849,__import__.location_loc_GBK305,890,__import__.product_2186849,__import__.stock_production_lot_1439161_2186849
__import__.stock_inventory_line_1439731_3274644,__import__.location_loc_GBS405,20,__import__.product_3274644,__import__.stock_production_lot_1439731_3274644
__import__.stock_inventory_line_1439744_1510668,__import__.location_loc_GBT411,40,__import__.product_1510668,__import__.stock_production_lot_1439744_1510668
__import__.stock_inventory_line_1439756_2829752,__import__.location_loc_GC21B1,38,__import__.product_2829752,__import__.stock_production_lot_1439756_2829752
__import__.stock_inventory_line_1443696_5184008,__import__.location_loc_GBM313,360,__import__.product_5184008,__import__.stock_production_lot_1443696_5184008
__import__.stock_inventory_line_14788501_8031052,__import__.location_loc_QED420,1,__import__.product_8031052,__import__.stock_production_lot_14788501_8031052
__import__.stock_inventory_line_14991704_1448091,__import__.location_loc_GBF501,4,__import__.product_1448091,__import__.stock_production_lot_14991704_1448091
__import__.stock_inventory_line_15A09_0320245,__import__.location_loc_GC30C1,6,__import__.product_0320245,__import__.stock_production_lot_15A09_0320245
__import__.stock_inventory_line_15A09_6446020,__import__.location_loc_GC26C2,5,__import__.product_6446020,__import__.stock_production_lot_15A09_6446020
__import__.stock_inventory_line_15A09_0320125,__import__.location_loc_GGV305,1,__import__.product_0320125,__import__.stock_production_lot_15A09_0320125
__import__.stock_inventory_line_15A09_6446000,__import__.location_loc_GC11C5,4,__import__.product_6446000,__import__.stock_production_lot_15A09_6446000
__import__.stock_inventory_line_15A09_0320366,__import__.location_loc_GC28C2,4,__import__.product_0320366,__import__.stock_production_lot_15A09_0320366
__import__.stock_inventory_line_15A09_6446007,__import__.location_loc_GC32B1,12,__import__.product_6446007,__import__.stock_production_lot_15A09_6446007
__import__.stock_inventory_line_15A19_7760340,__import__.location_loc_GC28B2,28,__import__.product_7760340,__import__.stock_production_lot_15A19_7760340
__import__.stock_inventory_line_15B0562_8287805,__import__.location_loc_GE12B1,17,__import__.product_8287805,__import__.stock_production_lot_15B0562_8287805
__import__.stock_inventory_line_15B13_5760332,__import__.location_loc_EXA500,2,__import__.product_5760332,__import__.stock_production_lot_15B13_5760332
__import__.stock_inventory_line_15D04014_6600830,__import__.location_loc_GF30E2,2,__import__.product_6600830,__import__.stock_production_lot_15D04014_6600830
__import__.stock_inventory_line_15D12_5760320,__import__.location_loc_EXA100,1,__import__.product_5760320,__import__.stock_production_lot_15D12_5760320
__import__.stock_inventory_line_15D151_3319886,__import__.location_loc_EPH011,7,__import__.product_3319886,__import__.stock_production_lot_15D151_3319886
__import__.stock_inventory_line_15D24_7760341,__import__.location_loc_GC13A1,5,__import__.product_7760341,__import__.stock_production_lot_15D24_7760341
__import__.stock_inventory_line_15D25_7760339,__import__.location_loc_GC11A2,11,__import__.product_7760339,__import__.stock_production_lot_15D25_7760339
__import__.stock_inventory_line_15D292_2561173,__import__.location_loc_GGU306,24,__import__.product_2561173,__import__.stock_production_lot_15D292_2561173
__import__.stock_inventory_line_15E06_5760316,__import__.location_loc_GF20G1,3,__import__.product_5760316,__import__.stock_production_lot_15E06_5760316
__import__.stock_inventory_line_15E13171_1465822,__import__.location_loc_GF14A1,2,__import__.product_1465822,__import__.stock_production_lot_15E13171_1465822
__import__.stock_inventory_line_15FQ226_2352805,__import__.location_loc_GF23A2,4,__import__.product_2352805,__import__.stock_production_lot_15FQ226_2352805
__import__.stock_inventory_line_15F15R_1710227,__import__.location_loc_GBF503,21,__import__.product_1710227,__import__.stock_production_lot_15F15R_1710227
__import__.stock_inventory_line_15F23_2432821,__import__.location_loc_GF11D2,21,__import__.product_2432821,__import__.stock_production_lot_15F23_2432821
__import__.stock_inventory_line_15F231_3319860,__import__.location_loc_EPH008,16,__import__.product_3319860,__import__.stock_production_lot_15F231_3319860
__import__.stock_inventory_line_15F232_2565596,__import__.location_loc_GBI301,5,__import__.product_2565596,__import__.stock_production_lot_15F232_2565596
__import__.stock_inventory_line_15F252_3324647,__import__.location_loc_EPH010,1,__import__.product_3324647,__import__.stock_production_lot_15F252_3324647
__import__.stock_inventory_line_15GQ004_0082420,__import__.location_loc_GE21A3,18,__import__.product_0082420,__import__.stock_production_lot_15GQ004_0082420
__import__.stock_inventory_line_15GQ00702_2786853,__import__.location_loc_GD10D5,68,__import__.product_2786853,__import__.stock_production_lot_15GQ00702_2786853
__import__.stock_inventory_line_15G012_2561165,__import__.location_loc_GGH406,18,__import__.product_2561165,__import__.stock_production_lot_15G012_2561165
__import__.stock_inventory_line_15G606_5343015,__import__.location_loc_GC06B2,6,__import__.product_5343015,__import__.stock_production_lot_15G606_5343015
__import__.stock_inventory_line_15H021_5142512,__import__.location_loc_GD24G9,10,__import__.product_5142512,__import__.stock_production_lot_15H021_5142512
__import__.stock_inventory_line_15H022_5242513,__import__.location_loc_GE05D8,11,__import__.product_5242513,__import__.stock_production_lot_15H022_5242513
__import__.stock_inventory_line_15H023_5242510,__import__.location_loc_GC02E4,8,__import__.product_5242510,__import__.stock_production_lot_15H023_5242510
__import__.stock_inventory_line_15H024_5142511,__import__.location_loc_GGR608,9,__import__.product_5142511,__import__.stock_production_lot_15H024_5142511
__import__.stock_inventory_line_15H025_5142517,__import__.location_loc_GE03E8,6,__import__.product_5142517,__import__.stock_production_lot_15H025_5142517
__import__.stock_inventory_line_15H026_5142518,__import__.location_loc_GD18D7,9,__import__.product_5142518,__import__.stock_production_lot_15H026_5142518
__import__.stock_inventory_line_15H027_5142516,__import__.location_loc_GF13D8,8,__import__.product_5142516,__import__.stock_production_lot_15H027_5142516
__import__.stock_inventory_line_15H028_5142515,__import__.location_loc_GD26D8,11,__import__.product_5142515,__import__.stock_production_lot_15H028_5142515
__import__.stock_inventory_line_15H029_5142519,__import__.location_loc_GD22G8,2,__import__.product_5142519,__import__.stock_production_lot_15H029_5142519
__import__.stock_inventory_line_15H029_5142514,__import__.location_loc_GF12D6,11,__import__.product_5142514,__import__.stock_production_lot_15H029_5142514
__import__.stock_inventory_line_15H07_5760306,__import__.location_loc_GD02B6,3,__import__.product_5760306,__import__.stock_production_lot_15H07_5760306
__import__.stock_inventory_line_15H263_2101780,__import__.location_loc_GGL308,8,__import__.product_2101780,__import__.stock_production_lot_15H263_2101780
__import__.stock_inventory_line_15H263_2101780,__import__.location_loc_GGL308,8,__import__.product_2101780,__import__.stock_production_lot_15H263_2101780
__import__.stock_inventory_line_15H31C8_5300000,__import__.location_loc_GL10A3,2,__import__.product_5300000,__import__.stock_production_lot_15H31C8_5300000
__import__.stock_inventory_line_15J012_1519066,__import__.location_loc_GBT207,128,__import__.product_1519066,__import__.stock_production_lot_15J012_1519066
__import__.stock_inventory_line_15J158_2561181,__import__.location_loc_GBM115,14,__import__.product_2561181,__import__.stock_production_lot_15J158_2561181
__import__.stock_inventory_line_15J23_7920020,__import__.location_loc_GC07C3,3,__import__.product_7920020,__import__.stock_production_lot_15J23_7920020
__import__.stock_inventory_line_15J23581_6600820,__import__.location_loc_GGS102,21,__import__.product_6600820,__import__.stock_production_lot_15J23581_6600820
__import__.stock_inventory_line_15K02410_6600813,__import__.location_loc_GAD515,27,__import__.product_6600813,__import__.stock_production_lot_15K02410_6600813
__import__.stock_inventory_line_15K14C8_5050000,__import__.location_loc_GL11B3,130,__import__.product_5050000,__import__.stock_production_lot_15K14C8_5050000
__import__.stock_inventory_line_15K20_6039000,__import__.location_loc_GC19B2,80,__import__.product_6039000,__import__.stock_production_lot_15K20_6039000
__import__.stock_inventory_line_15K20_5039000,__import__.location_loc_GC06B1,4,__import__.product_5039000,__import__.stock_production_lot_15K20_5039000
__import__.stock_inventory_line_15K20_6039005,__import__.location_loc_GE07C8,2,__import__.product_6039005,__import__.stock_production_lot_15K20_6039005
__import__.stock_inventory_line_15K247_2561157,__import__.location_loc_GBD403,44,__import__.product_2561157,__import__.stock_production_lot_15K247_2561157
__import__.stock_inventory_line_15K30_3355815,__import__.location_loc_GF28F9,3,__import__.product_3355815,__import__.stock_production_lot_15K30_3355815
__import__.stock_inventory_line_15LQ049_0071514,__import__.location_loc_GI13B4,397,__import__.product_0071514,__import__.stock_production_lot_15LQ049_0071514
__import__.stock_inventory_line_15L02_1761865,__import__.location_loc_GGL502,461,__import__.product_1761865,__import__.stock_production_lot_15L02_1761865
__import__.stock_inventory_line_15L047_6600861,__import__.location_loc_GGB402,28,__import__.product_6600861,__import__.stock_production_lot_15L047_6600861
__import__.stock_inventory_line_15L08741_6600904,__import__.location_loc_GF30B1,2,__import__.product_6600904,__import__.stock_production_lot_15L08741_6600904
__import__.stock_inventory_line_15L262_5142504,__import__.location_loc_GE05G7,11,__import__.product_5142504,__import__.stock_production_lot_15L262_5142504
__import__.stock_inventory_line_15L263_5342501,__import__.location_loc_GC02B5,7,__import__.product_5342501,__import__.stock_production_lot_15L263_5342501
__import__.stock_inventory_line_15L264_5242503,__import__.location_loc_GD24E7,10,__import__.product_5242503,__import__.stock_production_lot_15L264_5242503
__import__.stock_inventory_line_15L264_5242502,__import__.location_loc_GGR707,9,__import__.product_5242502,__import__.stock_production_lot_15L264_5242502
__import__.stock_inventory_line_15L271_5142509,__import__.location_loc_GD20E8,10,__import__.product_5142509,__import__.stock_production_lot_15L271_5142509
__import__.stock_inventory_line_15L272_5142508,__import__.location_loc_GE09D8,9,__import__.product_5142508,__import__.stock_production_lot_15L272_5142508
__import__.stock_inventory_line_15L273_5142507,__import__.location_loc_GF12E6,10,__import__.product_5142507,__import__.stock_production_lot_15L273_5142507
__import__.stock_inventory_line_15L274_5142506,__import__.location_loc_GE11G7,11,__import__.product_5142506,__import__.stock_production_lot_15L274_5142506
__import__.stock_inventory_line_15L275_5142505,__import__.location_loc_GF11C5,11,__import__.product_5142505,__import__.stock_production_lot_15L275_5142505
__import__.stock_inventory_line_15L59_2943272,__import__.location_loc_GF20B4,2,__import__.product_2943272,__import__.stock_production_lot_15L59_2943272
__import__.stock_inventory_line_15L61_2943256,__import__.location_loc_GF14B4,1,__import__.product_2943256,__import__.stock_production_lot_15L61_2943256
__import__.stock_inventory_line_15L79_3273000,__import__.location_loc_GF10D4,62,__import__.product_3273000,__import__.stock_production_lot_15L79_3273000
__import__.stock_inventory_line_15M0598_5301141,__import__.location_loc_GC23D4,4,__import__.product_5301141,__import__.stock_production_lot_15M0598_5301141
__import__.stock_inventory_line_150F_7369004,__import__.location_loc_GE22A1,55,__import__.product_7369004,__import__.stock_production_lot_150F_7369004
__import__.stock_inventory_line_15001704_1023027,__import__.location_loc_GF26D1,1,__import__.product_1023027,__import__.stock_production_lot_15001704_1023027
__import__.stock_inventory_line_150092_5163500,__import__.location_loc_GAE100,2,__import__.product_5163500,__import__.stock_production_lot_150092_5163500
__import__.stock_inventory_line_1503_7368001,__import__.location_loc_GD10D6,1,__import__.product_7368001,__import__.stock_production_lot_1503_7368001
__import__.stock_inventory_line_150300E_2553188,__import__.location_loc_GGR706,7,__import__.product_2553188,__import__.stock_production_lot_150300E_2553188
__import__.stock_inventory_line_150317FL_8000956,__import__.location_loc_GC13B5,95,__import__.product_8000956,__import__.stock_production_lot_150317FL_8000956
__import__.stock_inventory_line_150317FL_8000896,__import__.location_loc_GC11A1,10,__import__.product_8000896,__import__.stock_production_lot_150317FL_8000896
__import__.stock_inventory_line_15040103_8211400,__import__.location_loc_EXJ900,5,__import__.product_8211400,__import__.stock_production_lot_15040103_8211400
__import__.stock_inventory_line_15042105_6446016,__import__.location_loc_GC03E3,1,__import__.product_6446016,__import__.stock_production_lot_15042105_6446016
__import__.stock_inventory_line_150428_8285605,__import__.location_loc_GGD204,10,__import__.product_8285605,__import__.stock_production_lot_150428_8285605
__import__.stock_inventory_line_1505_1118876,__import__.location_loc_GC31E1,12,__import__.product_1118876,__import__.stock_production_lot_1505_1118876
__import__.stock_inventory_line_15051400_6446036,__import__.location_loc_GD01C3,5,__import__.product_6446036,__import__.stock_production_lot_15051400_6446036
__import__.stock_inventory_line_15051409_6446036,__import__.location_loc_GD01C3,3,__import__.product_6446036,__import__.stock_production_lot_15051409_6446036
__import__.stock_inventory_line_150620_5150001,__import__.location_loc_GGC401,49,__import__.product_5150001,__import__.stock_production_lot_150620_5150001
__import__.stock_inventory_line_15081148A_1120898,__import__.location_loc_GF22A2,1,__import__.product_1120898,__import__.stock_production_lot_15081148A_1120898
__import__.stock_inventory_line_150820_8285628,__import__.location_loc_GF21C4,2,__import__.product_8285628,__import__.stock_production_lot_150820_8285628
__import__.stock_inventory_line_150902J_5042051,__import__.location_loc_GC03A3,84,__import__.product_5042051,__import__.stock_production_lot_150902J_5042051
__import__.stock_inventory_line_15100616_5505007,__import__.location_loc_GL14B2,3,__import__.product_5505007,__import__.stock_production_lot_15100616_5505007
__import__.stock_inventory_line_151008R_5356001,__import__.location_loc_GC25D3,13,__import__.product_5356001,__import__.stock_production_lot_151008R_5356001
__import__.stock_inventory_line_151015_8285611,__import__.location_loc_GGI201,18,__import__.product_8285611,__import__.stock_production_lot_151015_8285611
__import__.stock_inventory_line_151022E_6532032,__import__.location_loc_GC23B2,1,__import__.product_6532032,__import__.stock_production_lot_151022E_6532032
__import__.stock_inventory_line_1510917_5669929,__import__.location_loc_GF32F6,1,__import__.product_5669929,__import__.stock_production_lot_1510917_5669929
__import__.stock_inventory_line_1511_7368001,__import__.location_loc_GD10D6,3,__import__.product_7368001,__import__.stock_production_lot_1511_7368001
__import__.stock_inventory_line_151107_8003104,__import__.location_loc_GE13A5,5,__import__.product_8003104,__import__.stock_production_lot_151107_8003104
__import__.stock_inventory_line_1511180_2977312,__import__.location_loc_GD20E1,5,__import__.product_2977312,__import__.stock_production_lot_1511180_2977312
__import__.stock_inventory_line_151120_8285574,__import__.location_loc_GF25D6,20,__import__.product_8285574,__import__.stock_production_lot_151120_8285574
__import__.stock_inventory_line_151124SA_8270074,__import__.location_loc_GC13D1,147,__import__.product_8270074,__import__.stock_production_lot_151124SA_8270074
__import__.stock_inventory_line_151128B_5001919,__import__.location_loc_GC13C2,2,__import__.product_5001919,__import__.stock_production_lot_151128B_5001919
__import__.stock_inventory_line_1511612_8021912,__import__.location_loc_GC32C1,28,__import__.product_8021912,__import__.stock_production_lot_1511612_8021912
__import__.stock_inventory_line_1512_3455390,__import__.location_loc_GD08E5,3,__import__.product_3455390,__import__.stock_production_lot_1512_3455390
__import__.stock_inventory_line_1512EG1C_2751410,__import__.location_loc_QDA410,67,__import__.product_2751410,__import__.stock_production_lot_1512EG1C_2751410
__import__.stock_inventory_line_151217E_6532032,__import__.location_loc_GC23B2,2,__import__.product_6532032,__import__.stock_production_lot_151217E_6532032
__import__.stock_inventory_line_151314_3344819,__import__.location_loc_GC24D1,32,__import__.product_3344819,__import__.stock_production_lot_151314_3344819
__import__.stock_inventory_line_1522614_1510635,__import__.location_loc_GI03B2,340,__import__.product_1510635,__import__.stock_production_lot_1522614_1510635
__import__.stock_inventory_line_1522624_2186849,__import__.location_loc_GBK305,90,__import__.product_2186849,__import__.stock_production_lot_1522624_2186849
__import__.stock_inventory_line_1522776_2829695,__import__.location_loc_GE08C3,65,__import__.product_2829695,__import__.stock_production_lot_1522776_2829695
__import__.stock_inventory_line_15241705_1073188,__import__.location_loc_GF30A6,5,__import__.product_1073188,__import__.stock_production_lot_15241705_1073188
__import__.stock_inventory_line_15241705_0428315,__import__.location_loc_GC15E3,3,__import__.product_0428315,__import__.stock_production_lot_15241705_0428315
__import__.stock_inventory_line_152503B_2687994,__import__.location_loc_GH07E3,21,__import__.product_2687994,__import__.stock_production_lot_152503B_2687994
__import__.stock_inventory_line_152533B_2553204,__import__.location_loc_GBU301,4,__import__.product_2553204,__import__.stock_production_lot_152533B_2553204
__import__.stock_inventory_line_1528213_5184102,__import__.location_loc_GK12B7,8,__import__.product_5184102,__import__.stock_production_lot_1528213_5184102
__import__.stock_inventory_line_152933B_2975613,__import__.location_loc_GD19C1,4,__import__.product_2975613,__import__.stock_production_lot_152933B_2975613
__import__.stock_inventory_line_152952A_6726703,__import__.location_loc_GE13E7,1,__import__.product_6726703,__import__.stock_production_lot_152952A_6726703
__import__.stock_inventory_line_153179A_2687986,__import__.location_loc_GH09A5,24,__import__.product_2687986,__import__.stock_production_lot_153179A_2687986
__import__.stock_inventory_line_153195_3091584,__import__.location_loc_GK09A3,21,__import__.product_3091584,__import__.stock_production_lot_153195_3091584
__import__.stock_inventory_line_153302D_2727592,__import__.location_loc_GE07E7,12,__import__.product_2727592,__import__.stock_production_lot_153302D_2727592
__import__.stock_inventory_line_153419_8031388,__import__.location_loc_EXI879,4,__import__.product_8031388,__import__.stock_production_lot_153419_8031388
__import__.stock_inventory_line_153903_3437639,__import__.location_loc_GGP404,16,__import__.product_3437639,__import__.stock_production_lot_153903_3437639
__import__.stock_inventory_line_15434403_3267952,__import__.location_loc_GK04A2,5,__import__.product_3267952,__import__.stock_production_lot_15434403_3267952
__import__.stock_inventory_line_1558737_1510650,__import__.location_loc_GI01B1,3,__import__.product_1510650,__import__.stock_production_lot_1558737_1510650
__import__.stock_inventory_line_156516_1211358,__import__.location_loc_QMA230,129,__import__.product_1211358,__import__.stock_production_lot_156516_1211358
__import__.stock_inventory_line_156914F_2094324,__import__.location_loc_GGP204,1,__import__.product_2094324,__import__.stock_production_lot_156914F_2094324
__import__.stock_inventory_line_156914R_2094324,__import__.location_loc_GGP204,6,__import__.product_2094324,__import__.stock_production_lot_156914R_2094324
__import__.stock_inventory_line_157A4_2716843,__import__.location_loc_GD09C4,35,__import__.product_2716843,__import__.stock_production_lot_157A4_2716843
__import__.stock_inventory_line_157DA_3123213,__import__.location_loc_GBX313,47,__import__.product_3123213,__import__.stock_production_lot_157DA_3123213
__import__.stock_inventory_line_1580617_8270026,__import__.location_loc_GAK210,37,__import__.product_8270026,__import__.stock_production_lot_1580617_8270026
__import__.stock_inventory_line_158683_3091576,__import__.location_loc_GBE102,27,__import__.product_3091576,__import__.stock_production_lot_158683_3091576
__import__.stock_inventory_line_16A04577_6600835,__import__.location_loc_GBC501,10,__import__.product_6600835,__import__.stock_production_lot_16A04577_6600835
__import__.stock_inventory_line_16A06_1112655,__import__.location_loc_GBI504,110,__import__.product_1112655,__import__.stock_production_lot_16A06_1112655
__import__.stock_inventory_line_16A06_5147764,__import__.location_loc_GC09B5,3,__import__.product_5147764,__import__.stock_production_lot_16A06_5147764
__import__.stock_inventory_line_16A12_1019620,__import__.location_loc_GH07C6,12,__import__.product_1019620,__import__.stock_production_lot_16A12_1019620
__import__.stock_inventory_line_16A18732_2738268,__import__.location_loc_GF27C1,10,__import__.product_2738268,__import__.stock_production_lot_16A18732_2738268
__import__.stock_inventory_line_16A251_2451664,__import__.location_loc_GD24D3,1,__import__.product_2451664,__import__.stock_production_lot_16A251_2451664
__import__.stock_inventory_line_16A251_2926251,__import__.location_loc_GF24D2,4,__import__.product_2926251,__import__.stock_production_lot_16A251_2926251
__import__.stock_inventory_line_16A251_2926269,__import__.location_loc_GF20A1,2,__import__.product_2926269,__import__.stock_production_lot_16A251_2926269
__import__.stock_inventory_line_16A275_3443199,__import__.location_loc_GF21C5,12,__import__.product_3443199,__import__.stock_production_lot_16A275_3443199
__import__.stock_inventory_line_16BN4A_5691941,__import__.location_loc_GH11D5,5,__import__.product_5691941,__import__.stock_production_lot_16BN4A_5691941
__import__.stock_inventory_line_16B03BB1A_5257113,__import__.location_loc_GC20C1,1,__import__.product_5257113,__import__.stock_production_lot_16B03BB1A_5257113
__import__.stock_inventory_line_16B11G8381_8189037,__import__.location_loc_GF31B2,35,__import__.product_8189037,__import__.stock_production_lot_16B11G8381_8189037
__import__.stock_inventory_line_16B22_5760370,__import__.location_loc_GC11C6,7,__import__.product_5760370,__import__.stock_production_lot_16B22_5760370
__import__.stock_inventory_line_16B22C8_5100010,__import__.location_loc_GL10A1,34,__import__.product_5100010,__import__.stock_production_lot_16B22C8_5100010
__import__.stock_inventory_line_16B264_3319878,__import__.location_loc_EPH009,13,__import__.product_3319878,__import__.stock_production_lot_16B264_3319878
__import__.stock_inventory_line_16B29C8_5200000,__import__.location_loc_GL09A1,48,__import__.product_5200000,__import__.stock_production_lot_16B29C8_5200000
__import__.stock_inventory_line_16CE12_8272985,__import__.location_loc_EXT525,5,__import__.product_8272985,__import__.stock_production_lot_16CE12_8272985
__import__.stock_inventory_line_16C01_5700033,__import__.location_loc_GD26C6,11,__import__.product_5700033,__import__.stock_production_lot_16C01_5700033
__import__.stock_inventory_line_16C01_5197004,__import__.location_loc_GF22B1,1,__import__.product_5197004,__import__.stock_production_lot_16C01_5197004
__import__.stock_inventory_line_16C07_5760329,__import__.location_loc_EXA200,5,__import__.product_5760329,__import__.stock_production_lot_16C07_5760329
__import__.stock_inventory_line_16C14_5760312,__import__.location_loc_EXA500,1,__import__.product_5760312,__import__.stock_production_lot_16C14_5760312
__import__.stock_inventory_line_16C143_2725216,__import__.location_loc_GD05C3,12,__import__.product_2725216,__import__.stock_production_lot_16C143_2725216
__import__.stock_inventory_line_16C14993_2573434,__import__.location_loc_GE23A2,9,__import__.product_2573434,__import__.stock_production_lot_16C14993_2573434
__import__.stock_inventory_line_16C17_5760308,__import__.location_loc_EXA400,5,__import__.product_5760308,__import__.stock_production_lot_16C17_5760308
__import__.stock_inventory_line_16C18_5760309,__import__.location_loc_EXA600,3,__import__.product_5760309,__import__.stock_production_lot_16C18_5760309
__import__.stock_inventory_line_16C19_5760331,__import__.location_loc_EXA600,2,__import__.product_5760331,__import__.stock_production_lot_16C19_5760331
__import__.stock_inventory_line_16C239_5519099,__import__.location_loc_GBM411,87,__import__.product_5519099,__import__.stock_production_lot_16C239_5519099
__import__.stock_inventory_line_16C24_3115797,__import__.location_loc_GGV203,22,__import__.product_3115797,__import__.stock_production_lot_16C24_3115797
__import__.stock_inventory_line_16C52C6_3091048,__import__.location_loc_GF17B4,13,__import__.product_3091048,__import__.stock_production_lot_16C52C6_3091048
__import__.stock_inventory_line_16DQ096_1525641,__import__.location_loc_GGH501,33,__import__.product_1525641,__import__.stock_production_lot_16DQ096_1525641
__import__.stock_inventory_line_16D04_5760366,__import__.location_loc_GC09E6,1,__import__.product_5760366,__import__.stock_production_lot_16D04_5760366
__import__.stock_inventory_line_16D05_5760363,__import__.location_loc_GC09B4,1,__import__.product_5760363,__import__.stock_production_lot_16D05_5760363
__import__.stock_inventory_line_16D066_3272432,__import__.location_loc_GD04C6,8,__import__.product_3272432,__import__.stock_production_lot_16D066_3272432
__import__.stock_inventory_line_16D066_3272457,__import__.location_loc_GF27C4,1,__import__.product_3272457,__import__.stock_production_lot_16D066_3272457
__import__.stock_inventory_line_16D066_3272440,__import__.location_loc_GE23C4,3,__import__.product_3272440,__import__.stock_production_lot_16D066_3272440
__import__.stock_inventory_line_16D08_7920004,__import__.location_loc_GC05G5,6,__import__.product_7920004,__import__.stock_production_lot_16D08_7920004
__import__.stock_inventory_line_16D08_5760393,__import__.location_loc_GZZ418,1,__import__.product_5760393,__import__.stock_production_lot_16D08_5760393
__import__.stock_inventory_line_16D10_5760364,__import__.location_loc_GE09C3,3,__import__.product_5760364,__import__.stock_production_lot_16D10_5760364
__import__.stock_inventory_line_16D11_5760365,__import__.location_loc_GC19D4,4,__import__.product_5760365,__import__.stock_production_lot_16D11_5760365
__import__.stock_inventory_line_16D13_5760371,__import__.location_loc_GC07G6,1,__import__.product_5760371,__import__.stock_production_lot_16D13_5760371
__import__.stock_inventory_line_16D19_1202829,__import__.location_loc_GBA403,20,__import__.product_1202829,__import__.stock_production_lot_16D19_1202829
__import__.stock_inventory_line_16D19G8271_8330168,__import__.location_loc_GC03D3,23,__import__.product_8330168,__import__.stock_production_lot_16D19G8271_8330168
__import__.stock_inventory_line_16D21087_0041921,__import__.location_loc_GBG103,1,__import__.product_0041921,__import__.stock_production_lot_16D21087_0041921
__import__.stock_inventory_line_16D22_8270263,__import__.location_loc_GBM205,8,__import__.product_8270263,__import__.stock_production_lot_16D22_8270263
__import__.stock_inventory_line_16D22_8270263,__import__.location_loc_GBM205,8,__import__.product_8270263,__import__.stock_production_lot_16D22_8270263
__import__.stock_inventory_line_16D22_3045564,__import__.location_loc_GE07C1,3,__import__.product_3045564,__import__.stock_production_lot_16D22_3045564
__import__.stock_inventory_line_16D23_3045572,__import__.location_loc_GD24D7,1,__import__.product_3045572,__import__.stock_production_lot_16D23_3045572
__import__.stock_inventory_line_16D25C8_5100010,__import__.location_loc_GL10A1,204,__import__.product_5100010,__import__.stock_production_lot_16D25C8_5100010
__import__.stock_inventory_line_16D28G8345_5426910,__import__.location_loc_GC13C5,50,__import__.product_5426910,__import__.stock_production_lot_16D28G8345_5426910
__import__.stock_inventory_line_16D296_3025855,__import__.location_loc_GD09B2,1,__import__.product_3025855,__import__.stock_production_lot_16D296_3025855
__import__.stock_inventory_line_16D296_3350113,__import__.location_loc_GF22B6,12,__import__.product_3350113,__import__.stock_production_lot_16D296_3350113
__import__.stock_inventory_line_16D297_3025848,__import__.location_loc_GGH403,113,__import__.product_3025848,__import__.stock_production_lot_16D297_3025848
__import__.stock_inventory_line_16D297_3025855,__import__.location_loc_GD09B2,134,__import__.product_3025855,__import__.stock_production_lot_16D297_3025855
__import__.stock_inventory_line_16EB2A_5691941,__import__.location_loc_GH11D5,22,__import__.product_5691941,__import__.stock_production_lot_16EB2A_5691941
__import__.stock_inventory_line_16EB2B_7939967,__import__.location_loc_GD30C3,17,__import__.product_7939967,__import__.stock_production_lot_16EB2B_7939967
__import__.stock_inventory_line_16E02_7760345,__import__.location_loc_GC05C1,8,__import__.product_7760345,__import__.stock_production_lot_16E02_7760345
__import__.stock_inventory_line_16E047_2828440,__import__.location_loc_GF31D5,27,__import__.product_2828440,__import__.stock_production_lot_16E047_2828440
__import__.stock_inventory_line_16E09C8_5200000,__import__.location_loc_GL09A1,130,__import__.product_5200000,__import__.stock_production_lot_16E09C8_5200000
__import__.stock_inventory_line_16E11_3419728,__import__.location_loc_GF24F7,5,__import__.product_3419728,__import__.stock_production_lot_16E11_3419728
__import__.stock_inventory_line_16E12_3419744,__import__.location_loc_GF17A5,4,__import__.product_3419744,__import__.stock_production_lot_16E12_3419744
__import__.stock_inventory_line_16E23_7760338,__import__.location_loc_GC28C1,26,__import__.product_7760338,__import__.stock_production_lot_16E23_7760338
__import__.stock_inventory_line_16E24_7760336,__import__.location_loc_GC19C3,16,__import__.product_7760336,__import__.stock_production_lot_16E24_7760336
__import__.stock_inventory_line_16E35_2874840,__import__.location_loc_GD28D2,6,__import__.product_2874840,__import__.stock_production_lot_16E35_2874840
__import__.stock_inventory_line_16E967FHX_8021496,__import__.location_loc_EXT314,2,__import__.product_8021496,__import__.stock_production_lot_16E967FHX_8021496
__import__.stock_inventory_line_16F02_5760341,__import__.location_loc_EXA500,1,__import__.product_5760341,__import__.stock_production_lot_16F02_5760341
__import__.stock_inventory_line_16F05G8254_4263111,__import__.location_loc_GE13G7,80,__import__.product_4263111,__import__.stock_production_lot_16F05G8254_4263111
__import__.stock_inventory_line_16F0707D1_2886885,__import__.location_loc_GE30B2,4,__import__.product_2886885,__import__.stock_production_lot_16F0707D1_2886885
__import__.stock_inventory_line_16F13_6600811,__import__.location_loc_GAC230,19,__import__.product_6600811,__import__.stock_production_lot_16F13_6600811
__import__.stock_inventory_line_16F15_3116183,__import__.location_loc_GC31F1,1,__import__.product_3116183,__import__.stock_production_lot_16F15_3116183
__import__.stock_inventory_line_16F18_5760360,__import__.location_loc_GBR401,1,__import__.product_5760360,__import__.stock_production_lot_16F18_5760360
__import__.stock_inventory_line_16F23_5760417,__import__.location_loc_GF18D1,3,__import__.product_5760417,__import__.stock_production_lot_16F23_5760417
__import__.stock_inventory_line_16F24G8232_8189043,__import__.location_loc_GC11E6,39,__import__.product_8189043,__import__.stock_production_lot_16F24G8232_8189043
__import__.stock_inventory_line_16F25_5760416,__import__.location_loc_EXA200,1,__import__.product_5760416,__import__.stock_production_lot_16F25_5760416
__import__.stock_inventory_line_16F29176_0458299,__import__.location_loc_GF14F7,11,__import__.product_0458299,__import__.stock_production_lot_16F29176_0458299
__import__.stock_inventory_line_16F29176_1465822,__import__.location_loc_GF14A1,6,__import__.product_1465822,__import__.stock_production_lot_16F29176_1465822
__import__.stock_inventory_line_16F707D1_2886885,__import__.location_loc_GE30B2,20,__import__.product_2886885,__import__.stock_production_lot_16F707D1_2886885
__import__.stock_inventory_line_16GQ007_2352813,__import__.location_loc_GGI202,10,__import__.product_2352813,__import__.stock_production_lot_16GQ007_2352813
__import__.stock_inventory_line_16G01_7920049,__import__.location_loc_GC21A2,1,__import__.product_7920049,__import__.stock_production_lot_16G01_7920049
__import__.stock_inventory_line_16G01_7920047,__import__.location_loc_GC10D1,5,__import__.product_7920047,__import__.stock_production_lot_16G01_7920047
__import__.stock_inventory_line_16G01_5920061,__import__.location_loc_GGT103,23,__import__.product_5920061,__import__.stock_production_lot_16G01_5920061
__import__.stock_inventory_line_16G01_5916405,__import__.location_loc_GD13A3,5,__import__.product_5916405,__import__.stock_production_lot_16G01_5916405
__import__.stock_inventory_line_16G01_7920055,__import__.location_loc_GC11C4,1,__import__.product_7920055,__import__.stock_production_lot_16G01_7920055
__import__.stock_inventory_line_16G034_5304811,__import__.location_loc_GF20E3,4,__import__.product_5304811,__import__.stock_production_lot_16G034_5304811
__import__.stock_inventory_line_16G058_5340922,__import__.location_loc_GF22F2,15,__import__.product_5340922,__import__.stock_production_lot_16G058_5340922
__import__.stock_inventory_line_16G063_3443181,__import__.location_loc_GF09A1,8,__import__.product_3443181,__import__.stock_production_lot_16G063_3443181
__import__.stock_inventory_line_16G072_8360057,__import__.location_loc_GF28B2,2,__import__.product_8360057,__import__.stock_production_lot_16G072_8360057
__import__.stock_inventory_line_16G083_3126695,__import__.location_loc_GD32D1,10,__import__.product_3126695,__import__.stock_production_lot_16G083_3126695
__import__.stock_inventory_line_16G09K8122_4064007,__import__.location_loc_GH31C3,92,__import__.product_4064007,__import__.stock_production_lot_16G09K8122_4064007
__import__.stock_inventory_line_16G112_8360057,__import__.location_loc_GF28B2,1,__import__.product_8360057,__import__.stock_production_lot_16G112_8360057
__import__.stock_inventory_line_16G12E2D_8111762,__import__.location_loc_GGM105,2,__import__.product_8111762,__import__.stock_production_lot_16G12E2D_8111762
__import__.stock_inventory_line_16G15_2488013,__import__.location_loc_GD30D4,21,__import__.product_2488013,__import__.stock_production_lot_16G15_2488013
__import__.stock_inventory_line_16G16_2488039,__import__.location_loc_GF26B5,25,__import__.product_2488039,__import__.stock_production_lot_16G16_2488039
__import__.stock_inventory_line_16G185_3052990,__import__.location_loc_GE14A1,12,__import__.product_3052990,__import__.stock_production_lot_16G185_3052990
__import__.stock_inventory_line_16G19G8346_5426907,__import__.location_loc_GD03D3,10,__import__.product_5426907,__import__.stock_production_lot_16G19G8346_5426907
__import__.stock_inventory_line_16G192_5343015,__import__.location_loc_GC06B2,4,__import__.product_5343015,__import__.stock_production_lot_16G192_5343015
__import__.stock_inventory_line_16G20G8346_5426907,__import__.location_loc_GD03D3,12,__import__.product_5426907,__import__.stock_production_lot_16G20G8346_5426907
__import__.stock_inventory_line_16G224_6600859,__import__.location_loc_GBC502,5,__import__.product_6600859,__import__.stock_production_lot_16G224_6600859
__import__.stock_inventory_line_16G234FHX_8021444,__import__.location_loc_EXK112,1,__import__.product_8021444,__import__.stock_production_lot_16G234FHX_8021444
__import__.stock_inventory_line_16G25A8421_4064007,__import__.location_loc_GH31C3,79,__import__.product_4064007,__import__.stock_production_lot_16G25A8421_4064007
__import__.stock_inventory_line_16G274_8365847,__import__.location_loc_GBF502,3,__import__.product_8365847,__import__.stock_production_lot_16G274_8365847
__import__.stock_inventory_line_16G290_8360258,__import__.location_loc_GC01C4,6,__import__.product_8360258,__import__.stock_production_lot_16G290_8360258
__import__.stock_inventory_line_16G313_5343015,__import__.location_loc_GC06B2,4,__import__.product_5343015,__import__.stock_production_lot_16G313_5343015
__import__.stock_inventory_line_16G336_8365847,__import__.location_loc_GBF502,1,__import__.product_8365847,__import__.stock_production_lot_16G336_8365847
__import__.stock_inventory_line_16G405_5340920,__import__.location_loc_GE15G6,1,__import__.product_5340920,__import__.stock_production_lot_16G405_5340920
__import__.stock_inventory_line_16G481_8357842,__import__.location_loc_GE10A4,7,__import__.product_8357842,__import__.stock_production_lot_16G481_8357842
__import__.stock_inventory_line_16G486_5343020,__import__.location_loc_GD22F1,14,__import__.product_5343020,__import__.stock_production_lot_16G486_5343020
__import__.stock_inventory_line_16G488_8360040,__import__.location_loc_GH11B2,18,__import__.product_8360040,__import__.stock_production_lot_16G488_8360040
__import__.stock_inventory_line_16G507_8180792,__import__.location_loc_GD20D2,23,__import__.product_8180792,__import__.stock_production_lot_16G507_8180792
__import__.stock_inventory_line_16HQ047_0048181,__import__.location_loc_GGH407,7,__import__.product_0048181,__import__.stock_production_lot_16HQ047_0048181
__import__.stock_inventory_line_16H017_3002821,__import__.location_loc_GC23D3,19,__import__.product_3002821,__import__.stock_production_lot_16H017_3002821
__import__.stock_inventory_line_16H03V77214_8330044,__import__.location_loc_GGL508,4,__import__.product_8330044,__import__.stock_production_lot_16H03V77214_8330044
__import__.stock_inventory_line_16H05_6600874,__import__.location_loc_GBC301,20,__import__.product_6600874,__import__.stock_production_lot_16H05_6600874
__import__.stock_inventory_line_16H05_6600876,__import__.location_loc_GBB105,9,__import__.product_6600876,__import__.stock_production_lot_16H05_6600876
__import__.stock_inventory_line_16H06_2811404,__import__.location_loc_GBE502,88,__import__.product_2811404,__import__.stock_production_lot_16H06_2811404
__import__.stock_inventory_line_16H10_7760306,__import__.location_loc_GC32D2,21,__import__.product_7760306,__import__.stock_production_lot_16H10_7760306
__import__.stock_inventory_line_16H11_7760307,__import__.location_loc_GC24B2,20,__import__.product_7760307,__import__.stock_production_lot_16H11_7760307
__import__.stock_inventory_line_16H12011_3041282,__import__.location_loc_GF23C4,39,__import__.product_3041282,__import__.stock_production_lot_16H12011_3041282
__import__.stock_inventory_line_16H265_3272457,__import__.location_loc_GF27C4,5,__import__.product_3272457,__import__.stock_production_lot_16H265_3272457
__import__.stock_inventory_line_16H603_3508363,__import__.location_loc_GE01E2,77,__import__.product_3508363,__import__.stock_production_lot_16H603_3508363
__import__.stock_inventory_line_16H951FHX_8021496,__import__.location_loc_EXT314,20,__import__.product_8021496,__import__.stock_production_lot_16H951FHX_8021496
__import__.stock_inventory_line_16IG07_8272910,__import__.location_loc_EXC100,6,__import__.product_8272910,__import__.stock_production_lot_16IG07_8272910
__import__.stock_inventory_line_16I02_2248870,__import__.location_loc_GGS306,24,__import__.product_2248870,__import__.stock_production_lot_16I02_2248870
__import__.stock_inventory_line_16I061_7760300,__import__.location_loc_GBA111,63,__import__.product_7760300,__import__.stock_production_lot_16I061_7760300
__import__.stock_inventory_line_16I127_1203199,__import__.location_loc_GF14B2,272,__import__.product_1203199,__import__.stock_production_lot_16I127_1203199
__import__.stock_inventory_line_16I131_2071835,__import__.location_loc_GBU405,97,__import__.product_2071835,__import__.stock_production_lot_16I131_2071835
__import__.stock_inventory_line_16I132_3052693,__import__.location_loc_GE15C3,28,__import__.product_3052693,__import__.stock_production_lot_16I132_3052693
__import__.stock_inventory_line_16I14_5760312,__import__.location_loc_EXA500,1,__import__.product_5760312,__import__.stock_production_lot_16I14_5760312
__import__.stock_inventory_line_16I14_5760319,__import__.location_loc_EXA100,1,__import__.product_5760319,__import__.stock_production_lot_16I14_5760319
__import__.stock_inventory_line_16I14_3419769,__import__.location_loc_GF32E5,6,__import__.product_3419769,__import__.stock_production_lot_16I14_3419769
__import__.stock_inventory_line_16I16_5760313,__import__.location_loc_GC31B3,10,__import__.product_5760313,__import__.stock_production_lot_16I16_5760313
__import__.stock_inventory_line_16I17_3420460,__import__.location_loc_GD21B5,31,__import__.product_3420460,__import__.stock_production_lot_16I17_3420460
__import__.stock_inventory_line_16I17_5760316,__import__.location_loc_GF20G1,2,__import__.product_5760316,__import__.stock_production_lot_16I17_5760316
__import__.stock_inventory_line_16I18_3420486,__import__.location_loc_GGK404,15,__import__.product_3420486,__import__.stock_production_lot_16I18_3420486
__import__.stock_inventory_line_16I204_3327384,__import__.location_loc_GF30E6,20,__import__.product_3327384,__import__.stock_production_lot_16I204_3327384
__import__.stock_inventory_line_16I28_2123271,__import__.location_loc_GD30E3,25,__import__.product_2123271,__import__.stock_production_lot_16I28_2123271
__import__.stock_inventory_line_16I28_1202886,__import__.location_loc_GBA305,27,__import__.product_1202886,__import__.stock_production_lot_16I28_1202886
__import__.stock_inventory_line_16I28_1202860,__import__.location_loc_GBV403,21,__import__.product_1202860,__import__.stock_production_lot_16I28_1202860
__import__.stock_inventory_line_16I281_2876605,__import__.location_loc_GD29C1,38,__import__.product_2876605,__import__.stock_production_lot_16I281_2876605
__import__.stock_inventory_line_16I30_1202860,__import__.location_loc_GBV403,36,__import__.product_1202860,__import__.stock_production_lot_16I30_1202860
__import__.stock_inventory_line_16I36_3308368,__import__.location_loc_GGD105,13,__import__.product_3308368,__import__.stock_production_lot_16I36_3308368
__import__.stock_inventory_line_16I37_3308376,__import__.location_loc_GD29B4,4,__import__.product_3308376,__import__.stock_production_lot_16I37_3308376
__import__.stock_inventory_line_16JG27_5112480,__import__.location_loc_EXC110,5,__import__.product_5112480,__import__.stock_production_lot_16JG27_5112480
__import__.stock_inventory_line_16J022A_0064015,__import__.location_loc_GAC130,5,__import__.product_0064015,__import__.stock_production_lot_16J022A_0064015
__import__.stock_inventory_line_16J03_0320244,__import__.location_loc_GC21C1,12,__import__.product_0320244,__import__.stock_production_lot_16J03_0320244
__import__.stock_inventory_line_16J03_0320140,__import__.location_loc_GC09D7,5,__import__.product_0320140,__import__.stock_production_lot_16J03_0320140
__import__.stock_inventory_line_16J03_0320167,__import__.location_loc_GC28D1,18,__import__.product_0320167,__import__.stock_production_lot_16J03_0320167
__import__.stock_inventory_line_16J03_0320123,__import__.location_loc_GC30B2,7,__import__.product_0320123,__import__.stock_production_lot_16J03_0320123
__import__.stock_inventory_line_16J03_0320138,__import__.location_loc_GE09C7,1,__import__.product_0320138,__import__.stock_production_lot_16J03_0320138
__import__.stock_inventory_line_16J03_0320137,__import__.location_loc_GC07B6,2,__import__.product_0320137,__import__.stock_production_lot_16J03_0320137
__import__.stock_inventory_line_16J03_5290609,__import__.location_loc_GF24B1,3,__import__.product_5290609,__import__.stock_production_lot_16J03_5290609
__import__.stock_inventory_line_16J03_6446002,__import__.location_loc_GC26B3,24,__import__.product_6446002,__import__.stock_production_lot_16J03_6446002
__import__.stock_inventory_line_16J03_6446022,__import__.location_loc_GC27D2,8,__import__.product_6446022,__import__.stock_production_lot_16J03_6446022
__import__.stock_inventory_line_16J03_6446003,__import__.location_loc_GC23C2,14,__import__.product_6446003,__import__.stock_production_lot_16J03_6446003
__import__.stock_inventory_line_16J03_0320366,__import__.location_loc_GC28C2,10,__import__.product_0320366,__import__.stock_production_lot_16J03_0320366
__import__.stock_inventory_line_16J03_6446020,__import__.location_loc_GC26C2,10,__import__.product_6446020,__import__.stock_production_lot_16J03_6446020
__import__.stock_inventory_line_16J03_6446000,__import__.location_loc_GC11C5,20,__import__.product_6446000,__import__.stock_production_lot_16J03_6446000
__import__.stock_inventory_line_16J04_2874832,__import__.location_loc_GE22C3,2,__import__.product_2874832,__import__.stock_production_lot_16J04_2874832
__import__.stock_inventory_line_16J07_3115805,__import__.location_loc_GE08B1,64,__import__.product_3115805,__import__.stock_production_lot_16J07_3115805
__import__.stock_inventory_line_16J09_3047271,__import__.location_loc_GC16C3,6,__import__.product_3047271,__import__.stock_production_lot_16J09_3047271
__import__.stock_inventory_line_16J10483_0041921,__import__.location_loc_GBG103,26,__import__.product_0041921,__import__.stock_production_lot_16J10483_0041921
__import__.stock_inventory_line_16J109_6600890,__import__.location_loc_GC09A2,3,__import__.product_6600890,__import__.stock_production_lot_16J109_6600890
__import__.stock_inventory_line_16J12_3443207,__import__.location_loc_GBN101,46,__import__.product_3443207,__import__.stock_production_lot_16J12_3443207
__import__.stock_inventory_line_16J1201F6_3016003,__import__.location_loc_GE07G7,10,__import__.product_3016003,__import__.stock_production_lot_16J1201F6_3016003
__import__.stock_inventory_line_16J13_3443231,__import__.location_loc_GBP401,12,__import__.product_3443231,__import__.stock_production_lot_16J13_3443231
__import__.stock_inventory_line_16J13_3443223,__import__.location_loc_GBK309,49,__import__.product_3443223,__import__.stock_production_lot_16J13_3443223
__import__.stock_inventory_line_16J17405_6600802,__import__.location_loc_GL09B1,6,__import__.product_6600802,__import__.stock_production_lot_16J17405_6600802
__import__.stock_inventory_line_16J193_2451672,__import__.location_loc_GH11B9,24,__import__.product_2451672,__import__.stock_production_lot_16J193_2451672
__import__.stock_inventory_line_16J19531_0458273,__import__.location_loc_GBH402,16,__import__.product_0458273,__import__.stock_production_lot_16J19531_0458273
__import__.stock_inventory_line_16J197_2833614,__import__.location_loc_GE23A3,26,__import__.product_2833614,__import__.stock_production_lot_16J197_2833614
__import__.stock_inventory_line_16J21_2987691,__import__.location_loc_GE09A1,28,__import__.product_2987691,__import__.stock_production_lot_16J21_2987691
__import__.stock_inventory_line_16J276_1206853,__import__.location_loc_GF13E1,26,__import__.product_1206853,__import__.stock_production_lot_16J276_1206853
__import__.stock_inventory_line_16J31_2703239,__import__.location_loc_GH07B2,19,__import__.product_2703239,__import__.stock_production_lot_16J31_2703239
__import__.stock_inventory_line_16J35_2626885,__import__.location_loc_GF26G2,5,__import__.product_2626885,__import__.stock_production_lot_16J35_2626885
__import__.stock_inventory_line_16J36_2626893,__import__.location_loc_GC13E1,6,__import__.product_2626893,__import__.stock_production_lot_16J36_2626893
__import__.stock_inventory_line_16J40_3187903,__import__.location_loc_GD25B3,7,__import__.product_3187903,__import__.stock_production_lot_16J40_3187903
__import__.stock_inventory_line_16KQ034_0048173,__import__.location_loc_GBG503,14,__import__.product_0048173,__import__.stock_production_lot_16KQ034_0048173
__import__.stock_inventory_line_16K02_5760338,__import__.location_loc_EXA400,2,__import__.product_5760338,__import__.stock_production_lot_16K02_5760338
__import__.stock_inventory_line_16K02403_6600807,__import__.location_loc_GF23A1,5,__import__.product_6600807,__import__.stock_production_lot_16K02403_6600807
__import__.stock_inventory_line_16K02403_1553379,__import__.location_loc_GBY101,2,__import__.product_1553379,__import__.stock_production_lot_16K02403_1553379
__import__.stock_inventory_line_16K02522_1465814,__import__.location_loc_GF14C6,5,__import__.product_1465814,__import__.stock_production_lot_16K02522_1465814
__import__.stock_inventory_line_16K03523_1465814,__import__.location_loc_GF14C6,11,__import__.product_1465814,__import__.stock_production_lot_16K03523_1465814
__import__.stock_inventory_line_16K04_5760337,__import__.location_loc_EXA100,1,__import__.product_5760337,__import__.stock_production_lot_16K04_5760337
__import__.stock_inventory_line_16K045_3019163,__import__.location_loc_GE26C2,43,__import__.product_3019163,__import__.stock_production_lot_16K045_3019163
__import__.stock_inventory_line_16K05_5760339,__import__.location_loc_EXA600,4,__import__.product_5760339,__import__.stock_production_lot_16K05_5760339
__import__.stock_inventory_line_16K07C8_5020000,__import__.location_loc_GK09B1,68,__import__.product_5020000,__import__.stock_production_lot_16K07C8_5020000
__import__.stock_inventory_line_16K079_2433878,__import__.location_loc_GGE303,3,__import__.product_2433878,__import__.stock_production_lot_16K079_2433878
__import__.stock_inventory_line_16K11SF_4789711,__import__.location_loc_GGR404,7,__import__.product_4789711,__import__.stock_production_lot_16K11SF_4789711
__import__.stock_inventory_line_16K13CM_2200483,__import__.location_loc_GC31D1,23,__import__.product_2200483,__import__.stock_production_lot_16K13CM_2200483
__import__.stock_inventory_line_16K14_7760344,__import__.location_loc_GD05B4,6,__import__.product_7760344,__import__.stock_production_lot_16K14_7760344
__import__.stock_inventory_line_16K15_7760345,__import__.location_loc_GC05C1,7,__import__.product_7760345,__import__.stock_production_lot_16K15_7760345
__import__.stock_inventory_line_16K16G8331_8188983,__import__.location_loc_GE12D4,2,__import__.product_8188983,__import__.stock_production_lot_16K16G8331_8188983
__import__.stock_inventory_line_16K167_5760345,__import__.location_loc_GBK511,64,__import__.product_5760345,__import__.stock_production_lot_16K167_5760345
__import__.stock_inventory_line_16K174_3079662,__import__.location_loc_GD20E4,5,__import__.product_3079662,__import__.stock_production_lot_16K174_3079662
__import__.stock_inventory_line_16K21_5760391,__import__.location_loc_GC09A7,3,__import__.product_5760391,__import__.stock_production_lot_16K21_5760391
__import__.stock_inventory_line_16K222_6600900,__import__.location_loc_GGT201,18,__import__.product_6600900,__import__.stock_production_lot_16K222_6600900
__import__.stock_inventory_line_16K23_5760362,__import__.location_loc_GC13F8,6,__import__.product_5760362,__import__.stock_production_lot_16K23_5760362
__import__.stock_inventory_line_16K23_3116183,__import__.location_loc_GC31F1,18,__import__.product_3116183,__import__.stock_production_lot_16K23_3116183
__import__.stock_inventory_line_16K24_5760364,__import__.location_loc_GE09C3,1,__import__.product_5760364,__import__.stock_production_lot_16K24_5760364
__import__.stock_inventory_line_16K26G8361_8330122,__import__.location_loc_GC07B1,50,__import__.product_8330122,__import__.stock_production_lot_16K26G8361_8330122
__import__.stock_inventory_line_16K28G8362_8330122,__import__.location_loc_GC07B1,2,__import__.product_8330122,__import__.stock_production_lot_16K28G8362_8330122
__import__.stock_inventory_line_16K2811C4_6690609,__import__.location_loc_QKA235,46,__import__.product_6690609,__import__.stock_production_lot_16K2811C4_6690609
__import__.stock_inventory_line_16K29_8330045,__import__.location_loc_GE26B2,30,__import__.product_8330045,__import__.stock_production_lot_16K29_8330045
__import__.stock_inventory_line_16K3092043_5164940,__import__.location_loc_EXL200,1,__import__.product_5164940,__import__.stock_production_lot_16K3092043_5164940
__import__.stock_inventory_line_16K69_1561448,__import__.location_loc_GD30E2,11,__import__.product_1561448,__import__.stock_production_lot_16K69_1561448
__import__.stock_inventory_line_16L01_5760317,__import__.location_loc_GE15B7,5,__import__.product_5760317,__import__.stock_production_lot_16L01_5760317
__import__.stock_inventory_line_16L029_1321355,__import__.location_loc_GBY401,150,__import__.product_1321355,__import__.stock_production_lot_16L029_1321355
__import__.stock_inventory_line_16L03_2488021,__import__.location_loc_GE30B1,35,__import__.product_2488021,__import__.stock_production_lot_16L03_2488021
__import__.stock_inventory_line_16L04G8332_5426809,__import__.location_loc_GD26D4,200,__import__.product_5426809,__import__.stock_production_lot_16L04G8332_5426809
__import__.stock_inventory_line_16L0501C5_3086501,__import__.location_loc_GD08E1,1,__import__.product_3086501,__import__.stock_production_lot_16L0501C5_3086501
__import__.stock_inventory_line_16L13_5039023,__import__.location_loc_GF20F5,9,__import__.product_5039023,__import__.stock_production_lot_16L13_5039023
__import__.stock_inventory_line_16L13_6039100,__import__.location_loc_GC21B3,1,__import__.product_6039100,__import__.stock_production_lot_16L13_6039100
__import__.stock_inventory_line_16L13_6039001,__import__.location_loc_GC10C2,7,__import__.product_6039001,__import__.stock_production_lot_16L13_6039001
__import__.stock_inventory_line_16L13_5039000,__import__.location_loc_GC06B1,6,__import__.product_5039000,__import__.stock_production_lot_16L13_5039000
__import__.stock_inventory_line_16L14M11_1399518,__import__.location_loc_GF12C4,8,__import__.product_1399518,__import__.stock_production_lot_16L14M11_1399518
__import__.stock_inventory_line_16L152_3444395,__import__.location_loc_GGL203,335,__import__.product_3444395,__import__.stock_production_lot_16L152_3444395
__import__.stock_inventory_line_16L30_7920046,__import__.location_loc_GC25B1,13,__import__.product_7920046,__import__.stock_production_lot_16L30_7920046
__import__.stock_inventory_line_16L30_7913505,__import__.location_loc_GC06D3,6,__import__.product_7913505,__import__.stock_production_lot_16L30_7913505
__import__.stock_inventory_line_16L30_7923020,__import__.location_loc_GC05B4,4,__import__.product_7923020,__import__.stock_production_lot_16L30_7923020
__import__.stock_inventory_line_16L30_7920023,__import__.location_loc_GC05E1,9,__import__.product_7920023,__import__.stock_production_lot_16L30_7920023
__import__.stock_inventory_line_16L30_5923031,__import__.location_loc_GC09D5,2,__import__.product_5923031,__import__.stock_production_lot_16L30_5923031
__import__.stock_inventory_line_16L30_7920006,__import__.location_loc_GC05F1,5,__import__.product_7920006,__import__.stock_production_lot_16L30_7920006
__import__.stock_inventory_line_16L30_7920049,__import__.location_loc_GC21A2,64,__import__.product_7920049,__import__.stock_production_lot_16L30_7920049
__import__.stock_inventory_line_16L30_7920011,__import__.location_loc_GC07D8,8,__import__.product_7920011,__import__.stock_production_lot_16L30_7920011
__import__.stock_inventory_line_16L30_5910505,__import__.location_loc_GZZ408,1,__import__.product_5910505,__import__.stock_production_lot_16L30_5910505
__import__.stock_inventory_line_16L30_7920056,__import__.location_loc_GC24C1,43,__import__.product_7920056,__import__.stock_production_lot_16L30_7920056
__import__.stock_inventory_line_16L30_7920156,__import__.location_loc_GE20D4,92,__import__.product_7920156,__import__.stock_production_lot_16L30_7920156
__import__.stock_inventory_line_16L30_5916405,__import__.location_loc_GD13A3,3,__import__.product_5916405,__import__.stock_production_lot_16L30_5916405
__import__.stock_inventory_line_16L30_5927035,__import__.location_loc_GE09G5,4,__import__.product_5927035,__import__.stock_production_lot_16L30_5927035
__import__.stock_inventory_line_16L30_7920010,__import__.location_loc_GC07F3,2,__import__.product_7920010,__import__.stock_production_lot_16L30_7920010
__import__.stock_inventory_line_16L30_7927030,__import__.location_loc_GC15C6,1,__import__.product_7927030,__import__.stock_production_lot_16L30_7927030
__import__.stock_inventory_line_16L59_2943272,__import__.location_loc_GF20B4,1,__import__.product_2943272,__import__.stock_production_lot_16L59_2943272
__import__.stock_inventory_line_16M0219_5301146,__import__.location_loc_GC25C3,2,__import__.product_5301146,__import__.stock_production_lot_16M0219_5301146
__import__.stock_inventory_line_16M03K8412_4097173,__import__.location_loc_GC24B1,75,__import__.product_4097173,__import__.stock_production_lot_16M03K8412_4097173
__import__.stock_inventory_line_16M04F00H2_8219637,__import__.location_loc_GZZ508,2,__import__.product_8219637,__import__.stock_production_lot_16M04F00H2_8219637
__import__.stock_inventory_line_16M06G8346_5426909,__import__.location_loc_GC11E2,50,__import__.product_5426909,__import__.stock_production_lot_16M06G8346_5426909
__import__.stock_inventory_line_16M06PV_9512052,__import__.location_loc_GC31F2,8,__import__.product_9512052,__import__.stock_production_lot_16M06PV_9512052
__import__.stock_inventory_line_16M09K8121_4116755,__import__.location_loc_GC16D3,46,__import__.product_4116755,__import__.stock_production_lot_16M09K8121_4116755
__import__.stock_inventory_line_16M21C8_5010200,__import__.location_loc_GL09B4,175,__import__.product_5010200,__import__.stock_production_lot_16M21C8_5010200
__import__.stock_inventory_line_16M22K8901_4064009,__import__.location_loc_GC06A1,8,__import__.product_4064009,__import__.stock_production_lot_16M22K8901_4064009
__import__.stock_inventory_line_16M24K8421_4062182,__import__.location_loc_GC25C1,294,__import__.product_4062182,__import__.stock_production_lot_16M24K8421_4062182
__import__.stock_inventory_line_16M24K8891_4062182,__import__.location_loc_GC25C1,354,__import__.product_4062182,__import__.stock_production_lot_16M24K8891_4062182
__import__.stock_inventory_line_16N10K8411_8270178,__import__.location_loc_GC01D3,11,__import__.product_8270178,__import__.stock_production_lot_16N10K8411_8270178
__import__.stock_inventory_line_16N16G8345_5426907,__import__.location_loc_GD03D3,50,__import__.product_5426907,__import__.stock_production_lot_16N16G8345_5426907
__import__.stock_inventory_line_16N21G8347_5426909,__import__.location_loc_GC11E2,30,__import__.product_5426909,__import__.stock_production_lot_16N21G8347_5426909
__import__.stock_inventory_line_16N22G8842_4665791,__import__.location_loc_GF24C7,12,__import__.product_4665791,__import__.stock_production_lot_16N22G8842_4665791
__import__.stock_inventory_line_16N23K8412_8270178,__import__.location_loc_GC01D3,100,__import__.product_8270178,__import__.stock_production_lot_16N23K8412_8270178
__import__.stock_inventory_line_16N24G8841_4665791,__import__.location_loc_GF24C7,3,__import__.product_4665791,__import__.stock_production_lot_16N24G8841_4665791
__import__.stock_inventory_line_16PAN370_8007208,__import__.location_loc_GF30H6,1,__import__.product_8007208,__import__.stock_production_lot_16PAN370_8007208
__import__.stock_inventory_line_160000_9512003,__import__.location_loc_GAB210,1,__import__.product_9512003,__import__.stock_production_lot_160000_9512003
__import__.stock_inventory_line_160011_2328896,__import__.location_loc_GF29D4,4,__import__.product_2328896,__import__.stock_production_lot_160011_2328896
__import__.stock_inventory_line_160041014_2615292,__import__.location_loc_GD08C5,3,__import__.product_2615292,__import__.stock_production_lot_160041014_2615292
__import__.stock_inventory_line_1601_2330470,__import__.location_loc_GBG411,11,__import__.product_2330470,__import__.stock_production_lot_1601_2330470
__import__.stock_inventory_line_1601_8270100,__import__.location_loc_GD10B3,10,__import__.product_8270100,__import__.stock_production_lot_1601_8270100
__import__.stock_inventory_line_1601064_1623776,__import__.location_loc_GGH205,7,__import__.product_1623776,__import__.stock_production_lot_1601064_1623776
__import__.stock_inventory_line_160125A_2064525,__import__.location_loc_GBR203,37,__import__.product_2064525,__import__.stock_production_lot_160125A_2064525
__import__.stock_inventory_line_160128B_5001919,__import__.location_loc_GC13C2,50,__import__.product_5001919,__import__.stock_production_lot_160128B_5001919
__import__.stock_inventory_line_1601512_8021881,__import__.location_loc_GC03E4,3,__import__.product_8021881,__import__.stock_production_lot_1601512_8021881
__import__.stock_inventory_line_160153A_2064533,__import__.location_loc_GF10B3,6,__import__.product_2064533,__import__.stock_production_lot_160153A_2064533
__import__.stock_inventory_line_160204_5042535,__import__.location_loc_GE13F6,4,__import__.product_5042535,__import__.stock_production_lot_160204_5042535
__import__.stock_inventory_line_16020463_8296460,__import__.location_loc_GE11B5,7,__import__.product_8296460,__import__.stock_production_lot_16020463_8296460
__import__.stock_inventory_line_160212E_6532033,__import__.location_loc_GC13C3,93,__import__.product_6532033,__import__.stock_production_lot_160212E_6532033
__import__.stock_inventory_line_160219_8031365,__import__.location_loc_EXI858,5,__import__.product_8031365,__import__.stock_production_lot_160219_8031365
__import__.stock_inventory_line_16022552_6446012,__import__.location_loc_GC19C2,2,__import__.product_6446012,__import__.stock_production_lot_16022552_6446012
__import__.stock_inventory_line_160250332_5690603,__import__.location_loc_GGV103,7,__import__.product_5690603,__import__.stock_production_lot_160250332_5690603
__import__.stock_inventory_line_1603V101_8211392,__import__.location_loc_EXJ900,4,__import__.product_8211392,__import__.stock_production_lot_1603V101_8211392
__import__.stock_inventory_line_160305B_3045499,__import__.location_loc_GF20F6,7,__import__.product_3045499,__import__.stock_production_lot_160305B_3045499
__import__.stock_inventory_line_16030508_5090354,__import__.location_loc_GL09A2,12,__import__.product_5090354,__import__.stock_production_lot_16030508_5090354
__import__.stock_inventory_line_16030529_5090313,__import__.location_loc_GI09A3,21,__import__.product_5090313,__import__.stock_production_lot_16030529_5090313
__import__.stock_inventory_line_16030852_6446023,__import__.location_loc_GC07B5,29,__import__.product_6446023,__import__.stock_production_lot_16030852_6446023
__import__.stock_inventory_line_160316A_5039105,__import__.location_loc_GD02A7,1,__import__.product_5039105,__import__.stock_production_lot_160316A_5039105
__import__.stock_inventory_line_160318_8270070,__import__.location_loc_GC13D2,187,__import__.product_8270070,__import__.stock_production_lot_160318_8270070
__import__.stock_inventory_line_160350_1589977,__import__.location_loc_GGE106,50,__import__.product_1589977,__import__.stock_production_lot_160350_1589977
__import__.stock_inventory_line_160353A_0383406,__import__.location_loc_GC15B3,20,__import__.product_0383406,__import__.stock_production_lot_160353A_0383406
__import__.stock_inventory_line_16036P_5259800,__import__.location_loc_GD23A2,1,__import__.product_5259800,__import__.stock_production_lot_16036P_5259800
__import__.stock_inventory_line_1603670_2124584,__import__.location_loc_GL02A3,20,__import__.product_2124584,__import__.stock_production_lot_1603670_2124584
__import__.stock_inventory_line_1604_8021929,__import__.location_loc_GD06C4,40,__import__.product_8021929,__import__.stock_production_lot_1604_8021929
__import__.stock_inventory_line_160401J_5541464,__import__.location_loc_GC07G3,107,__import__.product_5541464,__import__.stock_production_lot_160401J_5541464
__import__.stock_inventory_line_160402_5920060,__import__.location_loc_GD28E7,3,__import__.product_5920060,__import__.stock_production_lot_160402_5920060
__import__.stock_inventory_line_160403_6040056,__import__.location_loc_GC11A3,3,__import__.product_6040056,__import__.stock_production_lot_160403_6040056
__import__.stock_inventory_line_16040389A_1120898,__import__.location_loc_GF22A2,2,__import__.product_1120898,__import__.stock_production_lot_16040389A_1120898
__import__.stock_inventory_line_160405_5150002,__import__.location_loc_GE15F7,4,__import__.product_5150002,__import__.stock_production_lot_160405_5150002
__import__.stock_inventory_line_16040755_5090321,__import__.location_loc_GL04A2,44,__import__.product_5090321,__import__.stock_production_lot_16040755_5090321
__import__.stock_inventory_line_16040809_5090362,__import__.location_loc_GL10A2,14,__import__.product_5090362,__import__.stock_production_lot_16040809_5090362
__import__.stock_inventory_line_160415_5398401,__import__.location_loc_GF29B5,6,__import__.product_5398401,__import__.stock_production_lot_160415_5398401
__import__.stock_inventory_line_160415E_6532032,__import__.location_loc_GC23B2,20,__import__.product_6532032,__import__.stock_production_lot_160415E_6532032
__import__.stock_inventory_line_1604170_1423771,__import__.location_loc_GH31B5,111,__import__.product_1423771,__import__.stock_production_lot_1604170_1423771
__import__.stock_inventory_line_160418_5320001,__import__.location_loc_AK05B8,6,__import__.product_5320001,__import__.stock_production_lot_160418_5320001
__import__.stock_inventory_line_160425_8285597,__import__.location_loc_GC24A2,4,__import__.product_8285597,__import__.stock_production_lot_160425_8285597
__import__.stock_inventory_line_160429_2637569,__import__.location_loc_GF10C3,10,__import__.product_2637569,__import__.stock_production_lot_160429_2637569
__import__.stock_inventory_line_160429A_2637569,__import__.location_loc_GF10C3,1,__import__.product_2637569,__import__.stock_production_lot_160429A_2637569
__import__.stock_inventory_line_160479A_2985208,__import__.location_loc_GBF401,10,__import__.product_2985208,__import__.stock_production_lot_160479A_2985208
__import__.stock_inventory_line_160502_3495520,__import__.location_loc_GBD211,4,__import__.product_3495520,__import__.stock_production_lot_160502_3495520
__import__.stock_inventory_line_1605061_5430515,__import__.location_loc_GZZ143,1,__import__.product_5430515,__import__.stock_production_lot_1605061_5430515
__import__.stock_inventory_line_160515606_2860179,__import__.location_loc_GE28D1,25,__import__.product_2860179,__import__.stock_production_lot_160515606_2860179
__import__.stock_inventory_line_160517EK_5115515,__import__.location_loc_GF19B3,1,__import__.product_5115515,__import__.stock_production_lot_160517EK_5115515
__import__.stock_inventory_line_1605174S01_2762698,__import__.location_loc_GBK507,64,__import__.product_2762698,__import__.stock_production_lot_1605174S01_2762698
__import__.stock_inventory_line_160519_5050100,__import__.location_loc_EOF103,1,__import__.product_5050100,__import__.stock_production_lot_160519_5050100
__import__.stock_inventory_line_160525_8285640,__import__.location_loc_GE04C4,9,__import__.product_8285640,__import__.stock_production_lot_160525_8285640
__import__.stock_inventory_line_160525B_5356003,__import__.location_loc_GC29C1,2,__import__.product_5356003,__import__.stock_production_lot_160525B_5356003
__import__.stock_inventory_line_160526E_6532032,__import__.location_loc_GC23B2,200,__import__.product_6532032,__import__.stock_production_lot_160526E_6532032
__import__.stock_inventory_line_160531_2572832,__import__.location_loc_GBT301,15,__import__.product_2572832,__import__.stock_production_lot_160531_2572832
__import__.stock_inventory_line_1605484504_1010280,__import__.location_loc_GD28D3,4,__import__.product_1010280,__import__.stock_production_lot_1605484504_1010280
__import__.stock_inventory_line_160587A_0098467,__import__.location_loc_GBD113,33,__import__.product_0098467,__import__.stock_production_lot_160587A_0098467
__import__.stock_inventory_line_1605944_1074194,__import__.location_loc_GAA110,35,__import__.product_1074194,__import__.stock_production_lot_1605944_1074194
__import__.stock_inventory_line_1606_8021935,__import__.location_loc_GD08C4,39,__import__.product_8021935,__import__.stock_production_lot_1606_8021935
__import__.stock_inventory_line_1606B102_8211386,__import__.location_loc_EXJ900,2,__import__.product_8211386,__import__.stock_production_lot_1606B102_8211386
__import__.stock_inventory_line_160601_5140542,__import__.location_loc_EXB300,3,__import__.product_5140542,__import__.stock_production_lot_160601_5140542
__import__.stock_inventory_line_160601_5140541,__import__.location_loc_EXB400,3,__import__.product_5140541,__import__.stock_production_lot_160601_5140541
__import__.stock_inventory_line_160602B_8270156,__import__.location_loc_GC09E1,5,__import__.product_8270156,__import__.stock_production_lot_160602B_8270156
__import__.stock_inventory_line_1606098_2941029,__import__.location_loc_GE13B4,3,__import__.product_2941029,__import__.stock_production_lot_1606098_2941029
__import__.stock_inventory_line_1606098_3045580,__import__.location_loc_GE09E2,3,__import__.product_3045580,__import__.stock_production_lot_1606098_3045580
__import__.stock_inventory_line_16060991_1203264,__import__.location_loc_GGL201,38,__import__.product_1203264,__import__.stock_production_lot_16060991_1203264
__import__.stock_inventory_line_16062017_2060424,__import__.location_loc_GBH405,4,__import__.product_2060424,__import__.stock_production_lot_16062017_2060424
__import__.stock_inventory_line_160621_2382737,__import__.location_loc_GBI304,5,__import__.product_2382737,__import__.stock_production_lot_160621_2382737
__import__.stock_inventory_line_16062459_6446013,__import__.location_loc_GC19A2,4,__import__.product_6446013,__import__.stock_production_lot_16062459_6446013
__import__.stock_inventory_line_16062462_6446011,__import__.location_loc_GC28A3,27,__import__.product_6446011,__import__.stock_production_lot_16062462_6446011
__import__.stock_inventory_line_16062463_6446021,__import__.location_loc_GC11F3,1,__import__.product_6446021,__import__.stock_production_lot_16062463_6446021
__import__.stock_inventory_line_160625_8285580,__import__.location_loc_GD09A4,16,__import__.product_8285580,__import__.stock_production_lot_160625_8285580
__import__.stock_inventory_line_160636A_5430150,__import__.location_loc_GH11A5,10,__import__.product_5430150,__import__.stock_production_lot_160636A_5430150
__import__.stock_inventory_line_160643E_0383414,__import__.location_loc_GF10B4,19,__import__.product_0383414,__import__.stock_production_lot_160643E_0383414
__import__.stock_inventory_line_160701_5400015,__import__.location_loc_EXA600,14,__import__.product_5400015,__import__.stock_production_lot_160701_5400015
__import__.stock_inventory_line_1607022_2543049,__import__.location_loc_GBH401,6,__import__.product_2543049,__import__.stock_production_lot_1607022_2543049
__import__.stock_inventory_line_160704B_5055143,__import__.location_loc_GC26A1,139,__import__.product_5055143,__import__.stock_production_lot_160704B_5055143
__import__.stock_inventory_line_16070410_5110021,__import__.location_loc_GBK513,431,__import__.product_5110021,__import__.stock_production_lot_16070410_5110021
__import__.stock_inventory_line_160707A_8014740,__import__.location_loc_GC31D3,4,__import__.product_8014740,__import__.stock_production_lot_160707A_8014740
__import__.stock_inventory_line_160709H_5002526,__import__.location_loc_GGC101,1,__import__.product_5002526,__import__.stock_production_lot_160709H_5002526
__import__.stock_inventory_line_160716_8270069,__import__.location_loc_GC20A1,5,__import__.product_8270069,__import__.stock_production_lot_160716_8270069
__import__.stock_inventory_line_160719_5021519,__import__.location_loc_EXA500,8,__import__.product_5021519,__import__.stock_production_lot_160719_5021519
__import__.stock_inventory_line_160720103_2860187,__import__.location_loc_GC12D1,12,__import__.product_2860187,__import__.stock_production_lot_160720103_2860187
__import__.stock_inventory_line_160725_8285692,__import__.location_loc_GC08B1,27,__import__.product_8285692,__import__.stock_production_lot_160725_8285692
__import__.stock_inventory_line_16072609V_8373723,__import__.location_loc_EOD141,1,__import__.product_8373723,__import__.stock_production_lot_16072609V_8373723
__import__.stock_inventory_line_16072757_6446013,__import__.location_loc_GC19A2,20,__import__.product_6446013,__import__.stock_production_lot_16072757_6446013
__import__.stock_inventory_line_16072758_6446010,__import__.location_loc_GC30D4,2,__import__.product_6446010,__import__.stock_production_lot_16072758_6446010
__import__.stock_inventory_line_160733_1210186,__import__.location_loc_GD24E2,10,__import__.product_1210186,__import__.stock_production_lot_160733_1210186
__import__.stock_inventory_line_1608_8021935,__import__.location_loc_GD08C4,64,__import__.product_8021935,__import__.stock_production_lot_1608_8021935
__import__.stock_inventory_line_1608_3455395,__import__.location_loc_GE03G3,3,__import__.product_3455395,__import__.stock_production_lot_1608_3455395
__import__.stock_inventory_line_160805_5101519,__import__.location_loc_EXA600,1,__import__.product_5101519,__import__.stock_production_lot_160805_5101519
__import__.stock_inventory_line_160808A_8014740,__import__.location_loc_GC31D3,140,__import__.product_8014740,__import__.stock_production_lot_160808A_8014740
__import__.stock_inventory_line_160809H_5002525,__import__.location_loc_GC04B3,3,__import__.product_5002525,__import__.stock_production_lot_160809H_5002525
__import__.stock_inventory_line_160811_5042507,__import__.location_loc_GF30G9,3,__import__.product_5042507,__import__.stock_production_lot_160811_5042507
__import__.stock_inventory_line_160811B_8270156,__import__.location_loc_GC09E1,4,__import__.product_8270156,__import__.stock_production_lot_160811B_8270156
__import__.stock_inventory_line_160820A_2553220,__import__.location_loc_GBS301,1,__import__.product_2553220,__import__.stock_production_lot_160820A_2553220
__import__.stock_inventory_line_160825_8285597,__import__.location_loc_GC24A2,5,__import__.product_8285597,__import__.stock_production_lot_160825_8285597
__import__.stock_inventory_line_160829B_8270157,__import__.location_loc_GC11B1,75,__import__.product_8270157,__import__.stock_production_lot_160829B_8270157
__import__.stock_inventory_line_160830D_6356011,__import__.location_loc_GC14B3,2,__import__.product_6356011,__import__.stock_production_lot_160830D_6356011
__import__.stock_inventory_line_1608306_5042504,__import__.location_loc_GD24D6,13,__import__.product_5042504,__import__.stock_production_lot_1608306_5042504
__import__.stock_inventory_line_1609_8334410,__import__.location_loc_GD27B2,5,__import__.product_8334410,__import__.stock_production_lot_1609_8334410
__import__.stock_inventory_line_1609_8270100,__import__.location_loc_GD10B3,3,__import__.product_8270100,__import__.stock_production_lot_1609_8270100
__import__.stock_inventory_line_1609_7368001,__import__.location_loc_GD10D6,1,__import__.product_7368001,__import__.stock_production_lot_1609_7368001
__import__.stock_inventory_line_1609001_5405253,__import__.location_loc_GF20A4,1,__import__.product_5405253,__import__.stock_production_lot_1609001_5405253
__import__.stock_inventory_line_160901_5091157,__import__.location_loc_EOE175,1,__import__.product_5091157,__import__.stock_production_lot_160901_5091157
__import__.stock_inventory_line_160901_5091158,__import__.location_loc_EOB212,1,__import__.product_5091158,__import__.stock_production_lot_160901_5091158
__import__.stock_inventory_line_1609016_5405244,__import__.location_loc_GF13C3,1,__import__.product_5405244,__import__.stock_production_lot_1609016_5405244
__import__.stock_inventory_line_160906_8270069,__import__.location_loc_GC20A1,60,__import__.product_8270069,__import__.stock_production_lot_160906_8270069
__import__.stock_inventory_line_160906J_8002518,__import__.location_loc_GL17B2,7,__import__.product_8002518,__import__.stock_production_lot_160906J_8002518
__import__.stock_inventory_line_1609083_3033123,__import__.location_loc_GAA220,479,__import__.product_3033123,__import__.stock_production_lot_1609083_3033123
__import__.stock_inventory_line_160910B_8270156,__import__.location_loc_GC09E1,40,__import__.product_8270156,__import__.stock_production_lot_160910B_8270156
__import__.stock_inventory_line_160911B_8270156,__import__.location_loc_GC09E1,40,__import__.product_8270156,__import__.stock_production_lot_160911B_8270156
__import__.stock_inventory_line_160912SD_8063715,__import__.location_loc_GC31G3,54,__import__.product_8063715,__import__.stock_production_lot_160912SD_8063715
__import__.stock_inventory_line_1609127A_3033115,__import__.location_loc_GAI145,199,__import__.product_3033115,__import__.stock_production_lot_1609127A_3033115
__import__.stock_inventory_line_160915_8270069,__import__.location_loc_GC20A1,32,__import__.product_8270069,__import__.stock_production_lot_160915_8270069
__import__.stock_inventory_line_1609203038_6864888,__import__.location_loc_GF26G6,7,__import__.product_6864888,__import__.stock_production_lot_1609203038_6864888
__import__.stock_inventory_line_16092251_6446010,__import__.location_loc_GC30D4,27,__import__.product_6446010,__import__.stock_production_lot_16092251_6446010
__import__.stock_inventory_line_16092252_6446012,__import__.location_loc_GC19C2,29,__import__.product_6446012,__import__.stock_production_lot_16092252_6446012
__import__.stock_inventory_line_160923N_8058683,__import__.location_loc_GC08B3,2,__import__.product_8058683,__import__.stock_production_lot_160923N_8058683
__import__.stock_inventory_line_160925_5150003,__import__.location_loc_GD10C5,12,__import__.product_5150003,__import__.stock_production_lot_160925_5150003
__import__.stock_inventory_line_160925_8285700,__import__.location_loc_GC25B3,15,__import__.product_8285700,__import__.stock_production_lot_160925_8285700
__import__.stock_inventory_line_160929C_8270067,__import__.location_loc_GC10D2,1,__import__.product_8270067,__import__.stock_production_lot_160929C_8270067
__import__.stock_inventory_line_1609306181_5042541,__import__.location_loc_GE13A3,1,__import__.product_5042541,__import__.stock_production_lot_1609306181_5042541
__import__.stock_inventory_line_1609548504_1010280,__import__.location_loc_GD28D3,1,__import__.product_1010280,__import__.stock_production_lot_1609548504_1010280
__import__.stock_inventory_line_160962_8330046,__import__.location_loc_GBP311,11,__import__.product_8330046,__import__.stock_production_lot_160962_8330046
__import__.stock_inventory_line_160969_8270105,__import__.location_loc_GL03A1,8,__import__.product_8270105,__import__.stock_production_lot_160969_8270105
__import__.stock_inventory_line_160988_2382737,__import__.location_loc_GBI304,12,__import__.product_2382737,__import__.stock_production_lot_160988_2382737
__import__.stock_inventory_line_1610BA0007_7080657,__import__.location_loc_GD23B6,1,__import__.product_7080657,__import__.stock_production_lot_1610BA0007_7080657
__import__.stock_inventory_line_1610004_5405254,__import__.location_loc_GF20B2,3,__import__.product_5405254,__import__.stock_production_lot_1610004_5405254
__import__.stock_inventory_line_161007_8003096,__import__.location_loc_GH11D2,3,__import__.product_8003096,__import__.stock_production_lot_161007_8003096
__import__.stock_inventory_line_16101_8238787,__import__.location_loc_QFC220,1,__import__.product_8238787,__import__.stock_production_lot_16101_8238787
__import__.stock_inventory_line_161014_8000100,__import__.location_loc_GC16C5,27,__import__.product_8000100,__import__.stock_production_lot_161014_8000100
__import__.stock_inventory_line_161014B_8202884,__import__.location_loc_GD27D5,2,__import__.product_8202884,__import__.stock_production_lot_161014B_8202884
__import__.stock_inventory_line_161017SA_8270073,__import__.location_loc_GC13B6,191,__import__.product_8270073,__import__.stock_production_lot_161017SA_8270073
__import__.stock_inventory_line_16102140_5090339,__import__.location_loc_GL05A5,24,__import__.product_5090339,__import__.stock_production_lot_16102140_5090339
__import__.stock_inventory_line_161025_5271838,__import__.location_loc_GC13A2,22,__import__.product_5271838,__import__.stock_production_lot_161025_5271838
__import__.stock_inventory_line_161042E_2710804,__import__.location_loc_GE23C3,21,__import__.product_2710804,__import__.stock_production_lot_161042E_2710804
__import__.stock_inventory_line_161045E_2833929,__import__.location_loc_GF11B4,35,__import__.product_2833929,__import__.stock_production_lot_161045E_2833929
__import__.stock_inventory_line_161053613_1813630,__import__.location_loc_GD23D1,2,__import__.product_1813630,__import__.stock_production_lot_161053613_1813630
__import__.stock_inventory_line_161090_3271863,__import__.location_loc_GC07G2,12,__import__.product_3271863,__import__.stock_production_lot_161090_3271863
__import__.stock_inventory_line_161101D_6352225,__import__.location_loc_GC32C2,657,__import__.product_6352225,__import__.stock_production_lot_161101D_6352225
__import__.stock_inventory_line_1611017_5405253,__import__.location_loc_GF20A4,2,__import__.product_5405253,__import__.stock_production_lot_1611017_5405253
__import__.stock_inventory_line_1611025_5405256,__import__.location_loc_GE07A7,3,__import__.product_5405256,__import__.stock_production_lot_1611025_5405256
__import__.stock_inventory_line_161105C_8270067,__import__.location_loc_GC10D2,2,__import__.product_8270067,__import__.stock_production_lot_161105C_8270067
__import__.stock_inventory_line_1611066_8101545,__import__.location_loc_GGM102,2,__import__.product_8101545,__import__.stock_production_lot_1611066_8101545
__import__.stock_inventory_line_161107_8003096,__import__.location_loc_GH11D2,5,__import__.product_8003096,__import__.stock_production_lot_161107_8003096
__import__.stock_inventory_line_161107_8003073,__import__.location_loc_GE15A2,5,__import__.product_8003073,__import__.stock_production_lot_161107_8003073
__import__.stock_inventory_line_161109_1751577,__import__.location_loc_GBI505,89,__import__.product_1751577,__import__.stock_production_lot_161109_1751577
__import__.stock_inventory_line_161109_5161512,__import__.location_loc_GZZ401,2,__import__.product_5161512,__import__.stock_production_lot_161109_5161512
__import__.stock_inventory_line_16111SM_5230350,__import__.location_loc_GF18C3,12,__import__.product_5230350,__import__.stock_production_lot_16111SM_5230350
__import__.stock_inventory_line_161111A_8014740,__import__.location_loc_GC31D3,5,__import__.product_8014740,__import__.stock_production_lot_161111A_8014740
__import__.stock_inventory_line_161111A_8014740,__import__.location_loc_GC31D3,5,__import__.product_8014740,__import__.stock_production_lot_161111A_8014740
__import__.stock_inventory_line_161113_8000057,__import__.location_loc_GD30D6,9,__import__.product_8000057,__import__.stock_production_lot_161113_8000057
__import__.stock_inventory_line_161113046_3550506,__import__.location_loc_GF23A5,47,__import__.product_3550506,__import__.stock_production_lot_161113046_3550506
__import__.stock_inventory_line_161114J_8002518,__import__.location_loc_GL17B2,2,__import__.product_8002518,__import__.stock_production_lot_161114J_8002518
__import__.stock_inventory_line_161116B_3045507,__import__.location_loc_GD22A1,1,__import__.product_3045507,__import__.stock_production_lot_161116B_3045507
__import__.stock_inventory_line_161116419C_3508181,__import__.location_loc_GBY203,210,__import__.product_3508181,__import__.stock_production_lot_161116419C_3508181
__import__.stock_inventory_line_161118N_5140912,__import__.location_loc_GC12A3,5,__import__.product_5140912,__import__.stock_production_lot_161118N_5140912
__import__.stock_inventory_line_161125_8285657,__import__.location_loc_GD27A2,3,__import__.product_8285657,__import__.stock_production_lot_161125_8285657
__import__.stock_inventory_line_1611295_8002300,__import__.location_loc_GL13B3,1,__import__.product_8002300,__import__.stock_production_lot_1611295_8002300
__import__.stock_inventory_line_161154_3152659,__import__.location_loc_GE01B5,23,__import__.product_3152659,__import__.stock_production_lot_161154_3152659
__import__.stock_inventory_line_161157A_2553212,__import__.location_loc_GBP301,20,__import__.product_2553212,__import__.stock_production_lot_161157A_2553212
__import__.stock_inventory_line_1611589304_1010340,__import__.location_loc_GD29B5,2,__import__.product_1010340,__import__.stock_production_lot_1611589304_1010340
__import__.stock_inventory_line_161181A_2553238,__import__.location_loc_GC15A2,20,__import__.product_2553238,__import__.stock_production_lot_161181A_2553238
__import__.stock_inventory_line_1612_2735983,__import__.location_loc_GE21B3,8,__import__.product_2735983,__import__.stock_production_lot_1612_2735983
__import__.stock_inventory_line_161204_1500025,__import__.location_loc_GC03E7,1,__import__.product_1500025,__import__.stock_production_lot_161204_1500025
__import__.stock_inventory_line_161205E_8270206,__import__.location_loc_GC06D5,4,__import__.product_8270206,__import__.stock_production_lot_161205E_8270206
__import__.stock_inventory_line_161207_8003127,__import__.location_loc_GF24E2,3,__import__.product_8003127,__import__.stock_production_lot_161207_8003127
__import__.stock_inventory_line_161207_5121330,__import__.location_loc_GD22E4,5,__import__.product_5121330,__import__.stock_production_lot_161207_5121330
__import__.stock_inventory_line_161208SA_8270161,__import__.location_loc_GC09D1,15,__import__.product_8270161,__import__.stock_production_lot_161208SA_8270161
__import__.stock_inventory_line_16121391A_1120872,__import__.location_loc_GF26A5,1,__import__.product_1120872,__import__.stock_production_lot_16121391A_1120872
__import__.stock_inventory_line_16121488131_3191616,__import__.location_loc_GL11A4,17,__import__.product_3191616,__import__.stock_production_lot_16121488131_3191616
__import__.stock_inventory_line_16121488132_3191616,__import__.location_loc_GL11A4,150,__import__.product_3191616,__import__.stock_production_lot_16121488132_3191616
__import__.stock_inventory_line_161216_5354605,__import__.location_loc_GGP102,2,__import__.product_5354605,__import__.stock_production_lot_161216_5354605
__import__.stock_inventory_line_161216S_8270065,__import__.location_loc_GK03B5,36,__import__.product_8270065,__import__.stock_production_lot_161216S_8270065
__import__.stock_inventory_line_161218C_8270067,__import__.location_loc_GC10D2,4,__import__.product_8270067,__import__.stock_production_lot_161218C_8270067
__import__.stock_inventory_line_161219H_5002525,__import__.location_loc_GC04B3,1,__import__.product_5002525,__import__.stock_production_lot_161219H_5002525
__import__.stock_inventory_line_161221SD_8270161,__import__.location_loc_GC09D1,22,__import__.product_8270161,__import__.stock_production_lot_161221SD_8270161
__import__.stock_inventory_line_16122622_5090339,__import__.location_loc_GL05A5,33,__import__.product_5090339,__import__.stock_production_lot_16122622_5090339
__import__.stock_inventory_line_161235_5610557,__import__.location_loc_GF20E5,1,__import__.product_5610557,__import__.stock_production_lot_161235_5610557
__import__.stock_inventory_line_161235_3495520,__import__.location_loc_GBD211,48,__import__.product_3495520,__import__.stock_production_lot_161235_3495520
__import__.stock_inventory_line_161246C_3045507,__import__.location_loc_GD22A1,1,__import__.product_3045507,__import__.stock_production_lot_161246C_3045507
__import__.stock_inventory_line_161247E_3045523,__import__.location_loc_GE15E3,2,__import__.product_3045523,__import__.stock_production_lot_161247E_3045523
__import__.stock_inventory_line_161250C_2727600,__import__.location_loc_GF13D4,3,__import__.product_2727600,__import__.stock_production_lot_161250C_2727600
__import__.stock_inventory_line_1612595804_1010290,__import__.location_loc_GD03A3,2,__import__.product_1010290,__import__.stock_production_lot_1612595804_1010290
__import__.stock_inventory_line_1612595804_1010320,__import__.location_loc_GGE409,1,__import__.product_1010320,__import__.stock_production_lot_1612595804_1010320
__import__.stock_inventory_line_1612595804_1010330,__import__.location_loc_GE21C3,2,__import__.product_1010330,__import__.stock_production_lot_1612595804_1010330
__import__.stock_inventory_line_1612607104_1010320,__import__.location_loc_GGE409,1,__import__.product_1010320,__import__.stock_production_lot_1612607104_1010320
__import__.stock_inventory_line_161296G_2553196,__import__.location_loc_GBI503,19,__import__.product_2553196,__import__.stock_production_lot_161296G_2553196
__import__.stock_inventory_line_161345B_3256138,__import__.location_loc_GF32C5,15,__import__.product_3256138,__import__.stock_production_lot_161345B_3256138
__import__.stock_inventory_line_161355_3152667,__import__.location_loc_GD06D3,9,__import__.product_3152667,__import__.stock_production_lot_161355_3152667
__import__.stock_inventory_line_1615_3111622,__import__.location_loc_GE09B5,161,__import__.product_3111622,__import__.stock_production_lot_1615_3111622
__import__.stock_inventory_line_161560A_2710804,__import__.location_loc_GE23C3,5,__import__.product_2710804,__import__.stock_production_lot_161560A_2710804
__import__.stock_inventory_line_161561D_2710796,__import__.location_loc_GGS403,39,__import__.product_2710796,__import__.stock_production_lot_161561D_2710796
__import__.stock_inventory_line_161617671_3078755,__import__.location_loc_GK02A2,11,__import__.product_3078755,__import__.stock_production_lot_161617671_3078755
__import__.stock_inventory_line_161638_5043800,__import__.location_loc_QCD120,121,__import__.product_5043800,__import__.stock_production_lot_161638_5043800
__import__.stock_inventory_line_1616510_3050499,__import__.location_loc_GF30A3,3,__import__.product_3050499,__import__.stock_production_lot_1616510_3050499
__import__.stock_inventory_line_1616604_3050499,__import__.location_loc_GF30A3,2,__import__.product_3050499,__import__.stock_production_lot_1616604_3050499
__import__.stock_inventory_line_161781_5043801,__import__.location_loc_QFE230,594,__import__.product_5043801,__import__.stock_production_lot_161781_5043801
__import__.stock_inventory_line_161781_5043800,__import__.location_loc_QCD120,96,__import__.product_5043800,__import__.stock_production_lot_161781_5043800
__import__.stock_inventory_line_161815_1211366,__import__.location_loc_QCC210,52,__import__.product_1211366,__import__.stock_production_lot_161815_1211366
__import__.stock_inventory_line_161819_8024052,__import__.location_loc_GC05E3,1,__import__.product_8024052,__import__.stock_production_lot_161819_8024052
__import__.stock_inventory_line_16197P_5259800,__import__.location_loc_GD23A2,2,__import__.product_5259800,__import__.stock_production_lot_16197P_5259800
__import__.stock_inventory_line_1620473_5184102,__import__.location_loc_GK12B7,105,__import__.product_5184102,__import__.stock_production_lot_1620473_5184102
__import__.stock_inventory_line_16207934_8207841,__import__.location_loc_GE01F3,2,__import__.product_8207841,__import__.stock_production_lot_16207934_8207841
__import__.stock_inventory_line_162091_5070403,__import__.location_loc_GH07C1,1,__import__.product_5070403,__import__.stock_production_lot_162091_5070403
__import__.stock_inventory_line_162141_4341092,__import__.location_loc_GD02G6,3,__import__.product_4341092,__import__.stock_production_lot_162141_4341092
__import__.stock_inventory_line_162224E_2637577,__import__.location_loc_GBC205,103,__import__.product_2637577,__import__.stock_production_lot_162224E_2637577
__import__.stock_inventory_line_162224J_2637593,__import__.location_loc_GBK307,45,__import__.product_2637593,__import__.stock_production_lot_162224J_2637593
__import__.stock_inventory_line_1622670_5184102,__import__.location_loc_GK12B7,83,__import__.product_5184102,__import__.stock_production_lot_1622670_5184102
__import__.stock_inventory_line_162272_8336604,__import__.location_loc_GF30D5,8,__import__.product_8336604,__import__.stock_production_lot_162272_8336604
__import__.stock_inventory_line_16232G_5259807,__import__.location_loc_GF28C5,2,__import__.product_5259807,__import__.stock_production_lot_16232G_5259807
__import__.stock_inventory_line_16232G_5259806,__import__.location_loc_GGR206,58,__import__.product_5259806,__import__.stock_production_lot_16232G_5259806
__import__.stock_inventory_line_162340A_2727626,__import__.location_loc_GBB301,8,__import__.product_2727626,__import__.stock_production_lot_162340A_2727626
__import__.stock_inventory_line_162435A_3550431,__import__.location_loc_GD19A3,20,__import__.product_3550431,__import__.stock_production_lot_162435A_3550431
__import__.stock_inventory_line_162462_5043801,__import__.location_loc_QFE230,632,__import__.product_5043801,__import__.stock_production_lot_162462_5043801
__import__.stock_inventory_line_162462_3439619,__import__.location_loc_GD30D5,12,__import__.product_3439619,__import__.stock_production_lot_162462_3439619
__import__.stock_inventory_line_162462A_3439635,__import__.location_loc_GD32E5,20,__import__.product_3439635,__import__.stock_production_lot_162462A_3439635
__import__.stock_inventory_line_16249H_2340453,__import__.location_loc_GF12C5,130,__import__.product_2340453,__import__.stock_production_lot_16249H_2340453
__import__.stock_inventory_line_1625104_5042503,__import__.location_loc_GD30E5,4,__import__.product_5042503,__import__.stock_production_lot_1625104_5042503
__import__.stock_inventory_line_162849_1413020,__import__.location_loc_GBF102,3,__import__.product_1413020,__import__.stock_production_lot_162849_1413020
__import__.stock_inventory_line_1629101_5042533,__import__.location_loc_GH11C2,8,__import__.product_5042533,__import__.stock_production_lot_1629101_5042533
__import__.stock_inventory_line_16293646_8038114,__import__.location_loc_GC23B1,4,__import__.product_8038114,__import__.stock_production_lot_16293646_8038114
__import__.stock_inventory_line_162957671_3078755,__import__.location_loc_GK02A2,35,__import__.product_3078755,__import__.stock_production_lot_162957671_3078755
__import__.stock_inventory_line_16296003F_2756765,__import__.location_loc_GD28D5,4,__import__.product_2756765,__import__.stock_production_lot_16296003F_2756765
__import__.stock_inventory_line_162988_5610569,__import__.location_loc_GC22B1,1,__import__.product_5610569,__import__.stock_production_lot_162988_5610569
__import__.stock_inventory_line_163151_2970853,__import__.location_loc_GF11D5,3,__import__.product_2970853,__import__.stock_production_lot_163151_2970853
__import__.stock_inventory_line_163155_1411375,__import__.location_loc_GD22C6,34,__import__.product_1411375,__import__.stock_production_lot_163155_1411375
__import__.stock_inventory_line_163156_1413082,__import__.location_loc_GBI402,47,__import__.product_1413082,__import__.stock_production_lot_163156_1413082
__import__.stock_inventory_line_163319_8024052,__import__.location_loc_GC05E3,11,__import__.product_8024052,__import__.stock_production_lot_163319_8024052
__import__.stock_inventory_line_1633405_5042506,__import__.location_loc_GGT404,4,__import__.product_5042506,__import__.stock_production_lot_1633405_5042506
__import__.stock_inventory_line_163385_1211200,__import__.location_loc_GBH102,10,__import__.product_1211200,__import__.stock_production_lot_163385_1211200
__import__.stock_inventory_line_163412_2270403,__import__.location_loc_GBD105,69,__import__.product_2270403,__import__.stock_production_lot_163412_2270403
__import__.stock_inventory_line_16350_7976371,__import__.location_loc_GH11E4,8,__import__.product_7976371,__import__.stock_production_lot_16350_7976371
__import__.stock_inventory_line_16354L_5042509,__import__.location_loc_GH11B5,8,__import__.product_5042509,__import__.stock_production_lot_16354L_5042509
__import__.stock_inventory_line_16357ENTE_2564730,__import__.location_loc_GGB405,21,__import__.product_2564730,__import__.stock_production_lot_16357ENTE_2564730
__import__.stock_inventory_line_163651_2768026,__import__.location_loc_GC09D2,37,__import__.product_2768026,__import__.stock_production_lot_163651_2768026
__import__.stock_inventory_line_16374239_8038114,__import__.location_loc_GC23B1,60,__import__.product_8038114,__import__.stock_production_lot_16374239_8038114
__import__.stock_inventory_line_16375401_2837243,__import__.location_loc_GK14A5,90,__import__.product_2837243,__import__.stock_production_lot_16375401_2837243
__import__.stock_inventory_line_163819_6710725,__import__.location_loc_QEC130,25,__import__.product_6710725,__import__.stock_production_lot_163819_6710725
__import__.stock_inventory_line_16382410_2837268,__import__.location_loc_GK11A2,11,__import__.product_2837268,__import__.stock_production_lot_16382410_2837268
__import__.stock_inventory_line_16383_5430050,__import__.location_loc_GAD230,6,__import__.product_5430050,__import__.stock_production_lot_16383_5430050
__import__.stock_inventory_line_163872_2271120,__import__.location_loc_GBS304,1,__import__.product_2271120,__import__.stock_production_lot_163872_2271120
__import__.stock_inventory_line_16393003_8207841,__import__.location_loc_GE01F3,12,__import__.product_8207841,__import__.stock_production_lot_16393003_8207841
__import__.stock_inventory_line_163973_5969000,__import__.location_loc_GE14A4,8,__import__.product_5969000,__import__.stock_production_lot_163973_5969000
__import__.stock_inventory_line_16401707_1401694,__import__.location_loc_GD04F6,4,__import__.product_1401694,__import__.stock_production_lot_16401707_1401694
__import__.stock_inventory_line_164049_2947760,__import__.location_loc_GE09A6,4,__import__.product_2947760,__import__.stock_production_lot_164049_2947760
__import__.stock_inventory_line_164049_2947752,__import__.location_loc_GE07D2,42,__import__.product_2947752,__import__.stock_production_lot_164049_2947752
__import__.stock_inventory_line_1640560_3022563,__import__.location_loc_GE13G2,1,__import__.product_3022563,__import__.stock_production_lot_1640560_3022563
__import__.stock_inventory_line_164065_2947778,__import__.location_loc_GC05D2,76,__import__.product_2947778,__import__.stock_production_lot_164065_2947778
__import__.stock_inventory_line_1641A1_7910041,__import__.location_loc_GI13A3,1121,__import__.product_7910041,__import__.stock_production_lot_1641A1_7910041
__import__.stock_inventory_line_16421707_1074269,__import__.location_loc_GC13G8,4,__import__.product_1074269,__import__.stock_production_lot_16421707_1074269
__import__.stock_inventory_line_164290_5263021,__import__.location_loc_GC10D4,1,__import__.product_5263021,__import__.stock_production_lot_164290_5263021
__import__.stock_inventory_line_16429384_8038137,__import__.location_loc_GC19D2,-20,__import__.product_8038137,__import__.stock_production_lot_16429384_8038137
__import__.stock_inventory_line_164463_4741294,__import__.location_loc_GGD404,1,__import__.product_4741294,__import__.stock_production_lot_164463_4741294
__import__.stock_inventory_line_164563_4741294,__import__.location_loc_GGD404,3,__import__.product_4741294,__import__.stock_production_lot_164563_4741294
__import__.stock_inventory_line_16462_8027777,__import__.location_loc_GAC200,11,__import__.product_8027777,__import__.stock_production_lot_16462_8027777
__import__.stock_inventory_line_16473407_3083789,__import__.location_loc_GK01A3,16,__import__.product_3083789,__import__.stock_production_lot_16473407_3083789
__import__.stock_inventory_line_16477795_8038120,__import__.location_loc_GC21D2,1,__import__.product_8038120,__import__.stock_production_lot_16477795_8038120
__import__.stock_inventory_line_16488301_8038120,__import__.location_loc_GC21D2,63,__import__.product_8038120,__import__.stock_production_lot_16488301_8038120
__import__.stock_inventory_line_1650B_5924500,__import__.location_loc_GC08D3,1,__import__.product_5924500,__import__.stock_production_lot_1650B_5924500
__import__.stock_inventory_line_1651550_5184004,__import__.location_loc_GK11B4,600,__import__.product_5184004,__import__.stock_production_lot_1651550_5184004
__import__.stock_inventory_line_1652747_1271741,__import__.location_loc_GE23D1,28,__import__.product_1271741,__import__.stock_production_lot_1652747_1271741
__import__.stock_inventory_line_1653A1_7910041,__import__.location_loc_GI13A3,3006,__import__.product_7910041,__import__.stock_production_lot_1653A1_7910041
__import__.stock_inventory_line_166047D_2094316,__import__.location_loc_GBU104,1,__import__.product_2094316,__import__.stock_production_lot_166047D_2094316
__import__.stock_inventory_line_166510_1211374,__import__.location_loc_QAC220,63,__import__.product_1211374,__import__.stock_production_lot_166510_1211374
__import__.stock_inventory_line_166739G_6765809,__import__.location_loc_GC15D6,7,__import__.product_6765809,__import__.stock_production_lot_166739G_6765809
__import__.stock_inventory_line_166843B_2094316,__import__.location_loc_GBU104,48,__import__.product_2094316,__import__.stock_production_lot_166843B_2094316
__import__.stock_inventory_line_167192E_7762262,__import__.location_loc_GBV205,73,__import__.product_7762262,__import__.stock_production_lot_167192E_7762262
__import__.stock_inventory_line_169A1_2935773,__import__.location_loc_GF13C2,4,__import__.product_2935773,__import__.stock_production_lot_169A1_2935773
__import__.stock_inventory_line_169818_2271112,__import__.location_loc_GGE204,222,__import__.product_2271112,__import__.stock_production_lot_169818_2271112
__import__.stock_inventory_line_169848_2271104,__import__.location_loc_GBP217,170,__import__.product_2271104,__import__.stock_production_lot_169848_2271104
__import__.stock_inventory_line_169862_2271138,__import__.location_loc_GBT217,37,__import__.product_2271138,__import__.stock_production_lot_169862_2271138
__import__.stock_inventory_line_17AB4_7368950,__import__.location_loc_GH11B7,4,__import__.product_7368950,__import__.stock_production_lot_17AB4_7368950
__import__.stock_inventory_line_17AQ211_2619278,__import__.location_loc_GGF104,5,__import__.product_2619278,__import__.stock_production_lot_17AQ211_2619278
__import__.stock_inventory_line_17A001A_0064014,__import__.location_loc_GAD410,21,__import__.product_0064014,__import__.stock_production_lot_17A001A_0064014
__import__.stock_inventory_line_17A02_2874840,__import__.location_loc_GD28D2,8,__import__.product_2874840,__import__.stock_production_lot_17A02_2874840
__import__.stock_inventory_line_17A02A24A24_5080401,__import__.location_loc_GD05A1,19,__import__.product_5080401,__import__.stock_production_lot_17A02A24A24_5080401
__import__.stock_inventory_line_17A032_3443249,__import__.location_loc_EPH030,8,__import__.product_3443249,__import__.stock_production_lot_17A032_3443249
__import__.stock_inventory_line_17A04_2874857,__import__.location_loc_GD20D3,58,__import__.product_2874857,__import__.stock_production_lot_17A04_2874857
__import__.stock_inventory_line_17A04_2874865,__import__.location_loc_GE12C2,23,__import__.product_2874865,__import__.stock_production_lot_17A04_2874865
__import__.stock_inventory_line_17A052_2710846,__import__.location_loc_GD02F7,108,__import__.product_2710846,__import__.stock_production_lot_17A052_2710846
__import__.stock_inventory_line_17A06_3047271,__import__.location_loc_GC16C3,10,__import__.product_3047271,__import__.stock_production_lot_17A06_3047271
__import__.stock_inventory_line_17A066_3052685,__import__.location_loc_GD11C5,10,__import__.product_3052685,__import__.stock_production_lot_17A066_3052685
__import__.stock_inventory_line_17A07_3047305,__import__.location_loc_GF17A4,64,__import__.product_3047305,__import__.stock_production_lot_17A07_3047305
__import__.stock_inventory_line_17A08G8272_8330139,__import__.location_loc_GK17B3,5,__import__.product_8330139,__import__.stock_production_lot_17A08G8272_8330139
__import__.stock_inventory_line_17A08K8411_4097173,__import__.location_loc_GC24B1,374,__import__.product_4097173,__import__.stock_production_lot_17A08K8411_4097173
__import__.stock_inventory_line_17A09_2811412,__import__.location_loc_GF17D2,175,__import__.product_2811412,__import__.stock_production_lot_17A09_2811412
__import__.stock_inventory_line_17A09_7760336,__import__.location_loc_GC19C3,17,__import__.product_7760336,__import__.stock_production_lot_17A09_7760336
__import__.stock_inventory_line_17A09_6600873,__import__.location_loc_GAK130,7,__import__.product_6600873,__import__.stock_production_lot_17A09_6600873
__import__.stock_inventory_line_17A09B_7760335,__import__.location_loc_GBN203,6,__import__.product_7760335,__import__.stock_production_lot_17A09B_7760335
__import__.stock_inventory_line_17A09B_7760334,__import__.location_loc_GGB505,29,__import__.product_7760334,__import__.stock_production_lot_17A09B_7760334
__import__.stock_inventory_line_17A09B_2578326,__import__.location_loc_GGT502,8,__import__.product_2578326,__import__.stock_production_lot_17A09B_2578326
__import__.stock_inventory_line_17A09B_7760333,__import__.location_loc_GGL407,37,__import__.product_7760333,__import__.stock_production_lot_17A09B_7760333
__import__.stock_inventory_line_17A094_3126687,__import__.location_loc_GD24E6,14,__import__.product_3126687,__import__.stock_production_lot_17A094_3126687
__import__.stock_inventory_line_17A11_7760306,__import__.location_loc_GC32D2,29,__import__.product_7760306,__import__.stock_production_lot_17A11_7760306
__import__.stock_inventory_line_17A11D_2992832,__import__.location_loc_GBI202,3,__import__.product_2992832,__import__.stock_production_lot_17A11D_2992832
__import__.stock_inventory_line_17A11E_2992816,__import__.location_loc_GD17C3,1,__import__.product_2992816,__import__.stock_production_lot_17A11E_2992816
__import__.stock_inventory_line_17A12_2811396,__import__.location_loc_GGI402,89,__import__.product_2811396,__import__.stock_production_lot_17A12_2811396
__import__.stock_inventory_line_17A12_2811388,__import__.location_loc_GC31A5,22,__import__.product_2811388,__import__.stock_production_lot_17A12_2811388
__import__.stock_inventory_line_17A121_2876597,__import__.location_loc_GC06D2,36,__import__.product_2876597,__import__.stock_production_lot_17A121_2876597
__import__.stock_inventory_line_17A15_5760307,__import__.location_loc_EXA600,4,__import__.product_5760307,__import__.stock_production_lot_17A15_5760307
__import__.stock_inventory_line_17A16_2811438,__import__.location_loc_GD05B3,59,__import__.product_2811438,__import__.stock_production_lot_17A16_2811438
__import__.stock_inventory_line_17A16_2811420,__import__.location_loc_GC15C7,58,__import__.product_2811420,__import__.stock_production_lot_17A16_2811420
__import__.stock_inventory_line_17A16_2252310,__import__.location_loc_GGH307,8,__import__.product_2252310,__import__.stock_production_lot_17A16_2252310
__import__.stock_inventory_line_17A16590_6600818,__import__.location_loc_GC24D2,56,__import__.product_6600818,__import__.stock_production_lot_17A16590_6600818
__import__.stock_inventory_line_17A17_3420452,__import__.location_loc_GGU407,60,__import__.product_3420452,__import__.stock_production_lot_17A17_3420452
__import__.stock_inventory_line_17A1702C1_2935252,__import__.location_loc_GE22D4,3,__import__.product_2935252,__import__.stock_production_lot_17A1702C1_2935252
__import__.stock_inventory_line_17A18_3420478,__import__.location_loc_GC27E5,14,__import__.product_3420478,__import__.stock_production_lot_17A18_3420478
__import__.stock_inventory_line_17A1886_8294656,__import__.location_loc_QEC120,3,__import__.product_8294656,__import__.stock_production_lot_17A1886_8294656
__import__.stock_inventory_line_17A19_7760340,__import__.location_loc_GC28B2,4,__import__.product_7760340,__import__.stock_production_lot_17A19_7760340
__import__.stock_inventory_line_17A20A8571_4215095,__import__.location_loc_GGV401,1,__import__.product_4215095,__import__.stock_production_lot_17A20A8571_4215095
__import__.stock_inventory_line_17A23_5760346,__import__.location_loc_EXA400,2,__import__.product_5760346,__import__.stock_production_lot_17A23_5760346
__import__.stock_inventory_line_17A23G8261_8330168,__import__.location_loc_GC03D3,100,__import__.product_8330168,__import__.stock_production_lot_17A23G8261_8330168
__import__.stock_inventory_line_17A23G8316_8330122,__import__.location_loc_GC07B1,47,__import__.product_8330122,__import__.stock_production_lot_17A23G8316_8330122
__import__.stock_inventory_line_17A238_1575398,__import__.location_loc_GBL104,7,__import__.product_1575398,__import__.stock_production_lot_17A238_1575398
__import__.stock_inventory_line_17A24_5760314,__import__.location_loc_GC27B3,15,__import__.product_5760314,__import__.stock_production_lot_17A24_5760314
__import__.stock_inventory_line_17A243_3126703,__import__.location_loc_GD30B5,20,__import__.product_3126703,__import__.stock_production_lot_17A243_3126703
__import__.stock_inventory_line_17A244_6600860,__import__.location_loc_GBA311,133,__import__.product_6600860,__import__.stock_production_lot_17A244_6600860
__import__.stock_inventory_line_17A26_5760315,__import__.location_loc_GC15C2,5,__import__.product_5760315,__import__.stock_production_lot_17A26_5760315
__import__.stock_inventory_line_17A27_5760416,__import__.location_loc_EXA200,2,__import__.product_5760416,__import__.stock_production_lot_17A27_5760416
__import__.stock_inventory_line_17A28_5760318,__import__.location_loc_EXA300,7,__import__.product_5760318,__import__.stock_production_lot_17A28_5760318
__import__.stock_inventory_line_17A28_5760318,__import__.location_loc_EXA300,7,__import__.product_5760318,__import__.stock_production_lot_17A28_5760318
__import__.stock_inventory_line_17A3001C5_2980159,__import__.location_loc_GH07E5,71,__import__.product_2980159,__import__.stock_production_lot_17A3001C5_2980159
__import__.stock_inventory_line_17A31SV_9512056,__import__.location_loc_GD22E2,12,__import__.product_9512056,__import__.stock_production_lot_17A31SV_9512056
__import__.stock_inventory_line_17A46_6600827,__import__.location_loc_GGP406,1,__import__.product_6600827,__import__.stock_production_lot_17A46_6600827
__import__.stock_inventory_line_17BM7A_8108010,__import__.location_loc_GZZ308,1,__import__.product_8108010,__import__.stock_production_lot_17BM7A_8108010
__import__.stock_inventory_line_17BQ169_2163459,__import__.location_loc_GBM301,50,__import__.product_2163459,__import__.stock_production_lot_17BQ169_2163459
__import__.stock_inventory_line_17BQ171_0048181,__import__.location_loc_GGH407,15,__import__.product_0048181,__import__.stock_production_lot_17BQ171_0048181
__import__.stock_inventory_line_17B01G8903_5426909,__import__.location_loc_GC11E2,200,__import__.product_5426909,__import__.stock_production_lot_17B01G8903_5426909
__import__.stock_inventory_line_17B012_1662881,__import__.location_loc_GF10A3,15,__import__.product_1662881,__import__.stock_production_lot_17B012_1662881
__import__.stock_inventory_line_17B02012_3305703,__import__.location_loc_GF18B2,1,__import__.product_3305703,__import__.stock_production_lot_17B02012_3305703
__import__.stock_inventory_line_17B03_2943264,__import__.location_loc_GE15F3,2,__import__.product_2943264,__import__.stock_production_lot_17B03_2943264
__import__.stock_inventory_line_17B0305_5301136,__import__.location_loc_GGB404,4,__import__.product_5301136,__import__.stock_production_lot_17B0305_5301136
__import__.stock_inventory_line_17B0415_5301135,__import__.location_loc_GD32E1,4,__import__.product_5301135,__import__.stock_production_lot_17B0415_5301135
__import__.stock_inventory_line_17B06_3419751,__import__.location_loc_GF11B5,8,__import__.product_3419751,__import__.stock_production_lot_17B06_3419751
__import__.stock_inventory_line_17B063_2864262,__import__.location_loc_GD18C1,111,__import__.product_2864262,__import__.stock_production_lot_17B063_2864262
__import__.stock_inventory_line_17B06787_0458281,__import__.location_loc_GBH205,6,__import__.product_0458281,__import__.stock_production_lot_17B06787_0458281
__import__.stock_inventory_line_17B08_5197009,__import__.location_loc_GD28E1,1,__import__.product_5197009,__import__.stock_production_lot_17B08_5197009
__import__.stock_inventory_line_17B09689_1633171,__import__.location_loc_GF24F6,3,__import__.product_1633171,__import__.stock_production_lot_17B09689_1633171
__import__.stock_inventory_line_17B09801_1233014,__import__.location_loc_GD09C3,40,__import__.product_1233014,__import__.stock_production_lot_17B09801_1233014
__import__.stock_inventory_line_17B10A8571_4215095,__import__.location_loc_GGV401,1,__import__.product_4215095,__import__.stock_production_lot_17B10A8571_4215095
__import__.stock_inventory_line_17B10G8905_8189008,__import__.location_loc_GE08B3,233,__import__.product_8189008,__import__.stock_production_lot_17B10G8905_8189008
__import__.stock_inventory_line_17B14_6350330,__import__.location_loc_GL07A2,10,__import__.product_6350330,__import__.stock_production_lot_17B14_6350330
__import__.stock_inventory_line_17B14819_1455146,__import__.location_loc_GL17B5,2,__import__.product_1455146,__import__.stock_production_lot_17B14819_1455146
__import__.stock_inventory_line_17B15G8265_8330139,__import__.location_loc_GK17B3,185,__import__.product_8330139,__import__.stock_production_lot_17B15G8265_8330139
__import__.stock_inventory_line_17B21_1156876,__import__.location_loc_GAA210,82,__import__.product_1156876,__import__.stock_production_lot_17B21_1156876
__import__.stock_inventory_line_17B21_1761832,__import__.location_loc_GBF103,29,__import__.product_1761832,__import__.stock_production_lot_17B21_1761832
__import__.stock_inventory_line_17B2310D3_2718229,__import__.location_loc_QFC410,8,__import__.product_2718229,__import__.stock_production_lot_17B2310D3_2718229
__import__.stock_inventory_line_17B232_6600901,__import__.location_loc_GK02A3,253,__import__.product_6600901,__import__.stock_production_lot_17B232_6600901
__import__.stock_inventory_line_17B24_6600881,__import__.location_loc_GGU104,14,__import__.product_6600881,__import__.stock_production_lot_17B24_6600881
__import__.stock_inventory_line_17B25_6600881,__import__.location_loc_GGU104,50,__import__.product_6600881,__import__.stock_production_lot_17B25_6600881
__import__.stock_inventory_line_17B25G8382_5426907,__import__.location_loc_GD03D3,200,__import__.product_5426907,__import__.stock_production_lot_17B25G8382_5426907
__import__.stock_inventory_line_17B44_6600856,__import__.location_loc_GBT105,75,__import__.product_6600856,__import__.stock_production_lot_17B44_6600856
__import__.stock_inventory_line_17B47_6008859,__import__.location_loc_GBX507,28,__import__.product_6008859,__import__.stock_production_lot_17B47_6008859
__import__.stock_inventory_line_17B91_6600849,__import__.location_loc_GGD102,4,__import__.product_6600849,__import__.stock_production_lot_17B91_6600849
__import__.stock_inventory_line_17CQ165_2726370,__import__.location_loc_GBA401,116,__import__.product_2726370,__import__.stock_production_lot_17CQ165_2726370
__import__.stock_inventory_line_17C0118_5301138,__import__.location_loc_GE01B4,1,__import__.product_5301138,__import__.stock_production_lot_17C0118_5301138
__import__.stock_inventory_line_17C01769_6600841,__import__.location_loc_GD25B1,4,__import__.product_6600841,__import__.stock_production_lot_17C01769_6600841
__import__.stock_inventory_line_17C01769_6600842,__import__.location_loc_GBB102,13,__import__.product_6600842,__import__.stock_production_lot_17C01769_6600842
__import__.stock_inventory_line_17C0210C4_3086501,__import__.location_loc_GD08E1,12,__import__.product_3086501,__import__.stock_production_lot_17C0210C4_3086501
__import__.stock_inventory_line_17C03D07D07_5080411,__import__.location_loc_GGT203,1,__import__.product_5080411,__import__.stock_production_lot_17C03D07D07_5080411
__import__.stock_inventory_line_17C064_2725166,__import__.location_loc_GBM413,33,__import__.product_2725166,__import__.stock_production_lot_17C064_2725166
__import__.stock_inventory_line_17C07_2879542,__import__.location_loc_GBM501,83,__import__.product_2879542,__import__.stock_production_lot_17C07_2879542
__import__.stock_inventory_line_17C09041_2673973,__import__.location_loc_GE23D3,2,__import__.product_2673973,__import__.stock_production_lot_17C09041_2673973
__import__.stock_inventory_line_17C10_6279500,__import__.location_loc_GGB305,65,__import__.product_6279500,__import__.stock_production_lot_17C10_6279500
__import__.stock_inventory_line_17C13_1745017,__import__.location_loc_GF12D3,144,__import__.product_1745017,__import__.stock_production_lot_17C13_1745017
__import__.stock_inventory_line_17C13771_6600803,__import__.location_loc_GK13A3,1,__import__.product_6600803,__import__.stock_production_lot_17C13771_6600803
__import__.stock_inventory_line_17C14_2879559,__import__.location_loc_GGH502,13,__import__.product_2879559,__import__.stock_production_lot_17C14_2879559
__import__.stock_inventory_line_17C14_1112622,__import__.location_loc_GBP315,29,__import__.product_1112622,__import__.stock_production_lot_17C14_1112622
__import__.stock_inventory_line_17C1401C1_5584600,__import__.location_loc_QDC130,8,__import__.product_5584600,__import__.stock_production_lot_17C1401C1_5584600
__import__.stock_inventory_line_17C145_3109907,__import__.location_loc_QEA410,21,__import__.product_3109907,__import__.stock_production_lot_17C145_3109907
__import__.stock_inventory_line_17C14772_6600803,__import__.location_loc_GK13A3,15,__import__.product_6600803,__import__.stock_production_lot_17C14772_6600803
__import__.stock_inventory_line_17C15773_6600803,__import__.location_loc_GK13A3,15,__import__.product_6600803,__import__.stock_production_lot_17C15773_6600803
__import__.stock_inventory_line_17C16_0685909,__import__.location_loc_GF14A3,129,__import__.product_0685909,__import__.stock_production_lot_17C16_0685909
__import__.stock_inventory_line_17C16G8330_8188983,__import__.location_loc_GE12D4,150,__import__.product_8188983,__import__.stock_production_lot_17C16G8330_8188983
__import__.stock_inventory_line_17C161_3002813,__import__.location_loc_GD12C3,46,__import__.product_3002813,__import__.stock_production_lot_17C161_3002813
__import__.stock_inventory_line_17C17PV_9512054,__import__.location_loc_GF13D1,20,__import__.product_9512054,__import__.stock_production_lot_17C17PV_9512054
__import__.stock_inventory_line_17C177_1183318,__import__.location_loc_GBP207,16,__import__.product_1183318,__import__.stock_production_lot_17C177_1183318
__import__.stock_inventory_line_17C20_3443215,__import__.location_loc_GBD315,40,__import__.product_3443215,__import__.stock_production_lot_17C20_3443215
__import__.stock_inventory_line_17C20765_6600885,__import__.location_loc_GE14C4,58,__import__.product_6600885,__import__.stock_production_lot_17C20765_6600885
__import__.stock_inventory_line_17C20765_6600884,__import__.location_loc_GE20C2,22,__import__.product_6600884,__import__.stock_production_lot_17C20765_6600884
__import__.stock_inventory_line_17C21_3443231,__import__.location_loc_GBP401,50,__import__.product_3443231,__import__.stock_production_lot_17C21_3443231
__import__.stock_inventory_line_17C21767_6600886,__import__.location_loc_GL03A5,13,__import__.product_6600886,__import__.stock_production_lot_17C21767_6600886
__import__.stock_inventory_line_17C21775_6600801,__import__.location_loc_GGI203,35,__import__.product_6600801,__import__.stock_production_lot_17C21775_6600801
__import__.stock_inventory_line_17C22777_6600809,__import__.location_loc_GL06A3,48,__import__.product_6600809,__import__.stock_production_lot_17C22777_6600809
__import__.stock_inventory_line_17C23778_6600809,__import__.location_loc_GL06A3,3,__import__.product_6600809,__import__.stock_production_lot_17C23778_6600809
__import__.stock_inventory_line_17C27101_2673929,__import__.location_loc_GE30D3,5,__import__.product_2673929,__import__.stock_production_lot_17C27101_2673929
__import__.stock_inventory_line_17C272_2951549,__import__.location_loc_GGS305,36,__import__.product_2951549,__import__.stock_production_lot_17C272_2951549
__import__.stock_inventory_line_17C28G8315_8330122,__import__.location_loc_GC07B1,100,__import__.product_8330122,__import__.stock_production_lot_17C28G8315_8330122
__import__.stock_inventory_line_17C284_2433878,__import__.location_loc_GGE303,209,__import__.product_2433878,__import__.stock_production_lot_17C284_2433878
__import__.stock_inventory_line_17C293_2864239,__import__.location_loc_GGT204,9,__import__.product_2864239,__import__.stock_production_lot_17C293_2864239
__import__.stock_inventory_line_17C30_6600864,__import__.location_loc_GAC420,15,__import__.product_6600864,__import__.stock_production_lot_17C30_6600864
__import__.stock_inventory_line_17C301_2951531,__import__.location_loc_GBB405,44,__import__.product_2951531,__import__.stock_production_lot_17C301_2951531
__import__.stock_inventory_line_17C31G8901_8189008,__import__.location_loc_GE08B3,2,__import__.product_8189008,__import__.stock_production_lot_17C31G8901_8189008
__import__.stock_inventory_line_17C3192048_5498218,__import__.location_loc_GC03C7,7,__import__.product_5498218,__import__.stock_production_lot_17C3192048_5498218
__import__.stock_inventory_line_17C56_3508371,__import__.location_loc_GH09D6,30,__import__.product_3508371,__import__.stock_production_lot_17C56_3508371
__import__.stock_inventory_line_17C56_3508389,__import__.location_loc_GD12D1,8,__import__.product_3508389,__import__.stock_production_lot_17C56_3508389
__import__.stock_inventory_line_17C57_3508405,__import__.location_loc_GGR101,7,__import__.product_3508405,__import__.stock_production_lot_17C57_3508405
__import__.stock_inventory_line_17C57_3508397,__import__.location_loc_GF20E4,40,__import__.product_3508397,__import__.stock_production_lot_17C57_3508397
__import__.stock_inventory_line_17C58_3508413,__import__.location_loc_GE03F1,10,__import__.product_3508413,__import__.stock_production_lot_17C58_3508413
__import__.stock_inventory_line_17C58_3508421,__import__.location_loc_GE05F8,4,__import__.product_3508421,__import__.stock_production_lot_17C58_3508421
__import__.stock_inventory_line_17C59_3508439,__import__.location_loc_GE03A4,9,__import__.product_3508439,__import__.stock_production_lot_17C59_3508439
__import__.stock_inventory_line_17C59_3508447,__import__.location_loc_GE04A1,3,__import__.product_3508447,__import__.stock_production_lot_17C59_3508447
__import__.stock_inventory_line_17D02D12D12_5080404,__import__.location_loc_GC01A1,6,__import__.product_5080404,__import__.stock_production_lot_17D02D12D12_5080404
__import__.stock_inventory_line_17D02D13D13_5080403,__import__.location_loc_GGC203,17,__import__.product_5080403,__import__.stock_production_lot_17D02D13D13_5080403
__import__.stock_inventory_line_17D02E8ST2_8359367,__import__.location_loc_GD09D1,78,__import__.product_8359367,__import__.stock_production_lot_17D02E8ST2_8359367
__import__.stock_inventory_line_17D03_7760307,__import__.location_loc_GC24B2,1,__import__.product_7760307,__import__.stock_production_lot_17D03_7760307
__import__.stock_inventory_line_17D03A8571_4215095,__import__.location_loc_GGV401,1,__import__.product_4215095,__import__.stock_production_lot_17D03A8571_4215095
__import__.stock_inventory_line_17D031934_9040237,__import__.location_loc_GF24F1,4,__import__.product_9040237,__import__.stock_production_lot_17D031934_9040237
__import__.stock_inventory_line_17D035_7760300,__import__.location_loc_GBA111,105,__import__.product_7760300,__import__.stock_production_lot_17D035_7760300
__import__.stock_inventory_line_17D036_2451664,__import__.location_loc_GD24D3,12,__import__.product_2451664,__import__.stock_production_lot_17D036_2451664
__import__.stock_inventory_line_17D04_6600819,__import__.location_loc_GE06A4,3,__import__.product_6600819,__import__.stock_production_lot_17D04_6600819
__import__.stock_inventory_line_17D04_6600887,__import__.location_loc_GAF205,13,__import__.product_6600887,__import__.stock_production_lot_17D04_6600887
__import__.stock_inventory_line_17D04960_6600819,__import__.location_loc_GE06A4,6,__import__.product_6600819,__import__.stock_production_lot_17D04960_6600819
__import__.stock_inventory_line_17D0792040_8001944,__import__.location_loc_GD03D2,30,__import__.product_8001944,__import__.stock_production_lot_17D0792040_8001944
__import__.stock_inventory_line_17D10_1202803,__import__.location_loc_GAC500,173,__import__.product_1202803,__import__.stock_production_lot_17D10_1202803
__import__.stock_inventory_line_17D10_7760217,__import__.location_loc_GK06B4,98,__import__.product_7760217,__import__.stock_production_lot_17D10_7760217
__import__.stock_inventory_line_17D13V152_5259622,__import__.location_loc_GF19C3,80,__import__.product_5259622,__import__.stock_production_lot_17D13V152_5259622
__import__.stock_inventory_line_17D13V82985_8330044,__import__.location_loc_GGL508,31,__import__.product_8330044,__import__.stock_production_lot_17D13V82985_8330044
__import__.stock_inventory_line_17D14_7920036,__import__.location_loc_GD08A2,7,__import__.product_7920036,__import__.stock_production_lot_17D14_7920036
__import__.stock_inventory_line_17D14_7920005,__import__.location_loc_GC02D2,9,__import__.product_7920005,__import__.stock_production_lot_17D14_7920005
__import__.stock_inventory_line_17D14_7920009,__import__.location_loc_GC11A4,5,__import__.product_7920009,__import__.stock_production_lot_17D14_7920009
__import__.stock_inventory_line_17D14_5003061,__import__.location_loc_GC07G1,10,__import__.product_5003061,__import__.stock_production_lot_17D14_5003061
__import__.stock_inventory_line_17D14_7920035,__import__.location_loc_GC02C3,3,__import__.product_7920035,__import__.stock_production_lot_17D14_7920035
__import__.stock_inventory_line_17D14_7920022,__import__.location_loc_GC04C3,3,__import__.product_7920022,__import__.stock_production_lot_17D14_7920022
__import__.stock_inventory_line_17D14_7920039,__import__.location_loc_GC11A5,3,__import__.product_7920039,__import__.stock_production_lot_17D14_7920039
__import__.stock_inventory_line_17D14_5913405,__import__.location_loc_GC09C3,7,__import__.product_5913405,__import__.stock_production_lot_17D14_5913405
__import__.stock_inventory_line_17D14_7911402,__import__.location_loc_GE09C4,1,__import__.product_7911402,__import__.stock_production_lot_17D14_7911402
__import__.stock_inventory_line_17D14_5916505,__import__.location_loc_GD05D2,41,__import__.product_5916505,__import__.stock_production_lot_17D14_5916505
__import__.stock_inventory_line_17D14_7920021,__import__.location_loc_GC23C1,80,__import__.product_7920021,__import__.stock_production_lot_17D14_7920021
__import__.stock_inventory_line_17D14_7920015,__import__.location_loc_GD13D2,29,__import__.product_7920015,__import__.stock_production_lot_17D14_7920015
__import__.stock_inventory_line_17D14_7920008,__import__.location_loc_GC21A1,52,__import__.product_7920008,__import__.stock_production_lot_17D14_7920008
__import__.stock_inventory_line_17D14_7920013,__import__.location_loc_GC23A1,23,__import__.product_7920013,__import__.stock_production_lot_17D14_7920013
__import__.stock_inventory_line_17D14_7920012,__import__.location_loc_GC05G7,1,__import__.product_7920012,__import__.stock_production_lot_17D14_7920012
__import__.stock_inventory_line_17D14_7920050,__import__.location_loc_GC03D1,2,__import__.product_7920050,__import__.stock_production_lot_17D14_7920050
__import__.stock_inventory_line_17D14_7920016,__import__.location_loc_GC05F6,5,__import__.product_7920016,__import__.stock_production_lot_17D14_7920016
__import__.stock_inventory_line_17D14_5916405,__import__.location_loc_GD13A3,10,__import__.product_5916405,__import__.stock_production_lot_17D14_5916405
__import__.stock_inventory_line_17D14_5911405,__import__.location_loc_GC07C5,1,__import__.product_5911405,__import__.stock_production_lot_17D14_5911405
__import__.stock_inventory_line_17D14_7920156,__import__.location_loc_GE20D4,17,__import__.product_7920156,__import__.stock_production_lot_17D14_7920156
__import__.stock_inventory_line_17D14_7920149,__import__.location_loc_GD32B4,143,__import__.product_7920149,__import__.stock_production_lot_17D14_7920149
__import__.stock_inventory_line_17D14_7920046,__import__.location_loc_GC25B1,125,__import__.product_7920046,__import__.stock_production_lot_17D14_7920046
__import__.stock_inventory_line_17D14_7913505,__import__.location_loc_GC06D3,20,__import__.product_7913505,__import__.stock_production_lot_17D14_7913505
__import__.stock_inventory_line_17D14G8903_8189008,__import__.location_loc_GE08B3,200,__import__.product_8189008,__import__.stock_production_lot_17D14G8903_8189008
__import__.stock_inventory_line_17D1401C2_3086519,__import__.location_loc_GGV308,11,__import__.product_3086519,__import__.stock_production_lot_17D1401C2_3086519
__import__.stock_inventory_line_17D171_2951523,__import__.location_loc_GF14B6,132,__import__.product_2951523,__import__.stock_production_lot_17D171_2951523
__import__.stock_inventory_line_17D19_7760218,__import__.location_loc_GK06A2,142,__import__.product_7760218,__import__.stock_production_lot_17D19_7760218
__import__.stock_inventory_line_17D195_3589769,__import__.location_loc_GE15D2,21,__import__.product_3589769,__import__.stock_production_lot_17D195_3589769
__import__.stock_inventory_line_17D20_6350331,__import__.location_loc_GD27D1,6,__import__.product_6350331,__import__.stock_production_lot_17D20_6350331
__import__.stock_inventory_line_17D20_6350330,__import__.location_loc_GL07A2,41,__import__.product_6350330,__import__.stock_production_lot_17D20_6350330
__import__.stock_inventory_line_17D20_7760218,__import__.location_loc_GK06A2,103,__import__.product_7760218,__import__.stock_production_lot_17D20_7760218
__import__.stock_inventory_line_17D201_3444395,__import__.location_loc_GGL203,192,__import__.product_3444395,__import__.stock_production_lot_17D201_3444395
__import__.stock_inventory_line_17D24PR_9512055,__import__.location_loc_GF14C5,1,__import__.product_9512055,__import__.stock_production_lot_17D24PR_9512055
__import__.stock_inventory_line_17D244_2979870,__import__.location_loc_GE10B2,6,__import__.product_2979870,__import__.stock_production_lot_17D244_2979870
__import__.stock_inventory_line_17D26G8382_8189014,__import__.location_loc_GE03C4,200,__import__.product_8189014,__import__.stock_production_lot_17D26G8382_8189014
__import__.stock_inventory_line_17D26H_2992824,__import__.location_loc_GD10E6,9,__import__.product_2992824,__import__.stock_production_lot_17D26H_2992824
__import__.stock_inventory_line_17D28_2874832,__import__.location_loc_GE22C3,120,__import__.product_2874832,__import__.stock_production_lot_17D28_2874832
__import__.stock_inventory_line_17D29_3047289,__import__.location_loc_GF23B4,17,__import__.product_3047289,__import__.stock_production_lot_17D29_3047289
__import__.stock_inventory_line_17D30_2874857,__import__.location_loc_GD20D3,40,__import__.product_2874857,__import__.stock_production_lot_17D30_2874857
__import__.stock_inventory_line_17E02_0250019,__import__.location_loc_GGG403,5,__import__.product_0250019,__import__.stock_production_lot_17E02_0250019
__import__.stock_inventory_line_17E03A8571_4215095,__import__.location_loc_GGV401,5,__import__.product_4215095,__import__.stock_production_lot_17E03A8571_4215095
__import__.stock_inventory_line_17E05021_2673973,__import__.location_loc_GE23D3,2,__import__.product_2673973,__import__.stock_production_lot_17E05021_2673973
__import__.stock_inventory_line_17E05022_2500296,__import__.location_loc_GGR606,6,__import__.product_2500296,__import__.stock_production_lot_17E05022_2500296
__import__.stock_inventory_line_17E06_5760401,__import__.location_loc_GE13B6,4,__import__.product_5760401,__import__.stock_production_lot_17E06_5760401
__import__.stock_inventory_line_17E08934_1553379,__import__.location_loc_GBY101,8,__import__.product_1553379,__import__.stock_production_lot_17E08934_1553379
__import__.stock_inventory_line_17E10SF_2200491,__import__.location_loc_GGR305,30,__import__.product_2200491,__import__.stock_production_lot_17E10SF_2200491
__import__.stock_inventory_line_17E10SF_4789711,__import__.location_loc_GGR404,4,__import__.product_4789711,__import__.stock_production_lot_17E10SF_4789711
__import__.stock_inventory_line_17E102_1388651,__import__.location_loc_GC08C6,2,__import__.product_1388651,__import__.stock_production_lot_17E102_1388651
__import__.stock_inventory_line_17E11_2433894,__import__.location_loc_GGG102,7,__import__.product_2433894,__import__.stock_production_lot_17E11_2433894
__import__.stock_inventory_line_17E14_5760337,__import__.location_loc_EXA100,2,__import__.product_5760337,__import__.stock_production_lot_17E14_5760337
__import__.stock_inventory_line_17E16_1202266,__import__.location_loc_QDE220,9,__import__.product_1202266,__import__.stock_production_lot_17E16_1202266
__import__.stock_inventory_line_17E17_7760345,__import__.location_loc_GC05C1,8,__import__.product_7760345,__import__.stock_production_lot_17E17_7760345
__import__.stock_inventory_line_17E2092049_8336171,__import__.location_loc_GF22E6,93,__import__.product_8336171,__import__.stock_production_lot_17E2092049_8336171
__import__.stock_inventory_line_17E22_6350330,__import__.location_loc_GL07A2,40,__import__.product_6350330,__import__.stock_production_lot_17E22_6350330
__import__.stock_inventory_line_17E22_6350331,__import__.location_loc_GD27D1,4,__import__.product_6350331,__import__.stock_production_lot_17E22_6350331
__import__.stock_inventory_line_17E2209C3_2643245,__import__.location_loc_GE11C2,2,__import__.product_2643245,__import__.stock_production_lot_17E2209C3_2643245
__import__.stock_inventory_line_17E2209C5_2643245,__import__.location_loc_GE11C2,2,__import__.product_2643245,__import__.stock_production_lot_17E2209C5_2643245
__import__.stock_inventory_line_17E30_6350331,__import__.location_loc_GD27D1,1,__import__.product_6350331,__import__.stock_production_lot_17E30_6350331
__import__.stock_inventory_line_17E30_6350329,__import__.location_loc_GK09A2,9,__import__.product_6350329,__import__.stock_production_lot_17E30_6350329
__import__.stock_inventory_line_17E30_1112655,__import__.location_loc_GBI504,63,__import__.product_1112655,__import__.stock_production_lot_17E30_1112655
__import__.stock_inventory_line_17E30V561_7483993,__import__.location_loc_GI05B6,722,__import__.product_7483993,__import__.stock_production_lot_17E30V561_7483993
__import__.stock_inventory_line_17F0101D2_2718229,__import__.location_loc_QFC410,48,__import__.product_2718229,__import__.stock_production_lot_17F0101D2_2718229
__import__.stock_inventory_line_17F02_8186642,__import__.location_loc_GK17B4,6,__import__.product_8186642,__import__.stock_production_lot_17F02_8186642
__import__.stock_inventory_line_17F02_5913405,__import__.location_loc_GC09C3,10,__import__.product_5913405,__import__.stock_production_lot_17F02_5913405
__import__.stock_inventory_line_17F02_5911352,__import__.location_loc_GC05F4,5,__import__.product_5911352,__import__.stock_production_lot_17F02_5911352
__import__.stock_inventory_line_17F02_7920007,__import__.location_loc_GC09C5,8,__import__.product_7920007,__import__.stock_production_lot_17F02_7920007
__import__.stock_inventory_line_17F02_7920002,__import__.location_loc_GC03B5,2,__import__.product_7920002,__import__.stock_production_lot_17F02_7920002
__import__.stock_inventory_line_17F02_7920037,__import__.location_loc_GC11B4,14,__import__.product_7920037,__import__.stock_production_lot_17F02_7920037
__import__.stock_inventory_line_17F02_5058952,__import__.location_loc_GC09B6,4,__import__.product_5058952,__import__.stock_production_lot_17F02_5058952
__import__.stock_inventory_line_17F02_7920035,__import__.location_loc_GC02C3,20,__import__.product_7920035,__import__.stock_production_lot_17F02_7920035
__import__.stock_inventory_line_17F02_7920012,__import__.location_loc_GC05G7,6,__import__.product_7920012,__import__.stock_production_lot_17F02_7920012
__import__.stock_inventory_line_17F02_7920038,__import__.location_loc_GC07B3,2,__import__.product_7920038,__import__.stock_production_lot_17F02_7920038
__import__.stock_inventory_line_17F02_7920014,__import__.location_loc_GC25A2,114,__import__.product_7920014,__import__.stock_production_lot_17F02_7920014
__import__.stock_inventory_line_17F02_5910515,__import__.location_loc_GZZ191,1,__import__.product_5910515,__import__.stock_production_lot_17F02_5910515
__import__.stock_inventory_line_17F02_7920040,__import__.location_loc_GC05D3,4,__import__.product_7920040,__import__.stock_production_lot_17F02_7920040
__import__.stock_inventory_line_17F02_5011302,__import__.location_loc_GC03G2,10,__import__.product_5011302,__import__.stock_production_lot_17F02_5011302
__import__.stock_inventory_line_17F02_5400016,__import__.location_loc_GD24G7,1,__import__.product_5400016,__import__.stock_production_lot_17F02_5400016
__import__.stock_inventory_line_17F02_7920049,__import__.location_loc_GC21A2,168,__import__.product_7920049,__import__.stock_production_lot_17F02_7920049
__import__.stock_inventory_line_17F02_7920013,__import__.location_loc_GC23A1,93,__import__.product_7920013,__import__.stock_production_lot_17F02_7920013
__import__.stock_inventory_line_17F02_7920056,__import__.location_loc_GC24C1,169,__import__.product_7920056,__import__.stock_production_lot_17F02_7920056
__import__.stock_inventory_line_17F02_7920021,__import__.location_loc_GC23C1,40,__import__.product_7920021,__import__.stock_production_lot_17F02_7920021
__import__.stock_inventory_line_17F02_7920005,__import__.location_loc_GC02D2,15,__import__.product_7920005,__import__.stock_production_lot_17F02_7920005
__import__.stock_inventory_line_17F02_7920039,__import__.location_loc_GC11A5,10,__import__.product_7920039,__import__.stock_production_lot_17F02_7920039
__import__.stock_inventory_line_17F02_7911402,__import__.location_loc_GE09C4,2,__import__.product_7911402,__import__.stock_production_lot_17F02_7911402
__import__.stock_inventory_line_17F02_5911405,__import__.location_loc_GC07C5,1,__import__.product_5911405,__import__.stock_production_lot_17F02_5911405
__import__.stock_inventory_line_17F02_7923070,__import__.location_loc_GC03D4,17,__import__.product_7923070,__import__.stock_production_lot_17F02_7923070
__import__.stock_inventory_line_17F02F17F16_5080402,__import__.location_loc_GE16C3,4,__import__.product_5080402,__import__.stock_production_lot_17F02F17F16_5080402
__import__.stock_inventory_line_17F04F29F29_5080411,__import__.location_loc_GGT203,20,__import__.product_5080411,__import__.stock_production_lot_17F04F29F29_5080411
__import__.stock_inventory_line_17F06026_1662865,__import__.location_loc_QBD410,19,__import__.product_1662865,__import__.stock_production_lot_17F06026_1662865
__import__.stock_inventory_line_17F0992059_8001944,__import__.location_loc_GD03D2,130,__import__.product_8001944,__import__.stock_production_lot_17F0992059_8001944
__import__.stock_inventory_line_17F1192041_8336171,__import__.location_loc_GF22E6,200,__import__.product_8336171,__import__.stock_production_lot_17F1192041_8336171
__import__.stock_inventory_line_17F12_2433902,__import__.location_loc_GD25D2,2,__import__.product_2433902,__import__.stock_production_lot_17F12_2433902
__import__.stock_inventory_line_17F126_3597267,__import__.location_loc_GE09D7,16,__import__.product_3597267,__import__.stock_production_lot_17F126_3597267
__import__.stock_inventory_line_17F13071_2586717,__import__.location_loc_GH11C5,2,__import__.product_2586717,__import__.stock_production_lot_17F13071_2586717
__import__.stock_inventory_line_17F20173_1455146,__import__.location_loc_GL17B5,6,__import__.product_1455146,__import__.stock_production_lot_17F20173_1455146
__import__.stock_inventory_line_17F23A8171_5495101,__import__.location_loc_GGR603,18,__import__.product_5495101,__import__.stock_production_lot_17F23A8171_5495101
__import__.stock_inventory_line_17F26188_1633163,__import__.location_loc_GD22E6,39,__import__.product_1633163,__import__.stock_production_lot_17F26188_1633163
__import__.stock_inventory_line_17F2792042_5498218,__import__.location_loc_GC03C7,100,__import__.product_5498218,__import__.stock_production_lot_17F2792042_5498218
__import__.stock_inventory_line_17F29VC_7379592,__import__.location_loc_GGR703,3,__import__.product_7379592,__import__.stock_production_lot_17F29VC_7379592
__import__.stock_inventory_line_17G002_8357888,__import__.location_loc_GE07E3,1,__import__.product_8357888,__import__.stock_production_lot_17G002_8357888
__import__.stock_inventory_line_17G006_8357871,__import__.location_loc_GD29D3,1,__import__.product_8357871,__import__.stock_production_lot_17G006_8357871
__import__.stock_inventory_line_17G007_8209975,__import__.location_loc_GE22C5,17,__import__.product_8209975,__import__.stock_production_lot_17G007_8209975
__import__.stock_inventory_line_17G017_8357842,__import__.location_loc_GE10A4,25,__import__.product_8357842,__import__.stock_production_lot_17G017_8357842
__import__.stock_inventory_line_17G0232_5301143,__import__.location_loc_GE26C5,4,__import__.product_5301143,__import__.stock_production_lot_17G0232_5301143
__import__.stock_inventory_line_17G025_5340920,__import__.location_loc_GE15G6,1,__import__.product_5340920,__import__.stock_production_lot_17G025_5340920
__import__.stock_inventory_line_17G03_7920009,__import__.location_loc_GC11A4,4,__import__.product_7920009,__import__.stock_production_lot_17G03_7920009
__import__.stock_inventory_line_17G03_5011302,__import__.location_loc_GC03G2,1,__import__.product_5011302,__import__.stock_production_lot_17G03_5011302
__import__.stock_inventory_line_17G03_5140709,__import__.location_loc_GC05G6,9,__import__.product_5140709,__import__.stock_production_lot_17G03_5140709
__import__.stock_inventory_line_17G03_7920049,__import__.location_loc_GC21A2,276,__import__.product_7920049,__import__.stock_production_lot_17G03_7920049
__import__.stock_inventory_line_17G03_7920036,__import__.location_loc_GD08A2,30,__import__.product_7920036,__import__.stock_production_lot_17G03_7920036
__import__.stock_inventory_line_17G03_7920022,__import__.location_loc_GC04C3,6,__import__.product_7920022,__import__.stock_production_lot_17G03_7920022
__import__.stock_inventory_line_17G03_5911352,__import__.location_loc_GC05F4,5,__import__.product_5911352,__import__.stock_production_lot_17G03_5911352
__import__.stock_inventory_line_17G03_5921505,__import__.location_loc_GZZ511,2,__import__.product_5921505,__import__.stock_production_lot_17G03_5921505
__import__.stock_inventory_line_17G03_7911305,__import__.location_loc_GC07E3,20,__import__.product_7911305,__import__.stock_production_lot_17G03_7911305
__import__.stock_inventory_line_17G03_7920056,__import__.location_loc_GC24C1,31,__import__.product_7920056,__import__.stock_production_lot_17G03_7920056
__import__.stock_inventory_line_17G03PR_9512055,__import__.location_loc_GF14C5,35,__import__.product_9512055,__import__.stock_production_lot_17G03PR_9512055
__import__.stock_inventory_line_17G04_2433886,__import__.location_loc_GGS201,16,__import__.product_2433886,__import__.stock_production_lot_17G04_2433886
__import__.stock_inventory_line_17G046_8357842,__import__.location_loc_GE10A4,27,__import__.product_8357842,__import__.stock_production_lot_17G046_8357842
__import__.stock_inventory_line_17G05_2433902,__import__.location_loc_GD25D2,7,__import__.product_2433902,__import__.stock_production_lot_17G05_2433902
__import__.stock_inventory_line_17G0504_5301143,__import__.location_loc_GE26C5,4,__import__.product_5301143,__import__.stock_production_lot_17G0504_5301143
__import__.stock_inventory_line_17G0507_5301144,__import__.location_loc_GBY204,1,__import__.product_5301144,__import__.stock_production_lot_17G0507_5301144
__import__.stock_inventory_line_17G0511_5301145,__import__.location_loc_GD19B1,4,__import__.product_5301145,__import__.stock_production_lot_17G0511_5301145
__import__.stock_inventory_line_17G07A8571_4219104,__import__.location_loc_GGR502,2,__import__.product_4219104,__import__.stock_production_lot_17G07A8571_4219104
__import__.stock_inventory_line_17G087_5304813,__import__.location_loc_GF20G8,3,__import__.product_5304813,__import__.stock_production_lot_17G087_5304813
__import__.stock_inventory_line_17G108_5340905,__import__.location_loc_GF30B4,6,__import__.product_5340905,__import__.stock_production_lot_17G108_5340905
__import__.stock_inventory_line_17G12_5197004,__import__.location_loc_GF22B1,1,__import__.product_5197004,__import__.stock_production_lot_17G12_5197004
__import__.stock_inventory_line_17G141_8357902,__import__.location_loc_GF28D1,2,__import__.product_8357902,__import__.stock_production_lot_17G141_8357902
__import__.stock_inventory_line_17G145_8228346,__import__.location_loc_GC02D3,12,__import__.product_8228346,__import__.stock_production_lot_17G145_8228346
__import__.stock_inventory_line_17G151_8357894,__import__.location_loc_EXA600,1,__import__.product_8357894,__import__.stock_production_lot_17G151_8357894
__import__.stock_inventory_line_17G163_5340840,__import__.location_loc_GD13C5,85,__import__.product_5340840,__import__.stock_production_lot_17G163_5340840
__import__.stock_inventory_line_17G164_5340839,__import__.location_loc_GF22C1,60,__import__.product_5340839,__import__.stock_production_lot_17G164_5340839
__import__.stock_inventory_line_17G177_5340920,__import__.location_loc_GE15G6,35,__import__.product_5340920,__import__.stock_production_lot_17G177_5340920
__import__.stock_inventory_line_17G178_5340923,__import__.location_loc_GC05B5,6,__import__.product_5340923,__import__.stock_production_lot_17G178_5340923
__import__.stock_inventory_line_17G208_5340566,__import__.location_loc_GC03C1,2,__import__.product_5340566,__import__.stock_production_lot_17G208_5340566
__import__.stock_inventory_line_17G235_8357871,__import__.location_loc_GD29D3,1,__import__.product_8357871,__import__.stock_production_lot_17G235_8357871
__import__.stock_inventory_line_17G236_8357888,__import__.location_loc_GE07E3,1,__import__.product_8357888,__import__.stock_production_lot_17G236_8357888
__import__.stock_inventory_line_17G26051_2586717,__import__.location_loc_GH11C5,3,__import__.product_2586717,__import__.stock_production_lot_17G26051_2586717
__import__.stock_inventory_line_17H0018_5301134,__import__.location_loc_GC15C3,4,__import__.product_5301134,__import__.stock_production_lot_17H0018_5301134
__import__.stock_inventory_line_17H01A8171_5495101,__import__.location_loc_GGR603,10,__import__.product_5495101,__import__.stock_production_lot_17H01A8171_5495101
__import__.stock_inventory_line_17H0331_5301142,__import__.location_loc_GD07A4,8,__import__.product_5301142,__import__.stock_production_lot_17H0331_5301142
__import__.stock_inventory_line_17H15A8571_4219104,__import__.location_loc_GGR502,4,__import__.product_4219104,__import__.stock_production_lot_17H15A8571_4219104
__import__.stock_inventory_line_17H25VC_9512053,__import__.location_loc_GBU103,8,__import__.product_9512053,__import__.stock_production_lot_17H25VC_9512053
__import__.stock_inventory_line_17I15_5913405,__import__.location_loc_GC09C3,12,__import__.product_5913405,__import__.stock_production_lot_17I15_5913405
__import__.stock_inventory_line_17I602_3411238,__import__.location_loc_GE07A8,13,__import__.product_3411238,__import__.stock_production_lot_17I602_3411238
__import__.stock_inventory_line_17K00096_2996775,__import__.location_loc_GGG101,2,__import__.product_2996775,__import__.stock_production_lot_17K00096_2996775
__import__.stock_inventory_line_17K00097_2996767,__import__.location_loc_GC14A3,2,__import__.product_2996767,__import__.stock_production_lot_17K00097_2996767
__import__.stock_inventory_line_17K16_1710235,__import__.location_loc_GGU101,41,__import__.product_1710235,__import__.stock_production_lot_17K16_1710235
__import__.stock_inventory_line_17L602_3411238,__import__.location_loc_GE07A8,44,__import__.product_3411238,__import__.stock_production_lot_17L602_3411238
__import__.stock_inventory_line_17R0092_5301139,__import__.location_loc_GF12B2,2,__import__.product_5301139,__import__.stock_production_lot_17R0092_5301139
__import__.stock_inventory_line_17R0122_5301135,__import__.location_loc_GD32E1,1,__import__.product_5301135,__import__.stock_production_lot_17R0122_5301135
__import__.stock_inventory_line_17R0213_5301136,__import__.location_loc_GGB404,1,__import__.product_5301136,__import__.stock_production_lot_17R0213_5301136
__import__.stock_inventory_line_17R0486_5301137,__import__.location_loc_GGP202,2,__import__.product_5301137,__import__.stock_production_lot_17R0486_5301137
__import__.stock_inventory_line_17ZLAD006_7420114,__import__.location_loc_GF22F1,1,__import__.product_7420114,__import__.stock_production_lot_17ZLAD006_7420114
__import__.stock_inventory_line_17ZLAE010_7420014,__import__.location_loc_QDC410,1,__import__.product_7420014,__import__.stock_production_lot_17ZLAE010_7420014
__import__.stock_inventory_line_170004_3550100,__import__.location_loc_GD17A1,25,__import__.product_3550100,__import__.stock_production_lot_170004_3550100
__import__.stock_inventory_line_170050A_2210144,__import__.location_loc_GF13B2,38,__import__.product_2210144,__import__.stock_production_lot_170050A_2210144
__import__.stock_inventory_line_170092_5070403,__import__.location_loc_GH07C1,1,__import__.product_5070403,__import__.stock_production_lot_170092_5070403
__import__.stock_inventory_line_1701_7368012,__import__.location_loc_GF30H7,1,__import__.product_7368012,__import__.stock_production_lot_1701_7368012
__import__.stock_inventory_line_1701_0398131,__import__.location_loc_GBP313,84,__import__.product_0398131,__import__.stock_production_lot_1701_0398131
__import__.stock_inventory_line_1701_1067768,__import__.location_loc_GBP303,21,__import__.product_1067768,__import__.stock_production_lot_1701_1067768
__import__.stock_inventory_line_1701_6805020,__import__.location_loc_GE07B2,3,__import__.product_6805020,__import__.stock_production_lot_1701_6805020
__import__.stock_inventory_line_1701AD_6354880,__import__.location_loc_GC31F6,3,__import__.product_6354880,__import__.stock_production_lot_1701AD_6354880
__import__.stock_inventory_line_1701B102_8211386,__import__.location_loc_EXJ900,9,__import__.product_8211386,__import__.stock_production_lot_1701B102_8211386
__import__.stock_inventory_line_1701008_8092220,__import__.location_loc_GBI203,7,__import__.product_8092220,__import__.stock_production_lot_1701008_8092220
__import__.stock_inventory_line_170101_7924351,__import__.location_loc_GC31D7,70,__import__.product_7924351,__import__.stock_production_lot_170101_7924351
__import__.stock_inventory_line_1701011_5610502,__import__.location_loc_GE08A3,2,__import__.product_5610502,__import__.stock_production_lot_1701011_5610502
__import__.stock_inventory_line_1701014_8101539,__import__.location_loc_GGP403,10,__import__.product_8101539,__import__.stock_production_lot_1701014_8101539
__import__.stock_inventory_line_1701016_8090913,__import__.location_loc_GF12E5,1,__import__.product_8090913,__import__.stock_production_lot_1701016_8090913
__import__.stock_inventory_line_170102_1351524,__import__.location_loc_GC09B3,1,__import__.product_1351524,__import__.stock_production_lot_170102_1351524
__import__.stock_inventory_line_170102_7920062,__import__.location_loc_GZZ515,1,__import__.product_7920062,__import__.stock_production_lot_170102_7920062
__import__.stock_inventory_line_17010212_5090339,__import__.location_loc_GL05A5,15,__import__.product_5090339,__import__.stock_production_lot_17010212_5090339
__import__.stock_inventory_line_17010216_5090339,__import__.location_loc_GL05A5,96,__import__.product_5090339,__import__.stock_production_lot_17010216_5090339
__import__.stock_inventory_line_170103_8021817,__import__.location_loc_GC07D3,4,__import__.product_8021817,__import__.stock_production_lot_170103_8021817
__import__.stock_inventory_line_170103SD_8270161,__import__.location_loc_GC09D1,100,__import__.product_8270161,__import__.stock_production_lot_170103SD_8270161
__import__.stock_inventory_line_170105_1300015,__import__.location_loc_GF28E8,5,__import__.product_1300015,__import__.stock_production_lot_170105_1300015
__import__.stock_inventory_line_170105_7920057,__import__.location_loc_EXA500,2,__import__.product_7920057,__import__.stock_production_lot_170105_7920057
__import__.stock_inventory_line_170107B_8002501,__import__.location_loc_GK05B5,84,__import__.product_8002501,__import__.stock_production_lot_170107B_8002501
__import__.stock_inventory_line_170108_1211382,__import__.location_loc_QBB310,36,__import__.product_1211382,__import__.stock_production_lot_170108_1211382
__import__.stock_inventory_line_170110A_8014740,__import__.location_loc_GC31D3,115,__import__.product_8014740,__import__.stock_production_lot_170110A_8014740
__import__.stock_inventory_line_170112_1071125,__import__.location_loc_GBP403,88,__import__.product_1071125,__import__.stock_production_lot_170112_1071125
__import__.stock_inventory_line_170113007_5961101,__import__.location_loc_GE14D5,23,__import__.product_5961101,__import__.stock_production_lot_170113007_5961101
__import__.stock_inventory_line_17011488041_3191616,__import__.location_loc_GL11A4,60,__import__.product_3191616,__import__.stock_production_lot_17011488041_3191616
__import__.stock_inventory_line_17011857_6446017,__import__.location_loc_GC05E4,3,__import__.product_6446017,__import__.stock_production_lot_17011857_6446017
__import__.stock_inventory_line_17011862_6446018,__import__.location_loc_GC05A3,2,__import__.product_6446018,__import__.stock_production_lot_17011862_6446018
__import__.stock_inventory_line_17012_1371939,__import__.location_loc_GC31G5,16,__import__.product_1371939,__import__.stock_production_lot_17012_1371939
__import__.stock_inventory_line_170121A_8270160,__import__.location_loc_GC31A3,222,__import__.product_8270160,__import__.stock_production_lot_170121A_8270160
__import__.stock_inventory_line_170123_2407110,__import__.location_loc_GH07C2,124,__import__.product_2407110,__import__.stock_production_lot_170123_2407110
__import__.stock_inventory_line_170123N_8058708,__import__.location_loc_GC10C3,6,__import__.product_8058708,__import__.stock_production_lot_170123N_8058708
__import__.stock_inventory_line_170124N_5140912,__import__.location_loc_GC12A3,3,__import__.product_5140912,__import__.stock_production_lot_170124N_5140912
__import__.stock_inventory_line_17012457_5222943,__import__.location_loc_EXA400,1,__import__.product_5222943,__import__.stock_production_lot_17012457_5222943
__import__.stock_inventory_line_170126A_2520872,__import__.location_loc_GBA415,101,__import__.product_2520872,__import__.stock_production_lot_170126A_2520872
__import__.stock_inventory_line_1701360_6600899,__import__.location_loc_GE07E4,10,__import__.product_6600899,__import__.stock_production_lot_1701360_6600899
__import__.stock_inventory_line_17015M17_5500450,__import__.location_loc_GF29B1,3,__import__.product_5500450,__import__.stock_production_lot_17015M17_5500450
__import__.stock_inventory_line_170155907_1813620,__import__.location_loc_GH09D9,1,__import__.product_1813620,__import__.stock_production_lot_170155907_1813620
__import__.stock_inventory_line_170183A_5430390,__import__.location_loc_GH09E7,1,__import__.product_5430390,__import__.stock_production_lot_170183A_5430390
__import__.stock_inventory_line_1701964_3052362,__import__.location_loc_GGK302,28,__import__.product_3052362,__import__.stock_production_lot_1701964_3052362
__import__.stock_inventory_line_1702_2768596,__import__.location_loc_GE30D2,451,__import__.product_2768596,__import__.stock_production_lot_1702_2768596
__import__.stock_inventory_line_1702_8334410,__import__.location_loc_GD27B2,5,__import__.product_8334410,__import__.stock_production_lot_1702_8334410
__import__.stock_inventory_line_1702_1097641,__import__.location_loc_GBP305,56,__import__.product_1097641,__import__.stock_production_lot_1702_1097641
__import__.stock_inventory_line_1702BA0143_7080657,__import__.location_loc_GD23B6,9,__import__.product_7080657,__import__.stock_production_lot_1702BA0143_7080657
__import__.stock_inventory_line_1702005S01_2886877,__import__.location_loc_GE01B7,44,__import__.product_2886877,__import__.stock_production_lot_1702005S01_2886877
__import__.stock_inventory_line_170202_8000206,__import__.location_loc_GC05E5,24,__import__.product_8000206,__import__.stock_production_lot_170202_8000206
__import__.stock_inventory_line_1702025_8090913,__import__.location_loc_GF12E5,1,__import__.product_8090913,__import__.stock_production_lot_1702025_8090913
__import__.stock_inventory_line_17020259_6446053,__import__.location_loc_GC09F4,1,__import__.product_6446053,__import__.stock_production_lot_17020259_6446053
__import__.stock_inventory_line_170203_8000198,__import__.location_loc_GC22A2,10,__import__.product_8000198,__import__.stock_production_lot_170203_8000198
__import__.stock_inventory_line_170203_5021524,__import__.location_loc_GC27D4,3,__import__.product_5021524,__import__.stock_production_lot_170203_5021524
__import__.stock_inventory_line_170204_6040055,__import__.location_loc_GC05A1,1,__import__.product_6040055,__import__.stock_production_lot_170204_6040055
__import__.stock_inventory_line_170204A_3550456,__import__.location_loc_GD18A4,17,__import__.product_3550456,__import__.stock_production_lot_170204A_3550456
__import__.stock_inventory_line_170204W_8002493,__import__.location_loc_GK13B1,36,__import__.product_8002493,__import__.stock_production_lot_170204W_8002493
__import__.stock_inventory_line_17020452_5090339,__import__.location_loc_GL05A5,96,__import__.product_5090339,__import__.stock_production_lot_17020452_5090339
__import__.stock_inventory_line_170206_8000123,__import__.location_loc_GC04C5,34,__import__.product_8000123,__import__.stock_production_lot_170206_8000123
__import__.stock_inventory_line_1702062_8090801,__import__.location_loc_GF25D4,2,__import__.product_8090801,__import__.stock_production_lot_1702062_8090801
__import__.stock_inventory_line_1702063_5610553,__import__.location_loc_GD08C1,1,__import__.product_5610553,__import__.stock_production_lot_1702063_5610553
__import__.stock_inventory_line_1702074_8101545,__import__.location_loc_GGM102,5,__import__.product_8101545,__import__.stock_production_lot_1702074_8101545
__import__.stock_inventory_line_1702078P_5300015,__import__.location_loc_GC12B4,16,__import__.product_5300015,__import__.stock_production_lot_1702078P_5300015
__import__.stock_inventory_line_170208D_8270064,__import__.location_loc_GK10B3,35,__import__.product_8270064,__import__.stock_production_lot_170208D_8270064
__import__.stock_inventory_line_170209_8000181,__import__.location_loc_GC26B2,6,__import__.product_8000181,__import__.stock_production_lot_170209_8000181
__import__.stock_inventory_line_170209L_5356004,__import__.location_loc_GC12C3,1,__import__.product_5356004,__import__.stock_production_lot_170209L_5356004
__import__.stock_inventory_line_170210_1351530,__import__.location_loc_GC09C4,46,__import__.product_1351530,__import__.stock_production_lot_170210_1351530
__import__.stock_inventory_line_170210_1401536,__import__.location_loc_EXA600,11,__import__.product_1401536,__import__.stock_production_lot_170210_1401536
__import__.stock_inventory_line_170210_1201524,__import__.location_loc_GC12A2,18,__import__.product_1201524,__import__.stock_production_lot_170210_1201524
__import__.stock_inventory_line_170211B_8002501,__import__.location_loc_GK05B5,24,__import__.product_8002501,__import__.stock_production_lot_170211B_8002501
__import__.stock_inventory_line_170211SC_8063721,__import__.location_loc_GC30D3,198,__import__.product_8063721,__import__.stock_production_lot_170211SC_8063721
__import__.stock_inventory_line_170213012_3550506,__import__.location_loc_GF23A5,74,__import__.product_3550506,__import__.stock_production_lot_170213012_3550506
__import__.stock_inventory_line_170215_5042502,__import__.location_loc_GGR602,16,__import__.product_5042502,__import__.stock_production_lot_170215_5042502
__import__.stock_inventory_line_170216404_5961100,__import__.location_loc_GE14A2,27,__import__.product_5961100,__import__.stock_production_lot_170216404_5961100
__import__.stock_inventory_line_170219_8000040,__import__.location_loc_GC20C2,10,__import__.product_8000040,__import__.stock_production_lot_170219_8000040
__import__.stock_inventory_line_170220D_6356011,__import__.location_loc_GC14B3,14,__import__.product_6356011,__import__.stock_production_lot_170220D_6356011
__import__.stock_inventory_line_17022017_6600834,__import__.location_loc_GD21A3,2,__import__.product_6600834,__import__.stock_production_lot_17022017_6600834
__import__.stock_inventory_line_170223_5530126,__import__.location_loc_GZZ517,1,__import__.product_5530126,__import__.stock_production_lot_170223_5530126
__import__.stock_inventory_line_170223D_8270065,__import__.location_loc_GK03B5,36,__import__.product_8270065,__import__.stock_production_lot_170223D_8270065
__import__.stock_inventory_line_17022327_1274059,__import__.location_loc_GF18E6,6,__import__.product_1274059,__import__.stock_production_lot_17022327_1274059
__import__.stock_inventory_line_170226_8456567,__import__.location_loc_GL01A1,50,__import__.product_8456567,__import__.stock_production_lot_170226_8456567
__import__.stock_inventory_line_1702274_8002292,__import__.location_loc_GC10A1,1,__import__.product_8002292,__import__.stock_production_lot_1702274_8002292
__import__.stock_inventory_line_170228SA_8063715,__import__.location_loc_GC31G3,540,__import__.product_8063715,__import__.stock_production_lot_170228SA_8063715
__import__.stock_inventory_line_170230_8000092,__import__.location_loc_GC05C2,24,__import__.product_8000092,__import__.stock_production_lot_170230_8000092
__import__.stock_inventory_line_17023083A_1120872,__import__.location_loc_GF26A5,3,__import__.product_1120872,__import__.stock_production_lot_17023083A_1120872
__import__.stock_inventory_line_170232_5304300,__import__.location_loc_GF22G1,11,__import__.product_5304300,__import__.stock_production_lot_170232_5304300
__import__.stock_inventory_line_170235_8285686,__import__.location_loc_GGD101,100,__import__.product_8285686,__import__.stock_production_lot_170235_8285686
__import__.stock_inventory_line_1702352_8002369,__import__.location_loc_GK12B2,18,__import__.product_8002369,__import__.stock_production_lot_1702352_8002369
__import__.stock_inventory_line_1702376P_8002381,__import__.location_loc_GL15B2,5,__import__.product_8002381,__import__.stock_production_lot_1702376P_8002381
__import__.stock_inventory_line_1702403_5042532,__import__.location_loc_GH07D5,5,__import__.product_5042532,__import__.stock_production_lot_1702403_5042532
__import__.stock_inventory_line_1702429704_1010290,__import__.location_loc_GD03A3,8,__import__.product_1010290,__import__.stock_production_lot_1702429704_1010290
__import__.stock_inventory_line_170256A_5430270,__import__.location_loc_GD22C7,3,__import__.product_5430270,__import__.stock_production_lot_170256A_5430270
__import__.stock_inventory_line_1702560_2124584,__import__.location_loc_GL02A3,18,__import__.product_2124584,__import__.stock_production_lot_1702560_2124584
__import__.stock_inventory_line_170270256_8030791,__import__.location_loc_EXK800,1,__import__.product_8030791,__import__.stock_production_lot_170270256_8030791
__import__.stock_inventory_line_170298_2382729,__import__.location_loc_GGB102,76,__import__.product_2382729,__import__.stock_production_lot_170298_2382729
__import__.stock_inventory_line_1703_8021935,__import__.location_loc_GD08C4,11,__import__.product_8021935,__import__.stock_production_lot_1703_8021935
__import__.stock_inventory_line_1703_8021929,__import__.location_loc_GD06C4,3,__import__.product_8021929,__import__.stock_production_lot_1703_8021929
__import__.stock_inventory_line_1703008_5291000,__import__.location_loc_GE03F8,2,__import__.product_5291000,__import__.stock_production_lot_1703008_5291000
__import__.stock_inventory_line_170301A_6352419,__import__.location_loc_GC25A1,47,__import__.product_6352419,__import__.stock_production_lot_170301A_6352419
__import__.stock_inventory_line_1703010_5039810,__import__.location_loc_GC07C4,6,__import__.product_5039810,__import__.stock_production_lot_1703010_5039810
__import__.stock_inventory_line_1703010_5291009,__import__.location_loc_GC11G4,2,__import__.product_5291009,__import__.stock_production_lot_1703010_5291009
__import__.stock_inventory_line_1703017_5405256,__import__.location_loc_GE07A7,1,__import__.product_5405256,__import__.stock_production_lot_1703017_5405256
__import__.stock_inventory_line_1703048_8101545,__import__.location_loc_GGM102,2,__import__.product_8101545,__import__.stock_production_lot_1703048_8101545
__import__.stock_inventory_line_1703048_8101539,__import__.location_loc_GGP403,20,__import__.product_8101539,__import__.stock_production_lot_1703048_8101539
__import__.stock_inventory_line_1703055_8092243,__import__.location_loc_GBC203,20,__import__.product_8092243,__import__.stock_production_lot_1703055_8092243
__import__.stock_inventory_line_1703062_5610506,__import__.location_loc_GD20E2,1,__import__.product_5610506,__import__.stock_production_lot_1703062_5610506
__import__.stock_inventory_line_1703063_8090913,__import__.location_loc_GF12E5,2,__import__.product_8090913,__import__.stock_production_lot_1703063_8090913
__import__.stock_inventory_line_170307_8003127,__import__.location_loc_GF24E2,10,__import__.product_8003127,__import__.stock_production_lot_170307_8003127
__import__.stock_inventory_line_170307H_8002524,__import__.location_loc_GK14B5,3,__import__.product_8002524,__import__.stock_production_lot_170307H_8002524
__import__.stock_inventory_line_1703103_8002300,__import__.location_loc_GL13B3,9,__import__.product_8002300,__import__.stock_production_lot_1703103_8002300
__import__.stock_inventory_line_170313_8270069,__import__.location_loc_GC20A1,200,__import__.product_8270069,__import__.stock_production_lot_170313_8270069
__import__.stock_inventory_line_170316_1151519,__import__.location_loc_GC07D7,15,__import__.product_1151519,__import__.stock_production_lot_170316_1151519
__import__.stock_inventory_line_170316_5910024,__import__.location_loc_GC05C5,4,__import__.product_5910024,__import__.stock_production_lot_170316_5910024
__import__.stock_inventory_line_170316_5910022,__import__.location_loc_GZZ415,3,__import__.product_5910022,__import__.stock_production_lot_170316_5910022
__import__.stock_inventory_line_170316_1351524,__import__.location_loc_GC09B3,10,__import__.product_1351524,__import__.stock_production_lot_170316_1351524
__import__.stock_inventory_line_170316_5910125,__import__.location_loc_GZZ522,2,__import__.product_5910125,__import__.stock_production_lot_170316_5910125
__import__.stock_inventory_line_170316N_5140912,__import__.location_loc_GC12A3,1,__import__.product_5140912,__import__.stock_production_lot_170316N_5140912
__import__.stock_inventory_line_170318_8053740,__import__.location_loc_GC21C2,381,__import__.product_8053740,__import__.stock_production_lot_170318_8053740
__import__.stock_inventory_line_170318M_8002487,__import__.location_loc_GK06A1,52,__import__.product_8002487,__import__.stock_production_lot_170318M_8002487
__import__.stock_inventory_line_170319M_8002487,__import__.location_loc_GK06A1,80,__import__.product_8002487,__import__.stock_production_lot_170319M_8002487
__import__.stock_inventory_line_170320_8480123,__import__.location_loc_GC30B4,5,__import__.product_8480123,__import__.stock_production_lot_170320_8480123
__import__.stock_inventory_line_170320D_8270065,__import__.location_loc_GK03B5,36,__import__.product_8270065,__import__.stock_production_lot_170320D_8270065
__import__.stock_inventory_line_170320H_8002524,__import__.location_loc_GK14B5,16,__import__.product_8002524,__import__.stock_production_lot_170320H_8002524
__import__.stock_inventory_line_1703207_5259805,__import__.location_loc_GE01A2,8,__import__.product_5259805,__import__.stock_production_lot_1703207_5259805
__import__.stock_inventory_line_1703219_5259826,__import__.location_loc_GGK205,1,__import__.product_5259826,__import__.stock_production_lot_1703219_5259826
__import__.stock_inventory_line_1703223_5307727,__import__.location_loc_GL09B5,103,__import__.product_5307727,__import__.stock_production_lot_1703223_5307727
__import__.stock_inventory_line_1703234_8002300,__import__.location_loc_GL13B3,15,__import__.product_8002300,__import__.stock_production_lot_1703234_8002300
__import__.stock_inventory_line_170324D_8270165,__import__.location_loc_GK12B4,36,__import__.product_8270165,__import__.stock_production_lot_170324D_8270165
__import__.stock_inventory_line_170325_8285551,__import__.location_loc_GD01C4,17,__import__.product_8285551,__import__.stock_production_lot_170325_8285551
__import__.stock_inventory_line_170325_8285568,__import__.location_loc_GC23B4,28,__import__.product_8285568,__import__.stock_production_lot_170325_8285568
__import__.stock_inventory_line_170325_8285657,__import__.location_loc_GD27A2,100,__import__.product_8285657,__import__.stock_production_lot_170325_8285657
__import__.stock_inventory_line_170325_8285686,__import__.location_loc_GGD101,158,__import__.product_8285686,__import__.stock_production_lot_170325_8285686
__import__.stock_inventory_line_170326_5304000,__import__.location_loc_GC09E3,7,__import__.product_5304000,__import__.stock_production_lot_170326_5304000
__import__.stock_inventory_line_170326SC_8063721,__import__.location_loc_GC30D3,915,__import__.product_8063721,__import__.stock_production_lot_170326SC_8063721
__import__.stock_inventory_line_170327SC_8063721,__import__.location_loc_GC30D3,2000,__import__.product_8063721,__import__.stock_production_lot_170327SC_8063721
__import__.stock_inventory_line_170330_5259879,__import__.location_loc_GF20F7,1,__import__.product_5259879,__import__.stock_production_lot_170330_5259879
__import__.stock_inventory_line_1703300P_8002381,__import__.location_loc_GL15B2,12,__import__.product_8002381,__import__.stock_production_lot_1703300P_8002381
__import__.stock_inventory_line_170331SB_8291132,__import__.location_loc_GC31C2,353,__import__.product_8291132,__import__.stock_production_lot_170331SB_8291132
__import__.stock_inventory_line_170332_6040051,__import__.location_loc_GC24D3,43,__import__.product_6040051,__import__.stock_production_lot_170332_6040051
__import__.stock_inventory_line_17034_0306158,__import__.location_loc_GK02A1,9,__import__.product_0306158,__import__.stock_production_lot_17034_0306158
__import__.stock_inventory_line_170341_2970846,__import__.location_loc_GD18E5,2,__import__.product_2970846,__import__.stock_production_lot_170341_2970846
__import__.stock_inventory_line_1703437004_1010310,__import__.location_loc_GGH308,10,__import__.product_1010310,__import__.stock_production_lot_1703437004_1010310
__import__.stock_inventory_line_1703437004_1010300,__import__.location_loc_GGE502,13,__import__.product_1010300,__import__.stock_production_lot_1703437004_1010300
__import__.stock_inventory_line_1703437004_1010330,__import__.location_loc_GE21C3,4,__import__.product_1010330,__import__.stock_production_lot_1703437004_1010330
__import__.stock_inventory_line_1703512_2187078,__import__.location_loc_GGE302,200,__import__.product_2187078,__import__.stock_production_lot_1703512_2187078
__import__.stock_inventory_line_170359A_3585833,__import__.location_loc_GF11C1,26,__import__.product_3585833,__import__.stock_production_lot_170359A_3585833
__import__.stock_inventory_line_170397B_2637551,__import__.location_loc_GBO204,68,__import__.product_2637551,__import__.stock_production_lot_170397B_2637551
__import__.stock_inventory_line_1704UI_8258732,__import__.location_loc_GF26A3,3,__import__.product_8258732,__import__.stock_production_lot_1704UI_8258732
__import__.stock_inventory_line_1704004P_6040042,__import__.location_loc_GK11B3,12,__import__.product_6040042,__import__.stock_production_lot_1704004P_6040042
__import__.stock_inventory_line_170401_5076650,__import__.location_loc_GBB302,4,__import__.product_5076650,__import__.stock_production_lot_170401_5076650
__import__.stock_inventory_line_170403_8000181,__import__.location_loc_GC26B2,45,__import__.product_8000181,__import__.stock_production_lot_170403_8000181
__import__.stock_inventory_line_170404A_6352419,__import__.location_loc_GC25A1,1095,__import__.product_6352419,__import__.stock_production_lot_170404A_6352419
__import__.stock_inventory_line_1704042_8101545,__import__.location_loc_GGM102,6,__import__.product_8101545,__import__.stock_production_lot_1704042_8101545
__import__.stock_inventory_line_1704044_5610553,__import__.location_loc_GD08C1,2,__import__.product_5610553,__import__.stock_production_lot_1704044_5610553
__import__.stock_inventory_line_1704045_8090899,__import__.location_loc_GBI403,2,__import__.product_8090899,__import__.stock_production_lot_1704045_8090899
__import__.stock_inventory_line_170405_8000169,__import__.location_loc_GC19D1,101,__import__.product_8000169,__import__.stock_production_lot_170405_8000169
__import__.stock_inventory_line_170406S_8270065,__import__.location_loc_GK03B5,18,__import__.product_8270065,__import__.stock_production_lot_170406S_8270065
__import__.stock_inventory_line_1704066_1623776,__import__.location_loc_GGH205,70,__import__.product_1623776,__import__.stock_production_lot_1704066_1623776
__import__.stock_inventory_line_170407_5910023,__import__.location_loc_GF24E1,3,__import__.product_5910023,__import__.stock_production_lot_170407_5910023
__import__.stock_inventory_line_170407_5112117,__import__.location_loc_EXA200,1,__import__.product_5112117,__import__.stock_production_lot_170407_5112117
__import__.stock_inventory_line_170407_5021628,__import__.location_loc_GZZ518,1,__import__.product_5021628,__import__.stock_production_lot_170407_5021628
__import__.stock_inventory_line_170407S_8270065,__import__.location_loc_GK03B5,73,__import__.product_8270065,__import__.stock_production_lot_170407S_8270065
__import__.stock_inventory_line_170408_5021524,__import__.location_loc_GC27D4,5,__import__.product_5021524,__import__.stock_production_lot_170408_5021524
__import__.stock_inventory_line_170409A_3533585,__import__.location_loc_GBY303,10,__import__.product_3533585,__import__.stock_production_lot_170409A_3533585
__import__.stock_inventory_line_170410E_3533593,__import__.location_loc_GBR402,23,__import__.product_3533593,__import__.stock_production_lot_170410E_3533593
__import__.stock_inventory_line_170412A_3533601,__import__.location_loc_GC02E1,15,__import__.product_3533601,__import__.stock_production_lot_170412A_3533601
__import__.stock_inventory_line_170413_7058414,__import__.location_loc_GC07C1,5,__import__.product_7058414,__import__.stock_production_lot_170413_7058414
__import__.stock_inventory_line_170414N_5140909,__import__.location_loc_GC14C3,1,__import__.product_5140909,__import__.stock_production_lot_170414N_5140909
__import__.stock_inventory_line_17041410_6742642,__import__.location_loc_GGE203,1101,__import__.product_6742642,__import__.stock_production_lot_17041410_6742642
__import__.stock_inventory_line_170416_8000146,__import__.location_loc_GC16B3,17,__import__.product_8000146,__import__.stock_production_lot_170416_8000146
__import__.stock_inventory_line_170416L_5356004,__import__.location_loc_GC12C3,7,__import__.product_5356004,__import__.stock_production_lot_170416L_5356004
__import__.stock_inventory_line_170421B_8002501,__import__.location_loc_GK05B5,42,__import__.product_8002501,__import__.stock_production_lot_170421B_8002501
__import__.stock_inventory_line_170425_5150005,__import__.location_loc_GC13B3,9,__import__.product_5150005,__import__.stock_production_lot_170425_5150005
__import__.stock_inventory_line_1704254P_8433419,__import__.location_loc_GC14B4,11,__import__.product_8433419,__import__.stock_production_lot_1704254P_8433419
__import__.stock_inventory_line_170426_5624005,__import__.location_loc_GD30A4,5,__import__.product_5624005,__import__.stock_production_lot_170426_5624005
__import__.stock_inventory_line_1704448304_1010340,__import__.location_loc_GD29B5,4,__import__.product_1010340,__import__.stock_production_lot_1704448304_1010340
__import__.stock_inventory_line_17045M22_5119091,__import__.location_loc_GAF300,9,__import__.product_5119091,__import__.stock_production_lot_17045M22_5119091
__import__.stock_inventory_line_170480039_8035392,__import__.location_loc_EXK400,4,__import__.product_8035392,__import__.stock_production_lot_170480039_8035392
__import__.stock_inventory_line_170493_3130655,__import__.location_loc_GE26A2,50,__import__.product_3130655,__import__.stock_production_lot_170493_3130655
__import__.stock_inventory_line_170498A_2064558,__import__.location_loc_GGE206,5,__import__.product_2064558,__import__.stock_production_lot_170498A_2064558
__import__.stock_inventory_line_1705_3455394,__import__.location_loc_GD08D4,4,__import__.product_3455394,__import__.stock_production_lot_1705_3455394
__import__.stock_inventory_line_170502_3205242,__import__.location_loc_GGU202,7,__import__.product_3205242,__import__.stock_production_lot_170502_3205242
__import__.stock_inventory_line_170502_8000063,__import__.location_loc_GC03E1,5,__import__.product_8000063,__import__.stock_production_lot_170502_8000063
__import__.stock_inventory_line_1705038_5610509,__import__.location_loc_GE10B1,4,__import__.product_5610509,__import__.stock_production_lot_1705038_5610509
__import__.stock_inventory_line_1705039_5610519,__import__.location_loc_GF19A2,8,__import__.product_5610519,__import__.stock_production_lot_1705039_5610519
__import__.stock_inventory_line_1705039_5610502,__import__.location_loc_GE08A3,10,__import__.product_5610502,__import__.stock_production_lot_1705039_5610502
__import__.stock_inventory_line_170504_5091155,__import__.location_loc_EOA203,1,__import__.product_5091155,__import__.stock_production_lot_170504_5091155
__import__.stock_inventory_line_170504_5091156,__import__.location_loc_EOB122,2,__import__.product_5091156,__import__.stock_production_lot_170504_5091156
__import__.stock_inventory_line_170505_5000115,__import__.location_loc_GC09C1,3,__import__.product_5000115,__import__.stock_production_lot_170505_5000115
__import__.stock_inventory_line_170505_5920119,__import__.location_loc_GF20B7,7,__import__.product_5920119,__import__.stock_production_lot_170505_5920119
__import__.stock_inventory_line_170505_0826768,__import__.location_loc_GGR102,2,__import__.product_0826768,__import__.stock_production_lot_170505_0826768
__import__.stock_inventory_line_170505_5116015,__import__.location_loc_GZZ512,3,__import__.product_5116015,__import__.stock_production_lot_170505_5116015
__import__.stock_inventory_line_170506_1201519,__import__.location_loc_GC11B2,34,__import__.product_1201519,__import__.stock_production_lot_170506_1201519
__import__.stock_inventory_line_170506_1301524,__import__.location_loc_GD12B2,20,__import__.product_1301524,__import__.stock_production_lot_170506_1301524
__import__.stock_inventory_line_170506_5320524,__import__.location_loc_EXA600,1,__import__.product_5320524,__import__.stock_production_lot_170506_5320524
__import__.stock_inventory_line_170506_5911023,__import__.location_loc_GD14D5,3,__import__.product_5911023,__import__.stock_production_lot_170506_5911023
__import__.stock_inventory_line_170508C_8270067,__import__.location_loc_GC10D2,12,__import__.product_8270067,__import__.stock_production_lot_170508C_8270067
__import__.stock_inventory_line_170508D_6352225,__import__.location_loc_GC32C2,2000,__import__.product_6352225,__import__.stock_production_lot_170508D_6352225
__import__.stock_inventory_line_17051_1400903,__import__.location_loc_GGK103,18,__import__.product_1400903,__import__.stock_production_lot_17051_1400903
__import__.stock_inventory_line_170510_7920057,__import__.location_loc_EXA500,5,__import__.product_7920057,__import__.stock_production_lot_170510_7920057
__import__.stock_inventory_line_170510S_8270065,__import__.location_loc_GK03B5,18,__import__.product_8270065,__import__.stock_production_lot_170510S_8270065
__import__.stock_inventory_line_170513SB_8291132,__import__.location_loc_GC31C2,1000,__import__.product_8291132,__import__.stock_production_lot_170513SB_8291132
__import__.stock_inventory_line_170515_6040051,__import__.location_loc_GC24D3,59,__import__.product_6040051,__import__.stock_production_lot_170515_6040051
__import__.stock_inventory_line_170516_8000175,__import__.location_loc_GC19A1,68,__import__.product_8000175,__import__.stock_production_lot_170516_8000175
__import__.stock_inventory_line_170518_5300635,__import__.location_loc_GC05B1,31,__import__.product_5300635,__import__.stock_production_lot_170518_5300635
__import__.stock_inventory_line_170519_6040053,__import__.location_loc_GC04D2,17,__import__.product_6040053,__import__.stock_production_lot_170519_6040053
__import__.stock_inventory_line_170520W_8002493,__import__.location_loc_GK13B1,35,__import__.product_8002493,__import__.stock_production_lot_170520W_8002493
__import__.stock_inventory_line_170522N_5140909,__import__.location_loc_GC14C3,12,__import__.product_5140909,__import__.stock_production_lot_170522N_5140909
__import__.stock_inventory_line_170523_8000152,__import__.location_loc_GC14A2,12,__import__.product_8000152,__import__.stock_production_lot_170523_8000152
__import__.stock_inventory_line_170523W_8002493,__import__.location_loc_GK13B1,36,__import__.product_8002493,__import__.stock_production_lot_170523W_8002493
__import__.stock_inventory_line_170524L_8002470,__import__.location_loc_GK05A1,232,__import__.product_8002470,__import__.stock_production_lot_170524L_8002470
__import__.stock_inventory_line_170527_5304100,__import__.location_loc_GH09C2,4,__import__.product_5304100,__import__.stock_production_lot_170527_5304100
__import__.stock_inventory_line_170527N_8270066,__import__.location_loc_GK01A5,120,__import__.product_8270066,__import__.stock_production_lot_170527N_8270066
__import__.stock_inventory_line_170528N_8270066,__import__.location_loc_GK01A5,90,__import__.product_8270066,__import__.stock_production_lot_170528N_8270066
__import__.stock_inventory_line_1705294P_8002369,__import__.location_loc_GK12B2,21,__import__.product_8002369,__import__.stock_production_lot_1705294P_8002369
__import__.stock_inventory_line_170530_8000198,__import__.location_loc_GC22A2,30,__import__.product_8000198,__import__.stock_production_lot_170530_8000198
__import__.stock_inventory_line_170531_2970838,__import__.location_loc_GC26A2,3,__import__.product_2970838,__import__.stock_production_lot_170531_2970838
__import__.stock_inventory_line_17055KAO_2564748,__import__.location_loc_GD23A1,2,__import__.product_2564748,__import__.stock_production_lot_17055KAO_2564748
__import__.stock_inventory_line_1705530_3052388,__import__.location_loc_GGC302,50,__import__.product_3052388,__import__.stock_production_lot_1705530_3052388
__import__.stock_inventory_line_170554C_3571635,__import__.location_loc_GE22B2,76,__import__.product_3571635,__import__.stock_production_lot_170554C_3571635
__import__.stock_inventory_line_1705809P_5259823,__import__.location_loc_GGR202,1,__import__.product_5259823,__import__.stock_production_lot_1705809P_5259823
__import__.stock_inventory_line_1706007S01_5047500,__import__.location_loc_GGT401,7,__import__.product_5047500,__import__.stock_production_lot_1706007S01_5047500
__import__.stock_inventory_line_170603_5920124,__import__.location_loc_GE09G7,4,__import__.product_5920124,__import__.stock_production_lot_170603_5920124
__import__.stock_inventory_line_170603_5113153,__import__.location_loc_GF21D3,8,__import__.product_5113153,__import__.stock_production_lot_170603_5113153
__import__.stock_inventory_line_170603_5130024,__import__.location_loc_GGA406,7,__import__.product_5130024,__import__.stock_production_lot_170603_5130024
__import__.stock_inventory_line_1706054_8091479,__import__.location_loc_GC15B1,10,__import__.product_8091479,__import__.stock_production_lot_1706054_8091479
__import__.stock_inventory_line_170606_8000040,__import__.location_loc_GC20C2,20,__import__.product_8000040,__import__.stock_production_lot_170606_8000040
__import__.stock_inventory_line_170608C_2637593,__import__.location_loc_GBK307,34,__import__.product_2637593,__import__.stock_production_lot_170608C_2637593
__import__.stock_inventory_line_1706102_8002292,__import__.location_loc_GC10A1,35,__import__.product_8002292,__import__.stock_production_lot_1706102_8002292
__import__.stock_inventory_line_1706122_8002286,__import__.location_loc_GC22B5,16,__import__.product_8002286,__import__.stock_production_lot_1706122_8002286
__import__.stock_inventory_line_170616_6040055,__import__.location_loc_GC05A1,8,__import__.product_6040055,__import__.stock_production_lot_170616_6040055
__import__.stock_inventory_line_1706214_5307736,__import__.location_loc_GK12B6,9,__import__.product_5307736,__import__.stock_production_lot_1706214_5307736
__import__.stock_inventory_line_170622W3B_8433537,__import__.location_loc_QJA115,5,__import__.product_8433537,__import__.stock_production_lot_170622W3B_8433537
__import__.stock_inventory_line_170664C_3585841,__import__.location_loc_GD13C1,59,__import__.product_3585841,__import__.stock_production_lot_170664C_3585841
__import__.stock_inventory_line_170679_5610569,__import__.location_loc_GC22B1,1,__import__.product_5610569,__import__.stock_production_lot_170679_5610569
__import__.stock_inventory_line_170681_4341092,__import__.location_loc_GD02G6,1,__import__.product_4341092,__import__.stock_production_lot_170681_4341092
__import__.stock_inventory_line_1707006_5405244,__import__.location_loc_GF13C3,1,__import__.product_5405244,__import__.stock_production_lot_1707006_5405244
__import__.stock_inventory_line_1707024_6040042,__import__.location_loc_GK11B3,160,__import__.product_6040042,__import__.stock_production_lot_1707024_6040042
__import__.stock_inventory_line_170708_8000154,__import__.location_loc_GC08D2,4,__import__.product_8000154,__import__.stock_production_lot_170708_8000154
__import__.stock_inventory_line_170709_8000063,__import__.location_loc_GC03E1,15,__import__.product_8000063,__import__.stock_production_lot_170709_8000063
__import__.stock_inventory_line_170711_8000117,__import__.location_loc_GC22D3,79,__import__.product_8000117,__import__.stock_production_lot_170711_8000117
__import__.stock_inventory_line_1707153_8002263,__import__.location_loc_GK13B6,66,__import__.product_8002263,__import__.stock_production_lot_1707153_8002263
__import__.stock_inventory_line_1707154_5307731,__import__.location_loc_GK03B4,40,__import__.product_5307731,__import__.stock_production_lot_1707154_5307731
__import__.stock_inventory_line_170716_8000034,__import__.location_loc_GC30A2,54,__import__.product_8000034,__import__.stock_production_lot_170716_8000034
__import__.stock_inventory_line_1707206_8002286,__import__.location_loc_GC22B5,20,__import__.product_8002286,__import__.stock_production_lot_1707206_8002286
__import__.stock_inventory_line_170791_4896708,__import__.location_loc_GD22G6,7,__import__.product_4896708,__import__.stock_production_lot_170791_4896708
__import__.stock_inventory_line_170800876_1035724,__import__.location_loc_GI11A3,964,__import__.product_1035724,__import__.stock_production_lot_170800876_1035724
__import__.stock_inventory_line_17080351PF01_5432007,__import__.location_loc_GK01B6,196,__import__.product_5432007,__import__.stock_production_lot_17080351PF01_5432007
__import__.stock_inventory_line_170804_8000175,__import__.location_loc_GC19A1,150,__import__.product_8000175,__import__.stock_production_lot_170804_8000175
__import__.stock_inventory_line_170810_5042541,__import__.location_loc_GE13A3,2,__import__.product_5042541,__import__.stock_production_lot_170810_5042541
__import__.stock_inventory_line_170810_8000169,__import__.location_loc_GC19D1,282,__import__.product_8000169,__import__.stock_production_lot_170810_8000169
__import__.stock_inventory_line_1708144_8002263,__import__.location_loc_GK13B6,180,__import__.product_8002263,__import__.stock_production_lot_1708144_8002263
__import__.stock_inventory_line_17081452PF01_5416453,__import__.location_loc_GC28D4,392,__import__.product_5416453,__import__.stock_production_lot_17081452PF01_5416453
__import__.stock_inventory_line_170831_2970820,__import__.location_loc_GD11B4,1,__import__.product_2970820,__import__.stock_production_lot_170831_2970820
__import__.stock_inventory_line_170870_2947786,__import__.location_loc_GE11G1,13,__import__.product_2947786,__import__.stock_production_lot_170870_2947786
__import__.stock_inventory_line_170871_2970812,__import__.location_loc_GGM203,12,__import__.product_2970812,__import__.stock_production_lot_170871_2970812
__import__.stock_inventory_line_170909_5113156,__import__.location_loc_GD03C5,2,__import__.product_5113156,__import__.stock_production_lot_170909_5113156
__import__.stock_inventory_line_17091_5473653,__import__.location_loc_GGR601,4,__import__.product_5473653,__import__.stock_production_lot_17091_5473653
__import__.stock_inventory_line_170914_5710545,__import__.location_loc_GF17E2,2,__import__.product_5710545,__import__.stock_production_lot_170914_5710545
__import__.stock_inventory_line_170918_5610528,__import__.location_loc_GD08B1,1,__import__.product_5610528,__import__.stock_production_lot_170918_5610528
__import__.stock_inventory_line_170992_3130655,__import__.location_loc_GE26A2,48,__import__.product_3130655,__import__.stock_production_lot_170992_3130655
__import__.stock_inventory_line_170995_3130663,__import__.location_loc_GF21D2,16,__import__.product_3130663,__import__.stock_production_lot_170995_3130663
__import__.stock_inventory_line_17103984_8038114,__import__.location_loc_GC23B1,160,__import__.product_8038114,__import__.stock_production_lot_17103984_8038114
__import__.stock_inventory_line_17105M17_5119091,__import__.location_loc_GAF300,12,__import__.product_5119091,__import__.stock_production_lot_17105M17_5119091
__import__.stock_inventory_line_1711B_0181396,__import__.location_loc_GF30A5,5,__import__.product_0181396,__import__.stock_production_lot_1711B_0181396
__import__.stock_inventory_line_1711231C_8063359,__import__.location_loc_GE07F2,42,__import__.product_8063359,__import__.stock_production_lot_1711231C_8063359
__import__.stock_inventory_line_171136_5610568,__import__.location_loc_GE01C4,2,__import__.product_5610568,__import__.stock_production_lot_171136_5610568
__import__.stock_inventory_line_171137_5610525,__import__.location_loc_GD27C3,13,__import__.product_5610525,__import__.stock_production_lot_171137_5610525
__import__.stock_inventory_line_171138_5610573,__import__.location_loc_GF31B7,3,__import__.product_5610573,__import__.stock_production_lot_171138_5610573
__import__.stock_inventory_line_171139_5610518,__import__.location_loc_GE22C2,1,__import__.product_5610518,__import__.stock_production_lot_171139_5610518
__import__.stock_inventory_line_1711412319_0180810,__import__.location_loc_GD10C3,20,__import__.product_0180810,__import__.stock_production_lot_1711412319_0180810
__import__.stock_inventory_line_17114404_2997674,__import__.location_loc_GK09A4,33,__import__.product_2997674,__import__.stock_production_lot_17114404_2997674
__import__.stock_inventory_line_171172_5610510,__import__.location_loc_GD17D4,2,__import__.product_5610510,__import__.stock_production_lot_171172_5610510
__import__.stock_inventory_line_1711720607_5170109,__import__.location_loc_GL02A7,3,__import__.product_5170109,__import__.stock_production_lot_1711720607_5170109
__import__.stock_inventory_line_171221_2970820,__import__.location_loc_GD11B4,4,__import__.product_2970820,__import__.stock_production_lot_171221_2970820
__import__.stock_inventory_line_171224_5165352,__import__.location_loc_EXV200,3,__import__.product_5165352,__import__.stock_production_lot_171224_5165352
__import__.stock_inventory_line_171233_2582578,__import__.location_loc_GGB107,7,__import__.product_2582578,__import__.stock_production_lot_171233_2582578
__import__.stock_inventory_line_171264_5610557,__import__.location_loc_GF20E5,2,__import__.product_5610557,__import__.stock_production_lot_171264_5610557
__import__.stock_inventory_line_171265_5710545,__import__.location_loc_GF17E2,10,__import__.product_5710545,__import__.stock_production_lot_171265_5710545
__import__.stock_inventory_line_171267_5610561,__import__.location_loc_GF26A4,3,__import__.product_5610561,__import__.stock_production_lot_171267_5610561
__import__.stock_inventory_line_171268_5610568,__import__.location_loc_GE01C4,2,__import__.product_5610568,__import__.stock_production_lot_171268_5610568
__import__.stock_inventory_line_171273_5610503,__import__.location_loc_GE26D4,1,__import__.product_5610503,__import__.stock_production_lot_171273_5610503
__import__.stock_inventory_line_171279_6733353,__import__.location_loc_GE20C5,16,__import__.product_6733353,__import__.stock_production_lot_171279_6733353
__import__.stock_inventory_line_1713106_9512035,__import__.location_loc_GC02A3,2,__import__.product_9512035,__import__.stock_production_lot_1713106_9512035
__import__.stock_inventory_line_171467_3437647,__import__.location_loc_GF09C4,14,__import__.product_3437647,__import__.stock_production_lot_171467_3437647
__import__.stock_inventory_line_17151M04_5500445,__import__.location_loc_GD28D4,3,__import__.product_5500445,__import__.stock_production_lot_17151M04_5500445
__import__.stock_inventory_line_1715674_5184006,__import__.location_loc_GBK211,3066,__import__.product_5184006,__import__.stock_production_lot_1715674_5184006
__import__.stock_inventory_line_1715704G_5042505,__import__.location_loc_GC31C1,20,__import__.product_5042505,__import__.stock_production_lot_1715704G_5042505
__import__.stock_inventory_line_1715704P_5259824,__import__.location_loc_GE06A3,2,__import__.product_5259824,__import__.stock_production_lot_1715704P_5259824
__import__.stock_inventory_line_17163407_3083763,__import__.location_loc_GK13A5,13,__import__.product_3083763,__import__.stock_production_lot_17163407_3083763
__import__.stock_inventory_line_1716413305_0175471,__import__.location_loc_GD21B2,3,__import__.product_0175471,__import__.stock_production_lot_1716413305_0175471
__import__.stock_inventory_line_17170SM_5230350,__import__.location_loc_GF18C3,24,__import__.product_5230350,__import__.stock_production_lot_17170SM_5230350
__import__.stock_inventory_line_17180SM_5230350,__import__.location_loc_GF18C3,6,__import__.product_5230350,__import__.stock_production_lot_17180SM_5230350
__import__.stock_inventory_line_17190186_8038137,__import__.location_loc_GC19D2,120,__import__.product_8038137,__import__.stock_production_lot_17190186_8038137
__import__.stock_inventory_line_1719213305_0175497,__import__.location_loc_GD20D6,5,__import__.product_0175497,__import__.stock_production_lot_1719213305_0175497
__import__.stock_inventory_line_17194591_8038120,__import__.location_loc_GC21D2,200,__import__.product_8038120,__import__.stock_production_lot_17194591_8038120
__import__.stock_inventory_line_1720B_5924500,__import__.location_loc_GC08D3,4,__import__.product_5924500,__import__.stock_production_lot_1720B_5924500
__import__.stock_inventory_line_172019_8024046,__import__.location_loc_EXJ715,100,__import__.product_8024046,__import__.stock_production_lot_172019_8024046
__import__.stock_inventory_line_17205533_8038137,__import__.location_loc_GC19D2,64,__import__.product_8038137,__import__.stock_production_lot_17205533_8038137
__import__.stock_inventory_line_17216413_2837250,__import__.location_loc_GK14A1,23,__import__.product_2837250,__import__.stock_production_lot_17216413_2837250
__import__.stock_inventory_line_1723111_5512039,__import__.location_loc_GE21C2,2,__import__.product_5512039,__import__.stock_production_lot_1723111_5512039
__import__.stock_inventory_line_17233L_5042509,__import__.location_loc_GH11B5,12,__import__.product_5042509,__import__.stock_production_lot_17233L_5042509
__import__.stock_inventory_line_172507_2271088,__import__.location_loc_GBM403,17,__import__.product_2271088,__import__.stock_production_lot_172507_2271088
__import__.stock_inventory_line_172508_2271096,__import__.location_loc_GBG405,162,__import__.product_2271096,__import__.stock_production_lot_172508_2271096
__import__.stock_inventory_line_172571_8104638,__import__.location_loc_GH31D3,1,__import__.product_8104638,__import__.stock_production_lot_172571_8104638
__import__.stock_inventory_line_17261_8024000,__import__.location_loc_EXK500,1,__import__.product_8024000,__import__.stock_production_lot_17261_8024000
__import__.stock_inventory_line_172665_8104621,__import__.location_loc_GF28D6,1,__import__.product_8104621,__import__.stock_production_lot_172665_8104621
__import__.stock_inventory_line_17280317_5610548,__import__.location_loc_GE01D4,1,__import__.product_5610548,__import__.stock_production_lot_17280317_5610548
__import__.stock_inventory_line_17291P0001_7930121,__import__.location_loc_GE28D2,1,__import__.product_7930121,__import__.stock_production_lot_17291P0001_7930121
__import__.stock_inventory_line_17311_8024000,__import__.location_loc_EXK500,4,__import__.product_8024000,__import__.stock_production_lot_17311_8024000
__import__.stock_inventory_line_1733737_2684884,__import__.location_loc_GD28E6,122,__import__.product_2684884,__import__.stock_production_lot_1733737_2684884
__import__.stock_inventory_line_17343P0001_7930121,__import__.location_loc_GE28D2,1,__import__.product_7930121,__import__.stock_production_lot_17343P0001_7930121
__import__.stock_inventory_line_1735155_1300185,__import__.location_loc_GF14E3,26,__import__.product_1300185,__import__.stock_production_lot_1735155_1300185
__import__.stock_inventory_line_1737965_3414620,__import__.location_loc_GD29A5,75,__import__.product_3414620,__import__.stock_production_lot_1737965_3414620
__import__.stock_inventory_line_1743106_9512035,__import__.location_loc_GC02A3,3,__import__.product_9512035,__import__.stock_production_lot_1743106_9512035
__import__.stock_inventory_line_174480_1013168,__import__.location_loc_GBF201,24,__import__.product_1013168,__import__.stock_production_lot_174480_1013168
__import__.stock_inventory_line_1747328_1271741,__import__.location_loc_GE23D1,21,__import__.product_1271741,__import__.stock_production_lot_1747328_1271741
__import__.stock_inventory_line_1747825_1070499,__import__.location_loc_GE28A3,29,__import__.product_1070499,__import__.stock_production_lot_1747825_1070499
__import__.stock_inventory_line_175012AS07_2586683,__import__.location_loc_GE09G4,8,__import__.product_2586683,__import__.stock_production_lot_175012AS07_2586683
__import__.stock_inventory_line_1755908_2684884,__import__.location_loc_GD28E6,80,__import__.product_2684884,__import__.stock_production_lot_1755908_2684884
__import__.stock_inventory_line_176203_1193457,__import__.location_loc_GAC350,56,__import__.product_1193457,__import__.stock_production_lot_176203_1193457
__import__.stock_inventory_line_1765117_1300185,__import__.location_loc_GF14E3,37,__import__.product_1300185,__import__.stock_production_lot_1765117_1300185
__import__.stock_inventory_line_1767154_2470565,__import__.location_loc_GE32B4,78,__import__.product_2470565,__import__.stock_production_lot_1767154_2470565
__import__.stock_inventory_line_1767254_1070499,__import__.location_loc_GE28A3,27,__import__.product_1070499,__import__.stock_production_lot_1767254_1070499
__import__.stock_inventory_line_1767259_1070499,__import__.location_loc_GE28A3,89,__import__.product_1070499,__import__.stock_production_lot_1767259_1070499
__import__.stock_inventory_line_17700503_3033768,__import__.location_loc_QEC420,79,__import__.product_3033768,__import__.stock_production_lot_17700503_3033768
__import__.stock_inventory_line_17729_6040051,__import__.location_loc_GC24D3,200,__import__.product_6040051,__import__.stock_production_lot_17729_6040051
__import__.stock_inventory_line_17762701_8031023,__import__.location_loc_QED315,2,__import__.product_8031023,__import__.stock_production_lot_17762701_8031023
__import__.stock_inventory_line_17767901_2368231,__import__.location_loc_QAD310,179,__import__.product_2368231,__import__.stock_production_lot_17767901_2368231
__import__.stock_inventory_line_179B2_2488757,__import__.location_loc_GBD317,10,__import__.product_2488757,__import__.stock_production_lot_179B2_2488757
__import__.stock_inventory_line_18A9_3412871,__import__.location_loc_GBO305,18,__import__.product_3412871,__import__.stock_production_lot_18A9_3412871
__import__.stock_inventory_line_18B17Y2_5150909,__import__.location_loc_GD25B5,2,__import__.product_5150909,__import__.stock_production_lot_18B17Y2_5150909
__import__.stock_inventory_line_180126_5100311,__import__.location_loc_QFE330,1,__import__.product_5100311,__import__.stock_production_lot_180126_5100311
__import__.stock_inventory_line_1804DA040_5700010,__import__.location_loc_QEF220,49,__import__.product_5700010,__import__.stock_production_lot_1804DA040_5700010
__import__.stock_inventory_line_1804DA054_5700010,__import__.location_loc_QEF220,15,__import__.product_5700010,__import__.stock_production_lot_1804DA054_5700010
__import__.stock_inventory_line_181752_0037077,__import__.location_loc_GBA301,166,__import__.product_0037077,__import__.stock_production_lot_181752_0037077
__import__.stock_inventory_line_183178_2271088,__import__.location_loc_GBM403,56,__import__.product_2271088,__import__.stock_production_lot_183178_2271088
__import__.stock_inventory_line_18334809_2368231,__import__.location_loc_QAD310,18,__import__.product_2368231,__import__.stock_production_lot_18334809_2368231
__import__.stock_inventory_line_183863A_3410214,__import__.location_loc_GC26A3,19,__import__.product_3410214,__import__.stock_production_lot_183863A_3410214
__import__.stock_inventory_line_183865G_3410214,__import__.location_loc_GC26A3,35,__import__.product_3410214,__import__.stock_production_lot_183865G_3410214
__import__.stock_inventory_line_184A1_2700680,__import__.location_loc_GBM207,5,__import__.product_2700680,__import__.stock_production_lot_184A1_2700680
__import__.stock_inventory_line_184254_6921474,__import__.location_loc_GF22G6,1,__import__.product_6921474,__import__.stock_production_lot_184254_6921474
__import__.stock_inventory_line_184644_2269017,__import__.location_loc_GGU102,29,__import__.product_2269017,__import__.stock_production_lot_184644_2269017
__import__.stock_inventory_line_185027B_2931137,__import__.location_loc_GC14B2,29,__import__.product_2931137,__import__.stock_production_lot_185027B_2931137
__import__.stock_inventory_line_18532401_3296431,__import__.location_loc_QBF310,28,__import__.product_3296431,__import__.stock_production_lot_18532401_3296431
__import__.stock_inventory_line_185656_3282134,__import__.location_loc_GC05F7,25,__import__.product_3282134,__import__.stock_production_lot_185656_3282134
__import__.stock_inventory_line_186A1_2814986,__import__.location_loc_GAE120,3,__import__.product_2814986,__import__.stock_production_lot_186A1_2814986
__import__.stock_inventory_line_186597_2420685,__import__.location_loc_GK09B6,3,__import__.product_2420685,__import__.stock_production_lot_186597_2420685
__import__.stock_inventory_line_188789_2246536,__import__.location_loc_QNA220,1867,__import__.product_2246536,__import__.stock_production_lot_188789_2246536
__import__.stock_inventory_line_188870_5163501,__import__.location_loc_GF32A2,3,__import__.product_5163501,__import__.stock_production_lot_188870_5163501
__import__.stock_inventory_line_189711_1073378,__import__.location_loc_QKA220,8,__import__.product_1073378,__import__.stock_production_lot_189711_1073378
__import__.stock_inventory_line_19A8_3412889,__import__.location_loc_GBC104,14,__import__.product_3412889,__import__.stock_production_lot_19A8_3412889
__import__.stock_inventory_line_190040_1800156,__import__.location_loc_QCE320,25,__import__.product_1800156,__import__.stock_production_lot_190040_1800156
__import__.stock_inventory_line_190042_1800156,__import__.location_loc_QCE320,1,__import__.product_1800156,__import__.stock_production_lot_190042_1800156
__import__.stock_inventory_line_190419_5236005,__import__.location_loc_AF08B2,59,__import__.product_5236005,__import__.stock_production_lot_190419_5236005
__import__.stock_inventory_line_1909081_7110020,__import__.location_loc_GBX405,385,__import__.product_7110020,__import__.stock_production_lot_1909081_7110020
__import__.stock_inventory_line_191215_2506038,__import__.location_loc_GBA503,139,__import__.product_2506038,__import__.stock_production_lot_191215_2506038
__import__.stock_inventory_line_191247_1354307,__import__.location_loc_GBM107,17,__import__.product_1354307,__import__.stock_production_lot_191247_1354307
__import__.stock_inventory_line_192A1_2713998,__import__.location_loc_GD20C2,1,__import__.product_2713998,__import__.stock_production_lot_192A1_2713998
__import__.stock_inventory_line_19245_8007148,__import__.location_loc_GE11G5,5,__import__.product_8007148,__import__.stock_production_lot_19245_8007148
__import__.stock_inventory_line_193A4_2814986,__import__.location_loc_GAE120,12,__import__.product_2814986,__import__.stock_production_lot_193A4_2814986
__import__.stock_inventory_line_193B7AD_2552271,__import__.location_loc_GC06B6,192,__import__.product_2552271,__import__.stock_production_lot_193B7AD_2552271
__import__.stock_inventory_line_1935226A_3597804,__import__.location_loc_GBX411,58,__import__.product_3597804,__import__.stock_production_lot_1935226A_3597804
__import__.stock_inventory_line_1935241A_3597770,__import__.location_loc_GBA107,249,__import__.product_3597770,__import__.stock_production_lot_1935241A_3597770
__import__.stock_inventory_line_193624_2965010,__import__.location_loc_GAI130,2,__import__.product_2965010,__import__.stock_production_lot_193624_2965010
__import__.stock_inventory_line_195021C_3410222,__import__.location_loc_GC28C3,269,__import__.product_3410222,__import__.stock_production_lot_195021C_3410222
__import__.stock_inventory_line_195203_2269009,__import__.location_loc_GF10C1,22,__import__.product_2269009,__import__.stock_production_lot_195203_2269009
__import__.stock_inventory_line_195209_3145125,__import__.location_loc_GI13B3,3,__import__.product_3145125,__import__.stock_production_lot_195209_3145125
__import__.stock_inventory_line_195244_2420685,__import__.location_loc_GK09B6,19,__import__.product_2420685,__import__.stock_production_lot_195244_2420685
__import__.stock_inventory_line_196A4_6823458,__import__.location_loc_GE09D4,5,__import__.product_6823458,__import__.stock_production_lot_196A4_6823458
__import__.stock_inventory_line_196612_5512030,__import__.location_loc_GZZ408,1,__import__.product_5512030,__import__.stock_production_lot_196612_5512030
__import__.stock_inventory_line_197A2_6823458,__import__.location_loc_GE09D4,15,__import__.product_6823458,__import__.stock_production_lot_197A2_6823458
__import__.stock_inventory_line_197A3_6857888,__import__.location_loc_GF21B6,2,__import__.product_6857888,__import__.stock_production_lot_197A3_6857888
__import__.stock_inventory_line_197B7CB_3433869,__import__.location_loc_GE20A5,126,__import__.product_3433869,__import__.stock_production_lot_197B7CB_3433869
__import__.stock_inventory_line_197F_9512010,__import__.location_loc_GD02B7,3,__import__.product_9512010,__import__.stock_production_lot_197F_9512010
__import__.stock_inventory_line_198A1_2700680,__import__.location_loc_GBM207,80,__import__.product_2700680,__import__.stock_production_lot_198A1_2700680
__import__.stock_inventory_line_198A3_6857888,__import__.location_loc_GF21B6,2,__import__.product_6857888,__import__.stock_production_lot_198A3_6857888
__import__.stock_inventory_line_199510A_3571478,__import__.location_loc_GE20B6,98,__import__.product_3571478,__import__.stock_production_lot_199510A_3571478
__import__.stock_inventory_line_199714_1198068,__import__.location_loc_GI11B4,440,__import__.product_1198068,__import__.stock_production_lot_199714_1198068
__import__.stock_inventory_line_199930_1403294,__import__.location_loc_GAH135,9,__import__.product_1403294,__import__.stock_production_lot_199930_1403294
__import__.stock_inventory_line_2C951_2710515,__import__.location_loc_GD17A4,28,__import__.product_2710515,__import__.stock_production_lot_2C951_2710515
__import__.stock_inventory_line_2J151_5801748,__import__.location_loc_QZZ748,9,__import__.product_5801748,__import__.stock_production_lot_2J151_5801748
__import__.stock_inventory_line_2P651_5430807,__import__.location_loc_GD22A5,5,__import__.product_5430807,__import__.stock_production_lot_2P651_5430807
__import__.stock_inventory_line_2S963_5823400,__import__.location_loc_QDA415,21,__import__.product_5823400,__import__.stock_production_lot_2S963_5823400
__import__.stock_inventory_line_200102_1300235,__import__.location_loc_QCC220,4,__import__.product_1300235,__import__.stock_production_lot_200102_1300235
__import__.stock_inventory_line_2004432_8029664,__import__.location_loc_GF28B8,1,__import__.product_8029664,__import__.stock_production_lot_2004432_8029664
__import__.stock_inventory_line_20091631A_5560454,__import__.location_loc_GD08C6,4,__import__.product_5560454,__import__.stock_production_lot_20091631A_5560454
__import__.stock_inventory_line_2013F04_5836681,__import__.location_loc_GL09A3,52,__import__.product_5836681,__import__.stock_production_lot_2013F04_5836681
__import__.stock_inventory_line_201312_8270002,__import__.location_loc_GBX107,722,__import__.product_8270002,__import__.stock_production_lot_201312_8270002
__import__.stock_inventory_line_2014A20_5836682,__import__.location_loc_GL07B3,5,__import__.product_5836682,__import__.stock_production_lot_2014A20_5836682
__import__.stock_inventory_line_20141230_8230730,__import__.location_loc_GC10A3,1,__import__.product_8230730,__import__.stock_production_lot_20141230_8230730
__import__.stock_inventory_line_2015010170_8206988,__import__.location_loc_GGS402,11,__import__.product_8206988,__import__.stock_production_lot_2015010170_8206988
__import__.stock_inventory_line_2015010363_8383271,__import__.location_loc_GF14A5,1,__import__.product_8383271,__import__.stock_production_lot_2015010363_8383271
__import__.stock_inventory_line_201503_3364353,__import__.location_loc_GE09B1,6,__import__.product_3364353,__import__.stock_production_lot_201503_3364353
__import__.stock_inventory_line_20150315_8223455,__import__.location_loc_GF20C3,19,__import__.product_8223455,__import__.stock_production_lot_20150315_8223455
__import__.stock_inventory_line_20150395_3381274,__import__.location_loc_GL10B5,13,__import__.product_3381274,__import__.stock_production_lot_20150395_3381274
__import__.stock_inventory_line_20150395_3381266,__import__.location_loc_GBB304,16,__import__.product_3381266,__import__.stock_production_lot_20150395_3381266
__import__.stock_inventory_line_20150398_3381308,__import__.location_loc_GF19A4,2,__import__.product_3381308,__import__.stock_production_lot_20150398_3381308
__import__.stock_inventory_line_20150398_3381290,__import__.location_loc_GBR305,12,__import__.product_3381290,__import__.stock_production_lot_20150398_3381290
__import__.stock_inventory_line_20150506_8031513,__import__.location_loc_GC26D4,1,__import__.product_8031513,__import__.stock_production_lot_20150506_8031513
__import__.stock_inventory_line_20150512_8031543,__import__.location_loc_GC01D4,2,__import__.product_8031543,__import__.stock_production_lot_20150512_8031543
__import__.stock_inventory_line_20150605A_8223449,__import__.location_loc_GGM201,1,__import__.product_8223449,__import__.stock_production_lot_20150605A_8223449
__import__.stock_inventory_line_20150612_8031483,__import__.location_loc_GC11E1,12,__import__.product_8031483,__import__.stock_production_lot_20150612_8031483
__import__.stock_inventory_line_20150620_5700054,__import__.location_loc_GF31A5,1,__import__.product_5700054,__import__.stock_production_lot_20150620_5700054
__import__.stock_inventory_line_20150620_5700053,__import__.location_loc_GGF206,13,__import__.product_5700053,__import__.stock_production_lot_20150620_5700053
__import__.stock_inventory_line_2016A14_5836681,__import__.location_loc_GL09A3,36,__import__.product_5836681,__import__.stock_production_lot_2016A14_5836681
__import__.stock_inventory_line_2016B26_5836682,__import__.location_loc_GL07B3,54,__import__.product_5836682,__import__.stock_production_lot_2016B26_5836682
__import__.stock_inventory_line_2016C29_5830668,__import__.location_loc_GL05B6,15,__import__.product_5830668,__import__.stock_production_lot_2016C29_5830668
__import__.stock_inventory_line_2016F16_7915001,__import__.location_loc_GBV404,106,__import__.product_7915001,__import__.stock_production_lot_2016F16_7915001
__import__.stock_inventory_line_2016H31_2430080,__import__.location_loc_GBM307,208,__import__.product_2430080,__import__.stock_production_lot_2016H31_2430080
__import__.stock_inventory_line_2016J19_5830668,__import__.location_loc_GL05B6,30,__import__.product_5830668,__import__.stock_production_lot_2016J19_5830668
__import__.stock_inventory_line_201602_3364346,__import__.location_loc_GF09D2,26,__import__.product_3364346,__import__.stock_production_lot_201602_3364346
__import__.stock_inventory_line_20160220_5700052,__import__.location_loc_GGM405,4,__import__.product_5700052,__import__.stock_production_lot_20160220_5700052
__import__.stock_inventory_line_20160318A_8223455,__import__.location_loc_GF20C3,200,__import__.product_8223455,__import__.stock_production_lot_20160318A_8223455
__import__.stock_inventory_line_20160384_3381340,__import__.location_loc_GBL404,10,__import__.product_3381340,__import__.stock_production_lot_20160384_3381340
__import__.stock_inventory_line_201604_7693360,__import__.location_loc_GD02G4,22,__import__.product_7693360,__import__.stock_production_lot_201604_7693360
__import__.stock_inventory_line_20160420_8223449,__import__.location_loc_GGM201,1,__import__.product_8223449,__import__.stock_production_lot_20160420_8223449
__import__.stock_inventory_line_20160712_8031520,__import__.location_loc_GC01D2,157,__import__.product_8031520,__import__.stock_production_lot_20160712_8031520
__import__.stock_inventory_line_20160716_8031513,__import__.location_loc_GC26D4,40,__import__.product_8031513,__import__.stock_production_lot_20160716_8031513
__import__.stock_inventory_line_20160718_8031537,__import__.location_loc_GC32B2,89,__import__.product_8031537,__import__.stock_production_lot_20160718_8031537
__import__.stock_inventory_line_20160920_5700051,__import__.location_loc_GD32A7,1,__import__.product_5700051,__import__.stock_production_lot_20160920_5700051
__import__.stock_inventory_line_20160920_5700054,__import__.location_loc_GF31A5,4,__import__.product_5700054,__import__.stock_production_lot_20160920_5700054
__import__.stock_inventory_line_20160920_5700052,__import__.location_loc_GGM405,10,__import__.product_5700052,__import__.stock_production_lot_20160920_5700052
__import__.stock_inventory_line_20161006_8031513,__import__.location_loc_GC26D4,74,__import__.product_8031513,__import__.stock_production_lot_20161006_8031513
__import__.stock_inventory_line_20161007_8031543,__import__.location_loc_GC01D4,116,__import__.product_8031543,__import__.stock_production_lot_20161007_8031543
__import__.stock_inventory_line_20161010_8031483,__import__.location_loc_GC11E1,23,__import__.product_8031483,__import__.stock_production_lot_20161010_8031483
__import__.stock_inventory_line_20161120_8223432,__import__.location_loc_GF24B4,7,__import__.product_8223432,__import__.stock_production_lot_20161120_8223432
__import__.stock_inventory_line_20161210_8031508,__import__.location_loc_GC11F6,102,__import__.product_8031508,__import__.stock_production_lot_20161210_8031508
__import__.stock_inventory_line_201677D_3410198,__import__.location_loc_GGD405,70,__import__.product_3410198,__import__.stock_production_lot_201677D_3410198
__import__.stock_inventory_line_2017C21_2634657,__import__.location_loc_GE16B4,50,__import__.product_2634657,__import__.stock_production_lot_2017C21_2634657
__import__.stock_inventory_line_2017C29_1122191,__import__.location_loc_GF12C3,85,__import__.product_1122191,__import__.stock_production_lot_2017C29_1122191
__import__.stock_inventory_line_2017D03_3041811,__import__.location_loc_GBX213,68,__import__.product_3041811,__import__.stock_production_lot_2017D03_3041811
__import__.stock_inventory_line_2017E01_3029378,__import__.location_loc_GAF120,24,__import__.product_3029378,__import__.stock_production_lot_2017E01_3029378
__import__.stock_inventory_line_2017F21_3041829,__import__.location_loc_AD16B2,96,__import__.product_3041829,__import__.stock_production_lot_2017F21_3041829
__import__.stock_inventory_line_2017G17_3041803,__import__.location_loc_AD08B3,10,__import__.product_3041803,__import__.stock_production_lot_2017G17_3041803
__import__.stock_inventory_line_201700B_3410180,__import__.location_loc_GD22F8,303,__import__.product_3410180,__import__.stock_production_lot_201700B_3410180
__import__.stock_inventory_line_201701_2623627,__import__.location_loc_EPH500,21,__import__.product_2623627,__import__.stock_production_lot_201701_2623627
__import__.stock_inventory_line_201701_3364361,__import__.location_loc_GF20F3,16,__import__.product_3364361,__import__.stock_production_lot_201701_3364361
__import__.stock_inventory_line_201701_3364353,__import__.location_loc_GE09B1,5,__import__.product_3364353,__import__.stock_production_lot_201701_3364353
__import__.stock_inventory_line_201701B_3410206,__import__.location_loc_GC22C2,160,__import__.product_3410206,__import__.stock_production_lot_201701B_3410206
__import__.stock_inventory_line_20170105_3134160,__import__.location_loc_GE09E7,78,__import__.product_3134160,__import__.stock_production_lot_20170105_3134160
__import__.stock_inventory_line_201702_4388254,__import__.location_loc_GD02A2,8,__import__.product_4388254,__import__.stock_production_lot_201702_4388254
__import__.stock_inventory_line_201702_5107142,__import__.location_loc_GK17A3,32,__import__.product_5107142,__import__.stock_production_lot_201702_5107142
__import__.stock_inventory_line_20170311_8223449,__import__.location_loc_GGM201,200,__import__.product_8223449,__import__.stock_production_lot_20170311_8223449
__import__.stock_inventory_line_20170319_8341864,__import__.location_loc_GC13C4,72,__import__.product_8341864,__import__.stock_production_lot_20170319_8341864
__import__.stock_inventory_line_201704_5107140,__import__.location_loc_GC16B5,9,__import__.product_5107140,__import__.stock_production_lot_201704_5107140
__import__.stock_inventory_line_20170510_8031483,__import__.location_loc_GC11E1,120,__import__.product_8031483,__import__.stock_production_lot_20170510_8031483
__import__.stock_inventory_line_20170525_5141871,__import__.location_loc_GC08A2,2,__import__.product_5141871,__import__.stock_production_lot_20170525_5141871
__import__.stock_inventory_line_20170701_8223432,__import__.location_loc_GF24B4,200,__import__.product_8223432,__import__.stock_production_lot_20170701_8223432
__import__.stock_inventory_line_201708_6441260,__import__.location_loc_GF26F4,3,__import__.product_6441260,__import__.stock_production_lot_201708_6441260
__import__.stock_inventory_line_201802AH_8076652,__import__.location_loc_QDE330,1,__import__.product_8076652,__import__.stock_production_lot_201802AH_8076652
__import__.stock_inventory_line_201802AL_8076652,__import__.location_loc_QDE330,69,__import__.product_8076652,__import__.stock_production_lot_201802AL_8076652
__import__.stock_inventory_line_201908KE_5103999,__import__.location_loc_GF12C1,3,__import__.product_5103999,__import__.stock_production_lot_201908KE_5103999
__import__.stock_inventory_line_202205JH_8291037,__import__.location_loc_GF12D4,10,__import__.product_8291037,__import__.stock_production_lot_202205JH_8291037
__import__.stock_inventory_line_202253_1073352,__import__.location_loc_QDF220,23,__import__.product_1073352,__import__.stock_production_lot_202253_1073352
__import__.stock_inventory_line_202417_3418688,__import__.location_loc_QJA120,79,__import__.product_3418688,__import__.stock_production_lot_202417_3418688
__import__.stock_inventory_line_203105_1300318,__import__.location_loc_QDC230,21,__import__.product_1300318,__import__.stock_production_lot_203105_1300318
__import__.stock_inventory_line_203673_3051257,__import__.location_loc_GC10B3,9,__import__.product_3051257,__import__.stock_production_lot_203673_3051257
__import__.stock_inventory_line_204666_1300227,__import__.location_loc_QJA220,13,__import__.product_1300227,__import__.stock_production_lot_204666_1300227
__import__.stock_inventory_line_2049A012_1148980,__import__.location_loc_QDD220,17,__import__.product_1148980,__import__.stock_production_lot_2049A012_1148980
__import__.stock_inventory_line_205988_3016516,__import__.location_loc_QEC110,6,__import__.product_3016516,__import__.stock_production_lot_205988_3016516
__import__.stock_inventory_line_206182_1354349,__import__.location_loc_GK05B2,40,__import__.product_1354349,__import__.stock_production_lot_206182_1354349
__import__.stock_inventory_line_206286_0109181,__import__.location_loc_GC22D1,2,__import__.product_0109181,__import__.stock_production_lot_206286_0109181
__import__.stock_inventory_line_20656201_8059524,__import__.location_loc_EOE111,2,__import__.product_8059524,__import__.stock_production_lot_20656201_8059524
__import__.stock_inventory_line_2070A202_5110011,__import__.location_loc_QDE310,8,__import__.product_5110011,__import__.stock_production_lot_2070A202_5110011
__import__.stock_inventory_line_207553_3145117,__import__.location_loc_GK11B2,457,__import__.product_3145117,__import__.stock_production_lot_207553_3145117
__import__.stock_inventory_line_207612_0257360,__import__.location_loc_QCE420,21,__import__.product_0257360,__import__.stock_production_lot_207612_0257360
__import__.stock_inventory_line_2087ES0815_6350536,__import__.location_loc_GE06A5,1,__import__.product_6350536,__import__.stock_production_lot_2087ES0815_6350536
__import__.stock_inventory_line_208739_0842450,__import__.location_loc_GGB506,96,__import__.product_0842450,__import__.stock_production_lot_208739_0842450
__import__.stock_inventory_line_20898901_8031098,__import__.location_loc_QEF330,2,__import__.product_8031098,__import__.stock_production_lot_20898901_8031098
__import__.stock_inventory_line_2097FM0911_5049440,__import__.location_loc_GL04B7,8,__import__.product_5049440,__import__.stock_production_lot_2097FM0911_5049440
__import__.stock_inventory_line_2099A204_5110011,__import__.location_loc_QDE310,15,__import__.product_5110011,__import__.stock_production_lot_2099A204_5110011
__import__.stock_inventory_line_21031631B_5560453,__import__.location_loc_GC11D2,1,__import__.product_5560453,__import__.stock_production_lot_21031631B_5560453
__import__.stock_inventory_line_210817_6197006,__import__.location_loc_GGB409,45,__import__.product_6197006,__import__.stock_production_lot_210817_6197006
__import__.stock_inventory_line_21091631A_5560453,__import__.location_loc_GC11D2,3,__import__.product_5560453,__import__.stock_production_lot_21091631A_5560453
__import__.stock_inventory_line_211303_6709998,__import__.location_loc_QEE430,2,__import__.product_6709998,__import__.stock_production_lot_211303_6709998
__import__.stock_inventory_line_211591_1073360,__import__.location_loc_QLA130,120,__import__.product_1073360,__import__.stock_production_lot_211591_1073360
__import__.stock_inventory_line_211624_5915000,__import__.location_loc_QBB415,27,__import__.product_5915000,__import__.stock_production_lot_211624_5915000
__import__.stock_inventory_line_21186_1356229,__import__.location_loc_GD07A2,6,__import__.product_1356229,__import__.stock_production_lot_21186_1356229
__import__.stock_inventory_line_212A1_2815058,__import__.location_loc_GBG413,23,__import__.product_2815058,__import__.stock_production_lot_212A1_2815058
__import__.stock_inventory_line_212038_2363919,__import__.location_loc_QNA110,504,__import__.product_2363919,__import__.stock_production_lot_212038_2363919
__import__.stock_inventory_line_2130645_5043548,__import__.location_loc_GE10C1,82,__import__.product_5043548,__import__.stock_production_lot_2130645_5043548
__import__.stock_inventory_line_2136901A_3597804,__import__.location_loc_GBX411,57,__import__.product_3597804,__import__.stock_production_lot_2136901A_3597804
__import__.stock_inventory_line_2145782_3597788,__import__.location_loc_GGH103,863,__import__.product_3597788,__import__.stock_production_lot_2145782_3597788
__import__.stock_inventory_line_214692_2271120,__import__.location_loc_GBS304,39,__import__.product_2271120,__import__.stock_production_lot_214692_2271120
__import__.stock_inventory_line_21475502_8031141,__import__.location_loc_QDE320,3,__import__.product_8031141,__import__.stock_production_lot_21475502_8031141
__import__.stock_inventory_line_214773_2965010,__import__.location_loc_GAI130,11,__import__.product_2965010,__import__.stock_production_lot_214773_2965010
__import__.stock_inventory_line_214937_3133162,__import__.location_loc_QAA320,31,__import__.product_3133162,__import__.stock_production_lot_214937_3133162
__import__.stock_inventory_line_215012_1300235,__import__.location_loc_QCC220,30,__import__.product_1300235,__import__.stock_production_lot_215012_1300235
__import__.stock_inventory_line_2150563_5043550,__import__.location_loc_GD24D5,109,__import__.product_5043550,__import__.stock_production_lot_2150563_5043550
__import__.stock_inventory_line_2160475_5043282,__import__.location_loc_GD23D3,60,__import__.product_5043282,__import__.stock_production_lot_2160475_5043282
__import__.stock_inventory_line_2160713_5043552,__import__.location_loc_GC02A5,8,__import__.product_5043552,__import__.stock_production_lot_2160713_5043552
__import__.stock_inventory_line_216606_1354349,__import__.location_loc_GK05B2,1,__import__.product_1354349,__import__.stock_production_lot_216606_1354349
__import__.stock_inventory_line_217B7BB_3433901,__import__.location_loc_GE10C7,66,__import__.product_3433901,__import__.stock_production_lot_217B7BB_3433901
__import__.stock_inventory_line_217037_5749000,__import__.location_loc_QAB120,5,__import__.product_5749000,__import__.stock_production_lot_217037_5749000
__import__.stock_inventory_line_218A12_2815017,__import__.location_loc_GBM505,26,__import__.product_2815017,__import__.stock_production_lot_218A12_2815017
__import__.stock_inventory_line_2185B_1483973,__import__.location_loc_GF14B5,23,__import__.product_1483973,__import__.stock_production_lot_2185B_1483973
__import__.stock_inventory_line_2185B_1483957,__import__.location_loc_GH11F3,9,__import__.product_1483957,__import__.stock_production_lot_2185B_1483957
__import__.stock_inventory_line_2186B_1483965,__import__.location_loc_GBB401,16,__import__.product_1483965,__import__.stock_production_lot_2186B_1483965
__import__.stock_inventory_line_22_6294592,__import__.location_loc_GZZ504,1,__import__.product_6294592,__import__.stock_production_lot_22_6294592
__import__.stock_inventory_line_22027_2995140,__import__.location_loc_QFE410,1,__import__.product_2995140,__import__.stock_production_lot_22027_2995140
__import__.stock_inventory_line_22027A_2995033,__import__.location_loc_QDA320,2,__import__.product_2995033,__import__.stock_production_lot_22027A_2995033
__import__.stock_inventory_line_22027C_2995033,__import__.location_loc_QDA320,2,__import__.product_2995033,__import__.stock_production_lot_22027C_2995033
__import__.stock_inventory_line_2206151_3277183,__import__.location_loc_GD28B1,7,__import__.product_3277183,__import__.stock_production_lot_2206151_3277183
__import__.stock_inventory_line_2206151_3277167,__import__.location_loc_GF14B1,3,__import__.product_3277167,__import__.stock_production_lot_2206151_3277167
__import__.stock_inventory_line_22179_5027103,__import__.location_loc_GAE200,10,__import__.product_5027103,__import__.stock_production_lot_22179_5027103
__import__.stock_inventory_line_221974_1073394,__import__.location_loc_QDA310,16,__import__.product_1073394,__import__.stock_production_lot_221974_1073394
__import__.stock_inventory_line_222A3_2620581,__import__.location_loc_GBR202,108,__import__.product_2620581,__import__.stock_production_lot_222A3_2620581
__import__.stock_inventory_line_222046_1013150,__import__.location_loc_GBS105,51,__import__.product_1013150,__import__.stock_production_lot_222046_1013150
__import__.stock_inventory_line_222535_3334778,__import__.location_loc_QLA125,91,__import__.product_3334778,__import__.stock_production_lot_222535_3334778
__import__.stock_inventory_line_223588_3352457,__import__.location_loc_QEB110,9,__import__.product_3352457,__import__.stock_production_lot_223588_3352457
__import__.stock_inventory_line_2239_8038077,__import__.location_loc_GAD210,16,__import__.product_8038077,__import__.stock_production_lot_2239_8038077
__import__.stock_inventory_line_224A1_2620573,__import__.location_loc_GGL504,36,__import__.product_2620573,__import__.stock_production_lot_224A1_2620573
__import__.stock_inventory_line_224A3_2620573,__import__.location_loc_GGL504,81,__import__.product_2620573,__import__.stock_production_lot_224A3_2620573
__import__.stock_inventory_line_224216_3145125,__import__.location_loc_GI13B3,351,__import__.product_3145125,__import__.stock_production_lot_224216_3145125
__import__.stock_inventory_line_228231_5330361,__import__.location_loc_GC25C4,1,__import__.product_5330361,__import__.stock_production_lot_228231_5330361
__import__.stock_inventory_line_22848801_8031017,__import__.location_loc_QEB310,4,__import__.product_8031017,__import__.stock_production_lot_22848801_8031017
__import__.stock_inventory_line_2286_5967005,__import__.location_loc_EXV302,151,__import__.product_5967005,__import__.stock_production_lot_2286_5967005
__import__.stock_inventory_line_230068_1013168,__import__.location_loc_GBF201,56,__import__.product_1013168,__import__.stock_production_lot_230068_1013168
__import__.stock_inventory_line_230535_6420010,__import__.location_loc_GL04A1,12,__import__.product_6420010,__import__.stock_production_lot_230535_6420010
__import__.stock_inventory_line_231642_3621166,__import__.location_loc_QEB210,13,__import__.product_3621166,__import__.stock_production_lot_231642_3621166
__import__.stock_inventory_line_233A3_6778663,__import__.location_loc_GF22A4,8,__import__.product_6778663,__import__.stock_production_lot_233A3_6778663
__import__.stock_inventory_line_233267_3621174,__import__.location_loc_QDF420,14,__import__.product_3621174,__import__.stock_production_lot_233267_3621174
__import__.stock_inventory_line_233268_3621182,__import__.location_loc_QEF430,8,__import__.product_3621182,__import__.stock_production_lot_233268_3621182
__import__.stock_inventory_line_233270_3621190,__import__.location_loc_QDE510,7,__import__.product_3621190,__import__.stock_production_lot_233270_3621190
__import__.stock_inventory_line_2350844_5043280,__import__.location_loc_GC13B1,20,__import__.product_5043280,__import__.stock_production_lot_2350844_5043280
__import__.stock_inventory_line_235387_6420006,__import__.location_loc_GF10B2,99,__import__.product_6420006,__import__.stock_production_lot_235387_6420006
__import__.stock_inventory_line_235417_2966190,__import__.location_loc_GAH120,5,__import__.product_2966190,__import__.stock_production_lot_235417_2966190
__import__.stock_inventory_line_235543_2836492,__import__.location_loc_GF23D4,3,__import__.product_2836492,__import__.stock_production_lot_235543_2836492
__import__.stock_inventory_line_236_5273404,__import__.location_loc_EXE500,1,__import__.product_5273404,__import__.stock_production_lot_236_5273404
__import__.stock_inventory_line_2360199_5043280,__import__.location_loc_GC13B1,250,__import__.product_5043280,__import__.stock_production_lot_2360199_5043280
__import__.stock_inventory_line_236391_2246536,__import__.location_loc_QNA220,2160,__import__.product_2246536,__import__.stock_production_lot_236391_2246536
__import__.stock_inventory_line_238603_3035938,__import__.location_loc_QAC110,127,__import__.product_3035938,__import__.stock_production_lot_238603_3035938
__import__.stock_inventory_line_239725_1073386,__import__.location_loc_QEB430,3,__import__.product_1073386,__import__.stock_production_lot_239725_1073386
__import__.stock_inventory_line_240317_5260620,__import__.location_loc_GC12C4,1,__import__.product_5260620,__import__.stock_production_lot_240317_5260620
__import__.stock_inventory_line_240907_3542883,__import__.location_loc_QLA210,340,__import__.product_3542883,__import__.stock_production_lot_240907_3542883
__import__.stock_inventory_line_241605H_5100765,__import__.location_loc_GC10B5,29,__import__.product_5100765,__import__.stock_production_lot_241605H_5100765
__import__.stock_inventory_line_241608F_5100765,__import__.location_loc_GC10B5,75,__import__.product_5100765,__import__.stock_production_lot_241608F_5100765
__import__.stock_inventory_line_242_5450023,__import__.location_loc_GD24G3,12,__import__.product_5450023,__import__.stock_production_lot_242_5450023
__import__.stock_inventory_line_2436102_8239887,__import__.location_loc_EOD168,7,__import__.product_8239887,__import__.stock_production_lot_2436102_8239887
__import__.stock_inventory_line_2450214_5043278,__import__.location_loc_GC11D4,79,__import__.product_5043278,__import__.stock_production_lot_2450214_5043278
__import__.stock_inventory_line_246578_2836492,__import__.location_loc_GF23D4,10,__import__.product_2836492,__import__.stock_production_lot_246578_2836492
__import__.stock_inventory_line_24965_2675981,__import__.location_loc_GD10C2,54,__import__.product_2675981,__import__.stock_production_lot_24965_2675981
__import__.stock_inventory_line_2500_8193845,__import__.location_loc_EXP000,1,__import__.product_8193845,__import__.stock_production_lot_2500_8193845
__import__.stock_inventory_line_2501_0949001,__import__.location_loc_GF10E4,47,__import__.product_0949001,__import__.stock_production_lot_2501_0949001
__import__.stock_inventory_line_250117_1429935,__import__.location_loc_GF28E2,1,__import__.product_1429935,__import__.stock_production_lot_250117_1429935
__import__.stock_inventory_line_250672_5969906,__import__.location_loc_EXB300,3,__import__.product_5969906,__import__.stock_production_lot_250672_5969906
__import__.stock_inventory_line_251601_5776197,__import__.location_loc_GE11C7,10,__import__.product_5776197,__import__.stock_production_lot_251601_5776197
__import__.stock_inventory_line_25165A18_8330043,__import__.location_loc_GBX415,72,__import__.product_8330043,__import__.stock_production_lot_25165A18_8330043
__import__.stock_inventory_line_251702E_8291505,__import__.location_loc_GD12D3,213,__import__.product_8291505,__import__.stock_production_lot_251702E_8291505
__import__.stock_inventory_line_251702L_5101624,__import__.location_loc_GC24C2,6,__import__.product_5101624,__import__.stock_production_lot_251702L_5101624
__import__.stock_inventory_line_251704A_8053617,__import__.location_loc_GC19B1,114,__import__.product_8053617,__import__.stock_production_lot_251704A_8053617
__import__.stock_inventory_line_251706H_5101624,__import__.location_loc_GC24C2,70,__import__.product_5101624,__import__.stock_production_lot_251706H_5101624
__import__.stock_inventory_line_251707G_8053616,__import__.location_loc_GBU303,301,__import__.product_8053616,__import__.stock_production_lot_251707G_8053616
__import__.stock_inventory_line_25185_8341373,__import__.location_loc_GZZ310,1,__import__.product_8341373,__import__.stock_production_lot_25185_8341373
__import__.stock_inventory_line_2531675_8078378,__import__.location_loc_GD14D4,1,__import__.product_8078378,__import__.stock_production_lot_2531675_8078378
__import__.stock_inventory_line_25406B21_2960375,__import__.location_loc_QDD110,8,__import__.product_2960375,__import__.stock_production_lot_25406B21_2960375
__import__.stock_inventory_line_25406C14_2960359,__import__.location_loc_QDF530,9,__import__.product_2960359,__import__.stock_production_lot_25406C14_2960359
__import__.stock_inventory_line_25449A11_3138120,__import__.location_loc_GD23D6,8,__import__.product_3138120,__import__.stock_production_lot_25449A11_3138120
__import__.stock_inventory_line_25454A16_1122100,__import__.location_loc_GGS103,2,__import__.product_1122100,__import__.stock_production_lot_25454A16_1122100
__import__.stock_inventory_line_25454A19_1122100,__import__.location_loc_GGS103,1,__import__.product_1122100,__import__.stock_production_lot_25454A19_1122100
__import__.stock_inventory_line_254736_2966422,__import__.location_loc_GAI230,15,__import__.product_2966422,__import__.stock_production_lot_254736_2966422
__import__.stock_inventory_line_254955_2139178,__import__.location_loc_GAH220,105,__import__.product_2139178,__import__.stock_production_lot_254955_2139178
__import__.stock_inventory_line_25592A10_8330016,__import__.location_loc_QJA130,40,__import__.product_8330016,__import__.stock_production_lot_25592A10_8330016
__import__.stock_inventory_line_25661B11_8330039,__import__.location_loc_GD07D5,20,__import__.product_8330039,__import__.stock_production_lot_25661B11_8330039
__import__.stock_inventory_line_25855A16_8330043,__import__.location_loc_GBX415,9,__import__.product_8330043,__import__.stock_production_lot_25855A16_8330043
__import__.stock_inventory_line_25906A12_1122100,__import__.location_loc_GGS103,13,__import__.product_1122100,__import__.stock_production_lot_25906A12_1122100
__import__.stock_inventory_line_25963E11_2404341,__import__.location_loc_GBO101,60,__import__.product_2404341,__import__.stock_production_lot_25963E11_2404341
__import__.stock_inventory_line_26076A10_5330002,__import__.location_loc_GZZ301,1,__import__.product_5330002,__import__.stock_production_lot_26076A10_5330002
__import__.stock_inventory_line_261A3_2435873,__import__.location_loc_GH07D1,44,__import__.product_2435873,__import__.stock_production_lot_261A3_2435873
__import__.stock_inventory_line_26117A10_8330011,__import__.location_loc_QMA235,166,__import__.product_8330011,__import__.stock_production_lot_26117A10_8330011
__import__.stock_inventory_line_2612300_3164605,__import__.location_loc_GE32B2,82,__import__.product_3164605,__import__.stock_production_lot_2612300_3164605
__import__.stock_inventory_line_26176A16_0064725,__import__.location_loc_QAD320,98,__import__.product_0064725,__import__.stock_production_lot_26176A16_0064725
__import__.stock_inventory_line_26194A10_2565554,__import__.location_loc_QCB220,24,__import__.product_2565554,__import__.stock_production_lot_26194A10_2565554
__import__.stock_inventory_line_262027_8110656,__import__.location_loc_QFB210,11,__import__.product_8110656,__import__.stock_production_lot_262027_8110656
__import__.stock_inventory_line_26209A12_2923902,__import__.location_loc_GGK105,3,__import__.product_2923902,__import__.stock_production_lot_26209A12_2923902
__import__.stock_inventory_line_26341_2675288,__import__.location_loc_GD24A5,2,__import__.product_2675288,__import__.stock_production_lot_26341_2675288
__import__.stock_inventory_line_26342A10_2597680,__import__.location_loc_GE08A4,1,__import__.product_2597680,__import__.stock_production_lot_26342A10_2597680
__import__.stock_inventory_line_26344A10_8330013,__import__.location_loc_GGL107,53,__import__.product_8330013,__import__.stock_production_lot_26344A10_8330013
__import__.stock_inventory_line_26344A13_8330013,__import__.location_loc_GGL107,41,__import__.product_8330013,__import__.stock_production_lot_26344A13_8330013
__import__.stock_inventory_line_26362A10_0493288,__import__.location_loc_GGL503,58,__import__.product_0493288,__import__.stock_production_lot_26362A10_0493288
__import__.stock_inventory_line_26447_2575421,__import__.location_loc_GE32B3,100,__import__.product_2575421,__import__.stock_production_lot_26447_2575421
__import__.stock_inventory_line_26448_2575439,__import__.location_loc_GGL405,122,__import__.product_2575439,__import__.stock_production_lot_26448_2575439
__import__.stock_inventory_line_2644800_3089075,__import__.location_loc_GBT205,13,__import__.product_3089075,__import__.stock_production_lot_2644800_3089075
__import__.stock_inventory_line_26449_1457506,__import__.location_loc_GGE508,205,__import__.product_1457506,__import__.stock_production_lot_26449_1457506
__import__.stock_inventory_line_26450_1457498,__import__.location_loc_GI05B3,110,__import__.product_1457498,__import__.stock_production_lot_26450_1457498
__import__.stock_inventory_line_26522401_3296415,__import__.location_loc_QKA135,62,__import__.product_3296415,__import__.stock_production_lot_26522401_3296415
__import__.stock_inventory_line_26530A10_8330039,__import__.location_loc_GD07D5,2,__import__.product_8330039,__import__.stock_production_lot_26530A10_8330039
__import__.stock_inventory_line_26531A10_8330038,__import__.location_loc_GBA309,103,__import__.product_8330038,__import__.stock_production_lot_26531A10_8330038
__import__.stock_inventory_line_26534A10_1689074,__import__.location_loc_GD07B1,2,__import__.product_1689074,__import__.stock_production_lot_26534A10_1689074
__import__.stock_inventory_line_26584A10_0491357,__import__.location_loc_QNA130,1005,__import__.product_0491357,__import__.stock_production_lot_26584A10_0491357
__import__.stock_inventory_line_26585A11_0874131,__import__.location_loc_QKA130,28,__import__.product_0874131,__import__.stock_production_lot_26585A11_0874131
__import__.stock_inventory_line_26639_5330001,__import__.location_loc_GF13B1,1,__import__.product_5330001,__import__.stock_production_lot_26639_5330001
__import__.stock_inventory_line_26639_2461903,__import__.location_loc_GH07D4,48,__import__.product_2461903,__import__.stock_production_lot_26639_2461903
__import__.stock_inventory_line_26640_2675270,__import__.location_loc_GD22A4,15,__import__.product_2675270,__import__.stock_production_lot_26640_2675270
__import__.stock_inventory_line_26665A23_2960375,__import__.location_loc_QDD110,8,__import__.product_2960375,__import__.stock_production_lot_26665A23_2960375
__import__.stock_inventory_line_26665B17_2960367,__import__.location_loc_QEC410,4,__import__.product_2960367,__import__.stock_production_lot_26665B17_2960367
__import__.stock_inventory_line_26759A10_0491357,__import__.location_loc_QNA130,1090,__import__.product_0491357,__import__.stock_production_lot_26759A10_0491357
__import__.stock_inventory_line_26763B10_2353829,__import__.location_loc_QMA210,222,__import__.product_2353829,__import__.stock_production_lot_26763B10_2353829
__import__.stock_inventory_line_26806A14_0113464,__import__.location_loc_QBA220,71,__import__.product_0113464,__import__.stock_production_lot_26806A14_0113464
__import__.stock_inventory_line_2682100_3089109,__import__.location_loc_GBT503,14,__import__.product_3089109,__import__.stock_production_lot_2682100_3089109
__import__.stock_inventory_line_26843B10_1664119,__import__.location_loc_GBG205,16,__import__.product_1664119,__import__.stock_production_lot_26843B10_1664119
__import__.stock_inventory_line_26844C13_2404358,__import__.location_loc_GGM303,31,__import__.product_2404358,__import__.stock_production_lot_26844C13_2404358
__import__.stock_inventory_line_26878A11_0815761,__import__.location_loc_QLA220,93,__import__.product_0815761,__import__.stock_production_lot_26878A11_0815761
__import__.stock_inventory_line_26954A10_1367754,__import__.location_loc_GI01A5,360,__import__.product_1367754,__import__.stock_production_lot_26954A10_1367754
__import__.stock_inventory_line_26954C10_1367754,__import__.location_loc_GI01A5,864,__import__.product_1367754,__import__.stock_production_lot_26954C10_1367754
__import__.stock_inventory_line_26956_8330040,__import__.location_loc_GK10A2,12,__import__.product_8330040,__import__.stock_production_lot_26956_8330040
__import__.stock_inventory_line_26963A10_0037028,__import__.location_loc_QMA110,1456,__import__.product_0037028,__import__.stock_production_lot_26963A10_0037028
__import__.stock_inventory_line_26973A10_0491357,__import__.location_loc_QNA130,1092,__import__.product_0491357,__import__.stock_production_lot_26973A10_0491357
__import__.stock_inventory_line_26975A10_1273176,__import__.location_loc_GK01A1,314,__import__.product_1273176,__import__.stock_production_lot_26975A10_1273176
__import__.stock_inventory_line_27030A20_0831909,__import__.location_loc_QAF210,75,__import__.product_0831909,__import__.stock_production_lot_27030A20_0831909
__import__.stock_inventory_line_270317_0081620,__import__.location_loc_GF30A1,4,__import__.product_0081620,__import__.stock_production_lot_270317_0081620
__import__.stock_inventory_line_270317_0130401,__import__.location_loc_GC15E4,2,__import__.product_0130401,__import__.stock_production_lot_270317_0130401
__import__.stock_inventory_line_27061A11_0685370,__import__.location_loc_QMA215,622,__import__.product_0685370,__import__.stock_production_lot_27061A11_0685370
__import__.stock_inventory_line_27073A13_2115616,__import__.location_loc_QBC310,135,__import__.product_2115616,__import__.stock_production_lot_27073A13_2115616
__import__.stock_inventory_line_27075A10_0112110,__import__.location_loc_GI11A2,219,__import__.product_0112110,__import__.stock_production_lot_27075A10_0112110
__import__.stock_inventory_line_27200A10_1727346,__import__.location_loc_GGS101,5,__import__.product_1727346,__import__.stock_production_lot_27200A10_1727346
__import__.stock_inventory_line_2729500_3089083,__import__.location_loc_GBG315,9,__import__.product_3089083,__import__.stock_production_lot_2729500_3089083
__import__.stock_inventory_line_273280_8044787,__import__.location_loc_GAB120,4,__import__.product_8044787,__import__.stock_production_lot_273280_8044787
__import__.stock_inventory_line_27334A12_8330012,__import__.location_loc_QNA120,425,__import__.product_8330012,__import__.stock_production_lot_27334A12_8330012
__import__.stock_inventory_line_27335A10_8330012,__import__.location_loc_QNA120,864,__import__.product_8330012,__import__.stock_production_lot_27335A10_8330012
__import__.stock_inventory_line_2780200_3089091,__import__.location_loc_GBP113,16,__import__.product_3089091,__import__.stock_production_lot_2780200_3089091
__import__.stock_inventory_line_2782A12_2565554,__import__.location_loc_QCB220,65,__import__.product_2565554,__import__.stock_production_lot_2782A12_2565554
__import__.stock_inventory_line_27833_2555183,__import__.location_loc_GGR105,40,__import__.product_2555183,__import__.stock_production_lot_27833_2555183
__import__.stock_inventory_line_2786_3038791,__import__.location_loc_GC01D5,9,__import__.product_3038791,__import__.stock_production_lot_2786_3038791
__import__.stock_inventory_line_28A7_3383767,__import__.location_loc_GD01A1,92,__import__.product_3383767,__import__.stock_production_lot_28A7_3383767
__import__.stock_inventory_line_280218_2388916,__import__.location_loc_AK06C3,3,__import__.product_2388916,__import__.stock_production_lot_280218_2388916
__import__.stock_inventory_line_280218_5263556,__import__.location_loc_AL03B8,2,__import__.product_5263556,__import__.stock_production_lot_280218_5263556
__import__.stock_inventory_line_280218_5314003,__import__.location_loc_AM07D1,3,__import__.product_5314003,__import__.stock_production_lot_280218_5314003
__import__.stock_inventory_line_280218_5825284,__import__.location_loc_AM08C5,1,__import__.product_5825284,__import__.stock_production_lot_280218_5825284
__import__.stock_inventory_line_280218_7437036,__import__.location_loc_AE03B6,2,__import__.product_7437036,__import__.stock_production_lot_280218_7437036
__import__.stock_inventory_line_280218_4990952,__import__.location_loc_AN04A6,20,__import__.product_4990952,__import__.stock_production_lot_280218_4990952
__import__.stock_inventory_line_280218_5194107,__import__.location_loc_AO05B3,6,__import__.product_5194107,__import__.stock_production_lot_280218_5194107
__import__.stock_inventory_line_280218_5274136,__import__.location_loc_AK03A3,16,__import__.product_5274136,__import__.stock_production_lot_280218_5274136
__import__.stock_inventory_line_280218_5451003,__import__.location_loc_AH07A6,2,__import__.product_5451003,__import__.stock_production_lot_280218_5451003
__import__.stock_inventory_line_280219_6827361,__import__.location_loc_AG10B4,11,__import__.product_6827361,__import__.stock_production_lot_280219_6827361
__import__.stock_inventory_line_280219_2923621,__import__.location_loc_AD06B1,80,__import__.product_2923621,__import__.stock_production_lot_280219_2923621
__import__.stock_inventory_line_280219_6825823,__import__.location_loc_AK01C8,2,__import__.product_6825823,__import__.stock_production_lot_280219_6825823
__import__.stock_inventory_line_280219_4930040,__import__.location_loc_AF03B3,1,__import__.product_4930040,__import__.stock_production_lot_280219_4930040
__import__.stock_inventory_line_280219_2915445,__import__.location_loc_AG03B5,10,__import__.product_2915445,__import__.stock_production_lot_280219_2915445
__import__.stock_inventory_line_280219_2915437,__import__.location_loc_AC14B2,35,__import__.product_2915437,__import__.stock_production_lot_280219_2915437
__import__.stock_inventory_line_280219_2923654,__import__.location_loc_AG05B1,71,__import__.product_2923654,__import__.stock_production_lot_280219_2923654
__import__.stock_inventory_line_280219_7865048,__import__.location_loc_AE09B1,1,__import__.product_7865048,__import__.stock_production_lot_280219_7865048
__import__.stock_inventory_line_280219_2732931,__import__.location_loc_AF10A1,33,__import__.product_2732931,__import__.stock_production_lot_280219_2732931
__import__.stock_inventory_line_280219_4950051,__import__.location_loc_AF02B8,29,__import__.product_4950051,__import__.stock_production_lot_280219_4950051
__import__.stock_inventory_line_280219_5822098,__import__.location_loc_AA03B3,9,__import__.product_5822098,__import__.stock_production_lot_280219_5822098
__import__.stock_inventory_line_280219_5822099,__import__.location_loc_AA10A3,35,__import__.product_5822099,__import__.stock_production_lot_280219_5822099
__import__.stock_inventory_line_280219_7196880,__import__.location_loc_AD15A1,24,__import__.product_7196880,__import__.stock_production_lot_280219_7196880
__import__.stock_inventory_line_280219_5829000,__import__.location_loc_AA04B3,12,__import__.product_5829000,__import__.stock_production_lot_280219_5829000
__import__.stock_inventory_line_280219_5822822,__import__.location_loc_AI07B4,9,__import__.product_5822822,__import__.stock_production_lot_280219_5822822
__import__.stock_inventory_line_280219_7196443,__import__.location_loc_AF09B3,22,__import__.product_7196443,__import__.stock_production_lot_280219_7196443
__import__.stock_inventory_line_280219_5810544,__import__.location_loc_AI12B5,118,__import__.product_5810544,__import__.stock_production_lot_280219_5810544
__import__.stock_inventory_line_280219_7196934,__import__.location_loc_AB13A2,28,__import__.product_7196934,__import__.stock_production_lot_280219_7196934
__import__.stock_inventory_line_280219_5821809,__import__.location_loc_AC04A2,26,__import__.product_5821809,__import__.stock_production_lot_280219_5821809
__import__.stock_inventory_line_280219_5822844,__import__.location_loc_AC13A1,20,__import__.product_5822844,__import__.stock_production_lot_280219_5822844
__import__.stock_inventory_line_280219_5826096,__import__.location_loc_AI12A7,10,__import__.product_5826096,__import__.stock_production_lot_280219_5826096
__import__.stock_inventory_line_280219_7314026,__import__.location_loc_AI10B8,5,__import__.product_7314026,__import__.stock_production_lot_280219_7314026
__import__.stock_inventory_line_280219_5810469,__import__.location_loc_AF03B8,28,__import__.product_5810469,__import__.stock_production_lot_280219_5810469
__import__.stock_inventory_line_280219_5823266,__import__.location_loc_AG05B4,10,__import__.product_5823266,__import__.stock_production_lot_280219_5823266
__import__.stock_inventory_line_280219_7241356,__import__.location_loc_AF09B5,8,__import__.product_7241356,__import__.stock_production_lot_280219_7241356
__import__.stock_inventory_line_280219_5827616,__import__.location_loc_AK05B2,4,__import__.product_5827616,__import__.stock_production_lot_280219_5827616
__import__.stock_inventory_line_280219_2915411,__import__.location_loc_AI17A3,3,__import__.product_2915411,__import__.stock_production_lot_280219_2915411
__import__.stock_inventory_line_280219_5829274,__import__.location_loc_AF08A4,14,__import__.product_5829274,__import__.stock_production_lot_280219_5829274
__import__.stock_inventory_line_280219_5826061,__import__.location_loc_AI09A3,1,__import__.product_5826061,__import__.stock_production_lot_280219_5826061
__import__.stock_inventory_line_280219_5826139,__import__.location_loc_AA01A3,179,__import__.product_5826139,__import__.stock_production_lot_280219_5826139
__import__.stock_inventory_line_280219_5829272,__import__.location_loc_AG05A1,9,__import__.product_5829272,__import__.stock_production_lot_280219_5829272
__import__.stock_inventory_line_280219_7196555,__import__.location_loc_AC03B3,29,__import__.product_7196555,__import__.stock_production_lot_280219_7196555
__import__.stock_inventory_line_280219_3145034,__import__.location_loc_AA02B3,1,__import__.product_3145034,__import__.stock_production_lot_280219_3145034
__import__.stock_inventory_line_280219_7196650,__import__.location_loc_AB08B3,1,__import__.product_7196650,__import__.stock_production_lot_280219_7196650
__import__.stock_inventory_line_280219_5829266,__import__.location_loc_AC03A4,22,__import__.product_5829266,__import__.stock_production_lot_280219_5829266
__import__.stock_inventory_line_280219_5829176,__import__.location_loc_AB06A2,15,__import__.product_5829176,__import__.stock_production_lot_280219_5829176
__import__.stock_inventory_line_280219_7197017,__import__.location_loc_AC10B1,2,__import__.product_7197017,__import__.stock_production_lot_280219_7197017
__import__.stock_inventory_line_280219_5827570,__import__.location_loc_AD13A2,2,__import__.product_5827570,__import__.stock_production_lot_280219_5827570
__import__.stock_inventory_line_280219_5829271,__import__.location_loc_AH02A2,43,__import__.product_5829271,__import__.stock_production_lot_280219_5829271
__import__.stock_inventory_line_280219_5821807,__import__.location_loc_AD03A4,23,__import__.product_5821807,__import__.stock_production_lot_280219_5821807
__import__.stock_inventory_line_280219_5001067,__import__.location_loc_AD05B3,47,__import__.product_5001067,__import__.stock_production_lot_280219_5001067
__import__.stock_inventory_line_280219_4150104,__import__.location_loc_AB16A4,33,__import__.product_4150104,__import__.stock_production_lot_280219_4150104
__import__.stock_inventory_line_280219_6825017,__import__.location_loc_AE09B5,2,__import__.product_6825017,__import__.stock_production_lot_280219_6825017
__import__.stock_inventory_line_280219_7196822,__import__.location_loc_AD11B1,46,__import__.product_7196822,__import__.stock_production_lot_280219_7196822
__import__.stock_inventory_line_280219_5826655,__import__.location_loc_AB07A2,32,__import__.product_5826655,__import__.stock_production_lot_280219_5826655
__import__.stock_inventory_line_280219_5829002,__import__.location_loc_AA05A3,160,__import__.product_5829002,__import__.stock_production_lot_280219_5829002
__import__.stock_inventory_line_280219_5828693,__import__.location_loc_AD15B3,16,__import__.product_5828693,__import__.stock_production_lot_280219_5828693
__import__.stock_inventory_line_280219_6808917,__import__.location_loc_AK01B6,2,__import__.product_6808917,__import__.stock_production_lot_280219_6808917
__import__.stock_inventory_line_280219_5821698,__import__.location_loc_AG10C2,2,__import__.product_5821698,__import__.stock_production_lot_280219_5821698
__import__.stock_inventory_line_280219_7196696,__import__.location_loc_AD07B2,53,__import__.product_7196696,__import__.stock_production_lot_280219_7196696
__import__.stock_inventory_line_280219_5810470,__import__.location_loc_AI11B1,18,__import__.product_5810470,__import__.stock_production_lot_280219_5810470
__import__.stock_inventory_line_280219_6825006,__import__.location_loc_AI11A1,3,__import__.product_6825006,__import__.stock_production_lot_280219_6825006
__import__.stock_inventory_line_280219_5827544,__import__.location_loc_AH02A4,24,__import__.product_5827544,__import__.stock_production_lot_280219_5827544
__import__.stock_inventory_line_280219_4120102,__import__.location_loc_AA10B4,222,__import__.product_4120102,__import__.stock_production_lot_280219_4120102
__import__.stock_inventory_line_280219_4160104,__import__.location_loc_AA06A1,72,__import__.product_4160104,__import__.stock_production_lot_280219_4160104
__import__.stock_inventory_line_280219_4250102,__import__.location_loc_AC03B2,13,__import__.product_4250102,__import__.stock_production_lot_280219_4250102
__import__.stock_inventory_line_280219_4220152,__import__.location_loc_AD01A2,65,__import__.product_4220152,__import__.stock_production_lot_280219_4220152
__import__.stock_inventory_line_280219_4220193,__import__.location_loc_AC10A1,119,__import__.product_4220193,__import__.stock_production_lot_280219_4220193
__import__.stock_inventory_line_280219_4210101,__import__.location_loc_AB11B4,18,__import__.product_4210101,__import__.stock_production_lot_280219_4210101
__import__.stock_inventory_line_280219_1250884,__import__.location_loc_AF04A3,8,__import__.product_1250884,__import__.stock_production_lot_280219_1250884
__import__.stock_inventory_line_280219_5829181,__import__.location_loc_AA04A2,88,__import__.product_5829181,__import__.stock_production_lot_280219_5829181
__import__.stock_inventory_line_280219_5810467,__import__.location_loc_AH05B6,94,__import__.product_5810467,__import__.stock_production_lot_280219_5810467
__import__.stock_inventory_line_280219_7520895,__import__.location_loc_AC09A1,48,__import__.product_7520895,__import__.stock_production_lot_280219_7520895
__import__.stock_inventory_line_280219_5822310,__import__.location_loc_AI11B3,7,__import__.product_5822310,__import__.stock_production_lot_280219_5822310
__import__.stock_inventory_line_280219_7196348,__import__.location_loc_AG06C7,9,__import__.product_7196348,__import__.stock_production_lot_280219_7196348
__import__.stock_inventory_line_280219_7314003,__import__.location_loc_AF02C7,5,__import__.product_7314003,__import__.stock_production_lot_280219_7314003
__import__.stock_inventory_line_280219_6828030,__import__.location_loc_AI13C4,6,__import__.product_6828030,__import__.stock_production_lot_280219_6828030
__import__.stock_inventory_line_280219_7196549,__import__.location_loc_AD11B5,1,__import__.product_7196549,__import__.stock_production_lot_280219_7196549
__import__.stock_inventory_line_280219_5826135,__import__.location_loc_AC12B2,53,__import__.product_5826135,__import__.stock_production_lot_280219_5826135
__import__.stock_inventory_line_280219_6825016,__import__.location_loc_AG04B3,12,__import__.product_6825016,__import__.stock_production_lot_280219_6825016
__import__.stock_inventory_line_280219_5823270,__import__.location_loc_AK04B2,8,__import__.product_5823270,__import__.stock_production_lot_280219_5823270
__import__.stock_inventory_line_280219_5826151,__import__.location_loc_AL07C1,1,__import__.product_5826151,__import__.stock_production_lot_280219_5826151
__import__.stock_inventory_line_280219_5822821,__import__.location_loc_AK05C1,4,__import__.product_5822821,__import__.stock_production_lot_280219_5822821
__import__.stock_inventory_line_280219_7351518,__import__.location_loc_AF04C5,13,__import__.product_7351518,__import__.stock_production_lot_280219_7351518
__import__.stock_inventory_line_280219_2732980,__import__.location_loc_AD04B3,9,__import__.product_2732980,__import__.stock_production_lot_280219_2732980
__import__.stock_inventory_line_280219_4120154,__import__.location_loc_AC01A4,47,__import__.product_4120154,__import__.stock_production_lot_280219_4120154
__import__.stock_inventory_line_280219_4230131,__import__.location_loc_AD13B2,70,__import__.product_4230131,__import__.stock_production_lot_280219_4230131
__import__.stock_inventory_line_280219_4500425,__import__.location_loc_AD04A2,15,__import__.product_4500425,__import__.stock_production_lot_280219_4500425
__import__.stock_inventory_line_280219_4005902,__import__.location_loc_AC10B2,84,__import__.product_4005902,__import__.stock_production_lot_280219_4005902
__import__.stock_inventory_line_280219_4210002,__import__.location_loc_AC05B4,76,__import__.product_4210002,__import__.stock_production_lot_280219_4210002
__import__.stock_inventory_line_280219_4130002,__import__.location_loc_AB16B1,74,__import__.product_4130002,__import__.stock_production_lot_280219_4130002
__import__.stock_inventory_line_280219_4500383,__import__.location_loc_AD15A4,25,__import__.product_4500383,__import__.stock_production_lot_280219_4500383
__import__.stock_inventory_line_280219_4250006,__import__.location_loc_AB08A3,32,__import__.product_4250006,__import__.stock_production_lot_280219_4250006
__import__.stock_inventory_line_280219_4215003,__import__.location_loc_AE07A3,50,__import__.product_4215003,__import__.stock_production_lot_280219_4215003
__import__.stock_inventory_line_280219_4140002,__import__.location_loc_AC05B2,97,__import__.product_4140002,__import__.stock_production_lot_280219_4140002
__import__.stock_inventory_line_280219_4280102,__import__.location_loc_AC11A1,5,__import__.product_4280102,__import__.stock_production_lot_280219_4280102
__import__.stock_inventory_line_280219_4130003,__import__.location_loc_AA01A1,88,__import__.product_4130003,__import__.stock_production_lot_280219_4130003
__import__.stock_inventory_line_280219_5801068,__import__.location_loc_AC04B3,75,__import__.product_5801068,__import__.stock_production_lot_280219_5801068
__import__.stock_inventory_line_280219_5828690,__import__.location_loc_AC14B3,97,__import__.product_5828690,__import__.stock_production_lot_280219_5828690
__import__.stock_inventory_line_280219_6825011,__import__.location_loc_AI10B4,5,__import__.product_6825011,__import__.stock_production_lot_280219_6825011
__import__.stock_inventory_line_280219_7197106,__import__.location_loc_AD18B5,35,__import__.product_7197106,__import__.stock_production_lot_280219_7197106
__import__.stock_inventory_line_280219_5461250,__import__.location_loc_AI15C6,6,__import__.product_5461250,__import__.stock_production_lot_280219_5461250
__import__.stock_inventory_line_280219_5461328,__import__.location_loc_AF10B1,16,__import__.product_5461328,__import__.stock_production_lot_280219_5461328
__import__.stock_inventory_line_280219_1231408,__import__.location_loc_AG09A3,6,__import__.product_1231408,__import__.stock_production_lot_280219_1231408
__import__.stock_inventory_line_280219_1230042,__import__.location_loc_AM04B4,7,__import__.product_1230042,__import__.stock_production_lot_280219_1230042
__import__.stock_inventory_line_280219_1239322,__import__.location_loc_AM04C0,2,__import__.product_1239322,__import__.stock_production_lot_280219_1239322
__import__.stock_inventory_line_280219_1231405,__import__.location_loc_AG09A1,13,__import__.product_1231405,__import__.stock_production_lot_280219_1231405
__import__.stock_inventory_line_280219_1239103,__import__.location_loc_AG06C5,8,__import__.product_1239103,__import__.stock_production_lot_280219_1239103
__import__.stock_inventory_line_280219_1230043,__import__.location_loc_AH01B4,16,__import__.product_1230043,__import__.stock_production_lot_280219_1230043
__import__.stock_inventory_line_280219_5438431,__import__.location_loc_GF22G3,2,__import__.product_5438431,__import__.stock_production_lot_280219_5438431
__import__.stock_inventory_line_280219_2923647,__import__.location_loc_AG06B3,14,__import__.product_2923647,__import__.stock_production_lot_280219_2923647
__import__.stock_inventory_line_280219_4500225,__import__.location_loc_AB07A1,105,__import__.product_4500225,__import__.stock_production_lot_280219_4500225
__import__.stock_inventory_line_280219_4212008,__import__.location_loc_AD03A2,31,__import__.product_4212008,__import__.stock_production_lot_280219_4212008
__import__.stock_inventory_line_280219_4007224,__import__.location_loc_AF09A2,6,__import__.product_4007224,__import__.stock_production_lot_280219_4007224
__import__.stock_inventory_line_280219_4230102,__import__.location_loc_AB08A1,30,__import__.product_4230102,__import__.stock_production_lot_280219_4230102
__import__.stock_inventory_line_280219_4110003,__import__.location_loc_AB08B2,55,__import__.product_4110003,__import__.stock_production_lot_280219_4110003
__import__.stock_inventory_line_280219_4160103,__import__.location_loc_AA06B3,134,__import__.product_4160103,__import__.stock_production_lot_280219_4160103
__import__.stock_inventory_line_280219_4250002,__import__.location_loc_AB12B4,209,__import__.product_4250002,__import__.stock_production_lot_280219_4250002
__import__.stock_inventory_line_280219_5828665,__import__.location_loc_AB14A2,50,__import__.product_5828665,__import__.stock_production_lot_280219_5828665
__import__.stock_inventory_line_280219_5828647,__import__.location_loc_AA09B1,38,__import__.product_5828647,__import__.stock_production_lot_280219_5828647
__import__.stock_inventory_line_280219_5825483,__import__.location_loc_AN04A3,16,__import__.product_5825483,__import__.stock_production_lot_280219_5825483
__import__.stock_inventory_line_280219_6829462,__import__.location_loc_AK06B5,4,__import__.product_6829462,__import__.stock_production_lot_280219_6829462
__import__.stock_inventory_line_280219_1238005,__import__.location_loc_AK04C9,6,__import__.product_1238005,__import__.stock_production_lot_280219_1238005
__import__.stock_inventory_line_280219_1232404,__import__.location_loc_AI17A1,8,__import__.product_1232404,__import__.stock_production_lot_280219_1232404
__import__.stock_inventory_line_280219_1234204,__import__.location_loc_AM06C5,5,__import__.product_1234204,__import__.stock_production_lot_280219_1234204
__import__.stock_inventory_line_280219_5272132,__import__.location_loc_AL05B7,3,__import__.product_5272132,__import__.stock_production_lot_280219_5272132
__import__.stock_inventory_line_280219_5272558,__import__.location_loc_AG08A4,12,__import__.product_5272558,__import__.stock_production_lot_280219_5272558
__import__.stock_inventory_line_280219_4120182,__import__.location_loc_AB14B2,35,__import__.product_4120182,__import__.stock_production_lot_280219_4120182
__import__.stock_inventory_line_280219_4150004,__import__.location_loc_AB11A4,110,__import__.product_4150004,__import__.stock_production_lot_280219_4150004
__import__.stock_inventory_line_280219_4180302,__import__.location_loc_AB15A1,108,__import__.product_4180302,__import__.stock_production_lot_280219_4180302
__import__.stock_inventory_line_280219_4220007,__import__.location_loc_AA01A4,108,__import__.product_4220007,__import__.stock_production_lot_280219_4220007
__import__.stock_inventory_line_280219_2018187,__import__.location_loc_AI17B5,3,__import__.product_2018187,__import__.stock_production_lot_280219_2018187
__import__.stock_inventory_line_280219_7197141,__import__.location_loc_AE07B7,77,__import__.product_7197141,__import__.stock_production_lot_280219_7197141
__import__.stock_inventory_line_280219_5828965,__import__.location_loc_AA03A3,147,__import__.product_5828965,__import__.stock_production_lot_280219_5828965
__import__.stock_inventory_line_280219_5829003,__import__.location_loc_AC06A2,17,__import__.product_5829003,__import__.stock_production_lot_280219_5829003
__import__.stock_inventory_line_280219_5810560,__import__.location_loc_AE02A1,45,__import__.product_5810560,__import__.stock_production_lot_280219_5810560
__import__.stock_inventory_line_280219_5829189,__import__.location_loc_AC13B4,39,__import__.product_5829189,__import__.stock_production_lot_280219_5829189
__import__.stock_inventory_line_280219_5810988,__import__.location_loc_AN06B1,7,__import__.product_5810988,__import__.stock_production_lot_280219_5810988
__import__.stock_inventory_line_280219_5827619,__import__.location_loc_AG10B3,20,__import__.product_5827619,__import__.stock_production_lot_280219_5827619
__import__.stock_inventory_line_280219_2770109,__import__.location_loc_AI10B2,4,__import__.product_2770109,__import__.stock_production_lot_280219_2770109
__import__.stock_inventory_line_280219_5823607,__import__.location_loc_AE05B5,25,__import__.product_5823607,__import__.stock_production_lot_280219_5823607
__import__.stock_inventory_line_280219_6828932,__import__.location_loc_AM04B6,3,__import__.product_6828932,__import__.stock_production_lot_280219_6828932
__import__.stock_inventory_line_280219_5810985,__import__.location_loc_AM05B1,8,__import__.product_5810985,__import__.stock_production_lot_280219_5810985
__import__.stock_inventory_line_280219_5826293,__import__.location_loc_AK03A5,2,__import__.product_5826293,__import__.stock_production_lot_280219_5826293
__import__.stock_inventory_line_280219_6824231,__import__.location_loc_AI09A1,5,__import__.product_6824231,__import__.stock_production_lot_280219_6824231
__import__.stock_inventory_line_280219_5829264,__import__.location_loc_AI13A2,4,__import__.product_5829264,__import__.stock_production_lot_280219_5829264
__import__.stock_inventory_line_280219_5829269,__import__.location_loc_AK04A2,2,__import__.product_5829269,__import__.stock_production_lot_280219_5829269
__import__.stock_inventory_line_280219_1231208,__import__.location_loc_AC14A4,6,__import__.product_1231208,__import__.stock_production_lot_280219_1231208
__import__.stock_inventory_line_280219_1239323,__import__.location_loc_AH06A3,32,__import__.product_1239323,__import__.stock_production_lot_280219_1239323
__import__.stock_inventory_line_280219_1239099,__import__.location_loc_AM04B0,6,__import__.product_1239099,__import__.stock_production_lot_280219_1239099
__import__.stock_inventory_line_280219_1230063,__import__.location_loc_AL07C2,3,__import__.product_1230063,__import__.stock_production_lot_280219_1230063
__import__.stock_inventory_line_280219_1250923,__import__.location_loc_AK03C3,4,__import__.product_1250923,__import__.stock_production_lot_280219_1250923
__import__.stock_inventory_line_280219_2877710,__import__.location_loc_AH01A5,36,__import__.product_2877710,__import__.stock_production_lot_280219_2877710
__import__.stock_inventory_line_280219_2357689,__import__.location_loc_AH04A2,20,__import__.product_2357689,__import__.stock_production_lot_280219_2357689
__import__.stock_inventory_line_280219_4500462,__import__.location_loc_AD05B4,108,__import__.product_4500462,__import__.stock_production_lot_280219_4500462
__import__.stock_inventory_line_280219_4270131,__import__.location_loc_AD03B1,83,__import__.product_4270131,__import__.stock_production_lot_280219_4270131
__import__.stock_inventory_line_280219_4230132,__import__.location_loc_AE12A3,24,__import__.product_4230132,__import__.stock_production_lot_280219_4230132
__import__.stock_inventory_line_280219_4220143,__import__.location_loc_AB06A3,194,__import__.product_4220143,__import__.stock_production_lot_280219_4220143
__import__.stock_inventory_line_280219_4210102,__import__.location_loc_AB13A4,79,__import__.product_4210102,__import__.stock_production_lot_280219_4210102
__import__.stock_inventory_line_280219_2171887,__import__.location_loc_AI15A5,4,__import__.product_2171887,__import__.stock_production_lot_280219_2171887
__import__.stock_inventory_line_280219_5272618,__import__.location_loc_AN03B9,4,__import__.product_5272618,__import__.stock_production_lot_280219_5272618
__import__.stock_inventory_line_280219_5272216,__import__.location_loc_AK06B6,8,__import__.product_5272216,__import__.stock_production_lot_280219_5272216
__import__.stock_inventory_line_280219_5272438,__import__.location_loc_AH06A2,16,__import__.product_5272438,__import__.stock_production_lot_280219_5272438
__import__.stock_inventory_line_280219_5461312,__import__.location_loc_AI14A2,25,__import__.product_5461312,__import__.stock_production_lot_280219_5461312
__import__.stock_inventory_line_280219_6825341,__import__.location_loc_AA09A2,93,__import__.product_6825341,__import__.stock_production_lot_280219_6825341
__import__.stock_inventory_line_280219_5823271,__import__.location_loc_AD18A1,64,__import__.product_5823271,__import__.stock_production_lot_280219_5823271
__import__.stock_inventory_line_280219_5826548,__import__.location_loc_AE06A1,31,__import__.product_5826548,__import__.stock_production_lot_280219_5826548
__import__.stock_inventory_line_280219_6828344,__import__.location_loc_AM08C2,4,__import__.product_6828344,__import__.stock_production_lot_280219_6828344
__import__.stock_inventory_line_280219_2979730,__import__.location_loc_AK06B2,4,__import__.product_2979730,__import__.stock_production_lot_280219_2979730
__import__.stock_inventory_line_280219_5826228,__import__.location_loc_AH02B7,13,__import__.product_5826228,__import__.stock_production_lot_280219_5826228
__import__.stock_inventory_line_280219_3004132,__import__.location_loc_AI08A4,40,__import__.product_3004132,__import__.stock_production_lot_280219_3004132
__import__.stock_inventory_line_280219_1250890,__import__.location_loc_AH05A5,12,__import__.product_1250890,__import__.stock_production_lot_280219_1250890
__import__.stock_inventory_line_280219_1239482,__import__.location_loc_AI11A2,10,__import__.product_1239482,__import__.stock_production_lot_280219_1239482
__import__.stock_inventory_line_280219_7096600,__import__.location_loc_AK04B6,8,__import__.product_7096600,__import__.stock_production_lot_280219_7096600
__import__.stock_inventory_line_280219_4220107,__import__.location_loc_AB15A4,96,__import__.product_4220107,__import__.stock_production_lot_280219_4220107
__import__.stock_inventory_line_280219_4230121,__import__.location_loc_AF05B2,108,__import__.product_4230121,__import__.stock_production_lot_280219_4230121
__import__.stock_inventory_line_280219_4120183,__import__.location_loc_AB13A3,216,__import__.product_4120183,__import__.stock_production_lot_280219_4120183
__import__.stock_inventory_line_280219_5802099,__import__.location_loc_AB05A4,179,__import__.product_5802099,__import__.stock_production_lot_280219_5802099
__import__.stock_inventory_line_280219_5810039,__import__.location_loc_AB04A2,102,__import__.product_5810039,__import__.stock_production_lot_280219_5810039
__import__.stock_inventory_line_280219_7196644,__import__.location_loc_AA01B3,143,__import__.product_7196644,__import__.stock_production_lot_280219_7196644
__import__.stock_inventory_line_280219_5829001,__import__.location_loc_AB15B2,144,__import__.product_5829001,__import__.stock_production_lot_280219_5829001
__import__.stock_inventory_line_280219_5827545,__import__.location_loc_AF03A1,45,__import__.product_5827545,__import__.stock_production_lot_280219_5827545
__import__.stock_inventory_line_280219_6828887,__import__.location_loc_AA03B1,111,__import__.product_6828887,__import__.stock_production_lot_280219_6828887
__import__.stock_inventory_line_280219_5810561,__import__.location_loc_AE03A2,100,__import__.product_5810561,__import__.stock_production_lot_280219_5810561
__import__.stock_inventory_line_280219_5822842,__import__.location_loc_AA01B1,264,__import__.product_5822842,__import__.stock_production_lot_280219_5822842
__import__.stock_inventory_line_280219_6828886,__import__.location_loc_AB07B3,162,__import__.product_6828886,__import__.stock_production_lot_280219_6828886
__import__.stock_inventory_line_280219_5822120,__import__.location_loc_AI13B5,6,__import__.product_5822120,__import__.stock_production_lot_280219_5822120
__import__.stock_inventory_line_280219_7196621,__import__.location_loc_AH02B1,10,__import__.product_7196621,__import__.stock_production_lot_280219_7196621
__import__.stock_inventory_line_280219_5825516,__import__.location_loc_AF05B3,19,__import__.product_5825516,__import__.stock_production_lot_280219_5825516
__import__.stock_inventory_line_280219_4007222,__import__.location_loc_AF07B6,30,__import__.product_4007222,__import__.stock_production_lot_280219_4007222
__import__.stock_inventory_line_280219_1237104,__import__.location_loc_AM04C7,1,__import__.product_1237104,__import__.stock_production_lot_280219_1237104
__import__.stock_inventory_line_280219_1238054,__import__.location_loc_AM06C3,2,__import__.product_1238054,__import__.stock_production_lot_280219_1238054
__import__.stock_inventory_line_280219_1202404,__import__.location_loc_AM07A5,1,__import__.product_1202404,__import__.stock_production_lot_280219_1202404
__import__.stock_inventory_line_280219_5272683,__import__.location_loc_AN05B3,4,__import__.product_5272683,__import__.stock_production_lot_280219_5272683
__import__.stock_inventory_line_280219_4220102,__import__.location_loc_AB16B3,216,__import__.product_4220102,__import__.stock_production_lot_280219_4220102
__import__.stock_inventory_line_280219_4270007,__import__.location_loc_AC05A4,64,__import__.product_4270007,__import__.stock_production_lot_280219_4270007
__import__.stock_inventory_line_280219_5811077,__import__.location_loc_AG04B1,16,__import__.product_5811077,__import__.stock_production_lot_280219_5811077
__import__.stock_inventory_line_280220_8270270,__import__.location_loc_AI14B4,18,__import__.product_8270270,__import__.stock_production_lot_280220_8270270
__import__.stock_inventory_line_280220_5065361,__import__.location_loc_EXV300,50,__import__.product_5065361,__import__.stock_production_lot_280220_5065361
__import__.stock_inventory_line_2809151_3277159,__import__.location_loc_GD13C6,6,__import__.product_3277159,__import__.stock_production_lot_2809151_3277159
__import__.stock_inventory_line_281910_0109181,__import__.location_loc_GC22D1,40,__import__.product_0109181,__import__.stock_production_lot_281910_0109181
__import__.stock_inventory_line_2825375_8078378,__import__.location_loc_GD14D4,1,__import__.product_8078378,__import__.stock_production_lot_2825375_8078378
__import__.stock_inventory_line_28319_3479110,__import__.location_loc_GC32C3,14,__import__.product_3479110,__import__.stock_production_lot_28319_3479110
__import__.stock_inventory_line_283772_5969000,__import__.location_loc_GE14A4,4,__import__.product_5969000,__import__.stock_production_lot_283772_5969000
__import__.stock_inventory_line_290119_4250002,__import__.location_loc_AB12B4,2,__import__.product_4250002,__import__.stock_production_lot_290119_4250002
__import__.stock_inventory_line_290517_8060473,__import__.location_loc_GE07F7,2,__import__.product_8060473,__import__.stock_production_lot_290517_8060473
__import__.stock_inventory_line_293771_8270539,__import__.location_loc_GE03A2,1,__import__.product_8270539,__import__.stock_production_lot_293771_8270539
__import__.stock_inventory_line_295DE_3123155,__import__.location_loc_GBG309,23,__import__.product_3123155,__import__.stock_production_lot_295DE_3123155
__import__.stock_inventory_line_2951816_8053042,__import__.location_loc_GE09F1,21,__import__.product_8053042,__import__.stock_production_lot_2951816_8053042
__import__.stock_inventory_line_2952744_8053036,__import__.location_loc_GC02C4,13,__import__.product_8053036,__import__.stock_production_lot_2952744_8053036
__import__.stock_inventory_line_2967465_8290664,__import__.location_loc_GGM402,3,__import__.product_8290664,__import__.stock_production_lot_2967465_8290664
__import__.stock_inventory_line_2967470_8290658,__import__.location_loc_GD21C3,4,__import__.product_8290658,__import__.stock_production_lot_2967470_8290658
__import__.stock_inventory_line_297DC_3123130,__import__.location_loc_GBX108,131,__import__.product_3123130,__import__.stock_production_lot_297DC_3123130
__import__.stock_inventory_line_2985514_8053059,__import__.location_loc_GC07E5,40,__import__.product_8053059,__import__.stock_production_lot_2985514_8053059
__import__.stock_inventory_line_3B111_3057213,__import__.location_loc_GE19B3,11,__import__.product_3057213,__import__.stock_production_lot_3B111_3057213
__import__.stock_inventory_line_3C871_2650372,__import__.location_loc_QBA215,1,__import__.product_2650372,__import__.stock_production_lot_3C871_2650372
__import__.stock_inventory_line_3L022_5350301,__import__.location_loc_GF13C1,6,__import__.product_5350301,__import__.stock_production_lot_3L022_5350301
__import__.stock_inventory_line_3M491_3315702,__import__.location_loc_QFC105,133,__import__.product_3315702,__import__.stock_production_lot_3M491_3315702
__import__.stock_inventory_line_3Q461_2650349,__import__.location_loc_QEA220,19,__import__.product_2650349,__import__.stock_production_lot_3Q461_2650349
__import__.stock_inventory_line_3W021_3535580,__import__.location_loc_QFE430,16,__import__.product_3535580,__import__.stock_production_lot_3W021_3535580
__import__.stock_inventory_line_3W022_3535598,__import__.location_loc_QCF110,1,__import__.product_3535598,__import__.stock_production_lot_3W022_3535598
__import__.stock_inventory_line_3W091_5350301,__import__.location_loc_GF13C1,50,__import__.product_5350301,__import__.stock_production_lot_3W091_5350301
__import__.stock_inventory_line_30A4_2736122,__import__.location_loc_GBG403,421,__import__.product_2736122,__import__.stock_production_lot_30A4_2736122
__import__.stock_inventory_line_300418_5810745,__import__.location_loc_AB11B1,4,__import__.product_5810745,__import__.stock_production_lot_300418_5810745
__import__.stock_inventory_line_300418_4007021,__import__.location_loc_AF04B9,5,__import__.product_4007021,__import__.stock_production_lot_300418_4007021
__import__.stock_inventory_line_300418_4500461,__import__.location_loc_AG08C4,5,__import__.product_4500461,__import__.stock_production_lot_300418_4500461
__import__.stock_inventory_line_300418_4007121,__import__.location_loc_AK03B5,8,__import__.product_4007121,__import__.stock_production_lot_300418_4007121
__import__.stock_inventory_line_300418_1250902,__import__.location_loc_AM04C5,2,__import__.product_1250902,__import__.stock_production_lot_300418_1250902
__import__.stock_inventory_line_300418_1237304,__import__.location_loc_AM06C9,1,__import__.product_1237304,__import__.stock_production_lot_300418_1237304
__import__.stock_inventory_line_300418_2923746,__import__.location_loc_AG08C5,1,__import__.product_2923746,__import__.stock_production_lot_300418_2923746
__import__.stock_inventory_line_300418_2877967,__import__.location_loc_AK03B7,1,__import__.product_2877967,__import__.stock_production_lot_300418_2877967
__import__.stock_inventory_line_300418_5312003,__import__.location_loc_AL07B5,1,__import__.product_5312003,__import__.stock_production_lot_300418_5312003
__import__.stock_inventory_line_300418_5166110,__import__.location_loc_AL05A3,4,__import__.product_5166110,__import__.stock_production_lot_300418_5166110
__import__.stock_inventory_line_300418_5320002,__import__.location_loc_AK04C2,7,__import__.product_5320002,__import__.stock_production_lot_300418_5320002
__import__.stock_inventory_line_300418_3563129,__import__.location_loc_AL06B1,11,__import__.product_3563129,__import__.stock_production_lot_300418_3563129
__import__.stock_inventory_line_300418_3562873,__import__.location_loc_AH02A5,1,__import__.product_3562873,__import__.stock_production_lot_300418_3562873
__import__.stock_inventory_line_300418_3563004,__import__.location_loc_AO05A1,1,__import__.product_3563004,__import__.stock_production_lot_300418_3563004
__import__.stock_inventory_line_300418_3562832,__import__.location_loc_AD03A3,4,__import__.product_3562832,__import__.stock_production_lot_300418_3562832
__import__.stock_inventory_line_300418_3563111,__import__.location_loc_AO05B4,3,__import__.product_3563111,__import__.stock_production_lot_300418_3563111
__import__.stock_inventory_line_300418_3562865,__import__.location_loc_AO04A1,5,__import__.product_3562865,__import__.stock_production_lot_300418_3562865
__import__.stock_inventory_line_300418_3563103,__import__.location_loc_AD01A1,5,__import__.product_3563103,__import__.stock_production_lot_300418_3563103
__import__.stock_inventory_line_300418_2171886,__import__.location_loc_AM06A6,5,__import__.product_2171886,__import__.stock_production_lot_300418_2171886
__import__.stock_inventory_line_300418_5624902,__import__.location_loc_AO04A2,6,__import__.product_5624902,__import__.stock_production_lot_300418_5624902
__import__.stock_inventory_line_300418_5624905,__import__.location_loc_AN04B4,3,__import__.product_5624905,__import__.stock_production_lot_300418_5624905
__import__.stock_inventory_line_300418_4008026,__import__.location_loc_AG08B1,9,__import__.product_4008026,__import__.stock_production_lot_300418_4008026
__import__.stock_inventory_line_300418_1239392,__import__.location_loc_AK03A4,3,__import__.product_1239392,__import__.stock_production_lot_300418_1239392
__import__.stock_inventory_line_300418_4270114,__import__.location_loc_AH03A1,-1,__import__.product_4270114,__import__.stock_production_lot_300418_4270114
__import__.stock_inventory_line_300418_5196004,__import__.location_loc_AF06C7,1,__import__.product_5196004,__import__.stock_production_lot_300418_5196004
__import__.stock_inventory_line_300418_1234472,__import__.location_loc_AG07A1,1,__import__.product_1234472,__import__.stock_production_lot_300418_1234472
__import__.stock_inventory_line_300418_1234053,__import__.location_loc_AH04A5,1,__import__.product_1234053,__import__.stock_production_lot_300418_1234053
__import__.stock_inventory_line_300418_1190308,__import__.location_loc_GGF102,2,__import__.product_1190308,__import__.stock_production_lot_300418_1190308
__import__.stock_inventory_line_300418_5320001,__import__.location_loc_AK05B8,4,__import__.product_5320001,__import__.stock_production_lot_300418_5320001
__import__.stock_inventory_line_300418_5164540,__import__.location_loc_AG10C5,15,__import__.product_5164540,__import__.stock_production_lot_300418_5164540
__import__.stock_inventory_line_300418_5624909,__import__.location_loc_AN06A2,3,__import__.product_5624909,__import__.stock_production_lot_300418_5624909
__import__.stock_inventory_line_300418_5194103,__import__.location_loc_AO03B2,10,__import__.product_5194103,__import__.stock_production_lot_300418_5194103
__import__.stock_inventory_line_300418_5164547,__import__.location_loc_AI17B3,5,__import__.product_5164547,__import__.stock_production_lot_300418_5164547
__import__.stock_inventory_line_300418_5164536,__import__.location_loc_AH02A7,2,__import__.product_5164536,__import__.stock_production_lot_300418_5164536
__import__.stock_inventory_line_300418_4120151,__import__.location_loc_AG08C6,8,__import__.product_4120151,__import__.stock_production_lot_300418_4120151
__import__.stock_inventory_line_300418_3526700,__import__.location_loc_AI09B3,11,__import__.product_3526700,__import__.stock_production_lot_300418_3526700
__import__.stock_inventory_line_300418_5164533,__import__.location_loc_AI14A6,2,__import__.product_5164533,__import__.stock_production_lot_300418_5164533
__import__.stock_inventory_line_300418_4990950,__import__.location_loc_AM03B3,17,__import__.product_4990950,__import__.stock_production_lot_300418_4990950
__import__.stock_inventory_line_300418_5829179,__import__.location_loc_AB12A4,19,__import__.product_5829179,__import__.stock_production_lot_300418_5829179
__import__.stock_inventory_line_300418_4990953,__import__.location_loc_AN04B1,7,__import__.product_4990953,__import__.stock_production_lot_300418_4990953
__import__.stock_inventory_line_300418_5164534,__import__.location_loc_AL02A3,15,__import__.product_5164534,__import__.stock_production_lot_300418_5164534
__import__.stock_inventory_line_300418_5164500,__import__.location_loc_AO01A3,4,__import__.product_5164500,__import__.stock_production_lot_300418_5164500
__import__.stock_inventory_line_300419_4900403,__import__.location_loc_AE14B3,32,__import__.product_4900403,__import__.stock_production_lot_300419_4900403
__import__.stock_inventory_line_300419_4900001,__import__.location_loc_AE06B1,265,__import__.product_4900001,__import__.stock_production_lot_300419_4900001
__import__.stock_inventory_line_300419_5341050,__import__.location_loc_AM08C3,4,__import__.product_5341050,__import__.stock_production_lot_300419_5341050
__import__.stock_inventory_line_300419_6827568,__import__.location_loc_AE14A1,4,__import__.product_6827568,__import__.stock_production_lot_300419_6827568
__import__.stock_inventory_line_300419_4900004,__import__.location_loc_AC01B2,171,__import__.product_4900004,__import__.stock_production_lot_300419_4900004
__import__.stock_inventory_line_300419_4970045,__import__.location_loc_AG04B5,1,__import__.product_4970045,__import__.stock_production_lot_300419_4970045
__import__.stock_inventory_line_300419_5275599,__import__.location_loc_AK03B0,12,__import__.product_5275599,__import__.stock_production_lot_300419_5275599
__import__.stock_inventory_line_300419_5164529,__import__.location_loc_AG08B5,15,__import__.product_5164529,__import__.stock_production_lot_300419_5164529
__import__.stock_inventory_line_300419_4901604,__import__.location_loc_AD15B1,64,__import__.product_4901604,__import__.stock_production_lot_300419_4901604
__import__.stock_inventory_line_300419_4970038,__import__.location_loc_AH03B2,3,__import__.product_4970038,__import__.stock_production_lot_300419_4970038
__import__.stock_inventory_line_300419_5164531,__import__.location_loc_AG08B2,12,__import__.product_5164531,__import__.stock_production_lot_300419_5164531
__import__.stock_inventory_line_300419_6827565,__import__.location_loc_AH04B4,15,__import__.product_6827565,__import__.stock_production_lot_300419_6827565
__import__.stock_inventory_line_300419_4902404,__import__.location_loc_AA10B1,114,__import__.product_4902404,__import__.stock_production_lot_300419_4902404
__import__.stock_inventory_line_300419_6827364,__import__.location_loc_AI12B3,10,__import__.product_6827364,__import__.stock_production_lot_300419_6827364
__import__.stock_inventory_line_300419_4910101,__import__.location_loc_AE06B4,45,__import__.product_4910101,__import__.stock_production_lot_300419_4910101
__import__.stock_inventory_line_300419_4970044,__import__.location_loc_AF03B5,2,__import__.product_4970044,__import__.stock_production_lot_300419_4970044
__import__.stock_inventory_line_300419_2923662,__import__.location_loc_AH04B6,74,__import__.product_2923662,__import__.stock_production_lot_300419_2923662
__import__.stock_inventory_line_300419_6827359,__import__.location_loc_AG10B7,4,__import__.product_6827359,__import__.stock_production_lot_300419_6827359
__import__.stock_inventory_line_300419_6827287,__import__.location_loc_AG05B5,1,__import__.product_6827287,__import__.stock_production_lot_300419_6827287
__import__.stock_inventory_line_300419_5362022,__import__.location_loc_AL08C2,3,__import__.product_5362022,__import__.stock_production_lot_300419_5362022
__import__.stock_inventory_line_300419_2923738,__import__.location_loc_AI17B2,14,__import__.product_2923738,__import__.stock_production_lot_300419_2923738
__import__.stock_inventory_line_300419_6827362,__import__.location_loc_AF10B6,20,__import__.product_6827362,__import__.stock_production_lot_300419_6827362
__import__.stock_inventory_line_300419_3023553,__import__.location_loc_AI13B8,15,__import__.product_3023553,__import__.stock_production_lot_300419_3023553
__import__.stock_inventory_line_300419_5828649,__import__.location_loc_AB16A1,27,__import__.product_5828649,__import__.stock_production_lot_300419_5828649
__import__.stock_inventory_line_300419_5821726,__import__.location_loc_AC10A3,71,__import__.product_5821726,__import__.stock_production_lot_300419_5821726
__import__.stock_inventory_line_300419_4901703,__import__.location_loc_AB07B2,171,__import__.product_4901703,__import__.stock_production_lot_300419_4901703
__import__.stock_inventory_line_300419_7865045,__import__.location_loc_AE09A2,35,__import__.product_7865045,__import__.stock_production_lot_300419_7865045
__import__.stock_inventory_line_300419_5603576,__import__.location_loc_AD04A3,70,__import__.product_5603576,__import__.stock_production_lot_300419_5603576
__import__.stock_inventory_line_300419_5829184,__import__.location_loc_AC06B4,102,__import__.product_5829184,__import__.stock_production_lot_300419_5829184
__import__.stock_inventory_line_300419_5603578,__import__.location_loc_AD06B2,96,__import__.product_5603578,__import__.stock_production_lot_300419_5603578
__import__.stock_inventory_line_300419_5827610,__import__.location_loc_AG08B4,12,__import__.product_5827610,__import__.stock_production_lot_300419_5827610
__import__.stock_inventory_line_300419_5821698,__import__.location_loc_AG10C2,12,__import__.product_5821698,__import__.stock_production_lot_300419_5821698
__import__.stock_inventory_line_300419_5826265,__import__.location_loc_AI17B1,6,__import__.product_5826265,__import__.stock_production_lot_300419_5826265
__import__.stock_inventory_line_300419_6827365,__import__.location_loc_AH04B7,17,__import__.product_6827365,__import__.stock_production_lot_300419_6827365
__import__.stock_inventory_line_300419_6825151,__import__.location_loc_AG06A4,6,__import__.product_6825151,__import__.stock_production_lot_300419_6825151
__import__.stock_inventory_line_300419_2923712,__import__.location_loc_AF04B8,57,__import__.product_2923712,__import__.stock_production_lot_300419_2923712
__import__.stock_inventory_line_300419_4901607,__import__.location_loc_AF04B1,8,__import__.product_4901607,__import__.stock_production_lot_300419_4901607
__import__.stock_inventory_line_300420_8270268,__import__.location_loc_AE09A4,72,__import__.product_8270268,__import__.stock_production_lot_300420_8270268
__import__.stock_inventory_line_300420_2977742,__import__.location_loc_AN07D5,4,__import__.product_2977742,__import__.stock_production_lot_300420_2977742
__import__.stock_inventory_line_3005317_9694895,__import__.location_loc_GD19B3,4,__import__.product_9694895,__import__.stock_production_lot_3005317_9694895
__import__.stock_inventory_line_300618_5362255,__import__.location_loc_AN08D2,3,__import__.product_5362255,__import__.stock_production_lot_300618_5362255
__import__.stock_inventory_line_300618_1250817,__import__.location_loc_AK05A4,1,__import__.product_1250817,__import__.stock_production_lot_300618_1250817
__import__.stock_inventory_line_300618_4500201,__import__.location_loc_AI10B3,4,__import__.product_4500201,__import__.stock_production_lot_300618_4500201
__import__.stock_inventory_line_300618_4215002,__import__.location_loc_AH05B2,1,__import__.product_4215002,__import__.stock_production_lot_300618_4215002
__import__.stock_inventory_line_300618_4180400,__import__.location_loc_AD20B2,2,__import__.product_4180400,__import__.stock_production_lot_300618_4180400
__import__.stock_inventory_line_300618_5124590,__import__.location_loc_AL07C3,1,__import__.product_5124590,__import__.stock_production_lot_300618_5124590
__import__.stock_inventory_line_300618_1250903,__import__.location_loc_AN05C5,1,__import__.product_1250903,__import__.stock_production_lot_300618_1250903
__import__.stock_inventory_line_300618_5823129,__import__.location_loc_AN05A2,3,__import__.product_5823129,__import__.stock_production_lot_300618_5823129
__import__.stock_inventory_line_300618_2877702,__import__.location_loc_AI07A3,7,__import__.product_2877702,__import__.stock_production_lot_300618_2877702
__import__.stock_inventory_line_300618_5166100,__import__.location_loc_AN03C8,2,__import__.product_5166100,__import__.stock_production_lot_300618_5166100
__import__.stock_inventory_line_300618_3562907,__import__.location_loc_AM05A1,9,__import__.product_3562907,__import__.stock_production_lot_300618_3562907
__import__.stock_inventory_line_300618_5362254,__import__.location_loc_AL08C5,3,__import__.product_5362254,__import__.stock_production_lot_300618_5362254
__import__.stock_inventory_line_300618_5823128,__import__.location_loc_AG10B8,5,__import__.product_5823128,__import__.stock_production_lot_300618_5823128
__import__.stock_inventory_line_300618_5278099,__import__.location_loc_AH02B3,1,__import__.product_5278099,__import__.stock_production_lot_300618_5278099
__import__.stock_inventory_line_300618_5317679,__import__.location_loc_AK06A7,2,__import__.product_5317679,__import__.stock_production_lot_300618_5317679
__import__.stock_inventory_line_300618_1202407,__import__.location_loc_AM08D1,1,__import__.product_1202407,__import__.stock_production_lot_300618_1202407
__import__.stock_inventory_line_300618_2488609,__import__.location_loc_AK01C7,1,__import__.product_2488609,__import__.stock_production_lot_300618_2488609
__import__.stock_inventory_line_300618_5823125,__import__.location_loc_AK01A1,1,__import__.product_5823125,__import__.stock_production_lot_300618_5823125
__import__.stock_inventory_line_300618_5196048,__import__.location_loc_AF08B5,1,__import__.product_5196048,__import__.stock_production_lot_300618_5196048
__import__.stock_inventory_line_300618_5823126,__import__.location_loc_AI13C2,1,__import__.product_5823126,__import__.stock_production_lot_300618_5823126
__import__.stock_inventory_line_300618_5823231,__import__.location_loc_AI15C3,1,__import__.product_5823231,__import__.stock_production_lot_300618_5823231
__import__.stock_inventory_line_300618_5196020,__import__.location_loc_AG09B5,23,__import__.product_5196020,__import__.stock_production_lot_300618_5196020
__import__.stock_inventory_line_300618_5196068,__import__.location_loc_AF06C1,2,__import__.product_5196068,__import__.stock_production_lot_300618_5196068
__import__.stock_inventory_line_300618_5161410,__import__.location_loc_AN03C3,1,__import__.product_5161410,__import__.stock_production_lot_300618_5161410
__import__.stock_inventory_line_300618_3563087,__import__.location_loc_AO05B2,6,__import__.product_3563087,__import__.stock_production_lot_300618_3563087
__import__.stock_inventory_line_300618_4007225,__import__.location_loc_AD18A3,1,__import__.product_4007225,__import__.stock_production_lot_300618_4007225
__import__.stock_inventory_line_300618_5260102,__import__.location_loc_AG06C4,5,__import__.product_5260102,__import__.stock_production_lot_300618_5260102
__import__.stock_inventory_line_300618_5164512,__import__.location_loc_AI17C7,1,__import__.product_5164512,__import__.stock_production_lot_300618_5164512
__import__.stock_inventory_line_300618_5164505,__import__.location_loc_AH09A3,1,__import__.product_5164505,__import__.stock_production_lot_300618_5164505
__import__.stock_inventory_line_300618_5164520,__import__.location_loc_AG10B9,14,__import__.product_5164520,__import__.stock_production_lot_300618_5164520
__import__.stock_inventory_line_300618_4230103,__import__.location_loc_AB11A1,19,__import__.product_4230103,__import__.stock_production_lot_300618_4230103
__import__.stock_inventory_line_300618_4260014,__import__.location_loc_AD07A1,21,__import__.product_4260014,__import__.stock_production_lot_300618_4260014
__import__.stock_inventory_line_300618_5164524,__import__.location_loc_AF06B9,5,__import__.product_5164524,__import__.stock_production_lot_300618_5164524
__import__.stock_inventory_line_300618_5164517,__import__.location_loc_AF04B2,1,__import__.product_5164517,__import__.stock_production_lot_300618_5164517
__import__.stock_inventory_line_300618_3562972,__import__.location_loc_AD03B4,5,__import__.product_3562972,__import__.stock_production_lot_300618_3562972
__import__.stock_inventory_line_300618_3562915,__import__.location_loc_AD01B3,1,__import__.product_3562915,__import__.stock_production_lot_300618_3562915
__import__.stock_inventory_line_300618_5461168,__import__.location_loc_AN04A1,1,__import__.product_5461168,__import__.stock_production_lot_300618_5461168
__import__.stock_inventory_line_300618_4220173,__import__.location_loc_AE07A2,15,__import__.product_4220173,__import__.stock_production_lot_300618_4220173
__import__.stock_inventory_line_300618_4230133,__import__.location_loc_AG03A1,1,__import__.product_4230133,__import__.stock_production_lot_300618_4230133
__import__.stock_inventory_line_300618_4500265,__import__.location_loc_AA01A2,20,__import__.product_4500265,__import__.stock_production_lot_300618_4500265
__import__.stock_inventory_line_300618_4210103,__import__.location_loc_AB12A3,21,__import__.product_4210103,__import__.stock_production_lot_300618_4210103
__import__.stock_inventory_line_300618_1250840,__import__.location_loc_AZZ508,1,__import__.product_1250840,__import__.stock_production_lot_300618_1250840
__import__.stock_inventory_line_300618_3265469,__import__.location_loc_AG08C2,-1,__import__.product_3265469,__import__.stock_production_lot_300618_3265469
__import__.stock_inventory_line_300618_4270133,__import__.location_loc_AE03A1,21,__import__.product_4270133,__import__.stock_production_lot_300618_4270133
__import__.stock_inventory_line_300618_4270114,__import__.location_loc_AH03A1,20,__import__.product_4270114,__import__.stock_production_lot_300618_4270114
__import__.stock_inventory_line_300618_5164556,__import__.location_loc_AI10A7,8,__import__.product_5164556,__import__.stock_production_lot_300618_5164556
__import__.stock_inventory_line_300618_2357465,__import__.location_loc_AN05A5,2,__import__.product_2357465,__import__.stock_production_lot_300618_2357465
__import__.stock_inventory_line_300618_3563111,__import__.location_loc_AO05B4,20,__import__.product_3563111,__import__.stock_production_lot_300618_3563111
__import__.stock_inventory_line_300618_0159930,__import__.location_loc_AG10A6,10,__import__.product_0159930,__import__.stock_production_lot_300618_0159930
__import__.stock_inventory_line_300618_1239335,__import__.location_loc_AM04B1,2,__import__.product_1239335,__import__.stock_production_lot_300618_1239335
__import__.stock_inventory_line_300618_1239355,__import__.location_loc_AK01A3,2,__import__.product_1239355,__import__.stock_production_lot_300618_1239355
__import__.stock_inventory_line_300618_1239092,__import__.location_loc_AH02A1,4,__import__.product_1239092,__import__.stock_production_lot_300618_1239092
__import__.stock_inventory_line_300618_1180062,__import__.location_loc_AF10A5,1,__import__.product_1180062,__import__.stock_production_lot_300618_1180062
__import__.stock_inventory_line_300618_3265253,__import__.location_loc_AE07B5,26,__import__.product_3265253,__import__.stock_production_lot_300618_3265253
__import__.stock_inventory_line_300618_5164548,__import__.location_loc_AK04C4,4,__import__.product_5164548,__import__.stock_production_lot_300618_5164548
__import__.stock_inventory_line_300618_1160402,__import__.location_loc_AI12A6,3,__import__.product_1160402,__import__.stock_production_lot_300618_1160402
__import__.stock_inventory_line_300618_1239362,__import__.location_loc_AH05A1,4,__import__.product_1239362,__import__.stock_production_lot_300618_1239362
__import__.stock_inventory_line_300618_5164537,__import__.location_loc_AI12B1,1,__import__.product_5164537,__import__.stock_production_lot_300618_5164537
__import__.stock_inventory_line_300618_5274657,__import__.location_loc_AI05B2,13,__import__.product_5274657,__import__.stock_production_lot_300618_5274657
__import__.stock_inventory_line_300618_5823130,__import__.location_loc_AK03B3,4,__import__.product_5823130,__import__.stock_production_lot_300618_5823130
__import__.stock_inventory_line_300618_2977130,__import__.location_loc_AK06C1,5,__import__.product_2977130,__import__.stock_production_lot_300618_2977130
__import__.stock_inventory_line_300618_3562824,__import__.location_loc_AD14B2,20,__import__.product_3562824,__import__.stock_production_lot_300618_3562824
__import__.stock_inventory_line_300618_4230123,__import__.location_loc_AF07A4,21,__import__.product_4230123,__import__.stock_production_lot_300618_4230123
__import__.stock_inventory_line_300618_3562881,__import__.location_loc_AE02B3,42,__import__.product_3562881,__import__.stock_production_lot_300618_3562881
__import__.stock_inventory_line_300618_4500445,__import__.location_loc_AC06A1,21,__import__.product_4500445,__import__.stock_production_lot_300618_4500445
__import__.stock_inventory_line_300618_1237291,__import__.location_loc_AK03A1,2,__import__.product_1237291,__import__.stock_production_lot_300618_1237291
__import__.stock_inventory_line_300618_3562857,__import__.location_loc_AO06B3,8,__import__.product_3562857,__import__.stock_production_lot_300618_3562857
__import__.stock_inventory_line_300618_1237315,__import__.location_loc_AI03A2,6,__import__.product_1237315,__import__.stock_production_lot_300618_1237315
__import__.stock_inventory_line_300618_5164521,__import__.location_loc_AI17B9,8,__import__.product_5164521,__import__.stock_production_lot_300618_5164521
__import__.stock_inventory_line_300619_2877942,__import__.location_loc_AG10B6,24,__import__.product_2877942,__import__.stock_production_lot_300619_2877942
__import__.stock_inventory_line_300619_6829454,__import__.location_loc_AG10B0,3,__import__.product_6829454,__import__.stock_production_lot_300619_6829454
__import__.stock_inventory_line_300619_5065833,__import__.location_loc_AM08D4,3,__import__.product_5065833,__import__.stock_production_lot_300619_5065833
__import__.stock_inventory_line_300619_4900501,__import__.location_loc_AE03B2,191,__import__.product_4900501,__import__.stock_production_lot_300619_4900501
__import__.stock_inventory_line_300619_4980044,__import__.location_loc_AG03B1,1,__import__.product_4980044,__import__.stock_production_lot_300619_4980044
__import__.stock_inventory_line_300619_4970045,__import__.location_loc_AG04B5,9,__import__.product_4970045,__import__.stock_production_lot_300619_4970045
__import__.stock_inventory_line_300619_4901408,__import__.location_loc_AA06B4,983,__import__.product_4901408,__import__.stock_production_lot_300619_4901408
__import__.stock_inventory_line_300619_4902404,__import__.location_loc_AA10B1,2592,__import__.product_4902404,__import__.stock_production_lot_300619_4902404
__import__.stock_inventory_line_300619_4901409,__import__.location_loc_AA06B2,1273,__import__.product_4901409,__import__.stock_production_lot_300619_4901409
__import__.stock_inventory_line_300619_4910100,__import__.location_loc_AF09B4,2,__import__.product_4910100,__import__.stock_production_lot_300619_4910100
__import__.stock_inventory_line_300619_4902602,__import__.location_loc_AA05B2,337,__import__.product_4902602,__import__.stock_production_lot_300619_4902602
__import__.stock_inventory_line_300619_7829453,__import__.location_loc_AF03B1,53,__import__.product_7829453,__import__.stock_production_lot_300619_7829453
__import__.stock_inventory_line_300619_6839451,__import__.location_loc_AD18B2,1,__import__.product_6839451,__import__.stock_production_lot_300619_6839451
__import__.stock_inventory_line_300619_2923704,__import__.location_loc_AH04B1,3,__import__.product_2923704,__import__.stock_production_lot_300619_2923704
__import__.stock_inventory_line_300619_4950052,__import__.location_loc_AF04B7,8,__import__.product_4950052,__import__.stock_production_lot_300619_4950052
__import__.stock_inventory_line_300619_5828408,__import__.location_loc_AA02A2,9,__import__.product_5828408,__import__.stock_production_lot_300619_5828408
__import__.stock_inventory_line_300619_6827563,__import__.location_loc_AC04A3,54,__import__.product_6827563,__import__.stock_production_lot_300619_6827563
__import__.stock_inventory_line_300619_5822101,__import__.location_loc_AC04A1,69,__import__.product_5822101,__import__.stock_production_lot_300619_5822101
__import__.stock_inventory_line_300619_3004140,__import__.location_loc_AE06B5,74,__import__.product_3004140,__import__.stock_production_lot_300619_3004140
__import__.stock_inventory_line_300619_4910046,__import__.location_loc_AH02B4,2,__import__.product_4910046,__import__.stock_production_lot_300619_4910046
__import__.stock_inventory_line_300619_5822102,__import__.location_loc_AH05B4,9,__import__.product_5822102,__import__.stock_production_lot_300619_5822102
__import__.stock_inventory_line_300619_6827558,__import__.location_loc_AE05B2,31,__import__.product_6827558,__import__.stock_production_lot_300619_6827558
__import__.stock_inventory_line_300619_6824450,__import__.location_loc_AH01B5,10,__import__.product_6824450,__import__.stock_production_lot_300619_6824450
__import__.stock_inventory_line_300619_4970038,__import__.location_loc_AH03B2,15,__import__.product_4970038,__import__.stock_production_lot_300619_4970038
__import__.stock_inventory_line_300619_4970041,__import__.location_loc_AE02A3,56,__import__.product_4970041,__import__.stock_production_lot_300619_4970041
__import__.stock_inventory_line_300619_4990043,__import__.location_loc_AB14A3,54,__import__.product_4990043,__import__.stock_production_lot_300619_4990043
__import__.stock_inventory_line_300619_2877934,__import__.location_loc_AI12B8,5,__import__.product_2877934,__import__.stock_production_lot_300619_2877934
__import__.stock_inventory_line_300619_2877793,__import__.location_loc_AK05C5,7,__import__.product_2877793,__import__.stock_production_lot_300619_2877793
__import__.stock_inventory_line_300619_2923720,__import__.location_loc_AF07B2,42,__import__.product_2923720,__import__.stock_production_lot_300619_2923720
__import__.stock_inventory_line_300619_5825661,__import__.location_loc_AE07B2,34,__import__.product_5825661,__import__.stock_production_lot_300619_5825661
__import__.stock_inventory_line_300619_7865048,__import__.location_loc_AE09B1,44,__import__.product_7865048,__import__.stock_production_lot_300619_7865048
__import__.stock_inventory_line_300620_5165352,__import__.location_loc_EXV200,8,__import__.product_5165352,__import__.stock_production_lot_300620_5165352
__import__.stock_inventory_line_300917_4006021,__import__.location_loc_AF04C3,4,__import__.product_4006021,__import__.stock_production_lot_300917_4006021
__import__.stock_inventory_line_300917_5314502,__import__.location_loc_AM08D3,3,__import__.product_5314502,__import__.stock_production_lot_300917_5314502
__import__.stock_inventory_line_300917_5361797,__import__.location_loc_AI13C7,4,__import__.product_5361797,__import__.stock_production_lot_300917_5361797
__import__.stock_inventory_line_300918_5164543,__import__.location_loc_AG08C9,5,__import__.product_5164543,__import__.stock_production_lot_300918_5164543
__import__.stock_inventory_line_300918_4910047,__import__.location_loc_AF02B5,1,__import__.product_4910047,__import__.stock_production_lot_300918_4910047
__import__.stock_inventory_line_300918_4950043,__import__.location_loc_AG10B2,5,__import__.product_4950043,__import__.stock_production_lot_300918_4950043
__import__.stock_inventory_line_300918_5829249,__import__.location_loc_AA11A2,2,__import__.product_5829249,__import__.stock_production_lot_300918_5829249
__import__.stock_inventory_line_300918_2114200,__import__.location_loc_AK04B3,10,__import__.product_2114200,__import__.stock_production_lot_300918_2114200
__import__.stock_inventory_line_300918_5272618,__import__.location_loc_AN03B9,2,__import__.product_5272618,__import__.stock_production_lot_300918_5272618
__import__.stock_inventory_line_300918_5624904,__import__.location_loc_AO02A4,2,__import__.product_5624904,__import__.stock_production_lot_300918_5624904
__import__.stock_inventory_line_300918_5422036,__import__.location_loc_AM06B9,1,__import__.product_5422036,__import__.stock_production_lot_300918_5422036
__import__.stock_inventory_line_300918_5461255,__import__.location_loc_AK05C6,1,__import__.product_5461255,__import__.stock_production_lot_300918_5461255
__import__.stock_inventory_line_300918_5272132,__import__.location_loc_AL05B7,2,__import__.product_5272132,__import__.stock_production_lot_300918_5272132
__import__.stock_inventory_line_300918_5272555,__import__.location_loc_AM04A5,2,__import__.product_5272555,__import__.stock_production_lot_300918_5272555
__import__.stock_inventory_line_300918_6828770,__import__.location_loc_AI17C2,1,__import__.product_6828770,__import__.stock_production_lot_300918_6828770
__import__.stock_inventory_line_300918_1239422,__import__.location_loc_AM06C7,1,__import__.product_1239422,__import__.stock_production_lot_300918_1239422
__import__.stock_inventory_line_300918_4500364,__import__.location_loc_AE14A2,10,__import__.product_4500364,__import__.stock_production_lot_300918_4500364
__import__.stock_inventory_line_300918_7865039,__import__.location_loc_AH06B5,14,__import__.product_7865039,__import__.stock_production_lot_300918_7865039
__import__.stock_inventory_line_300918_1202407,__import__.location_loc_AM08D1,2,__import__.product_1202407,__import__.stock_production_lot_300918_1202407
__import__.stock_inventory_line_300918_5823135,__import__.location_loc_AM06C2,4,__import__.product_5823135,__import__.stock_production_lot_300918_5823135
__import__.stock_inventory_line_300918_1231021,__import__.location_loc_AI15B7,10,__import__.product_1231021,__import__.stock_production_lot_300918_1231021
__import__.stock_inventory_line_300918_2877850,__import__.location_loc_AG05A5,2,__import__.product_2877850,__import__.stock_production_lot_300918_2877850
__import__.stock_inventory_line_300918_1250922,__import__.location_loc_AL08C4,1,__import__.product_1250922,__import__.stock_production_lot_300918_1250922
__import__.stock_inventory_line_300918_5270220,__import__.location_loc_AH01A3,1,__import__.product_5270220,__import__.stock_production_lot_300918_5270220
__import__.stock_inventory_line_300918_5164530,__import__.location_loc_AK04B4,6,__import__.product_5164530,__import__.stock_production_lot_300918_5164530
__import__.stock_inventory_line_300918_5823137,__import__.location_loc_AM06C8,7,__import__.product_5823137,__import__.stock_production_lot_300918_5823137
__import__.stock_inventory_line_300918_5260032,__import__.location_loc_AM01A3,4,__import__.product_5260032,__import__.stock_production_lot_300918_5260032
__import__.stock_inventory_line_300918_5260033,__import__.location_loc_AC13B1,67,__import__.product_5260033,__import__.stock_production_lot_300918_5260033
__import__.stock_inventory_line_300918_1237504,__import__.location_loc_AF02A1,3,__import__.product_1237504,__import__.stock_production_lot_300918_1237504
__import__.stock_inventory_line_300918_7416666,__import__.location_loc_AK04C3,2,__import__.product_7416666,__import__.stock_production_lot_300918_7416666
__import__.stock_inventory_line_300918_3004421,__import__.location_loc_AI13B7,1,__import__.product_3004421,__import__.stock_production_lot_300918_3004421
__import__.stock_inventory_line_300918_5272213,__import__.location_loc_AN08C1,2,__import__.product_5272213,__import__.stock_production_lot_300918_5272213
__import__.stock_inventory_line_300918_2878015,__import__.location_loc_AG08B6,3,__import__.product_2878015,__import__.stock_production_lot_300918_2878015
__import__.stock_inventory_line_300918_5823122,__import__.location_loc_AG10C9,5,__import__.product_5823122,__import__.stock_production_lot_300918_5823122
__import__.stock_inventory_line_300918_2017545,__import__.location_loc_AI15B5,2,__import__.product_2017545,__import__.stock_production_lot_300918_2017545
__import__.stock_inventory_line_300918_4160102,__import__.location_loc_AE07B1,45,__import__.product_4160102,__import__.stock_production_lot_300918_4160102
__import__.stock_inventory_line_300918_5317929,__import__.location_loc_AH09A2,47,__import__.product_5317929,__import__.stock_production_lot_300918_5317929
__import__.stock_inventory_line_300918_5312512,__import__.location_loc_AN05A8,3,__import__.product_5312512,__import__.stock_production_lot_300918_5312512
__import__.stock_inventory_line_300918_1237304,__import__.location_loc_AM06C9,1,__import__.product_1237304,__import__.stock_production_lot_300918_1237304
__import__.stock_inventory_line_300918_2687853,__import__.location_loc_AG01A2,27,__import__.product_2687853,__import__.stock_production_lot_300918_2687853
__import__.stock_inventory_line_300918_5624901,__import__.location_loc_AN06A3,3,__import__.product_5624901,__import__.stock_production_lot_300918_5624901
__import__.stock_inventory_line_300918_2171886,__import__.location_loc_AM06A6,2,__import__.product_2171886,__import__.stock_production_lot_300918_2171886
__import__.stock_inventory_line_300918_1220318,__import__.location_loc_AH02B6,6,__import__.product_1220318,__import__.stock_production_lot_300918_1220318
__import__.stock_inventory_line_300918_3457934,__import__.location_loc_AD03B2,101,__import__.product_3457934,__import__.stock_production_lot_300918_3457934
__import__.stock_inventory_line_300918_5317619,__import__.location_loc_AH09A4,16,__import__.product_5317619,__import__.stock_production_lot_300918_5317619
__import__.stock_inventory_line_300918_5260008,__import__.location_loc_AH03B6,1,__import__.product_5260008,__import__.stock_production_lot_300918_5260008
__import__.stock_inventory_line_300918_2388908,__import__.location_loc_AI13C6,7,__import__.product_2388908,__import__.stock_production_lot_300918_2388908
__import__.stock_inventory_line_300918_2892552,__import__.location_loc_AF02A2,8,__import__.product_2892552,__import__.stock_production_lot_300918_2892552
__import__.stock_inventory_line_300918_5270114,__import__.location_loc_AI17C1,3,__import__.product_5270114,__import__.stock_production_lot_300918_5270114
__import__.stock_inventory_line_300918_2736072,__import__.location_loc_AK06C5,2,__import__.product_2736072,__import__.stock_production_lot_300918_2736072
__import__.stock_inventory_line_300918_5713012,__import__.location_loc_AN05A6,5,__import__.product_5713012,__import__.stock_production_lot_300918_5713012
__import__.stock_inventory_line_300918_5823226,__import__.location_loc_AN07C3,4,__import__.product_5823226,__import__.stock_production_lot_300918_5823226
__import__.stock_inventory_line_300918_5823136,__import__.location_loc_AI15B3,4,__import__.product_5823136,__import__.stock_production_lot_300918_5823136
__import__.stock_inventory_line_300918_3265493,__import__.location_loc_AE05B3,26,__import__.product_3265493,__import__.stock_production_lot_300918_3265493
__import__.stock_inventory_line_300918_4007221,__import__.location_loc_AK06B7,23,__import__.product_4007221,__import__.stock_production_lot_300918_4007221
__import__.stock_inventory_line_300918_1250902,__import__.location_loc_AM04C5,5,__import__.product_1250902,__import__.stock_production_lot_300918_1250902
__import__.stock_inventory_line_300918_5190400,__import__.location_loc_AD18B1,22,__import__.product_5190400,__import__.stock_production_lot_300918_5190400
__import__.stock_inventory_line_300918_5361772,__import__.location_loc_AC12A1,15,__import__.product_5361772,__import__.stock_production_lot_300918_5361772
__import__.stock_inventory_line_300918_5172061,__import__.location_loc_AM08B2,6,__import__.product_5172061,__import__.stock_production_lot_300918_5172061
__import__.stock_inventory_line_300918_2877827,__import__.location_loc_AG09A2,17,__import__.product_2877827,__import__.stock_production_lot_300918_2877827
__import__.stock_inventory_line_300918_3265436,__import__.location_loc_AB11B3,13,__import__.product_3265436,__import__.stock_production_lot_300918_3265436
__import__.stock_inventory_line_300918_5105300,__import__.location_loc_AN08C2,2,__import__.product_5105300,__import__.stock_production_lot_300918_5105300
__import__.stock_inventory_line_300918_2357515,__import__.location_loc_AH02A3,1,__import__.product_2357515,__import__.stock_production_lot_300918_2357515
__import__.stock_inventory_line_300918_5320002,__import__.location_loc_AK04C2,4,__import__.product_5320002,__import__.stock_production_lot_300918_5320002
__import__.stock_inventory_line_300918_3265782,__import__.location_loc_AA04A4,28,__import__.product_3265782,__import__.stock_production_lot_300918_3265782
__import__.stock_inventory_line_300918_3265550,__import__.location_loc_AG05A2,2,__import__.product_3265550,__import__.stock_production_lot_300918_3265550
__import__.stock_inventory_line_300918_5274657,__import__.location_loc_AI05B2,5,__import__.product_5274657,__import__.stock_production_lot_300918_5274657
__import__.stock_inventory_line_300918_5274204,__import__.location_loc_AK04A1,11,__import__.product_5274204,__import__.stock_production_lot_300918_5274204
__import__.stock_inventory_line_300918_3563145,__import__.location_loc_AO05B5,18,__import__.product_3563145,__import__.stock_production_lot_300918_3563145
__import__.stock_inventory_line_300918_3563178,__import__.location_loc_AB06B2,33,__import__.product_3563178,__import__.stock_production_lot_300918_3563178
__import__.stock_inventory_line_300918_5203010,__import__.location_loc_AG10C3,11,__import__.product_5203010,__import__.stock_production_lot_300918_5203010
__import__.stock_inventory_line_300918_5361760,__import__.location_loc_AE09B3,33,__import__.product_5361760,__import__.stock_production_lot_300918_5361760
__import__.stock_inventory_line_300918_8270260,__import__.location_loc_AG10C7,11,__import__.product_8270260,__import__.stock_production_lot_300918_8270260
__import__.stock_inventory_line_300918_5823130,__import__.location_loc_AK03B3,4,__import__.product_5823130,__import__.stock_production_lot_300918_5823130
__import__.stock_inventory_line_300918_5260042,__import__.location_loc_AH04B3,14,__import__.product_5260042,__import__.stock_production_lot_300918_5260042
__import__.stock_inventory_line_300918_5314612,__import__.location_loc_AL05B2,1,__import__.product_5314612,__import__.stock_production_lot_300918_5314612
__import__.stock_inventory_line_300918_2357556,__import__.location_loc_AI11A4,10,__import__.product_2357556,__import__.stock_production_lot_300918_2357556
__import__.stock_inventory_line_300918_3563053,__import__.location_loc_AO02A3,14,__import__.product_3563053,__import__.stock_production_lot_300918_3563053
__import__.stock_inventory_line_300918_1220292,__import__.location_loc_AI13C8,8,__import__.product_1220292,__import__.stock_production_lot_300918_1220292
__import__.stock_inventory_line_300918_1220276,__import__.location_loc_AF07B1,21,__import__.product_1220276,__import__.stock_production_lot_300918_1220276
__import__.stock_inventory_line_300918_2388924,__import__.location_loc_AK06C9,2,__import__.product_2388924,__import__.stock_production_lot_300918_2388924
__import__.stock_inventory_line_300918_5260023,__import__.location_loc_AG09B4,16,__import__.product_5260023,__import__.stock_production_lot_300918_5260023
__import__.stock_inventory_line_300918_3562899,__import__.location_loc_AF05A3,25,__import__.product_3562899,__import__.stock_production_lot_300918_3562899
__import__.stock_inventory_line_300918_5810028,__import__.location_loc_AG06B8,3,__import__.product_5810028,__import__.stock_production_lot_300918_5810028
__import__.stock_inventory_line_300918_6828918,__import__.location_loc_AF06B1,13,__import__.product_6828918,__import__.stock_production_lot_300918_6828918
__import__.stock_inventory_line_300918_5161310,__import__.location_loc_AM06C6,5,__import__.product_5161310,__import__.stock_production_lot_300918_5161310
__import__.stock_inventory_line_300918_5161100,__import__.location_loc_AL04A7,1,__import__.product_5161100,__import__.stock_production_lot_300918_5161100
__import__.stock_inventory_line_300918_5161300,__import__.location_loc_AN03A5,3,__import__.product_5161300,__import__.stock_production_lot_300918_5161300
__import__.stock_inventory_line_300918_5164516,__import__.location_loc_AE12B1,31,__import__.product_5164516,__import__.stock_production_lot_300918_5164516
__import__.stock_inventory_line_300918_5317749,__import__.location_loc_AI17C8,4,__import__.product_5317749,__import__.stock_production_lot_300918_5317749
__import__.stock_inventory_line_300918_3265352,__import__.location_loc_AE04B2,13,__import__.product_3265352,__import__.stock_production_lot_300918_3265352
__import__.stock_inventory_line_300918_2877900,__import__.location_loc_AG08B9,4,__import__.product_2877900,__import__.stock_production_lot_300918_2877900
__import__.stock_inventory_line_300918_3265824,__import__.location_loc_AC02A4,27,__import__.product_3265824,__import__.stock_production_lot_300918_3265824
__import__.stock_inventory_line_300918_3265758,__import__.location_loc_AC13A3,9,__import__.product_3265758,__import__.stock_production_lot_300918_3265758
__import__.stock_inventory_line_300918_3265311,__import__.location_loc_AD11A2,23,__import__.product_3265311,__import__.stock_production_lot_300918_3265311
__import__.stock_inventory_line_300918_3563079,__import__.location_loc_AF09B1,2,__import__.product_3563079,__import__.stock_production_lot_300918_3563079
__import__.stock_inventory_line_300918_3265469,__import__.location_loc_AG08C2,6,__import__.product_3265469,__import__.stock_production_lot_300918_3265469
__import__.stock_inventory_line_300918_3563020,__import__.location_loc_AB14B1,16,__import__.product_3563020,__import__.stock_production_lot_300918_3563020
__import__.stock_inventory_line_300918_4990900,__import__.location_loc_AN06B2,33,__import__.product_4990900,__import__.stock_production_lot_300918_4990900
__import__.stock_inventory_line_300918_4160121,__import__.location_loc_AK05C7,16,__import__.product_4160121,__import__.stock_production_lot_300918_4160121
__import__.stock_inventory_line_300918_3265261,__import__.location_loc_AD08B1,81,__import__.product_3265261,__import__.stock_production_lot_300918_3265261
__import__.stock_inventory_line_300918_3265444,__import__.location_loc_AD06A2,40,__import__.product_3265444,__import__.stock_production_lot_300918_3265444
__import__.stock_inventory_line_300918_5361791,__import__.location_loc_AI13B0,9,__import__.product_5361791,__import__.stock_production_lot_300918_5361791
__import__.stock_inventory_line_300918_5274658,__import__.location_loc_AN03C5,3,__import__.product_5274658,__import__.stock_production_lot_300918_5274658
__import__.stock_inventory_line_300918_5164514,__import__.location_loc_AC03A3,33,__import__.product_5164514,__import__.stock_production_lot_300918_5164514
__import__.stock_inventory_line_300918_3265642,__import__.location_loc_AF07A1,15,__import__.product_3265642,__import__.stock_production_lot_300918_3265642
__import__.stock_inventory_line_300918_5196069,__import__.location_loc_AK01B2,4,__import__.product_5196069,__import__.stock_production_lot_300918_5196069
__import__.stock_inventory_line_300918_4210103,__import__.location_loc_AB12A3,147,__import__.product_4210103,__import__.stock_production_lot_300918_4210103
__import__.stock_inventory_line_300918_4230123,__import__.location_loc_AF07A4,21,__import__.product_4230123,__import__.stock_production_lot_300918_4230123
__import__.stock_inventory_line_300918_2877769,__import__.location_loc_AI17B4,2,__import__.product_2877769,__import__.stock_production_lot_300918_2877769
__import__.stock_inventory_line_300918_5164501,__import__.location_loc_AG02A1,36,__import__.product_5164501,__import__.stock_production_lot_300918_5164501
__import__.stock_inventory_line_300918_5164554,__import__.location_loc_AH07B4,3,__import__.product_5164554,__import__.stock_production_lot_300918_5164554
__import__.stock_inventory_line_300918_5270259,__import__.location_loc_AI15A1,3,__import__.product_5270259,__import__.stock_production_lot_300918_5270259
__import__.stock_inventory_line_300918_1220268,__import__.location_loc_AI17C4,8,__import__.product_1220268,__import__.stock_production_lot_300918_1220268
__import__.stock_inventory_line_300918_5317599,__import__.location_loc_AH02B8,24,__import__.product_5317599,__import__.stock_production_lot_300918_5317599
__import__.stock_inventory_line_300918_5314012,__import__.location_loc_AL04B6,3,__import__.product_5314012,__import__.stock_production_lot_300918_5314012
__import__.stock_inventory_line_300918_3265691,__import__.location_loc_AG09A5,16,__import__.product_3265691,__import__.stock_production_lot_300918_3265691
__import__.stock_inventory_line_300918_4270014,__import__.location_loc_AB16A3,62,__import__.product_4270014,__import__.stock_production_lot_300918_4270014
__import__.stock_inventory_line_300918_4900450,__import__.location_loc_AC02A2,63,__import__.product_4900450,__import__.stock_production_lot_300918_4900450
__import__.stock_inventory_line_300918_4230103,__import__.location_loc_AB11A1,49,__import__.product_4230103,__import__.stock_production_lot_300918_4230103
__import__.stock_inventory_line_300918_4500365,__import__.location_loc_AA06A3,282,__import__.product_4500365,__import__.stock_production_lot_300918_4500365
__import__.stock_inventory_line_300918_4290213,__import__.location_loc_AC05A2,147,__import__.product_4290213,__import__.stock_production_lot_300918_4290213
__import__.stock_inventory_line_300918_4250112,__import__.location_loc_AA10A2,420,__import__.product_4250112,__import__.stock_production_lot_300918_4250112
__import__.stock_inventory_line_300918_4270114,__import__.location_loc_AH03A1,21,__import__.product_4270114,__import__.stock_production_lot_300918_4270114
__import__.stock_inventory_line_300918_4280103,__import__.location_loc_AC03A1,42,__import__.product_4280103,__import__.stock_production_lot_300918_4280103
__import__.stock_inventory_line_300918_5166110,__import__.location_loc_AL05A3,4,__import__.product_5166110,__import__.stock_production_lot_300918_5166110
__import__.stock_inventory_line_300918_3555000,__import__.location_loc_AF09B2,44,__import__.product_3555000,__import__.stock_production_lot_300918_3555000
__import__.stock_inventory_line_300918_8270258,__import__.location_loc_AK03C7,3,__import__.product_8270258,__import__.stock_production_lot_300918_8270258
__import__.stock_inventory_line_300918_4990951,__import__.location_loc_AN04A4,16,__import__.product_4990951,__import__.stock_production_lot_300918_4990951
__import__.stock_inventory_line_300918_5196068,__import__.location_loc_AF06C1,5,__import__.product_5196068,__import__.stock_production_lot_300918_5196068
__import__.stock_inventory_line_300918_3562931,__import__.location_loc_AD01A3,27,__import__.product_3562931,__import__.stock_production_lot_300918_3562931
__import__.stock_inventory_line_300918_3562923,__import__.location_loc_AO06A3,12,__import__.product_3562923,__import__.stock_production_lot_300918_3562923
__import__.stock_inventory_line_300918_3265543,__import__.location_loc_AC01B3,25,__import__.product_3265543,__import__.stock_production_lot_300918_3265543
__import__.stock_inventory_line_300918_5461293,__import__.location_loc_AF09A3,24,__import__.product_5461293,__import__.stock_production_lot_300918_5461293
__import__.stock_inventory_line_300918_5006110,__import__.location_loc_AM05B2,4,__import__.product_5006110,__import__.stock_production_lot_300918_5006110
__import__.stock_inventory_line_300918_1232014,__import__.location_loc_AE08A1,42,__import__.product_1232014,__import__.stock_production_lot_300918_1232014
__import__.stock_inventory_line_300918_3562972,__import__.location_loc_AD03B4,27,__import__.product_3562972,__import__.stock_production_lot_300918_3562972
__import__.stock_inventory_line_300918_3265394,__import__.location_loc_AD16B1,12,__import__.product_3265394,__import__.stock_production_lot_300918_3265394
__import__.stock_inventory_line_300918_3265634,__import__.location_loc_AF06A3,8,__import__.product_3265634,__import__.stock_production_lot_300918_3265634
__import__.stock_inventory_line_300918_4220173,__import__.location_loc_AE07A2,42,__import__.product_4220173,__import__.stock_production_lot_300918_4220173
__import__.stock_inventory_line_300918_4220114,__import__.location_loc_AB11A3,63,__import__.product_4220114,__import__.stock_production_lot_300918_4220114
__import__.stock_inventory_line_300918_4270133,__import__.location_loc_AE03A1,63,__import__.product_4270133,__import__.stock_production_lot_300918_4270133
__import__.stock_inventory_line_300918_5164518,__import__.location_loc_AF02B2,48,__import__.product_5164518,__import__.stock_production_lot_300918_5164518
__import__.stock_inventory_line_300918_5164542,__import__.location_loc_AI11B4,14,__import__.product_5164542,__import__.stock_production_lot_300918_5164542
__import__.stock_inventory_line_300918_5164533,__import__.location_loc_AI14A6,8,__import__.product_5164533,__import__.stock_production_lot_300918_5164533
__import__.stock_inventory_line_300919_2975704,__import__.location_loc_AL08D1,2,__import__.product_2975704,__import__.stock_production_lot_300919_2975704
__import__.stock_inventory_line_300919_4980044,__import__.location_loc_AG03B1,40,__import__.product_4980044,__import__.stock_production_lot_300919_4980044
__import__.stock_inventory_line_300919_4970044,__import__.location_loc_AF03B5,47,__import__.product_4970044,__import__.stock_production_lot_300919_4970044
__import__.stock_inventory_line_300919_3004090,__import__.location_loc_AG02A4,1,__import__.product_3004090,__import__.stock_production_lot_300919_3004090
__import__.stock_inventory_line_301117_5272648,__import__.location_loc_AM07A2,1,__import__.product_5272648,__import__.stock_production_lot_301117_5272648
__import__.stock_inventory_line_301117_4006111,__import__.location_loc_AK05B5,3,__import__.product_4006111,__import__.stock_production_lot_301117_4006111
__import__.stock_inventory_line_301117_5016001,__import__.location_loc_AN07B5,3,__import__.product_5016001,__import__.stock_production_lot_301117_5016001
__import__.stock_inventory_line_301117_2388916,__import__.location_loc_AK06C3,2,__import__.product_2388916,__import__.stock_production_lot_301117_2388916
__import__.stock_inventory_line_301117_1239586,__import__.location_loc_AN03B3,1,__import__.product_1239586,__import__.stock_production_lot_301117_1239586
__import__.stock_inventory_line_301118_5010545,__import__.location_loc_AB03B2,80,__import__.product_5010545,__import__.stock_production_lot_301118_5010545
__import__.stock_inventory_line_301118_5827749,__import__.location_loc_AD07A3,69,__import__.product_5827749,__import__.stock_production_lot_301118_5827749
__import__.stock_inventory_line_301118_4270007,__import__.location_loc_AC05A4,18,__import__.product_4270007,__import__.stock_production_lot_301118_4270007
__import__.stock_inventory_line_301118_1201095,__import__.location_loc_AK06B3,10,__import__.product_1201095,__import__.stock_production_lot_301118_1201095
__import__.stock_inventory_line_301118_5810746,__import__.location_loc_AD11A3,1,__import__.product_5810746,__import__.stock_production_lot_301118_5810746
__import__.stock_inventory_line_301118_2016803,__import__.location_loc_AK03B8,1,__import__.product_2016803,__import__.stock_production_lot_301118_2016803
__import__.stock_inventory_line_301118_5250391,__import__.location_loc_AK05A1,2,__import__.product_5250391,__import__.stock_production_lot_301118_5250391
__import__.stock_inventory_line_301118_1238083,__import__.location_loc_AN04B3,5,__import__.product_1238083,__import__.stock_production_lot_301118_1238083
__import__.stock_inventory_line_301118_1239073,__import__.location_loc_AK01A5,5,__import__.product_1239073,__import__.stock_production_lot_301118_1239073
__import__.stock_inventory_line_301118_4500381,__import__.location_loc_AE05B4,7,__import__.product_4500381,__import__.stock_production_lot_301118_4500381
__import__.stock_inventory_line_301118_4500305,__import__.location_loc_AH06A4,15,__import__.product_4500305,__import__.stock_production_lot_301118_4500305
__import__.stock_inventory_line_301118_4270143,__import__.location_loc_AE06A3,15,__import__.product_4270143,__import__.stock_production_lot_301118_4270143
__import__.stock_inventory_line_301118_4009014,__import__.location_loc_AC11A4,20,__import__.product_4009014,__import__.stock_production_lot_301118_4009014
__import__.stock_inventory_line_301118_5827607,__import__.location_loc_AK04B7,1,__import__.product_5827607,__import__.stock_production_lot_301118_5827607
__import__.stock_inventory_line_301118_2733020,__import__.location_loc_AF08B4,18,__import__.product_2733020,__import__.stock_production_lot_301118_2733020
__import__.stock_inventory_line_301118_5810745,__import__.location_loc_AB11B1,1,__import__.product_5810745,__import__.stock_production_lot_301118_5810745
__import__.stock_inventory_line_301118_4220152,__import__.location_loc_AD01A2,2,__import__.product_4220152,__import__.stock_production_lot_301118_4220152
__import__.stock_inventory_line_301118_2770307,__import__.location_loc_AI12B2,5,__import__.product_2770307,__import__.stock_production_lot_301118_2770307
__import__.stock_inventory_line_301118_1362100,__import__.location_loc_AM04B2,12,__import__.product_1362100,__import__.stock_production_lot_301118_1362100
__import__.stock_inventory_line_301118_5124610,__import__.location_loc_AN03B4,2,__import__.product_5124610,__import__.stock_production_lot_301118_5124610
__import__.stock_inventory_line_301118_5829269,__import__.location_loc_AK04A2,1,__import__.product_5829269,__import__.stock_production_lot_301118_5829269
__import__.stock_inventory_line_301118_1239091,__import__.location_loc_AM07A3,1,__import__.product_1239091,__import__.stock_production_lot_301118_1239091
__import__.stock_inventory_line_301118_4260202,__import__.location_loc_AK04A7,7,__import__.product_4260202,__import__.stock_production_lot_301118_4260202
__import__.stock_inventory_line_301118_3023561,__import__.location_loc_AI17B8,5,__import__.product_3023561,__import__.stock_production_lot_301118_3023561
__import__.stock_inventory_line_301118_1201093,__import__.location_loc_AK05C3,1,__import__.product_1201093,__import__.stock_production_lot_301118_1201093
__import__.stock_inventory_line_301118_1239482,__import__.location_loc_AI11A2,5,__import__.product_1239482,__import__.stock_production_lot_301118_1239482
__import__.stock_inventory_line_301118_4150101,__import__.location_loc_AE04B3,39,__import__.product_4150101,__import__.stock_production_lot_301118_4150101
__import__.stock_inventory_line_301118_4215002,__import__.location_loc_AH05B2,18,__import__.product_4215002,__import__.stock_production_lot_301118_4215002
__import__.stock_inventory_line_301118_5272211,__import__.location_loc_AN03B6,3,__import__.product_5272211,__import__.stock_production_lot_301118_5272211
__import__.stock_inventory_line_301118_6828906,__import__.location_loc_AI10B6,1,__import__.product_6828906,__import__.stock_production_lot_301118_6828906
__import__.stock_inventory_line_301118_4500402,__import__.location_loc_AF05B8,6,__import__.product_4500402,__import__.stock_production_lot_301118_4500402
__import__.stock_inventory_line_301118_2892545,__import__.location_loc_AM06B0,5,__import__.product_2892545,__import__.stock_production_lot_301118_2892545
__import__.stock_inventory_line_301118_5810991,__import__.location_loc_AM03B4,12,__import__.product_5810991,__import__.stock_production_lot_301118_5810991
__import__.stock_inventory_line_301118_5272558,__import__.location_loc_AG08A4,7,__import__.product_5272558,__import__.stock_production_lot_301118_5272558
__import__.stock_inventory_line_301118_5822842,__import__.location_loc_AA01B1,5,__import__.product_5822842,__import__.stock_production_lot_301118_5822842
__import__.stock_inventory_line_301118_5828668,__import__.location_loc_AB06B3,19,__import__.product_5828668,__import__.stock_production_lot_301118_5828668
__import__.stock_inventory_line_301118_1201091,__import__.location_loc_AK04B5,2,__import__.product_1201091,__import__.stock_production_lot_301118_1201091
__import__.stock_inventory_line_301118_4500424,__import__.location_loc_AG05A4,2,__import__.product_4500424,__import__.stock_production_lot_301118_4500424
__import__.stock_inventory_line_301118_4500281,__import__.location_loc_AG06B1,15,__import__.product_4500281,__import__.stock_production_lot_301118_4500281
__import__.stock_inventory_line_301118_4950043,__import__.location_loc_AG10B2,4,__import__.product_4950043,__import__.stock_production_lot_301118_4950043
__import__.stock_inventory_line_301118_4009034,__import__.location_loc_AE12A1,35,__import__.product_4009034,__import__.stock_production_lot_301118_4009034
__import__.stock_inventory_line_301118_2687895,__import__.location_loc_AD10A1,36,__import__.product_2687895,__import__.stock_production_lot_301118_2687895
__import__.stock_inventory_line_301118_4905435,__import__.location_loc_AG10B5,16,__import__.product_4905435,__import__.stock_production_lot_301118_4905435
__import__.stock_inventory_line_301118_5272432,__import__.location_loc_AK04A3,8,__import__.product_5272432,__import__.stock_production_lot_301118_5272432
__import__.stock_inventory_line_301118_2877926,__import__.location_loc_AF06A4,11,__import__.product_2877926,__import__.stock_production_lot_301118_2877926
__import__.stock_inventory_line_301118_5823229,__import__.location_loc_AG06B6,19,__import__.product_5823229,__import__.stock_production_lot_301118_5823229
__import__.stock_inventory_line_301118_2877678,__import__.location_loc_AF08A2,81,__import__.product_2877678,__import__.stock_production_lot_301118_2877678
__import__.stock_inventory_line_301118_2248800,__import__.location_loc_AH05B1,8,__import__.product_2248800,__import__.stock_production_lot_301118_2248800
__import__.stock_inventory_line_301118_5172069,__import__.location_loc_AK06B4,2,__import__.product_5172069,__import__.stock_production_lot_301118_5172069
__import__.stock_inventory_line_301118_5294770,__import__.location_loc_AL06A2,1,__import__.product_5294770,__import__.stock_production_lot_301118_5294770
__import__.stock_inventory_line_301118_5272557,__import__.location_loc_AL03A2,2,__import__.product_5272557,__import__.stock_production_lot_301118_5272557
__import__.stock_inventory_line_301118_4500241,__import__.location_loc_AK04C8,8,__import__.product_4500241,__import__.stock_production_lot_301118_4500241
__import__.stock_inventory_line_301118_5260007,__import__.location_loc_AG02A2,2,__import__.product_5260007,__import__.stock_production_lot_301118_5260007
__import__.stock_inventory_line_301118_2736809,__import__.location_loc_AF02C3,20,__import__.product_2736809,__import__.stock_production_lot_301118_2736809
__import__.stock_inventory_line_301118_3175072,__import__.location_loc_AN03A4,2,__import__.product_3175072,__import__.stock_production_lot_301118_3175072
__import__.stock_inventory_line_301118_5272750,__import__.location_loc_AN03B5,2,__import__.product_5272750,__import__.stock_production_lot_301118_5272750
__import__.stock_inventory_line_301118_5272547,__import__.location_loc_AM04A7,1,__import__.product_5272547,__import__.stock_production_lot_301118_5272547
__import__.stock_inventory_line_301118_8114800,__import__.location_loc_AI14B3,5,__import__.product_8114800,__import__.stock_production_lot_301118_8114800
__import__.stock_inventory_line_301118_2488583,__import__.location_loc_AG06C2,9,__import__.product_2488583,__import__.stock_production_lot_301118_2488583
__import__.stock_inventory_line_301118_4007021,__import__.location_loc_AF04B9,31,__import__.product_4007021,__import__.stock_production_lot_301118_4007021
__import__.stock_inventory_line_301118_5826199,__import__.location_loc_AC05B3,21,__import__.product_5826199,__import__.stock_production_lot_301118_5826199
__import__.stock_inventory_line_301118_5821884,__import__.location_loc_AB08B1,1,__import__.product_5821884,__import__.stock_production_lot_301118_5821884
__import__.stock_inventory_line_301118_3004132,__import__.location_loc_AI08A4,28,__import__.product_3004132,__import__.stock_production_lot_301118_3004132
__import__.stock_inventory_line_301118_5260037,__import__.location_loc_AF03B4,24,__import__.product_5260037,__import__.stock_production_lot_301118_5260037
__import__.stock_inventory_line_301118_4260101,__import__.location_loc_AH05B5,6,__import__.product_4260101,__import__.stock_production_lot_301118_4260101
__import__.stock_inventory_line_301118_5822741,__import__.location_loc_AB12B3,63,__import__.product_5822741,__import__.stock_production_lot_301118_5822741
__import__.stock_inventory_line_301118_2018187,__import__.location_loc_AI17B5,3,__import__.product_2018187,__import__.stock_production_lot_301118_2018187
__import__.stock_inventory_line_301118_2172132,__import__.location_loc_AL04A4,4,__import__.product_2172132,__import__.stock_production_lot_301118_2172132
__import__.stock_inventory_line_301118_5250118,__import__.location_loc_AK01B7,6,__import__.product_5250118,__import__.stock_production_lot_301118_5250118
__import__.stock_inventory_line_301118_4220171,__import__.location_loc_AH03B5,26,__import__.product_4220171,__import__.stock_production_lot_301118_4220171
__import__.stock_inventory_line_301118_4500201,__import__.location_loc_AI10B3,10,__import__.product_4500201,__import__.stock_production_lot_301118_4500201
__import__.stock_inventory_line_301118_4217007,__import__.location_loc_AH06B8,14,__import__.product_4217007,__import__.stock_production_lot_301118_4217007
__import__.stock_inventory_line_301118_0159920,__import__.location_loc_AK06C7,6,__import__.product_0159920,__import__.stock_production_lot_301118_0159920
__import__.stock_inventory_line_301118_5239005,__import__.location_loc_AK06C8,1,__import__.product_5239005,__import__.stock_production_lot_301118_5239005
__import__.stock_inventory_line_301118_2171887,__import__.location_loc_AI15A5,1,__import__.product_2171887,__import__.stock_production_lot_301118_2171887
__import__.stock_inventory_line_301118_5272565,__import__.location_loc_AL04B5,2,__import__.product_5272565,__import__.stock_production_lot_301118_5272565
__import__.stock_inventory_line_301118_5260005,__import__.location_loc_AG04B6,14,__import__.product_5260005,__import__.stock_production_lot_301118_5260005
__import__.stock_inventory_line_301118_1250832,__import__.location_loc_AL08B1,1,__import__.product_1250832,__import__.stock_production_lot_301118_1250832
__import__.stock_inventory_line_301118_4230122,__import__.location_loc_AF05A4,1,__import__.product_4230122,__import__.stock_production_lot_301118_4230122
__import__.stock_inventory_line_301118_8095230,__import__.location_loc_AG07B6,19,__import__.product_8095230,__import__.stock_production_lot_301118_8095230
__import__.stock_inventory_line_301118_2877876,__import__.location_loc_AI10A4,6,__import__.product_2877876,__import__.stock_production_lot_301118_2877876
__import__.stock_inventory_line_301118_5260008,__import__.location_loc_AH03B6,15,__import__.product_5260008,__import__.stock_production_lot_301118_5260008
__import__.stock_inventory_line_301118_5826197,__import__.location_loc_AB15B1,93,__import__.product_5826197,__import__.stock_production_lot_301118_5826197
__import__.stock_inventory_line_301118_2357788,__import__.location_loc_AG09A4,6,__import__.product_2357788,__import__.stock_production_lot_301118_2357788
__import__.stock_inventory_line_301118_2923753,__import__.location_loc_AF07B5,66,__import__.product_2923753,__import__.stock_production_lot_301118_2923753
__import__.stock_inventory_line_301118_5312007,__import__.location_loc_AN03C7,1,__import__.product_5312007,__import__.stock_production_lot_301118_5312007
__import__.stock_inventory_line_301118_3265212,__import__.location_loc_AC14B5,37,__import__.product_3265212,__import__.stock_production_lot_301118_3265212
__import__.stock_inventory_line_301118_3265220,__import__.location_loc_AD04B4,16,__import__.product_3265220,__import__.stock_production_lot_301118_3265220
__import__.stock_inventory_line_301118_2878015,__import__.location_loc_AG08B6,5,__import__.product_2878015,__import__.stock_production_lot_301118_2878015
__import__.stock_inventory_line_301118_5164503,__import__.location_loc_AH08A3,37,__import__.product_5164503,__import__.stock_production_lot_301118_5164503
__import__.stock_inventory_line_301118_5317739,__import__.location_loc_AA12A1,72,__import__.product_5317739,__import__.stock_production_lot_301118_5317739
__import__.stock_inventory_line_301118_3563152,__import__.location_loc_AE09B4,20,__import__.product_3563152,__import__.stock_production_lot_301118_3563152
__import__.stock_inventory_line_301118_2923746,__import__.location_loc_AG08C5,6,__import__.product_2923746,__import__.stock_production_lot_301118_2923746
__import__.stock_inventory_line_301118_6260001,__import__.location_loc_AH06B7,8,__import__.product_6260001,__import__.stock_production_lot_301118_6260001
__import__.stock_inventory_line_301118_3457942,__import__.location_loc_AI12B7,11,__import__.product_3457942,__import__.stock_production_lot_301118_3457942
__import__.stock_inventory_line_301118_8270117,__import__.location_loc_AI05B3,12,__import__.product_8270117,__import__.stock_production_lot_301118_8270117
__import__.stock_inventory_line_301118_5361772,__import__.location_loc_AC12A1,12,__import__.product_5361772,__import__.stock_production_lot_301118_5361772
__import__.stock_inventory_line_301118_5260040,__import__.location_loc_AG04B4,20,__import__.product_5260040,__import__.stock_production_lot_301118_5260040
__import__.stock_inventory_line_301118_5312512,__import__.location_loc_AN05A8,3,__import__.product_5312512,__import__.stock_production_lot_301118_5312512
__import__.stock_inventory_line_301118_2877827,__import__.location_loc_AG09A2,25,__import__.product_2877827,__import__.stock_production_lot_301118_2877827
__import__.stock_inventory_line_301118_2892552,__import__.location_loc_AF02A2,15,__import__.product_2892552,__import__.stock_production_lot_301118_2892552
__import__.stock_inventory_line_301118_5199826,__import__.location_loc_AH05B3,6,__import__.product_5199826,__import__.stock_production_lot_301118_5199826
__import__.stock_inventory_line_301118_5270220,__import__.location_loc_AH01A3,20,__import__.product_5270220,__import__.stock_production_lot_301118_5270220
__import__.stock_inventory_line_301118_5270265,__import__.location_loc_AB13B4,248,__import__.product_5270265,__import__.stock_production_lot_301118_5270265
__import__.stock_inventory_line_301121_5141850,__import__.location_loc_GL05B4,1,__import__.product_5141850,__import__.stock_production_lot_301121_5141850
__import__.stock_inventory_line_3012316_9649185,__import__.location_loc_GL12B2,2,__import__.product_9649185,__import__.stock_production_lot_3012316_9649185
__import__.stock_inventory_line_3013517_9687002,__import__.location_loc_GBP413,8,__import__.product_9687002,__import__.stock_production_lot_3013517_9687002
__import__.stock_inventory_line_3016317_8120637,__import__.location_loc_GC16A3,1,__import__.product_8120637,__import__.stock_production_lot_3016317_8120637
__import__.stock_inventory_line_3016317_7752447,__import__.location_loc_GBE101,11,__import__.product_7752447,__import__.stock_production_lot_3016317_7752447
__import__.stock_inventory_line_3027MS0212_6350556,__import__.location_loc_GD32A3,5,__import__.product_6350556,__import__.stock_production_lot_3027MS0212_6350556
__import__.stock_inventory_line_3031216_9700868,__import__.location_loc_GF11A3,5,__import__.product_9700868,__import__.stock_production_lot_3031216_9700868
__import__.stock_inventory_line_3032616A_9694895,__import__.location_loc_GD19B3,1,__import__.product_9694895,__import__.stock_production_lot_3032616A_9694895
__import__.stock_inventory_line_30372_2555183,__import__.location_loc_GGR105,104,__import__.product_2555183,__import__.stock_production_lot_30372_2555183
__import__.stock_inventory_line_3040789_8053059,__import__.location_loc_GC07E5,4,__import__.product_8053059,__import__.stock_production_lot_3040789_8053059
__import__.stock_inventory_line_30526500_2167393,__import__.location_loc_GGL103,15,__import__.product_2167393,__import__.stock_production_lot_30526500_2167393
__import__.stock_inventory_line_3059197_8053042,__import__.location_loc_GE09F1,50,__import__.product_8053042,__import__.stock_production_lot_3059197_8053042
__import__.stock_inventory_line_308939_6795003,__import__.location_loc_GC05B3,39,__import__.product_6795003,__import__.stock_production_lot_308939_6795003
__import__.stock_inventory_line_310117FL_8000910,__import__.location_loc_GC11D6,1,__import__.product_8000910,__import__.stock_production_lot_310117FL_8000910
__import__.stock_inventory_line_310118_3271871,__import__.location_loc_AL08B5,8,__import__.product_3271871,__import__.stock_production_lot_310118_3271871
__import__.stock_inventory_line_310118_5164522,__import__.location_loc_AK05C4,1,__import__.product_5164522,__import__.stock_production_lot_310118_5164522
__import__.stock_inventory_line_310118_5522200,__import__.location_loc_AN05B9,3,__import__.product_5522200,__import__.stock_production_lot_310118_5522200
__import__.stock_inventory_line_310118_2877769,__import__.location_loc_AI17B4,4,__import__.product_2877769,__import__.stock_production_lot_310118_2877769
__import__.stock_inventory_line_310118_5164557,__import__.location_loc_AK01C1,1,__import__.product_5164557,__import__.stock_production_lot_310118_5164557
__import__.stock_inventory_line_310118_5164517,__import__.location_loc_AF04B2,-1,__import__.product_5164517,__import__.stock_production_lot_310118_5164517
__import__.stock_inventory_line_310118_5166100,__import__.location_loc_AN03C8,2,__import__.product_5166100,__import__.stock_production_lot_310118_5166100
__import__.stock_inventory_line_310118_8270258,__import__.location_loc_AK03C7,1,__import__.product_8270258,__import__.stock_production_lot_310118_8270258
__import__.stock_inventory_line_310118_5314702,__import__.location_loc_AN08A3,2,__import__.product_5314702,__import__.stock_production_lot_310118_5314702
__import__.stock_inventory_line_310118_2877900,__import__.location_loc_AG08B9,1,__import__.product_2877900,__import__.stock_production_lot_310118_2877900
__import__.stock_inventory_line_310118_5164534,__import__.location_loc_AL02A3,5,__import__.product_5164534,__import__.stock_production_lot_310118_5164534
__import__.stock_inventory_line_310118_5361790,__import__.location_loc_AM07D4,1,__import__.product_5361790,__import__.stock_production_lot_310118_5361790
__import__.stock_inventory_line_310118_5624906,__import__.location_loc_AL06A4,5,__import__.product_5624906,__import__.stock_production_lot_310118_5624906
__import__.stock_inventory_line_310118_5274136,__import__.location_loc_AK03A3,1,__import__.product_5274136,__import__.stock_production_lot_310118_5274136
__import__.stock_inventory_line_310118_4990953,__import__.location_loc_AN04B1,7,__import__.product_4990953,__import__.stock_production_lot_310118_4990953
__import__.stock_inventory_line_310119_6824201,__import__.location_loc_AG06B5,6,__import__.product_6824201,__import__.stock_production_lot_310119_6824201
__import__.stock_inventory_line_310119_5825668,__import__.location_loc_AI10B7,2,__import__.product_5825668,__import__.stock_production_lot_310119_5825668
__import__.stock_inventory_line_310119_4970044,__import__.location_loc_AF03B5,-2,__import__.product_4970044,__import__.stock_production_lot_310119_4970044
__import__.stock_inventory_line_310119_6827287,__import__.location_loc_AG05B5,5,__import__.product_6827287,__import__.stock_production_lot_310119_6827287
__import__.stock_inventory_line_310119_5236005,__import__.location_loc_AF08B2,5,__import__.product_5236005,__import__.stock_production_lot_310119_5236005
__import__.stock_inventory_line_310119_5164532,__import__.location_loc_AG08B8,12,__import__.product_5164532,__import__.stock_production_lot_310119_5164532
__import__.stock_inventory_line_310119_4910036,__import__.location_loc_AF06B6,11,__import__.product_4910036,__import__.stock_production_lot_310119_4910036
__import__.stock_inventory_line_310119_5361796,__import__.location_loc_AL08B2,1,__import__.product_5361796,__import__.stock_production_lot_310119_5361796
__import__.stock_inventory_line_310119_5164531,__import__.location_loc_AG08B2,1,__import__.product_5164531,__import__.stock_production_lot_310119_5164531
__import__.stock_inventory_line_310119_5810748,__import__.location_loc_AC03B1,63,__import__.product_5810748,__import__.stock_production_lot_310119_5810748
__import__.stock_inventory_line_310119_5828692,__import__.location_loc_AC11B2,1,__import__.product_5828692,__import__.stock_production_lot_310119_5828692
__import__.stock_inventory_line_310119_6825016,__import__.location_loc_AG04B3,6,__import__.product_6825016,__import__.stock_production_lot_310119_6825016
__import__.stock_inventory_line_310119_6829901,__import__.location_loc_AI14B1,12,__import__.product_6829901,__import__.stock_production_lot_310119_6829901
__import__.stock_inventory_line_310119_5810988,__import__.location_loc_AN06B1,7,__import__.product_5810988,__import__.stock_production_lot_310119_5810988
__import__.stock_inventory_line_310119_5829263,__import__.location_loc_AG07A2,13,__import__.product_5829263,__import__.stock_production_lot_310119_5829263
__import__.stock_inventory_line_310119_5826140,__import__.location_loc_AD05B5,2,__import__.product_5826140,__import__.stock_production_lot_310119_5826140
__import__.stock_inventory_line_310119_7196704,__import__.location_loc_AC13B2,32,__import__.product_7196704,__import__.stock_production_lot_310119_7196704
__import__.stock_inventory_line_310119_7437119,__import__.location_loc_AI13B4,4,__import__.product_7437119,__import__.stock_production_lot_310119_7437119
__import__.stock_inventory_line_310119_5823299,__import__.location_loc_AF10B3,11,__import__.product_5823299,__import__.stock_production_lot_310119_5823299
__import__.stock_inventory_line_310119_6825017,__import__.location_loc_AE09B5,1,__import__.product_6825017,__import__.stock_production_lot_310119_6825017
__import__.stock_inventory_line_310119_5624907,__import__.location_loc_AM03B5,4,__import__.product_5624907,__import__.stock_production_lot_310119_5624907
__import__.stock_inventory_line_310119_7228315,__import__.location_loc_AC01B4,5,__import__.product_7228315,__import__.stock_production_lot_310119_7228315
__import__.stock_inventory_line_310119_7302572,__import__.location_loc_AG10A3,2,__import__.product_7302572,__import__.stock_production_lot_310119_7302572
__import__.stock_inventory_line_310119_4270002,__import__.location_loc_AB07B1,43,__import__.product_4270002,__import__.stock_production_lot_310119_4270002
__import__.stock_inventory_line_310119_1232204,__import__.location_loc_AI09A2,9,__import__.product_1232204,__import__.stock_production_lot_310119_1232204
__import__.stock_inventory_line_310119_1234005,__import__.location_loc_AI15A4,3,__import__.product_1234005,__import__.stock_production_lot_310119_1234005
__import__.stock_inventory_line_310119_5828965,__import__.location_loc_AA03A3,1,__import__.product_5828965,__import__.stock_production_lot_310119_5828965
__import__.stock_inventory_line_310119_5823271,__import__.location_loc_AD18A1,11,__import__.product_5823271,__import__.stock_production_lot_310119_5823271
__import__.stock_inventory_line_310119_5828662,__import__.location_loc_AA06A2,25,__import__.product_5828662,__import__.stock_production_lot_310119_5828662
__import__.stock_inventory_line_310119_4006024,__import__.location_loc_AA10A4,11,__import__.product_4006024,__import__.stock_production_lot_310119_4006024
__import__.stock_inventory_line_310119_4220102,__import__.location_loc_AB16B3,14,__import__.product_4220102,__import__.stock_production_lot_310119_4220102
__import__.stock_inventory_line_310119_4230102,__import__.location_loc_AB08A1,1,__import__.product_4230102,__import__.stock_production_lot_310119_4230102
__import__.stock_inventory_line_310119_4160107,__import__.location_loc_AI10A3,60,__import__.product_4160107,__import__.stock_production_lot_310119_4160107
__import__.stock_inventory_line_310119_4160104,__import__.location_loc_AA06A1,86,__import__.product_4160104,__import__.stock_production_lot_310119_4160104
__import__.stock_inventory_line_310119_1201088,__import__.location_loc_AK04B8,2,__import__.product_1201088,__import__.stock_production_lot_310119_1201088
__import__.stock_inventory_line_310119_1205183,__import__.location_loc_AK01C5,5,__import__.product_1205183,__import__.stock_production_lot_310119_1205183
__import__.stock_inventory_line_310119_5275640,__import__.location_loc_AK04B9,7,__import__.product_5275640,__import__.stock_production_lot_310119_5275640
__import__.stock_inventory_line_310119_5826069,__import__.location_loc_AC11B1,46,__import__.product_5826069,__import__.stock_production_lot_310119_5826069
__import__.stock_inventory_line_310119_5826662,__import__.location_loc_AB15A2,31,__import__.product_5826662,__import__.stock_production_lot_310119_5826662
__import__.stock_inventory_line_310119_5826548,__import__.location_loc_AE06A1,2,__import__.product_5826548,__import__.stock_production_lot_310119_5826548
__import__.stock_inventory_line_310119_5826654,__import__.location_loc_AC04B1,5,__import__.product_5826654,__import__.stock_production_lot_310119_5826654
__import__.stock_inventory_line_310119_5827545,__import__.location_loc_AF03A1,4,__import__.product_5827545,__import__.stock_production_lot_310119_5827545
__import__.stock_inventory_line_310119_3004421,__import__.location_loc_AI13B7,5,__import__.product_3004421,__import__.stock_production_lot_310119_3004421
__import__.stock_inventory_line_310119_5821699,__import__.location_loc_AF04A1,15,__import__.product_5821699,__import__.stock_production_lot_310119_5821699
__import__.stock_inventory_line_310119_6828030,__import__.location_loc_AI13C4,2,__import__.product_6828030,__import__.stock_production_lot_310119_6828030
__import__.stock_inventory_line_310119_5821069,__import__.location_loc_AE07A1,14,__import__.product_5821069,__import__.stock_production_lot_310119_5821069
__import__.stock_inventory_line_310119_5827524,__import__.location_loc_AK06B8,6,__import__.product_5827524,__import__.stock_production_lot_310119_5827524
__import__.stock_inventory_line_310119_4260002,__import__.location_loc_AB06B4,32,__import__.product_4260002,__import__.stock_production_lot_310119_4260002
__import__.stock_inventory_line_310119_1231204,__import__.location_loc_AC13A4,28,__import__.product_1231204,__import__.stock_production_lot_310119_1231204
__import__.stock_inventory_line_310119_4006025,__import__.location_loc_AA09A3,5,__import__.product_4006025,__import__.stock_production_lot_310119_4006025
__import__.stock_inventory_line_310119_4220107,__import__.location_loc_AB15A4,32,__import__.product_4220107,__import__.stock_production_lot_310119_4220107
__import__.stock_inventory_line_310119_1232410,__import__.location_loc_AM06A1,3,__import__.product_1232410,__import__.stock_production_lot_310119_1232410
__import__.stock_inventory_line_310119_1239323,__import__.location_loc_AH06A3,3,__import__.product_1239323,__import__.stock_production_lot_310119_1239323
__import__.stock_inventory_line_310119_5080002,__import__.location_loc_AE14A4,67,__import__.product_5080002,__import__.stock_production_lot_310119_5080002
__import__.stock_inventory_line_310119_4210133,__import__.location_loc_AD16A1,3,__import__.product_4210133,__import__.stock_production_lot_310119_4210133
__import__.stock_inventory_line_310119_4110005,__import__.location_loc_AB06A1,95,__import__.product_4110005,__import__.stock_production_lot_310119_4110005
__import__.stock_inventory_line_310119_4009053,__import__.location_loc_AE07A4,3,__import__.product_4009053,__import__.stock_production_lot_310119_4009053
__import__.stock_inventory_line_310119_4250201,__import__.location_loc_AD11B4,59,__import__.product_4250201,__import__.stock_production_lot_310119_4250201
__import__.stock_inventory_line_310119_4212005,__import__.location_loc_AD14B1,24,__import__.product_4212005,__import__.stock_production_lot_310119_4212005
__import__.stock_inventory_line_310119_6828886,__import__.location_loc_AB07B3,5,__import__.product_6828886,__import__.stock_production_lot_310119_6828886
__import__.stock_inventory_line_310119_5810560,__import__.location_loc_AE02A1,31,__import__.product_5810560,__import__.stock_production_lot_310119_5810560
__import__.stock_inventory_line_310119_7416666,__import__.location_loc_AK04C3,4,__import__.product_7416666,__import__.stock_production_lot_310119_7416666
__import__.stock_inventory_line_310119_5810543,__import__.location_loc_AI14B8,14,__import__.product_5810543,__import__.stock_production_lot_310119_5810543
__import__.stock_inventory_line_310119_5822826,__import__.location_loc_AK03C6,4,__import__.product_5822826,__import__.stock_production_lot_310119_5822826
__import__.stock_inventory_line_310119_4150002,__import__.location_loc_AA05B1,39,__import__.product_4150002,__import__.stock_production_lot_310119_4150002
__import__.stock_inventory_line_310119_5828088,__import__.location_loc_AL07B2,1,__import__.product_5828088,__import__.stock_production_lot_310119_5828088
__import__.stock_inventory_line_310119_5827610,__import__.location_loc_AG08B4,4,__import__.product_5827610,__import__.stock_production_lot_310119_5827610
__import__.stock_inventory_line_310119_2769202,__import__.location_loc_AG10C4,-1,__import__.product_2769202,__import__.stock_production_lot_310119_2769202
__import__.stock_inventory_line_310119_5823447,__import__.location_loc_AF05B5,42,__import__.product_5823447,__import__.stock_production_lot_310119_5823447
__import__.stock_inventory_line_310119_5461255,__import__.location_loc_AK05C6,6,__import__.product_5461255,__import__.stock_production_lot_310119_5461255
__import__.stock_inventory_line_310119_1205185,__import__.location_loc_AH06B6,3,__import__.product_1205185,__import__.stock_production_lot_310119_1205185
__import__.stock_inventory_line_310119_1239002,__import__.location_loc_AH06B2,11,__import__.product_1239002,__import__.stock_production_lot_310119_1239002
__import__.stock_inventory_line_310119_1239114,__import__.location_loc_AG04A3,7,__import__.product_1239114,__import__.stock_production_lot_310119_1239114
__import__.stock_inventory_line_310119_1238021,__import__.location_loc_AI12A3,6,__import__.product_1238021,__import__.stock_production_lot_310119_1238021
__import__.stock_inventory_line_310119_1250890,__import__.location_loc_AH05A5,3,__import__.product_1250890,__import__.stock_production_lot_310119_1250890
__import__.stock_inventory_line_310119_1231024,__import__.location_loc_AF08A3,12,__import__.product_1231024,__import__.stock_production_lot_310119_1231024
__import__.stock_inventory_line_310119_1239113,__import__.location_loc_AL07C4,1,__import__.product_1239113,__import__.stock_production_lot_310119_1239113
__import__.stock_inventory_line_310119_1239112,__import__.location_loc_AI05B1,2,__import__.product_1239112,__import__.stock_production_lot_310119_1239112
__import__.stock_inventory_line_310119_4290211,__import__.location_loc_AH04B2,20,__import__.product_4290211,__import__.stock_production_lot_310119_4290211
__import__.stock_inventory_line_310119_1231202,__import__.location_loc_AD03B3,32,__import__.product_1231202,__import__.stock_production_lot_310119_1231202
__import__.stock_inventory_line_310119_4007122,__import__.location_loc_AG03B3,24,__import__.product_4007122,__import__.stock_production_lot_310119_4007122
__import__.stock_inventory_line_310119_5810561,__import__.location_loc_AE03A2,18,__import__.product_5810561,__import__.stock_production_lot_310119_5810561
__import__.stock_inventory_line_310119_5827778,__import__.location_loc_AF03A2,9,__import__.product_5827778,__import__.stock_production_lot_310119_5827778
__import__.stock_inventory_line_310119_5821882,__import__.location_loc_AC10B3,89,__import__.product_5821882,__import__.stock_production_lot_310119_5821882
__import__.stock_inventory_line_310119_5822862,__import__.location_loc_AB06B1,87,__import__.product_5822862,__import__.stock_production_lot_310119_5822862
__import__.stock_inventory_line_310119_5822232,__import__.location_loc_AI13B1,2,__import__.product_5822232,__import__.stock_production_lot_310119_5822232
__import__.stock_inventory_line_310119_4008024,__import__.location_loc_AA04A1,2,__import__.product_4008024,__import__.stock_production_lot_310119_4008024
__import__.stock_inventory_line_310119_4006022,__import__.location_loc_AC06B1,1,__import__.product_4006022,__import__.stock_production_lot_310119_4006022
__import__.stock_inventory_line_310119_4500464,__import__.location_loc_AD14A2,32,__import__.product_4500464,__import__.stock_production_lot_310119_4500464
__import__.stock_inventory_line_310119_4260007,__import__.location_loc_AD11A4,9,__import__.product_4260007,__import__.stock_production_lot_310119_4260007
__import__.stock_inventory_line_310119_4150102,__import__.location_loc_AB13B3,2,__import__.product_4150102,__import__.stock_production_lot_310119_4150102
__import__.stock_inventory_line_310119_4008025,__import__.location_loc_AC05A1,6,__import__.product_4008025,__import__.stock_production_lot_310119_4008025
__import__.stock_inventory_line_310119_5624903,__import__.location_loc_AM03A2,5,__import__.product_5624903,__import__.stock_production_lot_310119_5624903
__import__.stock_inventory_line_310119_5272582,__import__.location_loc_AM04B8,2,__import__.product_5272582,__import__.stock_production_lot_310119_5272582
__import__.stock_inventory_line_310119_7197069,__import__.location_loc_AC02B3,53,__import__.product_7197069,__import__.stock_production_lot_310119_7197069
__import__.stock_inventory_line_310119_2021377,__import__.location_loc_AG10C6,2,__import__.product_2021377,__import__.stock_production_lot_310119_2021377
__import__.stock_inventory_line_310119_6828919,__import__.location_loc_AI14A1,1,__import__.product_6828919,__import__.stock_production_lot_310119_6828919
__import__.stock_inventory_line_310119_6828812,__import__.location_loc_AM04C6,7,__import__.product_6828812,__import__.stock_production_lot_310119_6828812
__import__.stock_inventory_line_310119_1238072,__import__.location_loc_AF07A2,7,__import__.product_1238072,__import__.stock_production_lot_310119_1238072
__import__.stock_inventory_line_310119_1239343,__import__.location_loc_AK04C7,4,__import__.product_1239343,__import__.stock_production_lot_310119_1239343
__import__.stock_inventory_line_310119_1250804,__import__.location_loc_AI17C9,2,__import__.product_1250804,__import__.stock_production_lot_310119_1250804
__import__.stock_inventory_line_310119_1238060,__import__.location_loc_AM06C1,4,__import__.product_1238060,__import__.stock_production_lot_310119_1238060
__import__.stock_inventory_line_310119_4500244,__import__.location_loc_AF10A4,5,__import__.product_4500244,__import__.stock_production_lot_310119_4500244
__import__.stock_inventory_line_310119_4170008,__import__.location_loc_AD15A2,47,__import__.product_4170008,__import__.stock_production_lot_310119_4170008
__import__.stock_inventory_line_310119_4120152,__import__.location_loc_AD15B4,65,__import__.product_4120152,__import__.stock_production_lot_310119_4120152
__import__.stock_inventory_line_310119_4230112,__import__.location_loc_AF05A2,15,__import__.product_4230112,__import__.stock_production_lot_310119_4230112
__import__.stock_inventory_line_310119_4009011,__import__.location_loc_AD15B6,78,__import__.product_4009011,__import__.stock_production_lot_310119_4009011
__import__.stock_inventory_line_310119_4220190,__import__.location_loc_AD11A1,10,__import__.product_4220190,__import__.stock_production_lot_310119_4220190
__import__.stock_inventory_line_310119_4007022,__import__.location_loc_AC06B3,43,__import__.product_4007022,__import__.stock_production_lot_310119_4007022
__import__.stock_inventory_line_310119_1201093,__import__.location_loc_AK05C3,2,__import__.product_1201093,__import__.stock_production_lot_310119_1201093
__import__.stock_inventory_line_310119_1202409,__import__.location_loc_AL07A1,1,__import__.product_1202409,__import__.stock_production_lot_310119_1202409
__import__.stock_inventory_line_310119_1200585,__import__.location_loc_AN03C6,3,__import__.product_1200585,__import__.stock_production_lot_310119_1200585
__import__.stock_inventory_line_310119_5820390,__import__.location_loc_AH06B3,6,__import__.product_5820390,__import__.stock_production_lot_310119_5820390
__import__.stock_inventory_line_310119_4250208,__import__.location_loc_AD08A3,11,__import__.product_4250208,__import__.stock_production_lot_310119_4250208
__import__.stock_inventory_line_310119_4007104,__import__.location_loc_AC06A4,52,__import__.product_4007104,__import__.stock_production_lot_310119_4007104
__import__.stock_inventory_line_310119_4210132,__import__.location_loc_AD08B2,14,__import__.product_4210132,__import__.stock_production_lot_310119_4210132
__import__.stock_inventory_line_310119_1250923,__import__.location_loc_AK03C3,2,__import__.product_1250923,__import__.stock_production_lot_310119_1250923
__import__.stock_inventory_line_310119_1238049,__import__.location_loc_AK04C1,1,__import__.product_1238049,__import__.stock_production_lot_310119_1238049
__import__.stock_inventory_line_310119_1231963,__import__.location_loc_AH07A5,9,__import__.product_1231963,__import__.stock_production_lot_310119_1231963
__import__.stock_inventory_line_310119_1239482,__import__.location_loc_AI11A2,2,__import__.product_1239482,__import__.stock_production_lot_310119_1239482
__import__.stock_inventory_line_310119_1231022,__import__.location_loc_AG05B2,21,__import__.product_1231022,__import__.stock_production_lot_310119_1231022
__import__.stock_inventory_line_310119_1239007,__import__.location_loc_AG10A1,3,__import__.product_1239007,__import__.stock_production_lot_310119_1239007
__import__.stock_inventory_line_310119_1231403,__import__.location_loc_AH07B5,5,__import__.product_1231403,__import__.stock_production_lot_310119_1231403
__import__.stock_inventory_line_310119_4005902,__import__.location_loc_AC10B2,36,__import__.product_4005902,__import__.stock_production_lot_310119_4005902
__import__.stock_inventory_line_310119_4220141,__import__.location_loc_AF02C1,27,__import__.product_4220141,__import__.stock_production_lot_310119_4220141
__import__.stock_inventory_line_310119_2687937,__import__.location_loc_AE05B6,47,__import__.product_2687937,__import__.stock_production_lot_310119_2687937
__import__.stock_inventory_line_310119_5810562,__import__.location_loc_AE02B1,108,__import__.product_5810562,__import__.stock_production_lot_310119_5810562
__import__.stock_inventory_line_310119_5810746,__import__.location_loc_AD11A3,28,__import__.product_5810746,__import__.stock_production_lot_310119_5810746
__import__.stock_inventory_line_310119_5829186,__import__.location_loc_AA05B4,161,__import__.product_5829186,__import__.stock_production_lot_310119_5829186
__import__.stock_inventory_line_310119_6825013,__import__.location_loc_AF02A5,3,__import__.product_6825013,__import__.stock_production_lot_310119_6825013
__import__.stock_inventory_line_310119_5822814,__import__.location_loc_AK01C3,17,__import__.product_5822814,__import__.stock_production_lot_310119_5822814
__import__.stock_inventory_line_310119_2769608,__import__.location_loc_AK01B8,6,__import__.product_2769608,__import__.stock_production_lot_310119_2769608
__import__.stock_inventory_line_310119_5827520,__import__.location_loc_AG10B1,7,__import__.product_5827520,__import__.stock_production_lot_310119_5827520
__import__.stock_inventory_line_310119_4230122,__import__.location_loc_AF05A4,40,__import__.product_4230122,__import__.stock_production_lot_310119_4230122
__import__.stock_inventory_line_310119_4230111,__import__.location_loc_AC02B2,56,__import__.product_4230111,__import__.stock_production_lot_310119_4230111
__import__.stock_inventory_line_310119_4008036,__import__.location_loc_AE05A4,23,__import__.product_4008036,__import__.stock_production_lot_310119_4008036
__import__.stock_inventory_line_310119_4180202,__import__.location_loc_AE03B3,17,__import__.product_4180202,__import__.stock_production_lot_310119_4180202
__import__.stock_inventory_line_310119_1239062,__import__.location_loc_AI13C3,6,__import__.product_1239062,__import__.stock_production_lot_310119_1239062
__import__.stock_inventory_line_310119_1230033,__import__.location_loc_AF04A6,8,__import__.product_1230033,__import__.stock_production_lot_310119_1230033
__import__.stock_inventory_line_310119_4215003,__import__.location_loc_AE07A3,24,__import__.product_4215003,__import__.stock_production_lot_310119_4215003
__import__.stock_inventory_line_310119_2016803,__import__.location_loc_AK03B8,8,__import__.product_2016803,__import__.stock_production_lot_310119_2016803
__import__.stock_inventory_line_310119_1205182,__import__.location_loc_AK03C9,1,__import__.product_1205182,__import__.stock_production_lot_310119_1205182
__import__.stock_inventory_line_310119_5272215,__import__.location_loc_AM04B5,8,__import__.product_5272215,__import__.stock_production_lot_310119_5272215
__import__.stock_inventory_line_310119_2171890,__import__.location_loc_AK01A6,5,__import__.product_2171890,__import__.stock_production_lot_310119_2171890
__import__.stock_inventory_line_310119_5461298,__import__.location_loc_AM07B3,5,__import__.product_5461298,__import__.stock_production_lot_310119_5461298
__import__.stock_inventory_line_310119_5827569,__import__.location_loc_AI05A2,28,__import__.product_5827569,__import__.stock_production_lot_310119_5827569
__import__.stock_inventory_line_310119_4280101,__import__.location_loc_AC09B3,3,__import__.product_4280101,__import__.stock_production_lot_310119_4280101
__import__.stock_inventory_line_310119_0159830,__import__.location_loc_AI12A5,6,__import__.product_0159830,__import__.stock_production_lot_310119_0159830
__import__.stock_inventory_line_310119_1238091,__import__.location_loc_AG08A3,6,__import__.product_1238091,__import__.stock_production_lot_310119_1238091
__import__.stock_inventory_line_310119_0159800,__import__.location_loc_AF06C5,19,__import__.product_0159800,__import__.stock_production_lot_310119_0159800
__import__.stock_inventory_line_310119_1231025,__import__.location_loc_AH04A7,9,__import__.product_1231025,__import__.stock_production_lot_310119_1231025
__import__.stock_inventory_line_310119_1239422,__import__.location_loc_AM06C7,6,__import__.product_1239422,__import__.stock_production_lot_310119_1239422
__import__.stock_inventory_line_310119_2248800,__import__.location_loc_AH05B1,36,__import__.product_2248800,__import__.stock_production_lot_310119_2248800
__import__.stock_inventory_line_310119_5272581,__import__.location_loc_AL03A4,8,__import__.product_5272581,__import__.stock_production_lot_310119_5272581
__import__.stock_inventory_line_310119_5272563,__import__.location_loc_AN03B1,4,__import__.product_5272563,__import__.stock_production_lot_310119_5272563
__import__.stock_inventory_line_310119_5272557,__import__.location_loc_AL03A2,1,__import__.product_5272557,__import__.stock_production_lot_310119_5272557
__import__.stock_inventory_line_310119_5272436,__import__.location_loc_AK06A5,7,__import__.product_5272436,__import__.stock_production_lot_310119_5272436
__import__.stock_inventory_line_310119_2374445,__import__.location_loc_AH03A2,36,__import__.product_2374445,__import__.stock_production_lot_310119_2374445
__import__.stock_inventory_line_310119_2357754,__import__.location_loc_AE09A3,49,__import__.product_2357754,__import__.stock_production_lot_310119_2357754
__import__.stock_inventory_line_310119_5821884,__import__.location_loc_AB08B1,77,__import__.product_5821884,__import__.stock_production_lot_310119_5821884
__import__.stock_inventory_line_310119_5822190,__import__.location_loc_AN08B1,7,__import__.product_5822190,__import__.stock_production_lot_310119_5822190
__import__.stock_inventory_line_310119_3175072,__import__.location_loc_AN03A4,4,__import__.product_3175072,__import__.stock_production_lot_310119_3175072
__import__.stock_inventory_line_310119_1258010,__import__.location_loc_AG08A1,6,__import__.product_1258010,__import__.stock_production_lot_310119_1258010
__import__.stock_inventory_line_310119_5260007,__import__.location_loc_AG02A2,66,__import__.product_5260007,__import__.stock_production_lot_310119_5260007
__import__.stock_inventory_line_310119_5260006,__import__.location_loc_AC07A1,99,__import__.product_5260006,__import__.stock_production_lot_310119_5260006
__import__.stock_inventory_line_310119_2488609,__import__.location_loc_AK01C7,8,__import__.product_2488609,__import__.stock_production_lot_310119_2488609
__import__.stock_inventory_line_310119_4290302,__import__.location_loc_AE03A3,58,__import__.product_4290302,__import__.stock_production_lot_310119_4290302
__import__.stock_inventory_line_310119_8270092,__import__.location_loc_AI15B1,4,__import__.product_8270092,__import__.stock_production_lot_310119_8270092
__import__.stock_inventory_line_310119_8114800,__import__.location_loc_AI14B3,4,__import__.product_8114800,__import__.stock_production_lot_310119_8114800
__import__.stock_inventory_line_310119_5294770,__import__.location_loc_AL06A2,2,__import__.product_5294770,__import__.stock_production_lot_310119_5294770
__import__.stock_inventory_line_310119_5272431,__import__.location_loc_AK01A2,8,__import__.product_5272431,__import__.stock_production_lot_310119_5272431
__import__.stock_inventory_line_310119_6828775,__import__.location_loc_AI17C5,2,__import__.product_6828775,__import__.stock_production_lot_310119_6828775
__import__.stock_inventory_line_310119_4220002,__import__.location_loc_AA05B3,98,__import__.product_4220002,__import__.stock_production_lot_310119_4220002
__import__.stock_inventory_line_310119_4250006,__import__.location_loc_AB08A3,46,__import__.product_4250006,__import__.stock_production_lot_310119_4250006
__import__.stock_inventory_line_310119_4270107,__import__.location_loc_AI10A2,8,__import__.product_4270107,__import__.stock_production_lot_310119_4270107
__import__.stock_inventory_line_310119_3004132,__import__.location_loc_AI08A4,120,__import__.product_3004132,__import__.stock_production_lot_310119_3004132
__import__.stock_inventory_line_310119_3004090,__import__.location_loc_AG02A4,40,__import__.product_3004090,__import__.stock_production_lot_310119_3004090
__import__.stock_inventory_line_310119_5260037,__import__.location_loc_AF03B4,40,__import__.product_5260037,__import__.stock_production_lot_310119_5260037
__import__.stock_inventory_line_310119_1237504,__import__.location_loc_AF02A1,8,__import__.product_1237504,__import__.stock_production_lot_310119_1237504
__import__.stock_inventory_line_310119_5294793,__import__.location_loc_AM05A2,2,__import__.product_5294793,__import__.stock_production_lot_310119_5294793
__import__.stock_inventory_line_310119_5270217,__import__.location_loc_AI14A5,6,__import__.product_5270217,__import__.stock_production_lot_310119_5270217
__import__.stock_inventory_line_310119_4006104,__import__.location_loc_AB14A1,136,__import__.product_4006104,__import__.stock_production_lot_310119_4006104
__import__.stock_inventory_line_310119_5810545,__import__.location_loc_AH07B1,97,__import__.product_5810545,__import__.stock_production_lot_310119_5810545
__import__.stock_inventory_line_310119_2357465,__import__.location_loc_AN05A5,2,__import__.product_2357465,__import__.stock_production_lot_310119_2357465
__import__.stock_inventory_line_310119_4007223,__import__.location_loc_AC02A1,47,__import__.product_4007223,__import__.stock_production_lot_310119_4007223
__import__.stock_inventory_line_310119_4005921,__import__.location_loc_AF04B6,12,__import__.product_4005921,__import__.stock_production_lot_310119_4005921
__import__.stock_inventory_line_310119_4008021,__import__.location_loc_AC14B4,21,__import__.product_4008021,__import__.stock_production_lot_310119_4008021
__import__.stock_inventory_line_310119_5124610,__import__.location_loc_AN03B4,4,__import__.product_5124610,__import__.stock_production_lot_310119_5124610
__import__.stock_inventory_line_310119_5272213,__import__.location_loc_AN08C1,4,__import__.product_5272213,__import__.stock_production_lot_310119_5272213
__import__.stock_inventory_line_310119_5278095,__import__.location_loc_AL05A6,1,__import__.product_5278095,__import__.stock_production_lot_310119_5278095
__import__.stock_inventory_line_310119_1201092,__import__.location_loc_AK06B0,2,__import__.product_1201092,__import__.stock_production_lot_310119_1201092
__import__.stock_inventory_line_310120_8270043,__import__.location_loc_AG06B2,45,__import__.product_8270043,__import__.stock_production_lot_310120_8270043
__import__.stock_inventory_line_310120_5065361,__import__.location_loc_EXV300,7,__import__.product_5065361,__import__.stock_production_lot_310120_5065361
__import__.stock_inventory_line_310317_1929927,__import__.location_loc_GE03E6,5,__import__.product_1929927,__import__.stock_production_lot_310317_1929927
__import__.stock_inventory_line_310317FL_8000910,__import__.location_loc_GC11D6,80,__import__.product_8000910,__import__.stock_production_lot_310317FL_8000910
__import__.stock_inventory_line_310318_5828096,__import__.location_loc_AI15A2,1,__import__.product_5828096,__import__.stock_production_lot_310318_5828096
__import__.stock_inventory_line_310318_5274093,__import__.location_loc_AI14A8,9,__import__.product_5274093,__import__.stock_production_lot_310318_5274093
__import__.stock_inventory_line_310318_5823125,__import__.location_loc_AK01A1,2,__import__.product_5823125,__import__.stock_production_lot_310318_5823125
__import__.stock_inventory_line_310318_9436900,__import__.location_loc_AL08A1,1,__import__.product_9436900,__import__.stock_production_lot_310318_9436900
__import__.stock_inventory_line_310318_5165210,__import__.location_loc_AL04A6,2,__import__.product_5165210,__import__.stock_production_lot_310318_5165210
__import__.stock_inventory_line_310318_5164534,__import__.location_loc_AL02A3,1,__import__.product_5164534,__import__.stock_production_lot_310318_5164534
__import__.stock_inventory_line_310318_5161700,__import__.location_loc_AL05B6,1,__import__.product_5161700,__import__.stock_production_lot_310318_5161700
__import__.stock_inventory_line_310318_5105200,__import__.location_loc_AN04A2,7,__import__.product_5105200,__import__.stock_production_lot_310318_5105200
__import__.stock_inventory_line_310318_5106110,__import__.location_loc_AO02A1,2,__import__.product_5106110,__import__.stock_production_lot_310318_5106110
__import__.stock_inventory_line_310318_5499857,__import__.location_loc_AO03A2,20,__import__.product_5499857,__import__.stock_production_lot_310318_5499857
__import__.stock_inventory_line_310318_5166000,__import__.location_loc_AN07A3,2,__import__.product_5166000,__import__.stock_production_lot_310318_5166000
__import__.stock_inventory_line_310318_4500344,__import__.location_loc_AK06C4,3,__import__.product_4500344,__import__.stock_production_lot_310318_4500344
__import__.stock_inventory_line_310318_5324003,__import__.location_loc_AL04B1,2,__import__.product_5324003,__import__.stock_production_lot_310318_5324003
__import__.stock_inventory_line_310318_5317679,__import__.location_loc_AK06A7,1,__import__.product_5317679,__import__.stock_production_lot_310318_5317679
__import__.stock_inventory_line_310318_5499856,__import__.location_loc_AO02B1,27,__import__.product_5499856,__import__.stock_production_lot_310318_5499856
__import__.stock_inventory_line_310318_5164558,__import__.location_loc_AN03C4,4,__import__.product_5164558,__import__.stock_production_lot_310318_5164558
__import__.stock_inventory_line_310318_5317669,__import__.location_loc_AL08D4,1,__import__.product_5317669,__import__.stock_production_lot_310318_5317669
__import__.stock_inventory_line_310318_5164550,__import__.location_loc_AG08C7,2,__import__.product_5164550,__import__.stock_production_lot_310318_5164550
__import__.stock_inventory_line_310318_3532200,__import__.location_loc_AK03B9,1,__import__.product_3532200,__import__.stock_production_lot_310318_3532200
__import__.stock_inventory_line_310318_4500345,__import__.location_loc_AD03A1,8,__import__.product_4500345,__import__.stock_production_lot_310318_4500345
__import__.stock_inventory_line_310318_1180059,__import__.location_loc_AI13A1,7,__import__.product_1180059,__import__.stock_production_lot_310318_1180059
__import__.stock_inventory_line_310318_1239371,__import__.location_loc_AM06B5,3,__import__.product_1239371,__import__.stock_production_lot_310318_1239371
__import__.stock_inventory_line_310318_3265667,__import__.location_loc_AK04A6,2,__import__.product_3265667,__import__.stock_production_lot_310318_3265667
__import__.stock_inventory_line_310318_5823131,__import__.location_loc_AN03A6,2,__import__.product_5823131,__import__.stock_production_lot_310318_5823131
__import__.stock_inventory_line_310318_4009016,__import__.location_loc_AI15B9,5,__import__.product_4009016,__import__.stock_production_lot_310318_4009016
__import__.stock_inventory_line_310318_1239382,__import__.location_loc_AI13A3,3,__import__.product_1239382,__import__.stock_production_lot_310318_1239382
__import__.stock_inventory_line_310318_1160452,__import__.location_loc_AH07A1,1,__import__.product_1160452,__import__.stock_production_lot_310318_1160452
__import__.stock_inventory_line_310318_2171892,__import__.location_loc_AN03A1,6,__import__.product_2171892,__import__.stock_production_lot_310318_2171892
__import__.stock_inventory_line_310318_5274527,__import__.location_loc_AM07B4,2,__import__.product_5274527,__import__.stock_production_lot_310318_5274527
__import__.stock_inventory_line_310318_5823130,__import__.location_loc_AK03B3,1,__import__.product_5823130,__import__.stock_production_lot_310318_5823130
__import__.stock_inventory_line_310318_5094113,__import__.location_loc_AM03A4,1,__import__.product_5094113,__import__.stock_production_lot_310318_5094113
__import__.stock_inventory_line_310318_5274137,__import__.location_loc_AM04A3,4,__import__.product_5274137,__import__.stock_production_lot_310318_5274137
__import__.stock_inventory_line_310318_5164551,__import__.location_loc_AK05B1,2,__import__.product_5164551,__import__.stock_production_lot_310318_5164551
__import__.stock_inventory_line_310318_3287900,__import__.location_loc_AK03B6,4,__import__.product_3287900,__import__.stock_production_lot_310318_3287900
__import__.stock_inventory_line_310318_5164543,__import__.location_loc_AG08C9,1,__import__.product_5164543,__import__.stock_production_lot_310318_5164543
__import__.stock_inventory_line_310318_7437042,__import__.location_loc_AC11B3,18,__import__.product_7437042,__import__.stock_production_lot_310318_7437042
__import__.stock_inventory_line_310318_7437071,__import__.location_loc_AF02A3,7,__import__.product_7437071,__import__.stock_production_lot_310318_7437071
__import__.stock_inventory_line_310318_3532500,__import__.location_loc_AK06B9,4,__import__.product_3532500,__import__.stock_production_lot_310318_3532500
__import__.stock_inventory_line_310318_5161500,__import__.location_loc_AN03A2,2,__import__.product_5161500,__import__.stock_production_lot_310318_5161500
__import__.stock_inventory_line_310319_6824515,__import__.location_loc_AF09B6,2,__import__.product_6824515,__import__.stock_production_lot_310319_6824515
__import__.stock_inventory_line_310319_5248782,__import__.location_loc_AM08B3,1,__import__.product_5248782,__import__.stock_production_lot_310319_5248782
__import__.stock_inventory_line_310319_2923613,__import__.location_loc_AD13B4,71,__import__.product_2923613,__import__.stock_production_lot_310319_2923613
__import__.stock_inventory_line_310319_6827567,__import__.location_loc_AD04A1,72,__import__.product_6827567,__import__.stock_production_lot_310319_6827567
__import__.stock_inventory_line_310319_5822387,__import__.location_loc_AI15B6,4,__import__.product_5822387,__import__.stock_production_lot_310319_5822387
__import__.stock_inventory_line_310319_2357531,__import__.location_loc_AD16B3,21,__import__.product_2357531,__import__.stock_production_lot_310319_2357531
__import__.stock_inventory_line_310319_2923571,__import__.location_loc_AI14B5,4,__import__.product_2923571,__import__.stock_production_lot_310319_2923571
__import__.stock_inventory_line_310319_2923688,__import__.location_loc_AG04B2,5,__import__.product_2923688,__import__.stock_production_lot_310319_2923688
__import__.stock_inventory_line_310319_5171996,__import__.location_loc_AN07C1,1,__import__.product_5171996,__import__.stock_production_lot_310319_5171996
__import__.stock_inventory_line_310319_5249278,__import__.location_loc_AL08C1,4,__import__.product_5249278,__import__.stock_production_lot_310319_5249278
__import__.stock_inventory_line_310319_6827360,__import__.location_loc_AF08B1,10,__import__.product_6827360,__import__.stock_production_lot_310319_6827360
__import__.stock_inventory_line_310319_2923696,__import__.location_loc_AN05B0,37,__import__.product_2923696,__import__.stock_production_lot_310319_2923696
__import__.stock_inventory_line_310319_5800000,__import__.location_loc_AI07B2,16,__import__.product_5800000,__import__.stock_production_lot_310319_5800000
__import__.stock_inventory_line_310319_4910047,__import__.location_loc_AF02B5,47,__import__.product_4910047,__import__.stock_production_lot_310319_4910047
__import__.stock_inventory_line_310319_6829323,__import__.location_loc_AE06A2,13,__import__.product_6829323,__import__.stock_production_lot_310319_6829323
__import__.stock_inventory_line_310319_5828089,__import__.location_loc_AM07C2,6,__import__.product_5828089,__import__.stock_production_lot_310319_5828089
__import__.stock_inventory_line_310319_3556400,__import__.location_loc_AI15B2,15,__import__.product_3556400,__import__.stock_production_lot_310319_3556400
__import__.stock_inventory_line_310319_5823609,__import__.location_loc_AF07A3,32,__import__.product_5823609,__import__.stock_production_lot_310319_5823609
__import__.stock_inventory_line_310319_5828096,__import__.location_loc_AI15A2,2,__import__.product_5828096,__import__.stock_production_lot_310319_5828096
__import__.stock_inventory_line_310319_5828695,__import__.location_loc_AF07B4,25,__import__.product_5828695,__import__.stock_production_lot_310319_5828695
__import__.stock_inventory_line_310319_5827522,__import__.location_loc_AK05C9,2,__import__.product_5827522,__import__.stock_production_lot_310319_5827522
__import__.stock_inventory_line_310319_5821803,__import__.location_loc_AE03B4,7,__import__.product_5821803,__import__.stock_production_lot_310319_5821803
__import__.stock_inventory_line_310319_5828044,__import__.location_loc_AE04B4,12,__import__.product_5828044,__import__.stock_production_lot_310319_5828044
__import__.stock_inventory_line_310319_5823445,__import__.location_loc_AG03A2,44,__import__.product_5823445,__import__.stock_production_lot_310319_5823445
__import__.stock_inventory_line_310319_3287083,__import__.location_loc_AC12B1,52,__import__.product_3287083,__import__.stock_production_lot_310319_3287083
__import__.stock_inventory_line_310319_5822097,__import__.location_loc_AB16B2,114,__import__.product_5822097,__import__.stock_production_lot_310319_5822097
__import__.stock_inventory_line_310319_5822099,__import__.location_loc_AA10A3,68,__import__.product_5822099,__import__.stock_production_lot_310319_5822099
__import__.stock_inventory_line_310319_5829183,__import__.location_loc_AA02A3,160,__import__.product_5829183,__import__.stock_production_lot_310319_5829183
__import__.stock_inventory_line_310319_2732972,__import__.location_loc_AE09A1,43,__import__.product_2732972,__import__.stock_production_lot_310319_2732972
__import__.stock_inventory_line_310319_5828647,__import__.location_loc_AA09B1,120,__import__.product_5828647,__import__.stock_production_lot_310319_5828647
__import__.stock_inventory_line_310319_7416695,__import__.location_loc_AB15B3,24,__import__.product_7416695,__import__.stock_production_lot_310319_7416695
__import__.stock_inventory_line_310319_5810228,__import__.location_loc_AK01B3,6,__import__.product_5810228,__import__.stock_production_lot_310319_5810228
__import__.stock_inventory_line_310319_4290045,__import__.location_loc_AL03B7,4,__import__.product_4290045,__import__.stock_production_lot_310319_4290045
__import__.stock_inventory_line_310319_5828966,__import__.location_loc_AB11A2,101,__import__.product_5828966,__import__.stock_production_lot_310319_5828966
__import__.stock_inventory_line_310319_2739985,__import__.location_loc_AD05A4,25,__import__.product_2739985,__import__.stock_production_lot_310319_2739985
__import__.stock_inventory_line_310319_3145042,__import__.location_loc_AB08A2,29,__import__.product_3145042,__import__.stock_production_lot_310319_3145042
__import__.stock_inventory_line_310319_6824523,__import__.location_loc_AD04B1,81,__import__.product_6824523,__import__.stock_production_lot_310319_6824523
__import__.stock_inventory_line_310319_5829188,__import__.location_loc_AA02B1,72,__import__.product_5829188,__import__.stock_production_lot_310319_5829188
__import__.stock_inventory_line_310319_7241356,__import__.location_loc_AF09B5,8,__import__.product_7241356,__import__.stock_production_lot_310319_7241356
__import__.stock_inventory_line_310319_6828770,__import__.location_loc_AI17C2,6,__import__.product_6828770,__import__.stock_production_lot_310319_6828770
__import__.stock_inventory_line_310319_6825144,__import__.location_loc_AK06A4,2,__import__.product_6825144,__import__.stock_production_lot_310319_6825144
__import__.stock_inventory_line_310319_6825013,__import__.location_loc_AF02A5,10,__import__.product_6825013,__import__.stock_production_lot_310319_6825013
__import__.stock_inventory_line_310319_5823123,__import__.location_loc_AK04A4,2,__import__.product_5823123,__import__.stock_production_lot_310319_5823123
__import__.stock_inventory_line_310319_4500325,__import__.location_loc_AA05A2,216,__import__.product_4500325,__import__.stock_production_lot_310319_4500325
__import__.stock_inventory_line_310319_4160126,__import__.location_loc_AD20A1,54,__import__.product_4160126,__import__.stock_production_lot_310319_4160126
__import__.stock_inventory_line_310319_4500285,__import__.location_loc_AA09A1,99,__import__.product_4500285,__import__.stock_production_lot_310319_4500285
__import__.stock_inventory_line_310319_4230101,__import__.location_loc_AA06B1,266,__import__.product_4230101,__import__.stock_production_lot_310319_4230101
__import__.stock_inventory_line_310319_4280101,__import__.location_loc_AC09B3,215,__import__.product_4280101,__import__.stock_production_lot_310319_4280101
__import__.stock_inventory_line_310319_4008034,__import__.location_loc_AC14A2,53,__import__.product_4008034,__import__.stock_production_lot_310319_4008034
__import__.stock_inventory_line_310319_4009015,__import__.location_loc_AE05A2,28,__import__.product_4009015,__import__.stock_production_lot_310319_4009015
__import__.stock_inventory_line_310319_4230102,__import__.location_loc_AB08A1,96,__import__.product_4230102,__import__.stock_production_lot_310319_4230102
__import__.stock_inventory_line_310319_4160125,__import__.location_loc_AI05A1,6,__import__.product_4160125,__import__.stock_production_lot_310319_4160125
__import__.stock_inventory_line_310319_4150202,__import__.location_loc_AD02B3,87,__import__.product_4150202,__import__.stock_production_lot_310319_4150202
__import__.stock_inventory_line_310319_5461251,__import__.location_loc_AK01B1,6,__import__.product_5461251,__import__.stock_production_lot_310319_5461251
__import__.stock_inventory_line_310319_5821725,__import__.location_loc_AA02A1,67,__import__.product_5821725,__import__.stock_production_lot_310319_5821725
__import__.stock_inventory_line_310319_3287158,__import__.location_loc_AA03A1,61,__import__.product_3287158,__import__.stock_production_lot_310319_3287158
__import__.stock_inventory_line_310319_5823446,__import__.location_loc_AF03A3,26,__import__.product_5823446,__import__.stock_production_lot_310319_5823446
__import__.stock_inventory_line_310319_5826655,__import__.location_loc_AB07A2,53,__import__.product_5826655,__import__.stock_production_lot_310319_5826655
__import__.stock_inventory_line_310319_5828667,__import__.location_loc_AA04B1,141,__import__.product_5828667,__import__.stock_production_lot_310319_5828667
__import__.stock_inventory_line_310319_2979755,__import__.location_loc_AF05A1,14,__import__.product_2979755,__import__.stock_production_lot_310319_2979755
__import__.stock_inventory_line_310319_5826654,__import__.location_loc_AC04B1,100,__import__.product_5826654,__import__.stock_production_lot_310319_5826654
__import__.stock_inventory_line_310319_5822098,__import__.location_loc_AA03B3,200,__import__.product_5822098,__import__.stock_production_lot_310319_5822098
__import__.stock_inventory_line_310319_5822147,__import__.location_loc_AC12B3,134,__import__.product_5822147,__import__.stock_production_lot_310319_5822147
__import__.stock_inventory_line_310319_5829182,__import__.location_loc_AC11A2,40,__import__.product_5829182,__import__.stock_production_lot_310319_5829182
__import__.stock_inventory_line_310319_5828648,__import__.location_loc_AB13B1,93,__import__.product_5828648,__import__.stock_production_lot_310319_5828648
__import__.stock_inventory_line_310319_5829000,__import__.location_loc_AA04B3,144,__import__.product_5829000,__import__.stock_production_lot_310319_5829000
__import__.stock_inventory_line_310319_5826140,__import__.location_loc_AD05B5,100,__import__.product_5826140,__import__.stock_production_lot_310319_5826140
__import__.stock_inventory_line_310319_5829267,__import__.location_loc_AF09A1,32,__import__.product_5829267,__import__.stock_production_lot_310319_5829267
__import__.stock_inventory_line_310319_5828097,__import__.location_loc_AI11A3,5,__import__.product_5828097,__import__.stock_production_lot_310319_5828097
__import__.stock_inventory_line_310319_5829269,__import__.location_loc_AK04A2,2,__import__.product_5829269,__import__.stock_production_lot_310319_5829269
__import__.stock_inventory_line_310319_5826095,__import__.location_loc_AF10B8,12,__import__.product_5826095,__import__.stock_production_lot_310319_5826095
__import__.stock_inventory_line_310319_5802742,__import__.location_loc_AH02B5,11,__import__.product_5802742,__import__.stock_production_lot_310319_5802742
__import__.stock_inventory_line_310319_2769202,__import__.location_loc_AG10C4,4,__import__.product_2769202,__import__.stock_production_lot_310319_2769202
__import__.stock_inventory_line_310319_5823608,__import__.location_loc_AF05B7,18,__import__.product_5823608,__import__.stock_production_lot_310319_5823608
__import__.stock_inventory_line_310319_5822233,__import__.location_loc_AI14B7,6,__import__.product_5822233,__import__.stock_production_lot_310319_5822233
__import__.stock_inventory_line_310319_6825017,__import__.location_loc_AE09B5,15,__import__.product_6825017,__import__.stock_production_lot_310319_6825017
__import__.stock_inventory_line_310319_5810749,__import__.location_loc_AE02B2,16,__import__.product_5810749,__import__.stock_production_lot_310319_5810749
__import__.stock_inventory_line_310319_1238072,__import__.location_loc_AF07A2,28,__import__.product_1238072,__import__.stock_production_lot_310319_1238072
__import__.stock_inventory_line_310319_1231204,__import__.location_loc_AC13A4,72,__import__.product_1231204,__import__.stock_production_lot_310319_1231204
__import__.stock_inventory_line_310319_1239105,__import__.location_loc_AH07A3,11,__import__.product_1239105,__import__.stock_production_lot_310319_1239105
__import__.stock_inventory_line_310319_1239112,__import__.location_loc_AI05B1,11,__import__.product_1239112,__import__.stock_production_lot_310319_1239112
__import__.stock_inventory_line_310319_1238021,__import__.location_loc_AI12A3,6,__import__.product_1238021,__import__.stock_production_lot_310319_1238021
__import__.stock_inventory_line_310319_1239007,__import__.location_loc_AG10A1,10,__import__.product_1239007,__import__.stock_production_lot_310319_1239007
__import__.stock_inventory_line_310319_4250208,__import__.location_loc_AD08A3,64,__import__.product_4250208,__import__.stock_production_lot_310319_4250208
__import__.stock_inventory_line_310319_4007024,__import__.location_loc_AA05A4,226,__import__.product_4007024,__import__.stock_production_lot_310319_4007024
__import__.stock_inventory_line_310319_4500284,__import__.location_loc_AA10A1,372,__import__.product_4500284,__import__.stock_production_lot_310319_4500284
__import__.stock_inventory_line_310319_4280102,__import__.location_loc_AC11A1,64,__import__.product_4280102,__import__.stock_production_lot_310319_4280102
__import__.stock_inventory_line_310319_4120103,__import__.location_loc_AA05A1,216,__import__.product_4120103,__import__.stock_production_lot_310319_4120103
__import__.stock_inventory_line_310319_4140112,__import__.location_loc_AC03A2,61,__import__.product_4140112,__import__.stock_production_lot_310319_4140112
__import__.stock_inventory_line_310319_4150203,__import__.location_loc_AF10A2,57,__import__.product_4150203,__import__.stock_production_lot_310319_4150203
__import__.stock_inventory_line_310319_4008024,__import__.location_loc_AA04A1,122,__import__.product_4008024,__import__.stock_production_lot_310319_4008024
__import__.stock_inventory_line_310319_4120102,__import__.location_loc_AA10B4,108,__import__.product_4120102,__import__.stock_production_lot_310319_4120102
__import__.stock_inventory_line_310319_4140004,__import__.location_loc_AB14A4,72,__import__.product_4140004,__import__.stock_production_lot_310319_4140004
__import__.stock_inventory_line_310319_4140113,__import__.location_loc_AD06A1,64,__import__.product_4140113,__import__.stock_production_lot_310319_4140113
__import__.stock_inventory_line_310319_4210133,__import__.location_loc_AD16A1,64,__import__.product_4210133,__import__.stock_production_lot_310319_4210133
__import__.stock_inventory_line_310319_5829270,__import__.location_loc_AE05A1,32,__import__.product_5829270,__import__.stock_production_lot_310319_5829270
__import__.stock_inventory_line_310319_7196650,__import__.location_loc_AB08B3,100,__import__.product_7196650,__import__.stock_production_lot_310319_7196650
__import__.stock_inventory_line_310319_5827570,__import__.location_loc_AD13A2,41,__import__.product_5827570,__import__.stock_production_lot_310319_5827570
__import__.stock_inventory_line_310319_7196934,__import__.location_loc_AB13A2,120,__import__.product_7196934,__import__.stock_production_lot_310319_7196934
__import__.stock_inventory_line_310319_5829185,__import__.location_loc_AB14B4,268,__import__.product_5829185,__import__.stock_production_lot_310319_5829185
__import__.stock_inventory_line_310319_5828692,__import__.location_loc_AC11B2,138,__import__.product_5828692,__import__.stock_production_lot_310319_5828692
__import__.stock_inventory_line_310319_5822863,__import__.location_loc_AC02B1,63,__import__.product_5822863,__import__.stock_production_lot_310319_5822863
__import__.stock_inventory_line_310319_7416643,__import__.location_loc_AK03C2,8,__import__.product_7416643,__import__.stock_production_lot_310319_7416643
__import__.stock_inventory_line_310319_5829184,__import__.location_loc_AC06B4,11,__import__.product_5829184,__import__.stock_production_lot_310319_5829184
__import__.stock_inventory_line_310319_7196549,__import__.location_loc_AD11B5,50,__import__.product_7196549,__import__.stock_production_lot_310319_7196549
__import__.stock_inventory_line_310319_7464642,__import__.location_loc_AF04A4,8,__import__.product_7464642,__import__.stock_production_lot_310319_7464642
__import__.stock_inventory_line_310319_6825006,__import__.location_loc_AI11A1,12,__import__.product_6825006,__import__.stock_production_lot_310319_6825006
__import__.stock_inventory_line_310319_2017234,__import__.location_loc_AN07D4,6,__import__.product_2017234,__import__.stock_production_lot_310319_2017234
__import__.stock_inventory_line_310319_1231408,__import__.location_loc_AG09A3,32,__import__.product_1231408,__import__.stock_production_lot_310319_1231408
__import__.stock_inventory_line_310319_1231208,__import__.location_loc_AC14A4,32,__import__.product_1231208,__import__.stock_production_lot_310319_1231208
__import__.stock_inventory_line_310319_1250804,__import__.location_loc_AI17C9,4,__import__.product_1250804,__import__.stock_production_lot_310319_1250804
__import__.stock_inventory_line_310319_1232005,__import__.location_loc_AF02A6,8,__import__.product_1232005,__import__.stock_production_lot_310319_1232005
__import__.stock_inventory_line_310319_1230032,__import__.location_loc_AK05B7,6,__import__.product_1230032,__import__.stock_production_lot_310319_1230032
__import__.stock_inventory_line_310319_4270142,__import__.location_loc_AD16A2,17,__import__.product_4270142,__import__.stock_production_lot_310319_4270142
__import__.stock_inventory_line_310319_5169596,__import__.location_loc_AM06B6,7,__import__.product_5169596,__import__.stock_production_lot_310319_5169596
__import__.stock_inventory_line_310319_5272437,__import__.location_loc_AI17A4,20,__import__.product_5272437,__import__.stock_production_lot_310319_5272437
__import__.stock_inventory_line_310319_4260007,__import__.location_loc_AD11A4,64,__import__.product_4260007,__import__.stock_production_lot_310319_4260007
__import__.stock_inventory_line_310319_4160107,__import__.location_loc_AI10A3,160,__import__.product_4160107,__import__.stock_production_lot_310319_4160107
__import__.stock_inventory_line_310319_4500382,__import__.location_loc_AD07A2,72,__import__.product_4500382,__import__.stock_production_lot_310319_4500382
__import__.stock_inventory_line_310319_4009094,__import__.location_loc_AD18A2,72,__import__.product_4009094,__import__.stock_production_lot_310319_4009094
__import__.stock_inventory_line_310319_4150102,__import__.location_loc_AB13B3,108,__import__.product_4150102,__import__.stock_production_lot_310319_4150102
__import__.stock_inventory_line_310319_4500324,__import__.location_loc_AC12A3,72,__import__.product_4500324,__import__.stock_production_lot_310319_4500324
__import__.stock_inventory_line_310319_4009053,__import__.location_loc_AE07A4,32,__import__.product_4009053,__import__.stock_production_lot_310319_4009053
__import__.stock_inventory_line_310319_4500404,__import__.location_loc_AC01A2,72,__import__.product_4500404,__import__.stock_production_lot_310319_4500404
__import__.stock_inventory_line_310319_4006024,__import__.location_loc_AA10A4,288,__import__.product_4006024,__import__.stock_production_lot_310319_4006024
__import__.stock_inventory_line_310319_4260002,__import__.location_loc_AB06B4,108,__import__.product_4260002,__import__.stock_production_lot_310319_4260002
__import__.stock_inventory_line_310319_4250106,__import__.location_loc_AB13A1,127,__import__.product_4250106,__import__.stock_production_lot_310319_4250106
__import__.stock_inventory_line_310319_4008021,__import__.location_loc_AC14B4,108,__import__.product_4008021,__import__.stock_production_lot_310319_4008021
__import__.stock_inventory_line_31032022_5039032,__import__.location_loc_EXV000,31,__import__.product_5039032,__import__.stock_production_lot_31032022_5039032
__import__.stock_inventory_line_310516_2875250,__import__.location_loc_GF25B1,34,__import__.product_2875250,__import__.stock_production_lot_310516_2875250
__import__.stock_inventory_line_310518_2732949,__import__.location_loc_AM06A7,8,__import__.product_2732949,__import__.stock_production_lot_310518_2732949
__import__.stock_inventory_line_310518_2357994,__import__.location_loc_AI13B3,6,__import__.product_2357994,__import__.stock_production_lot_310518_2357994
__import__.stock_inventory_line_310518_1201095,__import__.location_loc_AK06B3,1,__import__.product_1201095,__import__.stock_production_lot_310518_1201095
__import__.stock_inventory_line_310518_4005921,__import__.location_loc_AF04B6,7,__import__.product_4005921,__import__.stock_production_lot_310518_4005921
__import__.stock_inventory_line_310518_5272433,__import__.location_loc_AM04A1,7,__import__.product_5272433,__import__.stock_production_lot_310518_5272433
__import__.stock_inventory_line_310518_8095230,__import__.location_loc_AG07B6,1,__import__.product_8095230,__import__.stock_production_lot_310518_8095230
__import__.stock_inventory_line_310518_5272647,__import__.location_loc_AL04B3,2,__import__.product_5272647,__import__.stock_production_lot_310518_5272647
__import__.stock_inventory_line_310518_2171889,__import__.location_loc_AK04A5,2,__import__.product_2171889,__import__.stock_production_lot_310518_2171889
__import__.stock_inventory_line_310518_3555000,__import__.location_loc_AF09B2,14,__import__.product_3555000,__import__.stock_production_lot_310518_3555000
__import__.stock_inventory_line_310518_2769103,__import__.location_loc_AL07D5,3,__import__.product_2769103,__import__.stock_production_lot_310518_2769103
__import__.stock_inventory_line_310518_2877710,__import__.location_loc_AH01A5,1,__import__.product_2877710,__import__.stock_production_lot_310518_2877710
__import__.stock_inventory_line_310518_3562931,__import__.location_loc_AD01A3,3,__import__.product_3562931,__import__.stock_production_lot_310518_3562931
__import__.stock_inventory_line_310518_3562972,__import__.location_loc_AD03B4,6,__import__.product_3562972,__import__.stock_production_lot_310518_3562972
__import__.stock_inventory_line_310518_3563061,__import__.location_loc_AO02B3,1,__import__.product_3563061,__import__.stock_production_lot_310518_3563061
__import__.stock_inventory_line_310518_3562980,__import__.location_loc_AO06A2,24,__import__.product_3562980,__import__.stock_production_lot_310518_3562980
__import__.stock_inventory_line_310518_3563160,__import__.location_loc_AD01B1,10,__import__.product_3563160,__import__.stock_production_lot_310518_3563160
__import__.stock_inventory_line_310518_1448638,__import__.location_loc_AK03C0,4,__import__.product_1448638,__import__.stock_production_lot_310518_1448638
__import__.stock_inventory_line_310518_5161900,__import__.location_loc_AL03A5,2,__import__.product_5161900,__import__.stock_production_lot_310518_5161900
__import__.stock_inventory_line_310518_3531900,__import__.location_loc_AH03B3,15,__import__.product_3531900,__import__.stock_production_lot_310518_3531900
__import__.stock_inventory_line_310518_5308817,__import__.location_loc_AM07C4,1,__import__.product_5308817,__import__.stock_production_lot_310518_5308817
__import__.stock_inventory_line_310518_5308819,__import__.location_loc_AM08B5,1,__import__.product_5308819,__import__.stock_production_lot_310518_5308819
__import__.stock_inventory_line_310518_3525000,__import__.location_loc_AG06C6,11,__import__.product_3525000,__import__.stock_production_lot_310518_3525000
__import__.stock_inventory_line_310518_5499855,__import__.location_loc_AM03B1,20,__import__.product_5499855,__import__.stock_production_lot_310518_5499855
__import__.stock_inventory_line_310518_3562881,__import__.location_loc_AE02B3,3,__import__.product_3562881,__import__.stock_production_lot_310518_3562881
__import__.stock_inventory_line_310518_3562857,__import__.location_loc_AO06B3,19,__import__.product_3562857,__import__.stock_production_lot_310518_3562857
__import__.stock_inventory_line_310518_5317749,__import__.location_loc_AI17C8,3,__import__.product_5317749,__import__.stock_production_lot_310518_5317749
__import__.stock_inventory_line_310518_5161600,__import__.location_loc_AL03A1,3,__import__.product_5161600,__import__.stock_production_lot_310518_5161600
__import__.stock_inventory_line_310518_5074091,__import__.location_loc_AD20A2,11,__import__.product_5074091,__import__.stock_production_lot_310518_5074091
__import__.stock_inventory_line_310518_5260042,__import__.location_loc_AH04B3,2,__import__.product_5260042,__import__.stock_production_lot_310518_5260042
__import__.stock_inventory_line_310518_1250921,__import__.location_loc_AZZ200,1,__import__.product_1250921,__import__.stock_production_lot_310518_1250921
__import__.stock_inventory_line_310518_5164557,__import__.location_loc_AK01C1,3,__import__.product_5164557,__import__.stock_production_lot_310518_5164557
__import__.stock_inventory_line_310518_2357739,__import__.location_loc_AL07A4,3,__import__.product_2357739,__import__.stock_production_lot_310518_2357739
__import__.stock_inventory_line_310518_5164507,__import__.location_loc_AF04A2,13,__import__.product_5164507,__import__.stock_production_lot_310518_5164507
__import__.stock_inventory_line_310518_3562824,__import__.location_loc_AD14B2,4,__import__.product_3562824,__import__.stock_production_lot_310518_3562824
__import__.stock_inventory_line_310518_4260014,__import__.location_loc_AD07A1,16,__import__.product_4260014,__import__.stock_production_lot_310518_4260014
__import__.stock_inventory_line_310518_5270246,__import__.location_loc_AI05A3,3,__import__.product_5270246,__import__.stock_production_lot_310518_5270246
__import__.stock_inventory_line_310518_8270089,__import__.location_loc_AI09B1,8,__import__.product_8270089,__import__.stock_production_lot_310518_8270089
__import__.stock_inventory_line_310518_5461168,__import__.location_loc_AN04A1,1,__import__.product_5461168,__import__.stock_production_lot_310518_5461168
__import__.stock_inventory_line_310518_4120181,__import__.location_loc_AF02B1,17,__import__.product_4120181,__import__.stock_production_lot_310518_4120181
__import__.stock_inventory_line_310518_5163210,__import__.location_loc_AN07B2,1,__import__.product_5163210,__import__.stock_production_lot_310518_5163210
__import__.stock_inventory_line_310518_5196044,__import__.location_loc_AG05B6,1,__import__.product_5196044,__import__.stock_production_lot_310518_5196044
__import__.stock_inventory_line_310518_1238097,__import__.location_loc_AG10A4,2,__import__.product_1238097,__import__.stock_production_lot_310518_1238097
__import__.stock_inventory_line_310518_1238076,__import__.location_loc_AF06A6,1,__import__.product_1238076,__import__.stock_production_lot_310518_1238076
__import__.stock_inventory_line_310518_5051630,__import__.location_loc_AM04B7,1,__import__.product_5051630,__import__.stock_production_lot_310518_5051630
__import__.stock_inventory_line_310518_1237315,__import__.location_loc_AI03A2,1,__import__.product_1237315,__import__.stock_production_lot_310518_1237315
__import__.stock_inventory_line_310518_5164538,__import__.location_loc_AH04B5,1,__import__.product_5164538,__import__.stock_production_lot_310518_5164538
__import__.stock_inventory_line_310518_3562840,__import__.location_loc_AD15A3,1,__import__.product_3562840,__import__.stock_production_lot_310518_3562840
__import__.stock_inventory_line_310518_8454108,__import__.location_loc_AK05C8,4,__import__.product_8454108,__import__.stock_production_lot_310518_8454108
__import__.stock_inventory_line_310518_5164511,__import__.location_loc_AG10C8,7,__import__.product_5164511,__import__.stock_production_lot_310518_5164511
__import__.stock_inventory_line_310518_3532400,__import__.location_loc_AK04B0,3,__import__.product_3532400,__import__.stock_production_lot_310518_3532400
__import__.stock_inventory_line_310518_5163410,__import__.location_loc_AN07B4,1,__import__.product_5163410,__import__.stock_production_lot_310518_5163410
__import__.stock_inventory_line_310518_5163110,__import__.location_loc_AL04B2,1,__import__.product_5163110,__import__.stock_production_lot_310518_5163110
__import__.stock_inventory_line_310518_5282300,__import__.location_loc_AF04B4,55,__import__.product_5282300,__import__.stock_production_lot_310518_5282300
__import__.stock_inventory_line_310518_3288000,__import__.location_loc_AI13B2,12,__import__.product_3288000,__import__.stock_production_lot_310518_3288000
__import__.stock_inventory_line_310518_1237291,__import__.location_loc_AK03A1,2,__import__.product_1237291,__import__.stock_production_lot_310518_1237291
__import__.stock_inventory_line_310518_5163100,__import__.location_loc_AL05A1,4,__import__.product_5163100,__import__.stock_production_lot_310518_5163100
__import__.stock_inventory_line_310518_3532600,__import__.location_loc_AL07A2,1,__import__.product_3532600,__import__.stock_production_lot_310518_3532600
__import__.stock_inventory_line_310518_5829178,__import__.location_loc_AF10A3,11,__import__.product_5829178,__import__.stock_production_lot_310518_5829178
__import__.stock_inventory_line_310518_5274646,__import__.location_loc_AN03C2,4,__import__.product_5274646,__import__.stock_production_lot_310518_5274646
__import__.stock_inventory_line_310518_3562832,__import__.location_loc_AD03A3,4,__import__.product_3562832,__import__.stock_production_lot_310518_3562832
__import__.stock_inventory_line_310518_4213014,__import__.location_loc_AD02A1,6,__import__.product_4213014,__import__.stock_production_lot_310518_4213014
__import__.stock_inventory_line_310518_4160122,__import__.location_loc_AC02B4,18,__import__.product_4160122,__import__.stock_production_lot_310518_4160122
__import__.stock_inventory_line_310518_5829179,__import__.location_loc_AB12A4,45,__import__.product_5829179,__import__.stock_production_lot_310518_5829179
__import__.stock_inventory_line_310518_1234053,__import__.location_loc_AH04A5,10,__import__.product_1234053,__import__.stock_production_lot_310518_1234053
__import__.stock_inventory_line_310518_5094113,__import__.location_loc_AM03A4,12,__import__.product_5094113,__import__.stock_production_lot_310518_5094113
__import__.stock_inventory_line_310518_5163400,__import__.location_loc_AL05A5,1,__import__.product_5163400,__import__.stock_production_lot_310518_5163400
__import__.stock_inventory_line_310518_2975761,__import__.location_loc_AZZ505,1,__import__.product_2975761,__import__.stock_production_lot_310518_2975761
__import__.stock_inventory_line_310519_4901603,__import__.location_loc_AA10B3,262,__import__.product_4901603,__import__.stock_production_lot_310519_4901603
__import__.stock_inventory_line_310519_1190310,__import__.location_loc_AH07B3,67,__import__.product_1190310,__import__.stock_production_lot_310519_1190310
__import__.stock_inventory_line_310519_6824450,__import__.location_loc_AH01B5,2,__import__.product_6824450,__import__.stock_production_lot_310519_6824450
__import__.stock_inventory_line_310519_5822387,__import__.location_loc_AI15B6,3,__import__.product_5822387,__import__.stock_production_lot_310519_5822387
__import__.stock_inventory_line_310519_5275683,__import__.location_loc_AK06B1,13,__import__.product_5275683,__import__.stock_production_lot_310519_5275683
__import__.stock_inventory_line_310519_6834281,__import__.location_loc_AE07B8,3,__import__.product_6834281,__import__.stock_production_lot_310519_6834281
__import__.stock_inventory_line_310519_6827566,__import__.location_loc_AF05B1,10,__import__.product_6827566,__import__.stock_production_lot_310519_6827566
__import__.stock_inventory_line_310519_5825666,__import__.location_loc_AI15B8,9,__import__.product_5825666,__import__.stock_production_lot_310519_5825666
__import__.stock_inventory_line_310519_4960043,__import__.location_loc_AE14A3,38,__import__.product_4960043,__import__.stock_production_lot_310519_4960043
__import__.stock_inventory_line_310519_2915429,__import__.location_loc_AE06B2,38,__import__.product_2915429,__import__.stock_production_lot_310519_2915429
__import__.stock_inventory_line_310519_2665297,__import__.location_loc_AG06B4,24,__import__.product_2665297,__import__.stock_production_lot_310519_2665297
__import__.stock_inventory_line_310519_6824494,__import__.location_loc_AF02B9,10,__import__.product_6824494,__import__.stock_production_lot_310519_6824494
__import__.stock_inventory_line_310519_4901407,__import__.location_loc_AE03B5,37,__import__.product_4901407,__import__.stock_production_lot_310519_4901407
__import__.stock_inventory_line_310519_5341020,__import__.location_loc_AN07C2,4,__import__.product_5341020,__import__.stock_production_lot_310519_5341020
__import__.stock_inventory_line_310519_3562402,__import__.location_loc_AM05B5,8,__import__.product_3562402,__import__.stock_production_lot_310519_3562402
__import__.stock_inventory_line_310519_3562410,__import__.location_loc_AL04B4,6,__import__.product_3562410,__import__.stock_production_lot_310519_3562410
__import__.stock_inventory_line_310519_4952070,__import__.location_loc_AC14B6,93,__import__.product_4952070,__import__.stock_production_lot_310519_4952070
__import__.stock_inventory_line_310519_4900402,__import__.location_loc_AA09B3,170,__import__.product_4900402,__import__.stock_production_lot_310519_4900402
__import__.stock_inventory_line_310519_2923571,__import__.location_loc_AI14B5,12,__import__.product_2923571,__import__.stock_production_lot_310519_2923571
__import__.stock_inventory_line_310519_2923688,__import__.location_loc_AG04B2,72,__import__.product_2923688,__import__.stock_production_lot_310519_2923688
__import__.stock_inventory_line_310519_5164530,__import__.location_loc_AK04B4,1,__import__.product_5164530,__import__.stock_production_lot_310519_5164530
__import__.stock_inventory_line_310520_5259801,__import__.location_loc_AL05A8,1,__import__.product_5259801,__import__.stock_production_lot_310520_5259801
__import__.stock_inventory_line_310520_8270268,__import__.location_loc_AE09A4,40,__import__.product_8270268,__import__.stock_production_lot_310520_8270268
__import__.stock_inventory_line_310718_5248792,__import__.location_loc_AL08D5,1,__import__.product_5248792,__import__.stock_production_lot_310718_5248792
__import__.stock_inventory_line_310718_5361784,__import__.location_loc_AK04B1,1,__import__.product_5361784,__import__.stock_production_lot_310718_5361784
__import__.stock_inventory_line_310718_5317740,__import__.location_loc_AM08A2,2,__import__.product_5317740,__import__.stock_production_lot_310718_5317740
__import__.stock_inventory_line_310718_5822439,__import__.location_loc_AF08A1,30,__import__.product_5822439,__import__.stock_production_lot_310718_5822439
__import__.stock_inventory_line_310718_5007740,__import__.location_loc_AB04B1,5,__import__.product_5007740,__import__.stock_production_lot_310718_5007740
__import__.stock_inventory_line_310718_5823122,__import__.location_loc_AG10C9,6,__import__.product_5823122,__import__.stock_production_lot_310718_5823122
__import__.stock_inventory_line_310718_1250882,__import__.location_loc_AK01C2,4,__import__.product_1250882,__import__.stock_production_lot_310718_1250882
__import__.stock_inventory_line_310718_1237104,__import__.location_loc_AM04C7,1,__import__.product_1237104,__import__.stock_production_lot_310718_1237104
__import__.stock_inventory_line_310718_4180405,__import__.location_loc_AM03B2,2,__import__.product_4180405,__import__.stock_production_lot_310718_4180405
__import__.stock_inventory_line_310718_4008036,__import__.location_loc_AE05A4,10,__import__.product_4008036,__import__.stock_production_lot_310718_4008036
__import__.stock_inventory_line_310718_2357689,__import__.location_loc_AH04A2,3,__import__.product_2357689,__import__.stock_production_lot_310718_2357689
__import__.stock_inventory_line_310718_3297728,__import__.location_loc_AN08D4,1,__import__.product_3297728,__import__.stock_production_lot_310718_3297728
__import__.stock_inventory_line_310718_5461316,__import__.location_loc_AL07D2,2,__import__.product_5461316,__import__.stock_production_lot_310718_5461316
__import__.stock_inventory_line_310718_5250118,__import__.location_loc_AK01B7,2,__import__.product_5250118,__import__.stock_production_lot_310718_5250118
__import__.stock_inventory_line_310718_3004132,__import__.location_loc_AI08A4,13,__import__.product_3004132,__import__.stock_production_lot_310718_3004132
__import__.stock_inventory_line_310718_5308816,__import__.location_loc_AL08B4,4,__import__.product_5308816,__import__.stock_production_lot_310718_5308816
__import__.stock_inventory_line_310718_5308818,__import__.location_loc_AN08B3,4,__import__.product_5308818,__import__.stock_production_lot_310718_5308818
__import__.stock_inventory_line_310718_2877967,__import__.location_loc_AK03B7,5,__import__.product_2877967,__import__.stock_production_lot_310718_2877967
__import__.stock_inventory_line_310718_2877918,__import__.location_loc_AK05C2,10,__import__.product_2877918,__import__.stock_production_lot_310718_2877918
__import__.stock_inventory_line_310718_5270202,__import__.location_loc_AI17A2,1,__import__.product_5270202,__import__.stock_production_lot_310718_5270202
__import__.stock_inventory_line_310718_5274204,__import__.location_loc_AK04A1,2,__import__.product_5274204,__import__.stock_production_lot_310718_5274204
__import__.stock_inventory_line_310718_5124590,__import__.location_loc_AL07C3,3,__import__.product_5124590,__import__.stock_production_lot_310718_5124590
__import__.stock_inventory_line_310718_2736809,__import__.location_loc_AF02C3,1,__import__.product_2736809,__import__.stock_production_lot_310718_2736809
__import__.stock_inventory_line_310718_8270117,__import__.location_loc_AI05B3,1,__import__.product_8270117,__import__.stock_production_lot_310718_8270117
__import__.stock_inventory_line_310718_5823133,__import__.location_loc_AK03C8,2,__import__.product_5823133,__import__.stock_production_lot_310718_5823133
__import__.stock_inventory_line_310718_1230063,__import__.location_loc_AL07C2,1,__import__.product_1230063,__import__.stock_production_lot_310718_1230063
__import__.stock_inventory_line_310718_3563012,__import__.location_loc_AF08B3,28,__import__.product_3563012,__import__.stock_production_lot_310718_3563012
__import__.stock_inventory_line_310718_3562998,__import__.location_loc_AO06B1,40,__import__.product_3562998,__import__.stock_production_lot_310718_3562998
__import__.stock_inventory_line_310718_2736080,__import__.location_loc_AL07D1,2,__import__.product_2736080,__import__.stock_production_lot_310718_2736080
__import__.stock_inventory_line_310718_5164546,__import__.location_loc_AH07B2,4,__import__.product_5164546,__import__.stock_production_lot_310718_5164546
__import__.stock_inventory_line_310718_4500304,__import__.location_loc_AG06A6,2,__import__.product_4500304,__import__.stock_production_lot_310718_4500304
__import__.stock_inventory_line_310718_5196028,__import__.location_loc_AG06C1,4,__import__.product_5196028,__import__.stock_production_lot_310718_5196028
__import__.stock_inventory_line_310718_3265626,__import__.location_loc_AF04C2,9,__import__.product_3265626,__import__.stock_production_lot_310718_3265626
__import__.stock_inventory_line_310718_5317989,__import__.location_loc_AI13A5,1,__import__.product_5317989,__import__.stock_production_lot_310718_5317989
__import__.stock_inventory_line_310718_5317639,__import__.location_loc_AI14B2,7,__import__.product_5317639,__import__.stock_production_lot_310718_5317639
__import__.stock_inventory_line_310718_3265683,__import__.location_loc_AE05B1,5,__import__.product_3265683,__import__.stock_production_lot_310718_3265683
__import__.stock_inventory_line_310718_5196032,__import__.location_loc_AF04C1,7,__import__.product_5196032,__import__.stock_production_lot_310718_5196032
__import__.stock_inventory_line_310718_3563061,__import__.location_loc_AO02B3,24,__import__.product_3563061,__import__.stock_production_lot_310718_3563061
__import__.stock_inventory_line_310718_5260005,__import__.location_loc_AG04B6,5,__import__.product_5260005,__import__.stock_production_lot_310718_5260005
__import__.stock_inventory_line_310718_1251010,__import__.location_loc_AK06A6,2,__import__.product_1251010,__import__.stock_production_lot_310718_1251010
__import__.stock_inventory_line_310718_3531900,__import__.location_loc_AH03B3,10,__import__.product_3531900,__import__.stock_production_lot_310718_3531900
__import__.stock_inventory_line_310718_3563160,__import__.location_loc_AD01B1,27,__import__.product_3563160,__import__.stock_production_lot_310718_3563160
__import__.stock_inventory_line_310718_5270216,__import__.location_loc_AN03A7,5,__import__.product_5270216,__import__.stock_production_lot_310718_5270216
__import__.stock_inventory_line_310718_5361791,__import__.location_loc_AI13B0,3,__import__.product_5361791,__import__.stock_production_lot_310718_5361791
__import__.stock_inventory_line_310718_5005100,__import__.location_loc_AL06A1,2,__import__.product_5005100,__import__.stock_production_lot_310718_5005100
__import__.stock_inventory_line_310718_5196023,__import__.location_loc_AG07B2,10,__import__.product_5196023,__import__.stock_production_lot_310718_5196023
__import__.stock_inventory_line_310718_5164550,__import__.location_loc_AG08C7,2,__import__.product_5164550,__import__.stock_production_lot_310718_5164550
__import__.stock_inventory_line_310718_5171549,__import__.location_loc_AM07B2,4,__import__.product_5171549,__import__.stock_production_lot_310718_5171549
__import__.stock_inventory_line_310718_2357812,__import__.location_loc_AM04A2,4,__import__.product_2357812,__import__.stock_production_lot_310718_2357812
__import__.stock_inventory_line_310718_3265741,__import__.location_loc_AG08A2,7,__import__.product_3265741,__import__.stock_production_lot_310718_3265741
__import__.stock_inventory_line_310718_3265238,__import__.location_loc_AG10C1,16,__import__.product_3265238,__import__.stock_production_lot_310718_3265238
__import__.stock_inventory_line_310718_5161510,__import__.location_loc_AN05C2,2,__import__.product_5161510,__import__.stock_production_lot_310718_5161510
__import__.stock_inventory_line_310718_5361790,__import__.location_loc_AM07D4,1,__import__.product_5361790,__import__.stock_production_lot_310718_5361790
__import__.stock_inventory_line_310718_3563079,__import__.location_loc_AF09B1,17,__import__.product_3563079,__import__.stock_production_lot_310718_3563079
__import__.stock_inventory_line_310718_5810743,__import__.location_loc_AD20B1,1,__import__.product_5810743,__import__.stock_production_lot_310718_5810743
__import__.stock_inventory_line_310718_5365234,__import__.location_loc_AN05B4,1,__import__.product_5365234,__import__.stock_production_lot_310718_5365234
__import__.stock_inventory_line_310718_5317599,__import__.location_loc_AH02B8,8,__import__.product_5317599,__import__.stock_production_lot_310718_5317599
__import__.stock_inventory_line_310718_4180400,__import__.location_loc_AD20B2,1,__import__.product_4180400,__import__.stock_production_lot_310718_4180400
__import__.stock_inventory_line_310718_3265261,__import__.location_loc_AD08B1,19,__import__.product_3265261,__import__.stock_production_lot_310718_3265261
__import__.stock_inventory_line_310718_3563087,__import__.location_loc_AO05B2,20,__import__.product_3563087,__import__.stock_production_lot_310718_3563087
__import__.stock_inventory_line_310718_3562931,__import__.location_loc_AD01A3,4,__import__.product_3562931,__import__.stock_production_lot_310718_3562931
__import__.stock_inventory_line_310718_3265733,__import__.location_loc_AF06B5,10,__import__.product_3265733,__import__.stock_production_lot_310718_3265733
__import__.stock_inventory_line_310718_3562915,__import__.location_loc_AD01B3,12,__import__.product_3562915,__import__.stock_production_lot_310718_3562915
__import__.stock_inventory_line_310718_3563095,__import__.location_loc_AE12B2,46,__import__.product_3563095,__import__.stock_production_lot_310718_3563095
__import__.stock_inventory_line_310718_1180072,__import__.location_loc_AH04A3,1,__import__.product_1180072,__import__.stock_production_lot_310718_1180072
__import__.stock_inventory_line_310718_4260014,__import__.location_loc_AD07A1,38,__import__.product_4260014,__import__.stock_production_lot_310718_4260014
__import__.stock_inventory_line_310718_5164519,__import__.location_loc_AF02C4,17,__import__.product_5164519,__import__.stock_production_lot_310718_5164519
__import__.stock_inventory_line_310718_5461294,__import__.location_loc_AK06A2,1,__import__.product_5461294,__import__.stock_production_lot_310718_5461294
__import__.stock_inventory_line_310718_5461293,__import__.location_loc_AF09A3,2,__import__.product_5461293,__import__.stock_production_lot_310718_5461293
__import__.stock_inventory_line_310718_4250014,__import__.location_loc_AB07A3,41,__import__.product_4250014,__import__.stock_production_lot_310718_4250014
__import__.stock_inventory_line_310718_3562972,__import__.location_loc_AD03B4,11,__import__.product_3562972,__import__.stock_production_lot_310718_3562972
__import__.stock_inventory_line_310718_5260027,__import__.location_loc_AH03B1,20,__import__.product_5260027,__import__.stock_production_lot_310718_5260027
__import__.stock_inventory_line_310718_5274494,__import__.location_loc_AL07B4,3,__import__.product_5274494,__import__.stock_production_lot_310718_5274494
__import__.stock_inventory_line_310718_1234415,__import__.location_loc_AH09A1,12,__import__.product_1234415,__import__.stock_production_lot_310718_1234415
__import__.stock_inventory_line_310718_1190340,__import__.location_loc_AD11B2,1,__import__.product_1190340,__import__.stock_production_lot_310718_1190340
__import__.stock_inventory_line_310718_3563038,__import__.location_loc_AL06B3,18,__import__.product_3563038,__import__.stock_production_lot_310718_3563038
__import__.stock_inventory_line_310718_1180086,__import__.location_loc_AM06A5,5,__import__.product_1180086,__import__.stock_production_lot_310718_1180086
__import__.stock_inventory_line_310718_4220014,__import__.location_loc_AA04A3,8,__import__.product_4220014,__import__.stock_production_lot_310718_4220014
__import__.stock_inventory_line_310718_4500245,__import__.location_loc_AB06A4,24,__import__.product_4500245,__import__.stock_production_lot_310718_4500245
__import__.stock_inventory_line_310718_4500345,__import__.location_loc_AD03A1,2,__import__.product_4500345,__import__.stock_production_lot_310718_4500345
__import__.stock_inventory_line_310718_1237515,__import__.location_loc_AI08A3,26,__import__.product_1237515,__import__.stock_production_lot_310718_1237515
__import__.stock_inventory_line_310718_5611296,__import__.location_loc_AM04A4,1,__import__.product_5611296,__import__.stock_production_lot_310718_5611296
__import__.stock_inventory_line_310718_4500402,__import__.location_loc_AF05B8,2,__import__.product_4500402,__import__.stock_production_lot_310718_4500402
__import__.stock_inventory_line_310718_0159880,__import__.location_loc_AI07A2,6,__import__.product_0159880,__import__.stock_production_lot_310718_0159880
__import__.stock_inventory_line_310718_5164505,__import__.location_loc_AH09A3,19,__import__.product_5164505,__import__.stock_production_lot_310718_5164505
__import__.stock_inventory_line_310718_5461168,__import__.location_loc_AN04A1,1,__import__.product_5461168,__import__.stock_production_lot_310718_5461168
__import__.stock_inventory_line_310718_4210014,__import__.location_loc_AG03A3,3,__import__.product_4210014,__import__.stock_production_lot_310718_4210014
__import__.stock_inventory_line_310718_1234014,__import__.location_loc_AH08A1,28,__import__.product_1234014,__import__.stock_production_lot_310718_1234014
__import__.stock_inventory_line_310718_0159860,__import__.location_loc_AL08A2,2,__import__.product_0159860,__import__.stock_production_lot_310718_0159860
__import__.stock_inventory_line_310718_1180062,__import__.location_loc_AF10A5,5,__import__.product_1180062,__import__.stock_production_lot_310718_1180062
__import__.stock_inventory_line_310718_3562956,__import__.location_loc_AM03A3,7,__import__.product_3562956,__import__.stock_production_lot_310718_3562956
__import__.stock_inventory_line_310718_3265816,__import__.location_loc_AF06A1,3,__import__.product_3265816,__import__.stock_production_lot_310718_3265816
__import__.stock_inventory_line_310718_5196012,__import__.location_loc_AF06C4,29,__import__.product_5196012,__import__.stock_production_lot_310718_5196012
__import__.stock_inventory_line_310718_5196040,__import__.location_loc_AF02C5,3,__import__.product_5196040,__import__.stock_production_lot_310718_5196040
__import__.stock_inventory_line_310718_5317679,__import__.location_loc_AK06A7,4,__import__.product_5317679,__import__.stock_production_lot_310718_5317679
__import__.stock_inventory_line_310718_4270133,__import__.location_loc_AE03A1,1,__import__.product_4270133,__import__.stock_production_lot_310718_4270133
__import__.stock_inventory_line_310718_1232215,__import__.location_loc_AC08A1,48,__import__.product_1232215,__import__.stock_production_lot_310718_1232215
__import__.stock_inventory_line_310718_1239335,__import__.location_loc_AM04B1,2,__import__.product_1239335,__import__.stock_production_lot_310718_1239335
__import__.stock_inventory_line_310718_5164537,__import__.location_loc_AI12B1,8,__import__.product_5164537,__import__.stock_production_lot_310718_5164537
__import__.stock_inventory_line_310718_1238076,__import__.location_loc_AF06A6,3,__import__.product_1238076,__import__.stock_production_lot_310718_1238076
__import__.stock_inventory_line_310718_5274203,__import__.location_loc_AN05C1,1,__import__.product_5274203,__import__.stock_production_lot_310718_5274203
__import__.stock_inventory_line_310718_1232415,__import__.location_loc_AN01A3,48,__import__.product_1232415,__import__.stock_production_lot_310718_1232415
__import__.stock_inventory_line_310718_1239362,__import__.location_loc_AH05A1,10,__import__.product_1239362,__import__.stock_production_lot_310718_1239362
__import__.stock_inventory_line_310718_4140102,__import__.location_loc_AI10A1,18,__import__.product_4140102,__import__.stock_production_lot_310718_4140102
__import__.stock_inventory_line_310718_4500265,__import__.location_loc_AA01A2,70,__import__.product_4500265,__import__.stock_production_lot_310718_4500265
__import__.stock_inventory_line_310718_5461301,__import__.location_loc_AM06A2,2,__import__.product_5461301,__import__.stock_production_lot_310718_5461301
__import__.stock_inventory_line_310718_1232014,__import__.location_loc_AE08A1,9,__import__.product_1232014,__import__.stock_production_lot_310718_1232014
__import__.stock_inventory_line_310718_1448638,__import__.location_loc_AK03C0,12,__import__.product_1448638,__import__.stock_production_lot_310718_1448638
__import__.stock_inventory_line_310718_3265808,__import__.location_loc_AG09B3,13,__import__.product_3265808,__import__.stock_production_lot_310718_3265808
__import__.stock_inventory_line_310718_5274526,__import__.location_loc_AM04C1,4,__import__.product_5274526,__import__.stock_production_lot_310718_5274526
__import__.stock_inventory_line_310718_5171004,__import__.location_loc_AM06B4,1,__import__.product_5171004,__import__.stock_production_lot_310718_5171004
__import__.stock_inventory_line_310718_2878023,__import__.location_loc_AM06B8,6,__import__.product_2878023,__import__.stock_production_lot_310718_2878023
__import__.stock_inventory_line_310718_5164500,__import__.location_loc_AO01A3,8,__import__.product_5164500,__import__.stock_production_lot_310718_5164500
__import__.stock_inventory_line_310719_2923639,__import__.location_loc_AH04B8,42,__import__.product_2923639,__import__.stock_production_lot_310719_2923639
__import__.stock_inventory_line_310719_2923605,__import__.location_loc_AC01A3,243,__import__.product_2923605,__import__.stock_production_lot_310719_2923605
__import__.stock_inventory_line_310719_4910045,__import__.location_loc_AC05A3,55,__import__.product_4910045,__import__.stock_production_lot_310719_4910045
__import__.stock_inventory_line_310719_4980040,__import__.location_loc_AD13A4,100,__import__.product_4980040,__import__.stock_production_lot_310719_4980040
__import__.stock_inventory_line_310719_4922543,__import__.location_loc_AE12A2,72,__import__.product_4922543,__import__.stock_production_lot_310719_4922543
__import__.stock_inventory_line_310719_7865046,__import__.location_loc_AE04A1,31,__import__.product_7865046,__import__.stock_production_lot_310719_7865046
__import__.stock_inventory_line_310719_4930043,__import__.location_loc_AC09A2,106,__import__.product_4930043,__import__.stock_production_lot_310719_4930043
__import__.stock_inventory_line_310719_4910041,__import__.location_loc_AC13A2,58,__import__.product_4910041,__import__.stock_production_lot_310719_4910041
__import__.stock_inventory_line_310719_1259806,__import__.location_loc_AF05B4,15,__import__.product_1259806,__import__.stock_production_lot_310719_1259806
__import__.stock_inventory_line_310719_6829455,__import__.location_loc_AG03B4,15,__import__.product_6829455,__import__.stock_production_lot_310719_6829455
__import__.stock_inventory_line_310719_4210130,__import__.location_loc_AB11B2,290,__import__.product_4210130,__import__.stock_production_lot_310719_4210130
__import__.stock_inventory_line_310719_5361901,__import__.location_loc_AM06A8,1,__import__.product_5361901,__import__.stock_production_lot_310719_5361901
__import__.stock_inventory_line_310719_2923704,__import__.location_loc_AH04B1,48,__import__.product_2923704,__import__.stock_production_lot_310719_2923704
__import__.stock_inventory_line_310719_4970037,__import__.location_loc_AE06B6,27,__import__.product_4970037,__import__.stock_production_lot_310719_4970037
__import__.stock_inventory_line_310719_5825656,__import__.location_loc_AC12A2,154,__import__.product_5825656,__import__.stock_production_lot_310719_5825656
__import__.stock_inventory_line_310719_5171995,__import__.location_loc_AN07A2,1,__import__.product_5171995,__import__.stock_production_lot_310719_5171995
__import__.stock_inventory_line_310719_5066943,__import__.location_loc_AM08C1,1,__import__.product_5066943,__import__.stock_production_lot_310719_5066943
__import__.stock_inventory_line_310719_6824628,__import__.location_loc_AD02B4,12,__import__.product_6824628,__import__.stock_production_lot_310719_6824628
__import__.stock_inventory_line_310719_6834281,__import__.location_loc_AE07B8,30,__import__.product_6834281,__import__.stock_production_lot_310719_6834281
__import__.stock_inventory_line_310719_4910100,__import__.location_loc_AF09B4,84,__import__.product_4910100,__import__.stock_production_lot_310719_4910100
__import__.stock_inventory_line_310719_4910046,__import__.location_loc_AH02B4,43,__import__.product_4910046,__import__.stock_production_lot_310719_4910046
__import__.stock_inventory_line_310719_4930040,__import__.location_loc_AF03B3,40,__import__.product_4930040,__import__.stock_production_lot_310719_4930040
__import__.stock_inventory_line_310719_2357531,__import__.location_loc_AD16B3,216,__import__.product_2357531,__import__.stock_production_lot_310719_2357531
__import__.stock_inventory_line_310719_2923720,__import__.location_loc_AF07B2,100,__import__.product_2923720,__import__.stock_production_lot_310719_2923720
__import__.stock_inventory_line_310719_6827568,__import__.location_loc_AE14A1,33,__import__.product_6827568,__import__.stock_production_lot_310719_6827568
__import__.stock_inventory_line_310719_2923589,__import__.location_loc_AG03B6,106,__import__.product_2923589,__import__.stock_production_lot_310719_2923589
__import__.stock_inventory_line_310721_5141791,__import__.location_loc_GF13D6,2,__import__.product_5141791,__import__.stock_production_lot_310721_5141791
__import__.stock_inventory_line_310721_5141792,__import__.location_loc_EXG100,2,__import__.product_5141792,__import__.stock_production_lot_310721_5141792
__import__.stock_inventory_line_3107317_4896861,__import__.location_loc_GF21A3,3,__import__.product_4896861,__import__.stock_production_lot_3107317_4896861
__import__.stock_inventory_line_310818_5341050,__import__.location_loc_AM08C3,3,__import__.product_5341050,__import__.stock_production_lot_310818_5341050
__import__.stock_inventory_line_310818_5361891,__import__.location_loc_AN03B8,3,__import__.product_5361891,__import__.stock_production_lot_310818_5361891
__import__.stock_inventory_line_310818_5236005,__import__.location_loc_AF08B2,-1,__import__.product_5236005,__import__.stock_production_lot_310818_5236005
__import__.stock_inventory_line_310818_4290212,__import__.location_loc_AG07A3,26,__import__.product_4290212,__import__.stock_production_lot_310818_4290212
__import__.stock_inventory_line_310818_0159830,__import__.location_loc_AI12A5,-1,__import__.product_0159830,__import__.stock_production_lot_310818_0159830
__import__.stock_inventory_line_310818_5260003,__import__.location_loc_AF10B2,20,__import__.product_5260003,__import__.stock_production_lot_310818_5260003
__import__.stock_inventory_line_310818_2018187,__import__.location_loc_AI17B5,3,__import__.product_2018187,__import__.stock_production_lot_310818_2018187
__import__.stock_inventory_line_310818_5272547,__import__.location_loc_AM04A7,1,__import__.product_5272547,__import__.stock_production_lot_310818_5272547
__import__.stock_inventory_line_310818_2877751,__import__.location_loc_AH07A2,1,__import__.product_2877751,__import__.stock_production_lot_310818_2877751
__import__.stock_inventory_line_310818_4170007,__import__.location_loc_AF03B2,1,__import__.product_4170007,__import__.stock_production_lot_310818_4170007
__import__.stock_inventory_line_310818_1250884,__import__.location_loc_AF04A3,3,__import__.product_1250884,__import__.stock_production_lot_310818_1250884
__import__.stock_inventory_line_310818_1237504,__import__.location_loc_AF02A1,2,__import__.product_1237504,__import__.stock_production_lot_310818_1237504
__import__.stock_inventory_line_310818_4006021,__import__.location_loc_AF04C3,38,__import__.product_4006021,__import__.stock_production_lot_310818_4006021
__import__.stock_inventory_line_310818_2357689,__import__.location_loc_AH04A2,1,__import__.product_2357689,__import__.stock_production_lot_310818_2357689
__import__.stock_inventory_line_310818_5294786,__import__.location_loc_AG06A5,3,__import__.product_5294786,__import__.stock_production_lot_310818_5294786
__import__.stock_inventory_line_310818_5294638,__import__.location_loc_AG10A2,2,__import__.product_5294638,__import__.stock_production_lot_310818_5294638
__import__.stock_inventory_line_310818_3577061,__import__.location_loc_AO03A1,10,__import__.product_3577061,__import__.stock_production_lot_310818_3577061
__import__.stock_inventory_line_310818_4212008,__import__.location_loc_AD03A2,1,__import__.product_4212008,__import__.stock_production_lot_310818_4212008
__import__.stock_inventory_line_310818_4217007,__import__.location_loc_AH06B8,2,__import__.product_4217007,__import__.stock_production_lot_310818_4217007
__import__.stock_inventory_line_310818_8115400,__import__.location_loc_AI15B4,21,__import__.product_8115400,__import__.stock_production_lot_310818_8115400
__import__.stock_inventory_line_310818_8114900,__import__.location_loc_AI14B6,13,__import__.product_8114900,__import__.stock_production_lot_310818_8114900
__import__.stock_inventory_line_310818_5190401,__import__.location_loc_AI17C3,4,__import__.product_5190401,__import__.stock_production_lot_310818_5190401
__import__.stock_inventory_line_310818_1205184,__import__.location_loc_AK01B5,4,__import__.product_1205184,__import__.stock_production_lot_310818_1205184
__import__.stock_inventory_line_310818_4213002,__import__.location_loc_AI10B5,3,__import__.product_4213002,__import__.stock_production_lot_310818_4213002
__import__.stock_inventory_line_310818_2374445,__import__.location_loc_AH03A2,3,__import__.product_2374445,__import__.stock_production_lot_310818_2374445
__import__.stock_inventory_line_310818_5315112,__import__.location_loc_AM03A1,1,__import__.product_5315112,__import__.stock_production_lot_310818_5315112
__import__.stock_inventory_line_310818_5270246,__import__.location_loc_AI05A3,4,__import__.product_5270246,__import__.stock_production_lot_310818_5270246
__import__.stock_inventory_line_310818_5260023,__import__.location_loc_AG09B4,1,__import__.product_5260023,__import__.stock_production_lot_310818_5260023
__import__.stock_inventory_line_310818_5317739,__import__.location_loc_AA12A1,54,__import__.product_5317739,__import__.stock_production_lot_310818_5317739
__import__.stock_inventory_line_310818_5278096,__import__.location_loc_AN03A8,2,__import__.product_5278096,__import__.stock_production_lot_310818_5278096
__import__.stock_inventory_line_310818_5196068,__import__.location_loc_AF06C1,19,__import__.product_5196068,__import__.stock_production_lot_310818_5196068
__import__.stock_inventory_line_310818_3265428,__import__.location_loc_AF10B4,14,__import__.product_3265428,__import__.stock_production_lot_310818_3265428
__import__.stock_inventory_line_310818_2877991,__import__.location_loc_AF06A2,1,__import__.product_2877991,__import__.stock_production_lot_310818_2877991
__import__.stock_inventory_line_310818_5270217,__import__.location_loc_AI14A5,1,__import__.product_5270217,__import__.stock_production_lot_310818_5270217
__import__.stock_inventory_line_310818_3265477,__import__.location_loc_AE14B1,44,__import__.product_3265477,__import__.stock_production_lot_310818_3265477
__import__.stock_inventory_line_310818_5196008,__import__.location_loc_AH01B1,20,__import__.product_5196008,__import__.stock_production_lot_310818_5196008
__import__.stock_inventory_line_310818_5260024,__import__.location_loc_AD01B2,24,__import__.product_5260024,__import__.stock_production_lot_310818_5260024
__import__.stock_inventory_line_310818_2877983,__import__.location_loc_AI07B1,6,__import__.product_2877983,__import__.stock_production_lot_310818_2877983
__import__.stock_inventory_line_310818_3265634,__import__.location_loc_AF06A3,2,__import__.product_3265634,__import__.stock_production_lot_310818_3265634
__import__.stock_inventory_line_310818_5161400,__import__.location_loc_AL05A7,5,__import__.product_5161400,__import__.stock_production_lot_310818_5161400
__import__.stock_inventory_line_310818_5164515,__import__.location_loc_AD15B2,22,__import__.product_5164515,__import__.stock_production_lot_310818_5164515
__import__.stock_inventory_line_310818_5823231,__import__.location_loc_AI15C3,31,__import__.product_5823231,__import__.stock_production_lot_310818_5823231
__import__.stock_inventory_line_310818_5164541,__import__.location_loc_AB13B2,-1,__import__.product_5164541,__import__.stock_production_lot_310818_5164541
__import__.stock_inventory_line_310818_5161500,__import__.location_loc_AN03A2,3,__import__.product_5161500,__import__.stock_production_lot_310818_5161500
__import__.stock_inventory_line_310818_5317719,__import__.location_loc_AF10B5,17,__import__.product_5317719,__import__.stock_production_lot_310818_5317719
__import__.stock_inventory_line_310818_5361775,__import__.location_loc_AH01B3,6,__import__.product_5361775,__import__.stock_production_lot_310818_5361775
__import__.stock_inventory_line_310818_4180405,__import__.location_loc_AM03B2,9,__import__.product_4180405,__import__.stock_production_lot_310818_4180405
__import__.stock_inventory_line_310818_1190302,__import__.location_loc_AF02B7,1,__import__.product_1190302,__import__.stock_production_lot_310818_1190302
__import__.stock_inventory_line_310818_3265345,__import__.location_loc_AG04A4,14,__import__.product_3265345,__import__.stock_production_lot_310818_3265345
__import__.stock_inventory_line_310818_3265279,__import__.location_loc_AG06B9,15,__import__.product_3265279,__import__.stock_production_lot_310818_3265279
__import__.stock_inventory_line_310818_3563186,__import__.location_loc_AO04B1,25,__import__.product_3563186,__import__.stock_production_lot_310818_3563186
__import__.stock_inventory_line_310818_3265774,__import__.location_loc_AH05A2,11,__import__.product_3265774,__import__.stock_production_lot_310818_3265774
__import__.stock_inventory_line_310818_5196016,__import__.location_loc_AG09B1,19,__import__.product_5196016,__import__.stock_production_lot_310818_5196016
__import__.stock_inventory_line_310818_5196000,__import__.location_loc_AF04C4,7,__import__.product_5196000,__import__.stock_production_lot_310818_5196000
__import__.stock_inventory_line_310818_5164519,__import__.location_loc_AF02C4,8,__import__.product_5164519,__import__.stock_production_lot_310818_5164519
__import__.stock_inventory_line_310818_3562964,__import__.location_loc_AE03A4,30,__import__.product_3562964,__import__.stock_production_lot_310818_3562964
__import__.stock_inventory_line_310818_5260029,__import__.location_loc_AI13A4,6,__import__.product_5260029,__import__.stock_production_lot_310818_5260029
__import__.stock_inventory_line_310818_3265329,__import__.location_loc_AD02B1,3,__import__.product_3265329,__import__.stock_production_lot_310818_3265329
__import__.stock_inventory_line_310818_5317769,__import__.location_loc_AG01A3,27,__import__.product_5317769,__import__.stock_production_lot_310818_5317769
__import__.stock_inventory_line_310818_3532200,__import__.location_loc_AK03B9,6,__import__.product_3532200,__import__.stock_production_lot_310818_3532200
__import__.stock_inventory_line_310818_5274494,__import__.location_loc_AL07B4,3,__import__.product_5274494,__import__.stock_production_lot_310818_5274494
__import__.stock_inventory_line_310818_3562840,__import__.location_loc_AD15A3,23,__import__.product_3562840,__import__.stock_production_lot_310818_3562840
__import__.stock_inventory_line_310818_3562949,__import__.location_loc_AD07B1,13,__import__.product_3562949,__import__.stock_production_lot_310818_3562949
__import__.stock_inventory_line_310818_3563020,__import__.location_loc_AB14B1,1,__import__.product_3563020,__import__.stock_production_lot_310818_3563020
__import__.stock_inventory_line_310818_3265691,__import__.location_loc_AG09A5,6,__import__.product_3265691,__import__.stock_production_lot_310818_3265691
__import__.stock_inventory_line_310818_3265394,__import__.location_loc_AD16B1,28,__import__.product_3265394,__import__.stock_production_lot_310818_3265394
__import__.stock_inventory_line_310818_5624900,__import__.location_loc_AL06A3,2,__import__.product_5624900,__import__.stock_production_lot_310818_5624900
__import__.stock_inventory_line_310818_5164549,__import__.location_loc_AH04A6,8,__import__.product_5164549,__import__.stock_production_lot_310818_5164549
__import__.stock_inventory_line_310818_5164508,__import__.location_loc_AI05B4,12,__import__.product_5164508,__import__.stock_production_lot_310818_5164508
__import__.stock_inventory_line_310818_5164509,__import__.location_loc_AC13B3,36,__import__.product_5164509,__import__.stock_production_lot_310818_5164509
__import__.stock_inventory_line_310818_4500205,__import__.location_loc_AC12A4,22,__import__.product_4500205,__import__.stock_production_lot_310818_4500205
__import__.stock_inventory_line_310818_3265568,__import__.location_loc_AC01B1,30,__import__.product_3265568,__import__.stock_production_lot_310818_3265568
__import__.stock_inventory_line_310818_3265766,__import__.location_loc_AD05B1,55,__import__.product_3265766,__import__.stock_production_lot_310818_3265766
__import__.stock_inventory_line_310818_3265816,__import__.location_loc_AF06A1,7,__import__.product_3265816,__import__.stock_production_lot_310818_3265816
__import__.stock_inventory_line_310818_5196036,__import__.location_loc_AG05B3,6,__import__.product_5196036,__import__.stock_production_lot_310818_5196036
__import__.stock_inventory_line_310818_5196057,__import__.location_loc_AF05B6,23,__import__.product_5196057,__import__.stock_production_lot_310818_5196057
__import__.stock_inventory_line_310818_4250112,__import__.location_loc_AA10A2,29,__import__.product_4250112,__import__.stock_production_lot_310818_4250112
__import__.stock_inventory_line_310818_4212009,__import__.location_loc_AD05A1,186,__import__.product_4212009,__import__.stock_production_lot_310818_4212009
__import__.stock_inventory_line_310818_4220014,__import__.location_loc_AA04A3,126,__import__.product_4220014,__import__.stock_production_lot_310818_4220014
__import__.stock_inventory_line_310818_4230103,__import__.location_loc_AB11A1,21,__import__.product_4230103,__import__.stock_production_lot_310818_4230103
__import__.stock_inventory_line_310818_4290213,__import__.location_loc_AC05A2,74,__import__.product_4290213,__import__.stock_production_lot_310818_4290213
__import__.stock_inventory_line_310818_4214014,__import__.location_loc_AH03A3,62,__import__.product_4214014,__import__.stock_production_lot_310818_4214014
__import__.stock_inventory_line_310818_2687929,__import__.location_loc_AD18B3,35,__import__.product_2687929,__import__.stock_production_lot_310818_2687929
__import__.stock_inventory_line_310818_1234215,__import__.location_loc_AA07A1,67,__import__.product_1234215,__import__.stock_production_lot_310818_1234215
__import__.stock_inventory_line_310818_2377728,__import__.location_loc_AM06B3,3,__import__.product_2377728,__import__.stock_production_lot_310818_2377728
__import__.stock_inventory_line_310818_5810743,__import__.location_loc_AD20B1,49,__import__.product_5810743,__import__.stock_production_lot_310818_5810743
__import__.stock_inventory_line_310818_5196052,__import__.location_loc_AF04C7,24,__import__.product_5196052,__import__.stock_production_lot_310818_5196052
__import__.stock_inventory_line_310818_3563160,__import__.location_loc_AD01B1,3,__import__.product_3563160,__import__.stock_production_lot_310818_3563160
__import__.stock_inventory_line_310818_8095595,__import__.location_loc_GBL302,3,__import__.product_8095595,__import__.stock_production_lot_310818_8095595
__import__.stock_inventory_line_310818_5005100,__import__.location_loc_AL06A1,2,__import__.product_5005100,__import__.stock_production_lot_310818_5005100
__import__.stock_inventory_line_310818_5164518,__import__.location_loc_AF02B2,6,__import__.product_5164518,__import__.stock_production_lot_310818_5164518
__import__.stock_inventory_line_310818_4900450,__import__.location_loc_AC02A2,24,__import__.product_4900450,__import__.stock_production_lot_310818_4900450
__import__.stock_inventory_line_310818_4250014,__import__.location_loc_AB07A3,5,__import__.product_4250014,__import__.stock_production_lot_310818_4250014
__import__.stock_inventory_line_310818_4500445,__import__.location_loc_AC06A1,53,__import__.product_4500445,__import__.stock_production_lot_310818_4500445
__import__.stock_inventory_line_310818_4230133,__import__.location_loc_AG03A1,62,__import__.product_4230133,__import__.stock_production_lot_310818_4230133
__import__.stock_inventory_line_310818_4180400,__import__.location_loc_AD20B2,15,__import__.product_4180400,__import__.stock_production_lot_310818_4180400
__import__.stock_inventory_line_310818_1160452,__import__.location_loc_AH07A1,12,__import__.product_1160452,__import__.stock_production_lot_310818_1160452
__import__.stock_inventory_line_310818_1232512,__import__.location_loc_AG08A5,4,__import__.product_1232512,__import__.stock_production_lot_310818_1232512
__import__.stock_inventory_line_310818_1180072,__import__.location_loc_AH04A3,14,__import__.product_1180072,__import__.stock_production_lot_310818_1180072
__import__.stock_inventory_line_310818_5164510,__import__.location_loc_AD02A2,26,__import__.product_5164510,__import__.stock_production_lot_310818_5164510
__import__.stock_inventory_line_310818_5317839,__import__.location_loc_AG07B3,21,__import__.product_5317839,__import__.stock_production_lot_310818_5317839
__import__.stock_inventory_line_310818_5274659,__import__.location_loc_AK04C0,14,__import__.product_5274659,__import__.stock_production_lot_310818_5274659
__import__.stock_inventory_line_310818_5161410,__import__.location_loc_AN03C3,2,__import__.product_5161410,__import__.stock_production_lot_310818_5161410
__import__.stock_inventory_line_310818_4280103,__import__.location_loc_AC03A1,86,__import__.product_4280103,__import__.stock_production_lot_310818_4280103
__import__.stock_inventory_line_310818_4220114,__import__.location_loc_AB11A3,36,__import__.product_4220114,__import__.stock_production_lot_310818_4220114
__import__.stock_inventory_line_310818_4007225,__import__.location_loc_AD18A3,8,__import__.product_4007225,__import__.stock_production_lot_310818_4007225
__import__.stock_inventory_line_310818_5164513,__import__.location_loc_AH06B4,11,__import__.product_5164513,__import__.stock_production_lot_310818_5164513
__import__.stock_inventory_line_310818_1180062,__import__.location_loc_AF10A5,20,__import__.product_1180062,__import__.stock_production_lot_310818_1180062
__import__.stock_inventory_line_310818_1237115,__import__.location_loc_AH05A3,10,__import__.product_1237115,__import__.stock_production_lot_310818_1237115
__import__.stock_inventory_line_310818_1239092,__import__.location_loc_AH02A1,6,__import__.product_1239092,__import__.stock_production_lot_310818_1239092
__import__.stock_inventory_line_310818_1190340,__import__.location_loc_AD11B2,14,__import__.product_1190340,__import__.stock_production_lot_310818_1190340
__import__.stock_inventory_line_310818_3562915,__import__.location_loc_AD01B3,27,__import__.product_3562915,__import__.stock_production_lot_310818_3562915
__import__.stock_inventory_line_310818_3563046,__import__.location_loc_AD13B1,46,__import__.product_3563046,__import__.stock_production_lot_310818_3563046
__import__.stock_inventory_line_310818_4210103,__import__.location_loc_AB12A3,5,__import__.product_4210103,__import__.stock_production_lot_310818_4210103
__import__.stock_inventory_line_310818_4270014,__import__.location_loc_AB16A3,104,__import__.product_4270014,__import__.stock_production_lot_310818_4270014
__import__.stock_inventory_line_310818_5196044,__import__.location_loc_AG05B6,18,__import__.product_5196044,__import__.stock_production_lot_310818_5196044
__import__.stock_inventory_line_310818_5196004,__import__.location_loc_AF06C7,10,__import__.product_5196004,__import__.stock_production_lot_310818_5196004
__import__.stock_inventory_line_310818_5164512,__import__.location_loc_AI17C7,2,__import__.product_5164512,__import__.stock_production_lot_310818_5164512
__import__.stock_inventory_line_310818_1234415,__import__.location_loc_AH09A1,42,__import__.product_1234415,__import__.stock_production_lot_310818_1234415
__import__.stock_inventory_line_310818_1234472,__import__.location_loc_AG07A1,37,__import__.product_1234472,__import__.stock_production_lot_310818_1234472
__import__.stock_inventory_line_310818_1239082,__import__.location_loc_AH06A1,7,__import__.product_1239082,__import__.stock_production_lot_310818_1239082
__import__.stock_inventory_line_310818_5611296,__import__.location_loc_AM04A4,4,__import__.product_5611296,__import__.stock_production_lot_310818_5611296
__import__.stock_inventory_line_310818_5461294,__import__.location_loc_AK06A2,2,__import__.product_5461294,__import__.stock_production_lot_310818_5461294
__import__.stock_inventory_line_310818_3265659,__import__.location_loc_AG08B3,1,__import__.product_3265659,__import__.stock_production_lot_310818_3265659
__import__.stock_inventory_line_310818_4500245,__import__.location_loc_AB06A4,63,__import__.product_4500245,__import__.stock_production_lot_310818_4500245
__import__.stock_inventory_line_310818_4213014,__import__.location_loc_AD02A1,21,__import__.product_4213014,__import__.stock_production_lot_310818_4213014
__import__.stock_inventory_line_310818_5161900,__import__.location_loc_AL03A5,2,__import__.product_5161900,__import__.stock_production_lot_310818_5161900
__import__.stock_inventory_line_310818_5164539,__import__.location_loc_AI13C5,8,__import__.product_5164539,__import__.stock_production_lot_310818_5164539
__import__.stock_inventory_line_310818_5164550,__import__.location_loc_AG08C7,7,__import__.product_5164550,__import__.stock_production_lot_310818_5164550
__import__.stock_inventory_line_310818_5164536,__import__.location_loc_AH02A7,7,__import__.product_5164536,__import__.stock_production_lot_310818_5164536
__import__.stock_inventory_line_310818_5051630,__import__.location_loc_AM04B7,4,__import__.product_5051630,__import__.stock_production_lot_310818_5051630
__import__.stock_inventory_line_310818_5274441,__import__.location_loc_AK01B4,23,__import__.product_5274441,__import__.stock_production_lot_310818_5274441
__import__.stock_inventory_line_310818_3265535,__import__.location_loc_AF06B2,7,__import__.product_3265535,__import__.stock_production_lot_310818_3265535
__import__.stock_inventory_line_310818_5196063,__import__.location_loc_AF02C2,17,__import__.product_5196063,__import__.stock_production_lot_310818_5196063
__import__.stock_inventory_line_310818_5196028,__import__.location_loc_AG06C1,15,__import__.product_5196028,__import__.stock_production_lot_310818_5196028
__import__.stock_inventory_line_310818_3265519,__import__.location_loc_AI10A6,44,__import__.product_3265519,__import__.stock_production_lot_310818_3265519
__import__.stock_inventory_line_310818_5164555,__import__.location_loc_AI15C2,11,__import__.product_5164555,__import__.stock_production_lot_310818_5164555
__import__.stock_inventory_line_310818_1239355,__import__.location_loc_AK01A3,3,__import__.product_1239355,__import__.stock_production_lot_310818_1239355
__import__.stock_inventory_line_310818_5164538,__import__.location_loc_AH04B5,12,__import__.product_5164538,__import__.stock_production_lot_310818_5164538
__import__.stock_inventory_line_310819_2923670,__import__.location_loc_AC14A1,628,__import__.product_2923670,__import__.stock_production_lot_310819_2923670
__import__.stock_inventory_line_310819_4900003,__import__.location_loc_AD05B2,53,__import__.product_4900003,__import__.stock_production_lot_310819_4900003
__import__.stock_inventory_line_310819_5171995,__import__.location_loc_AN07A2,1,__import__.product_5171995,__import__.stock_production_lot_310819_5171995
__import__.stock_inventory_line_310819_1259806,__import__.location_loc_AF05B4,60,__import__.product_1259806,__import__.stock_production_lot_310819_1259806
__import__.stock_inventory_line_310907_4391055,__import__.location_loc_GD22C5,5,__import__.product_4391055,__import__.stock_production_lot_310907_4391055
__import__.stock_inventory_line_311017_4290045,__import__.location_loc_AL03B7,1,__import__.product_4290045,__import__.stock_production_lot_311017_4290045
__import__.stock_inventory_line_311017_5461296,__import__.location_loc_AM07D2,2,__import__.product_5461296,__import__.stock_production_lot_311017_5461296
__import__.stock_inventory_line_311017_5361891,__import__.location_loc_AN03B8,1,__import__.product_5361891,__import__.stock_production_lot_311017_5361891
__import__.stock_inventory_line_311017_5461505,__import__.location_loc_AL06A5,1,__import__.product_5461505,__import__.stock_production_lot_311017_5461505
__import__.stock_inventory_line_311017_5362322,__import__.location_loc_AN08D3,2,__import__.product_5362322,__import__.stock_production_lot_311017_5362322
__import__.stock_inventory_line_311018_5361784,__import__.location_loc_AK04B1,2,__import__.product_5361784,__import__.stock_production_lot_311018_5361784
__import__.stock_inventory_line_311018_5810178,__import__.location_loc_AE04B1,131,__import__.product_5810178,__import__.stock_production_lot_311018_5810178
__import__.stock_inventory_line_311018_4500405,__import__.location_loc_AD13A3,37,__import__.product_4500405,__import__.stock_production_lot_311018_4500405
__import__.stock_inventory_line_311018_6828919,__import__.location_loc_AI14A1,1,__import__.product_6828919,__import__.stock_production_lot_311018_6828919
__import__.stock_inventory_line_311018_6828030,__import__.location_loc_AI13C4,1,__import__.product_6828030,__import__.stock_production_lot_311018_6828030
__import__.stock_inventory_line_311018_5422036,__import__.location_loc_AM06B9,1,__import__.product_5422036,__import__.stock_production_lot_311018_5422036
__import__.stock_inventory_line_311018_1230042,__import__.location_loc_AM04B4,2,__import__.product_1230042,__import__.stock_production_lot_311018_1230042
__import__.stock_inventory_line_311018_0159830,__import__.location_loc_AI12A5,5,__import__.product_0159830,__import__.stock_production_lot_311018_0159830
__import__.stock_inventory_line_311018_2872505,__import__.location_loc_AE07B3,51,__import__.product_2872505,__import__.stock_production_lot_311018_2872505
__import__.stock_inventory_line_311018_1238049,__import__.location_loc_AK04C1,4,__import__.product_1238049,__import__.stock_production_lot_311018_1238049
__import__.stock_inventory_line_311018_1201094,__import__.location_loc_AG03B2,20,__import__.product_1201094,__import__.stock_production_lot_311018_1201094
__import__.stock_inventory_line_311018_5822821,__import__.location_loc_AK05C1,1,__import__.product_5822821,__import__.stock_production_lot_311018_5822821
__import__.stock_inventory_line_311018_1232410,__import__.location_loc_AM06A1,1,__import__.product_1232410,__import__.stock_production_lot_311018_1232410
__import__.stock_inventory_line_311018_0159800,__import__.location_loc_AF06C5,3,__import__.product_0159800,__import__.stock_production_lot_311018_0159800
__import__.stock_inventory_line_311018_8841400,__import__.location_loc_AM06B1,1,__import__.product_8841400,__import__.stock_production_lot_311018_8841400
__import__.stock_inventory_line_311018_4220151,__import__.location_loc_AH02B2,4,__import__.product_4220151,__import__.stock_production_lot_311018_4220151
__import__.stock_inventory_line_311018_4006112,__import__.location_loc_AG07B4,14,__import__.product_4006112,__import__.stock_production_lot_311018_4006112
__import__.stock_inventory_line_311018_5821883,__import__.location_loc_AD15B5,58,__import__.product_5821883,__import__.stock_production_lot_311018_5821883
__import__.stock_inventory_line_311018_2488583,__import__.location_loc_AG06C2,9,__import__.product_2488583,__import__.stock_production_lot_311018_2488583
__import__.stock_inventory_line_311018_5272704,__import__.location_loc_AN05C3,2,__import__.product_5272704,__import__.stock_production_lot_311018_5272704
__import__.stock_inventory_line_311018_8114800,__import__.location_loc_AI14B3,4,__import__.product_8114800,__import__.stock_production_lot_311018_8114800
__import__.stock_inventory_line_311018_5270214,__import__.location_loc_AK05A2,11,__import__.product_5270214,__import__.stock_production_lot_311018_5270214
__import__.stock_inventory_line_311018_2357788,__import__.location_loc_AG09A4,3,__import__.product_2357788,__import__.stock_production_lot_311018_2357788
__import__.stock_inventory_line_311018_5272582,__import__.location_loc_AM04B8,1,__import__.product_5272582,__import__.stock_production_lot_311018_5272582
__import__.stock_inventory_line_311018_5272581,__import__.location_loc_AL03A4,1,__import__.product_5272581,__import__.stock_production_lot_311018_5272581
__import__.stock_inventory_line_311018_5270265,__import__.location_loc_AB13B4,60,__import__.product_5270265,__import__.stock_production_lot_311018_5270265
__import__.stock_inventory_line_311018_4009052,__import__.location_loc_AF06C2,4,__import__.product_4009052,__import__.stock_production_lot_311018_4009052
__import__.stock_inventory_line_311018_2877710,__import__.location_loc_AH01A5,9,__import__.product_2877710,__import__.stock_production_lot_311018_2877710
__import__.stock_inventory_line_311018_2977304,__import__.location_loc_AI17B0,4,__import__.product_2977304,__import__.stock_production_lot_311018_2977304
__import__.stock_inventory_line_311018_4213005,__import__.location_loc_AF09A4,11,__import__.product_4213005,__import__.stock_production_lot_311018_4213005
__import__.stock_inventory_line_311018_3004447,__import__.location_loc_AF04B3,22,__import__.product_3004447,__import__.stock_production_lot_311018_3004447
__import__.stock_inventory_line_311018_4170007,__import__.location_loc_AF03B2,5,__import__.product_4170007,__import__.stock_production_lot_311018_4170007
__import__.stock_inventory_line_311018_2878007,__import__.location_loc_AG09B2,4,__import__.product_2878007,__import__.stock_production_lot_311018_2878007
__import__.stock_inventory_line_311018_2951606,__import__.location_loc_AI15C4,10,__import__.product_2951606,__import__.stock_production_lot_311018_2951606
__import__.stock_inventory_line_311018_5810990,__import__.location_loc_AO03A4,10,__import__.product_5810990,__import__.stock_production_lot_311018_5810990
__import__.stock_inventory_line_311018_5810985,__import__.location_loc_AM05B1,5,__import__.product_5810985,__import__.stock_production_lot_311018_5810985
__import__.stock_inventory_line_311018_5822119,__import__.location_loc_AK01C9,1,__import__.product_5822119,__import__.stock_production_lot_311018_5822119
__import__.stock_inventory_line_311018_5810986,__import__.location_loc_AM05A4,17,__import__.product_5810986,__import__.stock_production_lot_311018_5810986
__import__.stock_inventory_line_311018_5826198,__import__.location_loc_AA02B2,180,__import__.product_5826198,__import__.stock_production_lot_311018_5826198
__import__.stock_inventory_line_311018_4009036,__import__.location_loc_AG06B7,11,__import__.product_4009036,__import__.stock_production_lot_311018_4009036
__import__.stock_inventory_line_311018_1201088,__import__.location_loc_AK04B8,1,__import__.product_1201088,__import__.stock_production_lot_311018_1201088
__import__.stock_inventory_line_311018_2877868,__import__.location_loc_AG08C1,3,__import__.product_2877868,__import__.stock_production_lot_311018_2877868
__import__.stock_inventory_line_311018_2877850,__import__.location_loc_AG05A5,7,__import__.product_2877850,__import__.stock_production_lot_311018_2877850
__import__.stock_inventory_line_311018_1201091,__import__.location_loc_AK04B5,3,__import__.product_1201091,__import__.stock_production_lot_311018_1201091
__import__.stock_inventory_line_311018_4009031,__import__.location_loc_AF03B7,1,__import__.product_4009031,__import__.stock_production_lot_311018_4009031
__import__.stock_inventory_line_311018_2978872,__import__.location_loc_AM04C9,3,__import__.product_2978872,__import__.stock_production_lot_311018_2978872
__import__.stock_inventory_line_311018_5270212,__import__.location_loc_AK04C5,10,__import__.product_5270212,__import__.stock_production_lot_311018_5270212
__import__.stock_inventory_line_311018_5272555,__import__.location_loc_AM04A5,7,__import__.product_5272555,__import__.stock_production_lot_311018_5272555
__import__.stock_inventory_line_311018_3004090,__import__.location_loc_AG02A4,23,__import__.product_3004090,__import__.stock_production_lot_311018_3004090
__import__.stock_inventory_line_311018_2357648,__import__.location_loc_AE05A3,11,__import__.product_2357648,__import__.stock_production_lot_311018_2357648
__import__.stock_inventory_line_311018_5260015,__import__.location_loc_AI12A4,4,__import__.product_5260015,__import__.stock_production_lot_311018_5260015
__import__.stock_inventory_line_311018_5317739,__import__.location_loc_AA12A1,117,__import__.product_5317739,__import__.stock_production_lot_311018_5317739
__import__.stock_inventory_line_311018_3004488,__import__.location_loc_AG06C9,13,__import__.product_3004488,__import__.stock_production_lot_311018_3004488
__import__.stock_inventory_line_311018_2373553,__import__.location_loc_AF06C3,12,__import__.product_2373553,__import__.stock_production_lot_311018_2373553
__import__.stock_inventory_line_311018_1239303,__import__.location_loc_AM04C2,6,__import__.product_1239303,__import__.stock_production_lot_311018_1239303
__import__.stock_inventory_line_311018_5311003,__import__.location_loc_AN05B6,3,__import__.product_5311003,__import__.stock_production_lot_311018_5311003
__import__.stock_inventory_line_311018_5164523,__import__.location_loc_AI13C1,2,__import__.product_5164523,__import__.stock_production_lot_311018_5164523
__import__.stock_inventory_line_311018_3297736,__import__.location_loc_AI10B1,9,__import__.product_3297736,__import__.stock_production_lot_311018_3297736
__import__.stock_inventory_line_311018_8270169,__import__.location_loc_AI15C7,19,__import__.product_8270169,__import__.stock_production_lot_311018_8270169
__import__.stock_inventory_line_311018_5272546,__import__.location_loc_AN05C6,1,__import__.product_5272546,__import__.stock_production_lot_311018_5272546
__import__.stock_inventory_line_311018_5164535,__import__.location_loc_AD09A3,35,__import__.product_5164535,__import__.stock_production_lot_311018_5164535
__import__.stock_inventory_line_311018_5311012,__import__.location_loc_AN05B1,2,__import__.product_5311012,__import__.stock_production_lot_311018_5311012
__import__.stock_inventory_line_311018_3265725,__import__.location_loc_AB12A2,180,__import__.product_3265725,__import__.stock_production_lot_311018_3265725
__import__.stock_inventory_line_311018_3265675,__import__.location_loc_AC09A3,76,__import__.product_3265675,__import__.stock_production_lot_311018_3265675
__import__.stock_inventory_line_311018_3265295,__import__.location_loc_AA10B2,279,__import__.product_3265295,__import__.stock_production_lot_311018_3265295
__import__.stock_inventory_line_311018_3265378,__import__.location_loc_AH04A4,10,__import__.product_3265378,__import__.stock_production_lot_311018_3265378
__import__.stock_inventory_line_311018_2357952,__import__.location_loc_AF07B7,85,__import__.product_2357952,__import__.stock_production_lot_311018_2357952
__import__.stock_inventory_line_311018_5164504,__import__.location_loc_AG02A3,19,__import__.product_5164504,__import__.stock_production_lot_311018_5164504
__import__.stock_inventory_line_311018_5164502,__import__.location_loc_AB09A3,24,__import__.product_5164502,__import__.stock_production_lot_311018_5164502
__import__.stock_inventory_line_311018_5317989,__import__.location_loc_AI13A5,4,__import__.product_5317989,__import__.stock_production_lot_311018_5317989
__import__.stock_inventory_line_311018_3265600,__import__.location_loc_AC06A3,28,__import__.product_3265600,__import__.stock_production_lot_311018_3265600
__import__.stock_inventory_line_311018_3265709,__import__.location_loc_AB15A3,85,__import__.product_3265709,__import__.stock_production_lot_311018_3265709
__import__.stock_inventory_line_311018_3265501,__import__.location_loc_AA09B2,145,__import__.product_3265501,__import__.stock_production_lot_311018_3265501
__import__.stock_inventory_line_311018_3265329,__import__.location_loc_AD02B1,55,__import__.product_3265329,__import__.stock_production_lot_311018_3265329
__import__.stock_inventory_line_311018_3563152,__import__.location_loc_AE09B4,1,__import__.product_3563152,__import__.stock_production_lot_311018_3563152
__import__.stock_inventory_line_311018_4260101,__import__.location_loc_AH05B5,4,__import__.product_4260101,__import__.stock_production_lot_311018_4260101
__import__.stock_inventory_line_311018_1190302,__import__.location_loc_AF02B7,13,__import__.product_1190302,__import__.stock_production_lot_311018_1190302
__import__.stock_inventory_line_311018_3265402,__import__.location_loc_AB14B3,75,__import__.product_3265402,__import__.stock_production_lot_311018_3265402
__import__.stock_inventory_line_311018_3265527,__import__.location_loc_AC10A2,137,__import__.product_3265527,__import__.stock_production_lot_311018_3265527
__import__.stock_inventory_line_311018_5164517,__import__.location_loc_AF04B2,9,__import__.product_5164517,__import__.stock_production_lot_311018_5164517
__import__.stock_inventory_line_311018_5164545,__import__.location_loc_AK01A4,10,__import__.product_5164545,__import__.stock_production_lot_311018_5164545
__import__.stock_inventory_line_311018_2877991,__import__.location_loc_AF06A2,2,__import__.product_2877991,__import__.stock_production_lot_311018_2877991
__import__.stock_inventory_line_311018_2373561,__import__.location_loc_AI07B3,7,__import__.product_2373561,__import__.stock_production_lot_311018_2373561
__import__.stock_inventory_line_311018_5164541,__import__.location_loc_AB13B2,28,__import__.product_5164541,__import__.stock_production_lot_311018_5164541
__import__.stock_inventory_line_311018_5317979,__import__.location_loc_AK01C0,8,__import__.product_5317979,__import__.stock_production_lot_311018_5317979
__import__.stock_inventory_line_311018_5361772,__import__.location_loc_AC12A1,78,__import__.product_5361772,__import__.stock_production_lot_311018_5361772
__import__.stock_inventory_line_311018_3265337,__import__.location_loc_AB12B1,100,__import__.product_3265337,__import__.stock_production_lot_311018_3265337
__import__.stock_inventory_line_311018_3265592,__import__.location_loc_AH01A2,14,__import__.product_3265592,__import__.stock_production_lot_311018_3265592
__import__.stock_inventory_line_311018_3563145,__import__.location_loc_AO05B5,40,__import__.product_3563145,__import__.stock_production_lot_311018_3563145
__import__.stock_inventory_line_311018_2877975,__import__.location_loc_AM07C3,6,__import__.product_2877975,__import__.stock_production_lot_311018_2877975
__import__.stock_inventory_line_311018_5260035,__import__.location_loc_AE03B1,52,__import__.product_5260035,__import__.stock_production_lot_311018_5260035
__import__.stock_inventory_line_311018_5270202,__import__.location_loc_AI17A2,7,__import__.product_5270202,__import__.stock_production_lot_311018_5270202
__import__.stock_inventory_line_311018_1239581,__import__.location_loc_AN04B2,1,__import__.product_1239581,__import__.stock_production_lot_311018_1239581
__import__.stock_inventory_line_311018_4213002,__import__.location_loc_AI10B5,5,__import__.product_4213002,__import__.stock_production_lot_311018_4213002
__import__.stock_inventory_line_311018_3265683,__import__.location_loc_AE05B1,81,__import__.product_3265683,__import__.stock_production_lot_311018_3265683
__import__.stock_inventory_line_311018_3265311,__import__.location_loc_AD11A2,15,__import__.product_3265311,__import__.stock_production_lot_311018_3265311
__import__.stock_inventory_line_311018_3265303,__import__.location_loc_AE02A2,35,__import__.product_3265303,__import__.stock_production_lot_311018_3265303
__import__.stock_inventory_line_311018_3265204,__import__.location_loc_AG08B0,7,__import__.product_3265204,__import__.stock_production_lot_311018_3265204
__import__.stock_inventory_line_311018_3265287,__import__.location_loc_AB16B4,55,__import__.product_3265287,__import__.stock_production_lot_311018_3265287
__import__.stock_inventory_line_311018_3265352,__import__.location_loc_AE04B2,12,__import__.product_3265352,__import__.stock_production_lot_311018_3265352
__import__.stock_inventory_line_311018_5260102,__import__.location_loc_AG06C4,4,__import__.product_5260102,__import__.stock_production_lot_311018_5260102
__import__.stock_inventory_line_311018_2877983,__import__.location_loc_AI07B1,10,__import__.product_2877983,__import__.stock_production_lot_311018_2877983
__import__.stock_inventory_line_311018_3297728,__import__.location_loc_AN08D4,4,__import__.product_3297728,__import__.stock_production_lot_311018_3297728
__import__.stock_inventory_line_311018_5161100,__import__.location_loc_AL04A7,1,__import__.product_5161100,__import__.stock_production_lot_311018_5161100
__import__.stock_inventory_line_311018_3555000,__import__.location_loc_AF09B2,13,__import__.product_3555000,__import__.stock_production_lot_311018_3555000
__import__.stock_inventory_line_311018_5317719,__import__.location_loc_AF10B5,24,__import__.product_5317719,__import__.stock_production_lot_311018_5317719
__import__.stock_inventory_line_311018_5164544,__import__.location_loc_AF02C8,15,__import__.product_5164544,__import__.stock_production_lot_311018_5164544
__import__.stock_inventory_line_311018_5161300,__import__.location_loc_AN03A5,5,__import__.product_5161300,__import__.stock_production_lot_311018_5161300
__import__.stock_inventory_line_311018_3265345,__import__.location_loc_AG04A4,48,__import__.product_3265345,__import__.stock_production_lot_311018_3265345
__import__.stock_inventory_line_311018_3265519,__import__.location_loc_AI10A6,3,__import__.product_3265519,__import__.stock_production_lot_311018_3265519
__import__.stock_inventory_line_311018_3265758,__import__.location_loc_AC13A3,27,__import__.product_3265758,__import__.stock_production_lot_311018_3265758
__import__.stock_inventory_line_311018_3265436,__import__.location_loc_AB11B3,81,__import__.product_3265436,__import__.stock_production_lot_311018_3265436
__import__.stock_inventory_line_311018_3265782,__import__.location_loc_AA04A4,189,__import__.product_3265782,__import__.stock_production_lot_311018_3265782
__import__.stock_inventory_line_311018_3265360,__import__.location_loc_AC06B2,49,__import__.product_3265360,__import__.stock_production_lot_311018_3265360
__import__.stock_inventory_line_311018_3265824,__import__.location_loc_AC02A4,81,__import__.product_3265824,__import__.stock_production_lot_311018_3265824
__import__.stock_inventory_line_311018_5010101,__import__.location_loc_AL08A4,3,__import__.product_5010101,__import__.stock_production_lot_311018_5010101
__import__.stock_inventory_line_311018_3563038,__import__.location_loc_AL06B3,20,__import__.product_3563038,__import__.stock_production_lot_311018_3563038
__import__.stock_inventory_line_311019_2244093,__import__.location_loc_AI15C8,4,__import__.product_2244093,__import__.stock_production_lot_311019_2244093
__import__.stock_inventory_line_311019_8270042,__import__.location_loc_AI13B9,4,__import__.product_8270042,__import__.stock_production_lot_311019_8270042
__import__.stock_inventory_line_311019_8270044,__import__.location_loc_AF04B5,36,__import__.product_8270044,__import__.stock_production_lot_311019_8270044
__import__.stock_inventory_line_3111717_8135082,__import__.location_loc_GGF307,1,__import__.product_8135082,__import__.stock_production_lot_3111717_8135082
__import__.stock_inventory_line_311217_1250802,__import__.location_loc_AM04C8,1,__import__.product_1250802,__import__.stock_production_lot_311217_1250802
__import__.stock_inventory_line_311217_8422066,__import__.location_loc_GF24D4,4,__import__.product_8422066,__import__.stock_production_lot_311217_8422066
__import__.stock_inventory_line_311217_5365232,__import__.location_loc_AN08B2,2,__import__.product_5365232,__import__.stock_production_lot_311217_5365232
__import__.stock_inventory_line_311217_5314003,__import__.location_loc_AM07D1,1,__import__.product_5314003,__import__.stock_production_lot_311217_5314003
__import__.stock_inventory_line_311217_5194013,__import__.location_loc_AO05A2,1,__import__.product_5194013,__import__.stock_production_lot_311217_5194013
__import__.stock_inventory_line_311217_5233009,__import__.location_loc_AI13B6,9,__import__.product_5233009,__import__.stock_production_lot_311217_5233009
__import__.stock_inventory_line_311217_5823131,__import__.location_loc_AN03A6,1,__import__.product_5823131,__import__.stock_production_lot_311217_5823131
__import__.stock_inventory_line_311217_5263556,__import__.location_loc_AL03B8,2,__import__.product_5263556,__import__.stock_production_lot_311217_5263556
__import__.stock_inventory_line_311217_3352960,__import__.location_loc_AM06B7,4,__import__.product_3352960,__import__.stock_production_lot_311217_3352960
__import__.stock_inventory_line_311217_5274136,__import__.location_loc_AK03A3,3,__import__.product_5274136,__import__.stock_production_lot_311217_5274136
__import__.stock_inventory_line_311217_5472689,__import__.location_loc_AO02A2,5,__import__.product_5472689,__import__.stock_production_lot_311217_5472689
__import__.stock_inventory_line_311217_4175100,__import__.location_loc_AN05B5,1,__import__.product_4175100,__import__.stock_production_lot_311217_4175100
__import__.stock_inventory_line_311218_3541380,__import__.location_loc_AM08C4,1,__import__.product_3541380,__import__.stock_production_lot_311218_3541380
__import__.stock_inventory_line_311218_5825667,__import__.location_loc_AG07B5,22,__import__.product_5825667,__import__.stock_production_lot_311218_5825667
__import__.stock_inventory_line_311218_5810469,__import__.location_loc_AF03B8,3,__import__.product_5810469,__import__.stock_production_lot_311218_5810469
__import__.stock_inventory_line_311218_5821700,__import__.location_loc_AG08C3,5,__import__.product_5821700,__import__.stock_production_lot_311218_5821700
__import__.stock_inventory_line_311218_5822310,__import__.location_loc_AI11B3,1,__import__.product_5822310,__import__.stock_production_lot_311218_5822310
__import__.stock_inventory_line_311218_7096600,__import__.location_loc_AK04B6,1,__import__.product_7096600,__import__.stock_production_lot_311218_7096600
__import__.stock_inventory_line_311218_6825009,__import__.location_loc_AK05B4,3,__import__.product_6825009,__import__.stock_production_lot_311218_6825009
__import__.stock_inventory_line_311218_5822437,__import__.location_loc_AC05B1,55,__import__.product_5822437,__import__.stock_production_lot_311218_5822437
__import__.stock_inventory_line_311218_4500224,__import__.location_loc_AD05A3,14,__import__.product_4500224,__import__.stock_production_lot_311218_4500224
__import__.stock_inventory_line_311218_5829001,__import__.location_loc_AB15B2,4,__import__.product_5829001,__import__.stock_production_lot_311218_5829001
__import__.stock_inventory_line_311218_7196874,__import__.location_loc_AD13B3,51,__import__.product_7196874,__import__.stock_production_lot_311218_7196874
__import__.stock_inventory_line_311218_5829264,__import__.location_loc_AI13A2,1,__import__.product_5829264,__import__.stock_production_lot_311218_5829264
__import__.stock_inventory_line_311218_4150102,__import__.location_loc_AB13B3,36,__import__.product_4150102,__import__.stock_production_lot_311218_4150102
__import__.stock_inventory_line_311218_4150202,__import__.location_loc_AD02B3,2,__import__.product_4150202,__import__.stock_production_lot_311218_4150202
__import__.stock_inventory_line_311218_4270132,__import__.location_loc_AC01A1,30,__import__.product_4270132,__import__.stock_production_lot_311218_4270132
__import__.stock_inventory_line_311218_6827989,__import__.location_loc_AM04B3,2,__import__.product_6827989,__import__.stock_production_lot_311218_6827989
__import__.stock_inventory_line_311218_1230032,__import__.location_loc_AK05B7,2,__import__.product_1230032,__import__.stock_production_lot_311218_1230032
__import__.stock_inventory_line_311218_1239091,__import__.location_loc_AM07A3,1,__import__.product_1239091,__import__.stock_production_lot_311218_1239091
__import__.stock_inventory_line_311218_4250203,__import__.location_loc_AC02A3,33,__import__.product_4250203,__import__.stock_production_lot_311218_4250203
__import__.stock_inventory_line_311218_4140111,__import__.location_loc_AD03B5,2,__import__.product_4140111,__import__.stock_production_lot_311218_4140111
__import__.stock_inventory_line_311218_6828918,__import__.location_loc_AF06B1,2,__import__.product_6828918,__import__.stock_production_lot_311218_6828918
__import__.stock_inventory_line_311218_7196466,__import__.location_loc_AD08A1,1,__import__.product_7196466,__import__.stock_production_lot_311218_7196466
__import__.stock_inventory_line_311218_5810229,__import__.location_loc_AM04C3,1,__import__.product_5810229,__import__.stock_production_lot_311218_5810229
__import__.stock_inventory_line_311218_4005901,__import__.location_loc_AD18B4,25,__import__.product_4005901,__import__.stock_production_lot_311218_4005901
__import__.stock_inventory_line_311218_4009091,__import__.location_loc_AF10B7,2,__import__.product_4009091,__import__.stock_production_lot_311218_4009091
__import__.stock_inventory_line_311218_4180002,__import__.location_loc_AI09B2,8,__import__.product_4180002,__import__.stock_production_lot_311218_4180002
__import__.stock_inventory_line_311218_1232005,__import__.location_loc_AF02A6,4,__import__.product_1232005,__import__.stock_production_lot_311218_1232005
__import__.stock_inventory_line_311218_4008031,__import__.location_loc_AF02C6,19,__import__.product_4008031,__import__.stock_production_lot_311218_4008031
__import__.stock_inventory_line_311218_4005922,__import__.location_loc_AC09B1,21,__import__.product_4005922,__import__.stock_production_lot_311218_4005922
__import__.stock_inventory_line_311218_4500324,__import__.location_loc_AC12A3,28,__import__.product_4500324,__import__.stock_production_lot_311218_4500324
__import__.stock_inventory_line_311218_4007222,__import__.location_loc_AF07B6,4,__import__.product_4007222,__import__.stock_production_lot_311218_4007222
__import__.stock_inventory_line_311218_4220107,__import__.location_loc_AB15A4,12,__import__.product_4220107,__import__.stock_production_lot_311218_4220107
__import__.stock_inventory_line_311218_4005026,__import__.location_loc_AD08A2,13,__import__.product_4005026,__import__.stock_production_lot_311218_4005026
__import__.stock_inventory_line_311218_4120183,__import__.location_loc_AB13A3,34,__import__.product_4120183,__import__.stock_production_lot_311218_4120183
__import__.stock_inventory_line_311218_4008025,__import__.location_loc_AC05A1,32,__import__.product_4008025,__import__.stock_production_lot_311218_4008025
__import__.stock_inventory_line_311218_4007224,__import__.location_loc_AF09A2,7,__import__.product_4007224,__import__.stock_production_lot_311218_4007224
__import__.stock_inventory_line_311218_4160103,__import__.location_loc_AA06B3,108,__import__.product_4160103,__import__.stock_production_lot_311218_4160103
__import__.stock_inventory_line_311218_4120182,__import__.location_loc_AB14B2,34,__import__.product_4120182,__import__.stock_production_lot_311218_4120182
__import__.stock_inventory_line_311218_4500404,__import__.location_loc_AC01A2,45,__import__.product_4500404,__import__.stock_production_lot_311218_4500404
__import__.stock_inventory_line_311218_4140004,__import__.location_loc_AB14A4,23,__import__.product_4140004,__import__.stock_production_lot_311218_4140004
__import__.stock_inventory_line_311218_4270131,__import__.location_loc_AD03B1,6,__import__.product_4270131,__import__.stock_production_lot_311218_4270131
__import__.stock_inventory_line_311218_4500382,__import__.location_loc_AD07A2,29,__import__.product_4500382,__import__.stock_production_lot_311218_4500382
__import__.stock_inventory_line_311218_5461312,__import__.location_loc_AI14A2,2,__import__.product_5461312,__import__.stock_production_lot_311218_5461312
__import__.stock_inventory_line_311218_5829185,__import__.location_loc_AB14B4,16,__import__.product_5829185,__import__.stock_production_lot_311218_5829185
__import__.stock_inventory_line_311218_5810179,__import__.location_loc_AG04A1,8,__import__.product_5810179,__import__.stock_production_lot_311218_5810179
__import__.stock_inventory_line_311218_5828058,__import__.location_loc_AD07B3,53,__import__.product_5828058,__import__.stock_production_lot_311218_5828058
__import__.stock_inventory_line_311218_5810993,__import__.location_loc_AO05B1,16,__import__.product_5810993,__import__.stock_production_lot_311218_5810993
__import__.stock_inventory_line_311218_5810989,__import__.location_loc_AM05A3,11,__import__.product_5810989,__import__.stock_production_lot_311218_5810989
__import__.stock_inventory_line_311218_5272214,__import__.location_loc_AN07C4,1,__import__.product_5272214,__import__.stock_production_lot_311218_5272214
__import__.stock_inventory_line_311218_5250391,__import__.location_loc_AK05A1,2,__import__.product_5250391,__import__.stock_production_lot_311218_5250391
__import__.stock_inventory_line_311218_5826658,__import__.location_loc_AD08B4,2,__import__.product_5826658,__import__.stock_production_lot_311218_5826658
__import__.stock_inventory_line_311218_5825516,__import__.location_loc_AF05B3,1,__import__.product_5825516,__import__.stock_production_lot_311218_5825516
__import__.stock_inventory_line_311218_1230033,__import__.location_loc_AF04A6,5,__import__.product_1230033,__import__.stock_production_lot_311218_1230033
__import__.stock_inventory_line_311218_1238054,__import__.location_loc_AM06C3,2,__import__.product_1238054,__import__.stock_production_lot_311218_1238054
__import__.stock_inventory_line_311218_1180061,__import__.location_loc_AL08A3,3,__import__.product_1180061,__import__.stock_production_lot_311218_1180061
__import__.stock_inventory_line_311218_1250884,__import__.location_loc_AF04A3,4,__import__.product_1250884,__import__.stock_production_lot_311218_1250884
__import__.stock_inventory_line_311218_5238070,__import__.location_loc_AG06A3,5,__import__.product_5238070,__import__.stock_production_lot_311218_5238070
__import__.stock_inventory_line_311218_1233963,__import__.location_loc_AK06A1,4,__import__.product_1233963,__import__.stock_production_lot_311218_1233963
__import__.stock_inventory_line_311218_1231208,__import__.location_loc_AC14A4,32,__import__.product_1231208,__import__.stock_production_lot_311218_1231208
__import__.stock_inventory_line_311218_4120103,__import__.location_loc_AA05A1,23,__import__.product_4120103,__import__.stock_production_lot_311218_4120103
__import__.stock_inventory_line_311218_4006104,__import__.location_loc_AB14A1,1,__import__.product_4006104,__import__.stock_production_lot_311218_4006104
__import__.stock_inventory_line_311218_8095224,__import__.location_loc_AC03B4,129,__import__.product_8095224,__import__.stock_production_lot_311218_8095224
__import__.stock_inventory_line_311218_0159820,__import__.location_loc_AH01A4,20,__import__.product_0159820,__import__.stock_production_lot_311218_0159820
__import__.stock_inventory_line_311218_1230043,__import__.location_loc_AH01B4,4,__import__.product_1230043,__import__.stock_production_lot_311218_1230043
__import__.stock_inventory_line_311218_1238064,__import__.location_loc_AK03C5,5,__import__.product_1238064,__import__.stock_production_lot_311218_1238064
__import__.stock_inventory_line_311218_1250804,__import__.location_loc_AI17C9,1,__import__.product_1250804,__import__.stock_production_lot_311218_1250804
__import__.stock_inventory_line_311218_4009094,__import__.location_loc_AD18A2,27,__import__.product_4009094,__import__.stock_production_lot_311218_4009094
__import__.stock_inventory_line_311218_4120101,__import__.location_loc_AB13B5,111,__import__.product_4120101,__import__.stock_production_lot_311218_4120101
__import__.stock_inventory_line_311218_4260201,__import__.location_loc_AI11B2,2,__import__.product_4260201,__import__.stock_production_lot_311218_4260201
__import__.stock_inventory_line_311218_4500425,__import__.location_loc_AD04A2,32,__import__.product_4500425,__import__.stock_production_lot_311218_4500425
__import__.stock_inventory_line_311218_2357689,__import__.location_loc_AH04A2,1,__import__.product_2357689,__import__.stock_production_lot_311218_2357689
__import__.stock_inventory_line_311218_5624908,__import__.location_loc_AN06A1,2,__import__.product_5624908,__import__.stock_production_lot_311218_5624908
__import__.stock_inventory_line_311218_5823438,__import__.location_loc_AE07B6,19,__import__.product_5823438,__import__.stock_production_lot_311218_5823438
__import__.stock_inventory_line_311218_1201092,__import__.location_loc_AK06B0,2,__import__.product_1201092,__import__.stock_production_lot_311218_1201092
__import__.stock_inventory_line_311218_5461313,__import__.location_loc_AM06C4,4,__import__.product_5461313,__import__.stock_production_lot_311218_5461313
__import__.stock_inventory_line_311218_3004116,__import__.location_loc_AI09B4,6,__import__.product_3004116,__import__.stock_production_lot_311218_3004116
__import__.stock_inventory_line_311218_5272675,__import__.location_loc_AL05B3,2,__import__.product_5272675,__import__.stock_production_lot_311218_5272675
__import__.stock_inventory_line_311218_4140006,__import__.location_loc_AD14A1,39,__import__.product_4140006,__import__.stock_production_lot_311218_4140006
__import__.stock_inventory_line_311218_4120131,__import__.location_loc_AH01B2,21,__import__.product_4120131,__import__.stock_production_lot_311218_4120131
__import__.stock_inventory_line_311218_4007025,__import__.location_loc_AB12A1,32,__import__.product_4007025,__import__.stock_production_lot_311218_4007025
__import__.stock_inventory_line_311218_2736106,__import__.location_loc_AN08D1,15,__import__.product_2736106,__import__.stock_production_lot_311218_2736106
__import__.stock_inventory_line_311218_5272216,__import__.location_loc_AK06B6,2,__import__.product_5272216,__import__.stock_production_lot_311218_5272216
__import__.stock_inventory_line_311218_5272557,__import__.location_loc_AL03A2,1,__import__.product_5272557,__import__.stock_production_lot_311218_5272557
__import__.stock_inventory_line_311218_5272439,__import__.location_loc_AI15A3,6,__import__.product_5272439,__import__.stock_production_lot_311218_5272439
__import__.stock_inventory_line_311218_8271091,__import__.location_loc_AH06A5,20,__import__.product_8271091,__import__.stock_production_lot_311218_8271091
__import__.stock_inventory_line_311218_2877819,__import__.location_loc_AD03B6,429,__import__.product_2877819,__import__.stock_production_lot_311218_2877819
__import__.stock_inventory_line_311218_4500204,__import__.location_loc_AD13A1,40,__import__.product_4500204,__import__.stock_production_lot_311218_4500204
__import__.stock_inventory_line_311218_2877751,__import__.location_loc_AH07A2,14,__import__.product_2877751,__import__.stock_production_lot_311218_2877751
__import__.stock_inventory_line_311218_5270237,__import__.location_loc_AI10A5,8,__import__.product_5270237,__import__.stock_production_lot_311218_5270237
__import__.stock_inventory_line_311218_1250816,__import__.location_loc_AK06C0,3,__import__.product_1250816,__import__.stock_production_lot_311218_1250816
__import__.stock_inventory_line_311218_1232210,__import__.location_loc_AH01A1,24,__import__.product_1232210,__import__.stock_production_lot_311218_1232210
__import__.stock_inventory_line_311218_1220284,__import__.location_loc_AG08C8,15,__import__.product_1220284,__import__.stock_production_lot_311218_1220284
__import__.stock_inventory_line_311218_5822817,__import__.location_loc_AI17B6,6,__import__.product_5822817,__import__.stock_production_lot_311218_5822817
__import__.stock_inventory_line_311218_5822115,__import__.location_loc_AF06B4,14,__import__.product_5822115,__import__.stock_production_lot_311218_5822115
__import__.stock_inventory_line_311218_4140113,__import__.location_loc_AD06A1,6,__import__.product_4140113,__import__.stock_production_lot_311218_4140113
__import__.stock_inventory_line_311218_4500282,__import__.location_loc_AB12B2,21,__import__.product_4500282,__import__.stock_production_lot_311218_4500282
__import__.stock_inventory_line_311218_2877892,__import__.location_loc_AH05A4,15,__import__.product_2877892,__import__.stock_production_lot_311218_2877892
__import__.stock_inventory_line_311218_2878718,__import__.location_loc_AI12A2,7,__import__.product_2878718,__import__.stock_production_lot_311218_2878718
__import__.stock_inventory_line_311218_2357481,__import__.location_loc_AG04A2,1,__import__.product_2357481,__import__.stock_production_lot_311218_2357481
__import__.stock_inventory_line_311218_4500402,__import__.location_loc_AF05B8,9,__import__.product_4500402,__import__.stock_production_lot_311218_4500402
__import__.stock_inventory_line_311218_1238091,__import__.location_loc_AG08A3,1,__import__.product_1238091,__import__.stock_production_lot_311218_1238091
__import__.stock_inventory_line_311218_4170007,__import__.location_loc_AF03B2,42,__import__.product_4170007,__import__.stock_production_lot_311218_4170007
__import__.stock_inventory_line_311218_4260102,__import__.location_loc_AG06A1,8,__import__.product_4260102,__import__.stock_production_lot_311218_4260102
__import__.stock_inventory_line_311218_4500264,__import__.location_loc_AH04A1,7,__import__.product_4500264,__import__.stock_production_lot_311218_4500264
__import__.stock_inventory_line_311218_1250922,__import__.location_loc_AL08C4,1,__import__.product_1250922,__import__.stock_production_lot_311218_1250922
__import__.stock_inventory_line_311218_1250882,__import__.location_loc_AK01C2,5,__import__.product_1250882,__import__.stock_production_lot_311218_1250882
__import__.stock_inventory_line_311218_1231025,__import__.location_loc_AH04A7,2,__import__.product_1231025,__import__.stock_production_lot_311218_1231025
__import__.stock_inventory_line_311218_3562873,__import__.location_loc_AH02A5,27,__import__.product_3562873,__import__.stock_production_lot_311218_3562873
__import__.stock_inventory_line_311218_5822116,__import__.location_loc_AG08B7,6,__import__.product_5822116,__import__.stock_production_lot_311218_5822116
__import__.stock_inventory_line_311218_5624904,__import__.location_loc_AO02A4,4,__import__.product_5624904,__import__.stock_production_lot_311218_5624904
__import__.stock_inventory_line_311218_5820390,__import__.location_loc_AH06B3,12,__import__.product_5820390,__import__.stock_production_lot_311218_5820390
__import__.stock_inventory_line_311218_2171888,__import__.location_loc_AK06A3,4,__import__.product_2171888,__import__.stock_production_lot_311218_2171888
__import__.stock_inventory_line_311218_5272550,__import__.location_loc_AL05B1,1,__import__.product_5272550,__import__.stock_production_lot_311218_5272550
__import__.stock_inventory_line_311218_5272437,__import__.location_loc_AI17A4,4,__import__.product_5272437,__import__.stock_production_lot_311218_5272437
__import__.stock_inventory_line_311218_5272438,__import__.location_loc_AH06A2,5,__import__.product_5272438,__import__.stock_production_lot_311218_5272438
__import__.stock_inventory_line_311218_4230121,__import__.location_loc_AF05B2,8,__import__.product_4230121,__import__.stock_production_lot_311218_4230121
__import__.stock_inventory_line_311218_4220151,__import__.location_loc_AH02B2,15,__import__.product_4220151,__import__.stock_production_lot_311218_4220151
__import__.stock_inventory_line_311218_4270102,__import__.location_loc_AI15C1,5,__import__.product_4270102,__import__.stock_production_lot_311218_4270102
__import__.stock_inventory_line_311218_1251010,__import__.location_loc_AK06A6,2,__import__.product_1251010,__import__.stock_production_lot_311218_1251010
__import__.stock_inventory_line_311218_1239453,__import__.location_loc_AF04A5,3,__import__.product_1239453,__import__.stock_production_lot_311218_1239453
__import__.stock_inventory_line_311218_2687895,__import__.location_loc_AD10A1,202,__import__.product_2687895,__import__.stock_production_lot_311218_2687895
__import__.stock_inventory_line_311218_5260006,__import__.location_loc_AC07A1,15,__import__.product_5260006,__import__.stock_production_lot_311218_5260006
__import__.stock_inventory_line_311218_5260036,__import__.location_loc_AL01A3,56,__import__.product_5260036,__import__.stock_production_lot_311218_5260036
__import__.stock_inventory_line_311218_5260034,__import__.location_loc_AN02A3,33,__import__.product_5260034,__import__.stock_production_lot_311218_5260034
__import__.stock_inventory_line_311218_4500383,__import__.location_loc_AD15A4,32,__import__.product_4500383,__import__.stock_production_lot_311218_4500383
__import__.stock_inventory_line_311218_1250870,__import__.location_loc_AM04A8,5,__import__.product_1250870,__import__.stock_production_lot_311218_1250870
__import__.stock_inventory_line_311218_4150050,__import__.location_loc_AE05B7,31,__import__.product_4150050,__import__.stock_production_lot_311218_4150050
__import__.stock_inventory_line_311218_4230111,__import__.location_loc_AC02B2,24,__import__.product_4230111,__import__.stock_production_lot_311218_4230111
__import__.stock_inventory_line_311218_0159870,__import__.location_loc_AK03A2,4,__import__.product_0159870,__import__.stock_production_lot_311218_0159870
__import__.stock_inventory_line_311218_4009052,__import__.location_loc_AF06C2,12,__import__.product_4009052,__import__.stock_production_lot_311218_4009052
__import__.stock_inventory_line_311218_2877777,__import__.location_loc_AI07A1,31,__import__.product_2877777,__import__.stock_production_lot_311218_2877777
__import__.stock_inventory_line_311218_5260038,__import__.location_loc_AG07B1,9,__import__.product_5260038,__import__.stock_production_lot_311218_5260038
__import__.stock_inventory_line_311218_2878007,__import__.location_loc_AG09B2,19,__import__.product_2878007,__import__.stock_production_lot_311218_2878007
__import__.stock_inventory_line_311218_8270261,__import__.location_loc_AK03B4,12,__import__.product_8270261,__import__.stock_production_lot_311218_8270261
__import__.stock_inventory_line_311218_3145018,__import__.location_loc_AA03B2,263,__import__.product_3145018,__import__.stock_production_lot_311218_3145018
__import__.stock_inventory_line_311218_5810745,__import__.location_loc_AB11B1,15,__import__.product_5810745,__import__.stock_production_lot_311218_5810745
__import__.stock_inventory_line_311218_5810183,__import__.location_loc_AC14B1,82,__import__.product_5810183,__import__.stock_production_lot_311218_5810183
__import__.stock_inventory_line_311218_2171889,__import__.location_loc_AK04A5,4,__import__.product_2171889,__import__.stock_production_lot_311218_2171889
__import__.stock_inventory_line_311218_5461317,__import__.location_loc_AK06C6,3,__import__.product_5461317,__import__.stock_production_lot_311218_5461317
__import__.stock_inventory_line_311218_4160123,__import__.location_loc_AB16A2,71,__import__.product_4160123,__import__.stock_production_lot_311218_4160123
__import__.stock_inventory_line_311218_4500405,__import__.location_loc_AD13A3,32,__import__.product_4500405,__import__.stock_production_lot_311218_4500405
__import__.stock_inventory_line_311218_4290302,__import__.location_loc_AE03A3,1,__import__.product_4290302,__import__.stock_production_lot_311218_4290302
__import__.stock_inventory_line_311218_4217004,__import__.location_loc_AD05A2,13,__import__.product_4217004,__import__.stock_production_lot_311218_4217004
__import__.stock_inventory_line_311218_1238042,__import__.location_loc_AM04B9,5,__import__.product_1238042,__import__.stock_production_lot_311218_1238042
__import__.stock_inventory_line_311218_2357788,__import__.location_loc_AG09A4,14,__import__.product_2357788,__import__.stock_production_lot_311218_2357788
__import__.stock_inventory_line_311218_5031117,__import__.location_loc_AF03B6,43,__import__.product_5031117,__import__.stock_production_lot_311218_5031117
__import__.stock_inventory_line_311218_5272619,__import__.location_loc_AN03C9,2,__import__.product_5272619,__import__.stock_production_lot_311218_5272619
__import__.stock_inventory_line_311218_5171894,__import__.location_loc_AN08A2,6,__import__.product_5171894,__import__.stock_production_lot_311218_5171894
__import__.stock_inventory_line_311218_8841500,__import__.location_loc_AM04C4,6,__import__.product_8841500,__import__.stock_production_lot_311218_8841500
__import__.stock_inventory_line_311218_5294793,__import__.location_loc_AM05A2,2,__import__.product_5294793,__import__.stock_production_lot_311218_5294793
__import__.stock_inventory_line_311218_2877850,__import__.location_loc_AG05A5,21,__import__.product_2877850,__import__.stock_production_lot_311218_2877850
__import__.stock_inventory_line_311218_4500461,__import__.location_loc_AG08C4,10,__import__.product_4500461,__import__.stock_production_lot_311218_4500461
__import__.stock_inventory_line_311218_4214006,__import__.location_loc_AF06A5,8,__import__.product_4214006,__import__.stock_production_lot_311218_4214006
__import__.stock_inventory_line_311218_1250817,__import__.location_loc_AK05A4,2,__import__.product_1250817,__import__.stock_production_lot_311218_1250817
__import__.stock_inventory_line_311218_4009031,__import__.location_loc_AF03B7,26,__import__.product_4009031,__import__.stock_production_lot_311218_4009031
__import__.stock_inventory_line_311218_1230031,__import__.location_loc_AK05B9,2,__import__.product_1230031,__import__.stock_production_lot_311218_1230031
__import__.stock_inventory_line_311218_1250832,__import__.location_loc_AL08B1,2,__import__.product_1250832,__import__.stock_production_lot_311218_1250832
__import__.stock_inventory_line_311218_2877835,__import__.location_loc_AI01A1,33,__import__.product_2877835,__import__.stock_production_lot_311218_2877835
__import__.stock_inventory_line_311218_8841400,__import__.location_loc_AM06B1,2,__import__.product_8841400,__import__.stock_production_lot_311218_8841400
__import__.stock_inventory_line_311218_3557500,__import__.location_loc_AK05B6,7,__import__.product_3557500,__import__.stock_production_lot_311218_3557500
__import__.stock_inventory_line_311218_1448646,__import__.location_loc_AM06A4,4,__import__.product_1448646,__import__.stock_production_lot_311218_1448646
__import__.stock_inventory_line_311218_2687887,__import__.location_loc_AI08A2,47,__import__.product_2687887,__import__.stock_production_lot_311218_2687887
__import__.stock_inventory_line_311218_5828686,__import__.location_loc_AC09B2,54,__import__.product_5828686,__import__.stock_production_lot_311218_5828686
__import__.stock_inventory_line_311218_5270202,__import__.location_loc_AI17A2,1,__import__.product_5270202,__import__.stock_production_lot_311218_5270202
__import__.stock_inventory_line_311218_5270114,__import__.location_loc_AI17C1,3,__import__.product_5270114,__import__.stock_production_lot_311218_5270114
__import__.stock_inventory_line_311218_4210133,__import__.location_loc_AD16A1,32,__import__.product_4210133,__import__.stock_production_lot_311218_4210133
__import__.stock_inventory_line_311218_1230069,__import__.location_loc_AK06C2,6,__import__.product_1230069,__import__.stock_production_lot_311218_1230069
__import__.stock_inventory_line_311218_4150004,__import__.location_loc_AB11A4,35,__import__.product_4150004,__import__.stock_production_lot_311218_4150004
__import__.stock_inventory_line_311218_4500424,__import__.location_loc_AG05A4,16,__import__.product_4500424,__import__.stock_production_lot_311218_4500424
__import__.stock_inventory_line_311218_4270141,__import__.location_loc_AD04B2,22,__import__.product_4270141,__import__.stock_production_lot_311218_4270141
__import__.stock_inventory_line_311218_4500462,__import__.location_loc_AD05B4,6,__import__.product_4500462,__import__.stock_production_lot_311218_4500462
__import__.stock_inventory_line_311218_6260022,__import__.location_loc_AE04A2,67,__import__.product_6260022,__import__.stock_production_lot_311218_6260022
__import__.stock_inventory_line_311218_5260032,__import__.location_loc_AM01A3,72,__import__.product_5260032,__import__.stock_production_lot_311218_5260032
__import__.stock_inventory_line_311218_2687929,__import__.location_loc_AD18B3,100,__import__.product_2687929,__import__.stock_production_lot_311218_2687929
__import__.stock_inventory_line_311218_5270218,__import__.location_loc_AI14A3,8,__import__.product_5270218,__import__.stock_production_lot_311218_5270218
__import__.stock_inventory_line_311218_1200583,__import__.location_loc_AL05A2,1,__import__.product_1200583,__import__.stock_production_lot_311218_1200583
__import__.stock_inventory_line_311218_5823126,__import__.location_loc_AI13C2,4,__import__.product_5823126,__import__.stock_production_lot_311218_5823126
__import__.stock_inventory_line_311218_3145026,__import__.location_loc_AD11B3,12,__import__.product_3145026,__import__.stock_production_lot_311218_3145026
__import__.stock_inventory_line_311218_4150201,__import__.location_loc_AF02B4,10,__import__.product_4150201,__import__.stock_production_lot_311218_4150201
__import__.stock_inventory_line_311218_2687853,__import__.location_loc_AG01A2,36,__import__.product_2687853,__import__.stock_production_lot_311218_2687853
__import__.stock_inventory_line_311218_3004090,__import__.location_loc_AG02A4,40,__import__.product_3004090,__import__.stock_production_lot_311218_3004090
__import__.stock_inventory_line_311218_5260015,__import__.location_loc_AI12A4,4,__import__.product_5260015,__import__.stock_production_lot_311218_5260015
__import__.stock_inventory_line_311218_4160122,__import__.location_loc_AC02B4,36,__import__.product_4160122,__import__.stock_production_lot_311218_4160122
__import__.stock_inventory_line_311218_5270217,__import__.location_loc_AI14A5,10,__import__.product_5270217,__import__.stock_production_lot_311218_5270217
__import__.stock_inventory_line_311218_3004413,__import__.location_loc_AE07B4,28,__import__.product_3004413,__import__.stock_production_lot_311218_3004413
__import__.stock_inventory_line_311218_5823127,__import__.location_loc_AM04A6,4,__import__.product_5823127,__import__.stock_production_lot_311218_5823127
__import__.stock_inventory_line_311218_5317619,__import__.location_loc_AH09A4,42,__import__.product_5317619,__import__.stock_production_lot_311218_5317619
__import__.stock_inventory_line_311218_5320003,__import__.location_loc_AL07A5,9,__import__.product_5320003,__import__.stock_production_lot_311218_5320003
__import__.stock_inventory_line_311218_2877991,__import__.location_loc_AF06A2,6,__import__.product_2877991,__import__.stock_production_lot_311218_2877991
__import__.stock_inventory_line_311218_2357648,__import__.location_loc_AE05A3,64,__import__.product_2357648,__import__.stock_production_lot_311218_2357648
__import__.stock_inventory_line_311218_5260008,__import__.location_loc_AH03B6,16,__import__.product_5260008,__import__.stock_production_lot_311218_5260008
__import__.stock_inventory_line_311218_5260024,__import__.location_loc_AD01B2,60,__import__.product_5260024,__import__.stock_production_lot_311218_5260024
__import__.stock_inventory_line_311218_3265550,__import__.location_loc_AG05A2,48,__import__.product_3265550,__import__.stock_production_lot_311218_3265550
__import__.stock_inventory_line_311219_8270269,__import__.location_loc_AK01B9,12,__import__.product_8270269,__import__.stock_production_lot_311219_8270269
__import__.stock_inventory_line_311221_3495249,__import__.location_loc_GZZ124,5,__import__.product_3495249,__import__.stock_production_lot_311221_3495249
__import__.stock_inventory_line_3112317_5145281,__import__.location_loc_GE20C1,11,__import__.product_5145281,__import__.stock_production_lot_3112317_5145281
__import__.stock_inventory_line_3112317_5192031,__import__.location_loc_GC04C1,1,__import__.product_5192031,__import__.stock_production_lot_3112317_5192031
__import__.stock_inventory_line_311318_5822119,__import__.location_loc_AK01C9,12,__import__.product_5822119,__import__.stock_production_lot_311318_5822119
__import__.stock_inventory_line_3113303_2271179,__import__.location_loc_GC14D1,2,__import__.product_2271179,__import__.stock_production_lot_3113303_2271179
__import__.stock_inventory_line_3113304_2271229,__import__.location_loc_GF18B1,1,__import__.product_2271229,__import__.stock_production_lot_3113304_2271229
__import__.stock_inventory_line_3113517_8135082,__import__.location_loc_GGF307,10,__import__.product_8135082,__import__.stock_production_lot_3113517_8135082
__import__.stock_inventory_line_3119316_5192037,__import__.location_loc_GF23A3,2,__import__.product_5192037,__import__.stock_production_lot_3119316_5192037
__import__.stock_inventory_line_312474_4469981,__import__.location_loc_GD22C2,16,__import__.product_4469981,__import__.stock_production_lot_312474_4469981
__import__.stock_inventory_line_3124916_5192038,__import__.location_loc_GC12A4,1,__import__.product_5192038,__import__.stock_production_lot_3124916_5192038
__import__.stock_inventory_line_313863_5430550,__import__.location_loc_GBE405,1,__import__.product_5430550,__import__.stock_production_lot_313863_5430550
__import__.stock_inventory_line_313873_8250629,__import__.location_loc_GC02B3,4,__import__.product_8250629,__import__.stock_production_lot_313873_8250629
__import__.stock_inventory_line_313941_5430550,__import__.location_loc_GBE405,1,__import__.product_5430550,__import__.stock_production_lot_313941_5430550
__import__.stock_inventory_line_3141701_8021823,__import__.location_loc_GC07E2,10,__import__.product_8021823,__import__.stock_production_lot_3141701_8021823
__import__.stock_inventory_line_314271_5400500,__import__.location_loc_GH11B6,1,__import__.product_5400500,__import__.stock_production_lot_314271_5400500
__import__.stock_inventory_line_314287_5430250,__import__.location_loc_GD24C5,1,__import__.product_5430250,__import__.stock_production_lot_314287_5430250
__import__.stock_inventory_line_314372_8270520,__import__.location_loc_GF11C3,4,__import__.product_8270520,__import__.stock_production_lot_314372_8270520
__import__.stock_inventory_line_314450_7969001,__import__.location_loc_GF17C2,125,__import__.product_7969001,__import__.stock_production_lot_314450_7969001
__import__.stock_inventory_line_314472_8270539,__import__.location_loc_GE03A2,3,__import__.product_8270539,__import__.stock_production_lot_314472_8270539
__import__.stock_inventory_line_314569_5432740,__import__.location_loc_GC11G1,15,__import__.product_5432740,__import__.stock_production_lot_314569_5432740
__import__.stock_inventory_line_314580_5400500,__import__.location_loc_GH11B6,4,__import__.product_5400500,__import__.stock_production_lot_314580_5400500
__import__.stock_inventory_line_314868_5430250,__import__.location_loc_GD24C5,4,__import__.product_5430250,__import__.stock_production_lot_314868_5430250
__import__.stock_inventory_line_314882_5430550,__import__.location_loc_GBE405,4,__import__.product_5430550,__import__.stock_production_lot_314882_5430550
__import__.stock_inventory_line_314892_5430005,__import__.location_loc_GC05F5,5,__import__.product_5430005,__import__.stock_production_lot_314892_5430005
__import__.stock_inventory_line_315030_5430005,__import__.location_loc_GC05F5,8,__import__.product_5430005,__import__.stock_production_lot_315030_5430005
__import__.stock_inventory_line_315056_5430802,__import__.location_loc_GF30G3,3,__import__.product_5430802,__import__.stock_production_lot_315056_5430802
__import__.stock_inventory_line_315130_5432593,__import__.location_loc_GD24A3,8,__import__.product_5432593,__import__.stock_production_lot_315130_5432593
__import__.stock_inventory_line_315160_4391055,__import__.location_loc_GD22C5,2,__import__.product_4391055,__import__.stock_production_lot_315160_4391055
__import__.stock_inventory_line_315530_7956747,__import__.location_loc_GH11A8,14,__import__.product_7956747,__import__.stock_production_lot_315530_7956747
__import__.stock_inventory_line_315731_4469981,__import__.location_loc_GD22C2,2,__import__.product_4469981,__import__.stock_production_lot_315731_4469981
__import__.stock_inventory_line_315915_4483403,__import__.location_loc_GH11E2,4,__import__.product_4483403,__import__.stock_production_lot_315915_4483403
__import__.stock_inventory_line_316_8229050,__import__.location_loc_GZZ417,1,__import__.product_8229050,__import__.stock_production_lot_316_8229050
__import__.stock_inventory_line_31662_8076971,__import__.location_loc_GC31E5,1,__import__.product_8076971,__import__.stock_production_lot_31662_8076971
__import__.stock_inventory_line_3170077_5043550,__import__.location_loc_GD24D5,500,__import__.product_5043550,__import__.stock_production_lot_3170077_5043550
__import__.stock_inventory_line_3170377_5032419,__import__.location_loc_GE20D1,2,__import__.product_5032419,__import__.stock_production_lot_3170377_5032419
__import__.stock_inventory_line_3172528_8053059,__import__.location_loc_GC07E5,50,__import__.product_8053059,__import__.stock_production_lot_3172528_8053059
__import__.stock_inventory_line_31743_8076971,__import__.location_loc_GC31E5,2,__import__.product_8076971,__import__.stock_production_lot_31743_8076971
__import__.stock_inventory_line_31750774_5025100,__import__.location_loc_GC02B2,22,__import__.product_5025100,__import__.stock_production_lot_31750774_5025100
__import__.stock_inventory_line_317881_4461844,__import__.location_loc_GH11E3,24,__import__.product_4461844,__import__.stock_production_lot_317881_4461844
__import__.stock_inventory_line_318997_4391049,__import__.location_loc_GH11E1,30,__import__.product_4391049,__import__.stock_production_lot_318997_4391049
__import__.stock_inventory_line_319036_4483395,__import__.location_loc_GH11C4,2,__import__.product_4483395,__import__.stock_production_lot_319036_4483395
__import__.stock_inventory_line_3198395_5436012,__import__.location_loc_GBF403,2,__import__.product_5436012,__import__.stock_production_lot_3198395_5436012
__import__.stock_inventory_line_319954_5192013,__import__.location_loc_GE05A5,6,__import__.product_5192013,__import__.stock_production_lot_319954_5192013
__import__.stock_inventory_line_319955_4789823,__import__.location_loc_GE05G1,3,__import__.product_4789823,__import__.stock_production_lot_319955_4789823
__import__.stock_inventory_line_3199640_2271187,__import__.location_loc_GD22D2,1,__import__.product_2271187,__import__.stock_production_lot_3199640_2271187
__import__.stock_inventory_line_320407_4696760,__import__.location_loc_GD32D5,11,__import__.product_4696760,__import__.stock_production_lot_320407_4696760
__import__.stock_inventory_line_321038B_8274694,__import__.location_loc_GGA605,4,__import__.product_8274694,__import__.stock_production_lot_321038B_8274694
__import__.stock_inventory_line_321184_9501117,__import__.location_loc_GGC305,37,__import__.product_9501117,__import__.stock_production_lot_321184_9501117
__import__.stock_inventory_line_321213_5450046,__import__.location_loc_GD13D3,44,__import__.product_5450046,__import__.stock_production_lot_321213_5450046
__import__.stock_inventory_line_321512_4494200,__import__.location_loc_GD22A6,11,__import__.product_4494200,__import__.stock_production_lot_321512_4494200
__import__.stock_inventory_line_321513_4789823,__import__.location_loc_GE05G1,16,__import__.product_4789823,__import__.stock_production_lot_321513_4789823
__import__.stock_inventory_line_321588_7517918,__import__.location_loc_GH11C7,25,__import__.product_7517918,__import__.stock_production_lot_321588_7517918
__import__.stock_inventory_line_3215916_5192037,__import__.location_loc_GF23A3,1,__import__.product_5192037,__import__.stock_production_lot_3215916_5192037
__import__.stock_inventory_line_3216034249_2549863,__import__.location_loc_EXB300,2,__import__.product_2549863,__import__.stock_production_lot_3216034249_2549863
__import__.stock_inventory_line_3216317_5145217,__import__.location_loc_GBF101,12,__import__.product_5145217,__import__.stock_production_lot_3216317_5145217
__import__.stock_inventory_line_3218417_8120637,__import__.location_loc_GC16A3,3,__import__.product_8120637,__import__.stock_production_lot_3218417_8120637
__import__.stock_inventory_line_322043_4461838,__import__.location_loc_GH09B6,73,__import__.product_4461838,__import__.stock_production_lot_322043_4461838
__import__.stock_inventory_line_322302_4456576,__import__.location_loc_GBF302,37,__import__.product_4456576,__import__.stock_production_lot_322302_4456576
__import__.stock_inventory_line_3224916_9700868,__import__.location_loc_GF11A3,8,__import__.product_9700868,__import__.stock_production_lot_3224916_9700868
__import__.stock_inventory_line_3276_3142619,__import__.location_loc_GD25D6,29,__import__.product_3142619,__import__.stock_production_lot_3276_3142619
__import__.stock_inventory_line_3300050_8031477,__import__.location_loc_GC13C1,10,__import__.product_8031477,__import__.stock_production_lot_3300050_8031477
__import__.stock_inventory_line_3300317_5192031,__import__.location_loc_GC04C1,1,__import__.product_5192031,__import__.stock_production_lot_3300317_5192031
__import__.stock_inventory_line_3305117_5145370,__import__.location_loc_GE32C1,3,__import__.product_5145370,__import__.stock_production_lot_3305117_5145370
__import__.stock_inventory_line_3307214_8031477,__import__.location_loc_GC13C1,3,__import__.product_8031477,__import__.stock_production_lot_3307214_8031477
__import__.stock_inventory_line_3307217_8031460,__import__.location_loc_GC13A3,4,__import__.product_8031460,__import__.stock_production_lot_3307217_8031460
__import__.stock_inventory_line_3316317_8124919,__import__.location_loc_GE20D2,6,__import__.product_8124919,__import__.stock_production_lot_3316317_8124919
__import__.stock_inventory_line_3318417_8124629,__import__.location_loc_GC28A1,3,__import__.product_8124629,__import__.stock_production_lot_3318417_8124629
__import__.stock_inventory_line_333A1_2686533,__import__.location_loc_GGU401,24,__import__.product_2686533,__import__.stock_production_lot_333A1_2686533
__import__.stock_inventory_line_3332015_5192214,__import__.location_loc_GBA303,12,__import__.product_5192214,__import__.stock_production_lot_3332015_5192214
__import__.stock_inventory_line_3332015_5192219,__import__.location_loc_GGH101,1,__import__.product_5192219,__import__.stock_production_lot_3332015_5192219
__import__.stock_inventory_line_3347430_8031460,__import__.location_loc_GC13A3,10,__import__.product_8031460,__import__.stock_production_lot_3347430_8031460
__import__.stock_inventory_line_3371617741_5170107,__import__.location_loc_GAF200,4,__import__.product_5170107,__import__.stock_production_lot_3371617741_5170107
__import__.stock_inventory_line_338092_8259855,__import__.location_loc_GGG305,1,__import__.product_8259855,__import__.stock_production_lot_338092_8259855
__import__.stock_inventory_line_3381702_8290109,__import__.location_loc_GGA606,1,__import__.product_8290109,__import__.stock_production_lot_3381702_8290109
__import__.stock_inventory_line_3398944_2271187,__import__.location_loc_GD22D2,2,__import__.product_2271187,__import__.stock_production_lot_3398944_2271187
__import__.stock_inventory_line_34A5_2972289,__import__.location_loc_GBO202,292,__import__.product_2972289,__import__.stock_production_lot_34A5_2972289
__import__.stock_inventory_line_34B1_2717437,__import__.location_loc_GF30C2,2,__import__.product_2717437,__import__.stock_production_lot_34B1_2717437
__import__.stock_inventory_line_3407541_8053036,__import__.location_loc_GC02C4,200,__import__.product_8053036,__import__.stock_production_lot_3407541_8053036
__import__.stock_inventory_line_3416771_8053007,__import__.location_loc_GC25B2,49,__import__.product_8053007,__import__.stock_production_lot_3416771_8053007
__import__.stock_inventory_line_3422949_8053007,__import__.location_loc_GC25B2,1150,__import__.product_8053007,__import__.stock_production_lot_3422949_8053007
__import__.stock_inventory_line_3430348_8053013,__import__.location_loc_GC23D1,1000,__import__.product_8053013,__import__.stock_production_lot_3430348_8053013
__import__.stock_inventory_line_3435658_8053007,__import__.location_loc_GC25B2,1000,__import__.product_8053007,__import__.stock_production_lot_3435658_8053007
__import__.stock_inventory_line_343630_6795005,__import__.location_loc_GC03D6,1,__import__.product_6795005,__import__.stock_production_lot_343630_6795005
__import__.stock_inventory_line_344A3_7910050,__import__.location_loc_GBG209,202,__import__.product_7910050,__import__.stock_production_lot_344A3_7910050
__import__.stock_inventory_line_3448997_8053013,__import__.location_loc_GC23D1,167,__import__.product_8053013,__import__.stock_production_lot_3448997_8053013
__import__.stock_inventory_line_345A1_2686541,__import__.location_loc_GF26B3,12,__import__.product_2686541,__import__.stock_production_lot_345A1_2686541
__import__.stock_inventory_line_3460050_8053013,__import__.location_loc_GC23D1,200,__import__.product_8053013,__import__.stock_production_lot_3460050_8053013
__import__.stock_inventory_line_348963_6795006,__import__.location_loc_GC05E6,2,__import__.product_6795006,__import__.stock_production_lot_348963_6795006
__import__.stock_inventory_line_349A2_7910047,__import__.location_loc_GGE401,-1,__import__.product_7910047,__import__.stock_production_lot_349A2_7910047
__import__.stock_inventory_line_3505117_5145217,__import__.location_loc_GBF101,1,__import__.product_5145217,__import__.stock_production_lot_3505117_5145217
__import__.stock_inventory_line_351A4_7910048,__import__.location_loc_GBP205,233,__import__.product_7910048,__import__.stock_production_lot_351A4_7910048
__import__.stock_inventory_line_351836_7969003,__import__.location_loc_AL03A7,1,__import__.product_7969003,__import__.stock_production_lot_351836_7969003
__import__.stock_inventory_line_353A5_7910048,__import__.location_loc_GBP205,6,__import__.product_7910048,__import__.stock_production_lot_353A5_7910048
__import__.stock_inventory_line_354A1_7910047,__import__.location_loc_GGE401,239,__import__.product_7910047,__import__.stock_production_lot_354A1_7910047
__import__.stock_inventory_line_3561703_8290090,__import__.location_loc_GF30F4,1,__import__.product_8290090,__import__.stock_production_lot_3561703_8290090
__import__.stock_inventory_line_360448_7969003,__import__.location_loc_AL03A7,1,__import__.product_7969003,__import__.stock_production_lot_360448_7969003
__import__.stock_inventory_line_360618_8270528,__import__.location_loc_GF26A2,3,__import__.product_8270528,__import__.stock_production_lot_360618_8270528
__import__.stock_inventory_line_360618_5962005,__import__.location_loc_GGV101,1,__import__.product_5962005,__import__.stock_production_lot_360618_5962005
__import__.stock_inventory_line_360644_5962005,__import__.location_loc_GGV101,5,__import__.product_5962005,__import__.stock_production_lot_360644_5962005
__import__.stock_inventory_line_360644_5962006,__import__.location_loc_GD29A4,1,__import__.product_5962006,__import__.stock_production_lot_360644_5962006
__import__.stock_inventory_line_362A1_6774820,__import__.location_loc_GD03C4,22,__import__.product_6774820,__import__.stock_production_lot_362A1_6774820
__import__.stock_inventory_line_362062_8270501,__import__.location_loc_GBL203,3,__import__.product_8270501,__import__.stock_production_lot_362062_8270501
__import__.stock_inventory_line_362220_5962003,__import__.location_loc_GF23C3,3,__import__.product_5962003,__import__.stock_production_lot_362220_5962003
__import__.stock_inventory_line_362432_8270528,__import__.location_loc_GF26A2,3,__import__.product_8270528,__import__.stock_production_lot_362432_8270528
__import__.stock_inventory_line_3671703_8021846,__import__.location_loc_GC09C6,8,__import__.product_8021846,__import__.stock_production_lot_3671703_8021846
__import__.stock_inventory_line_3701704_3080066,__import__.location_loc_GH09E8,7,__import__.product_3080066,__import__.stock_production_lot_3701704_3080066
__import__.stock_inventory_line_370412_7969004,__import__.location_loc_GBL103,4,__import__.product_7969004,__import__.stock_production_lot_370412_7969004
__import__.stock_inventory_line_370412_8270501,__import__.location_loc_GBL203,4,__import__.product_8270501,__import__.stock_production_lot_370412_8270501
__import__.stock_inventory_line_370428_5962002,__import__.location_loc_GBI201,3,__import__.product_5962002,__import__.stock_production_lot_370428_5962002
__import__.stock_inventory_line_3711604_3080058,__import__.location_loc_GH11D8,4,__import__.product_3080058,__import__.stock_production_lot_3711604_3080058
__import__.stock_inventory_line_37259_8006019,__import__.location_loc_GE07A4,5,__import__.product_8006019,__import__.stock_production_lot_37259_8006019
__import__.stock_inventory_line_373771_8270529,__import__.location_loc_GC07F6,3,__import__.product_8270529,__import__.stock_production_lot_373771_8270529
__import__.stock_inventory_line_376_6943760,__import__.location_loc_GD02D2,4,__import__.product_6943760,__import__.stock_production_lot_376_6943760
__import__.stock_inventory_line_38_5949003,__import__.location_loc_GH07C5,32,__import__.product_5949003,__import__.stock_production_lot_38_5949003
__import__.stock_inventory_line_38_0949002,__import__.location_loc_GAD430,22,__import__.product_0949002,__import__.stock_production_lot_38_0949002
__import__.stock_inventory_line_380818_6795002,__import__.location_loc_GC09C2,12,__import__.product_6795002,__import__.stock_production_lot_380818_6795002
__import__.stock_inventory_line_381A5_1655828,__import__.location_loc_GBG515,15,__import__.product_1655828,__import__.stock_production_lot_381A5_1655828
__import__.stock_inventory_line_384A6_7910009,__import__.location_loc_GBP317,2,__import__.product_7910009,__import__.stock_production_lot_384A6_7910009
__import__.stock_inventory_line_3846_6600870,__import__.location_loc_GGU103,3,__import__.product_6600870,__import__.stock_production_lot_3846_6600870
__import__.stock_inventory_line_3851705_8021869,__import__.location_loc_GC03G5,9,__import__.product_8021869,__import__.stock_production_lot_3851705_8021869
__import__.stock_inventory_line_387A2_7910018,__import__.location_loc_GBD209,28,__import__.product_7910018,__import__.stock_production_lot_387A2_7910018
__import__.stock_inventory_line_388A10_7910010,__import__.location_loc_GBP117,44,__import__.product_7910010,__import__.stock_production_lot_388A10_7910010
__import__.stock_inventory_line_389499_7969006,__import__.location_loc_GD21B3,2,__import__.product_7969006,__import__.stock_production_lot_389499_7969006
__import__.stock_inventory_line_39B2_2717429,__import__.location_loc_GC08C3,1,__import__.product_2717429,__import__.stock_production_lot_39B2_2717429
__import__.stock_inventory_line_39C1_2972305,__import__.location_loc_GD07C2,58,__import__.product_2972305,__import__.stock_production_lot_39C1_2972305
__import__.stock_inventory_line_390A10_1655810,__import__.location_loc_GBP507,51,__import__.product_1655810,__import__.stock_production_lot_390A10_1655810
__import__.stock_inventory_line_391A3_7910009,__import__.location_loc_GBP317,17,__import__.product_7910009,__import__.stock_production_lot_391A3_7910009
__import__.stock_inventory_line_392A5_1655828,__import__.location_loc_GBG515,12,__import__.product_1655828,__import__.stock_production_lot_392A5_1655828
__import__.stock_inventory_line_3966452_2271237,__import__.location_loc_GF28E5,3,__import__.product_2271237,__import__.stock_production_lot_3966452_2271237
__import__.stock_inventory_line_3981705_8021846,__import__.location_loc_GC09C6,9,__import__.product_8021846,__import__.stock_production_lot_3981705_8021846
__import__.stock_inventory_line_4V381_3535598,__import__.location_loc_QCF110,4,__import__.product_3535598,__import__.stock_production_lot_4V381_3535598
__import__.stock_inventory_line_4003052017_6600838,__import__.location_loc_GBL301,1,__import__.product_6600838,__import__.stock_production_lot_4003052017_6600838
__import__.stock_inventory_line_40100101_2407401,__import__.location_loc_GF10A2,6,__import__.product_2407401,__import__.stock_production_lot_40100101_2407401
__import__.stock_inventory_line_401209002_5992194,__import__.location_loc_GL13B5,1,__import__.product_5992194,__import__.stock_production_lot_401209002_5992194
__import__.stock_inventory_line_4020620171_6600839,__import__.location_loc_GF23D3,6,__import__.product_6600839,__import__.stock_production_lot_4020620171_6600839
__import__.stock_inventory_line_405A1_1300573,__import__.location_loc_GE10C5,3,__import__.product_1300573,__import__.stock_production_lot_405A1_1300573
__import__.stock_inventory_line_4070_8076681,__import__.location_loc_QFD415,4,__import__.product_8076681,__import__.stock_production_lot_4070_8076681
__import__.stock_inventory_line_40901201_2407427,__import__.location_loc_GBA109,18,__import__.product_2407427,__import__.stock_production_lot_40901201_2407427
__import__.stock_inventory_line_4091C24QX_8196646,__import__.location_loc_EXI900,7,__import__.product_8196646,__import__.stock_production_lot_4091C24QX_8196646
__import__.stock_inventory_line_41B2_2972297,__import__.location_loc_GE26D3,261,__import__.product_2972297,__import__.stock_production_lot_41B2_2972297
__import__.stock_inventory_line_4107C24QX_8196646,__import__.location_loc_EXI900,12,__import__.product_8196646,__import__.stock_production_lot_4107C24QX_8196646
__import__.stock_inventory_line_4117ES1915_6350536,__import__.location_loc_GE06A5,4,__import__.product_6350536,__import__.stock_production_lot_4117ES1915_6350536
__import__.stock_inventory_line_412559_5080342,__import__.location_loc_GBA505,50,__import__.product_5080342,__import__.stock_production_lot_412559_5080342
__import__.stock_inventory_line_41347_8259817,__import__.location_loc_GC01B5,11,__import__.product_8259817,__import__.stock_production_lot_41347_8259817
__import__.stock_inventory_line_41415_8007154,__import__.location_loc_GD22E3,4,__import__.product_8007154,__import__.stock_production_lot_41415_8007154
__import__.stock_inventory_line_4167482_1705490,__import__.location_loc_GE11B2,6,__import__.product_1705490,__import__.stock_production_lot_4167482_1705490
__import__.stock_inventory_line_4168671_5232645,__import__.location_loc_GE03B1,7,__import__.product_5232645,__import__.stock_production_lot_4168671_5232645
__import__.stock_inventory_line_417671_6795006,__import__.location_loc_GC05E6,4,__import__.product_6795006,__import__.stock_production_lot_417671_6795006
__import__.stock_inventory_line_418A5_2446532,__import__.location_loc_GH09E4,33,__import__.product_2446532,__import__.stock_production_lot_418A5_2446532
__import__.stock_inventory_line_4187059_5232667,__import__.location_loc_EOI134,6,__import__.product_5232667,__import__.stock_production_lot_4187059_5232667
__import__.stock_inventory_line_419A2_2123842,__import__.location_loc_GE28C3,77,__import__.product_2123842,__import__.stock_production_lot_419A2_2123842
__import__.stock_inventory_line_4191605_3467131,__import__.location_loc_GD24C6,10,__import__.product_3467131,__import__.stock_production_lot_4191605_3467131
__import__.stock_inventory_line_42C4_2379741,__import__.location_loc_GGE104,12,__import__.product_2379741,__import__.stock_production_lot_42C4_2379741
__import__.stock_inventory_line_42F11_2745305,__import__.location_loc_GE12A3,24,__import__.product_2745305,__import__.stock_production_lot_42F11_2745305
__import__.stock_inventory_line_4201604_3467123,__import__.location_loc_GE11A2,6,__import__.product_3467123,__import__.stock_production_lot_4201604_3467123
__import__.stock_inventory_line_4227ES1218_6350532,__import__.location_loc_GAF302,12,__import__.product_6350532,__import__.stock_production_lot_4227ES1218_6350532
__import__.stock_inventory_line_423616D13_8001915,__import__.location_loc_GF13C5,1,__import__.product_8001915,__import__.stock_production_lot_423616D13_8001915
__import__.stock_inventory_line_42543_8259802,__import__.location_loc_GF17C3,40,__import__.product_8259802,__import__.stock_production_lot_42543_8259802
__import__.stock_inventory_line_42543_5702000,__import__.location_loc_GD09B5,7,__import__.product_5702000,__import__.stock_production_lot_42543_5702000
__import__.stock_inventory_line_42543_8259801,__import__.location_loc_GBO201,11,__import__.product_8259801,__import__.stock_production_lot_42543_8259801
__import__.stock_inventory_line_42544_8259812,__import__.location_loc_GE03A3,14,__import__.product_8259812,__import__.stock_production_lot_42544_8259812
__import__.stock_inventory_line_42553_5702000,__import__.location_loc_GD09B5,1,__import__.product_5702000,__import__.stock_production_lot_42553_5702000
__import__.stock_inventory_line_42626_8259820,__import__.location_loc_GF29B3,3,__import__.product_8259820,__import__.stock_production_lot_42626_8259820
__import__.stock_inventory_line_43B2_2379758,__import__.location_loc_GBD301,329,__import__.product_2379758,__import__.stock_production_lot_43B2_2379758
__import__.stock_inventory_line_43C3_2379741,__import__.location_loc_GGE104,70,__import__.product_2379741,__import__.stock_production_lot_43C3_2379741
__import__.stock_inventory_line_431501008_0393819,__import__.location_loc_GF29C5,2,__import__.product_0393819,__import__.stock_production_lot_431501008_0393819
__import__.stock_inventory_line_432946001_5408451,__import__.location_loc_GZZ405,1,__import__.product_5408451,__import__.stock_production_lot_432946001_5408451
__import__.stock_inventory_line_4381707_8021869,__import__.location_loc_GC03G5,10,__import__.product_8021869,__import__.stock_production_lot_4381707_8021869
__import__.stock_inventory_line_4384Z915_5398602,__import__.location_loc_GD09A1,3,__import__.product_5398602,__import__.stock_production_lot_4384Z915_5398602
__import__.stock_inventory_line_44A1_2379766,__import__.location_loc_GGB205,413,__import__.product_2379766,__import__.stock_production_lot_44A1_2379766
__import__.stock_inventory_line_44A4_2379766,__import__.location_loc_GGB205,252,__import__.product_2379766,__import__.stock_production_lot_44A4_2379766
__import__.stock_inventory_line_440405_0014290,__import__.location_loc_GD10C4,6,__import__.product_0014290,__import__.stock_production_lot_440405_0014290
__import__.stock_inventory_line_44165_8234306,__import__.location_loc_GF18C5,26,__import__.product_8234306,__import__.stock_production_lot_44165_8234306
__import__.stock_inventory_line_443151_6795005,__import__.location_loc_GC03D6,5,__import__.product_6795005,__import__.stock_production_lot_443151_6795005
__import__.stock_inventory_line_443153_6795004,__import__.location_loc_GC07F2,24,__import__.product_6795004,__import__.stock_production_lot_443153_6795004
__import__.stock_inventory_line_44422_5165001,__import__.location_loc_EXB400,1,__import__.product_5165001,__import__.stock_production_lot_44422_5165001
__import__.stock_inventory_line_446107_8259855,__import__.location_loc_GGG305,10,__import__.product_8259855,__import__.stock_production_lot_446107_8259855
__import__.stock_inventory_line_4500169217_8229127,__import__.location_loc_EOH104,5,__import__.product_8229127,__import__.stock_production_lot_4500169217_8229127
__import__.stock_inventory_line_4519420_2271203,__import__.location_loc_GD22D5,1,__import__.product_2271203,__import__.stock_production_lot_4519420_2271203
__import__.stock_inventory_line_4521609_8021852,__import__.location_loc_GC05A4,7,__import__.product_8021852,__import__.stock_production_lot_4521609_8021852
__import__.stock_inventory_line_4530317_3645181,__import__.location_loc_GBA115,57,__import__.product_3645181,__import__.stock_production_lot_4530317_3645181
__import__.stock_inventory_line_455823A_3052115,__import__.location_loc_QCF420,5,__import__.product_3052115,__import__.stock_production_lot_455823A_3052115
__import__.stock_inventory_line_45593_8259853,__import__.location_loc_GE04C1,1,__import__.product_8259853,__import__.stock_production_lot_45593_8259853
__import__.stock_inventory_line_45593_8259810,__import__.location_loc_GL02A1,3,__import__.product_8259810,__import__.stock_production_lot_45593_8259810
__import__.stock_inventory_line_45720217_1203181,__import__.location_loc_GGL104,52,__import__.product_1203181,__import__.stock_production_lot_45720217_1203181
__import__.stock_inventory_line_459532_3146362,__import__.location_loc_GAK215,136,__import__.product_3146362,__import__.stock_production_lot_459532_3146362
__import__.stock_inventory_line_460085_2655116,__import__.location_loc_GBX115,88,__import__.product_2655116,__import__.stock_production_lot_460085_2655116
__import__.stock_inventory_line_4601609_8021823,__import__.location_loc_GC07E2,9,__import__.product_8021823,__import__.stock_production_lot_4601609_8021823
__import__.stock_inventory_line_46221_8259858,__import__.location_loc_GC09A6,1,__import__.product_8259858,__import__.stock_production_lot_46221_8259858
__import__.stock_inventory_line_46224_8259819,__import__.location_loc_GD26C3,7,__import__.product_8259819,__import__.stock_production_lot_46224_8259819
__import__.stock_inventory_line_46226_8259858,__import__.location_loc_GC09A6,1,__import__.product_8259858,__import__.stock_production_lot_46226_8259858
__import__.stock_inventory_line_46226_8259805,__import__.location_loc_GC03B4,4,__import__.product_8259805,__import__.stock_production_lot_46226_8259805
__import__.stock_inventory_line_46226_8259804,__import__.location_loc_GD22G4,12,__import__.product_8259804,__import__.stock_production_lot_46226_8259804
__import__.stock_inventory_line_46228_8259820,__import__.location_loc_GF29B3,1,__import__.product_8259820,__import__.stock_production_lot_46228_8259820
__import__.stock_inventory_line_465057A_2931129,__import__.location_loc_GGV406,16,__import__.product_2931129,__import__.stock_production_lot_465057A_2931129
__import__.stock_inventory_line_466023A_3052115,__import__.location_loc_QCF420,4,__import__.product_3052115,__import__.stock_production_lot_466023A_3052115
__import__.stock_inventory_line_47021702_5427500,__import__.location_loc_QDB415,2,__import__.product_5427500,__import__.stock_production_lot_47021702_5427500
__import__.stock_inventory_line_476A_3338951,__import__.location_loc_GD14C6,60,__import__.product_3338951,__import__.stock_production_lot_476A_3338951
__import__.stock_inventory_line_4781610_8021869,__import__.location_loc_GC03G5,5,__import__.product_8021869,__import__.stock_production_lot_4781610_8021869
__import__.stock_inventory_line_480510_1074467,__import__.location_loc_GBC304,5,__import__.product_1074467,__import__.stock_production_lot_480510_1074467
__import__.stock_inventory_line_48061701_5427500,__import__.location_loc_QDB415,30,__import__.product_5427500,__import__.stock_production_lot_48061701_5427500
__import__.stock_inventory_line_492925_3204526,__import__.location_loc_GC15D2,11,__import__.product_3204526,__import__.stock_production_lot_492925_3204526
__import__.stock_inventory_line_49302_8259803,__import__.location_loc_GC31C4,20,__import__.product_8259803,__import__.stock_production_lot_49302_8259803
__import__.stock_inventory_line_49309_8259857,__import__.location_loc_GF13C7,46,__import__.product_8259857,__import__.stock_production_lot_49309_8259857
__import__.stock_inventory_line_494708_3156957,__import__.location_loc_GBH602,38,__import__.product_3156957,__import__.stock_production_lot_494708_3156957
__import__.stock_inventory_line_494765_3411212,__import__.location_loc_GI03B1,8,__import__.product_3411212,__import__.stock_production_lot_494765_3411212
__import__.stock_inventory_line_494768_3411212,__import__.location_loc_GI03B1,4,__import__.product_3411212,__import__.stock_production_lot_494768_3411212
__import__.stock_inventory_line_494840_3204609,__import__.location_loc_GD04F4,41,__import__.product_3204609,__import__.stock_production_lot_494840_3204609
__import__.stock_inventory_line_495155_3204625,__import__.location_loc_GD06E2,29,__import__.product_3204625,__import__.stock_production_lot_495155_3204625
__import__.stock_inventory_line_495168_3411212,__import__.location_loc_GI03B1,12,__import__.product_3411212,__import__.stock_production_lot_495168_3411212
__import__.stock_inventory_line_495169_3411212,__import__.location_loc_GI03B1,60,__import__.product_3411212,__import__.stock_production_lot_495169_3411212
__import__.stock_inventory_line_496861_5425035,__import__.location_loc_EXB200,2,__import__.product_5425035,__import__.stock_production_lot_496861_5425035
__import__.stock_inventory_line_497_6941347,__import__.location_loc_GH07E6,168,__import__.product_6941347,__import__.stock_production_lot_497_6941347
__import__.stock_inventory_line_497E7AC_3433968,__import__.location_loc_GK09B4,166,__import__.product_3433968,__import__.stock_production_lot_497E7AC_3433968
__import__.stock_inventory_line_499057A_2978989,__import__.location_loc_GF28A3,3,__import__.product_2978989,__import__.stock_production_lot_499057A_2978989
__import__.stock_inventory_line_5A3_3445848,__import__.location_loc_GGA503,7,__import__.product_3445848,__import__.stock_production_lot_5A3_3445848
__import__.stock_inventory_line_5B3307E_2924892,__import__.location_loc_GBD505,10,__import__.product_2924892,__import__.stock_production_lot_5B3307E_2924892
__import__.stock_inventory_line_5DJZ_2342095,__import__.location_loc_GBO302,7,__import__.product_2342095,__import__.stock_production_lot_5DJZ_2342095
__import__.stock_inventory_line_5D88_3247970,__import__.location_loc_GL11A3,5,__import__.product_3247970,__import__.stock_production_lot_5D88_3247970
__import__.stock_inventory_line_5HA7_2318491,__import__.location_loc_GD02C5,3,__import__.product_2318491,__import__.stock_production_lot_5HA7_2318491
__import__.stock_inventory_line_5JMF_3392156,__import__.location_loc_GI05B2,4,__import__.product_3392156,__import__.stock_production_lot_5JMF_3392156
__import__.stock_inventory_line_5L035H_2049146,__import__.location_loc_GE08B5,9,__import__.product_2049146,__import__.stock_production_lot_5L035H_2049146
__import__.stock_inventory_line_5L50A1_6792686,__import__.location_loc_GD10B4,1,__import__.product_6792686,__import__.stock_production_lot_5L50A1_6792686
__import__.stock_inventory_line_5M19_3280948,__import__.location_loc_GF31B6,1,__import__.product_3280948,__import__.stock_production_lot_5M19_3280948
__import__.stock_inventory_line_5N3Z_1179811,__import__.location_loc_GC15E1,11,__import__.product_1179811,__import__.stock_production_lot_5N3Z_1179811
__import__.stock_inventory_line_5N97_1179837,__import__.location_loc_GBL402,3,__import__.product_1179837,__import__.stock_production_lot_5N97_1179837
__import__.stock_inventory_line_5PMV_3427309,__import__.location_loc_GC32A3,35,__import__.product_3427309,__import__.stock_production_lot_5PMV_3427309
__import__.stock_inventory_line_5PUE_3247988,__import__.location_loc_GC10B1,6,__import__.product_3247988,__import__.stock_production_lot_5PUE_3247988
__import__.stock_inventory_line_5RCS17C21_5397502,__import__.location_loc_QFE210,1,__import__.product_5397502,__import__.stock_production_lot_5RCS17C21_5397502
__import__.stock_inventory_line_5RCS17D03_5397502,__import__.location_loc_QFE210,3,__import__.product_5397502,__import__.stock_production_lot_5RCS17D03_5397502
__import__.stock_inventory_line_5RC5_2617256,__import__.location_loc_GBA203,18,__import__.product_2617256,__import__.stock_production_lot_5RC5_2617256
__import__.stock_inventory_line_5RY2_3427317,__import__.location_loc_GBV104,9,__import__.product_3427317,__import__.stock_production_lot_5RY2_3427317
__import__.stock_inventory_line_5S9R_2617231,__import__.location_loc_GBX101,9,__import__.product_2617231,__import__.stock_production_lot_5S9R_2617231
__import__.stock_inventory_line_5TTB_1179837,__import__.location_loc_GBL402,12,__import__.product_1179837,__import__.stock_production_lot_5TTB_1179837
__import__.stock_inventory_line_5T43Z1_6940170,__import__.location_loc_GF26C2,3,__import__.product_6940170,__import__.stock_production_lot_5T43Z1_6940170
__import__.stock_inventory_line_5UL7_2342087,__import__.location_loc_GF12B3,4,__import__.product_2342087,__import__.stock_production_lot_5UL7_2342087
__import__.stock_inventory_line_5VFH_2617272,__import__.location_loc_GBD215,8,__import__.product_2617272,__import__.stock_production_lot_5VFH_2617272
__import__.stock_inventory_line_5WNE_2342194,__import__.location_loc_GBP509,14,__import__.product_2342194,__import__.stock_production_lot_5WNE_2342194
__import__.stock_inventory_line_5W4T_2342160,__import__.location_loc_GAE500,5,__import__.product_2342160,__import__.stock_production_lot_5W4T_2342160
__import__.stock_inventory_line_5XRK_6899071,__import__.location_loc_GD02A4,3,__import__.product_6899071,__import__.stock_production_lot_5XRK_6899071
__import__.stock_inventory_line_5XUD_2617371,__import__.location_loc_GK14B7,17,__import__.product_2617371,__import__.stock_production_lot_5XUD_2617371
__import__.stock_inventory_line_5X3G_2451623,__import__.location_loc_GD24B4,13,__import__.product_2451623,__import__.stock_production_lot_5X3G_2451623
__import__.stock_inventory_line_5YETB_1204783,__import__.location_loc_GGH508,1,__import__.product_1204783,__import__.stock_production_lot_5YETB_1204783
__import__.stock_inventory_line_5YSA_5120021,__import__.location_loc_GC14A1,5,__import__.product_5120021,__import__.stock_production_lot_5YSA_5120021
__import__.stock_inventory_line_5ZKHA_3237740,__import__.location_loc_GE28B2,20,__import__.product_3237740,__import__.stock_production_lot_5ZKHA_3237740
__import__.stock_inventory_line_500E6AC_2552271,__import__.location_loc_GC06B6,83,__import__.product_2552271,__import__.stock_production_lot_500E6AC_2552271
__import__.stock_inventory_line_5001317C_8063508,__import__.location_loc_GD19C6,2,__import__.product_8063508,__import__.stock_production_lot_5001317C_8063508
__import__.stock_inventory_line_5001817F_8063508,__import__.location_loc_GD19C6,22,__import__.product_8063508,__import__.stock_production_lot_5001817F_8063508
__import__.stock_inventory_line_5009317_5373852,__import__.location_loc_GC02D1,7,__import__.product_5373852,__import__.stock_production_lot_5009317_5373852
__import__.stock_inventory_line_501032173_0802389,__import__.location_loc_GD18D3,44,__import__.product_0802389,__import__.stock_production_lot_501032173_0802389
__import__.stock_inventory_line_501129170_0801571,__import__.location_loc_GD18D5,12,__import__.product_0801571,__import__.stock_production_lot_501129170_0801571
__import__.stock_inventory_line_50198_8270109,__import__.location_loc_GGH102,94,__import__.product_8270109,__import__.stock_production_lot_50198_8270109
__import__.stock_inventory_line_502744_8270510,__import__.location_loc_GGI401,43,__import__.product_8270510,__import__.stock_production_lot_502744_8270510
__import__.stock_inventory_line_50302_1074467,__import__.location_loc_GBC304,15,__import__.product_1074467,__import__.stock_production_lot_50302_1074467
__import__.stock_inventory_line_5032291_5008430,__import__.location_loc_GD07D4,1,__import__.product_5008430,__import__.stock_production_lot_5032291_5008430
__import__.stock_inventory_line_503250_6038742,__import__.location_loc_GF19D6,4,__import__.product_6038742,__import__.stock_production_lot_503250_6038742
__import__.stock_inventory_line_5033131_5008430,__import__.location_loc_GD07D4,3,__import__.product_5008430,__import__.stock_production_lot_5033131_5008430
__import__.stock_inventory_line_5033571_3008455,__import__.location_loc_GE20B4,1,__import__.product_3008455,__import__.stock_production_lot_5033571_3008455
__import__.stock_inventory_line_5033921_5008455,__import__.location_loc_GF25D5,2,__import__.product_5008455,__import__.stock_production_lot_5033921_5008455
__import__.stock_inventory_line_5033921_3008455,__import__.location_loc_GE20B4,16,__import__.product_3008455,__import__.stock_production_lot_5033921_3008455
__import__.stock_inventory_line_5034531_5008455,__import__.location_loc_GF25D5,2,__import__.product_5008455,__import__.stock_production_lot_5034531_5008455
__import__.stock_inventory_line_50385_1074566,__import__.location_loc_GF14D4,1,__import__.product_1074566,__import__.stock_production_lot_50385_1074566
__import__.stock_inventory_line_504815Q_8000672,__import__.location_loc_GC11C1,17,__import__.product_8000672,__import__.stock_production_lot_504815Q_8000672
__import__.stock_inventory_line_504861_8110610,__import__.location_loc_QDD410,6,__import__.product_8110610,__import__.stock_production_lot_504861_8110610
__import__.stock_inventory_line_50500101_2407393,__import__.location_loc_GE28B1,11,__import__.product_2407393,__import__.stock_production_lot_50500101_2407393
__import__.stock_inventory_line_50500101_2407419,__import__.location_loc_GD18C2,8,__import__.product_2407419,__import__.stock_production_lot_50500101_2407419
__import__.stock_inventory_line_50500201_2407351,__import__.location_loc_GBI303,5,__import__.product_2407351,__import__.stock_production_lot_50500201_2407351
__import__.stock_inventory_line_5062500_3058609,__import__.location_loc_GF17E5,1,__import__.product_3058609,__import__.stock_production_lot_5062500_3058609
__import__.stock_inventory_line_507102_5042528,__import__.location_loc_GE03E3,2,__import__.product_5042528,__import__.stock_production_lot_507102_5042528
__import__.stock_inventory_line_50733E0_2788966,__import__.location_loc_GF09D3,15,__import__.product_2788966,__import__.stock_production_lot_50733E0_2788966
__import__.stock_inventory_line_50737_5967003,__import__.location_loc_EXV400,97,__import__.product_5967003,__import__.stock_production_lot_50737_5967003
__import__.stock_inventory_line_50802_1074467,__import__.location_loc_GBC304,18,__import__.product_1074467,__import__.stock_production_lot_50802_1074467
__import__.stock_inventory_line_50807V0_2788917,__import__.location_loc_GBG101,6,__import__.product_2788917,__import__.stock_production_lot_50807V0_2788917
__import__.stock_inventory_line_51227_0185967,__import__.location_loc_GF30F6,3,__import__.product_0185967,__import__.stock_production_lot_51227_0185967
__import__.stock_inventory_line_512932_8377537,__import__.location_loc_EXE500,1,__import__.product_8377537,__import__.stock_production_lot_512932_8377537
__import__.stock_inventory_line_5132502_3051190,__import__.location_loc_GGP301,2,__import__.product_3051190,__import__.stock_production_lot_5132502_3051190
__import__.stock_inventory_line_5140790_0892570,__import__.location_loc_GBD103,16,__import__.product_0892570,__import__.stock_production_lot_5140790_0892570
__import__.stock_inventory_line_5141362_6600868,__import__.location_loc_GH31A1,2,__import__.product_6600868,__import__.stock_production_lot_5141362_6600868
__import__.stock_inventory_line_5141841_2269876,__import__.location_loc_GF30D9,3,__import__.product_2269876,__import__.stock_production_lot_5141841_2269876
__import__.stock_inventory_line_5142777_6600868,__import__.location_loc_GH31A1,3,__import__.product_6600868,__import__.stock_production_lot_5142777_6600868
__import__.stock_inventory_line_5143537_1013549,__import__.location_loc_GBD311,11,__import__.product_1013549,__import__.stock_production_lot_5143537_1013549
__import__.stock_inventory_line_5143628_6600866,__import__.location_loc_GBB104,69,__import__.product_6600866,__import__.stock_production_lot_5143628_6600866
__import__.stock_inventory_line_5143630_6600867,__import__.location_loc_GBH203,47,__import__.product_6600867,__import__.stock_production_lot_5143630_6600867
__import__.stock_inventory_line_5144000_6913888,__import__.location_loc_GD01B4,20,__import__.product_6913888,__import__.stock_production_lot_5144000_6913888
__import__.stock_inventory_line_5161_8030288,__import__.location_loc_GAG405,2,__import__.product_8030288,__import__.stock_production_lot_5161_8030288
__import__.stock_inventory_line_5168_8030288,__import__.location_loc_GAG405,9,__import__.product_8030288,__import__.stock_production_lot_5168_8030288
__import__.stock_inventory_line_517022017_6600834,__import__.location_loc_GD21A3,1,__import__.product_6600834,__import__.stock_production_lot_517022017_6600834
__import__.stock_inventory_line_522016_7368944,__import__.location_loc_GH09C1,14,__import__.product_7368944,__import__.stock_production_lot_522016_7368944
__import__.stock_inventory_line_52213_1074566,__import__.location_loc_GF14D4,15,__import__.product_1074566,__import__.stock_production_lot_52213_1074566
__import__.stock_inventory_line_52316_5967004,__import__.location_loc_EXV401,209,__import__.product_5967004,__import__.stock_production_lot_52316_5967004
__import__.stock_inventory_line_52612_5967004,__import__.location_loc_EXV401,189,__import__.product_5967004,__import__.stock_production_lot_52612_5967004
__import__.stock_inventory_line_52691_2262020,__import__.location_loc_GE09A2,4,__import__.product_2262020,__import__.stock_production_lot_52691_2262020
__import__.stock_inventory_line_5329_7910033,__import__.location_loc_GBT513,7,__import__.product_7910033,__import__.stock_production_lot_5329_7910033
__import__.stock_inventory_line_5329_7910034,__import__.location_loc_GL15B6,28,__import__.product_7910034,__import__.stock_production_lot_5329_7910034
__import__.stock_inventory_line_5329_2447936,__import__.location_loc_GF12A1,20,__import__.product_2447936,__import__.stock_production_lot_5329_2447936
__import__.stock_inventory_line_53432_5267011,__import__.location_loc_GD24F3,4,__import__.product_5267011,__import__.stock_production_lot_53432_5267011
__import__.stock_inventory_line_53460_2992808,__import__.location_loc_GC15B5,14,__import__.product_2992808,__import__.stock_production_lot_53460_2992808
__import__.stock_inventory_line_53467_3030269,__import__.location_loc_GGR506,47,__import__.product_3030269,__import__.stock_production_lot_53467_3030269
__import__.stock_inventory_line_53512_3216827,__import__.location_loc_GH11E6,5,__import__.product_3216827,__import__.stock_production_lot_53512_3216827
__import__.stock_inventory_line_53521_3282506,__import__.location_loc_GF17B5,1,__import__.product_3282506,__import__.stock_production_lot_53521_3282506
__import__.stock_inventory_line_53544_3030269,__import__.location_loc_GGR506,14,__import__.product_3030269,__import__.stock_production_lot_53544_3030269
__import__.stock_inventory_line_53544_2936151,__import__.location_loc_GC22C4,9,__import__.product_2936151,__import__.stock_production_lot_53544_2936151
__import__.stock_inventory_line_53545_5267012,__import__.location_loc_GF13B4,2,__import__.product_5267012,__import__.stock_production_lot_53545_5267012
__import__.stock_inventory_line_53550_3282506,__import__.location_loc_GF17B5,5,__import__.product_3282506,__import__.stock_production_lot_53550_3282506
__import__.stock_inventory_line_53597_3073590,__import__.location_loc_GD07C5,2,__import__.product_3073590,__import__.stock_production_lot_53597_3073590
__import__.stock_inventory_line_53606_5267010,__import__.location_loc_GH09A1,9,__import__.product_5267010,__import__.stock_production_lot_53606_5267010
__import__.stock_inventory_line_53615_2262061,__import__.location_loc_GE15C7,1,__import__.product_2262061,__import__.stock_production_lot_53615_2262061
__import__.stock_inventory_line_53654_2901189,__import__.location_loc_GE23C2,22,__import__.product_2901189,__import__.stock_production_lot_53654_2901189
__import__.stock_inventory_line_53655_2901205,__import__.location_loc_GE21D1,19,__import__.product_2901205,__import__.stock_production_lot_53655_2901205
__import__.stock_inventory_line_53657_3076619,__import__.location_loc_GE30B3,7,__import__.product_3076619,__import__.stock_production_lot_53657_3076619
__import__.stock_inventory_line_53662_2882199,__import__.location_loc_GGU204,4,__import__.product_2882199,__import__.stock_production_lot_53662_2882199
__import__.stock_inventory_line_53664_3028313,__import__.location_loc_GC25D4,20,__import__.product_3028313,__import__.stock_production_lot_53664_3028313
__import__.stock_inventory_line_53666_3028339,__import__.location_loc_GD05C4,1,__import__.product_3028339,__import__.stock_production_lot_53666_3028339
__import__.stock_inventory_line_53667_5267011,__import__.location_loc_GD24F3,6,__import__.product_5267011,__import__.stock_production_lot_53667_5267011
__import__.stock_inventory_line_53681_3028297,__import__.location_loc_GE24B1,9,__import__.product_3028297,__import__.stock_production_lot_53681_3028297
__import__.stock_inventory_line_53685_3076601,__import__.location_loc_GF21C3,18,__import__.product_3076601,__import__.stock_production_lot_53685_3076601
__import__.stock_inventory_line_53689_3282506,__import__.location_loc_GF17B5,18,__import__.product_3282506,__import__.stock_production_lot_53689_3282506
__import__.stock_inventory_line_53691_2262046,__import__.location_loc_GAC440,21,__import__.product_2262046,__import__.stock_production_lot_53691_2262046
__import__.stock_inventory_line_53696_2262061,__import__.location_loc_GE15C7,9,__import__.product_2262061,__import__.stock_production_lot_53696_2262061
__import__.stock_inventory_line_53712_2261998,__import__.location_loc_GC31B6,12,__import__.product_2261998,__import__.stock_production_lot_53712_2261998
__import__.stock_inventory_line_53713_3582582,__import__.location_loc_GE04A4,12,__import__.product_3582582,__import__.stock_production_lot_53713_3582582
__import__.stock_inventory_line_53714_3076601,__import__.location_loc_GF21C3,60,__import__.product_3076601,__import__.stock_production_lot_53714_3076601
__import__.stock_inventory_line_53725_3073590,__import__.location_loc_GD07C5,1,__import__.product_3073590,__import__.stock_production_lot_53725_3073590
__import__.stock_inventory_line_537402_3495157,__import__.location_loc_GD24E3,28,__import__.product_3495157,__import__.stock_production_lot_537402_3495157
__import__.stock_inventory_line_53743_2901197,__import__.location_loc_GF12E4,8,__import__.product_2901197,__import__.stock_production_lot_53743_2901197
__import__.stock_inventory_line_53751_2851343,__import__.location_loc_GD09D2,33,__import__.product_2851343,__import__.stock_production_lot_53751_2851343
__import__.stock_inventory_line_53763_3028289,__import__.location_loc_GE22A4,6,__import__.product_3028289,__import__.stock_production_lot_53763_3028289
__import__.stock_inventory_line_53798_2262004,__import__.location_loc_GC31F4,12,__import__.product_2262004,__import__.stock_production_lot_53798_2262004
__import__.stock_inventory_line_543312319_0180836,__import__.location_loc_GD10D3,4,__import__.product_0180836,__import__.stock_production_lot_543312319_0180836
__import__.stock_inventory_line_5451914_2271203,__import__.location_loc_GD22D5,2,__import__.product_2271203,__import__.stock_production_lot_5451914_2271203
__import__.stock_inventory_line_546502_3294238,__import__.location_loc_GD24E1,7,__import__.product_3294238,__import__.stock_production_lot_546502_3294238
__import__.stock_inventory_line_54668_8054219,__import__.location_loc_EXH200,1,__import__.product_8054219,__import__.stock_production_lot_54668_8054219
__import__.stock_inventory_line_54768A_2913689,__import__.location_loc_GE11F2,5,__import__.product_2913689,__import__.stock_production_lot_54768A_2913689
__import__.stock_inventory_line_54863_8054219,__import__.location_loc_EXH200,1,__import__.product_8054219,__import__.stock_production_lot_54863_8054219
__import__.stock_inventory_line_55050_8082405,__import__.location_loc_GL03A4,1,__import__.product_8082405,__import__.stock_production_lot_55050_8082405
__import__.stock_inventory_line_555_5055127,__import__.location_loc_QEB410,7,__import__.product_5055127,__import__.stock_production_lot_555_5055127
__import__.stock_inventory_line_55519_1077486,__import__.location_loc_GAB400,2,__import__.product_1077486,__import__.stock_production_lot_55519_1077486
__import__.stock_inventory_line_55779_7933605,__import__.location_loc_GL15B4,3,__import__.product_7933605,__import__.stock_production_lot_55779_7933605
__import__.stock_inventory_line_55829_4344073,__import__.location_loc_GGD103,2,__import__.product_4344073,__import__.stock_production_lot_55829_4344073
__import__.stock_inventory_line_55832_8082405,__import__.location_loc_GL03A4,2,__import__.product_8082405,__import__.stock_production_lot_55832_8082405
__import__.stock_inventory_line_55878_4629976,__import__.location_loc_GL03B5,13,__import__.product_4629976,__import__.stock_production_lot_55878_4629976
__import__.stock_inventory_line_56011701_3632676,__import__.location_loc_QCD110,7,__import__.product_3632676,__import__.stock_production_lot_56011701_3632676
__import__.stock_inventory_line_56011702_3632668,__import__.location_loc_QFD120,18,__import__.product_3632668,__import__.stock_production_lot_56011702_3632668
__import__.stock_inventory_line_56013T2_7745051,__import__.location_loc_GF17C4,16,__import__.product_7745051,__import__.stock_production_lot_56013T2_7745051
__import__.stock_inventory_line_56047_3272762,__import__.location_loc_GD28B5,6,__import__.product_3272762,__import__.stock_production_lot_56047_3272762
__import__.stock_inventory_line_56123_8041257,__import__.location_loc_GF20D9,1,__import__.product_8041257,__import__.stock_production_lot_56123_8041257
__import__.stock_inventory_line_56165_8188664,__import__.location_loc_GD25C1,1,__import__.product_8188664,__import__.stock_production_lot_56165_8188664
__import__.stock_inventory_line_562005_3204500,__import__.location_loc_GBB503,6,__import__.product_3204500,__import__.stock_production_lot_562005_3204500
__import__.stock_inventory_line_562005D_3204500,__import__.location_loc_GBB503,6,__import__.product_3204500,__import__.stock_production_lot_562005D_3204500
__import__.stock_inventory_line_56216_4379752,__import__.location_loc_GBA113,8,__import__.product_4379752,__import__.stock_production_lot_56216_4379752
__import__.stock_inventory_line_56217_4379752,__import__.location_loc_GBA113,15,__import__.product_4379752,__import__.stock_production_lot_56217_4379752
__import__.stock_inventory_line_56250_5394005,__import__.location_loc_GH33B3,1,__import__.product_5394005,__import__.stock_production_lot_56250_5394005
__import__.stock_inventory_line_563_9512048,__import__.location_loc_QEE110,1,__import__.product_9512048,__import__.stock_production_lot_563_9512048
__import__.stock_inventory_line_56314_5394001,__import__.location_loc_GL06B4,2,__import__.product_5394001,__import__.stock_production_lot_56314_5394001
__import__.stock_inventory_line_56358_7933605,__import__.location_loc_GL15B4,16,__import__.product_7933605,__import__.stock_production_lot_56358_7933605
__import__.stock_inventory_line_56367_1806360,__import__.location_loc_GE26B5,10,__import__.product_1806360,__import__.stock_production_lot_56367_1806360
__import__.stock_inventory_line_56430_8132824,__import__.location_loc_GK09B5,7,__import__.product_8132824,__import__.stock_production_lot_56430_8132824
__import__.stock_inventory_line_56483_8477658,__import__.location_loc_GF27B3,15,__import__.product_8477658,__import__.stock_production_lot_56483_8477658
__import__.stock_inventory_line_56486_5394002,__import__.location_loc_GE30D1,22,__import__.product_5394002,__import__.stock_production_lot_56486_5394002
__import__.stock_inventory_line_56488_5394010,__import__.location_loc_GK16B3,5,__import__.product_5394010,__import__.stock_production_lot_56488_5394010
__import__.stock_inventory_line_56518_5394005,__import__.location_loc_GH33B3,4,__import__.product_5394005,__import__.stock_production_lot_56518_5394005
__import__.stock_inventory_line_56530_4241781,__import__.location_loc_GL12B3,1,__import__.product_4241781,__import__.stock_production_lot_56530_4241781
__import__.stock_inventory_line_56537_8100994,__import__.location_loc_GAI245,16,__import__.product_8100994,__import__.stock_production_lot_56537_8100994
__import__.stock_inventory_line_56554_8132830,__import__.location_loc_GD21A4,5,__import__.product_8132830,__import__.stock_production_lot_56554_8132830
__import__.stock_inventory_line_566172_8110685,__import__.location_loc_QFA310,21,__import__.product_8110685,__import__.stock_production_lot_566172_8110685
__import__.stock_inventory_line_566172_8110679,__import__.location_loc_QEF410,6,__import__.product_8110679,__import__.stock_production_lot_566172_8110679
__import__.stock_inventory_line_566172_6980985,__import__.location_loc_QFE460,6,__import__.product_6980985,__import__.stock_production_lot_566172_6980985
__import__.stock_inventory_line_56638_4580922,__import__.location_loc_GL13B2,2,__import__.product_4580922,__import__.stock_production_lot_56638_4580922
__import__.stock_inventory_line_56704_4344073,__import__.location_loc_GGD103,15,__import__.product_4344073,__import__.stock_production_lot_56704_4344073
__import__.stock_inventory_line_56717_5394003,__import__.location_loc_GF21A2,14,__import__.product_5394003,__import__.stock_production_lot_56717_5394003
__import__.stock_inventory_line_56756_4327784,__import__.location_loc_GF27B4,31,__import__.product_4327784,__import__.stock_production_lot_56756_4327784
__import__.stock_inventory_line_56794_4327790,__import__.location_loc_GI09A1,24,__import__.product_4327790,__import__.stock_production_lot_56794_4327790
__import__.stock_inventory_line_56801_8106347,__import__.location_loc_GGV102,25,__import__.product_8106347,__import__.stock_production_lot_56801_8106347
__import__.stock_inventory_line_56816_4741437,__import__.location_loc_GL12B4,14,__import__.product_4741437,__import__.stock_production_lot_56816_4741437
__import__.stock_inventory_line_56865_5394010,__import__.location_loc_GK16B3,2,__import__.product_5394010,__import__.stock_production_lot_56865_5394010
__import__.stock_inventory_line_56874_8041257,__import__.location_loc_GF20D9,1,__import__.product_8041257,__import__.stock_production_lot_56874_8041257
__import__.stock_inventory_line_56898_8132830,__import__.location_loc_GD21A4,15,__import__.product_8132830,__import__.stock_production_lot_56898_8132830
__import__.stock_inventory_line_56948_4344096,__import__.location_loc_GL05A2,3,__import__.product_4344096,__import__.stock_production_lot_56948_4344096
__import__.stock_inventory_line_57001_4449599,__import__.location_loc_GF31A2,6,__import__.product_4449599,__import__.stock_production_lot_57001_4449599
__import__.stock_inventory_line_57002_4449582,__import__.location_loc_GL02B3,35,__import__.product_4449582,__import__.stock_production_lot_57002_4449582
__import__.stock_inventory_line_57008_8493309,__import__.location_loc_GK13A2,34,__import__.product_8493309,__import__.stock_production_lot_57008_8493309
__import__.stock_inventory_line_57041_8188664,__import__.location_loc_GD25C1,4,__import__.product_8188664,__import__.stock_production_lot_57041_8188664
__import__.stock_inventory_line_57047_5394001,__import__.location_loc_GL06B4,3,__import__.product_5394001,__import__.stock_production_lot_57047_5394001
__import__.stock_inventory_line_57066_4241781,__import__.location_loc_GL12B3,1,__import__.product_4241781,__import__.stock_production_lot_57066_4241781
__import__.stock_inventory_line_57083_5394006,__import__.location_loc_GE28D4,16,__import__.product_5394006,__import__.stock_production_lot_57083_5394006
__import__.stock_inventory_line_57104_4507747,__import__.location_loc_GK14B3,54,__import__.product_4507747,__import__.stock_production_lot_57104_4507747
__import__.stock_inventory_line_57181_5115820,__import__.location_loc_GGE505,162,__import__.product_5115820,__import__.stock_production_lot_57181_5115820
__import__.stock_inventory_line_572EB_2329589,__import__.location_loc_GH07C4,56,__import__.product_2329589,__import__.stock_production_lot_572EB_2329589
__import__.stock_inventory_line_57228_8132824,__import__.location_loc_GK09B5,16,__import__.product_8132824,__import__.stock_production_lot_57228_8132824
__import__.stock_inventory_line_57266_5394003,__import__.location_loc_GF21A2,35,__import__.product_5394003,__import__.stock_production_lot_57266_5394003
__import__.stock_inventory_line_57272_5477606,__import__.location_loc_GAA120,56,__import__.product_5477606,__import__.stock_production_lot_57272_5477606
__import__.stock_inventory_line_57311_4241781,__import__.location_loc_GL12B3,4,__import__.product_4241781,__import__.stock_production_lot_57311_4241781
__import__.stock_inventory_line_57335_4327784,__import__.location_loc_GF27B4,36,__import__.product_4327784,__import__.stock_production_lot_57335_4327784
__import__.stock_inventory_line_57342_4580922,__import__.location_loc_GL13B2,10,__import__.product_4580922,__import__.stock_production_lot_57342_4580922
__import__.stock_inventory_line_5745057_3271863,__import__.location_loc_GC07G2,7,__import__.product_3271863,__import__.stock_production_lot_5745057_3271863
__import__.stock_inventory_line_5753_8426916,__import__.location_loc_GD19C3,1,__import__.product_8426916,__import__.stock_production_lot_5753_8426916
__import__.stock_inventory_line_5755067_3152659,__import__.location_loc_GE01B5,4,__import__.product_3152659,__import__.stock_production_lot_5755067_3152659
__import__.stock_inventory_line_577F7CB_3433893,__import__.location_loc_GC30C3,1,__import__.product_3433893,__import__.stock_production_lot_577F7CB_3433893
__import__.stock_inventory_line_589DA_2612067,__import__.location_loc_GC31B5,19,__import__.product_2612067,__import__.stock_production_lot_589DA_2612067
__import__.stock_inventory_line_591006_3640943,__import__.location_loc_GBK405,169,__import__.product_3640943,__import__.stock_production_lot_591006_3640943
__import__.stock_inventory_line_595302008_5421724,__import__.location_loc_GBY103,10,__import__.product_5421724,__import__.stock_production_lot_595302008_5421724
__import__.stock_inventory_line_597802001_5992193,__import__.location_loc_GL05B1,1,__import__.product_5992193,__import__.stock_production_lot_597802001_5992193
__import__.stock_inventory_line_597803008_5942209,__import__.location_loc_GGD201,1,__import__.product_5942209,__import__.stock_production_lot_597803008_5942209
__import__.stock_inventory_line_598701006_5290196,__import__.location_loc_GC08B4,4,__import__.product_5290196,__import__.stock_production_lot_598701006_5290196
__import__.stock_inventory_line_598902007_0192295,__import__.location_loc_GD24B2,9,__import__.product_0192295,__import__.stock_production_lot_598902007_0192295
__import__.stock_inventory_line_598904001_5942176,__import__.location_loc_GE24C4,6,__import__.product_5942176,__import__.stock_production_lot_598904001_5942176
__import__.stock_inventory_line_599002003_0192385,__import__.location_loc_GD21D3,1,__import__.product_0192385,__import__.stock_production_lot_599002003_0192385
__import__.stock_inventory_line_599002003_0192450,__import__.location_loc_GD05D4,8,__import__.product_0192450,__import__.stock_production_lot_599002003_0192450
__import__.stock_inventory_line_6ABJ_1220466,__import__.location_loc_GGE405,46,__import__.product_1220466,__import__.stock_production_lot_6ABJ_1220466
__import__.stock_inventory_line_6AB2_2617330,__import__.location_loc_GBA213,73,__import__.product_2617330,__import__.stock_production_lot_6AB2_2617330
__import__.stock_inventory_line_6AC9_2342111,__import__.location_loc_GBK213,5,__import__.product_2342111,__import__.stock_production_lot_6AC9_2342111
__import__.stock_inventory_line_6AHG_2183143,__import__.location_loc_GGS405,33,__import__.product_2183143,__import__.stock_production_lot_6AHG_2183143
__import__.stock_inventory_line_6AK6A_1509025,__import__.location_loc_GBX509,70,__import__.product_1509025,__import__.stock_production_lot_6AK6A_1509025
__import__.stock_inventory_line_6AMB_6946818,__import__.location_loc_GD03A2,31,__import__.product_6946818,__import__.stock_production_lot_6AMB_6946818
__import__.stock_inventory_line_6AMJ_6562302,__import__.location_loc_GF30E3,9,__import__.product_6562302,__import__.stock_production_lot_6AMJ_6562302
__import__.stock_inventory_line_6ASZ_2617397,__import__.location_loc_GBP201,2,__import__.product_2617397,__import__.stock_production_lot_6ASZ_2617397
__import__.stock_inventory_line_6ATG_6840758,__import__.location_loc_GD02C2,7,__import__.product_6840758,__import__.stock_production_lot_6ATG_6840758
__import__.stock_inventory_line_6ATX_3535853,__import__.location_loc_QFD145,2,__import__.product_3535853,__import__.stock_production_lot_6ATX_3535853
__import__.stock_inventory_line_6AYG_3535846,__import__.location_loc_QDB320,14,__import__.product_3535846,__import__.stock_production_lot_6AYG_3535846
__import__.stock_inventory_line_6A0167M_6710352,__import__.location_loc_GD02E7,4,__import__.product_6710352,__import__.stock_production_lot_6A0167M_6710352
__import__.stock_inventory_line_6A0345F_6868484,__import__.location_loc_GF14C1,1,__import__.product_6868484,__import__.stock_production_lot_6A0345F_6868484
__import__.stock_inventory_line_6A0511C_6902034,__import__.location_loc_GE15D6,1,__import__.product_6902034,__import__.stock_production_lot_6A0511C_6902034
__import__.stock_inventory_line_6A1JA_2599827,__import__.location_loc_GGK303,7,__import__.product_2599827,__import__.stock_production_lot_6A1JA_2599827
__import__.stock_inventory_line_6A16P500_8038309,__import__.location_loc_GC08D4,3,__import__.product_8038309,__import__.stock_production_lot_6A16P500_8038309
__import__.stock_inventory_line_6A17C502_8038321,__import__.location_loc_GC16D4,2,__import__.product_8038321,__import__.stock_production_lot_6A17C502_8038321
__import__.stock_inventory_line_6A17C503_8038338,__import__.location_loc_GC22C1,4,__import__.product_8038338,__import__.stock_production_lot_6A17C503_8038338
__import__.stock_inventory_line_6A17C504_8038344,__import__.location_loc_GC20B2,3,__import__.product_8038344,__import__.stock_production_lot_6A17C504_8038344
__import__.stock_inventory_line_6A17D501_8038315,__import__.location_loc_GC20C3,4,__import__.product_8038315,__import__.stock_production_lot_6A17D501_8038315
__import__.stock_inventory_line_6A17D504_8038367,__import__.location_loc_GC14C2,4,__import__.product_8038367,__import__.stock_production_lot_6A17D504_8038367
__import__.stock_inventory_line_6A2D_9512033,__import__.location_loc_GI05A4,28,__import__.product_9512033,__import__.stock_production_lot_6A2D_9512033
__import__.stock_inventory_line_6A29_0254722,__import__.location_loc_GGH106,61,__import__.product_0254722,__import__.stock_production_lot_6A29_0254722
__import__.stock_inventory_line_6A4M_4321557,__import__.location_loc_GD22F4,13,__import__.product_4321557,__import__.stock_production_lot_6A4M_4321557
__import__.stock_inventory_line_6BCK_0026963,__import__.location_loc_GBK303,288,__import__.product_0026963,__import__.stock_production_lot_6BCK_0026963
__import__.stock_inventory_line_6BK9_2342103,__import__.location_loc_GBG509,48,__import__.product_2342103,__import__.stock_production_lot_6BK9_2342103
__import__.stock_inventory_line_6BLP_2876050,__import__.location_loc_GD17B4,37,__import__.product_2876050,__import__.stock_production_lot_6BLP_2876050
__import__.stock_inventory_line_6BPU_2271765,__import__.location_loc_QCD310,4,__import__.product_2271765,__import__.stock_production_lot_6BPU_2271765
__import__.stock_inventory_line_6BS1_3280948,__import__.location_loc_GF31B6,8,__import__.product_3280948,__import__.stock_production_lot_6BS1_3280948
__import__.stock_inventory_line_6B1084AA_2890218,__import__.location_loc_GGM305,27,__import__.product_2890218,__import__.stock_production_lot_6B1084AA_2890218
__import__.stock_inventory_line_6B2977H_2924850,__import__.location_loc_GBK117,45,__import__.product_2924850,__import__.stock_production_lot_6B2977H_2924850
__import__.stock_inventory_line_6B2977M_2924868,__import__.location_loc_GBD303,14,__import__.product_2924868,__import__.stock_production_lot_6B2977M_2924868
__import__.stock_inventory_line_6B2977X_2924934,__import__.location_loc_GBA209,10,__import__.product_2924934,__import__.stock_production_lot_6B2977X_2924934
__import__.stock_inventory_line_6B2986B_2924900,__import__.location_loc_GGB108,8,__import__.product_2924900,__import__.stock_production_lot_6B2986B_2924900
__import__.stock_inventory_line_6B2986J_2924892,__import__.location_loc_GBD505,1,__import__.product_2924892,__import__.stock_production_lot_6B2986J_2924892
__import__.stock_inventory_line_6B3C_9001323,__import__.location_loc_GC30C4,2,__import__.product_9001323,__import__.stock_production_lot_6B3C_9001323
__import__.stock_inventory_line_6B3S_2203164,__import__.location_loc_GK11B5,16,__import__.product_2203164,__import__.stock_production_lot_6B3S_2203164
__import__.stock_inventory_line_6B3W_3280914,__import__.location_loc_GBK101,53,__import__.product_3280914,__import__.stock_production_lot_6B3W_3280914
__import__.stock_inventory_line_6B3X_3280922,__import__.location_loc_GE24A2,36,__import__.product_3280922,__import__.stock_production_lot_6B3X_3280922
__import__.stock_inventory_line_6B3078A_2646300,__import__.location_loc_GBK407,6,__import__.product_2646300,__import__.stock_production_lot_6B3078A_2646300
__import__.stock_inventory_line_6B3078C_2646300,__import__.location_loc_GBK407,29,__import__.product_2646300,__import__.stock_production_lot_6B3078C_2646300
__import__.stock_inventory_line_6CDM_2783363,__import__.location_loc_GBK519,15,__import__.product_2783363,__import__.stock_production_lot_6CDM_2783363
__import__.stock_inventory_line_6CEHA_6899071,__import__.location_loc_GD02A4,20,__import__.product_6899071,__import__.stock_production_lot_6CEHA_6899071
__import__.stock_inventory_line_6CH9_4507799,__import__.location_loc_GF27C5,3,__import__.product_4507799,__import__.stock_production_lot_6CH9_4507799
__import__.stock_inventory_line_6CK3_1171487,__import__.location_loc_GGH404,109,__import__.product_1171487,__import__.stock_production_lot_6CK3_1171487
__import__.stock_inventory_line_6CNZ_6971667,__import__.location_loc_GD04F7,1,__import__.product_6971667,__import__.stock_production_lot_6CNZ_6971667
__import__.stock_inventory_line_6CXJ_0384537,__import__.location_loc_GK01B4,354,__import__.product_0384537,__import__.stock_production_lot_6CXJ_0384537
__import__.stock_inventory_line_6CZTA_1581541,__import__.location_loc_GGH509,66,__import__.product_1581541,__import__.stock_production_lot_6CZTA_1581541
__import__.stock_inventory_line_6C1011G_8113778,__import__.location_loc_GE11B3,2,__import__.product_8113778,__import__.stock_production_lot_6C1011G_8113778
__import__.stock_inventory_line_6C1032F_1447416,__import__.location_loc_GGE102,48,__import__.product_1447416,__import__.stock_production_lot_6C1032F_1447416
__import__.stock_inventory_line_6C1041B_6867912,__import__.location_loc_GD04A1,43,__import__.product_6867912,__import__.stock_production_lot_6C1041B_6867912
__import__.stock_inventory_line_6C1201E_2509917,__import__.location_loc_GC14B1,2,__import__.product_2509917,__import__.stock_production_lot_6C1201E_2509917
__import__.stock_inventory_line_6C1320A_6948728,__import__.location_loc_GGH202,38,__import__.product_6948728,__import__.stock_production_lot_6C1320A_6948728
__import__.stock_inventory_line_6C1353D_6989443,__import__.location_loc_GF14F1,11,__import__.product_6989443,__import__.stock_production_lot_6C1353D_6989443
__import__.stock_inventory_line_6C1354U_1329614,__import__.location_loc_GGP306,33,__import__.product_1329614,__import__.stock_production_lot_6C1354U_1329614
__import__.stock_inventory_line_6C1513U_2509776,__import__.location_loc_GF14F6,13,__import__.product_2509776,__import__.stock_production_lot_6C1513U_2509776
__import__.stock_inventory_line_6C1515K_2509792,__import__.location_loc_GGE407,4,__import__.product_2509792,__import__.stock_production_lot_6C1515K_2509792
__import__.stock_inventory_line_6C1778B_6869101,__import__.location_loc_GD04E1,7,__import__.product_6869101,__import__.stock_production_lot_6C1778B_6869101
__import__.stock_inventory_line_6C1813E_6868490,__import__.location_loc_GD02B2,15,__import__.product_6868490,__import__.stock_production_lot_6C1813E_6868490
__import__.stock_inventory_line_6C1830B_6869101,__import__.location_loc_GD04E1,60,__import__.product_6869101,__import__.stock_production_lot_6C1830B_6869101
__import__.stock_inventory_line_6C1894V_2509826,__import__.location_loc_GBR103,1,__import__.product_2509826,__import__.stock_production_lot_6C1894V_2509826
__import__.stock_inventory_line_6C1902C_6846910,__import__.location_loc_GD02D1,16,__import__.product_6846910,__import__.stock_production_lot_6C1902C_6846910
__import__.stock_inventory_line_6C1902D_6846910,__import__.location_loc_GD02D1,2,__import__.product_6846910,__import__.stock_production_lot_6C1902D_6846910
__import__.stock_inventory_line_6C2034K_3268018,__import__.location_loc_GF20E7,34,__import__.product_3268018,__import__.stock_production_lot_6C2034K_3268018
__import__.stock_inventory_line_6C2034M_3269461,__import__.location_loc_GF22E5,70,__import__.product_3269461,__import__.stock_production_lot_6C2034M_3269461
__import__.stock_inventory_line_6C2036F_3281946,__import__.location_loc_GD12D4,10,__import__.product_3281946,__import__.stock_production_lot_6C2036F_3281946
__import__.stock_inventory_line_6C2238J_6868484,__import__.location_loc_GF14C1,14,__import__.product_6868484,__import__.stock_production_lot_6C2238J_6868484
__import__.stock_inventory_line_6C2255A_6847588,__import__.location_loc_GBD417,52,__import__.product_6847588,__import__.stock_production_lot_6C2255A_6847588
__import__.stock_inventory_line_6C3074C_3419561,__import__.location_loc_GGP206,19,__import__.product_3419561,__import__.stock_production_lot_6C3074C_3419561
__import__.stock_inventory_line_6C3075H_3419520,__import__.location_loc_GC10D5,5,__import__.product_3419520,__import__.stock_production_lot_6C3075H_3419520
__import__.stock_inventory_line_6C3160D_1400514,__import__.location_loc_GGS304,60,__import__.product_1400514,__import__.stock_production_lot_6C3160D_1400514
__import__.stock_inventory_line_6C3174F_6969765,__import__.location_loc_GF28C4,24,__import__.product_6969765,__import__.stock_production_lot_6C3174F_6969765
__import__.stock_inventory_line_6C3247G_2849339,__import__.location_loc_GD02F5,46,__import__.product_2849339,__import__.stock_production_lot_6C3247G_2849339
__import__.stock_inventory_line_6C3364B_6971377,__import__.location_loc_GF32D2,14,__import__.product_6971377,__import__.stock_production_lot_6C3364B_6971377
__import__.stock_inventory_line_6C3381G_2433787,__import__.location_loc_GBV405,2,__import__.product_2433787,__import__.stock_production_lot_6C3381G_2433787
__import__.stock_inventory_line_6C3461D_8113778,__import__.location_loc_GE11B3,9,__import__.product_8113778,__import__.stock_production_lot_6C3461D_8113778
__import__.stock_inventory_line_6C3500B_1277136,__import__.location_loc_GGE306,21,__import__.product_1277136,__import__.stock_production_lot_6C3500B_1277136
__import__.stock_inventory_line_6C3503K_6710352,__import__.location_loc_GD02E7,12,__import__.product_6710352,__import__.stock_production_lot_6C3503K_6710352
__import__.stock_inventory_line_6C3526H_2509792,__import__.location_loc_GGE407,11,__import__.product_2509792,__import__.stock_production_lot_6C3526H_2509792
__import__.stock_inventory_line_6C3560B_9512008,__import__.location_loc_GD04B1,1,__import__.product_9512008,__import__.stock_production_lot_6C3560B_9512008
__import__.stock_inventory_line_6C3563B_1118975,__import__.location_loc_GGP303,18,__import__.product_1118975,__import__.stock_production_lot_6C3563B_1118975
__import__.stock_inventory_line_6C3619D_6850113,__import__.location_loc_GF20E9,3,__import__.product_6850113,__import__.stock_production_lot_6C3619D_6850113
__import__.stock_inventory_line_6C3802F_3419546,__import__.location_loc_GGS205,7,__import__.product_3419546,__import__.stock_production_lot_6C3802F_3419546
__import__.stock_inventory_line_6C3834K_2849354,__import__.location_loc_GE23B3,20,__import__.product_2849354,__import__.stock_production_lot_6C3834K_2849354
__import__.stock_inventory_line_6C3892D_6839123,__import__.location_loc_GD02B5,7,__import__.product_6839123,__import__.stock_production_lot_6C3892D_6839123
__import__.stock_inventory_line_6C3898B_6867740,__import__.location_loc_GD04C3,5,__import__.product_6867740,__import__.stock_production_lot_6C3898B_6867740
__import__.stock_inventory_line_6C3990H_2509784,__import__.location_loc_GBO304,2,__import__.product_2509784,__import__.stock_production_lot_6C3990H_2509784
__import__.stock_inventory_line_6C4042B_6957615,__import__.location_loc_GE07B3,3,__import__.product_6957615,__import__.stock_production_lot_6C4042B_6957615
__import__.stock_inventory_line_6C4125C_6867740,__import__.location_loc_GD04C3,60,__import__.product_6867740,__import__.stock_production_lot_6C4125C_6867740
__import__.stock_inventory_line_6C4152E_1684364,__import__.location_loc_GBK207,222,__import__.product_1684364,__import__.stock_production_lot_6C4152E_1684364
__import__.stock_inventory_line_6C4162C_8113815,__import__.location_loc_GF24F2,1,__import__.product_8113815,__import__.stock_production_lot_6C4162C_8113815
__import__.stock_inventory_line_6C4162D_8113815,__import__.location_loc_GF24F2,12,__import__.product_8113815,__import__.stock_production_lot_6C4162D_8113815
__import__.stock_inventory_line_6C4216C_3240140,__import__.location_loc_GD28D7,27,__import__.product_3240140,__import__.stock_production_lot_6C4216C_3240140
__import__.stock_inventory_line_6C4216E_3267945,__import__.location_loc_GE10D4,52,__import__.product_3267945,__import__.stock_production_lot_6C4216E_3267945
__import__.stock_inventory_line_6C4300E_6969759,__import__.location_loc_GF14E5,199,__import__.product_6969759,__import__.stock_production_lot_6C4300E_6969759
__import__.stock_inventory_line_6C4300G_6969765,__import__.location_loc_GF28C4,95,__import__.product_6969765,__import__.stock_production_lot_6C4300G_6969765
__import__.stock_inventory_line_6C49A1_6724414,__import__.location_loc_GF30A4,4,__import__.product_6724414,__import__.stock_production_lot_6C49A1_6724414
__import__.stock_inventory_line_6C5C_2948396,__import__.location_loc_QED310,10,__import__.product_2948396,__import__.stock_production_lot_6C5C_2948396
__import__.stock_inventory_line_6C6E_2576874,__import__.location_loc_GBA517,220,__import__.product_2576874,__import__.stock_production_lot_6C6E_2576874
__import__.stock_inventory_line_6C8AA_6730082,__import__.location_loc_GD02A5,34,__import__.product_6730082,__import__.stock_production_lot_6C8AA_6730082
__import__.stock_inventory_line_6C8CA_6730082,__import__.location_loc_GD02A5,10,__import__.product_6730082,__import__.stock_production_lot_6C8CA_6730082
__import__.stock_inventory_line_6C9G_0254680,__import__.location_loc_GGH203,87,__import__.product_0254680,__import__.stock_production_lot_6C9G_0254680
__import__.stock_inventory_line_6DAN_1418367,__import__.location_loc_GBM105,111,__import__.product_1418367,__import__.stock_production_lot_6DAN_1418367
__import__.stock_inventory_line_6DDH_3381829,__import__.location_loc_GE01C5,102,__import__.product_3381829,__import__.stock_production_lot_6DDH_3381829
__import__.stock_inventory_line_6DDS_1000751,__import__.location_loc_GBD501,152,__import__.product_1000751,__import__.stock_production_lot_6DDS_1000751
__import__.stock_inventory_line_6DEAA_3179181,__import__.location_loc_GE26D5,64,__import__.product_3179181,__import__.stock_production_lot_6DEAA_3179181
__import__.stock_inventory_line_6DENA_3179207,__import__.location_loc_GE23A1,50,__import__.product_3179207,__import__.stock_production_lot_6DENA_3179207
__import__.stock_inventory_line_6DFR_2617389,__import__.location_loc_GI01B4,224,__import__.product_2617389,__import__.stock_production_lot_6DFR_2617389
__import__.stock_inventory_line_6DN7_2691723,__import__.location_loc_QFB310,9,__import__.product_2691723,__import__.stock_production_lot_6DN7_2691723
__import__.stock_inventory_line_6DT2_3280930,__import__.location_loc_GE20B1,20,__import__.product_3280930,__import__.stock_production_lot_6DT2_3280930
__import__.stock_inventory_line_6DU1A_2430205,__import__.location_loc_GF14C3,21,__import__.product_2430205,__import__.stock_production_lot_6DU1A_2430205
__import__.stock_inventory_line_6DU8A_2430213,__import__.location_loc_GGL404,46,__import__.product_2430213,__import__.stock_production_lot_6DU8A_2430213
__import__.stock_inventory_line_6DXE_3535879,__import__.location_loc_QKA230,10,__import__.product_3535879,__import__.stock_production_lot_6DXE_3535879
__import__.stock_inventory_line_6DXJ_3535861,__import__.location_loc_QCE120,10,__import__.product_3535861,__import__.stock_production_lot_6DXJ_3535861
__import__.stock_inventory_line_6DXW_8120001,__import__.location_loc_QFD220,6,__import__.product_8120001,__import__.stock_production_lot_6DXW_8120001
__import__.stock_inventory_line_6D11_8120002,__import__.location_loc_QLA230,2,__import__.product_8120002,__import__.stock_production_lot_6D11_8120002
__import__.stock_inventory_line_6D9T_2342145,__import__.location_loc_GBO205,9,__import__.product_2342145,__import__.stock_production_lot_6D9T_2342145
__import__.stock_inventory_line_6EBU_8120002,__import__.location_loc_QLA230,73,__import__.product_8120002,__import__.stock_production_lot_6EBU_8120002
__import__.stock_inventory_line_6EE2B_2718252,__import__.location_loc_GD13B2,4,__import__.product_2718252,__import__.stock_production_lot_6EE2B_2718252
__import__.stock_inventory_line_6EGG_1526680,__import__.location_loc_GGB401,4,__import__.product_1526680,__import__.stock_production_lot_6EGG_1526680
__import__.stock_inventory_line_6EHX_9501322,__import__.location_loc_GD01D1,2,__import__.product_9501322,__import__.stock_production_lot_6EHX_9501322
__import__.stock_inventory_line_6ERZ_3392156,__import__.location_loc_GI05B2,4,__import__.product_3392156,__import__.stock_production_lot_6ERZ_3392156
__import__.stock_inventory_line_6ES9_2342129,__import__.location_loc_QDF230,19,__import__.product_2342129,__import__.stock_production_lot_6ES9_2342129
__import__.stock_inventory_line_6EUV_2398451,__import__.location_loc_GGE504,62,__import__.product_2398451,__import__.stock_production_lot_6EUV_2398451
__import__.stock_inventory_line_6E15088_5010211,__import__.location_loc_GE04A5,110,__import__.product_5010211,__import__.stock_production_lot_6E15088_5010211
__import__.stock_inventory_line_6E72C_3237765,__import__.location_loc_GD10A1,43,__import__.product_3237765,__import__.stock_production_lot_6E72C_3237765
__import__.stock_inventory_line_6FEW_2271765,__import__.location_loc_QCD310,10,__import__.product_2271765,__import__.stock_production_lot_6FEW_2271765
__import__.stock_inventory_line_6FE1062_1754688,__import__.location_loc_GE11B1,6,__import__.product_1754688,__import__.stock_production_lot_6FE1062_1754688
__import__.stock_inventory_line_6FHP_2709715,__import__.location_loc_QFC310,60,__import__.product_2709715,__import__.stock_production_lot_6FHP_2709715
__import__.stock_inventory_line_6FHS_2709822,__import__.location_loc_QFD210,17,__import__.product_2709822,__import__.stock_production_lot_6FHS_2709822
__import__.stock_inventory_line_6FHU_2709707,__import__.location_loc_QJA230,15,__import__.product_2709707,__import__.stock_production_lot_6FHU_2709707
__import__.stock_inventory_line_6FHW_2691723,__import__.location_loc_QFB310,36,__import__.product_2691723,__import__.stock_production_lot_6FHW_2691723
__import__.stock_inventory_line_6FL4_1013432,__import__.location_loc_QCA210,55,__import__.product_1013432,__import__.stock_production_lot_6FL4_1013432
__import__.stock_inventory_line_6FNL_2398469,__import__.location_loc_GBK217,91,__import__.product_2398469,__import__.stock_production_lot_6FNL_2398469
__import__.stock_inventory_line_6F2454_3204906,__import__.location_loc_GBE103,7,__import__.product_3204906,__import__.stock_production_lot_6F2454_3204906
__import__.stock_inventory_line_6F30671_8270522,__import__.location_loc_GF31B1,1,__import__.product_8270522,__import__.stock_production_lot_6F30671_8270522
__import__.stock_inventory_line_6F32892_8270532,__import__.location_loc_GE05C2,2,__import__.product_8270532,__import__.stock_production_lot_6F32892_8270532
__import__.stock_inventory_line_6F32911_8270533,__import__.location_loc_GD21B1,1,__import__.product_8270533,__import__.stock_production_lot_6F32911_8270533
__import__.stock_inventory_line_6F33053_7640240,__import__.location_loc_GGR401,1,__import__.product_7640240,__import__.stock_production_lot_6F33053_7640240
__import__.stock_inventory_line_6F36261_8270522,__import__.location_loc_GF31B1,2,__import__.product_8270522,__import__.stock_production_lot_6F36261_8270522
__import__.stock_inventory_line_6F38351_3086139,__import__.location_loc_GF17B3,3,__import__.product_3086139,__import__.stock_production_lot_6F38351_3086139
__import__.stock_inventory_line_6F41151_8270502,__import__.location_loc_GC11E3,5,__import__.product_8270502,__import__.stock_production_lot_6F41151_8270502
__import__.stock_inventory_line_6F42552_7384001,__import__.location_loc_GD27B4,4,__import__.product_7384001,__import__.stock_production_lot_6F42552_7384001
__import__.stock_inventory_line_6F47_0254698,__import__.location_loc_GGH505,74,__import__.product_0254698,__import__.stock_production_lot_6F47_0254698
__import__.stock_inventory_line_6F5M_6935246,__import__.location_loc_GD10D1,1,__import__.product_6935246,__import__.stock_production_lot_6F5M_6935246
__import__.stock_inventory_line_6F6X_8120001,__import__.location_loc_QFD220,81,__import__.product_8120001,__import__.stock_production_lot_6F6X_8120001
__import__.stock_inventory_line_6F76A1_6719643,__import__.location_loc_GD04E6,17,__import__.product_6719643,__import__.stock_production_lot_6F76A1_6719643
__import__.stock_inventory_line_6F80A1_6835792,__import__.location_loc_GD03C2,27,__import__.product_6835792,__import__.stock_production_lot_6F80A1_6835792
__import__.stock_inventory_line_6F9S_1526680,__import__.location_loc_GGB401,48,__import__.product_1526680,__import__.stock_production_lot_6F9S_1526680
__import__.stock_inventory_line_6GBL_2342186,__import__.location_loc_GAK160,33,__import__.product_2342186,__import__.stock_production_lot_6GBL_2342186
__import__.stock_inventory_line_6GEF_1360528,__import__.location_loc_GC15B2,45,__import__.product_1360528,__import__.stock_production_lot_6GEF_1360528
__import__.stock_inventory_line_6GKV_3392149,__import__.location_loc_GK09A6,10,__import__.product_3392149,__import__.stock_production_lot_6GKV_3392149
__import__.stock_inventory_line_6GU5_3535853,__import__.location_loc_QFD145,12,__import__.product_3535853,__import__.stock_production_lot_6GU5_3535853
__import__.stock_inventory_line_6G028E_3011566,__import__.location_loc_GF26A1,15,__import__.product_3011566,__import__.stock_production_lot_6G028E_3011566
__import__.stock_inventory_line_6G5V_5120020,__import__.location_loc_GBA105,21,__import__.product_5120020,__import__.stock_production_lot_6G5V_5120020
__import__.stock_inventory_line_6G8N_1013465,__import__.location_loc_QJA235,70,__import__.product_1013465,__import__.stock_production_lot_6G8N_1013465
__import__.stock_inventory_line_6H2Y_2342178,__import__.location_loc_GAK120,28,__import__.product_2342178,__import__.stock_production_lot_6H2Y_2342178
__import__.stock_inventory_line_6H30088_8219293,__import__.location_loc_GI13B5,94,__import__.product_8219293,__import__.stock_production_lot_6H30088_8219293
__import__.stock_inventory_line_6H93Z1_6981921,__import__.location_loc_GF24E6,1,__import__.product_6981921,__import__.stock_production_lot_6H93Z1_6981921
__import__.stock_inventory_line_6K02Z3_0083253,__import__.location_loc_GL06A2,1,__import__.product_0083253,__import__.stock_production_lot_6K02Z3_0083253
__import__.stock_inventory_line_6K70727A1C_3606878,__import__.location_loc_QAD410,10,__import__.product_3606878,__import__.stock_production_lot_6K70727A1C_3606878
__import__.stock_inventory_line_6K70727B1A_3606852,__import__.location_loc_QBC320,12,__import__.product_3606852,__import__.stock_production_lot_6K70727B1A_3606852
__import__.stock_inventory_line_6L07M1_6741884,__import__.location_loc_GE08B4,50,__import__.product_6741884,__import__.stock_production_lot_6L07M1_6741884
__import__.stock_inventory_line_6L20Z1_6721433,__import__.location_loc_GC08A3,1,__import__.product_6721433,__import__.stock_production_lot_6L20Z1_6721433
__import__.stock_inventory_line_6M05B2_3116837,__import__.location_loc_GE23B5,31,__import__.product_3116837,__import__.stock_production_lot_6M05B2_3116837
__import__.stock_inventory_line_6M12A1_5192016,__import__.location_loc_GH09E1,6,__import__.product_5192016,__import__.stock_production_lot_6M12A1_5192016
__import__.stock_inventory_line_6M26Z1_6728582,__import__.location_loc_GD07A1,3,__import__.product_6728582,__import__.stock_production_lot_6M26Z1_6728582
__import__.stock_inventory_line_6N52Z1_6835800,__import__.location_loc_GD01C1,62,__import__.product_6835800,__import__.stock_production_lot_6N52Z1_6835800
__import__.stock_inventory_line_6N58A1_6940230,__import__.location_loc_GI13A4,107,__import__.product_6940230,__import__.stock_production_lot_6N58A1_6940230
__import__.stock_inventory_line_6S23N1694700_8383294,__import__.location_loc_GAE410,7,__import__.product_8383294,__import__.stock_production_lot_6S23N1694700_8383294
__import__.stock_inventory_line_6S29N2183640_8240838,__import__.location_loc_EXT216,3,__import__.product_8240838,__import__.stock_production_lot_6S29N2183640_8240838
__import__.stock_inventory_line_6S38N2759610_8383265,__import__.location_loc_GF30H1,13,__import__.product_8383265,__import__.stock_production_lot_6S38N2759610_8383265
__import__.stock_inventory_line_6S40N3030670_8383288,__import__.location_loc_GD32A6,6,__import__.product_8383288,__import__.stock_production_lot_6S40N3030670_8383288
__import__.stock_inventory_line_6S43N3353670_8233761,__import__.location_loc_GF19C2,1,__import__.product_8233761,__import__.stock_production_lot_6S43N3353670_8233761
__import__.stock_inventory_line_6S49N3684610_5317440,__import__.location_loc_GF23B2,5,__import__.product_5317440,__import__.stock_production_lot_6S49N3684610_5317440
__import__.stock_inventory_line_6000009854_5436830,__import__.location_loc_GF18E8,1,__import__.product_5436830,__import__.stock_production_lot_6000009854_5436830
__import__.stock_inventory_line_6000010521_5436580,__import__.location_loc_GD28C3,3,__import__.product_5436580,__import__.stock_production_lot_6000010521_5436580
__import__.stock_inventory_line_6000010999_5430100,__import__.location_loc_GZZ507,5,__import__.product_5430100,__import__.stock_production_lot_6000010999_5430100
__import__.stock_inventory_line_6000011395_5436226,__import__.location_loc_GC01D1,19,__import__.product_5436226,__import__.stock_production_lot_6000011395_5436226
__import__.stock_inventory_line_600512_3150869,__import__.location_loc_GF22B2,14,__import__.product_3150869,__import__.stock_production_lot_600512_3150869
__import__.stock_inventory_line_600842253_5040109,__import__.location_loc_GZZ120,1,__import__.product_5040109,__import__.stock_production_lot_600842253_5040109
__import__.stock_inventory_line_60101_5512015,__import__.location_loc_GD24D2,6,__import__.product_5512015,__import__.stock_production_lot_60101_5512015
__import__.stock_inventory_line_601049286_5277507,__import__.location_loc_GD32A5,2,__import__.product_5277507,__import__.stock_production_lot_601049286_5277507
__import__.stock_inventory_line_601150258_4218331,__import__.location_loc_GD19B2,114,__import__.product_4218331,__import__.stock_production_lot_601150258_4218331
__import__.stock_inventory_line_601440250_4218313,__import__.location_loc_GGM403,94,__import__.product_4218313,__import__.stock_production_lot_601440250_4218313
__import__.stock_inventory_line_602038258_5007377,__import__.location_loc_GC11G3,1,__import__.product_5007377,__import__.stock_production_lot_602038258_5007377
__import__.stock_inventory_line_602048288_2543073,__import__.location_loc_GC29E2,-1,__import__.product_2543073,__import__.stock_production_lot_602048288_2543073
__import__.stock_inventory_line_60222XO_2917037,__import__.location_loc_GBL401,6,__import__.product_2917037,__import__.stock_production_lot_60222XO_2917037
__import__.stock_inventory_line_60222X0_2917037,__import__.location_loc_GBL401,32,__import__.product_2917037,__import__.stock_production_lot_60222X0_2917037
__import__.stock_inventory_line_602549259_5007377,__import__.location_loc_GC11G3,12,__import__.product_5007377,__import__.stock_production_lot_602549259_5007377
__import__.stock_inventory_line_602623256_0819375,__import__.location_loc_GE01C1,1,__import__.product_0819375,__import__.stock_production_lot_602623256_0819375
__import__.stock_inventory_line_602747174_0804215,__import__.location_loc_GD26E5,15,__import__.product_0804215,__import__.stock_production_lot_602747174_0804215
__import__.stock_inventory_line_60338B0_2788958,__import__.location_loc_GD05A2,2,__import__.product_2788958,__import__.stock_production_lot_60338B0_2788958
__import__.stock_inventory_line_604012_5031009,__import__.location_loc_GZZ403,1,__import__.product_5031009,__import__.stock_production_lot_604012_5031009
__import__.stock_inventory_line_60431B0_2789030,__import__.location_loc_GBP409,139,__import__.product_2789030,__import__.stock_production_lot_60431B0_2789030
__import__.stock_inventory_line_6046111_0839993,__import__.location_loc_GF18D6,30,__import__.product_0839993,__import__.stock_production_lot_6046111_0839993
__import__.stock_inventory_line_6060312_2799203,__import__.location_loc_GL05A3,2,__import__.product_2799203,__import__.stock_production_lot_6060312_2799203
__import__.stock_inventory_line_606501_2487189,__import__.location_loc_GBA315,14,__import__.product_2487189,__import__.stock_production_lot_606501_2487189
__import__.stock_inventory_line_606502_3007036,__import__.location_loc_GE12A1,16,__import__.product_3007036,__import__.stock_production_lot_606502_3007036
__import__.stock_inventory_line_6067442_3049848,__import__.location_loc_GF28E1,4,__import__.product_3049848,__import__.stock_production_lot_6067442_3049848
__import__.stock_inventory_line_6067753_2799203,__import__.location_loc_GL05A3,17,__import__.product_2799203,__import__.stock_production_lot_6067753_2799203
__import__.stock_inventory_line_606888_7969005,__import__.location_loc_GH09C3,13,__import__.product_7969005,__import__.stock_production_lot_606888_7969005
__import__.stock_inventory_line_607CD_2669612,__import__.location_loc_GGU406,1,__import__.product_2669612,__import__.stock_production_lot_607CD_2669612
__import__.stock_inventory_line_6070669_1635598,__import__.location_loc_GGL403,154,__import__.product_1635598,__import__.stock_production_lot_6070669_1635598
__import__.stock_inventory_line_6071911_8077031,__import__.location_loc_EXL200,3,__import__.product_8077031,__import__.stock_production_lot_6071911_8077031
__import__.stock_inventory_line_6073_5042508,__import__.location_loc_GF28E4,4,__import__.product_5042508,__import__.stock_production_lot_6073_5042508
__import__.stock_inventory_line_6077285_8000620,__import__.location_loc_GC07F1,2,__import__.product_8000620,__import__.stock_production_lot_6077285_8000620
__import__.stock_inventory_line_6077288_8000689,__import__.location_loc_GC03C5,33,__import__.product_8000689,__import__.stock_production_lot_6077288_8000689
__import__.stock_inventory_line_6082_3491453,__import__.location_loc_GD21D5,41,__import__.product_3491453,__import__.stock_production_lot_6082_3491453
__import__.stock_inventory_line_6086_6705440,__import__.location_loc_GF26E7,2,__import__.product_6705440,__import__.stock_production_lot_6086_6705440
__import__.stock_inventory_line_6091509_8021763,__import__.location_loc_GC07D5,4,__import__.product_8021763,__import__.stock_production_lot_6091509_8021763
__import__.stock_inventory_line_60962_2472496,__import__.location_loc_GL17B1,1,__import__.product_2472496,__import__.stock_production_lot_60962_2472496
__import__.stock_inventory_line_60963_2472496,__import__.location_loc_GL17B1,4,__import__.product_2472496,__import__.stock_production_lot_60963_2472496
__import__.stock_inventory_line_610_5159403,__import__.location_loc_GE22D5,55,__import__.product_5159403,__import__.stock_production_lot_610_5159403
__import__.stock_inventory_line_610802B_3085867,__import__.location_loc_GD24F7,37,__import__.product_3085867,__import__.stock_production_lot_610802B_3085867
__import__.stock_inventory_line_611962_5436543,__import__.location_loc_GD21C2,1,__import__.product_5436543,__import__.stock_production_lot_611962_5436543
__import__.stock_inventory_line_6120B02QX_8050263,__import__.location_loc_GE13C5,13,__import__.product_8050263,__import__.stock_production_lot_6120B02QX_8050263
__import__.stock_inventory_line_612071_6695954,__import__.location_loc_GH07D6,2,__import__.product_6695954,__import__.stock_production_lot_612071_6695954
__import__.stock_inventory_line_612289_5436830,__import__.location_loc_GF18E8,3,__import__.product_5436830,__import__.stock_production_lot_612289_5436830
__import__.stock_inventory_line_612300_1418276,__import__.location_loc_GD22B1,6,__import__.product_1418276,__import__.stock_production_lot_612300_1418276
__import__.stock_inventory_line_6123706_6040057,__import__.location_loc_GC13B2,20,__import__.product_6040057,__import__.stock_production_lot_6123706_6040057
__import__.stock_inventory_line_612520_5436543,__import__.location_loc_GD21C2,168,__import__.product_5436543,__import__.stock_production_lot_612520_5436543
__import__.stock_inventory_line_612601_5270185,__import__.location_loc_GBS403,36,__import__.product_5270185,__import__.stock_production_lot_612601_5270185
__import__.stock_inventory_line_613CD_6910430,__import__.location_loc_GC06D1,14,__import__.product_6910430,__import__.stock_production_lot_613CD_6910430
__import__.stock_inventory_line_613105_5437173,__import__.location_loc_GD18E3,1,__import__.product_5437173,__import__.stock_production_lot_613105_5437173
__import__.stock_inventory_line_613525I_3085313,__import__.location_loc_GH07B5,1,__import__.product_3085313,__import__.stock_production_lot_613525I_3085313
__import__.stock_inventory_line_613602_5436547,__import__.location_loc_GE13F7,23,__import__.product_5436547,__import__.stock_production_lot_613602_5436547
__import__.stock_inventory_line_613603_5436548,__import__.location_loc_GGD303,16,__import__.product_5436548,__import__.stock_production_lot_613603_5436548
__import__.stock_inventory_line_613788_5436632,__import__.location_loc_GD27B3,4,__import__.product_5436632,__import__.stock_production_lot_613788_5436632
__import__.stock_inventory_line_613816_5438016,__import__.location_loc_GD06B2,7,__import__.product_5438016,__import__.stock_production_lot_613816_5438016
__import__.stock_inventory_line_613964_5439964,__import__.location_loc_GF18F2,29,__import__.product_5439964,__import__.stock_production_lot_613964_5439964
__import__.stock_inventory_line_614028_5437510,__import__.location_loc_GZZ404,3,__import__.product_5437510,__import__.stock_production_lot_614028_5437510
__import__.stock_inventory_line_6141701_8021734,__import__.location_loc_GC09A5,10,__import__.product_8021734,__import__.stock_production_lot_6141701_8021734
__import__.stock_inventory_line_614350_5437173,__import__.location_loc_GD18E3,18,__import__.product_5437173,__import__.stock_production_lot_614350_5437173
__import__.stock_inventory_line_614402_5438024,__import__.location_loc_GD32E2,16,__import__.product_5438024,__import__.stock_production_lot_614402_5438024
__import__.stock_inventory_line_614440_5436545,__import__.location_loc_GGM304,77,__import__.product_5436545,__import__.stock_production_lot_614440_5436545
__import__.stock_inventory_line_614725A_3085321,__import__.location_loc_GGI306,3,__import__.product_3085321,__import__.stock_production_lot_614725A_3085321
__import__.stock_inventory_line_6151701_8021734,__import__.location_loc_GC09A5,3,__import__.product_8021734,__import__.stock_production_lot_6151701_8021734
__import__.stock_inventory_line_6158_6969771,__import__.location_loc_GD04B3,8,__import__.product_6969771,__import__.stock_production_lot_6158_6969771
__import__.stock_inventory_line_616243_2990679,__import__.location_loc_GD05B1,15,__import__.product_2990679,__import__.stock_production_lot_616243_2990679
__import__.stock_inventory_line_6164_2659134,__import__.location_loc_GD22F2,1,__import__.product_2659134,__import__.stock_production_lot_6164_2659134
__import__.stock_inventory_line_6164601E_1778125,__import__.location_loc_GBA407,80,__import__.product_1778125,__import__.stock_production_lot_6164601E_1778125
__import__.stock_inventory_line_6165948_1656222,__import__.location_loc_GC11D1,34,__import__.product_1656222,__import__.stock_production_lot_6165948_1656222
__import__.stock_inventory_line_617075_2990687,__import__.location_loc_GC13F7,18,__import__.product_2990687,__import__.stock_production_lot_617075_2990687
__import__.stock_inventory_line_617203_2990695,__import__.location_loc_GC11E4,5,__import__.product_2990695,__import__.stock_production_lot_617203_2990695
__import__.stock_inventory_line_617602_3434453,__import__.location_loc_GGR505,13,__import__.product_3434453,__import__.stock_production_lot_617602_3434453
__import__.stock_inventory_line_61836313_1688795,__import__.location_loc_GK11A1,58,__import__.product_1688795,__import__.stock_production_lot_61836313_1688795
__import__.stock_inventory_line_6185501A_3309192,__import__.location_loc_GD25A4,54,__import__.product_3309192,__import__.stock_production_lot_6185501A_3309192
__import__.stock_inventory_line_618592B_3378924,__import__.location_loc_GE20A4,76,__import__.product_3378924,__import__.stock_production_lot_618592B_3378924
__import__.stock_inventory_line_618601_2853232,__import__.location_loc_GE22D3,5,__import__.product_2853232,__import__.stock_production_lot_618601_2853232
__import__.stock_inventory_line_618601_2853224,__import__.location_loc_GBL101,11,__import__.product_2853224,__import__.stock_production_lot_618601_2853224
__import__.stock_inventory_line_619550A_0470039,__import__.location_loc_GBA413,199,__import__.product_0470039,__import__.stock_production_lot_619550A_0470039
__import__.stock_inventory_line_6197FL_8030584,__import__.location_loc_EXH400,9,__import__.product_8030584,__import__.stock_production_lot_6197FL_8030584
__import__.stock_inventory_line_6197593_5305501,__import__.location_loc_GC11E5,10,__import__.product_5305501,__import__.stock_production_lot_6197593_5305501
__import__.stock_inventory_line_62JZB_8120007,__import__.location_loc_GGE503,6,__import__.product_8120007,__import__.stock_production_lot_62JZB_8120007
__import__.stock_inventory_line_62J1_3507415,__import__.location_loc_GI09B3,8,__import__.product_3507415,__import__.stock_production_lot_62J1_3507415
__import__.stock_inventory_line_620009_8165032,__import__.location_loc_GC05B2,5,__import__.product_8165032,__import__.stock_production_lot_620009_8165032
__import__.stock_inventory_line_620251_5293595,__import__.location_loc_GF18F5,2,__import__.product_5293595,__import__.stock_production_lot_620251_5293595
__import__.stock_inventory_line_6216C25QX_8219005,__import__.location_loc_EXK600,20,__import__.product_8219005,__import__.stock_production_lot_6216C25QX_8219005
__import__.stock_inventory_line_6221103_0317347,__import__.location_loc_GGS302,198,__import__.product_0317347,__import__.stock_production_lot_6221103_0317347
__import__.stock_inventory_line_622830_5200045,__import__.location_loc_GC05D5,11,__import__.product_5200045,__import__.stock_production_lot_622830_5200045
__import__.stock_inventory_line_6232619_5292125,__import__.location_loc_GC27D3,2,__import__.product_5292125,__import__.stock_production_lot_6232619_5292125
__import__.stock_inventory_line_6237_1589944,__import__.location_loc_GF27C3,5,__import__.product_1589944,__import__.stock_production_lot_6237_1589944
__import__.stock_inventory_line_624121A_1013143,__import__.location_loc_QKA110,28,__import__.product_1013143,__import__.stock_production_lot_624121A_1013143
__import__.stock_inventory_line_624220A_1013127,__import__.location_loc_GL04A3,20,__import__.product_1013127,__import__.stock_production_lot_624220A_1013127
__import__.stock_inventory_line_6246_6600871,__import__.location_loc_GBH201,59,__import__.product_6600871,__import__.stock_production_lot_6246_6600871
__import__.stock_inventory_line_626_0830216,__import__.location_loc_GE15G3,8,__import__.product_0830216,__import__.stock_production_lot_626_0830216
__import__.stock_inventory_line_6265029_8000620,__import__.location_loc_GC07F1,50,__import__.product_8000620,__import__.stock_production_lot_6265029_8000620
__import__.stock_inventory_line_6266742_8294455,__import__.location_loc_GH31F4,5,__import__.product_8294455,__import__.stock_production_lot_6266742_8294455
__import__.stock_inventory_line_6266744_8294314,__import__.location_loc_GGG404,14,__import__.product_8294314,__import__.stock_production_lot_6266744_8294314
__import__.stock_inventory_line_627601_3009974,__import__.location_loc_GE11D1,30,__import__.product_3009974,__import__.stock_production_lot_627601_3009974
__import__.stock_inventory_line_6277974_8430272,__import__.location_loc_EXJ500,7,__import__.product_8430272,__import__.stock_production_lot_6277974_8430272
__import__.stock_inventory_line_6284857_6040056,__import__.location_loc_GC11A3,46,__import__.product_6040056,__import__.stock_production_lot_6284857_6040056
__import__.stock_inventory_line_629P_2477479,__import__.location_loc_GGE202,1,__import__.product_2477479,__import__.stock_production_lot_629P_2477479
__import__.stock_inventory_line_6295401_8000666,__import__.location_loc_GC30D1,12,__import__.product_8000666,__import__.stock_production_lot_6295401_8000666
__import__.stock_inventory_line_6296_2342145,__import__.location_loc_GBO205,4,__import__.product_2342145,__import__.stock_production_lot_6296_2342145
__import__.stock_inventory_line_63PS_9501322,__import__.location_loc_GD01D1,1,__import__.product_9501322,__import__.stock_production_lot_63PS_9501322
__import__.stock_inventory_line_63YRA_1204783,__import__.location_loc_GGH508,11,__import__.product_1204783,__import__.stock_production_lot_63YRA_1204783
__import__.stock_inventory_line_63YRB_2718252,__import__.location_loc_GD13B2,1,__import__.product_2718252,__import__.stock_production_lot_63YRB_2718252
__import__.stock_inventory_line_630602_3031978,__import__.location_loc_GE07E6,8,__import__.product_3031978,__import__.stock_production_lot_630602_3031978
__import__.stock_inventory_line_630602_3031994,__import__.location_loc_GF18A3,10,__import__.product_3031994,__import__.stock_production_lot_630602_3031994
__import__.stock_inventory_line_631912_7105275,__import__.location_loc_GC03F2,18,__import__.product_7105275,__import__.stock_production_lot_631912_7105275
__import__.stock_inventory_line_6320_8333250,__import__.location_loc_EXH200,2,__import__.product_8333250,__import__.stock_production_lot_6320_8333250
__import__.stock_inventory_line_632654_8003222,__import__.location_loc_GC05G1,4,__import__.product_8003222,__import__.stock_production_lot_632654_8003222
__import__.stock_inventory_line_6330646_8294455,__import__.location_loc_GH31F4,3,__import__.product_8294455,__import__.stock_production_lot_6330646_8294455
__import__.stock_inventory_line_6330648_8294314,__import__.location_loc_GGG404,10,__import__.product_8294314,__import__.stock_production_lot_6330648_8294314
__import__.stock_inventory_line_6330660_5292125,__import__.location_loc_GC27D3,1,__import__.product_5292125,__import__.stock_production_lot_6330660_5292125
__import__.stock_inventory_line_6333C23QX_8050285,__import__.location_loc_EXK700,12,__import__.product_8050285,__import__.stock_production_lot_6333C23QX_8050285
__import__.stock_inventory_line_6335584_8287490,__import__.location_loc_GD04D1,2,__import__.product_8287490,__import__.stock_production_lot_6335584_8287490
__import__.stock_inventory_line_633591I_2604981,__import__.location_loc_GH07D2,16,__import__.product_2604981,__import__.stock_production_lot_633591I_2604981
__import__.stock_inventory_line_634_0132324,__import__.location_loc_GD24E4,22,__import__.product_0132324,__import__.stock_production_lot_634_0132324
__import__.stock_inventory_line_634G_9512036,__import__.location_loc_GBT415,31,__import__.product_9512036,__import__.stock_production_lot_634G_9512036
__import__.stock_inventory_line_6341130_8000614,__import__.location_loc_GC32D1,9,__import__.product_8000614,__import__.stock_production_lot_6341130_8000614
__import__.stock_inventory_line_63503703_0045666,__import__.location_loc_GBX111,47,__import__.product_0045666,__import__.stock_production_lot_63503703_0045666
__import__.stock_inventory_line_6354180_8000637,__import__.location_loc_GC24B4,748,__import__.product_8000637,__import__.stock_production_lot_6354180_8000637
__import__.stock_inventory_line_636_9501521,__import__.location_loc_GD10E2,5,__import__.product_9501521,__import__.stock_production_lot_636_9501521
__import__.stock_inventory_line_636_0117994,__import__.location_loc_GF20C4,120,__import__.product_0117994,__import__.stock_production_lot_636_0117994
__import__.stock_inventory_line_636561B_2249639,__import__.location_loc_GBN303,1,__import__.product_2249639,__import__.stock_production_lot_636561B_2249639
__import__.stock_inventory_line_636601_3133212,__import__.location_loc_GGP401,2,__import__.product_3133212,__import__.stock_production_lot_636601_3133212
__import__.stock_inventory_line_637212319_0180810,__import__.location_loc_GD10C3,5,__import__.product_0180810,__import__.stock_production_lot_637212319_0180810
__import__.stock_inventory_line_637602_3159209,__import__.location_loc_GD04G1,15,__import__.product_3159209,__import__.stock_production_lot_637602_3159209
__import__.stock_inventory_line_638EM_2853299,__import__.location_loc_GGG203,56,__import__.product_2853299,__import__.stock_production_lot_638EM_2853299
__import__.stock_inventory_line_638435A_1778158,__import__.location_loc_GK12A1,40,__import__.product_1778158,__import__.stock_production_lot_638435A_1778158
__import__.stock_inventory_line_638602_3248499,__import__.location_loc_GBF203,12,__import__.product_3248499,__import__.stock_production_lot_638602_3248499
__import__.stock_inventory_line_639_0117994,__import__.location_loc_GF20C4,56,__import__.product_0117994,__import__.stock_production_lot_639_0117994
__import__.stock_inventory_line_6394_7915000,__import__.location_loc_GGE308,68,__import__.product_7915000,__import__.stock_production_lot_6394_7915000
__import__.stock_inventory_line_6395_8028587,__import__.location_loc_GD30A1,31,__import__.product_8028587,__import__.stock_production_lot_6395_8028587
__import__.stock_inventory_line_64A1_1152891,__import__.location_loc_GAF401,2,__import__.product_1152891,__import__.stock_production_lot_64A1_1152891
__import__.stock_inventory_line_64TW_2617363,__import__.location_loc_GC16A2,28,__import__.product_2617363,__import__.stock_production_lot_64TW_2617363
__import__.stock_inventory_line_640322A_1013143,__import__.location_loc_QKA110,47,__import__.product_1013143,__import__.stock_production_lot_640322A_1013143
__import__.stock_inventory_line_640490E_3407400,__import__.location_loc_GF11A2,35,__import__.product_3407400,__import__.stock_production_lot_640490E_3407400
__import__.stock_inventory_line_640562A_2249597,__import__.location_loc_GC31G1,4,__import__.product_2249597,__import__.stock_production_lot_640562A_2249597
__import__.stock_inventory_line_640602_3159217,__import__.location_loc_GC31E7,5,__import__.product_3159217,__import__.stock_production_lot_640602_3159217
__import__.stock_inventory_line_64132342_5468340,__import__.location_loc_GC07C2,2,__import__.product_5468340,__import__.stock_production_lot_64132342_5468340
__import__.stock_inventory_line_6414300D_3297744,__import__.location_loc_GBY403,3,__import__.product_3297744,__import__.stock_production_lot_6414300D_3297744
__import__.stock_inventory_line_641512319_0095412,__import__.location_loc_GE05B5,14,__import__.product_0095412,__import__.stock_production_lot_641512319_0095412
__import__.stock_inventory_line_641904A_3085859,__import__.location_loc_GBA511,19,__import__.product_3085859,__import__.stock_production_lot_641904A_3085859
__import__.stock_inventory_line_642_5830214,__import__.location_loc_GE05G2,4,__import__.product_5830214,__import__.stock_production_lot_642_5830214
__import__.stock_inventory_line_642_7924058,__import__.location_loc_GD18B2,1,__import__.product_7924058,__import__.stock_production_lot_642_7924058
__import__.stock_inventory_line_642005C_2909000,__import__.location_loc_GE08D4,17,__import__.product_2909000,__import__.stock_production_lot_642005C_2909000
__import__.stock_inventory_line_642005C_1067768,__import__.location_loc_GBP303,60,__import__.product_1067768,__import__.stock_production_lot_642005C_1067768
__import__.stock_inventory_line_6421602_8021763,__import__.location_loc_GC07D5,7,__import__.product_8021763,__import__.stock_production_lot_6421602_8021763
__import__.stock_inventory_line_642425A_3085313,__import__.location_loc_GH07B5,8,__import__.product_3085313,__import__.stock_production_lot_642425A_3085313
__import__.stock_inventory_line_643432A_1778133,__import__.location_loc_GAB220,2,__import__.product_1778133,__import__.stock_production_lot_643432A_1778133
__import__.stock_inventory_line_644391B_1778109,__import__.location_loc_GD30E1,9,__import__.product_1778109,__import__.stock_production_lot_644391B_1778109
__import__.stock_inventory_line_6444601B_1483890,__import__.location_loc_GBX305,81,__import__.product_1483890,__import__.stock_production_lot_6444601B_1483890
__import__.stock_inventory_line_6450615_2595502,__import__.location_loc_GD27D4,30,__import__.product_2595502,__import__.stock_production_lot_6450615_2595502
__import__.stock_inventory_line_645125F_3085339,__import__.location_loc_GGK104,4,__import__.product_3085339,__import__.stock_production_lot_645125F_3085339
__import__.stock_inventory_line_645325A_3074473,__import__.location_loc_GK05B6,3,__import__.product_3074473,__import__.stock_production_lot_645325A_3074473
__import__.stock_inventory_line_645325E_3074465,__import__.location_loc_GL10B3,4,__import__.product_3074465,__import__.stock_production_lot_645325E_3074465
__import__.stock_inventory_line_645325E_2888980,__import__.location_loc_GBT317,21,__import__.product_2888980,__import__.stock_production_lot_645325E_2888980
__import__.stock_inventory_line_646171_6980979,__import__.location_loc_QFE110,2,__import__.product_6980979,__import__.stock_production_lot_646171_6980979
__import__.stock_inventory_line_646190D_2658615,__import__.location_loc_GD22C4,15,__import__.product_2658615,__import__.stock_production_lot_646190D_2658615
__import__.stock_inventory_line_646306682_1731322,__import__.location_loc_GF26G7,2,__import__.product_1731322,__import__.stock_production_lot_646306682_1731322
__import__.stock_inventory_line_646312209_5023315,__import__.location_loc_GC01C3,3,__import__.product_5023315,__import__.stock_production_lot_646312209_5023315
__import__.stock_inventory_line_646513305_0175471,__import__.location_loc_GD21B2,1,__import__.product_0175471,__import__.stock_production_lot_646513305_0175471
__import__.stock_inventory_line_646806G_2908986,__import__.location_loc_GE28D3,12,__import__.product_2908986,__import__.stock_production_lot_646806G_2908986
__import__.stock_inventory_line_647_7146652,__import__.location_loc_GD18B4,18,__import__.product_7146652,__import__.stock_production_lot_647_7146652
__import__.stock_inventory_line_6471611_8021757,__import__.location_loc_GC07A4,3,__import__.product_8021757,__import__.stock_production_lot_6471611_8021757
__import__.stock_inventory_line_6474Z930_5398503,__import__.location_loc_GC20A2,1,__import__.product_5398503,__import__.stock_production_lot_6474Z930_5398503
__import__.stock_inventory_line_647512319_0180836,__import__.location_loc_GD10D3,4,__import__.product_0180836,__import__.stock_production_lot_647512319_0180836
__import__.stock_inventory_line_6481_8426916,__import__.location_loc_GD19C3,1,__import__.product_8426916,__import__.stock_production_lot_6481_8426916
__import__.stock_inventory_line_648394A_2604957,__import__.location_loc_GGR307,5,__import__.product_2604957,__import__.stock_production_lot_648394A_2604957
__import__.stock_inventory_line_6485300J_3297744,__import__.location_loc_GBY403,1,__import__.product_3297744,__import__.stock_production_lot_6485300J_3297744
__import__.stock_inventory_line_6485600I_1778117,__import__.location_loc_GBG201,49,__import__.product_1778117,__import__.stock_production_lot_6485600I_1778117
__import__.stock_inventory_line_649_7146604,__import__.location_loc_GD20A4,9,__import__.product_7146604,__import__.stock_production_lot_649_7146604
__import__.stock_inventory_line_6491AC8_8069250,__import__.location_loc_QCF220,4,__import__.product_8069250,__import__.stock_production_lot_6491AC8_8069250
__import__.stock_inventory_line_649333A_1778158,__import__.location_loc_GK12A1,240,__import__.product_1778158,__import__.stock_production_lot_649333A_1778158
__import__.stock_inventory_line_649434C_1778141,__import__.location_loc_GAI220,38,__import__.product_1778141,__import__.stock_production_lot_649434C_1778141
__import__.stock_inventory_line_6495100B_8158011,__import__.location_loc_GK10A3,85,__import__.product_8158011,__import__.stock_production_lot_6495100B_8158011
__import__.stock_inventory_line_649602_3039740,__import__.location_loc_GE13A4,29,__import__.product_3039740,__import__.stock_production_lot_649602_3039740
__import__.stock_inventory_line_649602_2853216,__import__.location_loc_GD19A1,8,__import__.product_2853216,__import__.stock_production_lot_649602_2853216
__import__.stock_inventory_line_65C4_2318483,__import__.location_loc_GC31D5,14,__import__.product_2318483,__import__.stock_production_lot_65C4_2318483
__import__.stock_inventory_line_65UR_8120003,__import__.location_loc_GGB203,20,__import__.product_8120003,__import__.stock_production_lot_65UR_8120003
__import__.stock_inventory_line_650452A_0470021,__import__.location_loc_GBM401,22,__import__.product_0470021,__import__.stock_production_lot_650452A_0470021
__import__.stock_inventory_line_651_9501693,__import__.location_loc_GD20C5,10,__import__.product_9501693,__import__.stock_production_lot_651_9501693
__import__.stock_inventory_line_6512Z904_5248609,__import__.location_loc_GD29A3,4,__import__.product_5248609,__import__.stock_production_lot_6512Z904_5248609
__import__.stock_inventory_line_651603_3031986,__import__.location_loc_GD26B5,23,__import__.product_3031986,__import__.stock_production_lot_651603_3031986
__import__.stock_inventory_line_6522BA1_8069273,__import__.location_loc_QBA410,24,__import__.product_8069273,__import__.stock_production_lot_6522BA1_8069273
__import__.stock_inventory_line_657620_2104941,__import__.location_loc_GBD413,21,__import__.product_2104941,__import__.stock_production_lot_657620_2104941
__import__.stock_inventory_line_658411_3032885,__import__.location_loc_GF26E5,9,__import__.product_3032885,__import__.stock_production_lot_658411_3032885
__import__.stock_inventory_line_6594_1596808,__import__.location_loc_GZZ111,1,__import__.product_1596808,__import__.stock_production_lot_6594_1596808
__import__.stock_inventory_line_66EV_2617348,__import__.location_loc_GGB406,65,__import__.product_2617348,__import__.stock_production_lot_66EV_2617348
__import__.stock_inventory_line_66FU_2318483,__import__.location_loc_GC31D5,33,__import__.product_2318483,__import__.stock_production_lot_66FU_2318483
__import__.stock_inventory_line_66XY_9001323,__import__.location_loc_GC30C4,1,__import__.product_9001323,__import__.stock_production_lot_66XY_9001323
__import__.stock_inventory_line_660069E_2837094,__import__.location_loc_GE30C1,78,__import__.product_2837094,__import__.stock_production_lot_660069E_2837094
__import__.stock_inventory_line_660093E_2912517,__import__.location_loc_GD21B4,10,__import__.product_2912517,__import__.stock_production_lot_660093E_2912517
__import__.stock_inventory_line_660374_3048741,__import__.location_loc_GBX315,73,__import__.product_3048741,__import__.stock_production_lot_660374_3048741
__import__.stock_inventory_line_66101701_1308320,__import__.location_loc_GF27D1,1,__import__.product_1308320,__import__.stock_production_lot_66101701_1308320
__import__.stock_inventory_line_662T_2876068,__import__.location_loc_GF14D3,13,__import__.product_2876068,__import__.stock_production_lot_662T_2876068
__import__.stock_inventory_line_66622302_3498987,__import__.location_loc_QKA225,3,__import__.product_3498987,__import__.stock_production_lot_66622302_3498987
__import__.stock_inventory_line_66702_5776192,__import__.location_loc_GF26B2,5,__import__.product_5776192,__import__.stock_production_lot_66702_5776192
__import__.stock_inventory_line_66930913_0868547,__import__.location_loc_GBD309,54,__import__.product_0868547,__import__.stock_production_lot_66930913_0868547
__import__.stock_inventory_line_66958500_1416700,__import__.location_loc_GBG501,54,__import__.product_1416700,__import__.stock_production_lot_66958500_1416700
__import__.stock_inventory_line_66968001_1357896,__import__.location_loc_GBR303,2,__import__.product_1357896,__import__.stock_production_lot_66968001_1357896
__import__.stock_inventory_line_6697_8028570,__import__.location_loc_GF24C4,9,__import__.product_8028570,__import__.stock_production_lot_6697_8028570
__import__.stock_inventory_line_66974003_0633135,__import__.location_loc_GGB301,72,__import__.product_0633135,__import__.stock_production_lot_66974003_0633135
__import__.stock_inventory_line_66974900_0386920,__import__.location_loc_GBG507,68,__import__.product_0386920,__import__.stock_production_lot_66974900_0386920
__import__.stock_inventory_line_66975301_6760723,__import__.location_loc_QJA210,1,__import__.product_6760723,__import__.stock_production_lot_66975301_6760723
__import__.stock_inventory_line_67BK_2451656,__import__.location_loc_GH09D3,12,__import__.product_2451656,__import__.stock_production_lot_67BK_2451656
__import__.stock_inventory_line_67D3_2451649,__import__.location_loc_GC31D6,19,__import__.product_2451649,__import__.stock_production_lot_67D3_2451649
__import__.stock_inventory_line_67MSA_8120007,__import__.location_loc_GGE503,44,__import__.product_8120007,__import__.stock_production_lot_67MSA_8120007
__import__.stock_inventory_line_67NJ_3381829,__import__.location_loc_GE01C5,1,__import__.product_3381829,__import__.stock_production_lot_67NJ_3381829
__import__.stock_inventory_line_67PE_5120017,__import__.location_loc_GF10D5,4,__import__.product_5120017,__import__.stock_production_lot_67PE_5120017
__import__.stock_inventory_line_67PT_3604204,__import__.location_loc_GGE108,41,__import__.product_3604204,__import__.stock_production_lot_67PT_3604204
__import__.stock_inventory_line_67R3_2876076,__import__.location_loc_GF24F4,6,__import__.product_2876076,__import__.stock_production_lot_67R3_2876076
__import__.stock_inventory_line_67VT_2410959,__import__.location_loc_GBX409,221,__import__.product_2410959,__import__.stock_production_lot_67VT_2410959
__import__.stock_inventory_line_67V9_6988892,__import__.location_loc_QDD530,8,__import__.product_6988892,__import__.stock_production_lot_67V9_6988892
__import__.stock_inventory_line_67WZ_2477495,__import__.location_loc_GGH201,134,__import__.product_2477495,__import__.stock_production_lot_67WZ_2477495
__import__.stock_inventory_line_67ZX_1705557,__import__.location_loc_QEB230,1,__import__.product_1705557,__import__.stock_production_lot_67ZX_1705557
__import__.stock_inventory_line_6736_8333250,__import__.location_loc_EXH200,2,__import__.product_8333250,__import__.stock_production_lot_6736_8333250
__import__.stock_inventory_line_674D_6935246,__import__.location_loc_GD10D1,1,__import__.product_6935246,__import__.stock_production_lot_674D_6935246
__import__.stock_inventory_line_6758_8426916,__import__.location_loc_GD19C3,12,__import__.product_8426916,__import__.stock_production_lot_6758_8426916
__import__.stock_inventory_line_6759_6600883,__import__.location_loc_GD21C1,16,__import__.product_6600883,__import__.stock_production_lot_6759_6600883
__import__.stock_inventory_line_676CF_3123163,__import__.location_loc_GBM415,62,__import__.product_3123163,__import__.stock_production_lot_676CF_3123163
__import__.stock_inventory_line_6770217_2769297,__import__.location_loc_GF14F2,14,__import__.product_2769297,__import__.stock_production_lot_6770217_2769297
__import__.stock_inventory_line_678K_3280906,__import__.location_loc_GF29C6,27,__import__.product_3280906,__import__.stock_production_lot_678K_3280906
__import__.stock_inventory_line_6790516_2730984,__import__.location_loc_GE23D7,2,__import__.product_2730984,__import__.stock_production_lot_6790516_2730984
__import__.stock_inventory_line_6798_2451631,__import__.location_loc_GH11F2,14,__import__.product_2451631,__import__.stock_production_lot_6798_2451631
__import__.stock_inventory_line_68BM_2599850,__import__.location_loc_GBM215,2,__import__.product_2599850,__import__.stock_production_lot_68BM_2599850
__import__.stock_inventory_line_68HS_3604220,__import__.location_loc_GBM509,23,__import__.product_3604220,__import__.stock_production_lot_68HS_3604220
__import__.stock_inventory_line_68HU_3604238,__import__.location_loc_GBX505,25,__import__.product_3604238,__import__.stock_production_lot_68HU_3604238
__import__.stock_inventory_line_68LC_7040132,__import__.location_loc_GE15B6,7,__import__.product_7040132,__import__.stock_production_lot_68LC_7040132
__import__.stock_inventory_line_68N8_3604246,__import__.location_loc_GC16D1,24,__import__.product_3604246,__import__.stock_production_lot_68N8_3604246
__import__.stock_inventory_line_68SB_3427317,__import__.location_loc_GBV104,38,__import__.product_3427317,__import__.stock_production_lot_68SB_3427317
__import__.stock_inventory_line_68V3_3604212,__import__.location_loc_GBA313,21,__import__.product_3604212,__import__.stock_production_lot_68V3_3604212
__import__.stock_inventory_line_6801_6600870,__import__.location_loc_GGU103,100,__import__.product_6600870,__import__.stock_production_lot_6801_6600870
__import__.stock_inventory_line_681CA_3123163,__import__.location_loc_GBM415,82,__import__.product_3123163,__import__.stock_production_lot_681CA_3123163
__import__.stock_inventory_line_683849757_9052013,__import__.location_loc_GE10D3,1,__import__.product_9052013,__import__.stock_production_lot_683849757_9052013
__import__.stock_inventory_line_69CGA_1509033,__import__.location_loc_GGH507,34,__import__.product_1509033,__import__.stock_production_lot_69CGA_1509033
__import__.stock_inventory_line_69GL_1163393,__import__.location_loc_GGH301,122,__import__.product_1163393,__import__.stock_production_lot_69GL_1163393
__import__.stock_inventory_line_69JB_2617397,__import__.location_loc_GBP201,28,__import__.product_2617397,__import__.stock_production_lot_69JB_2617397
__import__.stock_inventory_line_69MRA_2477479,__import__.location_loc_GGE202,4,__import__.product_2477479,__import__.stock_production_lot_69MRA_2477479
__import__.stock_inventory_line_69MSA_2599850,__import__.location_loc_GBM215,4,__import__.product_2599850,__import__.stock_production_lot_69MSA_2599850
__import__.stock_inventory_line_69PX_2445179,__import__.location_loc_GH07A4,52,__import__.product_2445179,__import__.stock_production_lot_69PX_2445179
__import__.stock_inventory_line_69ST_2445161,__import__.location_loc_GBV303,25,__import__.product_2445161,__import__.stock_production_lot_69ST_2445161
__import__.stock_inventory_line_69TR_1001916,__import__.location_loc_GGH504,143,__import__.product_1001916,__import__.stock_production_lot_69TR_1001916
__import__.stock_inventory_line_69UWA_2477503,__import__.location_loc_GE24C3,36,__import__.product_2477503,__import__.stock_production_lot_69UWA_2477503
__import__.stock_inventory_line_69WRA_2477479,__import__.location_loc_GGE202,72,__import__.product_2477479,__import__.stock_production_lot_69WRA_2477479
__import__.stock_inventory_line_69YN_0026963,__import__.location_loc_GBK303,28,__import__.product_0026963,__import__.stock_production_lot_69YN_0026963
__import__.stock_inventory_line_691709008_8250004,__import__.location_loc_GD32D4,380,__import__.product_8250004,__import__.stock_production_lot_691709008_8250004
__import__.stock_inventory_line_693803001_5942207,__import__.location_loc_GC26B1,4,__import__.product_5942207,__import__.stock_production_lot_693803001_5942207
__import__.stock_inventory_line_694803000_5942208,__import__.location_loc_GF23C2,6,__import__.product_5942208,__import__.stock_production_lot_694803000_5942208
__import__.stock_inventory_line_695302007_5421704,__import__.location_loc_GE10A2,5,__import__.product_5421704,__import__.stock_production_lot_695302007_5421704
__import__.stock_inventory_line_695601001_5942548,__import__.location_loc_GGF401,2,__import__.product_5942548,__import__.stock_production_lot_695601001_5942548
__import__.stock_inventory_line_696201002_5942547,__import__.location_loc_GF25A2,2,__import__.product_5942547,__import__.stock_production_lot_696201002_5942547
__import__.stock_inventory_line_696223A01_3296423,__import__.location_loc_QCF215,19,__import__.product_3296423,__import__.stock_production_lot_696223A01_3296423
__import__.stock_inventory_line_696304000_5942198,__import__.location_loc_GC08B2,20,__import__.product_5942198,__import__.stock_production_lot_696304000_5942198
__import__.stock_inventory_line_696901001_5992465,__import__.location_loc_GE04C3,3,__import__.product_5992465,__import__.stock_production_lot_696901001_5992465
__import__.stock_inventory_line_698338003_1290204,__import__.location_loc_GGD305,3,__import__.product_1290204,__import__.stock_production_lot_698338003_1290204
__import__.stock_inventory_line_698601008_5051041,__import__.location_loc_GF32B3,2,__import__.product_5051041,__import__.stock_production_lot_698601008_5051041
__import__.stock_inventory_line_698609004_8250004,__import__.location_loc_GD32D4,106,__import__.product_8250004,__import__.stock_production_lot_698609004_8250004
__import__.stock_inventory_line_698805000_5942197,__import__.location_loc_GD17C1,4,__import__.product_5942197,__import__.stock_production_lot_698805000_5942197
__import__.stock_inventory_line_698992007_0661702,__import__.location_loc_GE06C3,15,__import__.product_0661702,__import__.stock_production_lot_698992007_0661702
__import__.stock_inventory_line_699301006_2542217,__import__.location_loc_GE01D1,1,__import__.product_2542217,__import__.stock_production_lot_699301006_2542217
__import__.stock_inventory_line_699301006_0192294,__import__.location_loc_GC10A2,15,__import__.product_0192294,__import__.stock_production_lot_699301006_0192294
__import__.stock_inventory_line_699305004_5992463,__import__.location_loc_GC16A1,4,__import__.product_5992463,__import__.stock_production_lot_699305004_5992463
__import__.stock_inventory_line_699404004_5942206,__import__.location_loc_GC25A3,10,__import__.product_5942206,__import__.stock_production_lot_699404004_5942206
__import__.stock_inventory_line_699602004_0192385,__import__.location_loc_GD21D3,15,__import__.product_0192385,__import__.stock_production_lot_699602004_0192385
__import__.stock_inventory_line_699804002_5942199,__import__.location_loc_GF23C5,1,__import__.product_5942199,__import__.stock_production_lot_699804002_5942199
__import__.stock_inventory_line_7A28A1_6895133,__import__.location_loc_GD01B3,8,__import__.product_6895133,__import__.stock_production_lot_7A28A1_6895133
__import__.stock_inventory_line_7B59Z2_0079459,__import__.location_loc_GBG407,16,__import__.product_0079459,__import__.stock_production_lot_7B59Z2_0079459
__import__.stock_inventory_line_7B59Z3_0079327,__import__.location_loc_GBD305,29,__import__.product_0079327,__import__.stock_production_lot_7B59Z3_0079327
__import__.stock_inventory_line_7C0121B_1400522,__import__.location_loc_GGB304,131,__import__.product_1400522,__import__.stock_production_lot_7C0121B_1400522
__import__.stock_inventory_line_7C0154B_1684372,__import__.location_loc_GGB105,325,__import__.product_1684372,__import__.stock_production_lot_7C0154B_1684372
__import__.stock_inventory_line_7C0159F_6868231,__import__.location_loc_GD09B1,3,__import__.product_6868231,__import__.stock_production_lot_7C0159F_6868231
__import__.stock_inventory_line_7C0183D_2433803,__import__.location_loc_GGP103,39,__import__.product_2433803,__import__.stock_production_lot_7C0183D_2433803
__import__.stock_inventory_line_7C0231C_6902034,__import__.location_loc_GE15D6,12,__import__.product_6902034,__import__.stock_production_lot_7C0231C_6902034
__import__.stock_inventory_line_7C0249E_2509818,__import__.location_loc_GGB508,67,__import__.product_2509818,__import__.stock_production_lot_7C0249E_2509818
__import__.stock_inventory_line_7C0250D_2509800,__import__.location_loc_GBH305,22,__import__.product_2509800,__import__.stock_production_lot_7C0250D_2509800
__import__.stock_inventory_line_7C0255F_2433795,__import__.location_loc_GBH104,101,__import__.product_2433795,__import__.stock_production_lot_7C0255F_2433795
__import__.stock_inventory_line_7C0255M_2433787,__import__.location_loc_GBV405,53,__import__.product_2433787,__import__.stock_production_lot_7C0255M_2433787
__import__.stock_inventory_line_7C0279E_2849065,__import__.location_loc_GE13E2,47,__import__.product_2849065,__import__.stock_production_lot_7C0279E_2849065
__import__.stock_inventory_line_7C03270_2849081,__import__.location_loc_GGL205,31,__import__.product_2849081,__import__.stock_production_lot_7C03270_2849081
__import__.stock_inventory_line_7C0346B_6867786,__import__.location_loc_GD02C8,6,__import__.product_6867786,__import__.stock_production_lot_7C0346B_6867786
__import__.stock_inventory_line_7C0347G_6868231,__import__.location_loc_GD09B1,370,__import__.product_6868231,__import__.stock_production_lot_7C0347G_6868231
__import__.stock_inventory_line_7C0437C_2509784,__import__.location_loc_GBO304,1,__import__.product_2509784,__import__.stock_production_lot_7C0437C_2509784
__import__.stock_inventory_line_7C0455F_8113749,__import__.location_loc_GE03G7,12,__import__.product_8113749,__import__.stock_production_lot_7C0455F_8113749
__import__.stock_inventory_line_7C0466C_6885979,__import__.location_loc_GD04B5,59,__import__.product_6885979,__import__.stock_production_lot_7C0466C_6885979
__import__.stock_inventory_line_7C0476D_7760203,__import__.location_loc_GGE301,87,__import__.product_7760203,__import__.stock_production_lot_7C0476D_7760203
__import__.stock_inventory_line_7C0476E_7760220,__import__.location_loc_GBY301,141,__import__.product_7760220,__import__.stock_production_lot_7C0476E_7760220
__import__.stock_inventory_line_7C0495C_2849081,__import__.location_loc_GGL205,-1,__import__.product_2849081,__import__.stock_production_lot_7C0495C_2849081
__import__.stock_inventory_line_7C0516C_6960758,__import__.location_loc_GD04D2,9,__import__.product_6960758,__import__.stock_production_lot_7C0516C_6960758
__import__.stock_inventory_line_7C0518B_6868372,__import__.location_loc_GC31A4,6,__import__.product_6868372,__import__.stock_production_lot_7C0518B_6868372
__import__.stock_inventory_line_7C0544D_6868745,__import__.location_loc_GD04A5,53,__import__.product_6868745,__import__.stock_production_lot_7C0544D_6868745
__import__.stock_inventory_line_7C0578D_2176089,__import__.location_loc_GE32C2,27,__import__.product_2176089,__import__.stock_production_lot_7C0578D_2176089
__import__.stock_inventory_line_7C06Z1_6721433,__import__.location_loc_GC08A3,1,__import__.product_6721433,__import__.stock_production_lot_7C06Z1_6721433
__import__.stock_inventory_line_7C0652H_1112523,__import__.location_loc_GC15D4,33,__import__.product_1112523,__import__.stock_production_lot_7C0652H_1112523
__import__.stock_inventory_line_7C0652M_1329622,__import__.location_loc_GBH302,29,__import__.product_1329622,__import__.stock_production_lot_7C0652M_1329622
__import__.stock_inventory_line_7C0669A_6848234,__import__.location_loc_GGL102,51,__import__.product_6848234,__import__.stock_production_lot_7C0669A_6848234
__import__.stock_inventory_line_7C0695G_6989437,__import__.location_loc_GD02G1,3,__import__.product_6989437,__import__.stock_production_lot_7C0695G_6989437
__import__.stock_inventory_line_7C0699D_6869029,__import__.location_loc_GF30G7,1,__import__.product_6869029,__import__.stock_production_lot_7C0699D_6869029
__import__.stock_inventory_line_7C0737L_0104299,__import__.location_loc_GGE307,269,__import__.product_0104299,__import__.stock_production_lot_7C0737L_0104299
__import__.stock_inventory_line_7C0747P_3074440,__import__.location_loc_GGS104,67,__import__.product_3074440,__import__.stock_production_lot_7C0747P_3074440
__import__.stock_inventory_line_7C0800A_6848234,__import__.location_loc_GGL102,19,__import__.product_6848234,__import__.stock_production_lot_7C0800A_6848234
__import__.stock_inventory_line_7C0815A_6948728,__import__.location_loc_GGH202,24,__import__.product_6948728,__import__.stock_production_lot_7C0815A_6948728
__import__.stock_inventory_line_7C0829F_1112515,__import__.location_loc_GGP407,56,__import__.product_1112515,__import__.stock_production_lot_7C0829F_1112515
__import__.stock_inventory_line_7C0829L_1329614,__import__.location_loc_GGP306,3,__import__.product_1329614,__import__.stock_production_lot_7C0829L_1329614
__import__.stock_inventory_line_7C0889D_6929464,__import__.location_loc_GD05B2,215,__import__.product_6929464,__import__.stock_production_lot_7C0889D_6929464
__import__.stock_inventory_line_7C0949B_6885979,__import__.location_loc_GD04B5,60,__import__.product_6885979,__import__.stock_production_lot_7C0949B_6885979
__import__.stock_inventory_line_7C0993C_6886016,__import__.location_loc_GD05A3,6,__import__.product_6886016,__import__.stock_production_lot_7C0993C_6886016
__import__.stock_inventory_line_7C1034E_2433829,__import__.location_loc_GF11B2,23,__import__.product_2433829,__import__.stock_production_lot_7C1034E_2433829
__import__.stock_inventory_line_7C1051D_2433779,__import__.location_loc_GE32D1,30,__import__.product_2433779,__import__.stock_production_lot_7C1051D_2433779
__import__.stock_inventory_line_7C1053D_2433811,__import__.location_loc_GBM311,27,__import__.product_2433811,__import__.stock_production_lot_7C1053D_2433811
__import__.stock_inventory_line_7C1122E_2655280,__import__.location_loc_GC31F5,38,__import__.product_2655280,__import__.stock_production_lot_7C1122E_2655280
__import__.stock_inventory_line_7C1123D_2655298,__import__.location_loc_GE03D3,2,__import__.product_2655298,__import__.stock_production_lot_7C1123D_2655298
__import__.stock_inventory_line_7C1130H_2849081,__import__.location_loc_GGL205,42,__import__.product_2849081,__import__.stock_production_lot_7C1130H_2849081
__import__.stock_inventory_line_7C1130J_2848877,__import__.location_loc_GE09E4,18,__import__.product_2848877,__import__.stock_production_lot_7C1130J_2848877
__import__.stock_inventory_line_7C1147E_2114981,__import__.location_loc_GBP111,43,__import__.product_2114981,__import__.stock_production_lot_7C1147E_2114981
__import__.stock_inventory_line_7C12088_8219293,__import__.location_loc_GI13B5,150,__import__.product_8219293,__import__.stock_production_lot_7C12088_8219293
__import__.stock_inventory_line_7C1216C_1118983,__import__.location_loc_GGE501,78,__import__.product_1118983,__import__.stock_production_lot_7C1216C_1118983
__import__.stock_inventory_line_7C1338D_2655298,__import__.location_loc_GE03D3,8,__import__.product_2655298,__import__.stock_production_lot_7C1338D_2655298
__import__.stock_inventory_line_7C1342B_6869029,__import__.location_loc_GF30G7,3,__import__.product_6869029,__import__.stock_production_lot_7C1342B_6869029
__import__.stock_inventory_line_7C1407J_2849354,__import__.location_loc_GE23B3,28,__import__.product_2849354,__import__.stock_production_lot_7C1407J_2849354
__import__.stock_inventory_line_7C1464C_2849081,__import__.location_loc_GGL205,23,__import__.product_2849081,__import__.stock_production_lot_7C1464C_2849081
__import__.stock_inventory_line_7C1573H_2849073,__import__.location_loc_GD32C1,13,__import__.product_2849073,__import__.stock_production_lot_7C1573H_2849073
__import__.stock_inventory_line_7C2083E_1112507,__import__.location_loc_GF12A6,9,__import__.product_1112507,__import__.stock_production_lot_7C2083E_1112507
__import__.stock_inventory_line_7C2083K_7760200,__import__.location_loc_GF10D2,36,__import__.product_7760200,__import__.stock_production_lot_7C2083K_7760200
__import__.stock_inventory_line_7C45A1_6895133,__import__.location_loc_GD01B3,74,__import__.product_6895133,__import__.stock_production_lot_7C45A1_6895133
__import__.stock_inventory_line_7C5032_2978187,__import__.location_loc_GF22F3,17,__import__.product_2978187,__import__.stock_production_lot_7C5032_2978187
__import__.stock_inventory_line_7C5034_2978179,__import__.location_loc_GF22D7,22,__import__.product_2978179,__import__.stock_production_lot_7C5034_2978179
__import__.stock_inventory_line_7D05A1_6940230,__import__.location_loc_GI13A4,300,__import__.product_6940230,__import__.stock_production_lot_7D05A1_6940230
__import__.stock_inventory_line_7E0893AA_1484054,__import__.location_loc_GBM303,55,__import__.product_1484054,__import__.stock_production_lot_7E0893AA_1484054
__import__.stock_inventory_line_7E1382AB_1484047,__import__.location_loc_GGB208,90,__import__.product_1484047,__import__.stock_production_lot_7E1382AB_1484047
__import__.stock_inventory_line_7F00255_2941094,__import__.location_loc_GGB307,10,__import__.product_2941094,__import__.stock_production_lot_7F00255_2941094
__import__.stock_inventory_line_7F01055_2941086,__import__.location_loc_GC32A2,11,__import__.product_2941086,__import__.stock_production_lot_7F01055_2941086
__import__.stock_inventory_line_7F01068_2941094,__import__.location_loc_GGB307,84,__import__.product_2941094,__import__.stock_production_lot_7F01068_2941094
__import__.stock_inventory_line_7F02121_1385236,__import__.location_loc_GBC306,3,__import__.product_1385236,__import__.stock_production_lot_7F02121_1385236
__import__.stock_inventory_line_7F02183_3341849,__import__.location_loc_GH07B6,2,__import__.product_3341849,__import__.stock_production_lot_7F02183_3341849
__import__.stock_inventory_line_7F05701_8270532,__import__.location_loc_GE05C2,4,__import__.product_8270532,__import__.stock_production_lot_7F05701_8270532
__import__.stock_inventory_line_7F07431_3341864,__import__.location_loc_GH07A5,12,__import__.product_3341864,__import__.stock_production_lot_7F07431_3341864
__import__.stock_inventory_line_7F09761_8270533,__import__.location_loc_GD21B1,3,__import__.product_8270533,__import__.stock_production_lot_7F09761_8270533
__import__.stock_inventory_line_7F10771_7640240,__import__.location_loc_GGR401,5,__import__.product_7640240,__import__.stock_production_lot_7F10771_7640240
__import__.stock_inventory_line_7F13161_3086139,__import__.location_loc_GF17B3,13,__import__.product_3086139,__import__.stock_production_lot_7F13161_3086139
__import__.stock_inventory_line_7F13165_3341849,__import__.location_loc_GH07B6,12,__import__.product_3341849,__import__.stock_production_lot_7F13165_3341849
__import__.stock_inventory_line_7F13181_3086121,__import__.location_loc_GBP415,16,__import__.product_3086121,__import__.stock_production_lot_7F13181_3086121
__import__.stock_inventory_line_7F13191_3086121,__import__.location_loc_GBP415,1,__import__.product_3086121,__import__.stock_production_lot_7F13191_3086121
__import__.stock_inventory_line_7F14211_3341872,__import__.location_loc_GH33A4,15,__import__.product_3341872,__import__.stock_production_lot_7F14211_3341872
__import__.stock_inventory_line_7F1448_3204906,__import__.location_loc_GBE103,128,__import__.product_3204906,__import__.stock_production_lot_7F1448_3204906
__import__.stock_inventory_line_7F16553_3086139,__import__.location_loc_GF17B3,24,__import__.product_3086139,__import__.stock_production_lot_7F16553_3086139
__import__.stock_inventory_line_7F16711_3086121,__import__.location_loc_GBP415,48,__import__.product_3086121,__import__.stock_production_lot_7F16711_3086121
__import__.stock_inventory_line_7F19021_3341872,__import__.location_loc_GH33A4,116,__import__.product_3341872,__import__.stock_production_lot_7F19021_3341872
__import__.stock_inventory_line_7F19091_3086147,__import__.location_loc_GC08C2,6,__import__.product_3086147,__import__.stock_production_lot_7F19091_3086147
__import__.stock_inventory_line_7H29Z2_0083253,__import__.location_loc_GL06A2,8,__import__.product_0083253,__import__.stock_production_lot_7H29Z2_0083253
__import__.stock_inventory_line_7S07N0637610_8383325,__import__.location_loc_GF17A3,1,__import__.product_8383325,__import__.stock_production_lot_7S07N0637610_8383325
__import__.stock_inventory_line_7S09N072944Q_8383259,__import__.location_loc_GGT304,6,__import__.product_8383259,__import__.stock_production_lot_7S09N072944Q_8383259
__import__.stock_inventory_line_7S22N1976670_8383302,__import__.location_loc_GAC520,1,__import__.product_8383302,__import__.stock_production_lot_7S22N1976670_8383302
__import__.stock_inventory_line_7S24N2031_8233761,__import__.location_loc_GF19C2,4,__import__.product_8233761,__import__.stock_production_lot_7S24N2031_8233761
__import__.stock_inventory_line_7S26N2523_8383325,__import__.location_loc_GF17A3,12,__import__.product_8383325,__import__.stock_production_lot_7S26N2523_8383325
__import__.stock_inventory_line_70007_2252252,__import__.location_loc_GI03B7,163,__import__.product_2252252,__import__.stock_production_lot_70007_2252252
__import__.stock_inventory_line_700106286_1385954,__import__.location_loc_GC20D4,3,__import__.product_1385954,__import__.stock_production_lot_700106286_1385954
__import__.stock_inventory_line_700110177_5040095,__import__.location_loc_GD06E5,2,__import__.product_5040095,__import__.stock_production_lot_700110177_5040095
__import__.stock_inventory_line_700110252_4218331,__import__.location_loc_GD19B2,64,__import__.product_4218331,__import__.stock_production_lot_700110252_4218331
__import__.stock_inventory_line_700201134_0802181,__import__.location_loc_GC04B1,1,__import__.product_0802181,__import__.stock_production_lot_700201134_0802181
__import__.stock_inventory_line_700202131_0802181,__import__.location_loc_GC04B1,2,__import__.product_0802181,__import__.stock_production_lot_700202131_0802181
__import__.stock_inventory_line_700209178_0671230,__import__.location_loc_GD18B3,8,__import__.product_0671230,__import__.stock_production_lot_700209178_0671230
__import__.stock_inventory_line_700307256_4218359,__import__.location_loc_GD06B1,3,__import__.product_4218359,__import__.stock_production_lot_700307256_4218359
__import__.stock_inventory_line_700406256_5421827,__import__.location_loc_GF17E3,4,__import__.product_5421827,__import__.stock_production_lot_700406256_5421827
__import__.stock_inventory_line_700406287_2543073,__import__.location_loc_GC29E2,1,__import__.product_2543073,__import__.stock_production_lot_700406287_2543073
__import__.stock_inventory_line_700416255_5007377,__import__.location_loc_GC11G3,7,__import__.product_5007377,__import__.stock_production_lot_700416255_5007377
__import__.stock_inventory_line_700416286_5277507,__import__.location_loc_GD32A5,1,__import__.product_5277507,__import__.stock_production_lot_700416286_5277507
__import__.stock_inventory_line_700424120_0817031,__import__.location_loc_GC22B3,29,__import__.product_0817031,__import__.stock_production_lot_700424120_0817031
__import__.stock_inventory_line_700426179_5040098,__import__.location_loc_GF26F5,9,__import__.product_5040098,__import__.stock_production_lot_700426179_5040098
__import__.stock_inventory_line_700426179_5040093,__import__.location_loc_GF28E6,16,__import__.product_5040093,__import__.stock_production_lot_700426179_5040093
__import__.stock_inventory_line_700519178_0495036,__import__.location_loc_GD14C3,2,__import__.product_0495036,__import__.stock_production_lot_700519178_0495036
__import__.stock_inventory_line_700536_2794212,__import__.location_loc_GE09G8,17,__import__.product_2794212,__import__.stock_production_lot_700536_2794212
__import__.stock_inventory_line_700613258_4218359,__import__.location_loc_GD06B1,78,__import__.product_4218359,__import__.stock_production_lot_700613258_4218359
__import__.stock_inventory_line_700620287_5277510,__import__.location_loc_GE01C2,3,__import__.product_5277510,__import__.stock_production_lot_700620287_5277510
__import__.stock_inventory_line_700623257_5007377,__import__.location_loc_GC11G3,96,__import__.product_5007377,__import__.stock_production_lot_700623257_5007377
__import__.stock_inventory_line_700815171_0817189,__import__.location_loc_GD18C3,2,__import__.product_0817189,__import__.stock_production_lot_700815171_0817189
__import__.stock_inventory_line_700817281_1575315,__import__.location_loc_GC08B5,2,__import__.product_1575315,__import__.stock_production_lot_700817281_1575315
__import__.stock_inventory_line_700818288_1575323,__import__.location_loc_GL04B5,8,__import__.product_1575323,__import__.stock_production_lot_700818288_1575323
__import__.stock_inventory_line_700827174_0495036,__import__.location_loc_GD14C3,18,__import__.product_0495036,__import__.stock_production_lot_700827174_0495036
__import__.stock_inventory_line_700925252_8007378,__import__.location_loc_GK10B5,204,__import__.product_8007378,__import__.stock_production_lot_700925252_8007378
__import__.stock_inventory_line_7009756_8287426,__import__.location_loc_GD19B5,2,__import__.product_8287426,__import__.stock_production_lot_7009756_8287426
__import__.stock_inventory_line_701002_5031110,__import__.location_loc_GZZ414,1,__import__.product_5031110,__import__.stock_production_lot_701002_5031110
__import__.stock_inventory_line_70100436_3550472,__import__.location_loc_GBX303,155,__import__.product_3550472,__import__.stock_production_lot_70100436_3550472
__import__.stock_inventory_line_701010285_0870360,__import__.location_loc_GC12B2,2,__import__.product_0870360,__import__.stock_production_lot_701010285_0870360
__import__.stock_inventory_line_701023179_0817189,__import__.location_loc_GD18C3,2,__import__.product_0817189,__import__.stock_production_lot_701023179_0817189
__import__.stock_inventory_line_701026125_0817023,__import__.location_loc_GE15D1,28,__import__.product_0817023,__import__.stock_production_lot_701026125_0817023
__import__.stock_inventory_line_701028259_8007378,__import__.location_loc_GK10B5,60,__import__.product_8007378,__import__.stock_production_lot_701028259_8007378
__import__.stock_inventory_line_701034_1019900,__import__.location_loc_QEE320,1,__import__.product_1019900,__import__.stock_production_lot_701034_1019900
__import__.stock_inventory_line_701106254_0391946,__import__.location_loc_GGC303,6,__import__.product_0391946,__import__.stock_production_lot_701106254_0391946
__import__.stock_inventory_line_701112286_0870360,__import__.location_loc_GC12B2,1,__import__.product_0870360,__import__.stock_production_lot_701112286_0870360
__import__.stock_inventory_line_701122285_1575331,__import__.location_loc_GC01C2,9,__import__.product_1575331,__import__.stock_production_lot_701122285_1575331
__import__.stock_inventory_line_701127280_5080102,__import__.location_loc_GC04D4,5,__import__.product_5080102,__import__.stock_production_lot_701127280_5080102
__import__.stock_inventory_line_701127280_1575315,__import__.location_loc_GC08B5,3,__import__.product_1575315,__import__.stock_production_lot_701127280_1575315
__import__.stock_inventory_line_701155_5420004,__import__.location_loc_GF14F5,13,__import__.product_5420004,__import__.stock_production_lot_701155_5420004
__import__.stock_inventory_line_701232120_0817023,__import__.location_loc_GE15D1,220,__import__.product_0817023,__import__.stock_production_lot_701232120_0817023
__import__.stock_inventory_line_7013_2447902,__import__.location_loc_GGB504,21,__import__.product_2447902,__import__.stock_production_lot_7013_2447902
__import__.stock_inventory_line_701321282_2543073,__import__.location_loc_GC29E2,4,__import__.product_2543073,__import__.stock_production_lot_701321282_2543073
__import__.stock_inventory_line_701392A_3031895,__import__.location_loc_GF30D4,8,__import__.product_3031895,__import__.stock_production_lot_701392A_3031895
__import__.stock_inventory_line_701470_3142726,__import__.location_loc_GGL101,132,__import__.product_3142726,__import__.stock_production_lot_701470_3142726
__import__.stock_inventory_line_7019B10QX_8050279,__import__.location_loc_EXI652,9,__import__.product_8050279,__import__.stock_production_lot_7019B10QX_8050279
__import__.stock_inventory_line_701917287_0870360,__import__.location_loc_GC12B2,7,__import__.product_0870360,__import__.stock_production_lot_701917287_0870360
__import__.stock_inventory_line_702070_6695954,__import__.location_loc_GH07D6,6,__import__.product_6695954,__import__.stock_production_lot_702070_6695954
__import__.stock_inventory_line_702160C_2582757,__import__.location_loc_GD07C3,15,__import__.product_2582757,__import__.stock_production_lot_702160C_2582757
__import__.stock_inventory_line_702218253_0819375,__import__.location_loc_GE01C1,3,__import__.product_0819375,__import__.stock_production_lot_702218253_0819375
__import__.stock_inventory_line_702490B_3022613,__import__.location_loc_GD21C4,12,__import__.product_3022613,__import__.stock_production_lot_702490B_3022613
__import__.stock_inventory_line_702612129_5900873,__import__.location_loc_GF26D3,1,__import__.product_5900873,__import__.stock_production_lot_702612129_5900873
__import__.stock_inventory_line_7027104_2435360,__import__.location_loc_GGV302,87,__import__.product_2435360,__import__.stock_production_lot_7027104_2435360
__import__.stock_inventory_line_7029109_2435378,__import__.location_loc_GBP215,93,__import__.product_2435378,__import__.stock_production_lot_7029109_2435378
__import__.stock_inventory_line_703_0118034,__import__.location_loc_GD10B1,2,__import__.product_0118034,__import__.stock_production_lot_703_0118034
__import__.stock_inventory_line_703_7146604,__import__.location_loc_GD20A4,1,__import__.product_7146604,__import__.stock_production_lot_703_7146604
__import__.stock_inventory_line_703DC_1148394,__import__.location_loc_GBX317,549,__import__.product_1148394,__import__.stock_production_lot_703DC_1148394
__import__.stock_inventory_line_703002_3344363,__import__.location_loc_GGU303,18,__import__.product_3344363,__import__.stock_production_lot_703002_3344363
__import__.stock_inventory_line_703013L_3045119,__import__.location_loc_GE16C5,55,__import__.product_3045119,__import__.stock_production_lot_703013L_3045119
__import__.stock_inventory_line_703013284_5277508,__import__.location_loc_GD14B1,4,__import__.product_5277508,__import__.stock_production_lot_703013284_5277508
__import__.stock_inventory_line_703190C_3022621,__import__.location_loc_GD25B4,5,__import__.product_3022621,__import__.stock_production_lot_703190C_3022621
__import__.stock_inventory_line_7034B10QX_8050279,__import__.location_loc_EXI652,12,__import__.product_8050279,__import__.stock_production_lot_7034B10QX_8050279
__import__.stock_inventory_line_7034224A_2954600,__import__.location_loc_GGK402,5,__import__.product_2954600,__import__.stock_production_lot_7034224A_2954600
__import__.stock_inventory_line_7041A011_9512023,__import__.location_loc_GAD470,30,__import__.product_9512023,__import__.stock_production_lot_7041A011_9512023
__import__.stock_inventory_line_70411KA_2788982,__import__.location_loc_GBX211,32,__import__.product_2788982,__import__.stock_production_lot_70411KA_2788982
__import__.stock_inventory_line_704121254_0391946,__import__.location_loc_GGC303,4,__import__.product_0391946,__import__.stock_production_lot_704121254_0391946
__import__.stock_inventory_line_704127126_5900873,__import__.location_loc_GF26D3,1,__import__.product_5900873,__import__.stock_production_lot_704127126_5900873
__import__.stock_inventory_line_70413_2472488,__import__.location_loc_GL10B2,13,__import__.product_2472488,__import__.stock_production_lot_70413_2472488
__import__.stock_inventory_line_70418B_6969624,__import__.location_loc_GE23D6,4,__import__.product_6969624,__import__.stock_production_lot_70418B_6969624
__import__.stock_inventory_line_7042501A_3309200,__import__.location_loc_GL11A1,73,__import__.product_3309200,__import__.stock_production_lot_7042501A_3309200
__import__.stock_inventory_line_7042801_8203820,__import__.location_loc_QDB215,1,__import__.product_8203820,__import__.stock_production_lot_7042801_8203820
__import__.stock_inventory_line_704296A_2604973,__import__.location_loc_GD05D1,166,__import__.product_2604973,__import__.stock_production_lot_704296A_2604973
__import__.stock_inventory_line_704425_7102302,__import__.location_loc_GC03G3,15,__import__.product_7102302,__import__.stock_production_lot_704425_7102302
__import__.stock_inventory_line_70489_2252260,__import__.location_loc_GK06B2,95,__import__.product_2252260,__import__.stock_production_lot_70489_2252260
__import__.stock_inventory_line_7049175_8000666,__import__.location_loc_GC30D1,6,__import__.product_8000666,__import__.stock_production_lot_7049175_8000666
__import__.stock_inventory_line_705190E_2605061,__import__.location_loc_GGR705,16,__import__.product_2605061,__import__.stock_production_lot_705190E_2605061
__import__.stock_inventory_line_7052091000_8095595,__import__.location_loc_GBL302,28,__import__.product_8095595,__import__.stock_production_lot_7052091000_8095595
__import__.stock_inventory_line_705312_1405554,__import__.location_loc_GBS404,13,__import__.product_1405554,__import__.stock_production_lot_705312_1405554
__import__.stock_inventory_line_7053928_5292225,__import__.location_loc_GC05B6,1,__import__.product_5292225,__import__.stock_production_lot_7053928_5292225
__import__.stock_inventory_line_7053943_8287432,__import__.location_loc_GD27A5,8,__import__.product_8287432,__import__.stock_production_lot_7053943_8287432
__import__.stock_inventory_line_7055601A_0676643,__import__.location_loc_GF10C6,85,__import__.product_0676643,__import__.stock_production_lot_7055601A_0676643
__import__.stock_inventory_line_705601_8270282,__import__.location_loc_GBG305,32,__import__.product_8270282,__import__.stock_production_lot_705601_8270282
__import__.stock_inventory_line_705601_8270281,__import__.location_loc_GBG113,226,__import__.product_8270281,__import__.stock_production_lot_705601_8270281
__import__.stock_inventory_line_705601_8270284,__import__.location_loc_GE28C4,49,__import__.product_8270284,__import__.stock_production_lot_705601_8270284
__import__.stock_inventory_line_705701_5270109,__import__.location_loc_GGT504,9,__import__.product_5270109,__import__.stock_production_lot_705701_5270109
__import__.stock_inventory_line_705721286_0816322,__import__.location_loc_GL15B5,12,__import__.product_0816322,__import__.stock_production_lot_705721286_0816322
__import__.stock_inventory_line_705931258_0391946,__import__.location_loc_GGC303,110,__import__.product_0391946,__import__.stock_production_lot_705931258_0391946
__import__.stock_inventory_line_7060_6705434,__import__.location_loc_GC14D2,17,__import__.product_6705434,__import__.stock_production_lot_7060_6705434
__import__.stock_inventory_line_706125B_3074465,__import__.location_loc_GL10B3,16,__import__.product_3074465,__import__.stock_production_lot_706125B_3074465
__import__.stock_inventory_line_706172_8110679,__import__.location_loc_QEF410,5,__import__.product_8110679,__import__.stock_production_lot_706172_8110679
__import__.stock_inventory_line_706186340J_5011736,__import__.location_loc_GF09C1,5,__import__.product_5011736,__import__.stock_production_lot_706186340J_5011736
__import__.stock_inventory_line_706601_8270285,__import__.location_loc_GBD401,6,__import__.product_8270285,__import__.stock_production_lot_706601_8270285
__import__.stock_inventory_line_706806289_2504911,__import__.location_loc_GK05B3,1,__import__.product_2504911,__import__.stock_production_lot_706806289_2504911
__import__.stock_inventory_line_7068103_2691368,__import__.location_loc_GBT311,104,__import__.product_2691368,__import__.stock_production_lot_7068103_2691368
__import__.stock_inventory_line_706828120_5164259,__import__.location_loc_GE30D4,4,__import__.product_5164259,__import__.stock_production_lot_706828120_5164259
__import__.stock_inventory_line_70710341_5224530,__import__.location_loc_GH11C1,1,__import__.product_5224530,__import__.stock_production_lot_70710341_5224530
__import__.stock_inventory_line_7072411_7917101,__import__.location_loc_GE03G6,5,__import__.product_7917101,__import__.stock_production_lot_7072411_7917101
__import__.stock_inventory_line_7072711_7917100,__import__.location_loc_GE11F4,10,__import__.product_7917100,__import__.stock_production_lot_7072711_7917100
__import__.stock_inventory_line_707593F_2907335,__import__.location_loc_GE14C3,315,__import__.product_2907335,__import__.stock_production_lot_707593F_2907335
__import__.stock_inventory_line_707701_2935161,__import__.location_loc_GGU302,17,__import__.product_2935161,__import__.stock_production_lot_707701_2935161
__import__.stock_inventory_line_7079_6889115,__import__.location_loc_GE08C2,83,__import__.product_6889115,__import__.stock_production_lot_7079_6889115
__import__.stock_inventory_line_7079A_6711601,__import__.location_loc_GF28F1,2,__import__.product_6711601,__import__.stock_production_lot_7079A_6711601
__import__.stock_inventory_line_7079091000_8095603,__import__.location_loc_GD08C2,33,__import__.product_8095603,__import__.stock_production_lot_7079091000_8095603
__import__.stock_inventory_line_708_6701692,__import__.location_loc_GD20D5,5,__import__.product_6701692,__import__.stock_production_lot_708_6701692
__import__.stock_inventory_line_708_8005793,__import__.location_loc_GC05G2,5,__import__.product_8005793,__import__.stock_production_lot_708_8005793
__import__.stock_inventory_line_70822_7760208,__import__.location_loc_GAC410,33,__import__.product_7760208,__import__.stock_production_lot_70822_7760208
__import__.stock_inventory_line_708231B_2853273,__import__.location_loc_GAE220,6,__import__.product_2853273,__import__.stock_production_lot_708231B_2853273
__import__.stock_inventory_line_708253H_2281046,__import__.location_loc_GF12B1,41,__import__.product_2281046,__import__.stock_production_lot_708253H_2281046
__import__.stock_inventory_line_7090A006_9512024,__import__.location_loc_GAB310,11,__import__.product_9512024,__import__.stock_production_lot_7090A006_9512024
__import__.stock_inventory_line_7093_3445186,__import__.location_loc_GC13G7,12,__import__.product_3445186,__import__.stock_production_lot_7093_3445186
__import__.stock_inventory_line_71F16A1058_5224004,__import__.location_loc_GGC304,23,__import__.product_5224004,__import__.stock_production_lot_71F16A1058_5224004
__import__.stock_inventory_line_71F16E0292_5224003,__import__.location_loc_GGK403,5,__import__.product_5224003,__import__.stock_production_lot_71F16E0292_5224003
__import__.stock_inventory_line_71F16H0672_5224003,__import__.location_loc_GGK403,50,__import__.product_5224003,__import__.stock_production_lot_71F16H0672_5224003
__import__.stock_inventory_line_71F16M0673_5224001,__import__.location_loc_GGK202,2,__import__.product_5224001,__import__.stock_production_lot_71F16M0673_5224001
__import__.stock_inventory_line_71F16M1565_5224002,__import__.location_loc_GGI103,23,__import__.product_5224002,__import__.stock_production_lot_71F16M1565_5224002
__import__.stock_inventory_line_71F17B0392_8031661,__import__.location_loc_EXK700,9,__import__.product_8031661,__import__.stock_production_lot_71F17B0392_8031661
__import__.stock_inventory_line_71F17D0416_5224001,__import__.location_loc_GGK202,50,__import__.product_5224001,__import__.stock_production_lot_71F17D0416_5224001
__import__.stock_inventory_line_71F17G0487_5224005,__import__.location_loc_GF32D3,50,__import__.product_5224005,__import__.stock_production_lot_71F17G0487_5224005
__import__.stock_inventory_line_710_0118018,__import__.location_loc_GBS104,127,__import__.product_0118018,__import__.stock_production_lot_710_0118018
__import__.stock_inventory_line_7100735_8287372,__import__.location_loc_GF17C5,4,__import__.product_8287372,__import__.stock_production_lot_7100735_8287372
__import__.stock_inventory_line_7101500A_3309184,__import__.location_loc_GE06D6,68,__import__.product_3309184,__import__.stock_production_lot_7101500A_3309184
__import__.stock_inventory_line_710451A_0470021,__import__.location_loc_GBM401,129,__import__.product_0470021,__import__.stock_production_lot_710451A_0470021
__import__.stock_inventory_line_7105104_9512005,__import__.location_loc_GD02D5,6,__import__.product_9512005,__import__.stock_production_lot_7105104_9512005
__import__.stock_inventory_line_710517_8194050,__import__.location_loc_EXK800,1,__import__.product_8194050,__import__.stock_production_lot_710517_8194050
__import__.stock_inventory_line_710573_8377537,__import__.location_loc_EXE500,2,__import__.product_8377537,__import__.stock_production_lot_710573_8377537
__import__.stock_inventory_line_7106B01QX_8050262,__import__.location_loc_EXK500,8,__import__.product_8050262,__import__.stock_production_lot_7106B01QX_8050262
__import__.stock_inventory_line_710601_8270285,__import__.location_loc_GBD401,56,__import__.product_8270285,__import__.stock_production_lot_710601_8270285
__import__.stock_inventory_line_710784_8194050,__import__.location_loc_EXK800,1,__import__.product_8194050,__import__.stock_production_lot_710784_8194050
__import__.stock_inventory_line_71100002_1200060,__import__.location_loc_GD14A2,62,__import__.product_1200060,__import__.stock_production_lot_71100002_1200060
__import__.stock_inventory_line_7110494_8389026,__import__.location_loc_EOB151,40,__import__.product_8389026,__import__.stock_production_lot_7110494_8389026
__import__.stock_inventory_line_711129_8377537,__import__.location_loc_EXE500,10,__import__.product_8377537,__import__.stock_production_lot_711129_8377537
__import__.stock_inventory_line_711130_8377537,__import__.location_loc_EXE500,6,__import__.product_8377537,__import__.stock_production_lot_711130_8377537
__import__.stock_inventory_line_7111362_8000614,__import__.location_loc_GC32D1,499,__import__.product_8000614,__import__.stock_production_lot_7111362_8000614
__import__.stock_inventory_line_7111370_8000666,__import__.location_loc_GC30D1,200,__import__.product_8000666,__import__.stock_production_lot_7111370_8000666
__import__.stock_inventory_line_7112602F_2281061,__import__.location_loc_GGL301,31,__import__.product_2281061,__import__.stock_production_lot_7112602F_2281061
__import__.stock_inventory_line_711295L_2604965,__import__.location_loc_GD01D4,467,__import__.product_2604965,__import__.stock_production_lot_711295L_2604965
__import__.stock_inventory_line_711328_8377537,__import__.location_loc_EXE500,6,__import__.product_8377537,__import__.stock_production_lot_711328_8377537
__import__.stock_inventory_line_7113300B_5690602,__import__.location_loc_GBT401,20,__import__.product_5690602,__import__.stock_production_lot_7113300B_5690602
__import__.stock_inventory_line_7114602D_2919918,__import__.location_loc_GD27B1,16,__import__.product_2919918,__import__.stock_production_lot_7114602D_2919918
__import__.stock_inventory_line_7114663_8285887,__import__.location_loc_GD13A1,8,__import__.product_8285887,__import__.stock_production_lot_7114663_8285887
__import__.stock_inventory_line_7114671_8287461,__import__.location_loc_GD27C5,63,__import__.product_8287461,__import__.stock_production_lot_7114671_8287461
__import__.stock_inventory_line_711506_8225738,__import__.location_loc_EXT230,2,__import__.product_8225738,__import__.stock_production_lot_711506_8225738
__import__.stock_inventory_line_7121Z900_0452789,__import__.location_loc_GZZ123,1,__import__.product_0452789,__import__.stock_production_lot_7121Z900_0452789
__import__.stock_inventory_line_712160F_2210987,__import__.location_loc_GGU304,43,__import__.product_2210987,__import__.stock_production_lot_712160F_2210987
__import__.stock_inventory_line_712160F_2210987,__import__.location_loc_GGU304,43,__import__.product_2210987,__import__.stock_production_lot_712160F_2210987
__import__.stock_inventory_line_712290A_2604965,__import__.location_loc_GD01D4,92,__import__.product_2604965,__import__.stock_production_lot_712290A_2604965
__import__.stock_inventory_line_712701_3204047,__import__.location_loc_GD02C3,24,__import__.product_3204047,__import__.stock_production_lot_712701_3204047
__import__.stock_inventory_line_712725A_3074473,__import__.location_loc_GK05B6,5,__import__.product_3074473,__import__.stock_production_lot_712725A_3074473
__import__.stock_inventory_line_712880_8279438,__import__.location_loc_EXI100,19,__import__.product_8279438,__import__.stock_production_lot_712880_8279438
__import__.stock_inventory_line_713_0830216,__import__.location_loc_GE15G3,8,__import__.product_0830216,__import__.stock_production_lot_713_0830216
__import__.stock_inventory_line_713_9501521,__import__.location_loc_GD10E2,48,__import__.product_9501521,__import__.stock_production_lot_713_9501521
__import__.stock_inventory_line_71310341_5224530,__import__.location_loc_GH11C1,2,__import__.product_5224530,__import__.stock_production_lot_71310341_5224530
__import__.stock_inventory_line_7134_2475846,__import__.location_loc_GBV102,88,__import__.product_2475846,__import__.stock_production_lot_7134_2475846
__import__.stock_inventory_line_713591A_0095695,__import__.location_loc_GBB404,64,__import__.product_0095695,__import__.stock_production_lot_713591A_0095695
__import__.stock_inventory_line_7139094_8000614,__import__.location_loc_GC32D1,600,__import__.product_8000614,__import__.stock_production_lot_7139094_8000614
__import__.stock_inventory_line_7139798_5292225,__import__.location_loc_GC05B6,1,__import__.product_5292225,__import__.stock_production_lot_7139798_5292225
__import__.stock_inventory_line_714DB_2612059,__import__.location_loc_GF10D3,17,__import__.product_2612059,__import__.stock_production_lot_714DB_2612059
__import__.stock_inventory_line_714265_8003222,__import__.location_loc_GC05G1,10,__import__.product_8003222,__import__.stock_production_lot_714265_8003222
__import__.stock_inventory_line_714395D_2727253,__import__.location_loc_GBC303,13,__import__.product_2727253,__import__.stock_production_lot_714395D_2727253
__import__.stock_inventory_line_7146712_5309628,__import__.location_loc_GF28A4,1,__import__.product_5309628,__import__.stock_production_lot_7146712_5309628
__import__.stock_inventory_line_7149103_0837484,__import__.location_loc_GF14B3,85,__import__.product_0837484,__import__.stock_production_lot_7149103_0837484
__import__.stock_inventory_line_715_7924058,__import__.location_loc_GD18B2,36,__import__.product_7924058,__import__.stock_production_lot_715_7924058
__import__.stock_inventory_line_7151AB0_8069304,__import__.location_loc_QFB110,4,__import__.product_8069304,__import__.stock_production_lot_7151AB0_8069304
__import__.stock_inventory_line_715151D_2281046,__import__.location_loc_GF12B1,9,__import__.product_2281046,__import__.stock_production_lot_715151D_2281046
__import__.stock_inventory_line_715152D_2281053,__import__.location_loc_GF12D1,3,__import__.product_2281053,__import__.stock_production_lot_715152D_2281053
__import__.stock_inventory_line_715161A_2518827,__import__.location_loc_GE19C2,10,__import__.product_2518827,__import__.stock_production_lot_715161A_2518827
__import__.stock_inventory_line_715161A_2518835,__import__.location_loc_GF09C2,1,__import__.product_2518835,__import__.stock_production_lot_715161A_2518835
__import__.stock_inventory_line_7165300B_5690602,__import__.location_loc_GBT401,1000,__import__.product_5690602,__import__.stock_production_lot_7165300B_5690602
__import__.stock_inventory_line_717_5830214,__import__.location_loc_GE05G2,10,__import__.product_5830214,__import__.stock_production_lot_717_5830214
__import__.stock_inventory_line_717_7146604,__import__.location_loc_GD20A4,74,__import__.product_7146604,__import__.stock_production_lot_717_7146604
__import__.stock_inventory_line_717_7146652,__import__.location_loc_GD18B4,50,__import__.product_7146652,__import__.stock_production_lot_717_7146652
__import__.stock_inventory_line_7172Z989_5398495,__import__.location_loc_GBC404,4,__import__.product_5398495,__import__.stock_production_lot_7172Z989_5398495
__import__.stock_inventory_line_71740341_5468330,__import__.location_loc_GF31C4,1,__import__.product_5468330,__import__.stock_production_lot_71740341_5468330
__import__.stock_inventory_line_71740342_5245400,__import__.location_loc_GF28B5,2,__import__.product_5245400,__import__.stock_production_lot_71740342_5245400
__import__.stock_inventory_line_717535A_2853265,__import__.location_loc_GAI140,13,__import__.product_2853265,__import__.stock_production_lot_717535A_2853265
__import__.stock_inventory_line_7175603A_2518850,__import__.location_loc_GGR204,4,__import__.product_2518850,__import__.stock_production_lot_7175603A_2518850
__import__.stock_inventory_line_717561C_2249589,__import__.location_loc_GD24A2,2,__import__.product_2249589,__import__.stock_production_lot_717561C_2249589
__import__.stock_inventory_line_717822285_2504911,__import__.location_loc_GK05B3,13,__import__.product_2504911,__import__.stock_production_lot_717822285_2504911
__import__.stock_inventory_line_717922282_2504911,__import__.location_loc_GK05B3,11,__import__.product_2504911,__import__.stock_production_lot_717922282_2504911
__import__.stock_inventory_line_718260B_2249605,__import__.location_loc_GGI205,21,__import__.product_2249605,__import__.stock_production_lot_718260B_2249605
__import__.stock_inventory_line_7183300G_3297744,__import__.location_loc_GBY403,10,__import__.product_3297744,__import__.stock_production_lot_7183300G_3297744
__import__.stock_inventory_line_7184BB6_8069267,__import__.location_loc_QDD520,11,__import__.product_8069267,__import__.stock_production_lot_7184BB6_8069267
__import__.stock_inventory_line_71840342_5468340,__import__.location_loc_GC07C2,6,__import__.product_5468340,__import__.stock_production_lot_71840342_5468340
__import__.stock_inventory_line_718560A_2249613,__import__.location_loc_GGR301,28,__import__.product_2249613,__import__.stock_production_lot_718560A_2249613
__import__.stock_inventory_line_718560B_2249621,__import__.location_loc_GC31C6,32,__import__.product_2249621,__import__.stock_production_lot_718560B_2249621
__import__.stock_inventory_line_718560B_2249639,__import__.location_loc_GBN303,4,__import__.product_2249639,__import__.stock_production_lot_718560B_2249639
__import__.stock_inventory_line_719161C_2549418,__import__.location_loc_GGL408,20,__import__.product_2549418,__import__.stock_production_lot_719161C_2549418
__import__.stock_inventory_line_719162A_2549418,__import__.location_loc_GGL408,6,__import__.product_2549418,__import__.stock_production_lot_719162A_2549418
__import__.stock_inventory_line_7193BB2_8240169,__import__.location_loc_QDB210,3,__import__.product_8240169,__import__.stock_production_lot_7193BB2_8240169
__import__.stock_inventory_line_719701_3294238,__import__.location_loc_GD24E1,1,__import__.product_3294238,__import__.stock_production_lot_719701_3294238
__import__.stock_inventory_line_720_7146605,__import__.location_loc_GD18B1,38,__import__.product_7146605,__import__.stock_production_lot_720_7146605
__import__.stock_inventory_line_720_0118034,__import__.location_loc_GD10B1,20,__import__.product_0118034,__import__.stock_production_lot_720_0118034
__import__.stock_inventory_line_720DB_2612042,__import__.location_loc_GH11F1,10,__import__.product_2612042,__import__.stock_production_lot_720DB_2612042
__import__.stock_inventory_line_72010341_5468330,__import__.location_loc_GF31C4,1,__import__.product_5468330,__import__.stock_production_lot_72010341_5468330
__import__.stock_inventory_line_720191B_2604973,__import__.location_loc_GD05D1,63,__import__.product_2604973,__import__.stock_production_lot_720191B_2604973
__import__.stock_inventory_line_7212AB4_8336573,__import__.location_loc_QEC320,5,__import__.product_8336573,__import__.stock_production_lot_7212AB4_8336573
__import__.stock_inventory_line_7219_6931805,__import__.location_loc_GC01C6,3,__import__.product_6931805,__import__.stock_production_lot_7219_6931805
__import__.stock_inventory_line_723_6701692,__import__.location_loc_GD20D5,100,__import__.product_6701692,__import__.stock_production_lot_723_6701692
__import__.stock_inventory_line_7233X_5315522,__import__.location_loc_GGD206,1,__import__.product_5315522,__import__.stock_production_lot_7233X_5315522
__import__.stock_inventory_line_7236W008_5118515,__import__.location_loc_GL12B6,20,__import__.product_5118515,__import__.stock_production_lot_7236W008_5118515
__import__.stock_inventory_line_723829_5293600,__import__.location_loc_GF18F1,10,__import__.product_5293600,__import__.stock_production_lot_723829_5293600
__import__.stock_inventory_line_72440230_0825661,__import__.location_loc_GF18F4,10,__import__.product_0825661,__import__.stock_production_lot_72440230_0825661
__import__.stock_inventory_line_724535A_1778141,__import__.location_loc_GAI220,35,__import__.product_1778141,__import__.stock_production_lot_724535A_1778141
__import__.stock_inventory_line_724702_5270120,__import__.location_loc_GGR201,29,__import__.product_5270120,__import__.stock_production_lot_724702_5270120
__import__.stock_inventory_line_724707_8339531,__import__.location_loc_GE13D4,25,__import__.product_8339531,__import__.stock_production_lot_724707_8339531
__import__.stock_inventory_line_725787_5293595,__import__.location_loc_GF18F5,10,__import__.product_5293595,__import__.stock_production_lot_725787_5293595
__import__.stock_inventory_line_725839_5293600,__import__.location_loc_GF18F1,10,__import__.product_5293600,__import__.stock_production_lot_725839_5293600
__import__.stock_inventory_line_726430244_1731371,__import__.location_loc_GF28H5,3,__import__.product_1731371,__import__.stock_production_lot_726430244_1731371
__import__.stock_inventory_line_726702_5270215,__import__.location_loc_GD24B5,21,__import__.product_5270215,__import__.stock_production_lot_726702_5270215
__import__.stock_inventory_line_728081_2175958,__import__.location_loc_GI03B4,75,__import__.product_2175958,__import__.stock_production_lot_728081_2175958
__import__.stock_inventory_line_728740247_1505010,__import__.location_loc_GC13G2,2,__import__.product_1505010,__import__.stock_production_lot_728740247_1505010
__import__.stock_inventory_line_728750249_9052510,__import__.location_loc_GE07G1,4,__import__.product_9052510,__import__.stock_production_lot_728750249_9052510
__import__.stock_inventory_line_72911230_0825679,__import__.location_loc_GD08E4,6,__import__.product_0825679,__import__.stock_production_lot_72911230_0825679
__import__.stock_inventory_line_729701_3113198,__import__.location_loc_GE05F1,7,__import__.product_3113198,__import__.stock_production_lot_729701_3113198
__import__.stock_inventory_line_73A1700594_8051416,__import__.location_loc_GF26C6,7,__import__.product_8051416,__import__.stock_production_lot_73A1700594_8051416
__import__.stock_inventory_line_7324_1257369,__import__.location_loc_GF12A5,100,__import__.product_1257369,__import__.stock_production_lot_7324_1257369
__import__.stock_inventory_line_7342_1257369,__import__.location_loc_GF12A5,400,__import__.product_1257369,__import__.stock_production_lot_7342_1257369
__import__.stock_inventory_line_73993_1796291,__import__.location_loc_GH11A1,6,__import__.product_1796291,__import__.stock_production_lot_73993_1796291
__import__.stock_inventory_line_7405B_7915015,__import__.location_loc_GBM113,103,__import__.product_7915015,__import__.stock_production_lot_7405B_7915015
__import__.stock_inventory_line_7421406_8021763,__import__.location_loc_GC07D5,15,__import__.product_8021763,__import__.stock_production_lot_7421406_8021763
__import__.stock_inventory_line_7456_3280757,__import__.location_loc_GE16D2,19,__import__.product_3280757,__import__.stock_production_lot_7456_3280757
__import__.stock_inventory_line_745660869_1505007,__import__.location_loc_GE07C2,1,__import__.product_1505007,__import__.stock_production_lot_745660869_1505007
__import__.stock_inventory_line_750831106_1731488,__import__.location_loc_GF28F7,2,__import__.product_1731488,__import__.stock_production_lot_750831106_1731488
__import__.stock_inventory_line_75101602_5270121,__import__.location_loc_QED220,15,__import__.product_5270121,__import__.stock_production_lot_75101602_5270121
__import__.stock_inventory_line_751539_0497487,__import__.location_loc_GBT113,12,__import__.product_0497487,__import__.stock_production_lot_751539_0497487
__import__.stock_inventory_line_751666F_2837078,__import__.location_loc_GD05D3,44,__import__.product_2837078,__import__.stock_production_lot_751666F_2837078
__import__.stock_inventory_line_751833_2685030,__import__.location_loc_GGB503,535,__import__.product_2685030,__import__.stock_production_lot_751833_2685030
__import__.stock_inventory_line_751960_2458032,__import__.location_loc_GGB202,141,__import__.product_2458032,__import__.stock_production_lot_751960_2458032
__import__.stock_inventory_line_751989_2542942,__import__.location_loc_GBM111,2,__import__.product_2542942,__import__.stock_production_lot_751989_2542942
__import__.stock_inventory_line_752080_2954386,__import__.location_loc_GE20B5,19,__import__.product_2954386,__import__.stock_production_lot_752080_2954386
__import__.stock_inventory_line_752083_3449121,__import__.location_loc_GC06A5,1,__import__.product_3449121,__import__.stock_production_lot_752083_3449121
__import__.stock_inventory_line_752355_2458032,__import__.location_loc_GGB202,252,__import__.product_2458032,__import__.stock_production_lot_752355_2458032
__import__.stock_inventory_line_752765_1331222,__import__.location_loc_GGB104,71,__import__.product_1331222,__import__.stock_production_lot_752765_1331222
__import__.stock_inventory_line_752814_3032885,__import__.location_loc_GF26E5,60,__import__.product_3032885,__import__.stock_production_lot_752814_3032885
__import__.stock_inventory_line_752962_1331313,__import__.location_loc_GBP307,341,__import__.product_1331313,__import__.stock_production_lot_752962_1331313
__import__.stock_inventory_line_753006C_2912541,__import__.location_loc_GE30A4,21,__import__.product_2912541,__import__.stock_production_lot_753006C_2912541
__import__.stock_inventory_line_753173_1114099,__import__.location_loc_GBP213,232,__import__.product_1114099,__import__.stock_production_lot_753173_1114099
__import__.stock_inventory_line_753173_1114099,__import__.location_loc_GBP213,232,__import__.product_1114099,__import__.stock_production_lot_753173_1114099
__import__.stock_inventory_line_753293_3032877,__import__.location_loc_GBH504,73,__import__.product_3032877,__import__.stock_production_lot_753293_3032877
__import__.stock_inventory_line_753410_2542942,__import__.location_loc_GBM111,12,__import__.product_2542942,__import__.stock_production_lot_753410_2542942
__import__.stock_inventory_line_757801318_1731645,__import__.location_loc_GF28G2,3,__import__.product_1731645,__import__.stock_production_lot_757801318_1731645
__import__.stock_inventory_line_757801319_1731652,__import__.location_loc_GE07D3,2,__import__.product_1731652,__import__.stock_production_lot_757801319_1731652
__import__.stock_inventory_line_75922_1405476,__import__.location_loc_GF18D4,9,__import__.product_1405476,__import__.stock_production_lot_75922_1405476
__import__.stock_inventory_line_7614_1202654,__import__.location_loc_GK12A2,53,__import__.product_1202654,__import__.stock_production_lot_7614_1202654
__import__.stock_inventory_line_7650_0083873,__import__.location_loc_GI01B2,32,__import__.product_0083873,__import__.stock_production_lot_7650_0083873
__import__.stock_inventory_line_7677B_1197292,__import__.location_loc_GBX215,31,__import__.product_1197292,__import__.stock_production_lot_7677B_1197292
__import__.stock_inventory_line_7678_1197300,__import__.location_loc_GBX205,99,__import__.product_1197300,__import__.stock_production_lot_7678_1197300
__import__.stock_inventory_line_7680Y_1478692,__import__.location_loc_GBG207,1,__import__.product_1478692,__import__.stock_production_lot_7680Y_1478692
__import__.stock_inventory_line_7683_1197292,__import__.location_loc_GBX215,40,__import__.product_1197292,__import__.stock_production_lot_7683_1197292
__import__.stock_inventory_line_769DB_2329605,__import__.location_loc_GC31B4,6,__import__.product_2329605,__import__.stock_production_lot_769DB_2329605
__import__.stock_inventory_line_769D8_2329605,__import__.location_loc_GC31B4,1,__import__.product_2329605,__import__.stock_production_lot_769D8_2329605
__import__.stock_inventory_line_76900202_6985310,__import__.location_loc_GD06D1,2,__import__.product_6985310,__import__.stock_production_lot_76900202_6985310
__import__.stock_inventory_line_7690313_0386938,__import__.location_loc_GBF204,8,__import__.product_0386938,__import__.stock_production_lot_7690313_0386938
__import__.stock_inventory_line_76907313_0386938,__import__.location_loc_GBF204,2,__import__.product_0386938,__import__.stock_production_lot_76907313_0386938
__import__.stock_inventory_line_76909401_1322031,__import__.location_loc_QCA310,53,__import__.product_1322031,__import__.stock_production_lot_76909401_1322031
__import__.stock_inventory_line_76911604_0843136,__import__.location_loc_GBD507,157,__import__.product_0843136,__import__.stock_production_lot_76911604_0843136
__import__.stock_inventory_line_76912600_1384023,__import__.location_loc_GK10B1,116,__import__.product_1384023,__import__.stock_production_lot_76912600_1384023
__import__.stock_inventory_line_76918601_2197259,__import__.location_loc_GBK103,183,__import__.product_2197259,__import__.stock_production_lot_76918601_2197259
__import__.stock_inventory_line_76922000_3023157,__import__.location_loc_GBX501,32,__import__.product_3023157,__import__.stock_production_lot_76922000_3023157
__import__.stock_inventory_line_76931501_1357888,__import__.location_loc_GGE402,50,__import__.product_1357888,__import__.stock_production_lot_76931501_1357888
__import__.stock_inventory_line_76943100_3023140,__import__.location_loc_GK10B4,43,__import__.product_3023140,__import__.stock_production_lot_76943100_3023140
__import__.stock_inventory_line_76949500_1157346,__import__.location_loc_GBD509,40,__import__.product_1157346,__import__.stock_production_lot_76949500_1157346
__import__.stock_inventory_line_76952101_1182534,__import__.location_loc_GBD407,62,__import__.product_1182534,__import__.stock_production_lot_76952101_1182534
__import__.stock_inventory_line_770DC_2329571,__import__.location_loc_GC11F4,7,__import__.product_2329571,__import__.stock_production_lot_770DC_2329571
__import__.stock_inventory_line_770192008_1731645,__import__.location_loc_GF28G2,1,__import__.product_1731645,__import__.stock_production_lot_770192008_1731645
__import__.stock_inventory_line_778140_8270500,__import__.location_loc_GE15C4,37,__import__.product_8270500,__import__.stock_production_lot_778140_8270500
__import__.stock_inventory_line_7915_1202787,__import__.location_loc_GF14D5,59,__import__.product_1202787,__import__.stock_production_lot_7915_1202787
__import__.stock_inventory_line_791701001_5276495,__import__.location_loc_GE06B4,11,__import__.product_5276495,__import__.stock_production_lot_791701001_5276495
__import__.stock_inventory_line_794201003_5276495,__import__.location_loc_GE06B4,2,__import__.product_5276495,__import__.stock_production_lot_794201003_5276495
__import__.stock_inventory_line_7952_5259846,__import__.location_loc_GF28H6,9,__import__.product_5259846,__import__.stock_production_lot_7952_5259846
__import__.stock_inventory_line_7953_5042501,__import__.location_loc_GGR104,3,__import__.product_5042501,__import__.stock_production_lot_7953_5042501
__import__.stock_inventory_line_795409002_8250005,__import__.location_loc_GGL109,346,__import__.product_8250005,__import__.stock_production_lot_795409002_8250005
__import__.stock_inventory_line_79592301_3296407,__import__.location_loc_QLA215,16,__import__.product_3296407,__import__.stock_production_lot_79592301_3296407
__import__.stock_inventory_line_7972_2435105,__import__.location_loc_GGS303,25,__import__.product_2435105,__import__.stock_production_lot_7972_2435105
__import__.stock_inventory_line_79720042_5304012,__import__.location_loc_EXD100,2,__import__.product_5304012,__import__.stock_production_lot_79720042_5304012
__import__.stock_inventory_line_797304008_5942197,__import__.location_loc_GD17C1,100,__import__.product_5942197,__import__.stock_production_lot_797304008_5942197
__import__.stock_inventory_line_79750041_5243012,__import__.location_loc_EXG100,1,__import__.product_5243012,__import__.stock_production_lot_79750041_5243012
__import__.stock_inventory_line_79800018_5068511,__import__.location_loc_GZZ685,1,__import__.product_5068511,__import__.stock_production_lot_79800018_5068511
__import__.stock_inventory_line_798004006_5942196,__import__.location_loc_GC01A5,100,__import__.product_5942196,__import__.stock_production_lot_798004006_5942196
__import__.stock_inventory_line_798104003_5942206,__import__.location_loc_GC25A3,9,__import__.product_5942206,__import__.stock_production_lot_798104003_5942206
__import__.stock_inventory_line_798204000_5942196,__import__.location_loc_GC01A5,50,__import__.product_5942196,__import__.stock_production_lot_798204000_5942196
__import__.stock_inventory_line_798304007_5942196,__import__.location_loc_GC01A5,89,__import__.product_5942196,__import__.stock_production_lot_798304007_5942196
__import__.stock_inventory_line_798604008_5942198,__import__.location_loc_GC08B2,199,__import__.product_5942198,__import__.stock_production_lot_798604008_5942198
__import__.stock_inventory_line_799001004_5051041,__import__.location_loc_GF32B3,10,__import__.product_5051041,__import__.stock_production_lot_799001004_5051041
__import__.stock_inventory_line_799201008_1180454,__import__.location_loc_GK02B1,304,__import__.product_1180454,__import__.stock_production_lot_799201008_1180454
__import__.stock_inventory_line_799401002_5942546,__import__.location_loc_GC27B1,4,__import__.product_5942546,__import__.stock_production_lot_799401002_5942546
__import__.stock_inventory_line_799402009_5421714,__import__.location_loc_GBG203,33,__import__.product_5421714,__import__.stock_production_lot_799402009_5421714
__import__.stock_inventory_line_799403006_5421724,__import__.location_loc_GBY103,8,__import__.product_5421724,__import__.stock_production_lot_799403006_5421724
__import__.stock_inventory_line_799404003_5942209,__import__.location_loc_GGD201,10,__import__.product_5942209,__import__.stock_production_lot_799404003_5942209
__import__.stock_inventory_line_799502006_5421724,__import__.location_loc_GBY103,10,__import__.product_5421724,__import__.stock_production_lot_799502006_5421724
__import__.stock_inventory_line_799504000_5942176,__import__.location_loc_GE24C4,10,__import__.product_5942176,__import__.stock_production_lot_799504000_5942176
__import__.stock_inventory_line_799638002_5992530,__import__.location_loc_GF20G2,3,__import__.product_5992530,__import__.stock_production_lot_799638002_5992530
__import__.stock_inventory_line_799701003_5942179,__import__.location_loc_GF25C2,9,__import__.product_5942179,__import__.stock_production_lot_799701003_5942179
__import__.stock_inventory_line_799701003_0391383,__import__.location_loc_GF27D4,15,__import__.product_0391383,__import__.stock_production_lot_799701003_0391383
__import__.stock_inventory_line_799701003_5992465,__import__.location_loc_GE04C3,8,__import__.product_5992465,__import__.stock_production_lot_799701003_5992465
__import__.stock_inventory_line_799703007_5942207,__import__.location_loc_GC26B1,8,__import__.product_5942207,__import__.stock_production_lot_799703007_5942207
__import__.stock_inventory_line_799704004_5942199,__import__.location_loc_GF23C5,18,__import__.product_5942199,__import__.stock_production_lot_799704004_5942199
__import__.stock_inventory_line_799801000_0391383,__import__.location_loc_GF27D4,3,__import__.product_0391383,__import__.stock_production_lot_799801000_0391383
__import__.stock_inventory_line_799801000_0498444,__import__.location_loc_GC06C1,5,__import__.product_0498444,__import__.stock_production_lot_799801000_0498444
__import__.stock_inventory_line_799902004_5421704,__import__.location_loc_GE10A2,20,__import__.product_5421704,__import__.stock_production_lot_799902004_5421704
__import__.stock_inventory_line_799938003_1290204,__import__.location_loc_GGD305,4,__import__.product_1290204,__import__.stock_production_lot_799938003_1290204
__import__.stock_inventory_line_800EA_2329605,__import__.location_loc_GC31B4,10,__import__.product_2329605,__import__.stock_production_lot_800EA_2329605
__import__.stock_inventory_line_8009_1180033,__import__.location_loc_GK10A1,21,__import__.product_1180033,__import__.stock_production_lot_8009_1180033
__import__.stock_inventory_line_8017_3007945,__import__.location_loc_GD23C2,11,__import__.product_3007945,__import__.stock_production_lot_8017_3007945
__import__.stock_inventory_line_801767_8062503,__import__.location_loc_EXG500,4,__import__.product_8062503,__import__.stock_production_lot_801767_8062503
__import__.stock_inventory_line_8042_2655124,__import__.location_loc_GBT309,72,__import__.product_2655124,__import__.stock_production_lot_8042_2655124
__import__.stock_inventory_line_8043_2655124,__import__.location_loc_GBT309,151,__import__.product_2655124,__import__.stock_production_lot_8043_2655124
__import__.stock_inventory_line_8061_6690607,__import__.location_loc_GBD409,13,__import__.product_6690607,__import__.stock_production_lot_8061_6690607
__import__.stock_inventory_line_8080_7910055,__import__.location_loc_GBG211,41,__import__.product_7910055,__import__.stock_production_lot_8080_7910055
__import__.stock_inventory_line_809118_3048675,__import__.location_loc_GBY402,9,__import__.product_3048675,__import__.stock_production_lot_809118_3048675
__import__.stock_inventory_line_809131_3048691,__import__.location_loc_GAH245,5,__import__.product_3048691,__import__.stock_production_lot_809131_3048691
__import__.stock_inventory_line_809354_3048683,__import__.location_loc_GAI120,2,__import__.product_3048683,__import__.stock_production_lot_809354_3048683
__import__.stock_inventory_line_809688_7420017,__import__.location_loc_GBT505,16,__import__.product_7420017,__import__.stock_production_lot_809688_7420017
__import__.stock_inventory_line_809696_7420018,__import__.location_loc_GK14A7,3,__import__.product_7420018,__import__.stock_production_lot_809696_7420018
__import__.stock_inventory_line_81512_4484650,__import__.location_loc_GE07G2,9,__import__.product_4484650,__import__.stock_production_lot_81512_4484650
__import__.stock_inventory_line_8160_1351469,__import__.location_loc_GF31C5,3,__import__.product_1351469,__import__.stock_production_lot_8160_1351469
__import__.stock_inventory_line_8236_1371814,__import__.location_loc_QCB320,28,__import__.product_1371814,__import__.stock_production_lot_8236_1371814
__import__.stock_inventory_line_82367_7368967,__import__.location_loc_GH11A6,6,__import__.product_7368967,__import__.stock_production_lot_82367_7368967
__import__.stock_inventory_line_82581_4484644,__import__.location_loc_GH11C6,10,__import__.product_4484644,__import__.stock_production_lot_82581_4484644
__import__.stock_inventory_line_82622_4484667,__import__.location_loc_GE07G6,10,__import__.product_4484667,__import__.stock_production_lot_82622_4484667
__import__.stock_inventory_line_82627_4527916,__import__.location_loc_GH11B8,5,__import__.product_4527916,__import__.stock_production_lot_82627_4527916
__import__.stock_inventory_line_82631_5450022,__import__.location_loc_GD22F3,5,__import__.product_5450022,__import__.stock_production_lot_82631_5450022
__import__.stock_inventory_line_82633_7534408,__import__.location_loc_GH11D4,9,__import__.product_7534408,__import__.stock_production_lot_82633_7534408
__import__.stock_inventory_line_82636_4582737,__import__.location_loc_GH11A7,20,__import__.product_4582737,__import__.stock_production_lot_82636_4582737
__import__.stock_inventory_line_83104_5450033,__import__.location_loc_GD08E6,20,__import__.product_5450033,__import__.stock_production_lot_83104_5450033
__import__.stock_inventory_line_83107_4484644,__import__.location_loc_GH11C6,4,__import__.product_4484644,__import__.stock_production_lot_83107_4484644
__import__.stock_inventory_line_83343_5450013,__import__.location_loc_GH09B4,33,__import__.product_5450013,__import__.stock_production_lot_83343_5450013
__import__.stock_inventory_line_84001_4841239,__import__.location_loc_GGT506,17,__import__.product_4841239,__import__.stock_production_lot_84001_4841239
__import__.stock_inventory_line_84386_4447086,__import__.location_loc_GH11A2,15,__import__.product_4447086,__import__.stock_production_lot_84386_4447086
__import__.stock_inventory_line_84387_4447063,__import__.location_loc_GH11F6,4,__import__.product_4447063,__import__.stock_production_lot_84387_4447063
__import__.stock_inventory_line_846166_5962007,__import__.location_loc_GD19D1,12,__import__.product_5962007,__import__.stock_production_lot_846166_5962007
__import__.stock_inventory_line_859116_5020478,__import__.location_loc_GF26B7,1,__import__.product_5020478,__import__.stock_production_lot_859116_5020478
__import__.stock_inventory_line_875DA_2612026,__import__.location_loc_GGR501,31,__import__.product_2612026,__import__.stock_production_lot_875DA_2612026
__import__.stock_inventory_line_8850_5259855,__import__.location_loc_GF09A5,2,__import__.product_5259855,__import__.stock_production_lot_8850_5259855
__import__.stock_inventory_line_8893_5259855,__import__.location_loc_GF09A5,4,__import__.product_5259855,__import__.stock_production_lot_8893_5259855
__import__.stock_inventory_line_8945001_5267015,__import__.location_loc_GD04D5,8,__import__.product_5267015,__import__.stock_production_lot_8945001_5267015
__import__.stock_inventory_line_89655_3092178,__import__.location_loc_GD20B3,15,__import__.product_3092178,__import__.stock_production_lot_89655_3092178
__import__.stock_inventory_line_89759_1423763,__import__.location_loc_GBU401,2,__import__.product_1423763,__import__.stock_production_lot_89759_1423763
__import__.stock_inventory_line_89766_1182567,__import__.location_loc_GBU203,84,__import__.product_1182567,__import__.stock_production_lot_89766_1182567
__import__.stock_inventory_line_901EB_3123189,__import__.location_loc_GBP216,33,__import__.product_3123189,__import__.stock_production_lot_901EB_3123189
__import__.stock_inventory_line_905DE_2669638,__import__.location_loc_GGC306,5,__import__.product_2669638,__import__.stock_production_lot_905DE_2669638
__import__.stock_inventory_line_906DC_2669612,__import__.location_loc_GGU406,5,__import__.product_2669612,__import__.stock_production_lot_906DC_2669612
__import__.stock_inventory_line_90843_3122465,__import__.location_loc_GF31A4,13,__import__.product_3122465,__import__.stock_production_lot_90843_3122465
__import__.stock_inventory_line_90957_3090297,__import__.location_loc_EPH400,19,__import__.product_3090297,__import__.stock_production_lot_90957_3090297
__import__.stock_inventory_line_9135_1294461,__import__.location_loc_GF24A4,180,__import__.product_1294461,__import__.stock_production_lot_9135_1294461
__import__.stock_inventory_line_916EA_2853257,__import__.location_loc_GE19C3,15,__import__.product_2853257,__import__.stock_production_lot_916EA_2853257
__import__.stock_inventory_line_91732_2164374,__import__.location_loc_GBY404,47,__import__.product_2164374,__import__.stock_production_lot_91732_2164374
__import__.stock_inventory_line_91812_8097275,__import__.location_loc_GGH305,11,__import__.product_8097275,__import__.stock_production_lot_91812_8097275
__import__.stock_inventory_line_91840_2314433,__import__.location_loc_GF09A4,82,__import__.product_2314433,__import__.stock_production_lot_91840_2314433
__import__.stock_inventory_line_9190_1745033,__import__.location_loc_GBA211,47,__import__.product_1745033,__import__.stock_production_lot_9190_1745033
__import__.stock_inventory_line_9195_3116183,__import__.location_loc_GC31F1,1,__import__.product_3116183,__import__.stock_production_lot_9195_3116183
__import__.stock_inventory_line_9200_1745058,__import__.location_loc_GBK209,60,__import__.product_1745058,__import__.stock_production_lot_9200_1745058
__import__.stock_inventory_line_9220_1745041,__import__.location_loc_GBM409,116,__import__.product_1745041,__import__.stock_production_lot_9220_1745041
__import__.stock_inventory_line_924J6DA_3433935,__import__.location_loc_GGD106,87,__import__.product_3433935,__import__.stock_production_lot_924J6DA_3433935
__import__.stock_inventory_line_9241270617_1585215,__import__.location_loc_GGS202,4,__import__.product_1585215,__import__.stock_production_lot_9241270617_1585215
__import__.stock_inventory_line_928_8239752,__import__.location_loc_GF28F2,9,__import__.product_8239752,__import__.stock_production_lot_928_8239752
__import__.stock_inventory_line_92817_2672418,__import__.location_loc_GBB505,4,__import__.product_2672418,__import__.stock_production_lot_92817_2672418
__import__.stock_inventory_line_9416062017_2060424,__import__.location_loc_GBH405,4,__import__.product_2060424,__import__.stock_production_lot_9416062017_2060424
__import__.stock_inventory_line_94258_1423763,__import__.location_loc_GBU401,100,__import__.product_1423763,__import__.stock_production_lot_94258_1423763
__import__.stock_inventory_line_94306_2458115,__import__.location_loc_GBE204,121,__import__.product_2458115,__import__.stock_production_lot_94306_2458115
__import__.stock_inventory_line_94311_2314425,__import__.location_loc_GGE404,152,__import__.product_2314425,__import__.stock_production_lot_94311_2314425
__import__.stock_inventory_line_95134_3166998,__import__.location_loc_GBK413,10,__import__.product_3166998,__import__.stock_production_lot_95134_3166998
__import__.stock_inventory_line_95249_2954436,__import__.location_loc_GE24C2,18,__import__.product_2954436,__import__.stock_production_lot_95249_2954436
__import__.stock_inventory_line_95255_2954444,__import__.location_loc_GBM407,101,__import__.product_2954444,__import__.stock_production_lot_95255_2954444
__import__.stock_inventory_line_95539_3085628,__import__.location_loc_GGP304,1,__import__.product_3085628,__import__.stock_production_lot_95539_3085628
__import__.stock_inventory_line_96GV1L_2864163,__import__.location_loc_QCD210,3,__import__.product_2864163,__import__.stock_production_lot_96GV1L_2864163
__import__.stock_inventory_line_96GY4A_2864189,__import__.location_loc_QCF310,73,__import__.product_2864189,__import__.stock_production_lot_96GY4A_2864189
__import__.stock_inventory_line_96055568_5941000,__import__.location_loc_GGI404,26,__import__.product_5941000,__import__.stock_production_lot_96055568_5941000
__import__.stock_inventory_line_96129_2879526,__import__.location_loc_GBP115,65,__import__.product_2879526,__import__.stock_production_lot_96129_2879526
__import__.stock_inventory_line_96198_2672418,__import__.location_loc_GBB505,40,__import__.product_2672418,__import__.stock_production_lot_96198_2672418
__import__.stock_inventory_line_96225_3415759,__import__.location_loc_GD02E8,4,__import__.product_3415759,__import__.stock_production_lot_96225_3415759
__import__.stock_inventory_line_96229_5040035,__import__.location_loc_GD24D4,2,__import__.product_5040035,__import__.stock_production_lot_96229_5040035
__import__.stock_inventory_line_963106C_2931152,__import__.location_loc_GD27D3,3,__import__.product_2931152,__import__.stock_production_lot_963106C_2931152
__import__.stock_inventory_line_969CB_3123197,__import__.location_loc_GBT402,83,__import__.product_3123197,__import__.stock_production_lot_969CB_3123197
__import__.stock_inventory_line_97TS1_3130465,__import__.location_loc_GGD401,5,__import__.product_3130465,__import__.stock_production_lot_97TS1_3130465
__import__.stock_inventory_line_97071_3166998,__import__.location_loc_GBK413,240,__import__.product_3166998,__import__.stock_production_lot_97071_3166998
__import__.stock_inventory_line_97276_8007148,__import__.location_loc_GE11G5,3,__import__.product_8007148,__import__.stock_production_lot_97276_8007148
__import__.stock_inventory_line_98TQ2_2710515,__import__.location_loc_GD17A4,6,__import__.product_2710515,__import__.stock_production_lot_98TQ2_2710515
__import__.stock_inventory_line_98TT1_3130473,__import__.location_loc_GF32A1,1,__import__.product_3130473,__import__.stock_production_lot_98TT1_3130473
__import__.stock_inventory_line_98031705_5741500,__import__.location_loc_QFB415,38,__import__.product_5741500,__import__.stock_production_lot_98031705_5741500
