id,life_date,checksum,product_id/id,name
__import__.stock_production_lot_6T3L_0026963,2019-12-31 00:00:00,655,__import__.product_0026963,6T3L
__import__.stock_production_lot_KP0CE2V_0029132,2022-05-31 00:00:00,987,__import__.product_0029132,KP0CE2V
__import__.stock_production_lot_KP0CSKK_0029132,2022-09-30 00:00:00,838,__import__.product_0029132,KP0CSKK
__import__.stock_production_lot_KP0CVL0_0029132,2022-10-31 00:00:00,947,__import__.product_0029132,KP0CVL0
__import__.stock_production_lot_26964A12_0037028,2019-01-31 00:00:00,761,__import__.product_0037028,26964A12
__import__.stock_production_lot_27677A10_0037028,2019-04-30 00:00:00,763,__import__.product_0037028,27677A10
__import__.stock_production_lot_225618_0037077,2020-03-31 00:00:00,206,__import__.product_0037077,225618
__import__.stock_production_lot_216384_0037077,2020-01-31 00:00:00,220,__import__.product_0037077,216384
__import__.stock_production_lot_16J10483_0041921,2021-09-30 00:00:00,414,__import__.product_0041921,16J10483
__import__.stock_production_lot_A207A03_0042028,2019-05-31 00:00:00,854,__import__.product_0042028,A207A03
__import__.stock_production_lot_BM11417_0045518,2022-03-31 00:00:00,718,__import__.product_0045518,BM11417
__import__.stock_production_lot_83500202_0045666,2019-09-30 00:00:00,636,__import__.product_0045666,83500202
__import__.stock_production_lot_17GQ068_0048173,2020-06-30 00:00:00,477,__import__.product_0048173,17GQ068
__import__.stock_production_lot_17DQ201_0048181,2020-03-31 00:00:00,384,__import__.product_0048181,17DQ201
__import__.stock_production_lot_A200A01_0061887,2020-09-30 00:00:00,479,__import__.product_0061887,A200A01
__import__.stock_production_lot_A204A01_0061887,2020-12-31 00:00:00,328,__import__.product_0061887,A204A01
__import__.stock_production_lot_KP0CLN1_0063792,2022-08-31 00:00:00,381,__import__.product_0063792,KP0CLN1
__import__.stock_production_lot_17E011A_0064014,2020-05-31 00:00:00,701,__import__.product_0064014,17E011A
__import__.stock_production_lot_17B004A_0064015,2020-02-28 00:00:00,641,__import__.product_0064015,17B004A
__import__.stock_production_lot_17G017A_0064015,2020-07-31 00:00:00,291,__import__.product_0064015,17G017A
__import__.stock_production_lot_27441A21_0064725,2019-07-31 00:00:00,115,__import__.product_0064725,27441A21
__import__.stock_production_lot_A206A01_0068536,2020-05-31 00:00:00,958,__import__.product_0068536,A206A01
__import__.stock_production_lot_16LQ092_0071514,2019-11-30 00:00:00,888,__import__.product_0071514,16LQ092
__import__.stock_production_lot_KP0CL6K_0076901,2020-01-31 00:00:00,225,__import__.product_0076901,KP0CL6K
__import__.stock_production_lot_7P47Z2_0079327,2020-01-31 00:00:00,929,__import__.product_0079327,7P47Z2
__import__.stock_production_lot_7P47Z1_0079459,2020-01-31 00:00:00,164,__import__.product_0079459,7P47Z1
__import__.stock_production_lot_290118_0081620,2021-01-31 00:00:00,989,__import__.product_0081620,290118
__import__.stock_production_lot_15GQ004_0082420,2020-06-30 00:00:00,680,__import__.product_0082420,15GQ004
__import__.stock_production_lot_7P46Z1_0083253,2020-01-31 00:00:00,923,__import__.product_0083253,7P46Z1
__import__.stock_production_lot_7671_0083873,2020-03-31 00:00:00,202,__import__.product_0083873,7671
__import__.stock_production_lot_HBB0M00_0084665,2019-01-31 00:00:00,396,__import__.product_0084665,HBB0M00
__import__.stock_production_lot_A242A01_0085456,2020-11-30 00:00:00,501,__import__.product_0085456,A242A01
__import__.stock_production_lot_8063602A_0095695,2020-02-07 00:00:00,352,__import__.product_0095695,8063602A
__import__.stock_production_lot_0172195_0097576,2019-08-31 00:00:00,586,__import__.product_0097576,0172195
__import__.stock_production_lot_170291B_0098467,2019-05-31 00:00:00,565,__import__.product_0098467,170291B
__import__.stock_production_lot_PO176103_0102749,2020-10-31 00:00:00,540,__import__.product_0102749,PO176103
__import__.stock_production_lot_7C1957M_0104299,2020-06-20 00:00:00,652,__import__.product_0104299,7C1957M
__import__.stock_production_lot_246214_0109181,2019-04-30 00:00:00,572,__import__.product_0109181,246214
__import__.stock_production_lot_280903_0109181,2019-11-30 00:00:00,313,__import__.product_0109181,280903
__import__.stock_production_lot_4000223_0112110,2022-03-31 00:00:00,121,__import__.product_0112110,4000223
__import__.stock_production_lot_A138A01_0112573,2020-11-30 00:00:00,964,__import__.product_0112573,A138A01
__import__.stock_production_lot_4000457_0113464,2021-01-31 00:00:00,966,__import__.product_0113464,4000457
__import__.stock_production_lot_636_0117994,2021-08-31 00:00:00,747,__import__.product_0117994,636
__import__.stock_production_lot_803_0118018,2022-12-31 00:00:00,731,__import__.product_0118018,803
__import__.stock_production_lot_810_0118018,2023-02-28 00:00:00,982,__import__.product_0118018,810
__import__.stock_production_lot_816_0118018,2023-03-31 00:00:00,217,__import__.product_0118018,816
__import__.stock_production_lot_740_0118034,2022-09-30 00:00:00,549,__import__.product_0118034,740
__import__.stock_production_lot_E252A01_0125732,2020-10-31 00:00:00,252,__import__.product_0125732,E252A01
__import__.stock_production_lot_270317_0130401,2020-03-31 00:00:00,555,__import__.product_0130401,270317
__import__.stock_production_lot_290118_0130401,2021-01-31 00:00:00,944,__import__.product_0130401,290118
__import__.stock_production_lot_702_0132324,2020-12-31 00:00:00,414,__import__.product_0132324,702
__import__.stock_production_lot_741_0132324,2021-09-30 00:00:00,668,__import__.product_0132324,741
__import__.stock_production_lot_PO176104_0135194,2020-10-05 00:00:00,286,__import__.product_0135194,PO176104
__import__.stock_production_lot_J181403_0135996,2019-05-31 00:00:00,327,__import__.product_0135996,J181403
__import__.stock_production_lot_099145_0136465,2019-05-31 00:00:00,410,__import__.product_0136465,099145
__import__.stock_production_lot_J242202_0136481,2020-06-30 00:00:00,960,__import__.product_0136481,J242202
__import__.stock_production_lot_J171602_0136499,2020-04-30 00:00:00,619,__import__.product_0136499,J171602
__import__.stock_production_lot_J382502_0136499,2020-09-30 00:00:00,570,__import__.product_0136499,J382502
__import__.stock_production_lot_J380902_0136945,2019-09-30 00:00:00,844,__import__.product_0136945,J380902
__import__.stock_production_lot_300919_0159800,2019-09-30 00:00:00,726,__import__.product_0159800,300919
__import__.stock_production_lot_301119_0159800,2019-11-30 00:00:00,426,__import__.product_0159800,301119
__import__.stock_production_lot_311218_0159820,2018-12-31 00:00:00,646,__import__.product_0159820,311218
__import__.stock_production_lot_310819_0159820,2019-08-31 00:00:00,725,__import__.product_0159820,310819
__import__.stock_production_lot_300919_0159820,2019-09-30 00:00:00,726,__import__.product_0159820,300919
__import__.stock_production_lot_310818_0159830,2018-08-31 00:00:00,863,__import__.product_0159830,310818
__import__.stock_production_lot_310719_0159830,2019-07-31 00:00:00,604,__import__.product_0159830,310719
__import__.stock_production_lot_300919_0159830,2019-09-30 00:00:00,464,__import__.product_0159830,300919
__import__.stock_production_lot_311019_0159830,2019-10-31 00:00:00,963,__import__.product_0159830,311019
__import__.stock_production_lot_280219_0159860,2019-02-28 00:00:00,411,__import__.product_0159860,280219
__import__.stock_production_lot_300919_0159870,2019-09-30 00:00:00,843,__import__.product_0159870,300919
__import__.stock_production_lot_310819_0159870,2019-08-31 00:00:00,242,__import__.product_0159870,310819
__import__.stock_production_lot_310319_0159880,2019-03-31 00:00:00,921,__import__.product_0159880,310319
__import__.stock_production_lot_300419_0159880,2019-04-30 00:00:00,722,__import__.product_0159880,300419
__import__.stock_production_lot_310519_0159880,2019-05-31 00:00:00,342,__import__.product_0159880,310519
__import__.stock_production_lot_310819_0159920,2019-08-31 00:00:00,880,__import__.product_0159920,310819
__import__.stock_production_lot_300419_0159930,2019-04-30 00:00:00,460,__import__.product_0159930,300419
__import__.stock_production_lot_310519_0159930,2019-05-31 00:00:00,259,__import__.product_0159930,310519
__import__.stock_production_lot_1810213305_0175471,2023-02-28 00:00:00,589,__import__.product_0175471,1810213305
__import__.stock_production_lot_1802513305_0175497,2022-12-31 00:00:00,805,__import__.product_0175497,1802513305
__import__.stock_production_lot_1711412319_0180810,2022-02-28 00:00:00,135,__import__.product_0180810,1711412319
__import__.stock_production_lot_1733512319_0180836,2022-07-31 00:00:00,478,__import__.product_0180836,1733512319
__import__.stock_production_lot_1806212319_0180836,2023-01-31 00:00:00,788,__import__.product_0180836,1806212319
__import__.stock_production_lot_1737B_0181396,2022-09-30 00:00:00,476,__import__.product_0181396,1737B
__import__.stock_production_lot_52363_0185967,2022-09-30 00:00:00,976,__import__.product_0185967,52363
__import__.stock_production_lot_52365_0185967,2022-12-31 00:00:00,654,__import__.product_0185967,52365
__import__.stock_production_lot_699301006_0192294,2021-08-31 00:00:00,220,__import__.product_0192294,699301006
__import__.stock_production_lot_799101001_0192294,2022-10-01 00:00:00,234,__import__.product_0192294,799101001
__import__.stock_production_lot_598902007_0192295,2020-12-31 00:00:00,461,__import__.product_0192295,598902007
__import__.stock_production_lot_799202005_0192295,2022-09-30 00:00:00,640,__import__.product_0192295,799202005
__import__.stock_production_lot_699602004_0192385,2021-06-30 00:00:00,469,__import__.product_0192385,699602004
__import__.stock_production_lot_599002003_0192450,2020-11-30 00:00:00,580,__import__.product_0192450,599002003
__import__.stock_production_lot_17L08_0250019,2018-09-30 00:00:00,475,__import__.product_0250019,17L08
__import__.stock_production_lot_17I08_0250019,2018-09-30 00:00:00,164,__import__.product_0250019,17I08
__import__.stock_production_lot_BF10817_0250555,2022-03-31 00:00:00,268,__import__.product_0250555,BF10817
__import__.stock_production_lot_BG11217_0250563,2022-03-31 00:00:00,559,__import__.product_0250563,BG11217
__import__.stock_production_lot_6JYZ_0254680,2019-10-31 00:00:00,225,__import__.product_0254680,6JYZ
__import__.stock_production_lot_6SW3_0254680,2020-03-31 00:00:00,125,__import__.product_0254680,6SW3
__import__.stock_production_lot_6M77_0254698,2019-11-30 00:00:00,630,__import__.product_0254698,6M77
__import__.stock_production_lot_6S78_0254698,2020-03-31 00:00:00,440,__import__.product_0254698,6S78
__import__.stock_production_lot_6PSM_0254722,2020-02-28 00:00:00,438,__import__.product_0254722,6PSM
__import__.stock_production_lot_PQ0562_0289009,2020-03-31 00:00:00,446,__import__.product_0289009,PQ0562
__import__.stock_production_lot_B171607_0296442,2022-05-31 00:00:00,963,__import__.product_0296442,B171607
__import__.stock_production_lot_B257803_0296459,2022-12-31 00:00:00,976,__import__.product_0296459,B257803
__import__.stock_production_lot_B136006_0296467,2022-01-31 00:00:00,644,__import__.product_0296467,B136006
__import__.stock_production_lot_18004_0306158,2019-07-30 00:00:00,528,__import__.product_0306158,18004
__import__.stock_production_lot_239599_0315127,2018-09-09 00:00:00,315,__import__.product_0315127,239599
__import__.stock_production_lot_7242112_0317347,2019-09-30 00:00:00,556,__import__.product_0317347,7242112
__import__.stock_production_lot_8059104_0317347,2020-01-31 00:00:00,998,__import__.product_0317347,8059104
__import__.stock_production_lot_17J23_0320123,2021-10-31 00:00:00,235,__import__.product_0320123,17J23
__import__.stock_production_lot_17J16_0320125,2021-10-31 00:00:00,215,__import__.product_0320125,17J16
__import__.stock_production_lot_17J23_0320137,2021-10-31 00:00:00,613,__import__.product_0320137,17J23
__import__.stock_production_lot_16J03_0320138,2020-10-31 00:00:00,468,__import__.product_0320138,16J03
__import__.stock_production_lot_16J03_0320140,2020-10-31 00:00:00,814,__import__.product_0320140,16J03
__import__.stock_production_lot_17J23_0320167,2021-10-31 00:00:00,809,__import__.product_0320167,17J23
__import__.stock_production_lot_17J23_0320168,2021-10-31 00:00:00,924,__import__.product_0320168,17J23
__import__.stock_production_lot_17J23_0320244,2021-10-31 00:00:00,214,__import__.product_0320244,17J23
__import__.stock_production_lot_16J03_0320245,2020-10-31 00:00:00,844,__import__.product_0320245,16J03
__import__.stock_production_lot_16J03_0320366,2020-10-31 00:00:00,909,__import__.product_0320366,16J03
__import__.stock_production_lot_17J23_0320366,2021-10-31 00:00:00,491,__import__.product_0320366,17J23
__import__.stock_production_lot_16L13_0320366,2020-10-31 00:00:00,537,__import__.product_0320366,16L13
__import__.stock_production_lot_KP0CRH2_0369124,2021-09-30 00:00:00,967,__import__.product_0369124,KP0CRH2
__import__.stock_production_lot_160353A_0383406,2018-07-31 00:00:00,563,__import__.product_0383406,160353A
__import__.stock_production_lot_180159A_0383406,2020-03-31 00:00:00,799,__import__.product_0383406,180159A
__import__.stock_production_lot_170451D_0383414,2019-12-31 00:00:00,653,__import__.product_0383414,170451D
__import__.stock_production_lot_6T4BA_0384503,2021-02-28 00:00:00,382,__import__.product_0384503,6T4BA
__import__.stock_production_lot_6T67A_0384511,2021-02-28 00:00:00,289,__import__.product_0384511,6T67A
__import__.stock_production_lot_6MYY_0384537,2019-12-31 00:00:00,165,__import__.product_0384537,6MYY
__import__.stock_production_lot_6TLH_0384537,2020-03-31 00:00:00,595,__import__.product_0384537,6TLH
__import__.stock_production_lot_76980713_0386920,2019-08-31 00:00:00,309,__import__.product_0386920,76980713
__import__.stock_production_lot_81903503_0386920,2019-12-31 00:00:00,560,__import__.product_0386920,81903503
__import__.stock_production_lot_76994809_0386938,2019-10-31 00:00:00,553,__import__.product_0386938,76994809
__import__.stock_production_lot_799501009_0391383,2022-06-30 00:00:00,458,__import__.product_0391383,799501009
__import__.stock_production_lot_798901008_0391383,2022-12-31 00:00:00,572,__import__.product_0391383,798901008
__import__.stock_production_lot_707942252_0391946,2022-10-31 00:00:00,844,__import__.product_0391946,707942252
__import__.stock_production_lot_803618259_0391946,2023-05-31 00:00:00,189,__import__.product_0391946,803618259
__import__.stock_production_lot_698601008_0393819,2021-12-31 00:00:00,603,__import__.product_0393819,698601008
__import__.stock_production_lot_1801_0398131,2021-04-30 00:00:00,404,__import__.product_0398131,1801
__import__.stock_production_lot_KP0D086_0428060,2019-08-31 00:00:00,461,__import__.product_0428060,KP0D086
__import__.stock_production_lot_E688A01_0430397,2018-12-31 00:00:00,224,__import__.product_0430397,E688A01
__import__.stock_production_lot_E950B01_0430398,2019-05-31 00:00:00,758,__import__.product_0430398,E950B01
__import__.stock_production_lot_16J19531_0458273,2021-10-31 00:00:00,426,__import__.product_0458273,16J19531
__import__.stock_production_lot_17B06787_0458281,2022-02-28 00:00:00,232,__import__.product_0458281,17B06787
__import__.stock_production_lot_16F29176_0458299,2021-06-30 00:00:00,372,__import__.product_0458299,16F29176
__import__.stock_production_lot_19311712_0458323,2019-12-31 00:00:00,490,__import__.product_0458323,19311712
__import__.stock_production_lot_749355A_0470021,2019-12-06 00:00:00,723,__import__.product_0470021,749355A
__import__.stock_production_lot_804251A_0470021,2020-01-23 00:00:00,403,__import__.product_0470021,804251A
__import__.stock_production_lot_738250A_0470039,2019-09-30 00:00:00,512,__import__.product_0470039,738250A
__import__.stock_production_lot_806450A_0470039,2020-02-08 00:00:00,997,__import__.product_0470039,806450A
__import__.stock_production_lot_A045A02_0481739,2020-01-31 00:00:00,795,__import__.product_0481739,A045A02
__import__.stock_production_lot_4000065_0491357,2022-01-31 00:00:00,253,__import__.product_0491357,4000065
__import__.stock_production_lot_4000064_0491357,2022-01-31 00:00:00,476,__import__.product_0491357,4000064
__import__.stock_production_lot_4000044_0491357,2021-12-31 00:00:00,725,__import__.product_0491357,4000044
__import__.stock_production_lot_4000946_0493288,2020-11-30 00:00:00,716,__import__.product_0493288,4000946
__import__.stock_production_lot_702048171_0495036,2020-10-31 00:00:00,757,__import__.product_0495036,702048171
__import__.stock_production_lot_852242_0497487,2019-12-31 00:00:00,579,__import__.product_0497487,852242
__import__.stock_production_lot_760843_0497487,2020-02-28 00:00:00,267,__import__.product_0497487,760843
__import__.stock_production_lot_799801000_0498444,2022-04-30 00:00:00,660,__import__.product_0498444,799801000
__import__.stock_production_lot_E615A01_0600163,2018-10-31 00:00:00,782,__import__.product_0600163,E615A01
__import__.stock_production_lot_KP0CBVZ_0616300,2020-07-31 00:00:00,180,__import__.product_0616300,KP0CBVZ
__import__.stock_production_lot_D8C0145X_0623341,2023-03-31 00:00:00,676,__import__.product_0623341,D8C0145X
__import__.stock_production_lot_KP0BL7K_0624825,2020-02-28 00:00:00,200,__import__.product_0624825,KP0BL7K
__import__.stock_production_lot_76988704_0633135,2019-09-30 00:00:00,246,__import__.product_0633135,76988704
__import__.stock_production_lot_A317A01_0660944,2022-03-31 00:00:00,373,__import__.product_0660944,A317A01
__import__.stock_production_lot_A320A02_0660944,2022-07-31 00:00:00,584,__import__.product_0660944,A320A02
__import__.stock_production_lot_A272A01_0660945,2020-07-31 00:00:00,881,__import__.product_0660945,A272A01
__import__.stock_production_lot_A279A03_0660945,2020-12-31 00:00:00,202,__import__.product_0660945,A279A03
__import__.stock_production_lot_E385AV01_0660946,2020-08-31 00:00:00,607,__import__.product_0660946,E385AV01
__import__.stock_production_lot_KP0CSJN_0661132,2021-09-30 00:00:00,125,__import__.product_0661132,KP0CSJN
__import__.stock_production_lot_799292006_0661702,2022-11-30 00:00:00,841,__import__.product_0661702,799292006
__import__.stock_production_lot_B011517_0668210,2022-03-31 00:00:00,385,__import__.product_0668210,B011517
__import__.stock_production_lot_800101174_0671230,2020-12-31 00:00:00,986,__import__.product_0671230,800101174
__import__.stock_production_lot_A3L0802X_0675551,2018-11-30 00:00:00,106,__import__.product_0675551,A3L0802X
__import__.stock_production_lot_D6A0445X_0675561,2021-01-31 00:00:00,102,__import__.product_0675561,D6A0445X
__import__.stock_production_lot_D7D1257X_0675561,2022-04-30 00:00:00,880,__import__.product_0675561,D7D1257X
__import__.stock_production_lot_RXR0471AA_0676023,2020-08-31 00:00:00,444,__import__.product_0676023,RXR0471AA
__import__.stock_production_lot_GD06116_0677401,2019-11-30 00:00:00,677,__import__.product_0677401,GD06116
__import__.stock_production_lot_02707361_0682666,2018-12-31 00:00:00,827,__import__.product_0682666,02707361
__import__.stock_production_lot_K1380115_0682674,2020-01-31 00:00:00,733,__import__.product_0682674,K1380115
__import__.stock_production_lot_4000847_0685370,2021-03-31 00:00:00,768,__import__.product_0685370,4000847
__import__.stock_production_lot_17J19_0685909,2020-10-31 00:00:00,682,__import__.product_0685909,17J19
__import__.stock_production_lot_18C08_0685909,2021-03-31 00:00:00,851,__import__.product_0685909,18C08
__import__.stock_production_lot_800104175_0801571,2020-12-31 00:00:00,822,__import__.product_0801571,800104175
__import__.stock_production_lot_800312174_0801571,2021-02-28 00:00:00,471,__import__.product_0801571,800312174
__import__.stock_production_lot_700801136_0802181,2022-12-31 00:00:00,410,__import__.product_0802181,700801136
__import__.stock_production_lot_800302137_0802181,2023-02-28 00:00:00,780,__import__.product_0802181,800302137
__import__.stock_production_lot_701446176_0802389,2020-10-31 00:00:00,490,__import__.product_0802389,701446176
__import__.stock_production_lot_701341174_0804215,2020-09-30 00:00:00,534,__import__.product_0804215,701341174
__import__.stock_production_lot_701649171_0804215,2020-11-30 00:00:00,962,__import__.product_0804215,701649171
__import__.stock_production_lot_KP0CWLT_0810879,2020-08-31 00:00:00,153,__import__.product_0810879,KP0CWLT
__import__.stock_production_lot_4000484_0815761,2021-01-31 00:00:00,511,__import__.product_0815761,4000484
__import__.stock_production_lot_707929284_0816322,2022-12-31 00:00:00,686,__import__.product_0816322,707929284
__import__.stock_production_lot_800602282_0816322,2023-06-30 00:00:00,707,__import__.product_0816322,800602282
__import__.stock_production_lot_800509123_0817023,2023-01-31 00:00:00,295,__import__.product_0817023,800509123
__import__.stock_production_lot_800206121_0817031,2023-01-31 00:00:00,994,__import__.product_0817031,800206121
__import__.stock_production_lot_800610171_0817189,2021-02-28 00:00:00,811,__import__.product_0817189,800610171
__import__.stock_production_lot_602623256_0819375,2021-06-30 00:00:00,709,__import__.product_0819375,602623256
__import__.stock_production_lot_702218253_0819375,2022-05-31 00:00:00,540,__import__.product_0819375,702218253
__import__.stock_production_lot_705744254_0819375,2022-11-30 00:00:00,918,__import__.product_0819375,705744254
__import__.stock_production_lot_80742230_0825661,2023-01-31 00:00:00,615,__import__.product_0825661,80742230
__import__.stock_production_lot_80540230_0825679,2023-01-31 00:00:00,331,__import__.product_0825679,80540230
__import__.stock_production_lot_81840230_0825679,2023-04-30 00:00:00,840,__import__.product_0825679,81840230
__import__.stock_production_lot_170505_0826768,2020-05-31 00:00:00,456,__import__.product_0826768,170505
__import__.stock_production_lot_735_0830216,2022-07-31 00:00:00,860,__import__.product_0830216,735
__import__.stock_production_lot_726_0830216,2022-05-31 00:00:00,401,__import__.product_0830216,726
__import__.stock_production_lot_27587A22_0831909,2019-08-31 00:00:00,249,__import__.product_0831909,27587A22
__import__.stock_production_lot_27690A11_0831909,2019-09-30 00:00:00,756,__import__.product_0831909,27690A11
__import__.stock_production_lot_K021002_0836627,2020-12-31 00:00:00,486,__import__.product_0836627,K021002
__import__.stock_production_lot_7149103_0837484,2019-05-31 00:00:00,194,__import__.product_0837484,7149103
__import__.stock_production_lot_72841401_0839993,2019-10-31 00:00:00,431,__import__.product_0839993,72841401
__import__.stock_production_lot_7284101_0839993,2019-10-31 00:00:00,430,__import__.product_0839993,7284101
__import__.stock_production_lot_10417128_0840892,2019-05-31 00:00:00,408,__import__.product_0840892,10417128
__import__.stock_production_lot_10417065_0840892,2019-03-05 00:00:00,407,__import__.product_0840892,10417065
__import__.stock_production_lot_239594_0842377,2018-09-30 00:00:00,308,__import__.product_0842377,239594
__import__.stock_production_lot_290681_0842450,2020-01-31 00:00:00,512,__import__.product_0842450,290681
__import__.stock_production_lot_E955B01_0842534,2019-03-31 00:00:00,181,__import__.product_0842534,E955B01
__import__.stock_production_lot_E975B01_0842534,2019-05-31 00:00:00,197,__import__.product_0842534,E975B01
__import__.stock_production_lot_76987301_0843136,2019-03-31 00:00:00,616,__import__.product_0843136,76987301
__import__.stock_production_lot_81901101_0843136,2019-06-30 00:00:00,952,__import__.product_0843136,81901101
__import__.stock_production_lot_S1R0611BB_0864058,2020-04-30 00:00:00,289,__import__.product_0864058,S1R0611BB
__import__.stock_production_lot_S1R0781CA_0864058,2020-08-31 00:00:00,236,__import__.product_0864058,S1R0781CA
__import__.stock_production_lot_S1R0712AA_0864066,2020-06-30 00:00:00,892,__import__.product_0864066,S1R0712AA
__import__.stock_production_lot_S1R0871AA_0864066,2019-11-30 00:00:00,932,__import__.product_0864066,S1R0871AA
__import__.stock_production_lot_J121602_0864710,2019-03-31 00:00:00,934,__import__.product_0864710,J121602
__import__.stock_production_lot_76923005_0865600,2019-02-28 00:00:00,506,__import__.product_0865600,76923005
__import__.stock_production_lot_DCM134BC_0868059,2018-06-30 00:00:00,356,__import__.product_0868059,DCM134BC
__import__.stock_production_lot_DCM135AC_0868059,2018-11-30 00:00:00,417,__import__.product_0868059,DCM135AC
__import__.stock_production_lot_76923008_0868547,2020-02-28 00:00:00,730,__import__.product_0868547,76923008
__import__.stock_production_lot_801109285_0870360,2023-06-30 00:00:00,437,__import__.product_0870360,801109285
__import__.stock_production_lot_26760A12_0874131,2018-11-30 00:00:00,875,__import__.product_0874131,26760A12
__import__.stock_production_lot_E723A02_0877332,2019-12-31 00:00:00,586,__import__.product_0877332,E723A02
__import__.stock_production_lot_E380D01_0877340,2020-04-30 00:00:00,642,__import__.product_0877340,E380D01
__import__.stock_production_lot_A322A05_0877365,2022-07-31 00:00:00,684,__import__.product_0877365,A322A05
__import__.stock_production_lot_A251A01_0877373,2019-06-30 00:00:00,135,__import__.product_0877373,A251A01
__import__.stock_production_lot_A215A01_0877894,2020-08-31 00:00:00,436,__import__.product_0877894,A215A01
__import__.stock_production_lot_6200103_0882936,2018-08-31 00:00:00,486,__import__.product_0882936,6200103
__import__.stock_production_lot_7263105_0882936,2019-10-31 00:00:00,349,__import__.product_0882936,7263105
__import__.stock_production_lot_5144281_0892570,2020-03-31 00:00:00,956,__import__.product_0892570,5144281
__import__.stock_production_lot_256339_0894741,2018-08-24 00:00:00,711,__import__.product_0894741,256339
__import__.stock_production_lot_717_0949001,2021-07-31 00:00:00,942,__import__.product_0949001,717
__import__.stock_production_lot_823_0949002,2021-01-31 00:00:00,286,__import__.product_0949002,823
__import__.stock_production_lot_6N9R_1000751,2020-01-31 00:00:00,330,__import__.product_1000751,6N9R
__import__.stock_production_lot_6PKMA_1001916,2019-12-31 00:00:00,218,__import__.product_1001916,6PKMA
__import__.stock_production_lot_010219_1005500,2019-02-01 00:00:00,210,__import__.product_1005500,010219
__import__.stock_production_lot_170219_1005520,2019-02-17 00:00:00,118,__import__.product_1005520,170219
__import__.stock_production_lot_040119_1005540,2019-01-04 00:00:00,179,__import__.product_1005540,040119
__import__.stock_production_lot_009914_1007230,2020-02-01 00:00:00,135,__import__.product_1007230,009914
__import__.stock_production_lot_009745_1007250,2019-11-01 00:00:00,183,__import__.product_1007250,009745
__import__.stock_production_lot_009649_1007280,2019-10-01 00:00:00,202,__import__.product_1007280,009649
__import__.stock_production_lot_009744_1007290,2019-11-01 00:00:00,143,__import__.product_1007290,009744
__import__.stock_production_lot_009712_1007310,2019-08-15 00:00:00,252,__import__.product_1007310,009712
__import__.stock_production_lot_0097725_1007320,2019-05-31 00:00:00,167,__import__.product_1007320,0097725
__import__.stock_production_lot_009717_1007340,2019-04-15 00:00:00,156,__import__.product_1007340,009717
__import__.stock_production_lot_BP183_1007360,2019-02-28 00:00:00,246,__import__.product_1007360,BP183
__import__.stock_production_lot_E811A05_1009809,2020-10-31 00:00:00,749,__import__.product_1009809,E811A05
__import__.stock_production_lot_E823A04_1009809,2020-10-31 00:00:00,228,__import__.product_1009809,E823A04
__import__.stock_production_lot_1612601504_1010280,2019-11-01 00:00:00,924,__import__.product_1010280,1612601504
__import__.stock_production_lot_1707488404_1010280,2020-06-01 00:00:00,692,__import__.product_1010280,1707488404
__import__.stock_production_lot_1703437004_1010290,2020-02-01 00:00:00,608,__import__.product_1010290,1703437004
__import__.stock_production_lot_1801415704_1010290,2021-01-01 00:00:00,210,__import__.product_1010290,1801415704
__import__.stock_production_lot_1710536404_1010300,2020-09-30 00:00:00,960,__import__.product_1010300,1710536404
__import__.stock_production_lot_1801409204_1010300,2020-12-31 00:00:00,693,__import__.product_1010300,1801409204
__import__.stock_production_lot_1711556404_1010310,2020-10-01 00:00:00,317,__import__.product_1010310,1711556404
__import__.stock_production_lot_1801415704_1010310,2021-01-01 00:00:00,133,__import__.product_1010310,1801415704
__import__.stock_production_lot_1712568804_1010310,2020-11-01 00:00:00,231,__import__.product_1010310,1712568804
__import__.stock_production_lot_1711556404_1010320,2020-10-31 00:00:00,471,__import__.product_1010320,1711556404
__import__.stock_production_lot_1801415704_1010320,2021-01-01 00:00:00,350,__import__.product_1010320,1801415704
__import__.stock_production_lot_1712568804_1010330,2020-11-30 00:00:00,601,__import__.product_1010330,1712568804
__import__.stock_production_lot_1710536404_1010340,2020-09-01 00:00:00,716,__import__.product_1010340,1710536404
__import__.stock_production_lot_1801409204_1010340,2020-12-01 00:00:00,610,__import__.product_1010340,1801409204
__import__.stock_production_lot_717221A_1013127,2019-04-30 00:00:00,109,__import__.product_1013127,717221A
__import__.stock_production_lot_737421A_1013143,2019-09-14 00:00:00,196,__import__.product_1013143,737421A
__import__.stock_production_lot_281828_1013150,2021-01-15 00:00:00,447,__import__.product_1013150,281828
__import__.stock_production_lot_276258_1013168,2019-10-05 00:00:00,114,__import__.product_1013168,276258
__import__.stock_production_lot_A0820_1013192,2020-08-31 00:00:00,748,__import__.product_1013192,A0820
__import__.stock_production_lot_CK1020_1013192,2020-10-31 00:00:00,105,__import__.product_1013192,CK1020
__import__.stock_production_lot_BI1020_1013192,2020-10-31 00:00:00,256,__import__.product_1013192,BI1020
__import__.stock_production_lot_K1361731_1013390,2021-10-31 00:00:00,945,__import__.product_1013390,K1361731
__import__.stock_production_lot_L1360132_1013390,2022-01-31 00:00:00,276,__import__.product_1013390,L1360132
__import__.stock_production_lot_6M1A_1013432,2019-07-31 00:00:00,615,__import__.product_1013432,6M1A
__import__.stock_production_lot_6NCV_1013465,2019-10-31 00:00:00,687,__import__.product_1013465,6NCV
__import__.stock_production_lot_5144951_1013549,2020-08-31 00:00:00,555,__import__.product_1013549,5144951
__import__.stock_production_lot_311236_1016520,2036-12-31 00:00:00,203,__import__.product_1016520,311236
__import__.stock_production_lot_16D19_1019620,2021-03-31 00:00:00,349,__import__.product_1019620,16D19
__import__.stock_production_lot_17C14_1019630,2022-02-28 00:00:00,393,__import__.product_1019630,17C14
__import__.stock_production_lot_16H08_1019640,2021-07-31 00:00:00,389,__import__.product_1019640,16H08
__import__.stock_production_lot_17C24_1019660,2022-02-28 00:00:00,882,__import__.product_1019660,17C24
__import__.stock_production_lot_16H04_1019670,2021-07-31 00:00:00,377,__import__.product_1019670,16H04
__import__.stock_production_lot_701045_1019900,2020-01-18 00:00:00,836,__import__.product_1019900,701045
__import__.stock_production_lot_ACR0121DA_1021906,2019-12-31 00:00:00,176,__import__.product_1021906,ACR0121DA
__import__.stock_production_lot_ACR0121HA_1021906,2019-12-31 00:00:00,404,__import__.product_1021906,ACR0121HA
__import__.stock_production_lot_ACP0112FB_1021914,2019-02-28 00:00:00,346,__import__.product_1021914,ACP0112FB
__import__.stock_production_lot_20391802_1023027,2020-02-28 00:00:00,211,__import__.product_1023027,20391802
__import__.stock_production_lot_009762_1023170,2019-11-30 00:00:00,321,__import__.product_1023170,009762
__import__.stock_production_lot_009718_1023220,2019-10-15 00:00:00,282,__import__.product_1023220,009718
__import__.stock_production_lot_009883_1023230,2020-01-15 00:00:00,204,__import__.product_1023230,009883
__import__.stock_production_lot_009830_1023310,2019-12-15 00:00:00,168,__import__.product_1023310,009830
__import__.stock_production_lot_009735_1023320,2019-11-01 00:00:00,283,__import__.product_1023320,009735
__import__.stock_production_lot_009808_1023340,2019-12-01 00:00:00,303,__import__.product_1023340,009808
__import__.stock_production_lot_4161_1023880,2019-05-01 00:00:00,161,__import__.product_1023880,4161
__import__.stock_production_lot_PQ0957_1027515,2020-05-31 00:00:00,306,__import__.product_1027515,PQ0957
__import__.stock_production_lot_18041814_1035724,2020-04-30 00:00:00,167,__import__.product_1035724,18041814
__import__.stock_production_lot_18030825_1035724,2020-03-31 00:00:00,928,__import__.product_1035724,18030825
__import__.stock_production_lot_18041817_1035724,2020-04-30 00:00:00,426,__import__.product_1035724,18041817
__import__.stock_production_lot_14H12_1036706,2019-08-31 00:00:00,104,__import__.product_1036706,14H12
__import__.stock_production_lot_4500180119_1040150,2019-07-31 00:00:00,596,__import__.product_1040150,4500180119
__import__.stock_production_lot_4500180228_1040150,2019-05-31 00:00:00,564,__import__.product_1040150,4500180228
__import__.stock_production_lot_117371_1048236,2022-09-11 00:00:00,392,__import__.product_1048236,117371
__import__.stock_production_lot_ZY8028_1059170,2019-03-09 00:00:00,588,__import__.product_1059170,ZY8028
__import__.stock_production_lot_A516F01_1064484,2019-11-30 00:00:00,575,__import__.product_1064484,A516F01
__import__.stock_production_lot_1703_1067768,2019-10-31 00:00:00,390,__import__.product_1067768,1703
__import__.stock_production_lot_218172_1069101,2023-03-31 00:00:00,606,__import__.product_1069101,218172
__import__.stock_production_lot_218182_1069101,2023-04-30 00:00:00,638,__import__.product_1069101,218182
__import__.stock_production_lot_217444_1069152,2022-10-31 00:00:00,316,__import__.product_1069152,217444
__import__.stock_production_lot_1788532_1070499,2020-05-31 00:00:00,254,__import__.product_1070499,1788532
__import__.stock_production_lot_1824291_1070499,2020-12-31 00:00:00,844,__import__.product_1070499,1824291
__import__.stock_production_lot_1801004_1070499,2020-08-31 00:00:00,954,__import__.product_1070499,1801004
__import__.stock_production_lot_180011_1071125,2020-12-31 00:00:00,350,__import__.product_1071125,180011
__import__.stock_production_lot_1711371_1071490,2022-11-30 00:00:00,453,__import__.product_1071490,1711371
__import__.stock_production_lot_19911801_1073188,2020-01-31 00:00:00,820,__import__.product_1073188,19911801
__import__.stock_production_lot_271713_1073352,2019-11-24 00:00:00,284,__import__.product_1073352,271713
__import__.stock_production_lot_269508_1073360,2019-11-10 00:00:00,787,__import__.product_1073360,269508
__import__.stock_production_lot_189711_1073378,2020-03-31 00:00:00,625,__import__.product_1073378,189711
__import__.stock_production_lot_239725_1073386,2021-03-16 00:00:00,688,__import__.product_1073386,239725
__import__.stock_production_lot_288198_1073386,2022-01-11 00:00:00,419,__import__.product_1073386,288198
__import__.stock_production_lot_221974_1073394,2020-04-21 00:00:00,133,__import__.product_1073394,221974
__import__.stock_production_lot_1705125_1074194,2021-05-31 00:00:00,480,__import__.product_1074194,1705125
__import__.stock_production_lot_1709850_1074194,2021-09-30 00:00:00,640,__import__.product_1074194,1709850
__import__.stock_production_lot_20401802_1074269,2020-02-28 00:00:00,638,__import__.product_1074269,20401802
__import__.stock_production_lot_52008_1074467,2022-04-30 00:00:00,916,__import__.product_1074467,52008
__import__.stock_production_lot_52213_1074566,2022-06-30 00:00:00,170,__import__.product_1074566,52213
__import__.stock_production_lot_58369_1077486,2020-02-28 00:00:00,343,__import__.product_1077486,58369
__import__.stock_production_lot_A034A07_1086891,2019-09-30 00:00:00,141,__import__.product_1086891,A034A07
__import__.stock_production_lot_A039C01_1086891,2020-11-30 00:00:00,281,__import__.product_1086891,A039C01
__import__.stock_production_lot_KP0CGXV_1088897,2022-07-31 00:00:00,197,__import__.product_1088897,KP0CGXV
__import__.stock_production_lot_R49303B_1091719,2020-09-30 00:00:00,316,__import__.product_1091719,R49303B
__import__.stock_production_lot_R49304B_1091727,2020-09-30 00:00:00,868,__import__.product_1091727,R49304B
__import__.stock_production_lot_1702_1097641,2020-06-30 00:00:00,549,__import__.product_1097641,1702
__import__.stock_production_lot_1801_1097641,2021-04-30 00:00:00,920,__import__.product_1097641,1801
__import__.stock_production_lot_7C0829F_1112515,2020-03-09 00:00:00,467,__import__.product_1112515,7C0829F
__import__.stock_production_lot_7C0829Z_1112515,2032-10-03 00:00:00,175,__import__.product_1112515,7C0829Z
__import__.stock_production_lot_7C0652X_1112523,2020-02-23 00:00:00,446,__import__.product_1112523,7C0652X
__import__.stock_production_lot_7C2963L_1112523,2020-10-17 00:00:00,526,__import__.product_1112523,7C2963L
__import__.stock_production_lot_18A28_1112622,2021-01-31 00:00:00,761,__import__.product_1112622,18A28
__import__.stock_production_lot_17E30_1112655,2020-05-31 00:00:00,846,__import__.product_1112655,17E30
__import__.stock_production_lot_761124_1114099,2020-10-31 00:00:00,532,__import__.product_1114099,761124
__import__.stock_production_lot_761567_1114099,2020-10-31 00:00:00,432,__import__.product_1114099,761567
__import__.stock_production_lot_0600617_1115377,2019-12-31 00:00:00,411,__import__.product_1115377,0600617
__import__.stock_production_lot_0712917_1115377,2019-05-31 00:00:00,332,__import__.product_1115377,0712917
__import__.stock_production_lot_1801_1118876,2021-04-30 00:00:00,608,__import__.product_1118876,1801
__import__.stock_production_lot_7C1875B_1118975,2020-06-14 00:00:00,711,__import__.product_1118975,7C1875B
__import__.stock_production_lot_7C2476B_1118975,2020-09-03 00:00:00,866,__import__.product_1118975,7C2476B
__import__.stock_production_lot_7C2760C_1118983,2020-09-28 00:00:00,103,__import__.product_1118983,7C2760C
__import__.stock_production_lot_17080261A_1120872,2022-07-31 00:00:00,308,__import__.product_1120872,17080261A
__import__.stock_production_lot_17093382A_1120898,2022-08-31 00:00:00,340,__import__.product_1120898,17093382A
__import__.stock_production_lot_27021A11_1122100,2020-05-31 00:00:00,409,__import__.product_1122100,27021A11
__import__.stock_production_lot_KP0CP7E_1122118,2020-10-31 00:00:00,980,__import__.product_1122118,KP0CP7E
__import__.stock_production_lot_KP0CP7F_1122118,2020-11-30 00:00:00,166,__import__.product_1122118,KP0CP7F
__import__.stock_production_lot_KP0CSPR_1122118,2020-12-31 00:00:00,826,__import__.product_1122118,KP0CSPR
__import__.stock_production_lot_KP0CKVP_1122126,2020-10-31 00:00:00,661,__import__.product_1122126,KP0CKVP
__import__.stock_production_lot_2017K10_1122191,2020-11-30 00:00:00,346,__import__.product_1122191,2017K10
__import__.stock_production_lot_020123050_1126093,2019-10-17 00:00:00,179,__import__.product_1126093,020123050
__import__.stock_production_lot_A100A02_1128966,2019-07-31 00:00:00,383,__import__.product_1128966,A100A02
__import__.stock_production_lot_A148B01_1128974,2020-01-31 00:00:00,274,__import__.product_1128974,A148B01
__import__.stock_production_lot_A416A01_1129006,2018-10-31 00:00:00,484,__import__.product_1129006,A416A01
__import__.stock_production_lot_242276_1146919,2019-06-30 00:00:00,683,__import__.product_1146919,242276
__import__.stock_production_lot_76942801_1148378,2019-05-31 00:00:00,369,__import__.product_1148378,76942801
__import__.stock_production_lot_638EH_1148394,2021-02-28 00:00:00,528,__import__.product_1148394,638EH
__import__.stock_production_lot_W18729_1148394,2021-08-31 00:00:00,260,__import__.product_1148394,W18729
__import__.stock_production_lot_2103A008_1148980,2019-03-31 00:00:00,508,__import__.product_1148980,2103A008
__import__.stock_production_lot_170909_1151519,2022-08-31 00:00:00,954,__import__.product_1151519,170909
__import__.stock_production_lot_112A1_1152891,2019-10-31 00:00:00,688,__import__.product_1152891,112A1
__import__.stock_production_lot_KP0C5G5_1154582,2022-02-28 00:00:00,333,__import__.product_1154582,KP0C5G5
__import__.stock_production_lot_KP0CRAX_1154608,2022-11-30 00:00:00,837,__import__.product_1154608,KP0CRAX
__import__.stock_production_lot_KP0CU7F_1155748,2023-01-31 00:00:00,111,__import__.product_1155748,KP0CU7F
__import__.stock_production_lot_17L13_1156876,2022-12-31 00:00:00,387,__import__.product_1156876,17L13
__import__.stock_production_lot_76970901_1157346,2019-07-31 00:00:00,875,__import__.product_1157346,76970901
__import__.stock_production_lot_300419_1160402,2019-04-30 00:00:00,519,__import__.product_1160402,300419
__import__.stock_production_lot_310119_1160452,2019-01-31 00:00:00,849,__import__.product_1160452,310119
__import__.stock_production_lot_310319_1160452,2019-03-31 00:00:00,749,__import__.product_1160452,310319
__import__.stock_production_lot_310519_1160452,2019-05-31 00:00:00,670,__import__.product_1160452,310519
__import__.stock_production_lot_R02902A_1164037,2020-06-30 00:00:00,603,__import__.product_1164037,R02902A
__import__.stock_production_lot_R02602A_1164045,2020-05-31 00:00:00,155,__import__.product_1164045,R02602A
__import__.stock_production_lot_R03108A_1164045,2020-07-31 00:00:00,796,__import__.product_1164045,R03108A
__import__.stock_production_lot_6TR7_1171487,2020-03-31 00:00:00,870,__import__.product_1171487,6TR7
__import__.stock_production_lot_6L16A_1179811,2019-09-30 00:00:00,773,__import__.product_1179811,6L16A
__import__.stock_production_lot_6MV4A_1179837,2019-11-30 00:00:00,854,__import__.product_1179837,6MV4A
__import__.stock_production_lot_8582_1180033,2019-10-31 00:00:00,285,__import__.product_1180033,8582
__import__.stock_production_lot_8583_1180033,2019-10-31 00:00:00,262,__import__.product_1180033,8583
__import__.stock_production_lot_310119_1180059,2019-01-31 00:00:00,652,__import__.product_1180059,310119
__import__.stock_production_lot_300419_1180059,2019-04-30 00:00:00,267,__import__.product_1180059,300419
__import__.stock_production_lot_300619_1180061,2019-06-30 00:00:00,283,__import__.product_1180061,300619
__import__.stock_production_lot_311019_1180061,2019-10-31 00:00:00,851,__import__.product_1180061,311019
__import__.stock_production_lot_300419_1180062,2019-04-30 00:00:00,432,__import__.product_1180062,300419
__import__.stock_production_lot_310319_1180072,2019-03-31 00:00:00,576,__import__.product_1180072,310319
__import__.stock_production_lot_300419_1180072,2019-04-30 00:00:00,484,__import__.product_1180072,300419
__import__.stock_production_lot_300619_1180072,2019-06-30 00:00:00,484,__import__.product_1180072,300619
__import__.stock_production_lot_310519_1180086,2019-05-31 00:00:00,649,__import__.product_1180086,310519
__import__.stock_production_lot_795201002_1180454,2022-12-31 00:00:00,859,__import__.product_1180454,795201002
__import__.stock_production_lot_794801005_1180454,2022-12-31 00:00:00,955,__import__.product_1180454,794801005
__import__.stock_production_lot_76970902_1182534,2019-07-31 00:00:00,815,__import__.product_1182534,76970902
__import__.stock_production_lot_17C179_1183318,2019-03-31 00:00:00,539,__import__.product_1183318,17C179
__import__.stock_production_lot_1345AC_1183375,2021-01-31 00:00:00,755,__import__.product_1183375,1345AC
__import__.stock_production_lot_310319_1190302,2019-03-31 00:00:00,129,__import__.product_1190302,310319
__import__.stock_production_lot_17338002TK1_1190308,2019-03-04 00:00:00,155,__import__.product_1190308,17338002TK1
__import__.stock_production_lot_310320_1190310,2020-03-31 00:00:00,458,__import__.product_1190310,310320
__import__.stock_production_lot_311219_1190310,2019-12-31 00:00:00,548,__import__.product_1190310,311219
__import__.stock_production_lot_280219_1190340,2019-02-28 00:00:00,346,__import__.product_1190340,280219
__import__.stock_production_lot_176564_1193457,2020-11-30 00:00:00,187,__import__.product_1193457,176564
__import__.stock_production_lot_0171814_1193515,2021-06-30 00:00:00,522,__import__.product_1193515,0171814
__import__.stock_production_lot_7683_1197292,2019-04-30 00:00:00,635,__import__.product_1197292,7683
__import__.stock_production_lot_7690_1197300,2019-10-31 00:00:00,651,__import__.product_1197300,7690
__import__.stock_production_lot_225965_1198068,2020-02-28 00:00:00,865,__import__.product_1198068,225965
__import__.stock_production_lot_225966_1198068,2020-02-28 00:00:00,763,__import__.product_1198068,225966
__import__.stock_production_lot_80670003_1200060,2019-07-17 00:00:00,527,__import__.product_1200060,80670003
__import__.stock_production_lot_311019_1200583,2019-10-31 00:00:00,649,__import__.product_1200583,311019
__import__.stock_production_lot_300919_1200585,2019-09-30 00:00:00,966,__import__.product_1200585,300919
__import__.stock_production_lot_300419_1201088,2019-04-30 00:00:00,267,__import__.product_1201088,300419
__import__.stock_production_lot_300419_1201091,2019-04-30 00:00:00,746,__import__.product_1201091,300419
__import__.stock_production_lot_300619_1201091,2019-06-30 00:00:00,946,__import__.product_1201091,300619
__import__.stock_production_lot_300919_1201092,2019-09-30 00:00:00,854,__import__.product_1201092,300919
__import__.stock_production_lot_311019_1201093,2019-10-31 00:00:00,216,__import__.product_1201093,311019
__import__.stock_production_lot_310719_1201094,2019-07-31 00:00:00,624,__import__.product_1201094,310719
__import__.stock_production_lot_300919_1201094,2019-09-30 00:00:00,263,__import__.product_1201094,300919
__import__.stock_production_lot_311019_1201094,2019-10-31 00:00:00,683,__import__.product_1201094,311019
__import__.stock_production_lot_170804_1201519,2022-07-31 00:00:00,342,__import__.product_1201519,170804
__import__.stock_production_lot_170909_1201519,2022-08-31 00:00:00,407,__import__.product_1201519,170909
__import__.stock_production_lot_170909_1201524,2022-08-31 00:00:00,485,__import__.product_1201524,170909
__import__.stock_production_lot_L448252_1202218,2018-11-30 00:00:00,112,__import__.product_1202218,L448252
__import__.stock_production_lot_17PVRX0A21F_1202225,2019-03-01 00:00:00,489,__import__.product_1202225,17PVRX0A21F
__import__.stock_production_lot_17PVRX021F_1202225,2019-03-31 00:00:00,138,__import__.product_1202225,17PVRX021F
__import__.stock_production_lot_18C21_1202266,2020-03-31 00:00:00,530,__import__.product_1202266,18C21
__import__.stock_production_lot_300919_1202404,2018-09-30 00:00:00,739,__import__.product_1202404,300919
__import__.stock_production_lot_310319_1202407,2019-03-31 00:00:00,836,__import__.product_1202407,310319
__import__.stock_production_lot_310719_1202407,2019-07-31 00:00:00,757,__import__.product_1202407,310719
__import__.stock_production_lot_301119_1202407,2019-11-30 00:00:00,627,__import__.product_1202407,301119
__import__.stock_production_lot_310519_1202409,2019-05-31 00:00:00,759,__import__.product_1202409,310519
__import__.stock_production_lot_310719_1202409,2019-07-31 00:00:00,359,__import__.product_1202409,310719
__import__.stock_production_lot_057513_1202654,2020-10-31 00:00:00,572,__import__.product_1202654,057513
__import__.stock_production_lot_8693_1202654,2020-12-31 00:00:00,493,__import__.product_1202654,8693
__import__.stock_production_lot_7915_1202787,2022-02-28 00:00:00,867,__import__.product_1202787,7915
__import__.stock_production_lot_18B05_1202803,2023-02-28 00:00:00,224,__import__.product_1202803,18B05
__import__.stock_production_lot_17B13_1202829,2019-02-28 00:00:00,279,__import__.product_1202829,17B13
__import__.stock_production_lot_2279B_1202860,2020-10-31 00:00:00,306,__import__.product_1202860,2279B
__import__.stock_production_lot_2277B_1202886,2020-10-31 00:00:00,114,__import__.product_1202886,2277B
__import__.stock_production_lot_2278B_1202886,2020-10-31 00:00:00,762,__import__.product_1202886,2278B
__import__.stock_production_lot_K002_1202969,2019-10-31 00:00:00,589,__import__.product_1202969,K002
__import__.stock_production_lot_L451794_1203074,2020-05-15 00:00:00,888,__import__.product_1203074,L451794
__import__.stock_production_lot_45720217_1203181,2019-12-31 00:00:00,644,__import__.product_1203181,45720217
__import__.stock_production_lot_17I274_1203199,2020-09-30 00:00:00,205,__import__.product_1203199,17I274
__import__.stock_production_lot_17040651_1203264,2019-03-31 00:00:00,842,__import__.product_1203264,17040651
__import__.stock_production_lot_0171126_1203272,2019-02-28 00:00:00,966,__import__.product_1203272,0171126
__import__.stock_production_lot_0180610_1203272,2020-01-31 00:00:00,246,__import__.product_1203272,0180610
__import__.stock_production_lot_0171192_1203280,2019-04-30 00:00:00,464,__import__.product_1203280,0171192
__import__.stock_production_lot_P528A01_1203439,2019-10-31 00:00:00,176,__import__.product_1203439,P528A01
__import__.stock_production_lot_P533A01_1203439,2019-10-31 00:00:00,104,__import__.product_1203439,P533A01
__import__.stock_production_lot_6KR5A_1204783,2019-09-30 00:00:00,446,__import__.product_1204783,6KR5A
__import__.stock_production_lot_300619_1205182,2019-06-30 00:00:00,374,__import__.product_1205182,300619
__import__.stock_production_lot_300919_1205182,2019-09-30 00:00:00,729,__import__.product_1205182,300919
__import__.stock_production_lot_311019_1205182,2019-10-31 00:00:00,149,__import__.product_1205182,311019
__import__.stock_production_lot_301119_1205182,2019-11-30 00:00:00,843,__import__.product_1205182,301119
__import__.stock_production_lot_311019_1205183,2019-10-31 00:00:00,588,__import__.product_1205183,311019
__import__.stock_production_lot_300419_1205184,2019-04-30 00:00:00,283,__import__.product_1205184,300419
__import__.stock_production_lot_17D115_1206853,2020-04-30 00:00:00,637,__import__.product_1206853,17D115
__import__.stock_production_lot_18E017_1206853,2021-05-31 00:00:00,838,__import__.product_1206853,18E017
__import__.stock_production_lot_73900118_1206895,2020-12-31 00:00:00,434,__import__.product_1206895,73900118
__import__.stock_production_lot_176420_1210186,2019-01-29 00:00:00,910,__import__.product_1210186,176420
__import__.stock_production_lot_163385_1211200,2019-01-29 00:00:00,724,__import__.product_1211200,163385
__import__.stock_production_lot_254470_1211200,2020-01-09 00:00:00,878,__import__.product_1211200,254470
__import__.stock_production_lot_156516_1211358,2019-05-05 00:00:00,954,__import__.product_1211358,156516
__import__.stock_production_lot_295380_1211358,2021-03-31 00:00:00,446,__import__.product_1211358,295380
__import__.stock_production_lot_185957_1211366,2019-09-08 00:00:00,488,__import__.product_1211366,185957
__import__.stock_production_lot_166510_1211374,2019-04-04 00:00:00,874,__import__.product_1211374,166510
__import__.stock_production_lot_157726_1211382,2019-01-25 00:00:00,123,__import__.product_1211382,157726
__import__.stock_production_lot_191991_1211382,2019-04-27 00:00:00,324,__import__.product_1211382,191991
__import__.stock_production_lot_300918_1220268,2018-09-30 00:00:00,351,__import__.product_1220268,300918
__import__.stock_production_lot_310719_1220268,2019-07-31 00:00:00,767,__import__.product_1220268,310719
__import__.stock_production_lot_310719_1220276,2019-07-31 00:00:00,196,__import__.product_1220276,310719
__import__.stock_production_lot_311218_1220284,2018-12-31 00:00:00,825,__import__.product_1220284,311218
__import__.stock_production_lot_310119_1220284,2019-01-31 00:00:00,914,__import__.product_1220284,310119
__import__.stock_production_lot_310319_1220292,2019-03-31 00:00:00,964,__import__.product_1220292,310319
__import__.stock_production_lot_310719_1220318,2019-07-31 00:00:00,598,__import__.product_1220318,310719
__import__.stock_production_lot_6RGP_1220466,2019-10-31 00:00:00,243,__import__.product_1220466,6RGP
__import__.stock_production_lot_310319_1230031,2019-03-31 00:00:00,348,__import__.product_1230031,310319
__import__.stock_production_lot_310719_1230031,2019-07-31 00:00:00,418,__import__.product_1230031,310719
__import__.stock_production_lot_311019_1230031,2019-10-31 00:00:00,317,__import__.product_1230031,311019
__import__.stock_production_lot_300919_1230032,2019-09-30 00:00:00,527,__import__.product_1230032,300919
__import__.stock_production_lot_301119_1230032,2019-11-30 00:00:00,927,__import__.product_1230032,301119
__import__.stock_production_lot_311218_1230033,2018-12-31 00:00:00,186,__import__.product_1230033,311218
__import__.stock_production_lot_311019_1230033,2019-10-31 00:00:00,979,__import__.product_1230033,311019
__import__.stock_production_lot_311019_1230041,2019-10-31 00:00:00,925,__import__.product_1230041,311019
__import__.stock_production_lot_311018_1230042,2018-10-31 00:00:00,385,__import__.product_1230042,311018
__import__.stock_production_lot_310819_1230042,2019-08-31 00:00:00,757,__import__.product_1230042,310819
__import__.stock_production_lot_301119_1230042,2019-11-30 00:00:00,277,__import__.product_1230042,301119
__import__.stock_production_lot_300919_1230043,2019-09-30 00:00:00,814,__import__.product_1230043,300919
__import__.stock_production_lot_301119_1230043,2019-11-30 00:00:00,628,__import__.product_1230043,301119
__import__.stock_production_lot_310819_1230063,2019-08-31 00:00:00,113,__import__.product_1230063,310819
__import__.stock_production_lot_311019_1230063,2019-10-31 00:00:00,113,__import__.product_1230063,311019
__import__.stock_production_lot_310719_1230069,2019-07-31 00:00:00,678,__import__.product_1230069,310719
__import__.stock_production_lot_300918_1231021,2018-09-30 00:00:00,957,__import__.product_1231021,300918
__import__.stock_production_lot_310519_1231021,2019-05-31 00:00:00,287,__import__.product_1231021,310519
__import__.stock_production_lot_301119_1231021,2019-11-30 00:00:00,257,__import__.product_1231021,301119
__import__.stock_production_lot_310819_1231022,2019-08-31 00:00:00,312,__import__.product_1231022,310819
__import__.stock_production_lot_301119_1231022,2019-11-30 00:00:00,113,__import__.product_1231022,301119
__import__.stock_production_lot_300919_1231024,2019-09-30 00:00:00,615,__import__.product_1231024,300919
__import__.stock_production_lot_301119_1231024,2019-11-30 00:00:00,129,__import__.product_1231024,301119
__import__.stock_production_lot_311218_1231025,2018-12-31 00:00:00,988,__import__.product_1231025,311218
__import__.stock_production_lot_310119_1231025,2019-01-31 00:00:00,408,__import__.product_1231025,310119
__import__.stock_production_lot_300419_1231025,2019-04-30 00:00:00,809,__import__.product_1231025,300419
__import__.stock_production_lot_311019_1231025,2019-10-31 00:00:00,788,__import__.product_1231025,311019
__import__.stock_production_lot_311019_1231202,2019-10-31 00:00:00,746,__import__.product_1231202,311019
__import__.stock_production_lot_300619_1231204,2019-06-30 00:00:00,394,__import__.product_1231204,300619
__import__.stock_production_lot_311019_1231204,2019-10-31 00:00:00,855,__import__.product_1231204,311019
__import__.stock_production_lot_300619_1231208,2019-06-30 00:00:00,122,__import__.product_1231208,300619
__import__.stock_production_lot_310719_1231208,2019-07-31 00:00:00,321,__import__.product_1231208,310719
__import__.stock_production_lot_310819_1231208,2019-08-31 00:00:00,573,__import__.product_1231208,310819
__import__.stock_production_lot_300919_1231208,2019-09-30 00:00:00,281,__import__.product_1231208,300919
__import__.stock_production_lot_311019_1231208,2019-10-31 00:00:00,973,__import__.product_1231208,311019
__import__.stock_production_lot_310119_1231403,2019-01-31 00:00:00,353,__import__.product_1231403,310119
__import__.stock_production_lot_310819_1231403,2019-08-31 00:00:00,722,__import__.product_1231403,310819
__import__.stock_production_lot_311019_1231403,2019-10-31 00:00:00,943,__import__.product_1231403,311019
__import__.stock_production_lot_301119_1231405,2019-11-30 00:00:00,939,__import__.product_1231405,301119
__import__.stock_production_lot_311019_1231405,2019-10-31 00:00:00,445,__import__.product_1231405,311019
__import__.stock_production_lot_310319_1231405,2019-03-31 00:00:00,769,__import__.product_1231405,310319
__import__.stock_production_lot_300919_1231408,2019-09-30 00:00:00,694,__import__.product_1231408,300919
__import__.stock_production_lot_311219_1231408,2019-12-31 00:00:00,524,__import__.product_1231408,311219
__import__.stock_production_lot_311019_1231963,2019-10-31 00:00:00,427,__import__.product_1231963,311019
__import__.stock_production_lot_301119_1231963,2019-11-30 00:00:00,635,__import__.product_1231963,301119
__import__.stock_production_lot_311019_1232005,2019-10-31 00:00:00,129,__import__.product_1232005,311019
__import__.stock_production_lot_280219_1232014,2019-02-28 00:00:00,127,__import__.product_1232014,280219
__import__.stock_production_lot_300419_1232014,2019-04-30 00:00:00,539,__import__.product_1232014,300419
__import__.stock_production_lot_311019_1232204,2019-10-31 00:00:00,693,__import__.product_1232204,311019
__import__.stock_production_lot_301119_1232204,2019-11-30 00:00:00,594,__import__.product_1232204,301119
__import__.stock_production_lot_310819_1232210,2019-08-31 00:00:00,716,__import__.product_1232210,310819
__import__.stock_production_lot_300419_1232215,2019-04-30 00:00:00,822,__import__.product_1232215,300419
__import__.stock_production_lot_310719_1232404,2019-07-31 00:00:00,624,__import__.product_1232404,310719
__import__.stock_production_lot_311019_1232404,2019-10-31 00:00:00,823,__import__.product_1232404,311019
__import__.stock_production_lot_311018_1232410,2018-10-31 00:00:00,957,__import__.product_1232410,311018
__import__.stock_production_lot_311019_1232410,2019-10-31 00:00:00,257,__import__.product_1232410,311019
__import__.stock_production_lot_300419_1232415,2019-04-30 00:00:00,663,__import__.product_1232415,300419
__import__.stock_production_lot_310519_1232415,2019-05-31 00:00:00,562,__import__.product_1232415,310519
__import__.stock_production_lot_300419_1232512,2019-04-30 00:00:00,856,__import__.product_1232512,300419
__import__.stock_production_lot_310819_1233963,2019-08-31 00:00:00,510,__import__.product_1233963,310819
__import__.stock_production_lot_310119_1234005,2019-01-31 00:00:00,518,__import__.product_1234005,310119
__import__.stock_production_lot_311019_1234005,2019-10-31 00:00:00,608,__import__.product_1234005,311019
__import__.stock_production_lot_311218_1234014,2018-12-31 00:00:00,414,__import__.product_1234014,311218
__import__.stock_production_lot_310119_1234014,2019-01-31 00:00:00,424,__import__.product_1234014,310119
__import__.stock_production_lot_280219_1234014,2019-02-28 00:00:00,613,__import__.product_1234014,280219
__import__.stock_production_lot_310519_1234014,2019-05-31 00:00:00,424,__import__.product_1234014,310519
__import__.stock_production_lot_310319_1234053,2019-03-31 00:00:00,347,__import__.product_1234053,310319
__import__.stock_production_lot_311019_1234204,2019-10-31 00:00:00,272,__import__.product_1234204,311019
__import__.stock_production_lot_300919_1234210,2019-09-30 00:00:00,800,__import__.product_1234210,300919
__import__.stock_production_lot_280219_1234215,2019-02-28 00:00:00,886,__import__.product_1234215,280219
__import__.stock_production_lot_300419_1234215,2019-04-30 00:00:00,801,__import__.product_1234215,300419
__import__.stock_production_lot_310519_1234215,2019-05-31 00:00:00,707,__import__.product_1234215,310519
__import__.stock_production_lot_301118_1234415,2018-11-30 00:00:00,711,__import__.product_1234415,301118
__import__.stock_production_lot_280219_1234415,2019-02-28 00:00:00,730,__import__.product_1234415,280219
__import__.stock_production_lot_300419_1234415,2019-04-30 00:00:00,335,__import__.product_1234415,300419
__import__.stock_production_lot_310119_1234472,2019-01-31 00:00:00,948,__import__.product_1234472,310119
__import__.stock_production_lot_300419_1234472,2019-04-30 00:00:00,542,__import__.product_1234472,300419
__import__.stock_production_lot_310519_1234472,2019-05-31 00:00:00,148,__import__.product_1234472,310519
__import__.stock_production_lot_280219_1237104,2019-02-28 00:00:00,247,__import__.product_1237104,280219
__import__.stock_production_lot_280219_1237115,2019-02-28 00:00:00,941,__import__.product_1237115,280219
__import__.stock_production_lot_300419_1237115,2019-04-30 00:00:00,560,__import__.product_1237115,300419
__import__.stock_production_lot_280219_1237291,2019-02-28 00:00:00,571,__import__.product_1237291,280219
__import__.stock_production_lot_300419_1237291,2019-04-30 00:00:00,369,__import__.product_1237291,300419
__import__.stock_production_lot_300918_1237304,2018-09-30 00:00:00,669,__import__.product_1237304,300918
__import__.stock_production_lot_301118_1237315,2018-11-30 00:00:00,263,__import__.product_1237315,301118
__import__.stock_production_lot_280219_1237315,2019-02-28 00:00:00,475,__import__.product_1237315,280219
__import__.stock_production_lot_310818_1237504,2018-08-31 00:00:00,188,__import__.product_1237504,310818
__import__.stock_production_lot_300419_1237504,2019-04-30 00:00:00,116,__import__.product_1237504,300419
__import__.stock_production_lot_310719_1237504,2019-07-31 00:00:00,422,__import__.product_1237504,310719
__import__.stock_production_lot_300419_1237515,2019-04-30 00:00:00,924,__import__.product_1237515,300419
__import__.stock_production_lot_310519_1237515,2019-05-31 00:00:00,916,__import__.product_1237515,310519
__import__.stock_production_lot_280219_1238005,2019-02-28 00:00:00,576,__import__.product_1238005,280219
__import__.stock_production_lot_310819_1238005,2019-08-31 00:00:00,449,__import__.product_1238005,310819
__import__.stock_production_lot_300919_1238021,2019-09-30 00:00:00,139,__import__.product_1238021,300919
__import__.stock_production_lot_310319_1238041,2019-03-31 00:00:00,562,__import__.product_1238041,310319
__import__.stock_production_lot_310819_1238042,2019-08-31 00:00:00,877,__import__.product_1238042,310819
__import__.stock_production_lot_311018_1238049,2018-10-31 00:00:00,467,__import__.product_1238049,311018
__import__.stock_production_lot_310119_1238049,2019-01-31 00:00:00,977,__import__.product_1238049,310119
__import__.stock_production_lot_310319_1238049,2019-03-31 00:00:00,384,__import__.product_1238049,310319
__import__.stock_production_lot_311218_1238054,2018-12-31 00:00:00,248,__import__.product_1238054,311218
__import__.stock_production_lot_280219_1238054,2019-02-28 00:00:00,347,__import__.product_1238054,280219
__import__.stock_production_lot_310519_1238054,2019-05-31 00:00:00,972,__import__.product_1238054,310519
__import__.stock_production_lot_310119_1238060,2019-01-31 00:00:00,556,__import__.product_1238060,310119
__import__.stock_production_lot_310819_1238060,2019-08-31 00:00:00,854,__import__.product_1238060,310819
__import__.stock_production_lot_300919_1238064,2019-09-30 00:00:00,973,__import__.product_1238064,300919
__import__.stock_production_lot_301119_1238064,2019-11-30 00:00:00,994,__import__.product_1238064,301119
__import__.stock_production_lot_310319_1238072,2019-03-31 00:00:00,356,__import__.product_1238072,310319
__import__.stock_production_lot_311019_1238072,2019-10-31 00:00:00,618,__import__.product_1238072,311019
__import__.stock_production_lot_300419_1238076,2019-04-30 00:00:00,668,__import__.product_1238076,300419
__import__.stock_production_lot_310719_1238083,2019-07-31 00:00:00,364,__import__.product_1238083,310719
__import__.stock_production_lot_300419_1238090,2019-04-30 00:00:00,141,__import__.product_1238090,300419
__import__.stock_production_lot_310719_1238091,2019-07-31 00:00:00,307,__import__.product_1238091,310719
__import__.stock_production_lot_310819_1238091,2019-08-31 00:00:00,248,__import__.product_1238091,310819
__import__.stock_production_lot_300419_1238097,2019-04-30 00:00:00,324,__import__.product_1238097,300419
__import__.stock_production_lot_311019_1238103,2019-10-31 00:00:00,626,__import__.product_1238103,311019
__import__.stock_production_lot_310519_1239002,2019-05-31 00:00:00,263,__import__.product_1239002,310519
__import__.stock_production_lot_311019_1239002,2019-10-31 00:00:00,432,__import__.product_1239002,311019
__import__.stock_production_lot_311019_1239007,2019-10-31 00:00:00,206,__import__.product_1239007,311019
__import__.stock_production_lot_301119_1239007,2019-11-30 00:00:00,207,__import__.product_1239007,301119
__import__.stock_production_lot_300419_1239062,2019-04-30 00:00:00,736,__import__.product_1239062,300419
__import__.stock_production_lot_310819_1239062,2019-08-31 00:00:00,918,__import__.product_1239062,310819
__import__.stock_production_lot_311019_1239062,2019-10-31 00:00:00,718,__import__.product_1239062,311019
__import__.stock_production_lot_280219_1239073,2019-02-28 00:00:00,425,__import__.product_1239073,280219
__import__.stock_production_lot_300919_1239073,2019-09-30 00:00:00,306,__import__.product_1239073,300919
__import__.stock_production_lot_311019_1239073,2019-10-31 00:00:00,519,__import__.product_1239073,311019
__import__.stock_production_lot_300419_1239082,2019-04-30 00:00:00,436,__import__.product_1239082,300419
__import__.stock_production_lot_300619_1239082,2019-06-30 00:00:00,436,__import__.product_1239082,300619
__import__.stock_production_lot_310819_1239091,2019-08-31 00:00:00,800,__import__.product_1239091,310819
__import__.stock_production_lot_300919_1239091,2019-09-30 00:00:00,994,__import__.product_1239091,300919
__import__.stock_production_lot_311018_1239092,2018-10-31 00:00:00,856,__import__.product_1239092,311018
__import__.stock_production_lot_280219_1239092,2019-02-28 00:00:00,976,__import__.product_1239092,280219
__import__.stock_production_lot_300419_1239092,2019-04-30 00:00:00,774,__import__.product_1239092,300419
__import__.stock_production_lot_310819_1239099,2019-08-31 00:00:00,125,__import__.product_1239099,310819
__import__.stock_production_lot_301119_1239099,2019-11-30 00:00:00,733,__import__.product_1239099,301119
__import__.stock_production_lot_310319_1239103,2019-03-31 00:00:00,674,__import__.product_1239103,310319
__import__.stock_production_lot_310819_1239103,2019-08-31 00:00:00,843,__import__.product_1239103,310819
__import__.stock_production_lot_301119_1239103,2019-11-30 00:00:00,765,__import__.product_1239103,301119
__import__.stock_production_lot_310819_1239105,2019-08-31 00:00:00,359,__import__.product_1239105,310819
__import__.stock_production_lot_311019_1239105,2019-10-31 00:00:00,959,__import__.product_1239105,311019
__import__.stock_production_lot_310319_1239112,2019-03-31 00:00:00,766,__import__.product_1239112,310319
__import__.stock_production_lot_311019_1239112,2019-10-31 00:00:00,549,__import__.product_1239112,311019
__import__.stock_production_lot_300919_1239113,2019-09-30 00:00:00,803,__import__.product_1239113,300919
__import__.stock_production_lot_311019_1239114,2019-10-31 00:00:00,551,__import__.product_1239114,311019
__import__.stock_production_lot_311019_1239303,2019-10-31 00:00:00,984,__import__.product_1239303,311019
__import__.stock_production_lot_311019_1239322,2019-10-31 00:00:00,517,__import__.product_1239322,311019
__import__.stock_production_lot_300919_1239323,2019-09-30 00:00:00,371,__import__.product_1239323,300919
__import__.stock_production_lot_311019_1239323,2019-10-31 00:00:00,270,__import__.product_1239323,311019
__import__.stock_production_lot_280219_1239335,2019-02-28 00:00:00,247,__import__.product_1239335,280219
__import__.stock_production_lot_311019_1239343,2019-10-31 00:00:00,770,__import__.product_1239343,311019
__import__.stock_production_lot_280219_1239355,2019-02-28 00:00:00,840,__import__.product_1239355,280219
__import__.stock_production_lot_300619_1239361,2019-06-30 00:00:00,186,__import__.product_1239361,300619
__import__.stock_production_lot_310319_1239362,2019-03-31 00:00:00,834,__import__.product_1239362,310319
__import__.stock_production_lot_300419_1239362,2019-04-30 00:00:00,435,__import__.product_1239362,300419
__import__.stock_production_lot_280219_1239371,2019-02-28 00:00:00,408,__import__.product_1239371,280219
__import__.stock_production_lot_300419_1239371,2019-04-30 00:00:00,427,__import__.product_1239371,300419
__import__.stock_production_lot_300419_1239382,2019-04-30 00:00:00,921,__import__.product_1239382,300419
__import__.stock_production_lot_310319_1239392,2019-03-31 00:00:00,872,__import__.product_1239392,310319
__import__.stock_production_lot_280219_1239402,2019-02-28 00:00:00,216,__import__.product_1239402,280219
__import__.stock_production_lot_300919_1239422,2019-09-30 00:00:00,187,__import__.product_1239422,300919
__import__.stock_production_lot_310819_1239453,2019-08-31 00:00:00,466,__import__.product_1239453,310819
__import__.stock_production_lot_310519_1239482,2019-05-31 00:00:00,589,__import__.product_1239482,310519
__import__.stock_production_lot_310119_1239482,2019-01-31 00:00:00,282,__import__.product_1239482,310119
__import__.stock_production_lot_311019_1239482,2019-10-31 00:00:00,579,__import__.product_1239482,311019
__import__.stock_production_lot_300919_1239581,2019-09-30 00:00:00,168,__import__.product_1239581,300919
__import__.stock_production_lot_C680952E_1250026,2020-01-31 00:00:00,323,__import__.product_1250026,C680952E
__import__.stock_production_lot_310119_1250804,2019-01-31 00:00:00,102,__import__.product_1250804,310119
__import__.stock_production_lot_310819_1250804,2019-08-31 00:00:00,882,__import__.product_1250804,310819
__import__.stock_production_lot_311019_1250804,2019-10-31 00:00:00,682,__import__.product_1250804,311019
__import__.stock_production_lot_310819_1250816,2019-08-31 00:00:00,846,__import__.product_1250816,310819
__import__.stock_production_lot_311019_1250816,2019-10-31 00:00:00,246,__import__.product_1250816,311019
__import__.stock_production_lot_300919_1250817,2019-09-30 00:00:00,550,__import__.product_1250817,300919
__import__.stock_production_lot_301119_1250832,2019-11-30 00:00:00,122,__import__.product_1250832,301119
__import__.stock_production_lot_310719_1250834,2019-07-31 00:00:00,261,__import__.product_1250834,310719
__import__.stock_production_lot_301119_1250834,2019-11-30 00:00:00,152,__import__.product_1250834,301119
__import__.stock_production_lot_311218_1250864,2018-12-31 00:00:00,224,__import__.product_1250864,311218
__import__.stock_production_lot_300419_1250870,2019-04-30 00:00:00,816,__import__.product_1250870,300419
__import__.stock_production_lot_300619_1250870,2019-06-30 00:00:00,237,__import__.product_1250870,300619
__import__.stock_production_lot_310719_1250882,2019-07-31 00:00:00,690,__import__.product_1250882,310719
__import__.stock_production_lot_310718_1250882,2018-07-31 00:00:00,190,__import__.product_1250882,310718
__import__.stock_production_lot_301119_1250882,2019-11-30 00:00:00,746,__import__.product_1250882,301119
__import__.stock_production_lot_311219_1250882,2019-12-31 00:00:00,666,__import__.product_1250882,311219
__import__.stock_production_lot_310818_1250884,2018-08-31 00:00:00,754,__import__.product_1250884,310818
__import__.stock_production_lot_311019_1250884,2019-10-31 00:00:00,154,__import__.product_1250884,311019
__import__.stock_production_lot_301119_1250890,2019-11-30 00:00:00,782,__import__.product_1250890,301119
__import__.stock_production_lot_280219_1250902,2019-02-28 00:00:00,858,__import__.product_1250902,280219
__import__.stock_production_lot_310719_1250902,2019-07-31 00:00:00,583,__import__.product_1250902,310719
__import__.stock_production_lot_300919_1250902,2019-09-30 00:00:00,839,__import__.product_1250902,300919
__import__.stock_production_lot_300618_1250903,2018-06-30 00:00:00,861,__import__.product_1250903,300618
__import__.stock_production_lot_300919_1250922,2019-09-30 00:00:00,825,__import__.product_1250922,300919
__import__.stock_production_lot_301119_1250922,2019-11-30 00:00:00,232,__import__.product_1250922,301119
__import__.stock_production_lot_310119_1250923,2019-01-31 00:00:00,825,__import__.product_1250923,310119
__import__.stock_production_lot_300419_1250923,2019-04-30 00:00:00,912,__import__.product_1250923,300419
__import__.stock_production_lot_301119_1250923,2019-11-30 00:00:00,292,__import__.product_1250923,301119
__import__.stock_production_lot_311219_1250923,2019-12-31 00:00:00,391,__import__.product_1250923,311219
__import__.stock_production_lot_301119_1250924,2019-11-30 00:00:00,548,__import__.product_1250924,301119
__import__.stock_production_lot_301119_1251010,2019-11-30 00:00:00,154,__import__.product_1251010,301119
__import__.stock_production_lot_KP0CKG5_1255058,2022-06-30 00:00:00,953,__import__.product_1255058,KP0CKG5
__import__.stock_production_lot_KP0CFNK_1255058,2022-02-28 00:00:00,621,__import__.product_1255058,KP0CFNK
__import__.stock_production_lot_KP0CPT5_1255066,2022-11-30 00:00:00,211,__import__.product_1255066,KP0CPT5
__import__.stock_production_lot_7378_1257369,2019-10-31 00:00:00,845,__import__.product_1257369,7378
__import__.stock_production_lot_301119_1258010,2019-11-30 00:00:00,229,__import__.product_1258010,301119
__import__.stock_production_lot_311019_1259806,2019-10-31 00:00:00,645,__import__.product_1259806,311019
__import__.stock_production_lot_301119_1259806,2019-11-30 00:00:00,346,__import__.product_1259806,301119
__import__.stock_production_lot_280220_1259806,2020-02-28 00:00:00,665,__import__.product_1259806,280220
__import__.stock_production_lot_310520_1259806,2020-05-31 00:00:00,776,__import__.product_1259806,310520
__import__.stock_production_lot_A835A01_1270123,2019-12-31 00:00:00,626,__import__.product_1270123,A835A01
__import__.stock_production_lot_1652747_1271741,2019-11-30 00:00:00,990,__import__.product_1271741,1652747
__import__.stock_production_lot_1806653_1271741,2020-09-30 00:00:00,432,__import__.product_1271741,1806653
__import__.stock_production_lot_AH01NJ0H_1272574,2019-05-31 00:00:00,854,__import__.product_1272574,AH01NJ0H
__import__.stock_production_lot_AH01VV2H_1272574,2019-10-31 00:00:00,471,__import__.product_1272574,AH01VV2H
__import__.stock_production_lot_26976A10_1273176,2019-03-31 00:00:00,676,__import__.product_1273176,26976A10
__import__.stock_production_lot_27125A10_1273176,2019-04-30 00:00:00,147,__import__.product_1273176,27125A10
__import__.stock_production_lot_17022327_1274059,2022-02-28 00:00:00,442,__import__.product_1274059,17022327
__import__.stock_production_lot_6C3500B_1277136,2018-10-10 00:00:00,669,__import__.product_1277136,6C3500B
__import__.stock_production_lot_7C0746C_1277136,2019-03-06 00:00:00,980,__import__.product_1277136,7C0746C
__import__.stock_production_lot_1238A1_1280320,2021-02-28 00:00:00,436,__import__.product_1280320,1238A1
__import__.stock_production_lot_1152A3_1280320,2020-06-30 00:00:00,407,__import__.product_1280320,1152A3
__import__.stock_production_lot_J222004_1283209,2019-11-30 00:00:00,558,__import__.product_1283209,J222004
__import__.stock_production_lot_J343103_1283217,2022-07-31 00:00:00,930,__import__.product_1283217,J343103
__import__.stock_production_lot_899638001_1290204,2023-06-30 00:00:00,905,__import__.product_1290204,899638001
__import__.stock_production_lot_1993_1294461,2022-11-30 00:00:00,944,__import__.product_1294461,1993
__import__.stock_production_lot_170804_1300015,2022-07-31 00:00:00,581,__import__.product_1300015,170804
__import__.stock_production_lot_1794226_1300185,2020-08-31 00:00:00,184,__import__.product_1300185,1794226
__import__.stock_production_lot_219026_1300227,2019-05-12 00:00:00,189,__import__.product_1300227,219026
__import__.stock_production_lot_215012_1300235,2018-11-12 00:00:00,654,__import__.product_1300235,215012
__import__.stock_production_lot_239443_1300318,2019-06-09 00:00:00,893,__import__.product_1300318,239443
__import__.stock_production_lot_411A1_1300573,2019-01-31 00:00:00,202,__import__.product_1300573,411A1
__import__.stock_production_lot_170804_1301524,2022-07-31 00:00:00,147,__import__.product_1301524,170804
__import__.stock_production_lot_170909_1301524,2022-08-31 00:00:00,995,__import__.product_1301524,170909
__import__.stock_production_lot_J150403_1302231,2021-04-30 00:00:00,359,__import__.product_1302231,J150403
__import__.stock_production_lot_J310603_1302231,2021-08-31 00:00:00,890,__import__.product_1302231,J310603
__import__.stock_production_lot_G61846_1308320,2019-09-26 00:00:00,786,__import__.product_1308320,G61846
__import__.stock_production_lot_HD06116_1317825,2019-11-30 00:00:00,339,__import__.product_1317825,HD06116
__import__.stock_production_lot_AG04616_1317825,2019-09-30 00:00:00,939,__import__.product_1317825,AG04616
__import__.stock_production_lot_JD01117_1317825,2020-03-31 00:00:00,284,__import__.product_1317825,JD01117
__import__.stock_production_lot_17I145_1321355,2020-09-30 00:00:00,384,__import__.product_1321355,17I145
__import__.stock_production_lot_17L145_1321355,2020-09-30 00:00:00,854,__import__.product_1321355,17L145
__import__.stock_production_lot_76990104_1322031,2019-03-31 00:00:00,363,__import__.product_1322031,76990104
__import__.stock_production_lot_7C0829AJ_1329614,2020-03-09 00:00:00,187,__import__.product_1329614,7C0829AJ
__import__.stock_production_lot_7C2963V_1329622,2020-10-17 00:00:00,220,__import__.product_1329622,7C2963V
__import__.stock_production_lot_758717_1331222,2020-07-31 00:00:00,347,__import__.product_1331222,758717
__import__.stock_production_lot_760608_1331313,2020-09-30 00:00:00,147,__import__.product_1331313,760608
__import__.stock_production_lot_S20214AW_1336924,2021-01-31 00:00:00,284,__import__.product_1336924,S20214AW
__import__.stock_production_lot_8608_1351469,2019-11-30 00:00:00,866,__import__.product_1351469,8608
__import__.stock_production_lot_170912_1351524,2022-08-31 00:00:00,721,__import__.product_1351524,170912
__import__.stock_production_lot_170210_1351530,2022-01-31 00:00:00,804,__import__.product_1351530,170210
__import__.stock_production_lot_170909_1351530,2022-08-31 00:00:00,796,__import__.product_1351530,170909
__import__.stock_production_lot_228103_1354307,2019-05-31 00:00:00,372,__import__.product_1354307,228103
__import__.stock_production_lot_289213_1354307,2020-03-21 00:00:00,565,__import__.product_1354307,289213
__import__.stock_production_lot_267424_1354307,2019-11-10 00:00:00,483,__import__.product_1354307,267424
__import__.stock_production_lot_288208_1354349,2020-03-14 00:00:00,945,__import__.product_1354349,288208
__import__.stock_production_lot_C627319A_1355890,2019-06-30 00:00:00,653,__import__.product_1355890,C627319A
__import__.stock_production_lot_C712662C_1355890,2020-01-31 00:00:00,113,__import__.product_1355890,C712662C
__import__.stock_production_lot_223482_1356229,2019-09-28 00:00:00,429,__import__.product_1356229,223482
__import__.stock_production_lot_KP0CR7W_1357201,2022-11-30 00:00:00,816,__import__.product_1357201,KP0CR7W
__import__.stock_production_lot_KP0C4GR_1357219,2022-02-28 00:00:00,375,__import__.product_1357219,KP0C4GR
__import__.stock_production_lot_KP0CR39_1357219,2022-09-30 00:00:00,445,__import__.product_1357219,KP0CR39
__import__.stock_production_lot_KP0BPXB_1357227,2021-10-31 00:00:00,512,__import__.product_1357227,KP0BPXB
__import__.stock_production_lot_KPO9NRK_1357227,2019-04-30 00:00:00,530,__import__.product_1357227,KPO9NRK
__import__.stock_production_lot_KP0CGX9_1357227,2022-06-30 00:00:00,802,__import__.product_1357227,KP0CGX9
__import__.stock_production_lot_KP0CR82_1357235,2022-09-30 00:00:00,363,__import__.product_1357235,KP0CR82
__import__.stock_production_lot_KP0CT33_1357235,2022-11-30 00:00:00,539,__import__.product_1357235,KP0CT33
__import__.stock_production_lot_KPOCHX9_1357243,2022-06-30 00:00:00,314,__import__.product_1357243,KPOCHX9
__import__.stock_production_lot_KP0D36G_1357276,2023-01-31 00:00:00,109,__import__.product_1357276,KP0D36G
__import__.stock_production_lot_KP0CGTK_1357292,2022-04-30 00:00:00,994,__import__.product_1357292,KP0CGTK
__import__.stock_production_lot_71901102_1357888,2019-10-31 00:00:00,776,__import__.product_1357888,71901102
__import__.stock_production_lot_76933300_1357896,2019-03-31 00:00:00,546,__import__.product_1357896,76933300
__import__.stock_production_lot_81917801_1357896,2020-03-31 00:00:00,388,__import__.product_1357896,81917801
__import__.stock_production_lot_6H1L_1360528,2019-08-31 00:00:00,219,__import__.product_1360528,6H1L
__import__.stock_production_lot_6MJV_1360528,2019-12-31 00:00:00,920,__import__.product_1360528,6MJV
__import__.stock_production_lot_6VG7_1360528,2020-05-31 00:00:00,860,__import__.product_1360528,6VG7
__import__.stock_production_lot_093465_1361179,2020-05-31 00:00:00,401,__import__.product_1361179,093465
__import__.stock_production_lot_300919_1362100,2019-09-30 00:00:00,100,__import__.product_1362100,300919
__import__.stock_production_lot_26971B11_1367754,2020-07-31 00:00:00,897,__import__.product_1367754,26971B11
__import__.stock_production_lot_8567_1371814,2019-10-31 00:00:00,259,__import__.product_1371814,8567
__import__.stock_production_lot_17071_1371939,2020-07-31 00:00:00,176,__import__.product_1371939,17071
__import__.stock_production_lot_17121_1371939,2020-12-31 00:00:00,460,__import__.product_1371939,17121
__import__.stock_production_lot_K2081616_1379197,2020-10-31 00:00:00,923,__import__.product_1379197,K2081616
__import__.stock_production_lot_76951502_1384023,2018-11-30 00:00:00,786,__import__.product_1384023,76951502
__import__.stock_production_lot_KP0C5K7_1384387,2022-03-31 00:00:00,979,__import__.product_1384387,KP0C5K7
__import__.stock_production_lot_8F06611_1385236,2020-02-28 00:00:00,190,__import__.product_1385236,8F06611
__import__.stock_production_lot_700106286_1385954,2022-06-30 00:00:00,603,__import__.product_1385954,700106286
__import__.stock_production_lot_17L072_1388651,2020-06-30 00:00:00,840,__import__.product_1388651,17L072
__import__.stock_production_lot_18E076_1388651,2020-11-30 00:00:00,690,__import__.product_1388651,18E076
__import__.stock_production_lot_KP0CDUG_1388966,2020-08-31 00:00:00,237,__import__.product_1388966,KP0CDUG
__import__.stock_production_lot_M003_1389741,2021-02-28 00:00:00,403,__import__.product_1389741,M003
__import__.stock_production_lot_M008_1389741,2021-06-30 00:00:00,944,__import__.product_1389741,M008
__import__.stock_production_lot_2161721269_1391614,2020-08-31 00:00:00,624,__import__.product_1391614,2161721269
__import__.stock_production_lot_3611723369_1391614,2021-01-31 00:00:00,414,__import__.product_1391614,3611723369
__import__.stock_production_lot_P21816BX_1397140,2019-10-31 00:00:00,467,__import__.product_1397140,P21816BX
__import__.stock_production_lot_R21413BX_1397140,2020-08-31 00:00:00,807,__import__.product_1397140,R21413BX
__import__.stock_production_lot_S20230AL_1397140,2021-01-31 00:00:00,463,__import__.product_1397140,S20230AL
__import__.stock_production_lot_R21314AL_1397223,2020-07-31 00:00:00,329,__import__.product_1397223,R21314AL
__import__.stock_production_lot_P21801AL_1397223,2019-11-30 00:00:00,239,__import__.product_1397223,P21801AL
__import__.stock_production_lot_P20620AR_1397231,2019-04-30 00:00:00,677,__import__.product_1397231,P20620AR
__import__.stock_production_lot_P21604AR_1397231,2019-11-30 00:00:00,605,__import__.product_1397231,P21604AR
__import__.stock_production_lot_R21402AR_1397231,2020-08-31 00:00:00,995,__import__.product_1397231,R21402AR
__import__.stock_production_lot_R21902AR_1397231,2020-11-30 00:00:00,255,__import__.product_1397231,R21902AR
__import__.stock_production_lot_C736353A_1398973,2021-02-28 00:00:00,120,__import__.product_1398973,C736353A
__import__.stock_production_lot_BD13117_1399476,2022-04-30 00:00:00,355,__import__.product_1399476,BD13117
__import__.stock_production_lot_16L14M11_1399518,2019-12-31 00:00:00,242,__import__.product_1399518,16L14M11
__import__.stock_production_lot_7C3411B_1400514,2019-12-05 00:00:00,830,__import__.product_1400514,7C3411B
__import__.stock_production_lot_7C1324C_1400522,2019-04-25 00:00:00,735,__import__.product_1400522,7C1324C
__import__.stock_production_lot_18041_1400903,2021-04-30 00:00:00,672,__import__.product_1400903,18041
__import__.stock_production_lot_A115C01_1401389,2019-10-31 00:00:00,475,__import__.product_1401389,A115C01
__import__.stock_production_lot_170909_1401536,2022-08-31 00:00:00,576,__import__.product_1401536,170909
__import__.stock_production_lot_19821801_1401694,2020-01-31 00:00:00,160,__import__.product_1401694,19821801
__import__.stock_production_lot_241218_1403294,2019-07-04 00:00:00,331,__import__.product_1403294,241218
__import__.stock_production_lot_77659_1405476,2021-10-31 00:00:00,413,__import__.product_1405476,77659
__import__.stock_production_lot_705312_1405554,2020-03-31 00:00:00,278,__import__.product_1405554,705312
__import__.stock_production_lot_29817211_1405554,2020-09-30 00:00:00,856,__import__.product_1405554,29817211
__import__.stock_production_lot_AL709999H_1406412,2020-12-31 00:00:00,495,__import__.product_1406412,AL709999H
__import__.stock_production_lot_AL774640D_1406420,2021-05-31 00:00:00,845,__import__.product_1406420,AL774640D
__import__.stock_production_lot_AL774639D_1406438,2021-05-31 00:00:00,302,__import__.product_1406438,AL774639D
__import__.stock_production_lot_AL834968C_1406438,2021-09-30 00:00:00,253,__import__.product_1406438,AL834968C
__import__.stock_production_lot_180232_1411375,2019-08-31 00:00:00,355,__import__.product_1411375,180232
__import__.stock_production_lot_180262_1413013,2019-09-30 00:00:00,661,__import__.product_1413013,180262
__import__.stock_production_lot_180263_1413020,2019-09-30 00:00:00,535,__import__.product_1413020,180263
__import__.stock_production_lot_180233_1413082,2019-08-31 00:00:00,216,__import__.product_1413082,180233
__import__.stock_production_lot_180557_1413082,2020-03-31 00:00:00,416,__import__.product_1413082,180557
__import__.stock_production_lot_B287A01_1416437,2020-03-31 00:00:00,415,__import__.product_1416437,B287A01
__import__.stock_production_lot_B294A01_1416437,2020-04-30 00:00:00,566,__import__.product_1416437,B294A01
__import__.stock_production_lot_81907700_1416700,2021-02-28 00:00:00,407,__import__.product_1416700,81907700
__import__.stock_production_lot_6U5A_1418367,2019-10-31 00:00:00,437,__import__.product_1418367,6U5A
__import__.stock_production_lot_098054_1421825,2019-04-30 00:00:00,735,__import__.product_1421825,098054
__import__.stock_production_lot_100955_1423763,2019-08-31 00:00:00,242,__import__.product_1423763,100955
__import__.stock_production_lot_1604170_1423771,2018-09-30 00:00:00,576,__import__.product_1423771,1604170
__import__.stock_production_lot_220118_1429935,2023-01-31 00:00:00,867,__import__.product_1429935,220118
__import__.stock_production_lot_K002_1430297,2019-05-31 00:00:00,414,__import__.product_1430297,K002
__import__.stock_production_lot_KP0C463_1435981,2022-02-28 00:00:00,479,__import__.product_1435981,KP0C463
__import__.stock_production_lot_311019_1445964,2019-10-31 00:00:00,878,__import__.product_1445964,311019
__import__.stock_production_lot_6C1032F_1447416,2019-03-30 00:00:00,984,__import__.product_1447416,6C1032F
__import__.stock_production_lot_20941803_1448091,2020-03-31 00:00:00,287,__import__.product_1448091,20941803
__import__.stock_production_lot_L367A01_1448109,2020-10-31 00:00:00,916,__import__.product_1448109,L367A01
__import__.stock_production_lot_L362A01_1448117,2020-10-31 00:00:00,360,__import__.product_1448117,L362A01
__import__.stock_production_lot_300419_1448638,2019-04-30 00:00:00,537,__import__.product_1448638,300419
__import__.stock_production_lot_300419_1448646,2019-04-30 00:00:00,647,__import__.product_1448646,300419
__import__.stock_production_lot_300919_1448646,2019-09-30 00:00:00,809,__import__.product_1448646,300919
__import__.stock_production_lot_16100810_1451350,2021-10-08 00:00:00,820,__import__.product_1451350,16100810
__import__.stock_production_lot_A461A01_1451843,2019-11-30 00:00:00,618,__import__.product_1451843,A461A01
__import__.stock_production_lot_17F20173_1455146,2022-05-31 00:00:00,211,__import__.product_1455146,17F20173
__import__.stock_production_lot_16J11490_1455146,2021-09-30 00:00:00,913,__import__.product_1455146,16J11490
__import__.stock_production_lot_17F20174_1455146,2022-05-31 00:00:00,339,__import__.product_1455146,17F20174
__import__.stock_production_lot_26633_1457498,2019-03-31 00:00:00,326,__import__.product_1457498,26633
__import__.stock_production_lot_26450_1457506,2018-11-30 00:00:00,758,__import__.product_1457506,26450
__import__.stock_production_lot_26633_1457506,2019-03-31 00:00:00,926,__import__.product_1457506,26633
__import__.stock_production_lot_17H01228_1465814,2022-08-31 00:00:00,718,__import__.product_1465814,17H01228
__import__.stock_production_lot_17H03230_1465814,2022-08-31 00:00:00,578,__import__.product_1465814,17H03230
__import__.stock_production_lot_16F29176_1465822,2021-06-30 00:00:00,143,__import__.product_1465822,16F29176
__import__.stock_production_lot_17K17986_1465822,2022-11-30 00:00:00,424,__import__.product_1465822,17K17986
__import__.stock_production_lot_C654528D_1465830,2020-09-30 00:00:00,433,__import__.product_1465830,C654528D
__import__.stock_production_lot_C736352A_1465830,2021-02-28 00:00:00,812,__import__.product_1465830,C736352A
__import__.stock_production_lot_7680Y_1478692,2020-02-28 00:00:00,735,__import__.product_1478692,7680Y
__import__.stock_production_lot_806294A_1483890,2020-02-06 00:00:00,260,__import__.product_1483890,806294A
__import__.stock_production_lot_2276B_1483957,2021-10-31 00:00:00,426,__import__.product_1483957,2276B
__import__.stock_production_lot_2276B_1483965,2021-10-31 00:00:00,302,__import__.product_1483965,2276B
__import__.stock_production_lot_2275B_1483973,2021-10-31 00:00:00,365,__import__.product_1483973,2275B
__import__.stock_production_lot_7E1537AC_1484047,2020-05-17 00:00:00,713,__import__.product_1484047,7E1537AC
__import__.stock_production_lot_7E2669AA_1484047,2019-09-20 00:00:00,342,__import__.product_1484047,7E2669AA
__import__.stock_production_lot_7E2670A_1484054,2019-09-18 00:00:00,181,__import__.product_1484054,7E2670A
__import__.stock_production_lot_0172732_1489301,2020-09-30 00:00:00,418,__import__.product_1489301,0172732
__import__.stock_production_lot_170603_1500025,2022-05-31 00:00:00,165,__import__.product_1500025,170603
__import__.stock_production_lot_170714_1500025,2022-06-30 00:00:00,351,__import__.product_1500025,170714
__import__.stock_production_lot_777272005_1505010,2021-10-31 00:00:00,449,__import__.product_1505010,777272005
__import__.stock_production_lot_6NWRB_1509025,2020-01-31 00:00:00,497,__import__.product_1509025,6NWRB
__import__.stock_production_lot_6H2PA_1509033,2019-08-31 00:00:00,331,__import__.product_1509033,6H2PA
__import__.stock_production_lot_6UVGB_1509033,2020-04-30 00:00:00,791,__import__.product_1509033,6UVGB
__import__.stock_production_lot_1324604_1510627,2018-11-30 00:00:00,350,__import__.product_1510627,1324604
__import__.stock_production_lot_1627901_1510627,2019-05-31 00:00:00,538,__import__.product_1510627,1627901
__import__.stock_production_lot_1559014_1510635,2019-03-31 00:00:00,382,__import__.product_1510635,1559014
__import__.stock_production_lot_1522614_1510635,2019-03-31 00:00:00,401,__import__.product_1510635,1522614
__import__.stock_production_lot_1523634_1510643,2019-03-31 00:00:00,842,__import__.product_1510643,1523634
__import__.stock_production_lot_1558737_1510650,2019-03-31 00:00:00,555,__import__.product_1510650,1558737
__import__.stock_production_lot_2548865_1510650,2020-08-31 00:00:00,271,__import__.product_1510650,2548865
__import__.stock_production_lot_1439744_1510668,2019-02-28 00:00:00,748,__import__.product_1510668,1439744
__import__.stock_production_lot_1361934_1510676,2018-12-31 00:00:00,509,__import__.product_1510676,1361934
__import__.stock_production_lot_1559071_1510676,2019-03-31 00:00:00,945,__import__.product_1510676,1559071
__import__.stock_production_lot_A83338_1515253,2020-03-31 00:00:00,525,__import__.product_1515253,A83338
__import__.stock_production_lot_17BQ056_1525641,2020-01-31 00:00:00,927,__import__.product_1525641,17BQ056
__import__.stock_production_lot_6KWY_1526680,2019-10-31 00:00:00,832,__import__.product_1526680,6KWY
__import__.stock_production_lot_6TX7_1526680,2020-04-30 00:00:00,163,__import__.product_1526680,6TX7
__import__.stock_production_lot_A79624_1540855,2020-06-30 00:00:00,280,__import__.product_1540855,A79624
__import__.stock_production_lot_C521B3A_1549500,2019-12-31 00:00:00,367,__import__.product_1549500,C521B3A
__import__.stock_production_lot_A143A01_1552132,2018-06-30 00:00:00,129,__import__.product_1552132,A143A01
__import__.stock_production_lot_105172_1553155,2019-02-28 00:00:00,492,__import__.product_1553155,105172
__import__.stock_production_lot_105283_1553155,2019-07-31 00:00:00,642,__import__.product_1553155,105283
__import__.stock_production_lot_18A09447_1553379,2020-01-31 00:00:00,896,__import__.product_1553379,18A09447
__import__.stock_production_lot_02743164_1554617,2020-05-31 00:00:00,600,__import__.product_1554617,02743164
__import__.stock_production_lot_17H27_1561448,2022-08-31 00:00:00,372,__import__.product_1561448,17H27
__import__.stock_production_lot_701848284_1575315,2022-12-31 00:00:00,418,__import__.product_1575315,701848284
__import__.stock_production_lot_701948281_1575315,2022-12-31 00:00:00,660,__import__.product_1575315,701948281
__import__.stock_production_lot_701939289_1575323,2022-12-31 00:00:00,387,__import__.product_1575323,701939289
__import__.stock_production_lot_702348288_1575323,2022-12-31 00:00:00,114,__import__.product_1575323,702348288
__import__.stock_production_lot_701842282_1575331,2022-12-31 00:00:00,718,__import__.product_1575331,701842282
__import__.stock_production_lot_18C281_1575398,2021-02-28 00:00:00,855,__import__.product_1575398,18C281
__import__.stock_production_lot_6P3YA_1581541,2020-01-31 00:00:00,729,__import__.product_1581541,6P3YA
__import__.stock_production_lot_07021807_1585215,2019-08-01 00:00:00,357,__import__.product_1585215,07021807
__import__.stock_production_lot_20031823_1585215,2019-09-11 00:00:00,882,__import__.product_1585215,20031823
__import__.stock_production_lot_7215_1589944,2020-10-31 00:00:00,369,__import__.product_1589944,7215
__import__.stock_production_lot_160350_1589977,2019-08-31 00:00:00,971,__import__.product_1589977,160350
__import__.stock_production_lot_170112_1589977,2020-02-28 00:00:00,837,__import__.product_1589977,170112
__import__.stock_production_lot_1704066_1623776,2020-04-30 00:00:00,402,__import__.product_1623776,1704066
__import__.stock_production_lot_101007_1623818,2019-07-31 00:00:00,973,__import__.product_1623818,101007
__import__.stock_production_lot_105284_1632389,2019-07-31 00:00:00,931,__import__.product_1632389,105284
__import__.stock_production_lot_17F26188_1633163,2019-06-30 00:00:00,460,__import__.product_1633163,17F26188
__import__.stock_production_lot_17F26188_1633171,2019-06-30 00:00:00,384,__import__.product_1633171,17F26188
__import__.stock_production_lot_6071107_1635598,2022-03-31 00:00:00,693,__import__.product_1635598,6071107
__import__.stock_production_lot_671107_1635598,2022-03-31 00:00:00,235,__import__.product_1635598,671107
__import__.stock_production_lot_6072501_1635598,2022-08-31 00:00:00,224,__import__.product_1635598,6072501
__import__.stock_production_lot_D8030414_1635952,2023-03-31 00:00:00,666,__import__.product_1635952,D8030414
__import__.stock_production_lot_408A1_1655810,2020-07-31 00:00:00,340,__import__.product_1655810,408A1
__import__.stock_production_lot_390A1_1655810,2020-02-28 00:00:00,406,__import__.product_1655810,390A1
__import__.stock_production_lot_410A7_1655828,2020-07-31 00:00:00,514,__import__.product_1655828,410A7
__import__.stock_production_lot_6165948_1656222,2021-06-30 00:00:00,581,__import__.product_1656222,6165948
__import__.stock_production_lot_7121518_1656222,2022-05-31 00:00:00,411,__import__.product_1656222,7121518
__import__.stock_production_lot_J21011D30_1658699,2019-04-30 00:00:00,212,__import__.product_1658699,J21011D30
__import__.stock_production_lot_17PGS0B11B_1660380,2019-05-31 00:00:00,327,__import__.product_1660380,17PGS0B11B
__import__.stock_production_lot_18C15460_1662865,2020-06-30 00:00:00,227,__import__.product_1662865,18C15460
__import__.stock_production_lot_AF_1662873,2020-06-30 00:00:00,442,__import__.product_1662873,AF
__import__.stock_production_lot_AG_1662873,2021-01-31 00:00:00,221,__import__.product_1662873,AG
__import__.stock_production_lot_17B012_1662881,2020-01-31 00:00:00,612,__import__.product_1662881,17B012
__import__.stock_production_lot_27140A10_1664119,2018-11-30 00:00:00,746,__import__.product_1664119,27140A10
__import__.stock_production_lot_7C2891H_1684364,2019-10-13 00:00:00,913,__import__.product_1684364,7C2891H
__import__.stock_production_lot_7C3261G_1684364,2019-11-30 00:00:00,512,__import__.product_1684364,7C3261G
__import__.stock_production_lot_8C0377D_1684372,2020-02-05 00:00:00,760,__import__.product_1684372,8C0377D
__import__.stock_production_lot_8C0377J_1684372,2020-02-28 00:00:00,227,__import__.product_1684372,8C0377J
__import__.stock_production_lot_EM08017_1685361,2019-07-31 00:00:00,939,__import__.product_1685361,EM08017
__import__.stock_production_lot_EM16016_1685379,2018-12-31 00:00:00,731,__import__.product_1685379,EM16016
__import__.stock_production_lot_80658086_1688795,2020-07-31 00:00:00,537,__import__.product_1688795,80658086
__import__.stock_production_lot_A96987_1688803,2020-08-31 00:00:00,538,__import__.product_1688803,A96987
__import__.stock_production_lot_A89359_1688811,2020-04-30 00:00:00,176,__import__.product_1688811,A89359
__import__.stock_production_lot_27124A10_1689074,2019-04-30 00:00:00,107,__import__.product_1689074,27124A10
__import__.stock_production_lot_B076704_1691716,2018-08-31 00:00:00,452,__import__.product_1691716,B076704
__import__.stock_production_lot_17KQ114_1693795,2019-10-31 00:00:00,440,__import__.product_1693795,17KQ114
__import__.stock_production_lot_6LZW_1705557,2019-06-30 00:00:00,770,__import__.product_1705557,6LZW
__import__.stock_production_lot_6UZV_1705557,2019-11-30 00:00:00,804,__import__.product_1705557,6UZV
__import__.stock_production_lot_M601_1710227,2020-06-30 00:00:00,248,__import__.product_1710227,M601
__import__.stock_production_lot_17K16_1710235,2019-11-30 00:00:00,561,__import__.product_1710235,17K16
__import__.stock_production_lot_A144A02_1730928,2018-07-31 00:00:00,194,__import__.product_1730928,A144A02
__import__.stock_production_lot_646306682_1731322,2018-11-30 00:00:00,710,__import__.product_1731322,646306682
__import__.stock_production_lot_745660870_1731322,2021-01-31 00:00:00,629,__import__.product_1731322,745660870
__import__.stock_production_lot_769712082_1731488,2021-08-31 00:00:00,745,__import__.product_1731488,769712082
__import__.stock_production_lot_735390568_1731496,2020-11-30 00:00:00,817,__import__.product_1731496,735390568
__import__.stock_production_lot_770192008_1731645,2021-08-31 00:00:00,623,__import__.product_1731645,770192008
__import__.stock_production_lot_757801318_1731645,2021-05-31 00:00:00,981,__import__.product_1731645,757801318
__import__.stock_production_lot_757801319_1731652,2021-05-31 00:00:00,240,__import__.product_1731652,757801319
__import__.stock_production_lot_770192009_1731652,2021-08-31 00:00:00,141,__import__.product_1731652,770192009
__import__.stock_production_lot_FL17L2906_1735960,2022-12-31 00:00:00,165,__import__.product_1735960,FL17L2906
__import__.stock_production_lot_17K162_1745017,2020-11-30 00:00:00,518,__import__.product_1745017,17K162
__import__.stock_production_lot_18A241_1745017,2021-01-31 00:00:00,340,__import__.product_1745017,18A241
__import__.stock_production_lot_18A242_1745017,2020-01-31 00:00:00,808,__import__.product_1745017,18A242
__import__.stock_production_lot_9240_1745033,2020-10-31 00:00:00,846,__import__.product_1745033,9240
__import__.stock_production_lot_9230_1745041,2020-08-31 00:00:00,418,__import__.product_1745041,9230
__import__.stock_production_lot_9215_1745058,2019-12-31 00:00:00,375,__import__.product_1745058,9215
__import__.stock_production_lot_9235_1745058,2020-08-31 00:00:00,719,__import__.product_1745058,9235
__import__.stock_production_lot_170614_1751577,2020-06-30 00:00:00,368,__import__.product_1751577,170614
__import__.stock_production_lot_6FE1062_1754688,2018-09-30 00:00:00,458,__import__.product_1754688,6FE1062
__import__.stock_production_lot_18A09_1761832,2021-12-31 00:00:00,846,__import__.product_1761832,18A09
__import__.stock_production_lot_18A12_1761865,2021-01-31 00:00:00,452,__import__.product_1761865,18A12
__import__.stock_production_lot_KP0CP4S_1770510,2020-10-31 00:00:00,182,__import__.product_1770510,KP0CP4S
__import__.stock_production_lot_KP0CRSS_1770528,2020-11-30 00:00:00,417,__import__.product_1770528,KP0CRSS
__import__.stock_production_lot_KP0D3JX_1770528,2021-01-31 00:00:00,516,__import__.product_1770528,KP0D3JX
__import__.stock_production_lot_KP0CC1T_1770536,2020-03-31 00:00:00,237,__import__.product_1770536,KP0CC1T
__import__.stock_production_lot_KP0C8CT_1770569,2020-05-31 00:00:00,495,__import__.product_1770569,KP0C8CT
__import__.stock_production_lot_644391B_1778109,2018-11-30 00:00:00,655,__import__.product_1778109,644391B
__import__.stock_production_lot_7292602M_1778117,2019-07-31 00:00:00,836,__import__.product_1778117,7292602M
__import__.stock_production_lot_7515600G_1778117,2019-12-31 00:00:00,155,__import__.product_1778117,7515600G
__import__.stock_production_lot_724535A_1778141,2019-06-30 00:00:00,136,__import__.product_1778141,724535A
__import__.stock_production_lot_733530A_1778158,2019-08-31 00:00:00,307,__import__.product_1778158,733530A
__import__.stock_production_lot_E363A01_1791698,2019-05-31 00:00:00,767,__import__.product_1791698,E363A01
__import__.stock_production_lot_E376B01_1791698,2020-02-28 00:00:00,595,__import__.product_1791698,E376B01
__import__.stock_production_lot_73993_1796291,2020-12-31 00:00:00,218,__import__.product_1796291,73993
__import__.stock_production_lot_274511_1800156,2019-06-27 00:00:00,602,__import__.product_1800156,274511
__import__.stock_production_lot_F1716002_1802160,2019-06-30 00:00:00,648,__import__.product_1802160,F1716002
__import__.stock_production_lot_57598_1806360,2019-10-31 00:00:00,463,__import__.product_1806360,57598
__import__.stock_production_lot_EU1701_1806530,2020-01-31 00:00:00,509,__import__.product_1806530,EU1701
__import__.stock_production_lot_06_1809750,2019-11-30 00:00:00,536,__import__.product_1809750,06
__import__.stock_production_lot_170156013_1813620,2019-12-31 00:00:00,418,__import__.product_1813620,170156013
__import__.stock_production_lot_174365_1818490,2020-10-23 00:00:00,249,__import__.product_1818490,174365
__import__.stock_production_lot_1803006975_1819070,2020-03-31 00:00:00,107,__import__.product_1819070,1803006975
__import__.stock_production_lot_1803006976_1821820,2020-03-31 00:00:00,523,__import__.product_1821820,1803006976
__import__.stock_production_lot_180432_1826830,2019-07-25 00:00:00,424,__import__.product_1826830,180432
__import__.stock_production_lot_310317_1929927,2020-03-31 00:00:00,670,__import__.product_1929927,310317
__import__.stock_production_lot_300619_2016803,2019-06-30 00:00:00,869,__import__.product_2016803,300619
__import__.stock_production_lot_311019_2016803,2019-10-31 00:00:00,937,__import__.product_2016803,311019
__import__.stock_production_lot_310819_2017545,2019-08-31 00:00:00,271,__import__.product_2017545,310819
__import__.stock_production_lot_310818_2018187,2018-08-31 00:00:00,864,__import__.product_2018187,310818
__import__.stock_production_lot_310819_2018187,2019-08-31 00:00:00,564,__import__.product_2018187,310819
__import__.stock_production_lot_300919_2018187,2019-09-30 00:00:00,558,__import__.product_2018187,300919
__import__.stock_production_lot_311019_2021377,2019-10-31 00:00:00,456,__import__.product_2021377,311019
__import__.stock_production_lot_MKW222E001_2028549,2021-04-30 00:00:00,203,__import__.product_2028549,MKW222E001
__import__.stock_production_lot_5L035H_2049146,2018-11-30 00:00:00,469,__import__.product_2049146,5L035H
__import__.stock_production_lot_0010218_2049153,2020-03-31 00:00:00,737,__import__.product_2049153,0010218
__import__.stock_production_lot_L454269_2054807,2020-01-11 00:00:00,135,__import__.product_2054807,L454269
__import__.stock_production_lot_08051828_2060424,2019-05-03 00:00:00,202,__import__.product_2060424,08051828
__import__.stock_production_lot_C848162_2061265,2019-08-31 00:00:00,747,__import__.product_2061265,C848162
__import__.stock_production_lot_C895696_2061265,2019-08-31 00:00:00,287,__import__.product_2061265,C895696
__import__.stock_production_lot_C856349_2061273,2019-08-31 00:00:00,974,__import__.product_2061273,C856349
__import__.stock_production_lot_C825648_2061281,2020-02-28 00:00:00,149,__import__.product_2061281,C825648
__import__.stock_production_lot_C767548_2061281,2019-05-31 00:00:00,243,__import__.product_2061281,C767548
__import__.stock_production_lot_C714488_2061281,2019-05-31 00:00:00,113,__import__.product_2061281,C714488
__import__.stock_production_lot_C789965_2061299,2020-03-31 00:00:00,268,__import__.product_2061299,C789965
__import__.stock_production_lot_C824035_2061299,2020-06-30 00:00:00,603,__import__.product_2061299,C824035
__import__.stock_production_lot_C891574_2061299,2020-06-30 00:00:00,952,__import__.product_2061299,C891574
__import__.stock_production_lot_170394B_2064525,2019-06-30 00:00:00,287,__import__.product_2064525,170394B
__import__.stock_production_lot_170547A_2064533,2019-09-30 00:00:00,429,__import__.product_2064533,170547A
__import__.stock_production_lot_170510B_2064541,2019-09-30 00:00:00,478,__import__.product_2064541,170510B
__import__.stock_production_lot_KP0CBGR_2065688,2020-08-31 00:00:00,330,__import__.product_2065688,KP0CBGR
__import__.stock_production_lot_17I271_2071835,2019-08-31 00:00:00,995,__import__.product_2071835,17I271
__import__.stock_production_lot_F1802405_2073088,2020-01-31 00:00:00,126,__import__.product_2073088,F1802405
__import__.stock_production_lot_097113_2081784,2020-05-31 00:00:00,691,__import__.product_2081784,097113
__import__.stock_production_lot_10917008_2085397,2020-10-31 00:00:00,511,__import__.product_2085397,10917008
__import__.stock_production_lot_KP0CHT9_2087054,2022-08-31 00:00:00,874,__import__.product_2087054,KP0CHT9
__import__.stock_production_lot_KP0CK5H_2087062,2022-08-31 00:00:00,957,__import__.product_2087062,KP0CK5H
__import__.stock_production_lot_KP0CCG1_2087070,2022-06-30 00:00:00,657,__import__.product_2087070,KP0CCG1
__import__.stock_production_lot_KP0CK0T_2087088,2022-08-31 00:00:00,593,__import__.product_2087088,KP0CK0T
__import__.stock_production_lot_070149_2087146,2019-05-31 00:00:00,526,__import__.product_2087146,070149
__import__.stock_production_lot_J114002_2092146,2019-08-31 00:00:00,223,__import__.product_2092146,J114002
__import__.stock_production_lot_A109A01_2092658,2022-02-28 00:00:00,118,__import__.product_2092658,A109A01
__import__.stock_production_lot_A112B01_2092658,2022-03-31 00:00:00,988,__import__.product_2092658,A112B01
__import__.stock_production_lot_Z520606_2093391,2020-02-28 00:00:00,426,__import__.product_2093391,Z520606
__import__.stock_production_lot_177255B_2094316,2020-10-20 00:00:00,926,__import__.product_2094316,177255B
__import__.stock_production_lot_176831D_2094324,2020-07-31 00:00:00,688,__import__.product_2094324,176831D
__import__.stock_production_lot_176831F_2094324,2020-07-03 00:00:00,528,__import__.product_2094324,176831F
__import__.stock_production_lot_K010_2101798,2019-09-30 00:00:00,439,__import__.product_2101798,K010
__import__.stock_production_lot_657621_2104941,2019-04-30 00:00:00,258,__import__.product_2104941,657621
__import__.stock_production_lot_311218_2114200,2018-12-31 00:00:00,650,__import__.product_2114200,311218
__import__.stock_production_lot_7C3085B_2114981,2019-11-30 00:00:00,417,__import__.product_2114981,7C3085B
__import__.stock_production_lot_7C3559C_2114981,2019-12-18 00:00:00,489,__import__.product_2114981,7C3559C
__import__.stock_production_lot_27781A13_2115616,2019-05-31 00:00:00,870,__import__.product_2115616,27781A13
__import__.stock_production_lot_17K162_2123271,2020-11-30 00:00:00,595,__import__.product_2123271,17K162
__import__.stock_production_lot_H212209_2123420,2019-04-30 00:00:00,733,__import__.product_2123420,H212209
__import__.stock_production_lot_450A1_2123842,2019-10-31 00:00:00,176,__import__.product_2123842,450A1
__import__.stock_production_lot_515AA_2123842,2020-01-31 00:00:00,935,__import__.product_2123842,515AA
__import__.stock_production_lot_531AA_2123842,2020-03-31 00:00:00,156,__import__.product_2123842,531AA
__import__.stock_production_lot_1802060_2124584,2019-12-31 00:00:00,188,__import__.product_2124584,1802060
__import__.stock_production_lot_K2103710_2124592,2020-06-30 00:00:00,875,__import__.product_2124592,K2103710
__import__.stock_production_lot_254955_2139178,2019-05-31 00:00:00,764,__import__.product_2139178,254955
__import__.stock_production_lot_027069_2152445,2020-07-31 00:00:00,923,__import__.product_2152445,027069
__import__.stock_production_lot_17DQ07301_2163459,2019-03-31 00:00:00,953,__import__.product_2163459,17DQ07301
__import__.stock_production_lot_17DQ074_2163459,2019-03-31 00:00:00,332,__import__.product_2163459,17DQ074
__import__.stock_production_lot_101261_2164374,2022-10-31 00:00:00,348,__import__.product_2164374,101261
__import__.stock_production_lot_30526500_2167393,2020-01-01 00:00:00,146,__import__.product_2167393,30526500
__import__.stock_production_lot_3052650_2167393,2020-01-31 00:00:00,146,__import__.product_2167393,3052650
__import__.stock_production_lot_AA00217_2171874,2018-07-31 00:00:00,409,__import__.product_2171874,AA00217
__import__.stock_production_lot_300619_2171886,2019-06-30 00:00:00,383,__import__.product_2171886,300619
__import__.stock_production_lot_310119_2171886,2019-01-31 00:00:00,182,__import__.product_2171886,310119
__import__.stock_production_lot_300919_2171887,2019-09-30 00:00:00,534,__import__.product_2171887,300919
__import__.stock_production_lot_311019_2171887,2019-10-31 00:00:00,321,__import__.product_2171887,311019
__import__.stock_production_lot_300919_2171888,2019-09-30 00:00:00,861,__import__.product_2171888,300919
__import__.stock_production_lot_280219_2171889,2019-02-28 00:00:00,129,__import__.product_2171889,280219
__import__.stock_production_lot_310819_2171889,2019-08-31 00:00:00,809,__import__.product_2171889,310819
__import__.stock_production_lot_301119_2171890,2019-11-30 00:00:00,363,__import__.product_2171890,301119
__import__.stock_production_lot_311019_2171892,2019-10-31 00:00:00,771,__import__.product_2171892,311019
__import__.stock_production_lot_310819_2172132,2019-08-31 00:00:00,477,__import__.product_2172132,310819
__import__.stock_production_lot_8C0009G_2176089,2020-01-04 00:00:00,129,__import__.product_2176089,8C0009G
__import__.stock_production_lot_6TC4_2183143,2021-01-31 00:00:00,102,__import__.product_2183143,6TC4
__import__.stock_production_lot_2614251_2186849,2020-09-30 00:00:00,323,__import__.product_2186849,2614251
__import__.stock_production_lot_2614665_2186849,2020-09-30 00:00:00,462,__import__.product_2186849,2614665
__import__.stock_production_lot_2548868_2187078,2020-08-31 00:00:00,294,__import__.product_2187078,2548868
__import__.stock_production_lot_76950202_2197259,2018-11-30 00:00:00,570,__import__.product_2197259,76950202
__import__.stock_production_lot_71907201_2197259,2019-05-31 00:00:00,476,__import__.product_2197259,71907201
__import__.stock_production_lot_17100042_2197301,2019-12-31 00:00:00,994,__import__.product_2197301,17100042
__import__.stock_production_lot_E137A12_2198679,2020-03-31 00:00:00,392,__import__.product_2198679,E137A12
__import__.stock_production_lot_18B27CN_2200483,2020-02-28 00:00:00,308,__import__.product_2200483,18B27CN
__import__.stock_production_lot_17E10SF_2200491,2020-05-31 00:00:00,397,__import__.product_2200491,17E10SF
__import__.stock_production_lot_6LU2_2203164,2019-10-31 00:00:00,505,__import__.product_2203164,6LU2
__import__.stock_production_lot_170050A_2210144,2019-02-28 00:00:00,427,__import__.product_2210144,170050A
__import__.stock_production_lot_746560F_2210987,2019-11-30 00:00:00,142,__import__.product_2210987,746560F
__import__.stock_production_lot_212231_2217305,2019-02-28 00:00:00,565,__import__.product_2217305,212231
__import__.stock_production_lot_GD00317_2223535,2020-02-28 00:00:00,890,__import__.product_2223535,GD00317
__import__.stock_production_lot_0080217_2228450,2020-02-28 00:00:00,218,__import__.product_2228450,0080217
__import__.stock_production_lot_310720_2244093,2020-07-31 00:00:00,408,__import__.product_2244093,310720
__import__.stock_production_lot_236391_2246536,2019-06-02 00:00:00,392,__import__.product_2246536,236391
__import__.stock_production_lot_KP0B2RT_2247856,2019-01-31 00:00:00,271,__import__.product_2247856,KP0B2RT
__import__.stock_production_lot_KP0C5WV_2247856,2020-04-30 00:00:00,758,__import__.product_2247856,KP0C5WV
__import__.stock_production_lot_KP0CTZD_2247856,2020-11-30 00:00:00,741,__import__.product_2247856,KP0CTZD
__import__.stock_production_lot_KP0CTZJ_2247872,2020-12-31 00:00:00,137,__import__.product_2247872,KP0CTZJ
__import__.stock_production_lot_KP0D2SF_2247872,2021-03-31 00:00:00,439,__import__.product_2247872,KP0D2SF
__import__.stock_production_lot_KP0CF28_2247898,2020-09-30 00:00:00,410,__import__.product_2247898,KP0CF28
__import__.stock_production_lot_KP0D0P5_2247898,2020-12-31 00:00:00,646,__import__.product_2247898,KP0D0P5
__import__.stock_production_lot_KP0CS1U_2247914,2020-11-30 00:00:00,252,__import__.product_2247914,KP0CS1U
__import__.stock_production_lot_311019_2248800,2019-10-31 00:00:00,761,__import__.product_2248800,311019
__import__.stock_production_lot_17L21_2248870,2020-12-31 00:00:00,643,__import__.product_2248870,17L21
__import__.stock_production_lot_741561B_2249589,2019-10-31 00:00:00,637,__import__.product_2249589,741561B
__import__.stock_production_lot_741461A_2249597,2019-10-31 00:00:00,579,__import__.product_2249597,741461A
__import__.stock_production_lot_741461A_2249605,2019-10-31 00:00:00,751,__import__.product_2249605,741461A
__import__.stock_production_lot_733560C_2249613,2019-08-31 00:00:00,155,__import__.product_2249613,733560C
__import__.stock_production_lot_740161A_2249621,2019-10-31 00:00:00,358,__import__.product_2249621,740161A
__import__.stock_production_lot_740161A_2249639,2019-10-31 00:00:00,168,__import__.product_2249639,740161A
__import__.stock_production_lot_L450473_2251841,2019-01-24 00:00:00,997,__import__.product_2251841,L450473
__import__.stock_production_lot_L456374_2251866,2019-07-04 00:00:00,928,__import__.product_2251866,L456374
__import__.stock_production_lot_L456551_2251874,2019-08-21 00:00:00,791,__import__.product_2251874,L456551
__import__.stock_production_lot_70869_2252252,2019-05-31 00:00:00,652,__import__.product_2252252,70869
__import__.stock_production_lot_80130_2252260,2019-12-31 00:00:00,746,__import__.product_2252260,80130
__import__.stock_production_lot_54108_2261998,2020-09-30 00:00:00,336,__import__.product_2261998,54108
__import__.stock_production_lot_54107_2262004,2020-09-30 00:00:00,270,__import__.product_2262004,54107
__import__.stock_production_lot_54161_2262004,2020-10-31 00:00:00,369,__import__.product_2262004,54161
__import__.stock_production_lot_53858_2262020,2019-08-31 00:00:00,808,__import__.product_2262020,53858
__import__.stock_production_lot_53950_2262020,2019-10-04 00:00:00,574,__import__.product_2262020,53950
__import__.stock_production_lot_53858_2262046,2019-08-08 00:00:00,177,__import__.product_2262046,53858
__import__.stock_production_lot_53950_2262046,2019-10-31 00:00:00,989,__import__.product_2262046,53950
__import__.stock_production_lot_54133_2262061,2020-01-31 00:00:00,791,__import__.product_2262061,54133
__import__.stock_production_lot_L451569_2263267,2019-07-17 00:00:00,809,__import__.product_2263267,L451569
__import__.stock_production_lot_K20811A50_2266781,2020-06-30 00:00:00,154,__import__.product_2266781,K20811A50
__import__.stock_production_lot_K20811A_2266781,2020-06-30 00:00:00,983,__import__.product_2266781,K20811A
__import__.stock_production_lot_C500A2A_2268878,2019-10-31 00:00:00,473,__import__.product_2268878,C500A2A
__import__.stock_production_lot_C521A2A_2268878,2019-12-31 00:00:00,894,__import__.product_2268878,C521A2A
__import__.stock_production_lot_271766_2269009,2020-07-21 00:00:00,134,__import__.product_2269009,271766
__import__.stock_production_lot_271765_2269017,2020-01-20 00:00:00,567,__import__.product_2269017,271765
__import__.stock_production_lot_5144371_2269868,2020-03-31 00:00:00,947,__import__.product_2269868,5144371
__import__.stock_production_lot_5143638_2269876,2019-09-30 00:00:00,211,__import__.product_2269876,5143638
__import__.stock_production_lot_171841_2270403,2019-05-31 00:00:00,750,__import__.product_2270403,171841
__import__.stock_production_lot_183178_2271088,2019-06-30 00:00:00,463,__import__.product_2271088,183178
__import__.stock_production_lot_238256_2271096,2019-09-30 00:00:00,143,__import__.product_2271096,238256
__import__.stock_production_lot_216473_2271104,2019-12-31 00:00:00,975,__import__.product_2271104,216473
__import__.stock_production_lot_237191_2271104,2020-03-31 00:00:00,304,__import__.product_2271104,237191
__import__.stock_production_lot_247808_2271112,2020-06-30 00:00:00,637,__import__.product_2271112,247808
__import__.stock_production_lot_214692_2271120,2019-04-30 00:00:00,900,__import__.product_2271120,214692
__import__.stock_production_lot_249328_2271120,2020-04-30 00:00:00,980,__import__.product_2271120,249328
__import__.stock_production_lot_181004_2271138,2019-06-30 00:00:00,962,__import__.product_2271138,181004
__import__.stock_production_lot_3998968_2271187,2019-02-28 00:00:00,153,__import__.product_2271187,3998968
__import__.stock_production_lot_4290403_2271187,2020-02-28 00:00:00,683,__import__.product_2271187,4290403
__import__.stock_production_lot_7081024_2271203,2019-12-31 00:00:00,891,__import__.product_2271203,7081024
__import__.stock_production_lot_7031024_2271203,2020-01-31 00:00:00,611,__import__.product_2271203,7031024
__import__.stock_production_lot_1311330_2271229,2018-06-30 00:00:00,557,__import__.product_2271229,1311330
__import__.stock_production_lot_6LZX_2271765,2019-06-30 00:00:00,841,__import__.product_2271765,6LZX
__import__.stock_production_lot_6SHG_2271765,2019-11-30 00:00:00,339,__import__.product_2271765,6SHG
__import__.stock_production_lot_DERMA090_2276574,2020-09-30 00:00:00,103,__import__.product_2276574,DERMA090
__import__.stock_production_lot_815152D_2281046,2019-04-30 00:00:00,275,__import__.product_2281046,815152D
__import__.stock_production_lot_7402603B_2281061,2019-10-31 00:00:00,134,__import__.product_2281061,7402603B
__import__.stock_production_lot_HN920_2287120,2018-08-24 00:00:00,783,__import__.product_2287120,HN920
__import__.stock_production_lot_L250216_2287878,2019-02-28 00:00:00,834,__import__.product_2287878,L250216
__import__.stock_production_lot_L1217_2288876,2020-06-30 00:00:00,274,__import__.product_2288876,L1217
__import__.stock_production_lot_105246_2288926,2019-11-30 00:00:00,517,__import__.product_2288926,105246
__import__.stock_production_lot_105271_2288934,2019-12-31 00:00:00,652,__import__.product_2288934,105271
__import__.stock_production_lot_105345_2288983,2020-03-31 00:00:00,882,__import__.product_2288983,105345
__import__.stock_production_lot_L1117_2289122,2020-04-30 00:00:00,228,__import__.product_2289122,L1117
__import__.stock_production_lot_105123_2289171,2019-07-31 00:00:00,928,__import__.product_2289171,105123
__import__.stock_production_lot_105233_2289304,2019-10-31 00:00:00,781,__import__.product_2289304,105233
__import__.stock_production_lot_105331_2289312,2020-02-28 00:00:00,603,__import__.product_2289312,105331
__import__.stock_production_lot_105308_2289892,2019-08-31 00:00:00,473,__import__.product_2289892,105308
__import__.stock_production_lot_A039A02_2310399,2020-01-31 00:00:00,323,__import__.product_2310399,A039A02
__import__.stock_production_lot_101299_2314425,2020-10-31 00:00:00,865,__import__.product_2314425,101299
__import__.stock_production_lot_98285_2314433,2020-07-31 00:00:00,608,__import__.product_2314433,98285
__import__.stock_production_lot_6EL8_2318483,2020-02-28 00:00:00,572,__import__.product_2318483,6EL8
__import__.stock_production_lot_5HA7_2318491,2018-06-30 00:00:00,973,__import__.product_2318491,5HA7
__import__.stock_production_lot_13H22_2320612,2016-07-31 00:00:00,819,__import__.product_2320612,13H22
__import__.stock_production_lot_DD06016_2321602,2019-11-30 00:00:00,944,__import__.product_2321602,DD06016
__import__.stock_production_lot_ID03017_2321602,2020-08-31 00:00:00,285,__import__.product_2321602,ID03017
__import__.stock_production_lot_S40407CW_2325751,2021-02-28 00:00:00,381,__import__.product_2325751,S40407CW
__import__.stock_production_lot_00127C_2328854,2021-03-31 00:00:00,362,__import__.product_2328854,00127C
__import__.stock_production_lot_11995A_2328862,2021-02-28 00:00:00,912,__import__.product_2328862,11995A
__import__.stock_production_lot_11995A_2328862,2021-02-28 00:00:00,912,__import__.product_2328862,11995A
__import__.stock_production_lot_160011_2328896,2018-07-01 00:00:00,759,__import__.product_2328896,160011
__import__.stock_production_lot_09676E_2328904,2019-12-31 00:00:00,684,__import__.product_2328904,09676E
__import__.stock_production_lot_572EB_2329589,2020-02-28 00:00:00,498,__import__.product_2329589,572EB
__import__.stock_production_lot_W90433_2329589,2020-10-31 00:00:00,132,__import__.product_2329589,W90433
__import__.stock_production_lot_T93201_2329605,2020-05-31 00:00:00,437,__import__.product_2329605,T93201
__import__.stock_production_lot_1701_2330470,2020-04-30 00:00:00,753,__import__.product_2330470,1701
__import__.stock_production_lot_1702_2330470,2020-11-30 00:00:00,665,__import__.product_2330470,1702
__import__.stock_production_lot_16249H_2340453,2019-10-31 00:00:00,501,__import__.product_2340453,16249H
__import__.stock_production_lot_6RWS_2342087,2021-01-31 00:00:00,377,__import__.product_2342087,6RWS
__import__.stock_production_lot_5RCJ_2342095,2019-02-28 00:00:00,781,__import__.product_2342095,5RCJ
__import__.stock_production_lot_6EKD_2342095,2020-05-31 00:00:00,823,__import__.product_2342095,6EKD
__import__.stock_production_lot_6K6P_2342103,2020-08-31 00:00:00,496,__import__.product_2342103,6K6P
__import__.stock_production_lot_6FTJ_2342111,2020-06-30 00:00:00,663,__import__.product_2342111,6FTJ
__import__.stock_production_lot_6MEW_2342111,2020-10-31 00:00:00,802,__import__.product_2342111,6MEW
__import__.stock_production_lot_6PL5_2342129,2019-10-31 00:00:00,802,__import__.product_2342129,6PL5
__import__.stock_production_lot_6SUX_2342129,2019-10-31 00:00:00,580,__import__.product_2342129,6SUX
__import__.stock_production_lot_6KW8_2342145,2020-09-30 00:00:00,100,__import__.product_2342145,6KW8
__import__.stock_production_lot_6GAJ_2342160,2020-06-30 00:00:00,224,__import__.product_2342160,6GAJ
__import__.stock_production_lot_6MJL_2342178,2019-11-30 00:00:00,175,__import__.product_2342178,6MJL
__import__.stock_production_lot_6KW4_2342186,2019-09-30 00:00:00,782,__import__.product_2342186,6KW4
__import__.stock_production_lot_6MJJ_2342186,2019-11-30 00:00:00,384,__import__.product_2342186,6MJJ
__import__.stock_production_lot_6KW5_2342194,2019-09-30 00:00:00,871,__import__.product_2342194,6KW5
__import__.stock_production_lot_A032C02_2352284,2018-06-30 00:00:00,186,__import__.product_2352284,A032C02
__import__.stock_production_lot_A033A02_2352292,2019-03-31 00:00:00,863,__import__.product_2352292,A033A02
__import__.stock_production_lot_17CQ132_2352805,2020-02-28 00:00:00,589,__import__.product_2352805,17CQ132
__import__.stock_production_lot_16GQ007_2352813,2019-06-30 00:00:00,534,__import__.product_2352813,16GQ007
__import__.stock_production_lot_4000058_2353829,2021-01-31 00:00:00,701,__import__.product_2353829,4000058
__import__.stock_production_lot_4001198_2353829,2021-03-31 00:00:00,903,__import__.product_2353829,4001198
__import__.stock_production_lot_A180A01_2356731,2018-09-30 00:00:00,385,__import__.product_2356731,A180A01
__import__.stock_production_lot_310819_2357481,2019-08-31 00:00:00,507,__import__.product_2357481,310819
__import__.stock_production_lot_311019_2357481,2019-10-31 00:00:00,917,__import__.product_2357481,311019
__import__.stock_production_lot_310319_2357515,2019-03-31 00:00:00,490,__import__.product_2357515,310319
__import__.stock_production_lot_310519_2357515,2019-05-31 00:00:00,790,__import__.product_2357515,310519
__import__.stock_production_lot_300919_2357515,2019-09-30 00:00:00,360,__import__.product_2357515,300919
__import__.stock_production_lot_300420_2357531,2020-04-30 00:00:00,766,__import__.product_2357531,300420
__import__.stock_production_lot_310519_2357556,2019-05-31 00:00:00,332,__import__.product_2357556,310519
__import__.stock_production_lot_310819_2357648,2019-08-31 00:00:00,527,__import__.product_2357648,310819
__import__.stock_production_lot_300619_2357689,2019-06-30 00:00:00,701,__import__.product_2357689,300619
__import__.stock_production_lot_310819_2357739,2019-08-31 00:00:00,442,__import__.product_2357739,310819
__import__.stock_production_lot_310819_2357754,2019-08-31 00:00:00,719,__import__.product_2357754,310819
__import__.stock_production_lot_310719_2357788,2019-07-31 00:00:00,230,__import__.product_2357788,310719
__import__.stock_production_lot_310819_2357788,2019-08-31 00:00:00,275,__import__.product_2357788,310819
__import__.stock_production_lot_311019_2357788,2019-10-31 00:00:00,389,__import__.product_2357788,311019
__import__.stock_production_lot_310719_2357812,2019-07-31 00:00:00,141,__import__.product_2357812,310719
__import__.stock_production_lot_310719_2357952,2019-07-31 00:00:00,289,__import__.product_2357952,310719
__import__.stock_production_lot_301118_2357994,2018-11-30 00:00:00,447,__import__.product_2357994,301118
__import__.stock_production_lot_241149_2363919,2019-06-23 00:00:00,557,__import__.product_2363919,241149
__import__.stock_production_lot_243048_2363919,2019-06-30 00:00:00,327,__import__.product_2363919,243048
__import__.stock_production_lot_20648303_2368231,2019-12-31 00:00:00,203,__import__.product_2368231,20648303
__import__.stock_production_lot_A023A03_2372753,2019-09-30 00:00:00,212,__import__.product_2372753,A023A03
__import__.stock_production_lot_A054A03_2372779,2019-10-31 00:00:00,220,__import__.product_2372779,A054A03
__import__.stock_production_lot_A051A12_2372787,2019-08-31 00:00:00,614,__import__.product_2372787,A051A12
__import__.stock_production_lot_A014B14_2372803,2019-01-31 00:00:00,653,__import__.product_2372803,A014B14
__import__.stock_production_lot_A026B20_2372829,2019-05-31 00:00:00,249,__import__.product_2372829,A026B20
__import__.stock_production_lot_A027B21_2372829,2019-02-28 00:00:00,119,__import__.product_2372829,A027B21
__import__.stock_production_lot_A027B14_2372837,2020-02-28 00:00:00,822,__import__.product_2372837,A027B14
__import__.stock_production_lot_310819_2373553,2019-08-31 00:00:00,869,__import__.product_2373553,310819
__import__.stock_production_lot_311018_2373561,2018-10-31 00:00:00,615,__import__.product_2373561,311018
__import__.stock_production_lot_310719_2373561,2019-07-31 00:00:00,539,__import__.product_2373561,310719
__import__.stock_production_lot_310119_2374445,2019-01-31 00:00:00,819,__import__.product_2374445,310119
__import__.stock_production_lot_310719_2374445,2019-07-31 00:00:00,840,__import__.product_2374445,310719
__import__.stock_production_lot_311019_2374445,2019-10-31 00:00:00,509,__import__.product_2374445,311019
__import__.stock_production_lot_280219_2377728,2019-02-28 00:00:00,487,__import__.product_2377728,280219
__import__.stock_production_lot_300419_2377728,2019-04-30 00:00:00,395,__import__.product_2377728,300419
__import__.stock_production_lot_45C6_2379741,2020-09-30 00:00:00,655,__import__.product_2379741,45C6
__import__.stock_production_lot_46B1_2379758,2020-10-31 00:00:00,634,__import__.product_2379758,46B1
__import__.stock_production_lot_46B11_2379758,2020-10-31 00:00:00,842,__import__.product_2379758,46B11
__import__.stock_production_lot_46A6_2379766,2020-10-31 00:00:00,122,__import__.product_2379766,46A6
__import__.stock_production_lot_46A14_2379766,2020-10-31 00:00:00,972,__import__.product_2379766,46A14
__import__.stock_production_lot_B146307_2379782,2020-02-28 00:00:00,539,__import__.product_2379782,B146307
__import__.stock_production_lot_B140730_2379782,2020-02-28 00:00:00,131,__import__.product_2379782,B140730
__import__.stock_production_lot_Z521301_2379790,2020-05-31 00:00:00,774,__import__.product_2379790,Z521301
__import__.stock_production_lot_B173002_2379808,2020-05-31 00:00:00,247,__import__.product_2379808,B173002
__import__.stock_production_lot_B140727_2379808,2020-02-28 00:00:00,492,__import__.product_2379808,B140727
__import__.stock_production_lot_B140810_2379816,2020-02-28 00:00:00,794,__import__.product_2379816,B140810
__import__.stock_production_lot_B140911_2379824,2020-02-28 00:00:00,423,__import__.product_2379824,B140911
__import__.stock_production_lot_171312_2382729,2020-11-30 00:00:00,299,__import__.product_2382729,171312
__import__.stock_production_lot_170433_2382737,2020-05-31 00:00:00,115,__import__.product_2382737,170433
__import__.stock_production_lot_A310A01_2384949,2020-11-30 00:00:00,356,__import__.product_2384949,A310A01
__import__.stock_production_lot_KP0CFBR_2386001,2022-06-30 00:00:00,535,__import__.product_2386001,KP0CFBR
__import__.stock_production_lot_311218_2388916,2018-12-31 00:00:00,714,__import__.product_2388916,311218
__import__.stock_production_lot_280219_2388924,2019-02-28 00:00:00,597,__import__.product_2388924,280219
__import__.stock_production_lot_300419_2388924,2019-04-30 00:00:00,547,__import__.product_2388924,300419
__import__.stock_production_lot_H32350L_2389153,2020-07-31 00:00:00,893,__import__.product_2389153,H32350L
__import__.stock_production_lot_E33192F_2389161,2021-05-31 00:00:00,968,__import__.product_2389161,E33192F
__import__.stock_production_lot_6MUX_2398451,2019-12-31 00:00:00,949,__import__.product_2398451,6MUX
__import__.stock_production_lot_6ND5_2398469,2020-01-31 00:00:00,140,__import__.product_2398469,6ND5
__import__.stock_production_lot_6SBB_2398469,2020-03-31 00:00:00,331,__import__.product_2398469,6SBB
__import__.stock_production_lot_097100_2401677,2019-02-28 00:00:00,881,__import__.product_2401677,097100
__import__.stock_production_lot_27615D11_2404341,2020-03-31 00:00:00,382,__import__.product_2404341,27615D11
__import__.stock_production_lot_27807B11_2404341,2020-05-31 00:00:00,877,__import__.product_2404341,27807B11
__import__.stock_production_lot_28007C10_2404358,2020-07-31 00:00:00,375,__import__.product_2404358,28007C10
__import__.stock_production_lot_171023_2407110,2020-10-31 00:00:00,719,__import__.product_2407110,171023
__import__.stock_production_lot_50500201_2407351,2020-05-31 00:00:00,517,__import__.product_2407351,50500201
__import__.stock_production_lot_KL605D02_2407351,2021-05-31 00:00:00,868,__import__.product_2407351,KL605D02
__import__.stock_production_lot_KL605C03_2407377,2021-05-31 00:00:00,656,__import__.product_2407377,KL605C03
__import__.stock_production_lot_50500101_2407393,2020-05-31 00:00:00,536,__import__.product_2407393,50500101
__import__.stock_production_lot_40100101_2407401,2019-01-31 00:00:00,918,__import__.product_2407401,40100101
__import__.stock_production_lot_50500101_2407419,2020-05-31 00:00:00,810,__import__.product_2407419,50500101
__import__.stock_production_lot_40901201_2407427,2019-09-30 00:00:00,495,__import__.product_2407427,40901201
__import__.stock_production_lot_6R57_2410959,2019-09-30 00:00:00,572,__import__.product_2410959,6R57
__import__.stock_production_lot_242302_2420685,2019-07-11 00:00:00,869,__import__.product_2420685,242302
__import__.stock_production_lot_6V5EA_2430205,2020-04-30 00:00:00,416,__import__.product_2430205,6V5EA
__import__.stock_production_lot_6HWNA_2430213,2019-09-30 00:00:00,779,__import__.product_2430213,6HWNA
__import__.stock_production_lot_5Z46_2430213,2018-09-30 00:00:00,363,__import__.product_2430213,5Z46
__import__.stock_production_lot_17J23_2432821,2020-10-31 00:00:00,499,__import__.product_2432821,17J23
__import__.stock_production_lot_7C2713J_2433779,2020-09-21 00:00:00,277,__import__.product_2433779,7C2713J
__import__.stock_production_lot_7C3225D_2433779,2020-11-20 00:00:00,186,__import__.product_2433779,7C3225D
__import__.stock_production_lot_7C3246E_2433779,2020-11-30 00:00:00,804,__import__.product_2433779,7C3246E
__import__.stock_production_lot_7C2634G_2433787,2019-09-18 00:00:00,661,__import__.product_2433787,7C2634G
__import__.stock_production_lot_7C3219J_2433787,2019-11-21 00:00:00,574,__import__.product_2433787,7C3219J
__import__.stock_production_lot_7C2634F_2433795,2019-09-18 00:00:00,856,__import__.product_2433795,7C2634F
__import__.stock_production_lot_7C2895N_2433795,2019-10-12 00:00:00,326,__import__.product_2433795,7C2895N
__import__.stock_production_lot_7C1412E_2433803,2020-05-09 00:00:00,597,__import__.product_2433803,7C1412E
__import__.stock_production_lot_7C2635D_2433811,2020-09-17 00:00:00,867,__import__.product_2433811,7C2635D
__import__.stock_production_lot_7C3216E_2433811,2020-11-30 00:00:00,150,__import__.product_2433811,7C3216E
__import__.stock_production_lot_7C2062G_2433829,2020-06-29 00:00:00,678,__import__.product_2433829,7C2062G
__import__.stock_production_lot_17G252_2433878,2020-06-30 00:00:00,247,__import__.product_2433878,17G252
__import__.stock_production_lot_17L21_2433886,2019-12-31 00:00:00,191,__import__.product_2433886,17L21
__import__.stock_production_lot_17H22_2433894,2019-08-31 00:00:00,188,__import__.product_2433894,17H22
__import__.stock_production_lot_18C29_2433894,2020-03-31 00:00:00,491,__import__.product_2433894,18C29
__import__.stock_production_lot_18C27_2433902,2020-03-31 00:00:00,748,__import__.product_2433902,18C27
__import__.stock_production_lot_18E28_2433902,2020-05-31 00:00:00,639,__import__.product_2433902,18E28
__import__.stock_production_lot_8348_2435105,2019-05-31 00:00:00,289,__import__.product_2435105,8348
__import__.stock_production_lot_7254103_2435360,2019-10-31 00:00:00,507,__import__.product_2435360,7254103
__import__.stock_production_lot_7203103_2435378,2019-07-31 00:00:00,468,__import__.product_2435378,7203103
__import__.stock_production_lot_8016102_2435378,2019-12-31 00:00:00,990,__import__.product_2435378,8016102
__import__.stock_production_lot_293AAE_2435873,2019-11-30 00:00:00,903,__import__.product_2435873,293AAE
__import__.stock_production_lot_MM_2436905,2020-11-30 00:00:00,473,__import__.product_2436905,MM
__import__.stock_production_lot_M5_2436913,2020-11-30 00:00:00,354,__import__.product_2436913,M5
__import__.stock_production_lot_PM_2436913,2020-11-30 00:00:00,582,__import__.product_2436913,PM
__import__.stock_production_lot_08925A_2437325,2019-12-31 00:00:00,490,__import__.product_2437325,08925A
__import__.stock_production_lot_10802A_2437325,2021-01-31 00:00:00,524,__import__.product_2437325,10802A
__import__.stock_production_lot_10802A@A_2437325,2021-01-31 00:00:00,850,__import__.product_2437325,10802A@A
__import__.stock_production_lot_A364C01_2441350,2020-09-30 00:00:00,870,__import__.product_2441350,A364C01
__import__.stock_production_lot_090117_2441376,2019-01-31 00:00:00,471,__import__.product_2441376,090117
__import__.stock_production_lot_6TPJ_2445161,2020-03-31 00:00:00,776,__import__.product_2445161,6TPJ
__import__.stock_production_lot_6LHV_2445179,2019-11-30 00:00:00,648,__import__.product_2445179,6LHV
__import__.stock_production_lot_A237A01_2446011,2019-09-30 00:00:00,266,__import__.product_2446011,A237A01
__import__.stock_production_lot_A138A01_2446045,2020-07-31 00:00:00,717,__import__.product_2446045,A138A01
__import__.stock_production_lot_A139A01_2446052,2020-09-30 00:00:00,944,__import__.product_2446052,A139A01
__import__.stock_production_lot_514BAB_2446532,2020-03-31 00:00:00,440,__import__.product_2446532,514BAB
__import__.stock_production_lot_7013_2447902,2022-01-31 00:00:00,532,__import__.product_2447902,7013
__import__.stock_production_lot_5329_2447936,2020-11-30 00:00:00,382,__import__.product_2447936,5329
__import__.stock_production_lot_6C3RF_2451623,2020-04-30 00:00:00,886,__import__.product_2451623,6C3RF
__import__.stock_production_lot_6D94E_2451631,2020-04-30 00:00:00,346,__import__.product_2451631,6D94E
__import__.stock_production_lot_6D97A_2451649,2020-04-30 00:00:00,694,__import__.product_2451649,6D97A
__import__.stock_production_lot_6G1LD_2451656,2020-06-30 00:00:00,846,__import__.product_2451656,6G1LD
__import__.stock_production_lot_17D036_2451664,2020-03-31 00:00:00,547,__import__.product_2451664,17D036
__import__.stock_production_lot_17L154_2451672,2020-11-30 00:00:00,206,__import__.product_2451672,17L154
__import__.stock_production_lot_098046_2451862,2020-07-31 00:00:00,158,__import__.product_2451862,098046
__import__.stock_production_lot_099138_2451862,2020-08-31 00:00:00,749,__import__.product_2451862,099138
__import__.stock_production_lot_097085_2451870,2020-06-30 00:00:00,957,__import__.product_2451870,097085
__import__.stock_production_lot_KPX005R_2457687,2019-11-30 00:00:00,857,__import__.product_2457687,KPX005R
__import__.stock_production_lot_KPX0047_2457711,2019-09-30 00:00:00,262,__import__.product_2457711,KPX0047
__import__.stock_production_lot_KPX005P_2457711,2019-12-31 00:00:00,109,__import__.product_2457711,KPX005P
__import__.stock_production_lot_KPX000X_2457729,2019-03-31 00:00:00,556,__import__.product_2457729,KPX000X
__import__.stock_production_lot_KPX006X_2457729,2020-05-31 00:00:00,188,__import__.product_2457729,KPX006X
__import__.stock_production_lot_KPX0036_2457745,2019-06-30 00:00:00,148,__import__.product_2457745,KPX0036
__import__.stock_production_lot_KPX005N_2457745,2019-11-30 00:00:00,229,__import__.product_2457745,KPX005N
__import__.stock_production_lot_KPX0029_2457752,2019-06-30 00:00:00,766,__import__.product_2457752,KPX0029
__import__.stock_production_lot_KPX0046_2457752,2019-07-31 00:00:00,289,__import__.product_2457752,KPX0046
__import__.stock_production_lot_KPX008B_2457760,2020-10-31 00:00:00,271,__import__.product_2457760,KPX008B
__import__.stock_production_lot_854429_2458032,2020-12-31 00:00:00,383,__import__.product_2458032,854429
__import__.stock_production_lot_855525_2458032,2020-12-31 00:00:00,714,__import__.product_2458032,855525
__import__.stock_production_lot_855524_2458032,2020-12-31 00:00:00,823,__import__.product_2458032,855524
__import__.stock_production_lot_105909_2458115,2021-01-31 00:00:00,917,__import__.product_2458115,105909
__import__.stock_production_lot_PRR0161DA_2461325,2021-04-30 00:00:00,648,__import__.product_2461325,PRR0161DA
__import__.stock_production_lot_PRR9821AA_2461333,2021-02-28 00:00:00,742,__import__.product_2461333,PRR9821AA
__import__.stock_production_lot_DERMA088_2465011,2019-11-30 00:00:00,372,__import__.product_2465011,DERMA088
__import__.stock_production_lot_1807509_2470565,2020-04-30 00:00:00,443,__import__.product_2470565,1807509
__import__.stock_production_lot_80365_2472488,2020-02-28 00:00:00,226,__import__.product_2472488,80365
__import__.stock_production_lot_71589_2472496,2019-11-30 00:00:00,636,__import__.product_2472496,71589
__import__.stock_production_lot_8050_2475846,2023-02-28 00:00:00,555,__import__.product_2475846,8050
__import__.stock_production_lot_6HE6B_2477479,2020-08-31 00:00:00,910,__import__.product_2477479,6HE6B
__import__.stock_production_lot_6C3DA_2477495,2020-04-30 00:00:00,469,__import__.product_2477495,6C3DA
__import__.stock_production_lot_6G9YA_2477495,2020-06-30 00:00:00,448,__import__.product_2477495,6G9YA
__import__.stock_production_lot_6LN5A_2477503,2020-10-31 00:00:00,442,__import__.product_2477503,6LN5A
__import__.stock_production_lot_17K07PM_2478477,2020-11-30 00:00:00,265,__import__.product_2478477,17K07PM
__import__.stock_production_lot_17H07PM_2478477,2020-08-31 00:00:00,476,__import__.product_2478477,17H07PM
__import__.stock_production_lot_LE7940252_2479129,2020-02-28 00:00:00,787,__import__.product_2479129,LE7940252
__import__.stock_production_lot_LE7940301_2479129,2020-02-28 00:00:00,579,__import__.product_2479129,LE7940301
__import__.stock_production_lot_606501_2487189,2019-11-30 00:00:00,113,__import__.product_2487189,606501
__import__.stock_production_lot_705831_2487189,2020-08-31 00:00:00,993,__import__.product_2487189,705831
__import__.stock_production_lot_17E54_2488013,2019-05-31 00:00:00,170,__import__.product_2488013,17E54
__import__.stock_production_lot_17E54_2488021,2019-05-31 00:00:00,186,__import__.product_2488021,17E54
__import__.stock_production_lot_16G16_2488039,2019-07-31 00:00:00,986,__import__.product_2488039,16G16
__import__.stock_production_lot_17E05022_2500296,2019-05-31 00:00:00,349,__import__.product_2500296,17E05022
__import__.stock_production_lot_K0201_2502722,2019-06-30 00:00:00,262,__import__.product_2502722,K0201
__import__.stock_production_lot_A039A04_2503845,2019-11-30 00:00:00,893,__import__.product_2503845,A039A04
__import__.stock_production_lot_725733283_2504911,2022-12-31 00:00:00,999,__import__.product_2504911,725733283
__import__.stock_production_lot_800201287_2504911,2023-06-30 00:00:00,379,__import__.product_2504911,800201287
__import__.stock_production_lot_738350286_2504911,2022-12-31 00:00:00,479,__import__.product_2504911,738350286
__import__.stock_production_lot_807614288_2504911,2023-06-30 00:00:00,867,__import__.product_2504911,807614288
__import__.stock_production_lot_7C0249AS_2509776,2020-01-19 00:00:00,736,__import__.product_2509776,7C0249AS
__import__.stock_production_lot_7C0249AU_2509776,2020-01-19 00:00:00,394,__import__.product_2509776,7C0249AU
__import__.stock_production_lot_7C2720J_2509784,2020-09-24 00:00:00,425,__import__.product_2509784,7C2720J
__import__.stock_production_lot_7C0438D_2509792,2020-02-06 00:00:00,273,__import__.product_2509792,7C0438D
__import__.stock_production_lot_7C3262G_2509792,2020-11-26 00:00:00,504,__import__.product_2509792,7C3262G
__import__.stock_production_lot_7C1151J_2509800,2020-04-09 00:00:00,440,__import__.product_2509800,7C1151J
__import__.stock_production_lot_6C3525X_2509800,2019-10-11 00:00:00,734,__import__.product_2509800,6C3525X
__import__.stock_production_lot_7C1151S_2509818,2020-04-09 00:00:00,574,__import__.product_2509818,7C1151S
__import__.stock_production_lot_7C0249AK_2509826,2020-01-19 00:00:00,116,__import__.product_2509826,7C0249AK
__import__.stock_production_lot_6C3525Z_2509826,2019-10-31 00:00:00,435,__import__.product_2509826,6C3525Z
__import__.stock_production_lot_SJY397C51_2510469,2019-08-31 00:00:00,509,__import__.product_2510469,SJY397C51
__import__.stock_production_lot_6TKF_2510477,2021-02-28 00:00:00,162,__import__.product_2510477,6TKF
__import__.stock_production_lot_6P4Z_2510485,2020-12-31 00:00:00,153,__import__.product_2510485,6P4Z
__import__.stock_production_lot_SJY398E21_2510493,2019-08-31 00:00:00,156,__import__.product_2510493,SJY398E21
__import__.stock_production_lot_W053451_2510550,2019-05-31 00:00:00,802,__import__.product_2510550,W053451
__import__.stock_production_lot_W053491_2510550,2019-05-31 00:00:00,148,__import__.product_2510550,W053491
__import__.stock_production_lot_097077_2511780,2020-02-28 00:00:00,299,__import__.product_2511780,097077
__import__.stock_production_lot_097079_2511798,2020-04-30 00:00:00,152,__import__.product_2511798,097079
__import__.stock_production_lot_740361A_2518827,2019-10-31 00:00:00,574,__import__.product_2518827,740361A
__import__.stock_production_lot_803462A_2518827,2020-01-31 00:00:00,544,__import__.product_2518827,803462A
__import__.stock_production_lot_740361A_2518835,2019-10-31 00:00:00,646,__import__.product_2518835,740361A
__import__.stock_production_lot_7175603A_2518850,2019-06-30 00:00:00,380,__import__.product_2518850,7175603A
__import__.stock_production_lot_A87246_2520856,2020-06-30 00:00:00,216,__import__.product_2520856,A87246
__import__.stock_production_lot_A88090_2520856,2020-08-31 00:00:00,688,__import__.product_2520856,A88090
__import__.stock_production_lot_170650A_2520872,2019-12-31 00:00:00,809,__import__.product_2520872,170650A
__import__.stock_production_lot_799301005_2542217,2022-06-30 00:00:00,505,__import__.product_2542217,799301005
__import__.stock_production_lot_760668_2542942,2020-10-31 00:00:00,856,__import__.product_2542942,760668
__import__.stock_production_lot_1710001_2543031,2019-04-30 00:00:00,145,__import__.product_2543031,1710001
__import__.stock_production_lot_1704107_2543049,2018-11-30 00:00:00,921,__import__.product_2543049,1704107
__import__.stock_production_lot_700406287_2543073,2022-06-30 00:00:00,455,__import__.product_2543073,700406287
__import__.stock_production_lot_701624284_2543073,2022-06-30 00:00:00,196,__import__.product_2543073,701624284
__import__.stock_production_lot_800504289_2543073,2023-06-30 00:00:00,116,__import__.product_2543073,800504289
__import__.stock_production_lot_810086_2545267,2020-08-31 00:00:00,851,__import__.product_2545267,810086
__import__.stock_production_lot_816360A_2549418,2020-04-30 00:00:00,318,__import__.product_2549418,816360A
__import__.stock_production_lot_094995_2549442,2020-05-31 00:00:00,668,__import__.product_2549442,094995
__import__.stock_production_lot_404D7AD_2552271,2019-10-31 00:00:00,186,__import__.product_2552271,404D7AD
__import__.stock_production_lot_534E7AB_2552271,2019-11-30 00:00:00,829,__import__.product_2552271,534E7AB
__import__.stock_production_lot_762H7AB_2552271,2020-01-31 00:00:00,448,__import__.product_2552271,762H7AB
__import__.stock_production_lot_170694H_2553196,2020-09-30 00:00:00,206,__import__.product_2553196,170694H
__import__.stock_production_lot_170858A_2553212,2020-04-30 00:00:00,883,__import__.product_2553212,170858A
__import__.stock_production_lot_162024F_2553212,2019-09-30 00:00:00,676,__import__.product_2553212,162024F
__import__.stock_production_lot_161181A_2553238,2019-04-30 00:00:00,487,__import__.product_2553238,161181A
__import__.stock_production_lot_KP0C0BF_2554509,2020-01-31 00:00:00,137,__import__.product_2554509,KP0C0BF
__import__.stock_production_lot_KP0CGDF_2554517,2020-09-30 00:00:00,662,__import__.product_2554517,KP0CGDF
__import__.stock_production_lot_KP0CVFN_2554517,2020-12-31 00:00:00,430,__import__.product_2554517,KP0CVFN
__import__.stock_production_lot_40016_2555183,2020-08-21 00:00:00,868,__import__.product_2555183,40016
__import__.stock_production_lot_17C233_2561157,2020-02-28 00:00:00,538,__import__.product_2561157,17C233
__import__.stock_production_lot_16C167_2561165,2019-02-28 00:00:00,294,__import__.product_2561165,16C167
__import__.stock_production_lot_18B135_2561173,2021-01-31 00:00:00,683,__import__.product_2561173,18B135
__import__.stock_production_lot_15J158_2561181,2018-09-30 00:00:00,366,__import__.product_2561181,15J158
__import__.stock_production_lot_EM07817_2563401,2019-06-30 00:00:00,341,__import__.product_2563401,EM07817
__import__.stock_production_lot_EM07917_2563401,2019-06-30 00:00:00,697,__import__.product_2563401,EM07917
__import__.stock_production_lot_18057KA0_2564730,2019-05-15 00:00:00,416,__import__.product_2564730,18057KA0
__import__.stock_production_lot_26782A17_2565554,2021-04-30 00:00:00,248,__import__.product_2565554,26782A17
__import__.stock_production_lot_17C293_2565596,2020-02-28 00:00:00,232,__import__.product_2565596,17C293
__import__.stock_production_lot_A711_2568780,2020-10-31 00:00:00,329,__import__.product_2568780,A711
__import__.stock_production_lot_A711_2568798,2020-10-31 00:00:00,863,__import__.product_2568798,A711
__import__.stock_production_lot_KP0CD4K_2568822,2019-12-31 00:00:00,296,__import__.product_2568822,KP0CD4K
__import__.stock_production_lot_171024_2572832,2020-10-24 00:00:00,316,__import__.product_2572832,171024
__import__.stock_production_lot_180316_2572832,2021-03-16 00:00:00,918,__import__.product_2572832,180316
__import__.stock_production_lot_18B26641_2573434,2021-02-28 00:00:00,452,__import__.product_2573434,18B26641
__import__.stock_production_lot_27401_2575421,2020-09-30 00:00:00,537,__import__.product_2575421,27401
__import__.stock_production_lot_26448_2575439,2019-10-31 00:00:00,723,__import__.product_2575439,26448
__import__.stock_production_lot_26634_2575439,2020-03-31 00:00:00,342,__import__.product_2575439,26634
__import__.stock_production_lot_6LH8_2576874,2019-04-30 00:00:00,269,__import__.product_2576874,6LH8
__import__.stock_production_lot_17H10B_2578326,2020-08-31 00:00:00,139,__import__.product_2578326,17H10B
__import__.stock_production_lot_KP0CSN2_2581965,2020-07-31 00:00:00,803,__import__.product_2581965,KP0CSN2
__import__.stock_production_lot_KP0CWAB_2582039,2020-07-31 00:00:00,295,__import__.product_2582039,KP0CWAB
__import__.stock_production_lot_097101_2582385,2019-04-30 00:00:00,308,__import__.product_2582385,097101
__import__.stock_production_lot_175031_2582578,2019-06-13 00:00:00,276,__import__.product_2582578,175031
__import__.stock_production_lot_180232_2582578,2019-07-10 00:00:00,695,__import__.product_2582578,180232
__import__.stock_production_lot_181230_2582578,2019-09-20 00:00:00,665,__import__.product_2582578,181230
__import__.stock_production_lot_K21020B18_2582740,2020-04-30 00:00:00,178,__import__.product_2582740,K21020B18
__import__.stock_production_lot_K2106019_2582740,2020-11-30 00:00:00,390,__import__.product_2582740,K2106019
__import__.stock_production_lot_745461A_2582757,2019-11-30 00:00:00,671,__import__.product_2582757,745461A
__import__.stock_production_lot_745460F_2582757,2019-11-30 00:00:00,947,__import__.product_2582757,745460F
__import__.stock_production_lot_099755_2582823,2020-04-30 00:00:00,166,__import__.product_2582823,099755
__import__.stock_production_lot_100979_2582823,2020-06-30 00:00:00,714,__import__.product_2582823,100979
__import__.stock_production_lot_AL617389DD_2583953,2019-03-31 00:00:00,518,__import__.product_2583953,AL617389DD
__import__.stock_production_lot_AL633635CH_2583953,2019-03-31 00:00:00,689,__import__.product_2583953,AL633635CH
__import__.stock_production_lot_AL606257CR_2583979,2020-05-31 00:00:00,769,__import__.product_2583979,AL606257CR
__import__.stock_production_lot_AL716319JD_2583987,2019-10-31 00:00:00,648,__import__.product_2583987,AL716319JD
__import__.stock_production_lot_AL716319HH_2583987,2019-10-31 00:00:00,128,__import__.product_2583987,AL716319HH
__import__.stock_production_lot_175052BS04_2586683,2022-07-31 00:00:00,639,__import__.product_2586683,175052BS04
__import__.stock_production_lot_18A22071_2586717,2021-01-31 00:00:00,290,__import__.product_2586717,18A22071
__import__.stock_production_lot_GYR056BB_2591766,2020-05-31 00:00:00,870,__import__.product_2591766,GYR056BB
__import__.stock_production_lot_6450615_2595502,2018-07-31 00:00:00,972,__import__.product_2595502,6450615
__import__.stock_production_lot_A028A01_2595759,2019-01-31 00:00:00,617,__import__.product_2595759,A028A01
__import__.stock_production_lot_GA6955_2597250,2019-01-31 00:00:00,419,__import__.product_2597250,GA6955
__import__.stock_production_lot_KP0CS55_2598332,2021-08-31 00:00:00,658,__import__.product_2598332,KP0CS55
__import__.stock_production_lot_6G9YB_2599827,2020-06-30 00:00:00,914,__import__.product_2599827,6G9YB
__import__.stock_production_lot_6MASA_2599850,2020-10-31 00:00:00,268,__import__.product_2599850,6MASA
__import__.stock_production_lot_161488B_2601243,2019-10-31 00:00:00,368,__import__.product_2601243,161488B
__import__.stock_production_lot_161796B_2601268,2019-10-31 00:00:00,750,__import__.product_2601268,161796B
__import__.stock_production_lot_713191B_2604957,2019-04-30 00:00:00,718,__import__.product_2604957,713191B
__import__.stock_production_lot_736493G_2604965,2019-03-31 00:00:00,774,__import__.product_2604965,736493G
__import__.stock_production_lot_726591B_2604973,2018-12-31 00:00:00,166,__import__.product_2604973,726591B
__import__.stock_production_lot_811492P_2604981,2019-09-30 00:00:00,465,__import__.product_2604981,811492P
__import__.stock_production_lot_7281931_2605061,2019-01-31 00:00:00,785,__import__.product_2605061,7281931
__import__.stock_production_lot_LE7525251_2605228,2019-12-31 00:00:00,165,__import__.product_2605228,LE7525251
__import__.stock_production_lot_Z519201_2612018,2020-02-29 00:00:00,780,__import__.product_2612018,Z519201
__import__.stock_production_lot_875DA_2612026,2019-08-31 00:00:00,974,__import__.product_2612026,875DA
__import__.stock_production_lot_723DA_2612042,2019-07-31 00:00:00,148,__import__.product_2612042,723DA
__import__.stock_production_lot_714DB_2612059,2019-06-30 00:00:00,486,__import__.product_2612059,714DB
__import__.stock_production_lot_913DA_2612067,2019-09-30 00:00:00,724,__import__.product_2612067,913DA
__import__.stock_production_lot_160041014_2615292,2019-01-31 00:00:00,328,__import__.product_2615292,160041014
__import__.stock_production_lot_6LBLA_2617231,2019-10-31 00:00:00,467,__import__.product_2617231,6LBLA
__import__.stock_production_lot_6LBMC_2617256,2019-10-31 00:00:00,149,__import__.product_2617256,6LBMC
__import__.stock_production_lot_6MHVA_2617272,2019-11-30 00:00:00,140,__import__.product_2617272,6MHVA
__import__.stock_production_lot_6CMM_2617330,2019-04-30 00:00:00,249,__import__.product_2617330,6CMM
__import__.stock_production_lot_6U2NA_2617348,2020-03-31 00:00:00,935,__import__.product_2617348,6U2NA
__import__.stock_production_lot_64TW_2617363,2019-12-31 00:00:00,554,__import__.product_2617363,64TW
__import__.stock_production_lot_5XUD_2617371,2019-08-31 00:00:00,693,__import__.product_2617371,5XUD
__import__.stock_production_lot_6DFR_2617389,2020-05-31 00:00:00,656,__import__.product_2617389,6DFR
__import__.stock_production_lot_6SK5_2617389,2021-02-28 00:00:00,821,__import__.product_2617389,6SK5
__import__.stock_production_lot_5DFR_2617389,2020-05-31 00:00:00,937,__import__.product_2617389,5DFR
__import__.stock_production_lot_6ASZ_2617397,2019-03-31 00:00:00,829,__import__.product_2617397,6ASZ
__import__.stock_production_lot_17AQ211_2619278,2019-12-31 00:00:00,214,__import__.product_2619278,17AQ211
__import__.stock_production_lot_224A3_2620573,2020-01-31 00:00:00,403,__import__.product_2620573,224A3
__import__.stock_production_lot_235A1_2620573,2020-06-30 00:00:00,506,__import__.product_2620573,235A1
__import__.stock_production_lot_237A2_2620573,2020-07-31 00:00:00,992,__import__.product_2620573,237A2
__import__.stock_production_lot_230A5_2620581,2020-04-30 00:00:00,919,__import__.product_2620581,230A5
__import__.stock_production_lot_239A1_2620581,2020-09-30 00:00:00,747,__import__.product_2620581,239A1
__import__.stock_production_lot_LE7198024_2624229,2020-12-31 00:00:00,687,__import__.product_2624229,LE7198024
__import__.stock_production_lot_C830730_2624237,2021-06-30 00:00:00,468,__import__.product_2624237,C830730
__import__.stock_production_lot_J380103_2624286,2020-08-31 00:00:00,139,__import__.product_2624286,J380103
__import__.stock_production_lot_109105_2625341,2018-10-31 00:00:00,377,__import__.product_2625341,109105
__import__.stock_production_lot_0020118_2625341,2021-01-31 00:00:00,169,__import__.product_2625341,0020118
__import__.stock_production_lot_17H17_2626885,2020-08-17 00:00:00,674,__import__.product_2626885,17H17
__import__.stock_production_lot_16J36_2626893,2019-10-31 00:00:00,532,__import__.product_2626893,16J36
__import__.stock_production_lot_M013_2626927,2020-03-31 00:00:00,402,__import__.product_2626927,M013
__import__.stock_production_lot_117339_2627263,2019-12-31 00:00:00,708,__import__.product_2627263,117339
__import__.stock_production_lot_117113_2627271,2019-04-30 00:00:00,842,__import__.product_2627271,117113
__import__.stock_production_lot_E33176K_2630929,2019-04-30 00:00:00,505,__import__.product_2630929,E33176K
__import__.stock_production_lot_2017C21_2634657,2020-03-31 00:00:00,399,__import__.product_2634657,2017C21
__import__.stock_production_lot_170665C_2637551,2020-10-31 00:00:00,754,__import__.product_2637551,170665C
__import__.stock_production_lot_170665D_2637569,2020-10-31 00:00:00,372,__import__.product_2637569,170665D
__import__.stock_production_lot_170612C_2637577,2019-09-30 00:00:00,988,__import__.product_2637577,170612C
__import__.stock_production_lot_170614A_2637593,2019-11-30 00:00:00,441,__import__.product_2637593,170614A
__import__.stock_production_lot_17I2204C5_2643245,2019-09-30 00:00:00,741,__import__.product_2643245,17I2204C5
__import__.stock_production_lot_17J2704C3_2643245,2019-10-31 00:00:00,890,__import__.product_2643245,17J2704C3
__import__.stock_production_lot_7E1643H_2646300,2020-05-31 00:00:00,102,__import__.product_2646300,7E1643H
__import__.stock_production_lot_T10948_2648079,2019-07-31 00:00:00,489,__import__.product_2648079,T10948
__import__.stock_production_lot_53962_2648962,2020-05-31 00:00:00,524,__import__.product_2648962,53962
__import__.stock_production_lot_54065_2648962,2020-08-31 00:00:00,634,__import__.product_2648962,54065
__import__.stock_production_lot_5X241_2650349,2019-07-23 00:00:00,468,__import__.product_2650349,5X241
__import__.stock_production_lot_4X314_2650372,2019-03-24 00:00:00,269,__import__.product_2650372,4X314
__import__.stock_production_lot_102530_2650471,2019-07-31 00:00:00,133,__import__.product_2650471,102530
__import__.stock_production_lot_104965_2650471,2020-01-15 00:00:00,142,__import__.product_2650471,104965
__import__.stock_production_lot_103633_2650497,2019-10-14 00:00:00,438,__import__.product_2650497,103633
__import__.stock_production_lot_749092_2655116,2019-12-31 00:00:00,415,__import__.product_2655116,749092
__import__.stock_production_lot_603103_2655116,2020-11-30 00:00:00,470,__import__.product_2655116,603103
__import__.stock_production_lot_8043_2655124,2019-03-31 00:00:00,866,__import__.product_2655124,8043
__import__.stock_production_lot_9602_2655124,2019-10-31 00:00:00,386,__import__.product_2655124,9602
__import__.stock_production_lot_8C0293C_2655280,2020-12-21 00:00:00,409,__import__.product_2655280,8C0293C
__import__.stock_production_lot_KP0CSE5_2656742,2020-11-30 00:00:00,515,__import__.product_2656742,KP0CSE5
__import__.stock_production_lot_KP0CJRV_2656759,2020-10-31 00:00:00,257,__import__.product_2656759,KP0CJRV
__import__.stock_production_lot_KP0CT2H_2656783,2020-11-30 00:00:00,510,__import__.product_2656783,KP0CT2H
__import__.stock_production_lot_KP0D19R_2656783,2021-02-28 00:00:00,860,__import__.product_2656783,KP0D19R
__import__.stock_production_lot_W14701_2657831,2020-08-31 00:00:00,384,__import__.product_2657831,W14701
__import__.stock_production_lot_A461A01_2658607,2020-11-30 00:00:00,510,__import__.product_2658607,A461A01
__import__.stock_production_lot_810194G_2658615,2020-03-31 00:00:00,529,__import__.product_2658615,810194G
__import__.stock_production_lot_082022_2659134,2022-08-31 00:00:00,626,__import__.product_2659134,082022
__import__.stock_production_lot_JN_2663573,2020-01-31 00:00:00,554,__import__.product_2663573,JN
__import__.stock_production_lot_KD_2663573,2020-07-31 00:00:00,332,__import__.product_2663573,KD
__import__.stock_production_lot_103423_2664480,2019-08-31 00:00:00,746,__import__.product_2664480,103423
__import__.stock_production_lot_103108_2664498,2019-07-31 00:00:00,416,__import__.product_2664498,103108
__import__.stock_production_lot_300919_2665297,2019-09-30 00:00:00,923,__import__.product_2665297,300919
__import__.stock_production_lot_906DC_2669612,2019-09-30 00:00:00,816,__import__.product_2669612,906DC
__import__.stock_production_lot_T96992_2669612,2020-09-30 00:00:00,467,__import__.product_2669612,T96992
__import__.stock_production_lot_T88914_2669620,2020-04-30 00:00:00,135,__import__.product_2669620,T88914
__import__.stock_production_lot_W00848_2669638,2020-04-30 00:00:00,698,__import__.product_2669638,W00848
__import__.stock_production_lot_104558_2672418,2020-12-31 00:00:00,664,__import__.product_2672418,104558
__import__.stock_production_lot_J016_2672616,2018-09-30 00:00:00,834,__import__.product_2672616,J016
__import__.stock_production_lot_18A15111_2673929,2021-01-31 00:00:00,556,__import__.product_2673929,18A15111
__import__.stock_production_lot_17L21021_2673973,2020-12-31 00:00:00,298,__import__.product_2673973,17L21021
__import__.stock_production_lot_27097_2675288,2019-07-31 00:00:00,457,__import__.product_2675288,27097
__import__.stock_production_lot_LE8023404_2675981,2020-06-30 00:00:00,251,__import__.product_2675981,LE8023404
__import__.stock_production_lot_C696104_2675999,2019-05-31 00:00:00,414,__import__.product_2675999,C696104
__import__.stock_production_lot_KP0CUS6_2679157,2020-12-31 00:00:00,320,__import__.product_2679157,KP0CUS6
__import__.stock_production_lot_AL865366D_2680544,2019-10-31 00:00:00,550,__import__.product_2680544,AL865366D
__import__.stock_production_lot_AL876564DC_2680551,2019-11-30 00:00:00,526,__import__.product_2680551,AL876564DC
__import__.stock_production_lot_1772734_2684884,2020-03-31 00:00:00,882,__import__.product_2684884,1772734
__import__.stock_production_lot_759629_2685030,2019-08-31 00:00:00,850,__import__.product_2685030,759629
__import__.stock_production_lot_370A1_2686533,2019-11-30 00:00:00,438,__import__.product_2686533,370A1
__import__.stock_production_lot_378A1_2686533,2019-11-30 00:00:00,942,__import__.product_2686533,378A1
__import__.stock_production_lot_372A1_2686541,2019-10-31 00:00:00,660,__import__.product_2686541,372A1
__import__.stock_production_lot_KP0CAG8_2687291,2022-04-30 00:00:00,746,__import__.product_2687291,KP0CAG8
__import__.stock_production_lot_300919_2687853,2019-09-30 00:00:00,456,__import__.product_2687853,300919
__import__.stock_production_lot_310819_2687887,2019-08-31 00:00:00,107,__import__.product_2687887,310819
__import__.stock_production_lot_300919_2687887,2019-09-30 00:00:00,208,__import__.product_2687887,300919
__import__.stock_production_lot_311019_2687887,2019-10-31 00:00:00,821,__import__.product_2687887,311019
__import__.stock_production_lot_301119_2687887,2019-11-30 00:00:00,529,__import__.product_2687887,301119
__import__.stock_production_lot_300419_2687895,2019-04-30 00:00:00,175,__import__.product_2687895,300419
__import__.stock_production_lot_310719_2687895,2019-07-31 00:00:00,388,__import__.product_2687895,310719
__import__.stock_production_lot_310819_2687895,2019-08-31 00:00:00,557,__import__.product_2687895,310819
__import__.stock_production_lot_311019_2687895,2019-10-31 00:00:00,857,__import__.product_2687895,311019
__import__.stock_production_lot_310719_2687929,2019-07-31 00:00:00,347,__import__.product_2687929,310719
__import__.stock_production_lot_310519_2687937,2019-05-31 00:00:00,783,__import__.product_2687937,310519
__import__.stock_production_lot_ZAN06901_2690071,2019-08-31 00:00:00,157,__import__.product_2690071,ZAN06901
__import__.stock_production_lot_ZAN08201_2690071,2019-09-30 00:00:00,117,__import__.product_2690071,ZAN08201
__import__.stock_production_lot_7279106_2691368,2019-11-30 00:00:00,147,__import__.product_2691368,7279106
__import__.stock_production_lot_6MS8_2691723,2019-09-30 00:00:00,235,__import__.product_2691723,6MS8
__import__.stock_production_lot_210AE_2700680,2020-04-30 00:00:00,338,__import__.product_2700680,210AE
__import__.stock_production_lot_17G03_2703239,2020-07-03 00:00:00,130,__import__.product_2703239,17G03
__import__.stock_production_lot_17G07_2703262,2020-07-07 00:00:00,404,__import__.product_2703262,17G07
__import__.stock_production_lot_6TEW_2709707,2019-12-31 00:00:00,744,__import__.product_2709707,6TEW
__import__.stock_production_lot_6TEL_2709715,2019-12-31 00:00:00,300,__import__.product_2709715,6TEL
__import__.stock_production_lot_6NB5_2709822,2019-10-31 00:00:00,913,__import__.product_2709822,6NB5
__import__.stock_production_lot_6UGF_2709822,2020-02-28 00:00:00,958,__import__.product_2709822,6UGF
__import__.stock_production_lot_6N991_2710507,2020-03-04 00:00:00,808,__import__.product_2710507,6N991
__import__.stock_production_lot_6D071_2710515,2020-01-18 00:00:00,610,__import__.product_2710515,6D071
__import__.stock_production_lot_170974B_2710796,2019-11-30 00:00:00,851,__import__.product_2710796,170974B
__import__.stock_production_lot_170972D_2710804,2019-10-31 00:00:00,718,__import__.product_2710804,170972D
__import__.stock_production_lot_17A052_2710846,2020-12-31 00:00:00,131,__import__.product_2710846,17A052
__import__.stock_production_lot_216A1_2713998,2021-01-31 00:00:00,356,__import__.product_2713998,216A1
__import__.stock_production_lot_162A4_2716843,2020-12-31 00:00:00,607,__import__.product_2716843,162A4
__import__.stock_production_lot_149AAD_2716850,2019-02-28 00:00:00,396,__import__.product_2716850,149AAD
__import__.stock_production_lot_EU1707_2717429,2020-08-31 00:00:00,159,__import__.product_2717429,EU1707
__import__.stock_production_lot_EU1801_2717437,2020-12-31 00:00:00,758,__import__.product_2717437,EU1801
__import__.stock_production_lot_EU1802_2717445,2020-12-31 00:00:00,978,__import__.product_2717445,EU1802
__import__.stock_production_lot_17K0902D1_2718229,2022-11-30 00:00:00,533,__import__.product_2718229,17K0902D1
__import__.stock_production_lot_L2101922_2719110,2021-03-31 00:00:00,150,__import__.product_2719110,L2101922
__import__.stock_production_lot_KP0CERG_2720704,2022-02-28 00:00:00,422,__import__.product_2720704,KP0CERG
__import__.stock_production_lot_016015_2720779,2021-08-30 00:00:00,259,__import__.product_2720779,016015
__import__.stock_production_lot_17I204_2725166,2020-08-31 00:00:00,877,__import__.product_2725166,17I204
__import__.stock_production_lot_18B062_2725216,2021-01-31 00:00:00,255,__import__.product_2725216,18B062
__import__.stock_production_lot_17CQ165_2726370,2019-02-28 00:00:00,199,__import__.product_2726370,17CQ165
__import__.stock_production_lot_17FQ113_2726370,2019-05-31 00:00:00,326,__import__.product_2726370,17FQ113
__import__.stock_production_lot_736496A_2727253,2019-05-31 00:00:00,733,__import__.product_2727253,736496A
__import__.stock_production_lot_161458H_2727600,2019-06-30 00:00:00,853,__import__.product_2727600,161458H
__import__.stock_production_lot_170540C_2727626,2020-11-30 00:00:00,596,__import__.product_2727626,170540C
__import__.stock_production_lot_0091823479_2729317,2019-05-31 00:00:00,461,__import__.product_2729317,0091823479
__import__.stock_production_lot_0671824510_2729317,2019-07-31 00:00:00,952,__import__.product_2729317,0671824510
__import__.stock_production_lot_6790217_2730984,2020-03-31 00:00:00,237,__import__.product_2730984,6790217
__import__.stock_production_lot_310819_2732931,2019-08-31 00:00:00,372,__import__.product_2732931,310819
__import__.stock_production_lot_310519_2732949,2019-05-31 00:00:00,607,__import__.product_2732949,310519
__import__.stock_production_lot_301119_2732972,2019-11-30 00:00:00,329,__import__.product_2732972,301119
__import__.stock_production_lot_301119_2732980,2019-11-30 00:00:00,765,__import__.product_2732980,301119
__import__.stock_production_lot_311019_2733020,2019-10-31 00:00:00,150,__import__.product_2733020,311019
__import__.stock_production_lot_1710_2735983,2019-05-31 00:00:00,639,__import__.product_2735983,1710
__import__.stock_production_lot_311218_2736072,2018-12-31 00:00:00,117,__import__.product_2736072,311218
__import__.stock_production_lot_310819_2736072,2019-08-31 00:00:00,543,__import__.product_2736072,310819
__import__.stock_production_lot_310719_2736106,2019-07-31 00:00:00,614,__import__.product_2736106,310719
__import__.stock_production_lot_34B1_2736122,2020-05-31 00:00:00,982,__import__.product_2736122,34B1
__import__.stock_production_lot_311218_2736809,2018-12-31 00:00:00,391,__import__.product_2736809,311218
__import__.stock_production_lot_310519_2736809,2019-05-31 00:00:00,211,__import__.product_2736809,310519
__import__.stock_production_lot_310819_2736809,2019-08-31 00:00:00,370,__import__.product_2736809,310819
__import__.stock_production_lot_KP0C248_2737583,2019-09-30 00:00:00,307,__import__.product_2737583,KP0C248
__import__.stock_production_lot_KP0BFV3_2737609,2018-11-30 00:00:00,565,__import__.product_2737609,KP0BFV3
__import__.stock_production_lot_KP0CRUN_2737625,2020-08-31 00:00:00,438,__import__.product_2737625,KP0CRUN
__import__.stock_production_lot_KP0CAV5_2737682,2019-11-30 00:00:00,219,__import__.product_2737682,KP0CAV5
__import__.stock_production_lot_KP0CCAV5_2737682,2019-11-30 00:00:00,618,__import__.product_2737682,KP0CCAV5
__import__.stock_production_lot_KP0CPZW_2737690,2020-05-31 00:00:00,818,__import__.product_2737690,KP0CPZW
__import__.stock_production_lot_17I04110_2738268,2022-09-30 00:00:00,809,__import__.product_2738268,17I04110
__import__.stock_production_lot_301119_2739985,2019-11-30 00:00:00,914,__import__.product_2739985,301119
__import__.stock_production_lot_311219_2739985,2019-12-31 00:00:00,920,__import__.product_2739985,311219
__import__.stock_production_lot_J33405C_2744498,2019-09-30 00:00:00,671,__import__.product_2744498,J33405C
__import__.stock_production_lot_I33355A_2744506,2019-03-31 00:00:00,269,__import__.product_2744506,I33355A
__import__.stock_production_lot_54G11_2745305,2020-07-31 00:00:00,323,__import__.product_2745305,54G11
__import__.stock_production_lot_C118062_2746485,2020-03-31 00:00:00,383,__import__.product_2746485,C118062
__import__.stock_production_lot_C217268_2746493,2019-11-30 00:00:00,681,__import__.product_2746493,C217268
__import__.stock_production_lot_C118071_2746493,2020-03-31 00:00:00,222,__import__.product_2746493,C118071
__import__.stock_production_lot_C217262_2746501,2019-11-30 00:00:00,452,__import__.product_2746501,C217262
__import__.stock_production_lot_C217264_2746501,2019-11-30 00:00:00,834,__import__.product_2746501,C217264
__import__.stock_production_lot_K2400349_2747897,2019-06-30 00:00:00,565,__import__.product_2747897,K2400349
__import__.stock_production_lot_0173683_2749299,2021-01-31 00:00:00,111,__import__.product_2749299,0173683
__import__.stock_production_lot_0605FG1B_2751410,2019-05-11 00:00:00,250,__import__.product_2751410,0605FG1B
__import__.stock_production_lot_0807FG1C_2751410,2019-07-13 00:00:00,661,__import__.product_2751410,0807FG1C
__import__.stock_production_lot_101057_2755429,2020-11-30 00:00:00,654,__import__.product_2755429,101057
__import__.stock_production_lot_P103415_2761427,2020-08-31 00:00:00,919,__import__.product_2761427,P103415
__import__.stock_production_lot_P102827_2761435,2020-05-31 00:00:00,971,__import__.product_2761435,P102827
__import__.stock_production_lot_KP0C3GU_2764090,2022-03-31 00:00:00,960,__import__.product_2764090,KP0C3GU
__import__.stock_production_lot_KP0C6T2_2764108,2022-03-31 00:00:00,446,__import__.product_2764108,KP0C6T2
__import__.stock_production_lot_KP0BZT0_2764116,2021-11-30 00:00:00,718,__import__.product_2764116,KP0BZT0
__import__.stock_production_lot_KP0C43P_2764124,2022-03-31 00:00:00,195,__import__.product_2764124,KP0C43P
__import__.stock_production_lot_118AAG_2766079,2020-03-31 00:00:00,343,__import__.product_2766079,118AAG
__import__.stock_production_lot_173421_2768026,2019-10-31 00:00:00,301,__import__.product_2768026,173421
__import__.stock_production_lot_1773_2768596,2020-07-31 00:00:00,280,__import__.product_2768596,1773
__import__.stock_production_lot_TJY399C21_2768752,2019-08-31 00:00:00,679,__import__.product_2768752,TJY399C21
__import__.stock_production_lot_KP0BGBK_2769032,2019-04-30 00:00:00,393,__import__.product_2769032,KP0BGBK
__import__.stock_production_lot_310819_2769103,2019-08-31 00:00:00,369,__import__.product_2769103,310819
__import__.stock_production_lot_310119_2769202,2019-01-31 00:00:00,623,__import__.product_2769202,310119
__import__.stock_production_lot_300919_2769202,2019-09-30 00:00:00,297,__import__.product_2769202,300919
__import__.stock_production_lot_301119_2769202,2019-11-30 00:00:00,807,__import__.product_2769202,301119
__import__.stock_production_lot_6770118_2769297,2020-12-31 00:00:00,203,__import__.product_2769297,6770118
__import__.stock_production_lot_A65547_2769369,2019-03-31 00:00:00,446,__import__.product_2769369,A65547
__import__.stock_production_lot_6JHGA_2769388,2019-09-30 00:00:00,126,__import__.product_2769388,6JHGA
__import__.stock_production_lot_300619_2769608,2019-06-30 00:00:00,529,__import__.product_2769608,300619
__import__.stock_production_lot_310819_2769608,2019-08-31 00:00:00,487,__import__.product_2769608,310819
__import__.stock_production_lot_300919_2769608,2019-09-30 00:00:00,788,__import__.product_2769608,300919
__import__.stock_production_lot_301119_2769608,2019-11-30 00:00:00,688,__import__.product_2769608,301119
__import__.stock_production_lot_310819_2770109,2019-08-31 00:00:00,548,__import__.product_2770109,310819
__import__.stock_production_lot_301119_2770109,2019-11-30 00:00:00,463,__import__.product_2770109,301119
__import__.stock_production_lot_310819_2770307,2019-08-31 00:00:00,780,__import__.product_2770307,310819
__import__.stock_production_lot_6LSA_2783363,2019-09-30 00:00:00,212,__import__.product_2783363,6LSA
__import__.stock_production_lot_17EQ00801_2786853,2020-04-30 00:00:00,856,__import__.product_2786853,17EQ00801
__import__.stock_production_lot_70804CA_2788917,2021-07-31 00:00:00,403,__import__.product_2788917,70804CA
__import__.stock_production_lot_70425BA_2788958,2021-03-31 00:00:00,653,__import__.product_2788958,70425BA
__import__.stock_production_lot_60431K0_2788966,2020-03-31 00:00:00,179,__import__.product_2788966,60431K0
__import__.stock_production_lot_50733E0_2788966,2019-06-30 00:00:00,233,__import__.product_2788966,50733E0
__import__.stock_production_lot_70411KA_2788982,2021-03-31 00:00:00,152,__import__.product_2788982,70411KA
__import__.stock_production_lot_70804AA_2789030,2021-07-31 00:00:00,110,__import__.product_2789030,70804AA
__import__.stock_production_lot_70438DA_2789048,2021-03-31 00:00:00,589,__import__.product_2789048,70438DA
__import__.stock_production_lot_097092_2792133,2019-03-31 00:00:00,308,__import__.product_2792133,097092
__import__.stock_production_lot_700642_2794212,2019-07-31 00:00:00,950,__import__.product_2794212,700642
__import__.stock_production_lot_D32192_2797231,2020-08-31 00:00:00,552,__import__.product_2797231,D32192
__import__.stock_production_lot_0170258_2797249,2019-03-31 00:00:00,690,__import__.product_2797249,0170258
__import__.stock_production_lot_6075770_2799203,2022-10-31 00:00:00,868,__import__.product_2799203,6075770
__import__.stock_production_lot_17H34_2811388,2020-08-31 00:00:00,402,__import__.product_2811388,17H34
__import__.stock_production_lot_17H34_2811396,2020-08-31 00:00:00,239,__import__.product_2811396,17H34
__import__.stock_production_lot_17C74_2811404,2019-03-31 00:00:00,612,__import__.product_2811404,17C74
__import__.stock_production_lot_17C74_2811412,2019-03-31 00:00:00,506,__import__.product_2811412,17C74
__import__.stock_production_lot_17K13_2811412,2019-11-30 00:00:00,415,__import__.product_2811412,17K13
__import__.stock_production_lot_17C77_2811420,2020-03-31 00:00:00,616,__import__.product_2811420,17C77
__import__.stock_production_lot_17H38_2811420,2020-08-31 00:00:00,237,__import__.product_2811420,17H38
__import__.stock_production_lot_17C77_2811438,2020-03-31 00:00:00,580,__import__.product_2811438,17C77
__import__.stock_production_lot_219A1_2814986,2020-08-31 00:00:00,245,__import__.product_2814986,219A1
__import__.stock_production_lot_232A2_2815017,2020-10-31 00:00:00,824,__import__.product_2815017,232A2
__import__.stock_production_lot_205A5_2815058,2018-11-30 00:00:00,335,__import__.product_2815058,205A5
__import__.stock_production_lot_230A16_2815058,2020-07-31 00:00:00,315,__import__.product_2815058,230A16
__import__.stock_production_lot_C1218012251_2816395,2020-01-31 00:00:00,731,__import__.product_2816395,C1218012251
__import__.stock_production_lot_C1218020151_2816395,2020-02-28 00:00:00,311,__import__.product_2816395,C1218020151
__import__.stock_production_lot_C1017092051_2816403,2019-09-30 00:00:00,215,__import__.product_2816403,C1017092051
__import__.stock_production_lot_C0818022651_2816411,2020-02-28 00:00:00,446,__import__.product_2816411,C0818022651
__import__.stock_production_lot_C0717110351_2816429,2020-11-30 00:00:00,645,__import__.product_2816429,C0717110351
__import__.stock_production_lot_C0718020651_2816429,2020-02-28 00:00:00,943,__import__.product_2816429,C0718020651
__import__.stock_production_lot_C0816121901_2816437,2018-12-31 00:00:00,157,__import__.product_2816437,C0816121901
__import__.stock_production_lot_C0818013051_2816437,2020-01-31 00:00:00,516,__import__.product_2816437,C0818013051
__import__.stock_production_lot_C0918011751_2816445,2020-01-31 00:00:00,555,__import__.product_2816445,C0918011751
__import__.stock_production_lot_C0818040451_2816452,2020-04-30 00:00:00,921,__import__.product_2816452,C0818040451
__import__.stock_production_lot_16E047_2828440,2019-04-30 00:00:00,416,__import__.product_2828440,16E047
__import__.stock_production_lot_1410991_2829695,2019-01-31 00:00:00,507,__import__.product_2829695,1410991
__import__.stock_production_lot_1522394_2829703,2019-03-31 00:00:00,609,__import__.product_2829703,1522394
__import__.stock_production_lot_1410964_2829737,2019-01-31 00:00:00,791,__import__.product_2829737,1410964
__import__.stock_production_lot_1439756_2829752,2019-02-28 00:00:00,968,__import__.product_2829752,1439756
__import__.stock_production_lot_17I134_2833614,2020-08-31 00:00:00,450,__import__.product_2833614,17I134
__import__.stock_production_lot_17L019_2833614,2020-11-30 00:00:00,224,__import__.product_2833614,17L019
__import__.stock_production_lot_54156_2836336,2020-04-11 00:00:00,336,__import__.product_2836336,54156
__import__.stock_production_lot_261625_2836492,2019-10-31 00:00:00,729,__import__.product_2836492,261625
__import__.stock_production_lot_751666F_2837078,2020-01-31 00:00:00,267,__import__.product_2837078,751666F
__import__.stock_production_lot_753012C_2837078,2020-03-31 00:00:00,687,__import__.product_2837078,753012C
__import__.stock_production_lot_760347B_2837078,2020-12-31 00:00:00,836,__import__.product_2837078,760347B
__import__.stock_production_lot_759488D_2837094,2020-08-31 00:00:00,931,__import__.product_2837094,759488D
__import__.stock_production_lot_17462406_2837243,2020-10-31 00:00:00,876,__import__.product_2837243,17462406
__import__.stock_production_lot_17452407_2837250,2020-10-31 00:00:00,956,__import__.product_2837250,17452407
__import__.stock_production_lot_18081404_2837268,2021-01-31 00:00:00,779,__import__.product_2837268,18081404
__import__.stock_production_lot_A205A03_2837581,2019-09-30 00:00:00,358,__import__.product_2837581,A205A03
__import__.stock_production_lot_S158B_2838878,2020-06-30 00:00:00,937,__import__.product_2838878,S158B
__import__.stock_production_lot_S282B_2838878,2020-10-31 00:00:00,447,__import__.product_2838878,S282B
__import__.stock_production_lot_S283B_2838886,2020-10-31 00:00:00,148,__import__.product_2838886,S283B
__import__.stock_production_lot_7C1573J_2848877,2020-05-22 00:00:00,559,__import__.product_2848877,7C1573J
__import__.stock_production_lot_7C2168K_2848877,2020-07-09 00:00:00,270,__import__.product_2848877,7C2168K
__import__.stock_production_lot_7C3028D_2849065,2020-10-26 00:00:00,724,__import__.product_2849065,7C3028D
__import__.stock_production_lot_7C3058D_2849065,2020-11-05 00:00:00,849,__import__.product_2849065,7C3058D
__import__.stock_production_lot_7C3029G_2849073,2020-10-26 00:00:00,312,__import__.product_2849073,7C3029G
__import__.stock_production_lot_7C2217E_2849081,2020-07-12 00:00:00,697,__import__.product_2849081,7C2217E
__import__.stock_production_lot_7C3029L_2849081,2020-10-26 00:00:00,318,__import__.product_2849081,7C3029L
__import__.stock_production_lot_7C3030D_2849081,2020-10-20 00:00:00,137,__import__.product_2849081,7C3030D
__import__.stock_production_lot_8C0219N_2849339,2021-01-16 00:00:00,183,__import__.product_2849339,8C0219N
__import__.stock_production_lot_7C3492E_2849354,2020-12-31 00:00:00,181,__import__.product_2849354,7C3492E
__import__.stock_production_lot_KP0CG5X_2849891,2020-08-31 00:00:00,207,__import__.product_2849891,KP0CG5X
__import__.stock_production_lot_53914_2851343,2019-10-31 00:00:00,639,__import__.product_2851343,53914
__import__.stock_production_lot_649602_2853216,2019-10-31 00:00:00,185,__import__.product_2853216,649602
__import__.stock_production_lot_732701_2853216,2020-07-31 00:00:00,273,__import__.product_2853216,732701
__import__.stock_production_lot_732701_2853224,2020-07-31 00:00:00,112,__import__.product_2853224,732701
__import__.stock_production_lot_649602_2853232,2019-10-31 00:00:00,453,__import__.product_2853232,649602
__import__.stock_production_lot_T51228_2853240,2022-03-31 00:00:00,415,__import__.product_2853240,T51228
__import__.stock_production_lot_T90744_2853257,2020-06-30 00:00:00,230,__import__.product_2853257,T90744
__import__.stock_production_lot_717535A_2853265,2018-10-31 00:00:00,444,__import__.product_2853265,717535A
__import__.stock_production_lot_728332A_2853273,2019-01-31 00:00:00,197,__import__.product_2853273,728332A
__import__.stock_production_lot_T85408_2853299,2021-02-28 00:00:00,343,__import__.product_2853299,T85408
__import__.stock_production_lot_18B1124FAX_2857945,2023-02-01 00:00:00,759,__import__.product_2857945,18B1124FAX
__import__.stock_production_lot_099370_2859122,2020-07-31 00:00:00,769,__import__.product_2859122,099370
__import__.stock_production_lot_104461_2859122,2021-01-31 00:00:00,591,__import__.product_2859122,104461
__import__.stock_production_lot_C70693_2859346,2022-09-30 00:00:00,222,__import__.product_2859346,C70693
__import__.stock_production_lot_180206504_2860179,2021-03-31 00:00:00,332,__import__.product_2860179,180206504
__import__.stock_production_lot_160720103_2860187,2019-07-31 00:00:00,311,__import__.product_2860187,160720103
__import__.stock_production_lot_96GV2S_2864163,2018-12-16 00:00:00,821,__import__.product_2864163,96GV2S
__import__.stock_production_lot_96GY7B4_2864189,2018-12-16 00:00:00,267,__import__.product_2864189,96GY7B4
__import__.stock_production_lot_17I211_2864239,2020-08-31 00:00:00,695,__import__.product_2864239,17I211
__import__.stock_production_lot_17G252_2864262,2020-06-30 00:00:00,362,__import__.product_2864262,17G252
__import__.stock_production_lot_17L133_2864262,2020-11-30 00:00:00,925,__import__.product_2864262,17L133
__import__.stock_production_lot_AL865349AA_2871564,2019-10-31 00:00:00,155,__import__.product_2871564,AL865349AA
__import__.stock_production_lot_AL865366DA_2871572,2019-10-31 00:00:00,967,__import__.product_2871572,AL865366DA
__import__.stock_production_lot_300619_2872505,2019-06-30 00:00:00,222,__import__.product_2872505,300619
__import__.stock_production_lot_310719_2872505,2019-07-31 00:00:00,128,__import__.product_2872505,310719
__import__.stock_production_lot_C69046_2874352,2020-02-28 00:00:00,149,__import__.product_2874352,C69046
__import__.stock_production_lot_17I02_2874832,2020-09-30 00:00:00,387,__import__.product_2874832,17I02
__import__.stock_production_lot_17A02_2874840,2020-01-31 00:00:00,976,__import__.product_2874840,17A02
__import__.stock_production_lot_17D30_2874857,2020-04-30 00:00:00,545,__import__.product_2874857,17D30
__import__.stock_production_lot_17I04_2874857,2020-09-30 00:00:00,485,__import__.product_2874857,17I04
__import__.stock_production_lot_17D32_2874865,2020-04-30 00:00:00,236,__import__.product_2874865,17D32
__import__.stock_production_lot_441017_2875250,2019-10-31 00:00:00,672,__import__.product_2875250,441017
__import__.stock_production_lot_6G2R_2876050,2019-04-30 00:00:00,780,__import__.product_2876050,6G2R
__import__.stock_production_lot_6U1R_2876068,2019-10-31 00:00:00,797,__import__.product_2876068,6U1R
__import__.stock_production_lot_6SCG_2876076,2019-09-30 00:00:00,517,__import__.product_2876076,6SCG
__import__.stock_production_lot_17A121_2876597,2019-12-31 00:00:00,480,__import__.product_2876597,17A121
__import__.stock_production_lot_17A131_2876597,2019-12-31 00:00:00,910,__import__.product_2876597,17A131
__import__.stock_production_lot_17L012_2876597,2020-11-30 00:00:00,400,__import__.product_2876597,17L012
__import__.stock_production_lot_17G145_2876605,2020-06-30 00:00:00,636,__import__.product_2876605,17G145
__import__.stock_production_lot_310119_2877678,2019-01-31 00:00:00,961,__import__.product_2877678,310119
__import__.stock_production_lot_310519_2877678,2019-05-31 00:00:00,775,__import__.product_2877678,310519
__import__.stock_production_lot_300419_2877702,2019-04-30 00:00:00,573,__import__.product_2877702,300419
__import__.stock_production_lot_311018_2877710,2018-10-31 00:00:00,415,__import__.product_2877710,311018
__import__.stock_production_lot_310519_2877710,2019-05-31 00:00:00,525,__import__.product_2877710,310519
__import__.stock_production_lot_310719_2877751,2019-07-31 00:00:00,864,__import__.product_2877751,310719
__import__.stock_production_lot_300919_2877751,2019-09-30 00:00:00,327,__import__.product_2877751,300919
__import__.stock_production_lot_310519_2877769,2019-05-31 00:00:00,741,__import__.product_2877769,310519
__import__.stock_production_lot_311218_2877777,2018-12-31 00:00:00,674,__import__.product_2877777,311218
__import__.stock_production_lot_280219_2877777,2019-02-28 00:00:00,334,__import__.product_2877777,280219
__import__.stock_production_lot_310719_2877777,2019-07-31 00:00:00,484,__import__.product_2877777,310719
__import__.stock_production_lot_310120_2877793,2020-01-31 00:00:00,738,__import__.product_2877793,310120
__import__.stock_production_lot_311218_2877819,2018-12-31 00:00:00,955,__import__.product_2877819,311218
__import__.stock_production_lot_300419_2877819,2019-04-30 00:00:00,480,__import__.product_2877819,300419
__import__.stock_production_lot_310821_2877819,2021-08-31 00:00:00,720,__import__.product_2877819,310821
__import__.stock_production_lot_280219_2877827,2019-02-28 00:00:00,497,__import__.product_2877827,280219
__import__.stock_production_lot_310819_2877827,2019-08-31 00:00:00,798,__import__.product_2877827,310819
__import__.stock_production_lot_300619_2877827,2019-06-30 00:00:00,119,__import__.product_2877827,300619
__import__.stock_production_lot_300919_2877835,2019-09-30 00:00:00,317,__import__.product_2877835,300919
__import__.stock_production_lot_300419_2877843,2019-04-30 00:00:00,384,__import__.product_2877843,300419
__import__.stock_production_lot_300419_2877850,2019-04-30 00:00:00,860,__import__.product_2877850,300419
__import__.stock_production_lot_310819_2877850,2019-08-31 00:00:00,742,__import__.product_2877850,310819
__import__.stock_production_lot_300919_2877850,2019-09-30 00:00:00,636,__import__.product_2877850,300919
__import__.stock_production_lot_300619_2877876,2019-06-30 00:00:00,187,__import__.product_2877876,300619
__import__.stock_production_lot_300919_2877892,2019-09-30 00:00:00,724,__import__.product_2877892,300919
__import__.stock_production_lot_310719_2877892,2019-07-31 00:00:00,175,__import__.product_2877892,310719
__import__.stock_production_lot_310819_2877892,2019-08-31 00:00:00,223,__import__.product_2877892,310819
__import__.stock_production_lot_310718_2877918,2018-07-31 00:00:00,209,__import__.product_2877918,310718
__import__.stock_production_lot_301118_2877918,2018-11-30 00:00:00,358,__import__.product_2877918,301118
__import__.stock_production_lot_310320_2877934,2020-03-31 00:00:00,942,__import__.product_2877934,310320
__import__.stock_production_lot_311018_2877975,2018-10-31 00:00:00,485,__import__.product_2877975,311018
__import__.stock_production_lot_310319_2878007,2019-03-31 00:00:00,638,__import__.product_2878007,310319
__import__.stock_production_lot_310719_2878007,2019-07-31 00:00:00,259,__import__.product_2878007,310719
__import__.stock_production_lot_301118_2878015,2018-11-30 00:00:00,572,__import__.product_2878015,301118
__import__.stock_production_lot_310319_2878015,2019-03-31 00:00:00,974,__import__.product_2878015,310319
__import__.stock_production_lot_300419_2878718,2019-04-30 00:00:00,386,__import__.product_2878718,300419
__import__.stock_production_lot_310519_2878718,2019-05-31 00:00:00,395,__import__.product_2878718,310519
__import__.stock_production_lot_101643_2879526,2020-04-30 00:00:00,439,__import__.product_2879526,101643
__import__.stock_production_lot_101635_2879534,2020-04-30 00:00:00,799,__import__.product_2879534,101635
__import__.stock_production_lot_17F18_2879542,2019-12-31 00:00:00,193,__import__.product_2879542,17F18
__import__.stock_production_lot_17F26_2879559,2019-12-31 00:00:00,526,__import__.product_2879559,17F26
__import__.stock_production_lot_I33335C_2881548,2020-08-31 00:00:00,659,__import__.product_2881548,I33335C
__import__.stock_production_lot_I33342A_2881548,2020-08-31 00:00:00,824,__import__.product_2881548,I33342A
__import__.stock_production_lot_GYP045AD_2882173,2019-03-31 00:00:00,296,__import__.product_2882173,GYP045AD
__import__.stock_production_lot_54064_2882199,2020-01-31 00:00:00,492,__import__.product_2882199,54064
__import__.stock_production_lot_A021D01_2884922,2019-10-31 00:00:00,731,__import__.product_2884922,A021D01
__import__.stock_production_lot_KP0D0NU_2885481,2021-03-31 00:00:00,289,__import__.product_2885481,KP0D0NU
__import__.stock_production_lot_KP0CLHV_2885499,2020-09-30 00:00:00,154,__import__.product_2885499,KP0CLHV
__import__.stock_production_lot_1710070S01_2886877,2019-10-31 00:00:00,728,__import__.product_2886877,1710070S01
__import__.stock_production_lot_1804044S02_2886877,2020-04-30 00:00:00,418,__import__.product_2886877,1804044S02
__import__.stock_production_lot_16H2901D1_2886885,2018-08-31 00:00:00,288,__import__.product_2886885,16H2901D1
__import__.stock_production_lot_KP0CFG4_2886943,2020-08-31 00:00:00,658,__import__.product_2886943,KP0CFG4
__import__.stock_production_lot_KP0D1G8_2886943,2021-02-28 00:00:00,340,__import__.product_2886943,KP0D1G8
__import__.stock_production_lot_8030_2888980,2018-10-31 00:00:00,383,__import__.product_2888980,8030
__import__.stock_production_lot_8318B_2888980,2019-05-31 00:00:00,353,__import__.product_2888980,8318B
__import__.stock_production_lot_8318_2888980,2019-05-31 00:00:00,976,__import__.product_2888980,8318
__import__.stock_production_lot_KP0D0BW_2890184,2023-01-31 00:00:00,945,__import__.product_2890184,KP0D0BW
__import__.stock_production_lot_KP0CPGU_2890192,2022-09-30 00:00:00,572,__import__.product_2890192,KP0CPGU
__import__.stock_production_lot_KP0CWSE_2890200,2022-12-31 00:00:00,711,__import__.product_2890200,KP0CWSE
__import__.stock_production_lot_8C0283B_2890218,2021-01-23 00:00:00,926,__import__.product_2890218,8C0283B
__import__.stock_production_lot_54076_2901189,2019-08-31 00:00:00,460,__import__.product_2901189,54076
__import__.stock_production_lot_54076_2901197,2019-08-31 00:00:00,783,__import__.product_2901197,54076
__import__.stock_production_lot_53924_2901205,2019-05-31 00:00:00,921,__import__.product_2901205,53924
__import__.stock_production_lot_A461A01_2907327,2019-11-30 00:00:00,463,__import__.product_2907327,A461A01
__import__.stock_production_lot_744590B_2907335,2019-05-31 00:00:00,450,__import__.product_2907335,744590B
__import__.stock_production_lot_746814C_2908986,2019-09-30 00:00:00,506,__import__.product_2908986,746814C
__import__.stock_production_lot_742007D_2909000,2020-10-31 00:00:00,839,__import__.product_2909000,742007D
__import__.stock_production_lot_A65116_2909091,2020-03-31 00:00:00,466,__import__.product_2909091,A65116
__import__.stock_production_lot_G74G17A_2909737,2022-06-30 00:00:00,935,__import__.product_2909737,G74G17A
__import__.stock_production_lot_A651610756_2910321,2021-10-31 00:00:00,456,__import__.product_2910321,A651610756
__import__.stock_production_lot_A63_2910339,2021-10-31 00:00:00,785,__import__.product_2910339,A63
__import__.stock_production_lot_759496H_2912517,2020-08-31 00:00:00,395,__import__.product_2912517,759496H
__import__.stock_production_lot_759488C_2912541,2020-08-31 00:00:00,305,__import__.product_2912541,759488C
__import__.stock_production_lot_57672_2913689,2021-02-28 00:00:00,548,__import__.product_2913689,57672
__import__.stock_production_lot_1017824AL_2914216,2020-09-30 00:00:00,444,__import__.product_2914216,1017824AL
__import__.stock_production_lot_117824AL_2914216,2020-09-30 00:00:00,594,__import__.product_2914216,117824AL
__import__.stock_production_lot_311219_2915411,2019-12-31 00:00:00,251,__import__.product_2915411,311219
__import__.stock_production_lot_301119_2915429,2019-11-30 00:00:00,722,__import__.product_2915429,301119
__import__.stock_production_lot_311219_2915429,2019-12-31 00:00:00,635,__import__.product_2915429,311219
__import__.stock_production_lot_311219_2915437,2019-12-31 00:00:00,964,__import__.product_2915437,311219
__import__.stock_production_lot_311219_2915445,2019-12-31 00:00:00,510,__import__.product_2915445,311219
__import__.stock_production_lot_80312DA_2917029,2021-02-28 00:00:00,300,__import__.product_2917029,80312DA
__import__.stock_production_lot_80312HA_2917037,2021-02-28 00:00:00,107,__import__.product_2917037,80312HA
__import__.stock_production_lot_7341600A_2919918,2020-08-31 00:00:00,762,__import__.product_2919918,7341600A
__import__.stock_production_lot_Z70736_2920114,2018-07-31 00:00:00,441,__import__.product_2920114,Z70736
__import__.stock_production_lot_301119_2923571,2019-11-30 00:00:00,292,__import__.product_2923571,301119
__import__.stock_production_lot_300919_2923589,2019-09-30 00:00:00,769,__import__.product_2923589,300919
__import__.stock_production_lot_301119_2923589,2019-11-30 00:00:00,690,__import__.product_2923589,301119
__import__.stock_production_lot_310320_2923589,2020-03-31 00:00:00,500,__import__.product_2923589,310320
__import__.stock_production_lot_280220_2923605,2020-02-28 00:00:00,256,__import__.product_2923605,280220
__import__.stock_production_lot_300420_2923605,2020-04-30 00:00:00,682,__import__.product_2923605,300420
__import__.stock_production_lot_300420_2923613,2020-04-30 00:00:00,307,__import__.product_2923613,300420
__import__.stock_production_lot_310320_2923621,2020-03-31 00:00:00,449,__import__.product_2923621,310320
__import__.stock_production_lot_310520_2923639,2020-05-31 00:00:00,340,__import__.product_2923639,310520
__import__.stock_production_lot_280219_2923647,2019-02-28 00:00:00,372,__import__.product_2923647,280219
__import__.stock_production_lot_311019_2923647,2019-10-31 00:00:00,352,__import__.product_2923647,311019
__import__.stock_production_lot_301119_2923647,2019-11-30 00:00:00,560,__import__.product_2923647,301119
__import__.stock_production_lot_280220_2923654,2020-02-28 00:00:00,734,__import__.product_2923654,280220
__import__.stock_production_lot_310719_2923662,2019-07-31 00:00:00,805,__import__.product_2923662,310719
__import__.stock_production_lot_310120_2923662,2020-01-31 00:00:00,288,__import__.product_2923662,310120
__import__.stock_production_lot_310520_2923662,2020-05-31 00:00:00,888,__import__.product_2923662,310520
__import__.stock_production_lot_310320_2923670,2020-03-31 00:00:00,527,__import__.product_2923670,310320
__import__.stock_production_lot_300420_2923670,2020-04-30 00:00:00,535,__import__.product_2923670,300420
__import__.stock_production_lot_300420_2923688,2020-04-30 00:00:00,412,__import__.product_2923688,300420
__import__.stock_production_lot_310319_2923696,2019-03-31 00:00:00,861,__import__.product_2923696,310319
__import__.stock_production_lot_310519_2923696,2019-05-31 00:00:00,961,__import__.product_2923696,310519
__import__.stock_production_lot_310719_2923720,2019-07-31 00:00:00,979,__import__.product_2923720,310719
__import__.stock_production_lot_310320_2923720,2020-03-31 00:00:00,565,__import__.product_2923720,310320
__import__.stock_production_lot_280220_2923738,2020-02-28 00:00:00,544,__import__.product_2923738,280220
__import__.stock_production_lot_310320_2923738,2020-03-31 00:00:00,635,__import__.product_2923738,310320
__import__.stock_production_lot_27240A11_2923902,2019-06-30 00:00:00,256,__import__.product_2923902,27240A11
__import__.stock_production_lot_7E1986U_2924850,2020-06-30 00:00:00,638,__import__.product_2924850,7E1986U
__import__.stock_production_lot_7E1986W_2924868,2020-06-30 00:00:00,533,__import__.product_2924868,7E1986W
__import__.stock_production_lot_7E3000M_2924868,2020-10-31 00:00:00,421,__import__.product_2924868,7E3000M
__import__.stock_production_lot_6B2986J_2924892,2019-08-31 00:00:00,674,__import__.product_2924892,6B2986J
__import__.stock_production_lot_6B3369N_2924900,2019-09-30 00:00:00,491,__import__.product_2924900,6B3369N
__import__.stock_production_lot_7E1986AA_2924934,2020-06-30 00:00:00,974,__import__.product_2924934,7E1986AA
__import__.stock_production_lot_16D213_2926251,2019-03-31 00:00:00,246,__import__.product_2926251,16D213
__import__.stock_production_lot_16J193_2926269,2019-09-30 00:00:00,658,__import__.product_2926269,16J193
__import__.stock_production_lot_L456106_2927879,2020-04-29 00:00:00,298,__import__.product_2927879,L456106
__import__.stock_production_lot_AL822238P_2929974,2020-06-30 00:00:00,784,__import__.product_2929974,AL822238P
__import__.stock_production_lot_AL799079J_2930089,2020-04-30 00:00:00,232,__import__.product_2930089,AL799079J
__import__.stock_production_lot_168127A_2931129,2019-05-31 00:00:00,303,__import__.product_2931129,168127A
__import__.stock_production_lot_791087B_2931137,2019-02-28 00:00:00,739,__import__.product_2931137,791087B
__import__.stock_production_lot_996107B_2931145,2019-03-31 00:00:00,197,__import__.product_2931145,996107B
__import__.stock_production_lot_LC37041A_2932523,2019-04-30 00:00:00,421,__import__.product_2932523,LC37041A
__import__.stock_production_lot_LC37041A_2932531,2019-04-30 00:00:00,546,__import__.product_2932531,LC37041A
__import__.stock_production_lot_LC31410A_2932549,2019-10-31 00:00:00,627,__import__.product_2932549,LC31410A
__import__.stock_production_lot_032563_2932754,2021-01-31 00:00:00,838,__import__.product_2932754,032563
__import__.stock_production_lot_032570_2932762,2021-01-31 00:00:00,222,__import__.product_2932762,032570
__import__.stock_production_lot_A602_2933786,2019-08-31 00:00:00,475,__import__.product_2933786,A602
__import__.stock_production_lot_A601_2933786,2019-07-31 00:00:00,341,__import__.product_2933786,A601
__import__.stock_production_lot_A601_2933794,2019-07-31 00:00:00,297,__import__.product_2933794,A601
__import__.stock_production_lot_L448289_2934800,2018-12-31 00:00:00,621,__import__.product_2934800,L448289
__import__.stock_production_lot_707701_2935161,2019-08-31 00:00:00,321,__import__.product_2935161,707701
__import__.stock_production_lot_17I0809C2_2935252,2019-09-30 00:00:00,663,__import__.product_2935252,17I0809C2
__import__.stock_production_lot_185A3_2935773,2020-01-31 00:00:00,550,__import__.product_2935773,185A3
__import__.stock_production_lot_53930_2936151,2019-10-31 00:00:00,339,__import__.product_2936151,53930
__import__.stock_production_lot_K011_2936706,2019-06-30 00:00:00,323,__import__.product_2936706,K011
__import__.stock_production_lot_K003_2936797,2019-02-28 00:00:00,617,__import__.product_2936797,K003
__import__.stock_production_lot_1606098_2941029,2019-06-30 00:00:00,740,__import__.product_2941029,1606098
__import__.stock_production_lot_8F04735_2941086,2021-02-28 00:00:00,468,__import__.product_2941086,8F04735
__import__.stock_production_lot_8F08051_2941094,2021-03-31 00:00:00,434,__import__.product_2941094,8F08051
__import__.stock_production_lot_17B04_2943256,2020-02-28 00:00:00,566,__import__.product_2943256,17B04
__import__.stock_production_lot_17B03_2943264,2020-02-28 00:00:00,615,__import__.product_2943264,17B03
__import__.stock_production_lot_EC70023_2945590,2020-02-28 00:00:00,659,__import__.product_2945590,EC70023
__import__.stock_production_lot_10LE1105_2945996,2020-04-30 00:00:00,289,__import__.product_2945996,10LE1105
__import__.stock_production_lot_171821_2947752,2022-05-31 00:00:00,568,__import__.product_2947752,171821
__import__.stock_production_lot_171821_2947760,2022-05-31 00:00:00,329,__import__.product_2947760,171821
__import__.stock_production_lot_172689_2947760,2022-08-31 00:00:00,321,__import__.product_2947760,172689
__import__.stock_production_lot_172980_2947778,2022-09-30 00:00:00,527,__import__.product_2947778,172980
__import__.stock_production_lot_172979_2947786,2022-09-30 00:00:00,459,__import__.product_2947786,172979
__import__.stock_production_lot_6S3T_2948396,2019-10-31 00:00:00,224,__import__.product_2948396,6S3T
__import__.stock_production_lot_6SV6_2948396,2019-10-31 00:00:00,005,__import__.product_2948396,6SV6
__import__.stock_production_lot_SC5181_2948412,2020-07-31 00:00:00,213,__import__.product_2948412,SC5181
__import__.stock_production_lot_1138A1_2949980,2020-03-31 00:00:00,868,__import__.product_2949980,1138A1
__import__.stock_production_lot_11674A_2949980,2020-07-31 00:00:00,179,__import__.product_2949980,11674A
__import__.stock_production_lot_17K201_2951481,2020-10-31 00:00:00,269,__import__.product_2951481,17K201
__import__.stock_production_lot_17K137_2951499,2020-10-31 00:00:00,499,__import__.product_2951499,17K137
__import__.stock_production_lot_17J097_2951507,2020-09-30 00:00:00,888,__import__.product_2951507,17J097
__import__.stock_production_lot_17K274_2951515,2020-10-31 00:00:00,824,__import__.product_2951515,17K274
__import__.stock_production_lot_17H311_2951523,2020-07-31 00:00:00,264,__import__.product_2951523,17H311
__import__.stock_production_lot_17I154_2951531,2020-08-31 00:00:00,101,__import__.product_2951531,17I154
__import__.stock_production_lot_17F298_2951549,2020-05-31 00:00:00,682,__import__.product_2951549,17F298
__import__.stock_production_lot_852481_2954386,2020-10-31 00:00:00,575,__import__.product_2954386,852481
__import__.stock_production_lot_97276_2954436,2019-07-31 00:00:00,586,__import__.product_2954436,97276
__import__.stock_production_lot_97262_2954444,2019-06-30 00:00:00,745,__import__.product_2954444,97262
__import__.stock_production_lot_G_2956175,2020-10-31 00:00:00,367,__import__.product_2956175,G
__import__.stock_production_lot_G_2956183,2020-10-31 00:00:00,579,__import__.product_2956183,G
__import__.stock_production_lot_L06_2956191,2020-03-31 00:00:00,440,__import__.product_2956191,L06
__import__.stock_production_lot_L06_2956209,2020-03-31 00:00:00,333,__import__.product_2956209,L06
__import__.stock_production_lot_097014_2957041,2020-03-31 00:00:00,238,__import__.product_2957041,097014
__import__.stock_production_lot_106112_2957041,2021-01-31 00:00:00,672,__import__.product_2957041,106112
__import__.stock_production_lot_I33342I_2959773,2020-08-31 00:00:00,409,__import__.product_2959773,I33342I
__import__.stock_production_lot_L33513C_2959773,2020-12-31 00:00:00,763,__import__.product_2959773,L33513C
__import__.stock_production_lot_I33335D_2959781,2020-08-31 00:00:00,593,__import__.product_2959781,I33335D
__import__.stock_production_lot_L33514B_2959781,2020-12-31 00:00:00,992,__import__.product_2959781,L33514B
__import__.stock_production_lot_26665C11_2960359,2019-02-28 00:00:00,809,__import__.product_2960359,26665C11
__import__.stock_production_lot_4000227_2960359,2019-12-31 00:00:00,625,__import__.product_2960359,4000227
__import__.stock_production_lot_4000054_2960367,2019-12-31 00:00:00,349,__import__.product_2960367,4000054
__import__.stock_production_lot_27797B14_2960375,2019-12-31 00:00:00,701,__import__.product_2960375,27797B14
__import__.stock_production_lot_C117280_2961043,2019-11-30 00:00:00,527,__import__.product_2961043,C117280
__import__.stock_production_lot_C218086_2961043,2020-03-31 00:00:00,126,__import__.product_2961043,C218086
__import__.stock_production_lot_C0716121601_2962645,2018-12-31 00:00:00,241,__import__.product_2962645,C0716121601
__import__.stock_production_lot_C0618050851_2962645,2020-05-31 00:00:00,201,__import__.product_2962645,C0618050851
__import__.stock_production_lot_J33434F_2963783,2019-09-30 00:00:00,947,__import__.product_2963783,J33434F
__import__.stock_production_lot_L33512D_2963791,2019-12-31 00:00:00,706,__import__.product_2963791,L33512D
__import__.stock_production_lot_247502_2965010,2019-09-12 00:00:00,172,__import__.product_2965010,247502
__import__.stock_production_lot_235417_2966190,2019-05-29 00:00:00,484,__import__.product_2966190,235417
__import__.stock_production_lot_247169_2966190,2019-07-31 00:00:00,181,__import__.product_2966190,247169
__import__.stock_production_lot_267507_2966190,2019-11-30 00:00:00,684,__import__.product_2966190,267507
__import__.stock_production_lot_256390_2966422,2020-02-28 00:00:00,422,__import__.product_2966422,256390
__import__.stock_production_lot_023194_2968022,2023-01-31 00:00:00,622,__import__.product_2968022,023194
__import__.stock_production_lot_171493_2970812,2019-05-29 00:00:00,458,__import__.product_2970812,171493
__import__.stock_production_lot_173612_2970812,2019-12-27 00:00:00,126,__import__.product_2970812,173612
__import__.stock_production_lot_172941_2970820,2019-10-21 00:00:00,719,__import__.product_2970820,172941
__import__.stock_production_lot_173611_2970820,2019-12-31 00:00:00,168,__import__.product_2970820,173611
__import__.stock_production_lot_172971_2970838,2019-10-31 00:00:00,404,__import__.product_2970838,172971
__import__.stock_production_lot_172061_2970846,2019-07-25 00:00:00,342,__import__.product_2970846,172061
__import__.stock_production_lot_180331_2970853,2020-02-02 00:00:00,601,__import__.product_2970853,180331
__import__.stock_production_lot_54A3_2972289,2020-01-31 00:00:00,662,__import__.product_2972289,54A3
__import__.stock_production_lot_51B1_2972297,2019-10-31 00:00:00,325,__import__.product_2972297,51B1
__import__.stock_production_lot_50C1_2972305,2019-10-31 00:00:00,208,__import__.product_2972305,50C1
__import__.stock_production_lot_161297E_2975613,2019-05-31 00:00:00,709,__import__.product_2975613,161297E
__import__.stock_production_lot_311220_2975704,2020-12-31 00:00:00,503,__import__.product_2975704,311220
__import__.stock_production_lot_300920_2975704,2020-09-30 00:00:00,682,__import__.product_2975704,300920
__import__.stock_production_lot_A091A01_2976991,2019-05-31 00:00:00,366,__import__.product_2976991,A091A01
__import__.stock_production_lot_A093A01_2976991,2019-07-31 00:00:00,496,__import__.product_2976991,A093A01
__import__.stock_production_lot_311218_2977130,2018-12-31 00:00:00,827,__import__.product_2977130,311218
__import__.stock_production_lot_300419_2977130,2019-04-30 00:00:00,745,__import__.product_2977130,300419
__import__.stock_production_lot_311019_2977304,2019-10-31 00:00:00,220,__import__.product_2977304,311019
__import__.stock_production_lot_1608059_2977312,2020-08-31 00:00:00,635,__import__.product_2977312,1608059
__import__.stock_production_lot_310321_2977627,2021-03-31 00:00:00,691,__import__.product_2977627,310321
__import__.stock_production_lot_310720_2977668,2020-07-31 00:00:00,340,__import__.product_2977668,310720
__import__.stock_production_lot_300920_2977742,2020-09-30 00:00:00,738,__import__.product_2977742,300920
__import__.stock_production_lot_8B6960_2978179,2020-12-31 00:00:00,687,__import__.product_2978179,8B6960
__import__.stock_production_lot_8B696_2978179,2020-12-31 00:00:00,166,__import__.product_2978179,8B696
__import__.stock_production_lot_8A6841_2978187,2020-10-31 00:00:00,334,__import__.product_2978187,8A6841
__import__.stock_production_lot_8D7389_2978187,2020-12-31 00:00:00,641,__import__.product_2978187,8D7389
__import__.stock_production_lot_310519_2978872,2019-05-31 00:00:00,433,__import__.product_2978872,310519
__import__.stock_production_lot_708117A_2978989,2019-11-30 00:00:00,809,__import__.product_2978989,708117A
__import__.stock_production_lot_706117B_2979003,2019-11-30 00:00:00,393,__import__.product_2979003,706117B
__import__.stock_production_lot_300419_2979755,2019-04-30 00:00:00,272,__import__.product_2979755,300419
__import__.stock_production_lot_311219_2979755,2019-12-31 00:00:00,947,__import__.product_2979755,311219
__import__.stock_production_lot_16A071_2979854,2018-12-31 00:00:00,396,__import__.product_2979854,16A071
__import__.stock_production_lot_17D244_2979870,2020-03-31 00:00:00,192,__import__.product_2979870,17D244
__import__.stock_production_lot_17L1202C3_2980159,2020-12-31 00:00:00,535,__import__.product_2980159,17L1202C3
__import__.stock_production_lot_17I18_2987691,2019-08-31 00:00:00,741,__import__.product_2987691,17I18
__import__.stock_production_lot_617203_2990679,2022-05-31 00:00:00,172,__import__.product_2990679,617203
__import__.stock_production_lot_617075_2990687,2022-02-28 00:00:00,439,__import__.product_2990687,617075
__import__.stock_production_lot_617286_2990687,2022-07-31 00:00:00,567,__import__.product_2990687,617286
__import__.stock_production_lot_617203_2990695,2022-05-31 00:00:00,147,__import__.product_2990695,617203
__import__.stock_production_lot_53460_2992808,2018-11-09 00:00:00,700,__import__.product_2992808,53460
__import__.stock_production_lot_54009_2992808,2019-12-19 00:00:00,554,__import__.product_2992808,54009
__import__.stock_production_lot_17K06A_2992824,2020-11-30 00:00:00,322,__import__.product_2992824,17K06A
__import__.stock_production_lot_17K06B_2992832,2020-11-30 00:00:00,254,__import__.product_2992832,17K06B
__import__.stock_production_lot_18B21F_2992832,2021-02-28 00:00:00,433,__import__.product_2992832,18B21F
__import__.stock_production_lot_22127A_2995033,2019-12-31 00:00:00,404,__import__.product_2995033,22127A
__import__.stock_production_lot_92067_2995140,2019-06-30 00:00:00,162,__import__.product_2995140,92067
__import__.stock_production_lot_18K00024_2996767,2020-02-28 00:00:00,540,__import__.product_2996767,18K00024
__import__.stock_production_lot_18K00023_2996775,2020-02-28 00:00:00,454,__import__.product_2996775,18K00023
__import__.stock_production_lot_17264411_2997674,2020-05-31 00:00:00,319,__import__.product_2997674,17264411
__import__.stock_production_lot_17I295_3002813,2020-08-31 00:00:00,543,__import__.product_3002813,17I295
__import__.stock_production_lot_17F015_3002821,2020-05-31 00:00:00,912,__import__.product_3002821,17F015
__import__.stock_production_lot_CB_3002847,2019-10-31 00:00:00,182,__import__.product_3002847,CB
__import__.stock_production_lot_CF_3002847,2020-06-30 00:00:00,407,__import__.product_3002847,CF
__import__.stock_production_lot_V22819_3002912,2018-11-30 00:00:00,369,__import__.product_3002912,V22819
__import__.stock_production_lot_V25528_3002912,2020-03-31 00:00:00,100,__import__.product_3002912,V25528
__import__.stock_production_lot_300919_3004090,2019-09-30 00:00:00,177,__import__.product_3004090,300919
__import__.stock_production_lot_301119_3004090,2019-11-30 00:00:00,298,__import__.product_3004090,301119
__import__.stock_production_lot_300619_3004132,2019-06-30 00:00:00,420,__import__.product_3004132,300619
__import__.stock_production_lot_310819_3004132,2019-08-31 00:00:00,771,__import__.product_3004132,310819
__import__.stock_production_lot_311019_3004132,2019-10-31 00:00:00,178,__import__.product_3004132,311019
__import__.stock_production_lot_300420_3004140,2020-04-30 00:00:00,435,__import__.product_3004140,300420
__import__.stock_production_lot_300919_3004413,2019-09-30 00:00:00,341,__import__.product_3004413,300919
__import__.stock_production_lot_311019_3004413,2019-10-31 00:00:00,640,__import__.product_3004413,311019
__import__.stock_production_lot_311019_3004421,2019-10-31 00:00:00,283,__import__.product_3004421,311019
__import__.stock_production_lot_300619_3004488,2019-06-30 00:00:00,570,__import__.product_3004488,300619
__import__.stock_production_lot_705832_3007036,2020-08-31 00:00:00,581,__import__.product_3007036,705832
__import__.stock_production_lot_802392_3007036,2021-03-31 00:00:00,627,__import__.product_3007036,802392
__import__.stock_production_lot_8640_3007945,2019-11-30 00:00:00,436,__import__.product_3007945,8640
__import__.stock_production_lot_5035681_3008455,2020-04-30 00:00:00,806,__import__.product_3008455,5035681
__import__.stock_production_lot_720701_3009974,2020-03-31 00:00:00,342,__import__.product_3009974,720701
__import__.stock_production_lot_7B015A_3011566,2019-01-31 00:00:00,183,__import__.product_3011566,7B015A
__import__.stock_production_lot_1074431E_3014313,2019-12-31 00:00:00,623,__import__.product_3014313,1074431E
__import__.stock_production_lot_17L1413F2_3016003,2020-12-31 00:00:00,914,__import__.product_3016003,17L1413F2
__import__.stock_production_lot_280711_3016516,2019-12-17 00:00:00,548,__import__.product_3016516,280711
__import__.stock_production_lot_18D121_3019163,2020-03-31 00:00:00,726,__import__.product_3019163,18D121
__import__.stock_production_lot_KPZZZDC_3019833,2019-08-31 00:00:00,501,__import__.product_3019833,KPZZZDC
__import__.stock_production_lot_KPZZZDT_3019833,2020-01-31 00:00:00,462,__import__.product_3019833,KPZZZDT
__import__.stock_production_lot_06613B_3020666,2019-10-31 00:00:00,956,__import__.product_3020666,06613B
__import__.stock_production_lot_11614D_3020674,2021-02-28 00:00:00,844,__import__.product_3020674,11614D
__import__.stock_production_lot_08378A_3020682,2018-11-30 00:00:00,254,__import__.product_3020682,08378A
__import__.stock_production_lot_KP0CWFW_3022182,2020-11-30 00:00:00,839,__import__.product_3022182,KP0CWFW
__import__.stock_production_lot_746392B_3022613,2019-11-30 00:00:00,647,__import__.product_3022613,746392B
__import__.stock_production_lot_736491A_3022621,2019-09-30 00:00:00,109,__import__.product_3022621,736491A
__import__.stock_production_lot_76962701_3023140,2019-07-31 00:00:00,662,__import__.product_3023140,76962701
__import__.stock_production_lot_76976900_3023157,2019-09-30 00:00:00,452,__import__.product_3023157,76976900
__import__.stock_production_lot_310819_3023553,2019-08-31 00:00:00,727,__import__.product_3023553,310819
__import__.stock_production_lot_310819_3023561,2019-08-31 00:00:00,163,__import__.product_3023561,310819
__import__.stock_production_lot_17L021_3025848,2021-11-30 00:00:00,808,__import__.product_3025848,17L021
__import__.stock_production_lot_17F011_3025855,2021-05-31 00:00:00,952,__import__.product_3025855,17F011
__import__.stock_production_lot_17L022_3025855,2021-11-30 00:00:00,669,__import__.product_3025855,17L022
__import__.stock_production_lot_P40514AC_3026036,2019-04-30 00:00:00,304,__import__.product_3026036,P40514AC
__import__.stock_production_lot_R61921AA_3026044,2020-08-31 00:00:00,754,__import__.product_3026044,R61921AA
__import__.stock_production_lot_S60101AA_3026069,2020-12-31 00:00:00,155,__import__.product_3026069,S60101AA
__import__.stock_production_lot_0217155AC_3026762,2020-01-31 00:00:00,136,__import__.product_3026762,0217155AC
__import__.stock_production_lot_0517461AF_3026770,2020-04-30 00:00:00,210,__import__.product_3026770,0517461AF
__import__.stock_production_lot_K33484A_3028149,2021-06-30 00:00:00,910,__import__.product_3028149,K33484A
__import__.stock_production_lot_54085_3028289,2020-02-28 00:00:00,284,__import__.product_3028289,54085
__import__.stock_production_lot_54123_3028289,2020-03-31 00:00:00,857,__import__.product_3028289,54123
__import__.stock_production_lot_54073_3028297,2020-02-28 00:00:00,991,__import__.product_3028297,54073
__import__.stock_production_lot_54166_3028297,2020-04-30 00:00:00,666,__import__.product_3028297,54166
__import__.stock_production_lot_54055_3028305,2020-01-31 00:00:00,214,__import__.product_3028305,54055
__import__.stock_production_lot_54167_3028305,2020-04-30 00:00:00,773,__import__.product_3028305,54167
__import__.stock_production_lot_54013_3028313,2020-01-31 00:00:00,323,__import__.product_3028313,54013
__import__.stock_production_lot_53890_3028321,2019-10-31 00:00:00,192,__import__.product_3028321,53890
__import__.stock_production_lot_53995_3028321,2019-12-31 00:00:00,681,__import__.product_3028321,53995
__import__.stock_production_lot_53891_3028339,2019-10-31 00:00:00,562,__import__.product_3028339,53891
__import__.stock_production_lot_180133_3029725,2020-03-31 00:00:00,690,__import__.product_3029725,180133
__import__.stock_production_lot_18151A_3029725,2020-03-31 00:00:00,768,__import__.product_3029725,18151A
__import__.stock_production_lot_53930_3030269,2019-10-31 00:00:00,664,__import__.product_3030269,53930
__import__.stock_production_lot_630602_3031978,2019-07-31 00:00:00,501,__import__.product_3031978,630602
__import__.stock_production_lot_731701_3031978,2020-07-31 00:00:00,624,__import__.product_3031978,731701
__import__.stock_production_lot_803801_3031986,2021-01-31 00:00:00,134,__import__.product_3031986,803801
__import__.stock_production_lot_630602_3031994,2019-07-31 00:00:00,441,__import__.product_3031994,630602
__import__.stock_production_lot_812801_3031994,2021-03-31 00:00:00,551,__import__.product_3031994,812801
__import__.stock_production_lot_760737_3032877,2020-06-30 00:00:00,763,__import__.product_3032877,760737
__import__.stock_production_lot_852773_3032885,2020-10-31 00:00:00,279,__import__.product_3032885,852773
__import__.stock_production_lot_1711494_3033115,2020-11-30 00:00:00,203,__import__.product_3033115,1711494
__import__.stock_production_lot_1704121_3033123,2020-04-30 00:00:00,170,__import__.product_3033123,1704121
__import__.stock_production_lot_21263904_3033768,2019-10-31 00:00:00,345,__import__.product_3033768,21263904
__import__.stock_production_lot_265629_3035938,2020-10-10 00:00:00,522,__import__.product_3035938,265629
__import__.stock_production_lot_2786_3038791,2019-09-30 00:00:00,525,__import__.product_3038791,2786
__import__.stock_production_lot_LE7992642_3038825,2021-06-30 00:00:00,981,__import__.product_3038825,LE7992642
__import__.stock_production_lot_LE7861771_3038825,2021-05-31 00:00:00,290,__import__.product_3038825,LE7861771
__import__.stock_production_lot_LE7995793_3038841,2021-06-30 00:00:00,834,__import__.product_3038841,LE7995793
__import__.stock_production_lot_741701_3039740,2020-09-30 00:00:00,643,__import__.product_3039740,741701
__import__.stock_production_lot_M004_3039971,2021-02-28 00:00:00,482,__import__.product_3039971,M004
__import__.stock_production_lot_N001_3039971,2022-01-31 00:00:00,240,__import__.product_3039971,N001
__import__.stock_production_lot_L014_3039989,2020-06-30 00:00:00,433,__import__.product_3039989,L014
__import__.stock_production_lot_M007_3039989,2021-06-30 00:00:00,775,__import__.product_3039989,M007
__import__.stock_production_lot_L006_3039997,2020-03-31 00:00:00,188,__import__.product_3039997,L006
__import__.stock_production_lot_17E30132_3041282,2020-05-31 00:00:00,591,__import__.product_3041282,17E30132
__import__.stock_production_lot_2017K21_3041803,2019-11-30 00:00:00,128,__import__.product_3041803,2017K21
__import__.stock_production_lot_2018A17_3041811,2020-01-31 00:00:00,414,__import__.product_3041811,2018A17
__import__.stock_production_lot_2017J03_3041811,2019-10-31 00:00:00,743,__import__.product_3041811,2017J03
__import__.stock_production_lot_2017K07_3041829,2019-11-30 00:00:00,964,__import__.product_3041829,2017K07
__import__.stock_production_lot_704014L_3045119,2019-04-30 00:00:00,120,__import__.product_3045119,704014L
__import__.stock_production_lot_161116B_3045507,2019-04-30 00:00:00,479,__import__.product_3045507,161116B
__import__.stock_production_lot_161246C_3045507,2019-05-31 00:00:00,565,__import__.product_3045507,161246C
__import__.stock_production_lot_162225A_3045523,2019-10-31 00:00:00,271,__import__.product_3045523,162225A
__import__.stock_production_lot_161783A_3045549,2019-09-30 00:00:00,880,__import__.product_3045549,161783A
__import__.stock_production_lot_16D22_3045564,2019-03-31 00:00:00,445,__import__.product_3045564,16D22
__import__.stock_production_lot_16D23_3045572,2019-03-31 00:00:00,481,__import__.product_3045572,16D23
__import__.stock_production_lot_1606098_3045580,2019-06-30 00:00:00,851,__import__.product_3045580,1606098
__import__.stock_production_lot_17D33_3047271,2020-04-30 00:00:00,490,__import__.product_3047271,17D33
__import__.stock_production_lot_17D29_3047289,2020-04-30 00:00:00,822,__import__.product_3047289,17D29
__import__.stock_production_lot_18A88_3047289,2021-01-31 00:00:00,411,__import__.product_3047289,18A88
__import__.stock_production_lot_17I07_3047305,2020-09-30 00:00:00,901,__import__.product_3047305,17I07
__import__.stock_production_lot_809473_3048675,2019-11-30 00:00:00,266,__import__.product_3048675,809473
__import__.stock_production_lot_809733_3048683,2020-03-31 00:00:00,206,__import__.product_3048683,809733
__import__.stock_production_lot_809701_3048691,2020-03-31 00:00:00,958,__import__.product_3048691,809701
__import__.stock_production_lot_8097011_3048691,2020-03-31 00:00:00,356,__import__.product_3048691,8097011
__import__.stock_production_lot_760924_3048741,2020-12-31 00:00:00,579,__import__.product_3048741,760924
__import__.stock_production_lot_6067442_3049848,2019-05-31 00:00:00,463,__import__.product_3049848,6067442
__import__.stock_production_lot_6068522_3049848,2019-08-31 00:00:00,773,__import__.product_3049848,6068522
__import__.stock_production_lot_1701610_3050499,2019-02-28 00:00:00,774,__import__.product_3050499,1701610
__import__.stock_production_lot_10014533_3050499,2019-02-28 00:00:00,349,__import__.product_3050499,10014533
__import__.stock_production_lot_Z026006_3050507,2019-09-01 00:00:00,352,__import__.product_3050507,Z026006
__import__.stock_production_lot_288471_3051257,2019-11-15 00:00:00,262,__import__.product_3051257,288471
__import__.stock_production_lot_506124A_3052115,2019-11-05 00:00:00,347,__import__.product_3052115,506124A
__import__.stock_production_lot_1707538_3052362,2019-07-31 00:00:00,847,__import__.product_3052362,1707538
__import__.stock_production_lot_1801296_3052370,2019-07-31 00:00:00,431,__import__.product_3052370,1801296
__import__.stock_production_lot_1800047_3052388,2019-12-31 00:00:00,833,__import__.product_3052388,1800047
__import__.stock_production_lot_17A066_3052685,2019-12-31 00:00:00,442,__import__.product_3052685,17A066
__import__.stock_production_lot_17A093_3052693,2019-12-31 00:00:00,413,__import__.product_3052693,17A093
__import__.stock_production_lot_16L225_3052990,2018-11-30 00:00:00,278,__import__.product_3052990,16L225
__import__.stock_production_lot_0917763AC_3057171,2020-08-31 00:00:00,868,__import__.product_3057171,0917763AC
__import__.stock_production_lot_3S661_3057213,2019-03-31 00:00:00,927,__import__.product_3057213,3S661
__import__.stock_production_lot_A575_3060126,2019-09-30 00:00:00,304,__import__.product_3060126,A575
__import__.stock_production_lot_0181016_3071669,2021-02-28 00:00:00,253,__import__.product_3071669,0181016
__import__.stock_production_lot_53770_3073582,2019-07-31 00:00:00,889,__import__.product_3073582,53770
__import__.stock_production_lot_53870_3073590,2019-09-30 00:00:00,162,__import__.product_3073590,53870
__import__.stock_production_lot_53920_3073590,2019-10-31 00:00:00,590,__import__.product_3073590,53920
__import__.stock_production_lot_A34005_3074226,2021-07-31 00:00:00,191,__import__.product_3074226,A34005
__import__.stock_production_lot_A34074A_3074234,2021-09-30 00:00:00,309,__import__.product_3074234,A34074A
__import__.stock_production_lot_B34110A_3074242,2021-07-31 00:00:00,378,__import__.product_3074242,B34110A
__import__.stock_production_lot_K33484M_3074242,2021-06-30 00:00:00,182,__import__.product_3074242,K33484M
__import__.stock_production_lot_7C2892C_3074440,2019-10-12 00:00:00,882,__import__.product_3074440,7C2892C
__import__.stock_production_lot_7C2895M_3074440,2019-10-31 00:00:00,804,__import__.product_3074440,7C2895M
__import__.stock_production_lot_717325C_3074465,2020-04-30 00:00:00,713,__import__.product_3074465,717325C
__import__.stock_production_lot_54068_3076601,2020-02-06 00:00:00,622,__import__.product_3076601,54068
__import__.stock_production_lot_54158_3076601,2020-04-16 00:00:00,553,__import__.product_3076601,54158
__import__.stock_production_lot_54078_3076619,2020-02-14 00:00:00,136,__import__.product_3076619,54078
__import__.stock_production_lot_174217672_3078755,2020-09-30 00:00:00,575,__import__.product_3078755,174217672
__import__.stock_production_lot_16K174_3079662,2019-10-31 00:00:00,578,__import__.product_3079662,16K174
__import__.stock_production_lot_R16302B_3080264,2019-04-30 00:00:00,802,__import__.product_3080264,R16302B
__import__.stock_production_lot_17377411_3083763,2020-08-31 00:00:00,004,__import__.product_3083763,17377411
__import__.stock_production_lot_17163409_3083789,2020-03-31 00:00:00,300,__import__.product_3083789,17163409
__import__.stock_production_lot_728625B_3085313,2020-07-31 00:00:00,771,__import__.product_3085313,728625B
__import__.stock_production_lot_728625A_3085339,2020-07-31 00:00:00,893,__import__.product_3085339,728625A
__import__.stock_production_lot_104543_3085628,2020-11-30 00:00:00,287,__import__.product_3085628,104543
__import__.stock_production_lot_841901C_3085859,2021-02-28 00:00:00,674,__import__.product_3085859,841901C
__import__.stock_production_lot_841901B_3085859,2021-02-28 00:00:00,463,__import__.product_3085859,841901B
__import__.stock_production_lot_610802B_3085867,2019-04-30 00:00:00,517,__import__.product_3085867,610802B
__import__.stock_production_lot_8F01451_3086121,2020-01-31 00:00:00,934,__import__.product_3086121,8F01451
__import__.stock_production_lot_8F06131_3086121,2020-02-28 00:00:00,345,__import__.product_3086121,8F06131
__import__.stock_production_lot_8F08001_3086121,2020-03-31 00:00:00,714,__import__.product_3086121,8F08001
__import__.stock_production_lot_7F33142_3086139,2019-11-30 00:00:00,395,__import__.product_3086139,7F33142
__import__.stock_production_lot_8F10003_3086139,2020-03-31 00:00:00,312,__import__.product_3086139,8F10003
__import__.stock_production_lot_7F27021_3086147,2019-09-30 00:00:00,334,__import__.product_3086147,7F27021
__import__.stock_production_lot_7F34951_3086147,2019-12-31 00:00:00,540,__import__.product_3086147,7F34951
__import__.stock_production_lot_8F00721_3086147,2020-01-31 00:00:00,480,__import__.product_3086147,8F00721
__import__.stock_production_lot_8F00731_3086147,2020-01-31 00:00:00,124,__import__.product_3086147,8F00731
__import__.stock_production_lot_17I2603C8B1_3086501,2020-03-31 00:00:00,387,__import__.product_3086501,17I2603C8B1
__import__.stock_production_lot_18A2501C1_3086519,2020-07-31 00:00:00,402,__import__.product_3086519,18A2501C1
__import__.stock_production_lot_R61102AR_3087301,2020-03-31 00:00:00,383,__import__.product_3087301,R61102AR
__import__.stock_production_lot_R61805BR_3087301,2020-08-31 00:00:00,385,__import__.product_3087301,R61805BR
__import__.stock_production_lot_P62605AR_3087319,2019-10-31 00:00:00,287,__import__.product_3087319,P62605AR
__import__.stock_production_lot_R40103CW_3087327,2019-12-31 00:00:00,765,__import__.product_3087327,R40103CW
__import__.stock_production_lot_R41014BW_3087327,2020-08-31 00:00:00,385,__import__.product_3087327,R41014BW
__import__.stock_production_lot_S40206BW_3087327,2020-12-31 00:00:00,385,__import__.product_3087327,S40206BW
__import__.stock_production_lot_R40108BW_3087335,2019-12-31 00:00:00,340,__import__.product_3087335,R40108BW
__import__.stock_production_lot_R41014EW_3087335,2020-08-31 00:00:00,870,__import__.product_3087335,R41014EW
__import__.stock_production_lot_P63105DR_3087343,2019-11-30 00:00:00,718,__import__.product_3087343,P63105DR
__import__.stock_production_lot_R61514AR_3087343,2020-06-30 00:00:00,229,__import__.product_3087343,R61514AR
__import__.stock_production_lot_R60907BR_3087350,2020-03-31 00:00:00,947,__import__.product_3087350,R60907BR
__import__.stock_production_lot_P63210DL_3087368,2019-11-30 00:00:00,926,__import__.product_3087368,P63210DL
__import__.stock_production_lot_R60109CX_3087376,2019-12-31 00:00:00,416,__import__.product_3087376,R60109CX
__import__.stock_production_lot_P62921EL_3087384,2019-11-30 00:00:00,239,__import__.product_3087384,P62921EL
__import__.stock_production_lot_R61905DL_3087392,2020-08-31 00:00:00,345,__import__.product_3087392,R61905DL
__import__.stock_production_lot_097451_3088952,2019-09-30 00:00:00,855,__import__.product_3088952,097451
__import__.stock_production_lot_097419_3088960,2019-09-30 00:00:00,289,__import__.product_3088960,097419
__import__.stock_production_lot_2892700_3089067,2020-08-31 00:00:00,889,__import__.product_3089067,2892700
__import__.stock_production_lot_3037900_3089067,2020-12-31 00:00:00,165,__import__.product_3089067,3037900
__import__.stock_production_lot_2966100_3089075,2020-09-30 00:00:00,149,__import__.product_3089075,2966100
__import__.stock_production_lot_2966200_3089075,2020-09-30 00:00:00,398,__import__.product_3089075,2966200
__import__.stock_production_lot_2969200_3089083,2020-10-31 00:00:00,189,__import__.product_3089083,2969200
__import__.stock_production_lot_2930800_3089091,2020-09-30 00:00:00,359,__import__.product_3089091,2930800
__import__.stock_production_lot_2892300_3089109,2020-06-30 00:00:00,130,__import__.product_3089109,2892300
__import__.stock_production_lot_96126_3090297,2019-05-31 00:00:00,234,__import__.product_3090297,96126
__import__.stock_production_lot_101112_3090297,2019-09-30 00:00:00,227,__import__.product_3090297,101112
__import__.stock_production_lot_7M91BF_3091048,2020-01-31 00:00:00,278,__import__.product_3091048,7M91BF
__import__.stock_production_lot_246438_3091576,2019-07-31 00:00:00,790,__import__.product_3091576,246438
__import__.stock_production_lot_276275_3091584,2019-12-31 00:00:00,293,__import__.product_3091584,276275
__import__.stock_production_lot_101302_3092178,2020-10-31 00:00:00,900,__import__.product_3092178,101302
__import__.stock_production_lot_0171441_3094307,2020-03-31 00:00:00,515,__import__.product_3094307,0171441
__import__.stock_production_lot_C33114D_3094752,2019-11-30 00:00:00,342,__import__.product_3094752,C33114D
__import__.stock_production_lot_U043A02_3103801,2019-03-31 00:00:00,458,__import__.product_3103801,U043A02
__import__.stock_production_lot_U049A02_3103801,2019-10-31 00:00:00,295,__import__.product_3103801,U049A02
__import__.stock_production_lot_U584A01_3103819,2019-05-31 00:00:00,589,__import__.product_3103819,U584A01
__import__.stock_production_lot_U779A01_3103819,2020-02-28 00:00:00,398,__import__.product_3103819,U779A01
__import__.stock_production_lot_U280A03_3103827,2019-10-31 00:00:00,283,__import__.product_3103827,U280A03
__import__.stock_production_lot_U296A01_3103827,2019-12-31 00:00:00,807,__import__.product_3103827,U296A01
__import__.stock_production_lot_U196A02_3103835,2019-08-31 00:00:00,633,__import__.product_3103835,U196A02
__import__.stock_production_lot_U214A01_3103843,2019-08-31 00:00:00,450,__import__.product_3103843,U214A01
__import__.stock_production_lot_U716A01_3103850,2019-12-31 00:00:00,231,__import__.product_3103850,U716A01
__import__.stock_production_lot_U257A01_3103868,2019-08-31 00:00:00,486,__import__.product_3103868,U257A01
__import__.stock_production_lot_U042A01_3103876,2019-02-28 00:00:00,234,__import__.product_3103876,U042A01
__import__.stock_production_lot_U045A01_3103876,2019-07-31 00:00:00,962,__import__.product_3103876,U045A01
__import__.stock_production_lot_U189A02_3103884,2019-07-31 00:00:00,466,__import__.product_3103884,U189A02
__import__.stock_production_lot_U179A01_3103892,2019-03-31 00:00:00,399,__import__.product_3103892,U179A01
__import__.stock_production_lot_U213A01_3103892,2019-08-31 00:00:00,432,__import__.product_3103892,U213A01
__import__.stock_production_lot_SC0104_3109634,2019-03-31 00:00:00,437,__import__.product_3109634,SC0104
__import__.stock_production_lot_SC0233_3109642,2019-03-31 00:00:00,773,__import__.product_3109642,SC0233
__import__.stock_production_lot_17C145_3109907,2019-02-28 00:00:00,233,__import__.product_3109907,17C145
__import__.stock_production_lot_1726_3111622,2019-11-30 00:00:00,527,__import__.product_3111622,1726
__import__.stock_production_lot_1818_3111622,2020-04-30 00:00:00,496,__import__.product_3111622,1818
__import__.stock_production_lot_729701_3113198,2020-01-31 00:00:00,942,__import__.product_3113198,729701
__import__.stock_production_lot_822801_3113198,2020-11-30 00:00:00,600,__import__.product_3113198,822801
__import__.stock_production_lot_CEP012CAE_3113404,2018-09-30 00:00:00,364,__import__.product_3113404,CEP012CAE
__import__.stock_production_lot_CER005CAC_3113404,2019-03-31 00:00:00,669,__import__.product_3113404,CER005CAC
__import__.stock_production_lot_CER008ABB_3113412,2019-06-30 00:00:00,750,__import__.product_3113412,CER008ABB
__import__.stock_production_lot_F33210A_3113776,2020-05-31 00:00:00,600,__import__.product_3113776,F33210A
__import__.stock_production_lot_I33341A_3113776,2020-08-31 00:00:00,566,__import__.product_3113776,I33341A
__import__.stock_production_lot_A34069A_3113776,2021-01-31 00:00:00,128,__import__.product_3113776,A34069A
__import__.stock_production_lot_17L07_3115797,2020-12-31 00:00:00,273,__import__.product_3115797,17L07
__import__.stock_production_lot_16J07_3115805,2019-10-31 00:00:00,471,__import__.product_3115805,16J07
__import__.stock_production_lot_16K23_3116183,2019-11-30 00:00:00,392,__import__.product_3116183,16K23
__import__.stock_production_lot_7C50BC_3116837,2019-03-31 00:00:00,891,__import__.product_3116837,7C50BC
__import__.stock_production_lot_106090_3120060,2020-10-31 00:00:00,198,__import__.product_3120060,106090
__import__.stock_production_lot_LE8108092_3120250,2021-07-31 00:00:00,510,__import__.product_3120250,LE8108092
__import__.stock_production_lot_95283_3122465,2019-04-30 00:00:00,460,__import__.product_3122465,95283
__import__.stock_production_lot_W58233_3123130,2019-10-31 00:00:00,488,__import__.product_3123130,W58233
__import__.stock_production_lot_W65445_3123155,2019-10-31 00:00:00,879,__import__.product_3123155,W65445
__import__.stock_production_lot_W57112_3123163,2019-10-31 00:00:00,168,__import__.product_3123163,W57112
__import__.stock_production_lot_T95377_3123189,2019-08-31 00:00:00,275,__import__.product_3123189,T95377
__import__.stock_production_lot_T59286_3123197,2019-05-31 00:00:00,407,__import__.product_3123197,T59286
__import__.stock_production_lot_T85727_3123197,2019-06-30 00:00:00,580,__import__.product_3123197,T85727
__import__.stock_production_lot_W71066_3123197,2019-10-31 00:00:00,416,__import__.product_3123197,W71066
__import__.stock_production_lot_W58340_3123213,2019-12-31 00:00:00,351,__import__.product_3123213,W58340
__import__.stock_production_lot_W82014_3123213,2019-12-31 00:00:00,259,__import__.product_3123213,W82014
__import__.stock_production_lot_17A094_3126687,2018-12-31 00:00:00,535,__import__.product_3126687,17A094
__import__.stock_production_lot_17C164_3126695,2019-02-28 00:00:00,328,__import__.product_3126695,17C164
__import__.stock_production_lot_17A243_3126703,2018-12-31 00:00:00,250,__import__.product_3126703,17A243
__import__.stock_production_lot_LE6894303_3127958,2019-06-30 00:00:00,119,__import__.product_3127958,LE6894303
__import__.stock_production_lot_AA1980RB_3129657,2020-03-31 00:00:00,333,__import__.product_3129657,AA1980RB
__import__.stock_production_lot_AA1695RB_3129665,2020-01-31 00:00:00,927,__import__.product_3129665,AA1695RB
__import__.stock_production_lot_AA1384RE_3129673,2019-10-31 00:00:00,395,__import__.product_3129673,AA1384RE
__import__.stock_production_lot_AA1678RA_3129681,2019-11-30 00:00:00,135,__import__.product_3129681,AA1678RA
__import__.stock_production_lot_AA1257RB_3129699,2019-09-30 00:00:00,394,__import__.product_3129699,AA1257RB
__import__.stock_production_lot_AA1755RA_3129699,2020-01-31 00:00:00,954,__import__.product_3129699,AA1755RA
__import__.stock_production_lot_AA1955RA_3129707,2020-03-31 00:00:00,367,__import__.product_3129707,AA1955RA
__import__.stock_production_lot_AA1877RA_3129715,2020-01-31 00:00:00,533,__import__.product_3129715,AA1877RA
__import__.stock_production_lot_AA1876RD_3129715,2020-01-31 00:00:00,233,__import__.product_3129715,AA1876RD
__import__.stock_production_lot_AA1994RA_3129723,2020-03-31 00:00:00,160,__import__.product_3129723,AA1994RA
__import__.stock_production_lot_AA1996RA_3129723,2020-03-31 00:00:00,375,__import__.product_3129723,AA1996RA
__import__.stock_production_lot_171914_3130655,2020-01-31 00:00:00,687,__import__.product_3130655,171914
__import__.stock_production_lot_171639_3130663,2019-11-30 00:00:00,412,__import__.product_3130663,171639
__import__.stock_production_lot_180351_3130663,2020-03-31 00:00:00,764,__import__.product_3130663,180351
__import__.stock_production_lot_17L14092_3131679,2020-12-31 00:00:00,156,__import__.product_3131679,17L14092
__import__.stock_production_lot_0171569_3133154,2018-11-30 00:00:00,684,__import__.product_3133154,0171569
__import__.stock_production_lot_265944_3133162,2019-04-03 00:00:00,270,__import__.product_3133162,265944
__import__.stock_production_lot_740701_3133212,2020-10-31 00:00:00,381,__import__.product_3133212,740701
__import__.stock_production_lot_20170206_3134160,2019-07-31 00:00:00,544,__import__.product_3134160,20170206
__import__.stock_production_lot_14D28157_3134657,2019-04-30 00:00:00,175,__import__.product_3134657,14D28157
__import__.stock_production_lot_25449A12_3138120,2018-06-30 00:00:00,618,__import__.product_3138120,25449A12
__import__.stock_production_lot_7284_3142619,2020-11-30 00:00:00,569,__import__.product_3142619,7284
__import__.stock_production_lot_N806777_3142718,2019-09-23 00:00:00,503,__import__.product_3142718,N806777
__import__.stock_production_lot_N806778_3142726,2019-09-23 00:00:00,145,__import__.product_3142726,N806778
__import__.stock_production_lot_N806780_3142726,2019-09-23 00:00:00,227,__import__.product_3142726,N806780
__import__.stock_production_lot_311218_3145034,2018-12-31 00:00:00,476,__import__.product_3145034,311218
__import__.stock_production_lot_311019_3145034,2019-10-31 00:00:00,555,__import__.product_3145034,311019
__import__.stock_production_lot_301119_3145034,2019-11-30 00:00:00,256,__import__.product_3145034,301119
__import__.stock_production_lot_301119_3145042,2019-11-30 00:00:00,799,__import__.product_3145042,301119
__import__.stock_production_lot_311219_3145042,2019-12-31 00:00:00,398,__import__.product_3145042,311219
__import__.stock_production_lot_310120_3145042,2020-01-31 00:00:00,320,__import__.product_3145042,310120
__import__.stock_production_lot_277317_3145117,2019-11-30 00:00:00,607,__import__.product_3145117,277317
__import__.stock_production_lot_277316_3145117,2019-11-02 00:00:00,377,__import__.product_3145117,277316
__import__.stock_production_lot_277554_3145125,2019-09-29 00:00:00,416,__import__.product_3145125,277554
__import__.stock_production_lot_256243_3146362,2020-01-31 00:00:00,320,__import__.product_3146362,256243
__import__.stock_production_lot_701331_3150869,2019-06-30 00:00:00,126,__import__.product_3150869,701331
__import__.stock_production_lot_5749077_3152659,2020-07-31 00:00:00,849,__import__.product_3152659,5749077
__import__.stock_production_lot_5745097_3152667,2020-09-30 00:00:00,174,__import__.product_3152667,5745097
__import__.stock_production_lot_0031117_3154754,2020-07-31 00:00:00,304,__import__.product_3154754,0031117
__import__.stock_production_lot_021_3156718,2020-03-31 00:00:00,677,__import__.product_3156718,021
__import__.stock_production_lot_02_3156718,2020-03-31 00:00:00,238,__import__.product_3156718,02
__import__.stock_production_lot_496959A_3156957,2020-06-30 00:00:00,238,__import__.product_3156957,496959A
__import__.stock_production_lot_A65354_3157476,2020-04-30 00:00:00,466,__import__.product_3157476,A65354
__import__.stock_production_lot_A463A01_3157617,2019-11-30 00:00:00,263,__import__.product_3157617,A463A01
__import__.stock_production_lot_A462A01_3157617,2019-11-30 00:00:00,853,__import__.product_3157617,A462A01
__import__.stock_production_lot_A469A01_3157617,2020-01-31 00:00:00,768,__import__.product_3157617,A469A01
__import__.stock_production_lot_714701_3159209,2020-03-31 00:00:00,773,__import__.product_3159209,714701
__import__.stock_production_lot_750702_3159217,2020-10-31 00:00:00,903,__import__.product_3159217,750702
__import__.stock_production_lot_KP0BDF4_3162302,2021-05-31 00:00:00,419,__import__.product_3162302,KP0BDF4
__import__.stock_production_lot_KP0B3KS_3162310,2021-01-31 00:00:00,822,__import__.product_3162310,KP0B3KS
__import__.stock_production_lot_KP0B4SV_3162328,2021-02-28 00:00:00,284,__import__.product_3162328,KP0B4SV
__import__.stock_production_lot_F000605_3162633,2020-05-31 00:00:00,339,__import__.product_3162633,F000605
__import__.stock_production_lot_2959800_3164605,2020-10-31 00:00:00,259,__import__.product_3164605,2959800
__import__.stock_production_lot_102224_3166998,2020-10-31 00:00:00,792,__import__.product_3166998,102224
__import__.stock_production_lot_A218C_3168150,2019-03-31 00:00:00,227,__import__.product_3168150,A218C
__import__.stock_production_lot_A21BC_3168150,2019-03-31 00:00:00,631,__import__.product_3168150,A21BC
__import__.stock_production_lot_R90404AC_3169497,2019-01-31 00:00:00,455,__import__.product_3169497,R90404AC
__import__.stock_production_lot_P91213BC_3169513,2019-01-31 00:00:00,823,__import__.product_3169513,P91213BC
__import__.stock_production_lot_R92306AC_3169513,2020-04-30 00:00:00,440,__import__.product_3169513,R92306AC
__import__.stock_production_lot_S90106AC_3169539,2020-06-30 00:00:00,432,__import__.product_3169539,S90106AC
__import__.stock_production_lot_R90407AC_3169570,2019-07-31 00:00:00,400,__import__.product_3169570,R90407AC
__import__.stock_production_lot_310819_3175072,2019-08-31 00:00:00,499,__import__.product_3175072,310819
__import__.stock_production_lot_6T1ZB_3179181,2021-01-31 00:00:00,794,__import__.product_3179181,6T1ZB
__import__.stock_production_lot_6T2KA_3179207,2021-01-31 00:00:00,168,__import__.product_3179207,6T2KA
__import__.stock_production_lot_172762_3187051,2021-05-31 00:00:00,460,__import__.product_3187051,172762
__import__.stock_production_lot_0180822_3187069,2019-01-31 00:00:00,621,__import__.product_3187069,0180822
__import__.stock_production_lot_17K79_3187903,2020-11-30 00:00:00,685,__import__.product_3187903,17K79
__import__.stock_production_lot_18B01061_3189768,2021-02-28 00:00:00,253,__import__.product_3189768,18B01061
__import__.stock_production_lot_18C07061_3189768,2021-03-31 00:00:00,431,__import__.product_3189768,18C07061
__import__.stock_production_lot_18C08021_3189768,2021-03-31 00:00:00,424,__import__.product_3189768,18C08021
__import__.stock_production_lot_1801488025_3191616,2020-01-31 00:00:00,377,__import__.product_3191616,1801488025
__import__.stock_production_lot_18021488058_3191616,2020-02-28 00:00:00,526,__import__.product_3191616,18021488058
__import__.stock_production_lot_18021488059_3191616,2020-02-28 00:00:00,417,__import__.product_3191616,18021488059
__import__.stock_production_lot_SB9812_3198124,2020-03-31 00:00:00,217,__import__.product_3198124,SB9812
__import__.stock_production_lot_SD3448_3198132,2021-02-28 00:00:00,765,__import__.product_3198132,SD3448
__import__.stock_production_lot_0171158_3203411,2021-08-31 00:00:00,733,__import__.product_3203411,0171158
__import__.stock_production_lot_801701_3204047,2020-12-31 00:00:00,175,__import__.product_3204047,801701
__import__.stock_production_lot_7F29131_3204443,2019-10-31 00:00:00,598,__import__.product_3204443,7F29131
__import__.stock_production_lot_936006E_3204500,2020-08-31 00:00:00,458,__import__.product_3204500,936006E
__import__.stock_production_lot_496780_3204526,2020-06-30 00:00:00,545,__import__.product_3204526,496780
__import__.stock_production_lot_498672_3204526,2020-10-31 00:00:00,558,__import__.product_3204526,498672
__import__.stock_production_lot_496958_3204609,2019-04-30 00:00:00,923,__import__.product_3204609,496958
__import__.stock_production_lot_498348_3204625,2020-10-31 00:00:00,803,__import__.product_3204625,498348
__import__.stock_production_lot_7F1448_3204906,2018-07-31 00:00:00,744,__import__.product_3204906,7F1448
__import__.stock_production_lot_7F35201_3204906,2019-10-31 00:00:00,455,__import__.product_3204906,7F35201
__import__.stock_production_lot_7F35221_3204906,2019-10-31 00:00:00,413,__import__.product_3204906,7F35221
__import__.stock_production_lot_181202_3205242,2019-09-19 00:00:00,341,__import__.product_3205242,181202
__import__.stock_production_lot_180566_3205317,2020-01-30 00:00:00,658,__import__.product_3205317,180566
__import__.stock_production_lot_182064_3206182,2020-05-14 00:00:00,206,__import__.product_3206182,182064
__import__.stock_production_lot_15I29061_3213806,2018-09-30 00:00:00,581,__import__.product_3213806,15I29061
__import__.stock_production_lot_17F07111_3213806,2020-06-30 00:00:00,459,__import__.product_3213806,17F07111
__import__.stock_production_lot_K2500210_3215498,2020-10-31 00:00:00,894,__import__.product_3215498,K2500210
__import__.stock_production_lot_53983_3216827,2019-07-31 00:00:00,204,__import__.product_3216827,53983
__import__.stock_production_lot_6TMX_3220449,2021-02-28 00:00:00,997,__import__.product_3220449,6TMX
__import__.stock_production_lot_CD01617_3224565,2018-10-31 00:00:00,237,__import__.product_3224565,CD01617
__import__.stock_production_lot_CD03117_3224565,2019-02-28 00:00:00,360,__import__.product_3224565,CD03117
__import__.stock_production_lot_L450483_3228855,2019-01-27 00:00:00,936,__import__.product_3228855,L450483
__import__.stock_production_lot_SC6385_3233756,2019-08-31 00:00:00,408,__import__.product_3233756,SC6385
__import__.stock_production_lot_SC6310_3233756,2019-08-31 00:00:00,751,__import__.product_3233756,SC6310
__import__.stock_production_lot_SD0478_3233780,2019-12-31 00:00:00,211,__import__.product_3233780,SD0478
__import__.stock_production_lot_6MT4A_3237740,2020-10-31 00:00:00,204,__import__.product_3237740,6MT4A
__import__.stock_production_lot_6RVZC_3237765,2021-01-31 00:00:00,806,__import__.product_3237765,6RVZC
__import__.stock_production_lot_7C1803C_3240140,2020-06-11 00:00:00,529,__import__.product_3240140,7C1803C
__import__.stock_production_lot_7C2860D_3240140,2020-10-09 00:00:00,564,__import__.product_3240140,7C2860D
__import__.stock_production_lot_7C2859E_3240140,2020-10-31 00:00:00,243,__import__.product_3240140,7C2859E
__import__.stock_production_lot_KP0CTDB_3245685,2020-11-30 00:00:00,462,__import__.product_3245685,KP0CTDB
__import__.stock_production_lot_6TN1_3247970,2021-02-28 00:00:00,425,__import__.product_3247970,6TN1
__import__.stock_production_lot_6TRD_3247988,2021-02-28 00:00:00,528,__import__.product_3247988,6TRD
__import__.stock_production_lot_713701_3248499,2020-03-31 00:00:00,284,__import__.product_3248499,713701
__import__.stock_production_lot_B34076A_3254570,2019-08-31 00:00:00,462,__import__.product_3254570,B34076A
__import__.stock_production_lot_D34224_3254588,2019-08-31 00:00:00,749,__import__.product_3254588,D34224
__import__.stock_production_lot_170975C_3256120,2020-05-31 00:00:00,289,__import__.product_3256120,170975C
__import__.stock_production_lot_170764A_3256138,2020-11-30 00:00:00,979,__import__.product_3256138,170764A
__import__.stock_production_lot_2410041AJ_3256294,2019-01-23 00:00:00,986,__import__.product_3256294,2410041AJ
__import__.stock_production_lot_2410043AB_3256302,2019-05-05 00:00:00,269,__import__.product_3256302,2410043AB
__import__.stock_production_lot_300419_3265204,2019-04-30 00:00:00,513,__import__.product_3265204,300419
__import__.stock_production_lot_280219_3265212,2019-02-28 00:00:00,594,__import__.product_3265212,280219
__import__.stock_production_lot_300419_3265212,2019-04-30 00:00:00,309,__import__.product_3265212,300419
__import__.stock_production_lot_300419_3265220,2019-04-30 00:00:00,738,__import__.product_3265220,300419
__import__.stock_production_lot_300619_3265220,2019-06-30 00:00:00,659,__import__.product_3265220,300619
__import__.stock_production_lot_310718_3265238,2018-07-31 00:00:00,233,__import__.product_3265238,310718
__import__.stock_production_lot_311018_3265238,2018-10-31 00:00:00,104,__import__.product_3265238,311018
__import__.stock_production_lot_300618_3265253,2018-06-30 00:00:00,576,__import__.product_3265253,300618
__import__.stock_production_lot_280219_3265253,2019-02-28 00:00:00,136,__import__.product_3265253,280219
__import__.stock_production_lot_300419_3265253,2019-04-30 00:00:00,555,__import__.product_3265253,300419
__import__.stock_production_lot_300419_3265261,2019-04-30 00:00:00,891,__import__.product_3265261,300419
__import__.stock_production_lot_310519_3265261,2019-05-31 00:00:00,397,__import__.product_3265261,310519
__import__.stock_production_lot_300619_3265261,2019-06-30 00:00:00,498,__import__.product_3265261,300619
__import__.stock_production_lot_280219_3265279,2019-02-28 00:00:00,849,__import__.product_3265279,280219
__import__.stock_production_lot_310519_3265287,2019-05-31 00:00:00,706,__import__.product_3265287,310519
__import__.stock_production_lot_310719_3265287,2019-07-31 00:00:00,227,__import__.product_3265287,310719
__import__.stock_production_lot_310819_3265287,2019-08-31 00:00:00,372,__import__.product_3265287,310819
__import__.stock_production_lot_280219_3265295,2019-02-28 00:00:00,231,__import__.product_3265295,280219
__import__.stock_production_lot_300619_3265295,2019-06-30 00:00:00,243,__import__.product_3265295,300619
__import__.stock_production_lot_310719_3265295,2019-07-31 00:00:00,277,__import__.product_3265295,310719
__import__.stock_production_lot_310119_3265303,2019-01-31 00:00:00,464,__import__.product_3265303,310119
__import__.stock_production_lot_300619_3265303,2019-06-30 00:00:00,279,__import__.product_3265303,300619
__import__.stock_production_lot_310719_3265303,2019-07-31 00:00:00,499,__import__.product_3265303,310719
__import__.stock_production_lot_300619_3265311,2019-06-30 00:00:00,223,__import__.product_3265311,300619
__import__.stock_production_lot_310519_3265329,2019-05-31 00:00:00,801,__import__.product_3265329,310519
__import__.stock_production_lot_310719_3265329,2019-07-31 00:00:00,622,__import__.product_3265329,310719
__import__.stock_production_lot_300419_3265337,2019-04-30 00:00:00,731,__import__.product_3265337,300419
__import__.stock_production_lot_300619_3265337,2019-06-30 00:00:00,538,__import__.product_3265337,300619
__import__.stock_production_lot_310719_3265337,2019-07-31 00:00:00,544,__import__.product_3265337,310719
__import__.stock_production_lot_300619_3265345,2019-06-30 00:00:00,474,__import__.product_3265345,300619
__import__.stock_production_lot_300619_3265352,2019-06-30 00:00:00,276,__import__.product_3265352,300619
__import__.stock_production_lot_300619_3265360,2019-06-30 00:00:00,907,__import__.product_3265360,300619
__import__.stock_production_lot_310819_3265360,2019-08-31 00:00:00,754,__import__.product_3265360,310819
__import__.stock_production_lot_300619_3265378,2019-06-30 00:00:00,984,__import__.product_3265378,300619
__import__.stock_production_lot_310719_3265378,2019-07-31 00:00:00,683,__import__.product_3265378,310719
__import__.stock_production_lot_310719_3265394,2019-07-31 00:00:00,358,__import__.product_3265394,310719
__import__.stock_production_lot_310119_3265402,2019-01-31 00:00:00,473,__import__.product_3265402,310119
__import__.stock_production_lot_310319_3265402,2019-03-31 00:00:00,787,__import__.product_3265402,310319
__import__.stock_production_lot_310519_3265402,2019-05-31 00:00:00,487,__import__.product_3265402,310519
__import__.stock_production_lot_310719_3265402,2019-07-31 00:00:00,708,__import__.product_3265402,310719
__import__.stock_production_lot_300419_3265428,2019-04-30 00:00:00,918,__import__.product_3265428,300419
__import__.stock_production_lot_300619_3265428,2019-06-30 00:00:00,718,__import__.product_3265428,300619
__import__.stock_production_lot_310719_3265428,2019-07-31 00:00:00,524,__import__.product_3265428,310719
__import__.stock_production_lot_300419_3265436,2019-04-30 00:00:00,954,__import__.product_3265436,300419
__import__.stock_production_lot_310719_3265436,2019-07-31 00:00:00,553,__import__.product_3265436,310719
__import__.stock_production_lot_300619_3265444,2019-06-30 00:00:00,783,__import__.product_3265444,300619
__import__.stock_production_lot_300618_3265469,2018-06-30 00:00:00,257,__import__.product_3265469,300618
__import__.stock_production_lot_310319_3265469,2019-03-31 00:00:00,156,__import__.product_3265469,310319
__import__.stock_production_lot_300419_3265477,2019-04-30 00:00:00,179,__import__.product_3265477,300419
__import__.stock_production_lot_300419_3265493,2019-04-30 00:00:00,261,__import__.product_3265493,300419
__import__.stock_production_lot_310819_3265493,2019-08-31 00:00:00,429,__import__.product_3265493,310819
__import__.stock_production_lot_310719_3265501,2019-07-31 00:00:00,313,__import__.product_3265501,310719
__import__.stock_production_lot_310819_3265501,2019-08-31 00:00:00,265,__import__.product_3265501,310819
__import__.stock_production_lot_300419_3265519,2019-04-30 00:00:00,374,__import__.product_3265519,300419
__import__.stock_production_lot_300619_3265519,2019-06-30 00:00:00,995,__import__.product_3265519,300619
__import__.stock_production_lot_300419_3265527,2019-04-30 00:00:00,820,__import__.product_3265527,300419
__import__.stock_production_lot_310719_3265527,2019-07-31 00:00:00,340,__import__.product_3265527,310719
__import__.stock_production_lot_300619_3265535,2019-06-30 00:00:00,563,__import__.product_3265535,300619
__import__.stock_production_lot_310719_3265535,2019-07-31 00:00:00,562,__import__.product_3265535,310719
__import__.stock_production_lot_310519_3265543,2019-05-31 00:00:00,891,__import__.product_3265543,310519
__import__.stock_production_lot_300619_3265543,2019-06-30 00:00:00,192,__import__.product_3265543,300619
__import__.stock_production_lot_280219_3265550,2019-02-28 00:00:00,656,__import__.product_3265550,280219
__import__.stock_production_lot_310719_3265550,2019-07-31 00:00:00,307,__import__.product_3265550,310719
__import__.stock_production_lot_280219_3265568,2019-02-28 00:00:00,940,__import__.product_3265568,280219
__import__.stock_production_lot_310319_3265568,2019-03-31 00:00:00,651,__import__.product_3265568,310319
__import__.stock_production_lot_300619_3265568,2019-06-30 00:00:00,859,__import__.product_3265568,300619
__import__.stock_production_lot_300419_3265592,2019-04-30 00:00:00,563,__import__.product_3265592,300419
__import__.stock_production_lot_300619_3265600,2019-06-30 00:00:00,723,__import__.product_3265600,300619
__import__.stock_production_lot_310719_3265600,2019-07-31 00:00:00,922,__import__.product_3265600,310719
__import__.stock_production_lot_300419_3265626,2019-04-30 00:00:00,556,__import__.product_3265626,300419
__import__.stock_production_lot_310719_3265626,2019-07-31 00:00:00,635,__import__.product_3265626,310719
__import__.stock_production_lot_310319_3265634,2019-03-31 00:00:00,471,__import__.product_3265634,310319
__import__.stock_production_lot_300419_3265634,2019-04-30 00:00:00,958,__import__.product_3265634,300419
__import__.stock_production_lot_300419_3265642,2019-04-30 00:00:00,594,__import__.product_3265642,300419
__import__.stock_production_lot_310719_3265642,2019-07-31 00:00:00,310,__import__.product_3265642,310719
__import__.stock_production_lot_300419_3265659,2019-04-30 00:00:00,139,__import__.product_3265659,300419
__import__.stock_production_lot_300419_3265667,2019-04-30 00:00:00,761,__import__.product_3265667,300419
__import__.stock_production_lot_311218_3265675,2018-12-31 00:00:00,193,__import__.product_3265675,311218
__import__.stock_production_lot_310519_3265675,2019-05-31 00:00:00,120,__import__.product_3265675,310519
__import__.stock_production_lot_300619_3265675,2019-06-30 00:00:00,621,__import__.product_3265675,300619
__import__.stock_production_lot_310719_3265675,2019-07-31 00:00:00,320,__import__.product_3265675,310719
__import__.stock_production_lot_280219_3265683,2019-02-28 00:00:00,418,__import__.product_3265683,280219
__import__.stock_production_lot_310519_3265683,2019-05-31 00:00:00,649,__import__.product_3265683,310519
__import__.stock_production_lot_310519_3265691,2019-05-31 00:00:00,585,__import__.product_3265691,310519
__import__.stock_production_lot_310719_3265691,2019-07-31 00:00:00,360,__import__.product_3265691,310719
__import__.stock_production_lot_310519_3265709,2019-05-31 00:00:00,569,__import__.product_3265709,310519
__import__.stock_production_lot_300619_3265709,2019-06-30 00:00:00,577,__import__.product_3265709,300619
__import__.stock_production_lot_310719_3265709,2019-07-31 00:00:00,869,__import__.product_3265709,310719
__import__.stock_production_lot_280219_3265725,2019-02-28 00:00:00,426,__import__.product_3265725,280219
__import__.stock_production_lot_300619_3265725,2019-06-30 00:00:00,552,__import__.product_3265725,300619
__import__.stock_production_lot_310819_3265725,2019-08-31 00:00:00,596,__import__.product_3265725,310819
__import__.stock_production_lot_300419_3265733,2019-04-30 00:00:00,510,__import__.product_3265733,300419
__import__.stock_production_lot_310519_3265733,2019-05-31 00:00:00,980,__import__.product_3265733,310519
__import__.stock_production_lot_280219_3265741,2019-02-28 00:00:00,527,__import__.product_3265741,280219
__import__.stock_production_lot_310519_3265741,2019-05-31 00:00:00,519,__import__.product_3265741,310519
__import__.stock_production_lot_310119_3265758,2019-01-31 00:00:00,740,__import__.product_3265758,310119
__import__.stock_production_lot_310319_3265758,2019-03-31 00:00:00,440,__import__.product_3265758,310319
__import__.stock_production_lot_300419_3265758,2019-04-30 00:00:00,941,__import__.product_3265758,300419
__import__.stock_production_lot_310519_3265758,2019-05-31 00:00:00,740,__import__.product_3265758,310519
__import__.stock_production_lot_300619_3265758,2019-06-30 00:00:00,448,__import__.product_3265758,300619
__import__.stock_production_lot_280219_3265766,2019-02-28 00:00:00,958,__import__.product_3265766,280219
__import__.stock_production_lot_300419_3265766,2019-04-30 00:00:00,570,__import__.product_3265766,300419
__import__.stock_production_lot_300619_3265766,2019-06-30 00:00:00,777,__import__.product_3265766,300619
__import__.stock_production_lot_311218_3265774,2018-12-31 00:00:00,509,__import__.product_3265774,311218
__import__.stock_production_lot_300619_3265774,2019-06-30 00:00:00,730,__import__.product_3265774,300619
__import__.stock_production_lot_301118_3265782,2018-11-30 00:00:00,128,__import__.product_3265782,301118
__import__.stock_production_lot_300619_3265782,2019-06-30 00:00:00,266,__import__.product_3265782,300619
__import__.stock_production_lot_310719_3265782,2019-07-31 00:00:00,858,__import__.product_3265782,310719
__import__.stock_production_lot_310819_3265782,2019-08-31 00:00:00,327,__import__.product_3265782,310819
__import__.stock_production_lot_310818_3265808,2018-08-31 00:00:00,140,__import__.product_3265808,310818
__import__.stock_production_lot_310519_3265808,2019-05-31 00:00:00,178,__import__.product_3265808,310519
__import__.stock_production_lot_300619_3265816,2019-06-30 00:00:00,518,__import__.product_3265816,300619
__import__.stock_production_lot_310819_3265816,2019-08-31 00:00:00,876,__import__.product_3265816,310819
__import__.stock_production_lot_310519_3265824,2019-05-31 00:00:00,353,__import__.product_3265824,310519
__import__.stock_production_lot_300619_3265824,2019-06-30 00:00:00,954,__import__.product_3265824,300619
__import__.stock_production_lot_310719_3265824,2019-07-31 00:00:00,853,__import__.product_3265824,310719
__import__.stock_production_lot_7C1803D_3267945,2020-06-11 00:00:00,935,__import__.product_3267945,7C1803D
__import__.stock_production_lot_16421409_3267952,2019-09-30 00:00:00,333,__import__.product_3267952,16421409
__import__.stock_production_lot_6C2227H_3268018,2019-07-31 00:00:00,624,__import__.product_3268018,6C2227H
__import__.stock_production_lot_7C1282J_3268018,2020-04-23 00:00:00,676,__import__.product_3268018,7C1282J
__import__.stock_production_lot_J391203_3268174,2020-08-31 00:00:00,139,__import__.product_3268174,J391203
__import__.stock_production_lot_1707772_3268489,2019-07-31 00:00:00,273,__import__.product_3268489,1707772
__import__.stock_production_lot_7C1282E_3269461,2020-04-23 00:00:00,391,__import__.product_3269461,7C1282E
__import__.stock_production_lot_5745057_3271863,2020-05-31 00:00:00,331,__import__.product_3271863,5745057
__import__.stock_production_lot_300419_3271871,2019-04-30 00:00:00,472,__import__.product_3271871,300419
__import__.stock_production_lot_17F093_3272440,2019-05-31 00:00:00,545,__import__.product_3272440,17F093
__import__.stock_production_lot_56047_3272762,2020-02-28 00:00:00,518,__import__.product_3272762,56047
__import__.stock_production_lot_L0816_3272994,2019-03-31 00:00:00,232,__import__.product_3272994,L0816
__import__.stock_production_lot_17J01_3273000,2020-04-30 00:00:00,529,__import__.product_3273000,17J01
__import__.stock_production_lot_K019_3274461,2019-07-31 00:00:00,546,__import__.product_3274461,K019
__import__.stock_production_lot_1358501_3274511,2018-12-31 00:00:00,363,__import__.product_3274511,1358501
__import__.stock_production_lot_1439731_3274644,2019-02-28 00:00:00,263,__import__.product_3274644,1439731
__import__.stock_production_lot_2549623_3274644,2020-08-31 00:00:00,429,__import__.product_3274644,2549623
__import__.stock_production_lot_18A06_3275609,2019-06-30 00:00:00,515,__import__.product_3275609,18A06
__import__.stock_production_lot_18A06_3275617,2019-06-30 00:00:00,258,__import__.product_3275617,18A06
__import__.stock_production_lot_SC2220_3276631,2019-04-30 00:00:00,667,__import__.product_3276631,SC2220
__import__.stock_production_lot_SC5796_3276649,2019-08-31 00:00:00,216,__import__.product_3276649,SC5796
__import__.stock_production_lot_SD0491_3276649,2019-12-31 00:00:00,473,__import__.product_3276649,SD0491
__import__.stock_production_lot_7467300F_3277126,2019-11-30 00:00:00,594,__import__.product_3277126,7467300F
__import__.stock_production_lot_1110171_3277142,2020-10-31 00:00:00,965,__import__.product_3277142,1110171
__import__.stock_production_lot_1402171_3277159,2020-02-28 00:00:00,454,__import__.product_3277159,1402171
__import__.stock_production_lot_AX0317_3277175,2020-02-28 00:00:00,406,__import__.product_3277175,AX0317
__import__.stock_production_lot_2206151_3277183,2018-08-01 00:00:00,232,__import__.product_3277183,2206151
__import__.stock_production_lot_1215_3277191,2018-11-30 00:00:00,454,__import__.product_3277191,1215
__import__.stock_production_lot_8521_3280757,2019-09-30 00:00:00,439,__import__.product_3280757,8521
__import__.stock_production_lot_6NRXD_3280914,2019-12-31 00:00:00,726,__import__.product_3280914,6NRXD
__import__.stock_production_lot_6RMXD_3280922,2020-01-31 00:00:00,791,__import__.product_3280922,6RMXD
__import__.stock_production_lot_6KBCA_3280930,2019-09-30 00:00:00,131,__import__.product_3280930,6KBCA
__import__.stock_production_lot_6BS1_3280948,2019-04-30 00:00:00,317,__import__.product_3280948,6BS1
__import__.stock_production_lot_6C2227J_3281946,2019-07-05 00:00:00,412,__import__.product_3281946,6C2227J
__import__.stock_production_lot_7C0053C_3281946,2020-01-05 00:00:00,114,__import__.product_3281946,7C0053C
__import__.stock_production_lot_6C4218C_3281946,2019-12-31 00:00:00,472,__import__.product_3281946,6C4218C
__import__.stock_production_lot_185656_3282134,2021-05-26 00:00:00,478,__import__.product_3282134,185656
__import__.stock_production_lot_54052_3282506,2020-02-28 00:00:00,600,__import__.product_3282506,54052
__import__.stock_production_lot_300919_3287083,2019-09-30 00:00:00,981,__import__.product_3287083,300919
__import__.stock_production_lot_301119_3287083,2019-11-30 00:00:00,402,__import__.product_3287083,301119
__import__.stock_production_lot_301119_3287158,2019-11-30 00:00:00,286,__import__.product_3287158,301119
__import__.stock_production_lot_311219_3287158,2019-12-31 00:00:00,192,__import__.product_3287158,311219
__import__.stock_production_lot_310819_3287900,2019-08-31 00:00:00,522,__import__.product_3287900,310819
__import__.stock_production_lot_300619_3287900,2019-06-30 00:00:00,661,__import__.product_3287900,300619
__import__.stock_production_lot_AA1861RD_3289444,2019-09-30 00:00:00,423,__import__.product_3289444,AA1861RD
__import__.stock_production_lot_AB2211RA_3289451,2019-10-31 00:00:00,216,__import__.product_3289451,AB2211RA
__import__.stock_production_lot_AA1303RA_3289477,2019-05-31 00:00:00,732,__import__.product_3289477,AA1303RA
__import__.stock_production_lot_CA2228RB_3289477,2019-10-31 00:00:00,857,__import__.product_3289477,CA2228RB
__import__.stock_production_lot_BA1948RA_3289485,2019-08-31 00:00:00,487,__import__.product_3289485,BA1948RA
__import__.stock_production_lot_0101648C_3294015,2019-11-30 00:00:00,393,__import__.product_3294015,0101648C
__import__.stock_production_lot_808801_3294238,2021-01-31 00:00:00,548,__import__.product_3294238,808801
__import__.stock_production_lot_A347A01_3294535,2019-10-31 00:00:00,300,__import__.product_3294535,A347A01
__import__.stock_production_lot_A352A01_3294535,2020-01-31 00:00:00,839,__import__.product_3294535,A352A01
__import__.stock_production_lot_0317297AA_3296308,2019-03-25 00:00:00,707,__import__.product_3296308,0317297AA
__import__.stock_production_lot_0617490AD_3296308,2019-06-05 00:00:00,534,__import__.product_3296308,0617490AD
__import__.stock_production_lot_95612403_3296407,2019-06-08 00:00:00,343,__import__.product_3296407,95612403
__import__.stock_production_lot_62612401_3296415,2019-06-20 00:00:00,895,__import__.product_3296415,62612401
__import__.stock_production_lot_595923B01_3296423,2018-09-26 00:00:00,464,__import__.product_3296423,595923B01
__import__.stock_production_lot_21592402_3296431,2019-05-09 00:00:00,264,__import__.product_3296431,21592402
__import__.stock_production_lot_310819_3297728,2019-08-31 00:00:00,323,__import__.product_3297728,310819
__import__.stock_production_lot_310519_3297736,2019-05-31 00:00:00,456,__import__.product_3297736,310519
__import__.stock_production_lot_300919_3297736,2019-09-30 00:00:00,667,__import__.product_3297736,300919
__import__.stock_production_lot_7467300C_3297744,2019-11-30 00:00:00,244,__import__.product_3297744,7467300C
__import__.stock_production_lot_18A20_3308368,2020-01-31 00:00:00,302,__import__.product_3308368,18A20
__import__.stock_production_lot_17J02_3308368,2019-10-31 00:00:00,530,__import__.product_3308368,17J02
__import__.stock_production_lot_17F67_3308376,2019-06-30 00:00:00,604,__import__.product_3308376,17F67
__import__.stock_production_lot_SD1355_3308723,2019-12-31 00:00:00,440,__import__.product_3308723,SD1355
__import__.stock_production_lot_SD5454_3308731,2021-03-31 00:00:00,882,__import__.product_3308731,SD5454
__import__.stock_production_lot_7131500A_3309184,2020-03-31 00:00:00,923,__import__.product_3309184,7131500A
__import__.stock_production_lot_7131501A_3309192,2020-03-31 00:00:00,672,__import__.product_3309192,7131501A
__import__.stock_production_lot_7294501A_3309200,2020-07-31 00:00:00,326,__import__.product_3309200,7294501A
__import__.stock_production_lot_8081500B_3309218,2021-02-28 00:00:00,333,__import__.product_3309218,8081500B
__import__.stock_production_lot_031116_3315314,2018-12-31 00:00:00,174,__import__.product_3315314,031116
__import__.stock_production_lot_5H592_3315702,2019-05-31 00:00:00,274,__import__.product_3315702,5H592
__import__.stock_production_lot_5R151_3315702,2019-07-28 00:00:00,445,__import__.product_3315702,5R151
__import__.stock_production_lot_AG9416A_3315751,2019-03-31 00:00:00,192,__import__.product_3315751,AG9416A
__import__.stock_production_lot_AG9423A_3315769,2019-03-31 00:00:00,243,__import__.product_3315769,AG9423A
__import__.stock_production_lot_AG8271A_3315769,2019-02-28 00:00:00,559,__import__.product_3315769,AG8271A
__import__.stock_production_lot_AG8267D_3315777,2019-02-28 00:00:00,554,__import__.product_3315777,AG8267D
__import__.stock_production_lot_AG8097A_3315785,2019-02-28 00:00:00,258,__import__.product_3315785,AG8097A
__import__.stock_production_lot_AG8269E_3315793,2019-02-28 00:00:00,333,__import__.product_3315793,AG8269E
__import__.stock_production_lot_AG6988C_3317021,2019-01-31 00:00:00,320,__import__.product_3317021,AG6988C
__import__.stock_production_lot_AG9414F_3317039,2019-03-31 00:00:00,278,__import__.product_3317039,AG9414F
__import__.stock_production_lot_AH5477D_3317039,2019-08-31 00:00:00,345,__import__.product_3317039,AH5477D
__import__.stock_production_lot_AH0468E_3317047,2019-04-30 00:00:00,366,__import__.product_3317047,AH0468E
__import__.stock_production_lot_AJ1738F_3317104,2020-01-31 00:00:00,450,__import__.product_3317104,AJ1738F
__import__.stock_production_lot_SD1110_3319324,2019-12-31 00:00:00,678,__import__.product_3319324,SD1110
__import__.stock_production_lot_SC3070_3319332,2019-04-30 00:00:00,518,__import__.product_3319332,SC3070
__import__.stock_production_lot_SD1663_3319357,2019-12-31 00:00:00,289,__import__.product_3319357,SD1663
__import__.stock_production_lot_17K062_3319860,2020-10-31 00:00:00,214,__import__.product_3319860,17K062
__import__.stock_production_lot_CJ003_3323789,2020-03-31 00:00:00,428,__import__.product_3323789,CJ003
__import__.stock_production_lot_17B014_3324647,2020-01-31 00:00:00,103,__import__.product_3324647,17B014
__import__.stock_production_lot_17F122_3327384,2019-11-30 00:00:00,467,__import__.product_3327384,17F122
__import__.stock_production_lot_269631_3334778,2018-10-03 00:00:00,252,__import__.product_3334778,269631
__import__.stock_production_lot_299533_3334778,2019-04-19 00:00:00,633,__import__.product_3334778,299533
__import__.stock_production_lot_547A_3338951,2020-10-31 00:00:00,578,__import__.product_3338951,547A
__import__.stock_production_lot_M1709AA_3338969,2019-09-30 00:00:00,440,__import__.product_3338969,M1709AA
__import__.stock_production_lot_8F01171_3341849,2020-01-31 00:00:00,737,__import__.product_3341849,8F01171
__import__.stock_production_lot_8F01541_3341849,2020-01-31 00:00:00,225,__import__.product_3341849,8F01541
__import__.stock_production_lot_8F09992_3341849,2020-03-31 00:00:00,542,__import__.product_3341849,8F09992
__import__.stock_production_lot_7F28772_3341864,2019-10-31 00:00:00,416,__import__.product_3341864,7F28772
__import__.stock_production_lot_8F05261_3341864,2020-02-28 00:00:00,406,__import__.product_3341864,8F05261
__import__.stock_production_lot_8F03821_3341872,2020-02-28 00:00:00,584,__import__.product_3341872,8F03821
__import__.stock_production_lot_8F08791_3341872,2020-03-31 00:00:00,106,__import__.product_3341872,8F08791
__import__.stock_production_lot_802030_3344363,2020-02-28 00:00:00,326,__import__.product_3344363,802030
__import__.stock_production_lot_087326_3349503,2019-06-30 00:00:00,204,__import__.product_3349503,087326
__import__.stock_production_lot_095909_3349503,2020-01-31 00:00:00,216,__import__.product_3349503,095909
__import__.stock_production_lot_16D297_3350113,2020-03-31 00:00:00,840,__import__.product_3350113,16D297
__import__.stock_production_lot_239737_3352457,2019-03-31 00:00:00,634,__import__.product_3352457,239737
__import__.stock_production_lot_300619_3352960,2019-06-30 00:00:00,585,__import__.product_3352960,300619
__import__.stock_production_lot_M001_3362068,2020-01-31 00:00:00,441,__import__.product_3362068,M001
__import__.stock_production_lot_170868_3363017,2020-03-31 00:00:00,924,__import__.product_3363017,170868
__import__.stock_production_lot_170945_3363025,2020-03-31 00:00:00,609,__import__.product_3363025,170945
__import__.stock_production_lot_201702_3364338,2019-07-31 00:00:00,394,__import__.product_3364338,201702
__import__.stock_production_lot_201702_3364346,2019-07-31 00:00:00,231,__import__.product_3364346,201702
__import__.stock_production_lot_201702_3364353,2019-07-31 00:00:00,347,__import__.product_3364353,201702
__import__.stock_production_lot_201801_3364353,2020-02-28 00:00:00,586,__import__.product_3364353,201801
__import__.stock_production_lot_201801_3364361,2020-02-28 00:00:00,671,__import__.product_3364361,201801
__import__.stock_production_lot_J050K002_3364395,2020-12-31 00:00:00,368,__import__.product_3364395,J050K002
__import__.stock_production_lot_96991_3367620,2019-06-30 00:00:00,436,__import__.product_3367620,96991
__import__.stock_production_lot_640491A_3378924,2018-10-06 00:00:00,457,__import__.product_3378924,640491A
__import__.stock_production_lot_S601_3380425,2040-12-31 00:00:00,100,__import__.product_3380425,S601
__import__.stock_production_lot_S604_3380425,2040-12-31 00:00:00,163,__import__.product_3380425,S604
__import__.stock_production_lot_S602_3380433,2040-12-31 00:00:00,466,__import__.product_3380433,S602
__import__.stock_production_lot_S602_3380441,2040-12-31 00:00:00,472,__import__.product_3380441,S602
__import__.stock_production_lot_S605_3380458,2040-12-31 00:00:00,295,__import__.product_3380458,S605
__import__.stock_production_lot_S603_3380466,2040-12-31 00:00:00,402,__import__.product_3380466,S603
__import__.stock_production_lot_S651_3380466,2040-12-31 00:00:00,417,__import__.product_3380466,S651
__import__.stock_production_lot_S602_3380474,2040-12-31 00:00:00,410,__import__.product_3380474,S602
__import__.stock_production_lot_S612_3380474,2040-12-31 00:00:00,388,__import__.product_3380474,S612
__import__.stock_production_lot_S605_3380482,2040-12-31 00:00:00,338,__import__.product_3380482,S605
__import__.stock_production_lot_S602_3380490,2040-12-31 00:00:00,133,__import__.product_3380490,S602
__import__.stock_production_lot_S617_3380508,2040-12-31 00:00:00,128,__import__.product_3380508,S617
__import__.stock_production_lot_S608_3380516,2040-12-31 00:00:00,432,__import__.product_3380516,S608
__import__.stock_production_lot_S603_3380524,2040-12-31 00:00:00,294,__import__.product_3380524,S603
__import__.stock_production_lot_S603_3380532,2040-12-31 00:00:00,565,__import__.product_3380532,S603
__import__.stock_production_lot_300619_3380532,2019-06-30 00:00:00,717,__import__.product_3380532,300619
__import__.stock_production_lot_20170160_3381266,2019-04-30 00:00:00,661,__import__.product_3381266,20170160
__import__.stock_production_lot_20170160_3381274,2019-04-30 00:00:00,586,__import__.product_3381274,20170160
__import__.stock_production_lot_20170202_3381282,2019-05-31 00:00:00,320,__import__.product_3381282,20170202
__import__.stock_production_lot_20170157_3381290,2019-05-31 00:00:00,254,__import__.product_3381290,20170157
__import__.stock_production_lot_20170157_3381308,2019-05-31 00:00:00,115,__import__.product_3381308,20170157
__import__.stock_production_lot_20170202_3381340,2019-05-31 00:00:00,611,__import__.product_3381340,20170202
__import__.stock_production_lot_6JY6_3381829,2019-09-30 00:00:00,302,__import__.product_3381829,6JY6
__import__.stock_production_lot_6SJ9_3381829,2020-02-28 00:00:00,127,__import__.product_3381829,6SJ9
__import__.stock_production_lot_29A7_3383767,2019-08-31 00:00:00,663,__import__.product_3383767,29A7
__import__.stock_production_lot_33A4_3383767,2020-02-28 00:00:00,638,__import__.product_3383767,33A4
__import__.stock_production_lot_33A8_3383767,2020-02-28 00:00:00,686,__import__.product_3383767,33A8
__import__.stock_production_lot_B170562_3384005,2019-09-30 00:00:00,429,__import__.product_3384005,B170562
__import__.stock_production_lot_6TMF_3392149,2020-03-31 00:00:00,363,__import__.product_3392149,6TMF
__import__.stock_production_lot_6NU9_3392156,2020-01-31 00:00:00,719,__import__.product_3392156,6NU9
__import__.stock_production_lot_6W9L_3392156,2020-06-30 00:00:00,282,__import__.product_3392156,6W9L
__import__.stock_production_lot_C210091802_3392750,2021-01-09 00:00:00,396,__import__.product_3392750,C210091802
__import__.stock_production_lot_D711811627_3392768,2019-06-30 00:00:00,385,__import__.product_3392768,D711811627
__import__.stock_production_lot_D711811627_3392776,2019-06-30 00:00:00,299,__import__.product_3392776,D711811627
__import__.stock_production_lot_C797610_3394269,2018-09-30 00:00:00,248,__import__.product_3394269,C797610
__import__.stock_production_lot_K27001B04_3396751,2020-01-31 00:00:00,662,__import__.product_3396751,K27001B04
__import__.stock_production_lot_LE792885_3401825,2019-04-30 00:00:00,510,__import__.product_3401825,LE792885
__import__.stock_production_lot_C777063_3404076,2020-04-30 00:00:00,965,__import__.product_3404076,C777063
__import__.stock_production_lot_640490E_3407400,2018-10-06 00:00:00,500,__import__.product_3407400,640490E
__import__.stock_production_lot_170559C_3409943,2020-12-31 00:00:00,856,__import__.product_3409943,170559C
__import__.stock_production_lot_170929C_3409950,2020-07-31 00:00:00,235,__import__.product_3409950,170929C
__import__.stock_production_lot_170941B_3409950,2021-01-31 00:00:00,519,__import__.product_3409950,170941B
__import__.stock_production_lot_0171842_3409968,2020-04-30 00:00:00,231,__import__.product_3409968,0171842
__import__.stock_production_lot_0162675_3409976,2019-01-31 00:00:00,425,__import__.product_3409976,0162675
__import__.stock_production_lot_0162677_3409984,2019-01-31 00:00:00,668,__import__.product_3409984,0162677
__import__.stock_production_lot_0163254_3409992,2019-02-28 00:00:00,655,__import__.product_3409992,0163254
__import__.stock_production_lot_0163256_3410008,2019-02-28 00:00:00,539,__import__.product_3410008,0163256
__import__.stock_production_lot_104A1_3410156,2018-11-30 00:00:00,383,__import__.product_3410156,104A1
__import__.stock_production_lot_234281B_3410180,2019-09-30 00:00:00,320,__import__.product_3410180,234281B
__import__.stock_production_lot_201677D_3410198,2019-04-30 00:00:00,245,__import__.product_3410198,201677D
__import__.stock_production_lot_201701B_3410206,2019-04-30 00:00:00,416,__import__.product_3410206,201701B
__import__.stock_production_lot_203129D_3410214,2019-05-31 00:00:00,311,__import__.product_3410214,203129D
__import__.stock_production_lot_208991A_3410222,2019-06-30 00:00:00,434,__import__.product_3410222,208991A
__import__.stock_production_lot_208991A2_3410222,2019-06-30 00:00:00,436,__import__.product_3410222,208991A2
__import__.stock_production_lot_496986_3411212,2019-06-30 00:00:00,283,__import__.product_3411212,496986
__import__.stock_production_lot_07B703_3411238,2019-12-31 00:00:00,514,__import__.product_3411238,07B703
__import__.stock_production_lot_EU1601_3411824,2019-12-31 00:00:00,607,__import__.product_3411824,EU1601
__import__.stock_production_lot_18A9_3412871,2019-09-30 00:00:00,471,__import__.product_3412871,18A9
__import__.stock_production_lot_56A11_3412871,2020-12-31 00:00:00,404,__import__.product_3412871,56A11
__import__.stock_production_lot_13A3_3412889,2019-07-31 00:00:00,274,__import__.product_3412889,13A3
__import__.stock_production_lot_32A8_3412889,2020-05-31 00:00:00,350,__import__.product_3412889,32A8
__import__.stock_production_lot_1759914_3414620,2020-01-31 00:00:00,606,__import__.product_3414620,1759914
__import__.stock_production_lot_101128_3415759,2020-09-30 00:00:00,570,__import__.product_3415759,101128
__import__.stock_production_lot_280392_3418688,2020-07-03 00:00:00,536,__import__.product_3418688,280392
__import__.stock_production_lot_7C0187N_3419520,2019-01-31 00:00:00,542,__import__.product_3419520,7C0187N
__import__.stock_production_lot_7C2826P_3419520,2019-10-04 00:00:00,861,__import__.product_3419520,7C2826P
__import__.stock_production_lot_7C3266C_3419546,2019-11-27 00:00:00,301,__import__.product_3419546,7C3266C
__import__.stock_production_lot_7C3552F_3419546,2019-12-31 00:00:00,272,__import__.product_3419546,7C3552F
__import__.stock_production_lot_7C2887E_3419561,2019-10-11 00:00:00,542,__import__.product_3419561,7C2887E
__import__.stock_production_lot_7C3460C_3419561,2019-12-31 00:00:00,430,__import__.product_3419561,7C3460C
__import__.stock_production_lot_16H18_3419728,2019-08-31 00:00:00,694,__import__.product_3419728,16H18
__import__.stock_production_lot_17B05_3419736,2020-02-28 00:00:00,441,__import__.product_3419736,17B05
__import__.stock_production_lot_16E12_3419744,2019-05-31 00:00:00,435,__import__.product_3419744,16E12
__import__.stock_production_lot_17B06_3419751,2020-02-28 00:00:00,614,__import__.product_3419751,17B06
__import__.stock_production_lot_17B07_3419769,2020-02-28 00:00:00,440,__import__.product_3419769,17B07
__import__.stock_production_lot_17C62_3420452,2020-03-31 00:00:00,206,__import__.product_3420452,17C62
__import__.stock_production_lot_17A17_3420460,2020-01-31 00:00:00,670,__import__.product_3420460,17A17
__import__.stock_production_lot_17I31_3420478,2020-09-30 00:00:00,328,__import__.product_3420478,17I31
__import__.stock_production_lot_18A109_3420478,2021-01-31 00:00:00,489,__import__.product_3420478,18A109
__import__.stock_production_lot_17A18_3420486,2020-01-31 00:00:00,236,__import__.product_3420486,17A18
__import__.stock_production_lot_L448726_3424371,2019-03-31 00:00:00,443,__import__.product_3424371,L448726
__import__.stock_production_lot_AAB027A_3426970,2019-03-31 00:00:00,457,__import__.product_3426970,AAB027A
__import__.stock_production_lot_AUL003A_3426988,2019-06-30 00:00:00,554,__import__.product_3426988,AUL003A
__import__.stock_production_lot_300619_3426988,2019-06-30 00:00:00,641,__import__.product_3426988,300619
__import__.stock_production_lot_AUL003A_3426996,2019-06-30 00:00:00,518,__import__.product_3426996,AUL003A
__import__.stock_production_lot_CEA011A_3427002,2020-12-31 00:00:00,466,__import__.product_3427002,CEA011A
__import__.stock_production_lot_5PMV_3427309,2019-02-28 00:00:00,350,__import__.product_3427309,5PMV
__import__.stock_production_lot_6CTW_3427317,2020-04-30 00:00:00,678,__import__.product_3427317,6CTW
__import__.stock_production_lot_L019L008_3430238,2022-10-31 00:00:00,311,__import__.product_3430238,L019L008
__import__.stock_production_lot_597F7CA_3433869,2019-11-30 00:00:00,444,__import__.product_3433869,597F7CA
__import__.stock_production_lot_056K7CB_3433893,2020-04-30 00:00:00,297,__import__.product_3433893,056K7CB
__import__.stock_production_lot_354C8CB_3433893,2020-09-30 00:00:00,433,__import__.product_3433893,354C8CB
__import__.stock_production_lot_092K7BD_3433901,2020-04-30 00:00:00,679,__import__.product_3433901,092K7BD
__import__.stock_production_lot_044A8BC_3433927,2020-07-31 00:00:00,790,__import__.product_3433927,044A8BC
__import__.stock_production_lot_319C8BA_3433927,2020-09-30 00:00:00,609,__import__.product_3433927,319C8BA
__import__.stock_production_lot_603F6DB_3433935,2018-11-30 00:00:00,285,__import__.product_3433935,603F6DB
__import__.stock_production_lot_237C7DB_3433935,2019-08-31 00:00:00,758,__import__.product_3433935,237C7DB
__import__.stock_production_lot_119A8DA_3433943,2020-07-31 00:00:00,565,__import__.product_3433943,119A8DA
__import__.stock_production_lot_088K7AB_3433968,2020-04-30 00:00:00,793,__import__.product_3433968,088K7AB
__import__.stock_production_lot_090A8AA_3433968,2020-07-31 00:00:00,162,__import__.product_3433968,090A8AA
__import__.stock_production_lot_642603_3434453,2019-10-31 00:00:00,431,__import__.product_3434453,642603
__import__.stock_production_lot_162875_3437639,2019-07-31 00:00:00,322,__import__.product_3437639,162875
__import__.stock_production_lot_163369_3437639,2019-09-30 00:00:00,405,__import__.product_3437639,163369
__import__.stock_production_lot_171467_3437647,2020-03-31 00:00:00,227,__import__.product_3437647,171467
__import__.stock_production_lot_0163639_3439460,2019-05-30 00:00:00,498,__import__.product_3439460,0163639
__import__.stock_production_lot_0170203_3439460,2019-07-31 00:00:00,546,__import__.product_3439460,0170203
__import__.stock_production_lot_162462_3439619,2019-06-30 00:00:00,239,__import__.product_3439619,162462
__import__.stock_production_lot_162462A_3439635,2019-06-30 00:00:00,288,__import__.product_3439635,162462A
__import__.stock_production_lot_16G063_3443181,2019-06-30 00:00:00,242,__import__.product_3443181,16G063
__import__.stock_production_lot_16A275_3443199,2018-12-31 00:00:00,510,__import__.product_3443199,16A275
__import__.stock_production_lot_17C20_3443207,2020-03-31 00:00:00,230,__import__.product_3443207,17C20
__import__.stock_production_lot_17C20_3443215,2020-03-31 00:00:00,414,__import__.product_3443215,17C20
__import__.stock_production_lot_17C21_3443223,2020-03-31 00:00:00,351,__import__.product_3443223,17C21
__import__.stock_production_lot_17C21_3443231,2020-03-31 00:00:00,326,__import__.product_3443231,17C21
__import__.stock_production_lot_17A032_3443249,2019-06-30 00:00:00,289,__import__.product_3443249,17A032
__import__.stock_production_lot_17K032_3443249,2020-04-30 00:00:00,164,__import__.product_3443249,17K032
__import__.stock_production_lot_165124A_3444288,2019-01-31 00:00:00,284,__import__.product_3444288,165124A
__import__.stock_production_lot_12623A_3444296,2018-10-18 00:00:00,266,__import__.product_3444296,12623A
__import__.stock_production_lot_136123A_3444296,2018-11-13 00:00:00,293,__import__.product_3444296,136123A
__import__.stock_production_lot_116023B_3444304,2018-10-19 00:00:00,225,__import__.product_3444304,116023B
__import__.stock_production_lot_136223A_3444312,2018-12-12 00:00:00,152,__import__.product_3444312,136223A
__import__.stock_production_lot_155224A_3444312,2019-02-20 00:00:00,160,__import__.product_3444312,155224A
__import__.stock_production_lot_17K273_3444395,2020-11-30 00:00:00,379,__import__.product_3444395,17K273
__import__.stock_production_lot_18C214_3444395,2021-03-31 00:00:00,381,__import__.product_3444395,18C214
__import__.stock_production_lot_L450736_3444759,2020-11-09 00:00:00,649,__import__.product_3444759,L450736
__import__.stock_production_lot_8052_3445186,2023-02-28 00:00:00,000,__import__.product_3445186,8052
__import__.stock_production_lot_5A3_3445848,2018-11-30 00:00:00,129,__import__.product_3445848,5A3
__import__.stock_production_lot_8A4_3445848,2020-03-31 00:00:00,165,__import__.product_3445848,8A4
__import__.stock_production_lot_855303_3449121,2021-01-31 00:00:00,922,__import__.product_3449121,855303
__import__.stock_production_lot_1708_3455390,2027-08-31 00:00:00,789,__import__.product_3455390,1708
__import__.stock_production_lot_1712_3455394,2027-12-31 00:00:00,429,__import__.product_3455394,1712
__import__.stock_production_lot_1611_3455395,2026-11-30 00:00:00,640,__import__.product_3455395,1611
__import__.stock_production_lot_080_3455862,2018-12-31 00:00:00,500,__import__.product_3455862,080
__import__.stock_production_lot_081_3455870,2018-12-31 00:00:00,504,__import__.product_3455870,081
__import__.stock_production_lot_H33314_3457199,2020-07-31 00:00:00,441,__import__.product_3457199,H33314
__import__.stock_production_lot_310819_3457934,2019-08-31 00:00:00,363,__import__.product_3457934,310819
__import__.stock_production_lot_310319_3457942,2019-03-31 00:00:00,543,__import__.product_3457942,310319
__import__.stock_production_lot_310819_3457942,2019-08-31 00:00:00,539,__import__.product_3457942,310819
__import__.stock_production_lot_A34063D_3458536,2021-01-31 00:00:00,439,__import__.product_3458536,A34063D
__import__.stock_production_lot_4201604_3467123,2018-12-31 00:00:00,390,__import__.product_3467123,4201604
__import__.stock_production_lot_4191605_3467131,2018-12-31 00:00:00,408,__import__.product_3467131,4191605
__import__.stock_production_lot_28319_3479110,2019-03-28 00:00:00,417,__import__.product_3479110,28319
__import__.stock_production_lot_CES004BBA_3489598,2019-12-31 00:00:00,976,__import__.product_3489598,CES004BBA
__import__.stock_production_lot_CER012BAH_3489606,2019-09-30 00:00:00,285,__import__.product_3489606,CER012BAH
__import__.stock_production_lot_6627_3491453,2020-05-31 00:00:00,187,__import__.product_3491453,6627
__import__.stock_production_lot_1107818_3491743,2019-03-31 00:00:00,677,__import__.product_3491743,1107818
__import__.stock_production_lot_1309418_3491743,2019-04-30 00:00:00,513,__import__.product_3491743,1309418
__import__.stock_production_lot_1107818_3493657,2019-03-31 00:00:00,571,__import__.product_3493657,1107818
__import__.stock_production_lot_1309418_3493657,2019-04-30 00:00:00,100,__import__.product_3493657,1309418
__import__.stock_production_lot_L448732_3495033,2019-06-20 00:00:00,282,__import__.product_3495033,L448732
__import__.stock_production_lot_L442391_3495041,2018-11-08 00:00:00,261,__import__.product_3495041,L442391
__import__.stock_production_lot_554302_3495157,2020-12-31 00:00:00,486,__import__.product_3495157,554302
__import__.stock_production_lot_122021_3495249,2021-12-31 00:00:00,132,__import__.product_3495249,122021
__import__.stock_production_lot_161235_3495520,2020-01-31 00:00:00,418,__import__.product_3495520,161235
__import__.stock_production_lot_EU1702BA_3496551,2019-09-30 00:00:00,499,__import__.product_3496551,EU1702BA
__import__.stock_production_lot_0162854_3497609,2019-12-31 00:00:00,160,__import__.product_3497609,0162854
__import__.stock_production_lot_84602401_3498987,2019-05-30 00:00:00,260,__import__.product_3498987,84602401
__import__.stock_production_lot_05522402_3498995,2019-01-17 00:00:00,208,__import__.product_3498995,05522402
__import__.stock_production_lot_145125A02_3499019,2020-01-14 00:00:00,262,__import__.product_3499019,145125A02
__import__.stock_production_lot_LC26234A_3501228,2018-11-30 00:00:00,266,__import__.product_3501228,LC26234A
__import__.stock_production_lot_310719_3501244,2019-07-31 00:00:00,151,__import__.product_3501244,310719
__import__.stock_production_lot_1216835AC_3502606,2019-05-31 00:00:00,436,__import__.product_3502606,1216835AC
__import__.stock_production_lot_66BA_3507415,2018-12-31 00:00:00,320,__import__.product_3507415,66BA
__import__.stock_production_lot_170516410H_3508181,2019-05-31 00:00:00,765,__import__.product_3508181,170516410H
__import__.stock_production_lot_H1007B_3508223,2020-02-28 00:00:00,272,__import__.product_3508223,H1007B
__import__.stock_production_lot_28L702_3508363,2020-09-30 00:00:00,940,__import__.product_3508363,28L702
__import__.stock_production_lot_17C56_3508371,2019-03-31 00:00:00,365,__import__.product_3508371,17C56
__import__.stock_production_lot_17H11_3508389,2019-08-31 00:00:00,501,__import__.product_3508389,17H11
__import__.stock_production_lot_17C57_3508397,2019-03-31 00:00:00,561,__import__.product_3508397,17C57
__import__.stock_production_lot_17C57_3508405,2019-03-31 00:00:00,423,__import__.product_3508405,17C57
__import__.stock_production_lot_17C58_3508413,2019-03-31 00:00:00,500,__import__.product_3508413,17C58
__import__.stock_production_lot_17C58_3508421,2019-03-31 00:00:00,523,__import__.product_3508421,17C58
__import__.stock_production_lot_17C59_3508439,2019-03-31 00:00:00,486,__import__.product_3508439,17C59
__import__.stock_production_lot_17C59_3508447,2019-03-31 00:00:00,537,__import__.product_3508447,17C59
__import__.stock_production_lot_1224117_3518651,2019-08-31 00:00:00,441,__import__.product_3518651,1224117
__import__.stock_production_lot_D1801A_3520400,2021-01-31 00:00:00,546,__import__.product_3520400,D1801A
__import__.stock_production_lot_310519_3525000,2019-05-31 00:00:00,410,__import__.product_3525000,310519
__import__.stock_production_lot_310819_3525000,2019-08-31 00:00:00,330,__import__.product_3525000,310819
__import__.stock_production_lot_280219_3526700,2019-02-28 00:00:00,883,__import__.product_3526700,280219
__import__.stock_production_lot_310718_3531900,2018-07-31 00:00:00,334,__import__.product_3531900,310718
__import__.stock_production_lot_300419_3531900,2019-04-30 00:00:00,721,__import__.product_3531900,300419
__import__.stock_production_lot_280219_3532200,2019-02-28 00:00:00,625,__import__.product_3532200,280219
__import__.stock_production_lot_301118_3532400,2018-11-30 00:00:00,216,__import__.product_3532400,301118
__import__.stock_production_lot_310319_3532400,2019-03-31 00:00:00,239,__import__.product_3532400,310319
__import__.stock_production_lot_300419_3532500,2019-04-30 00:00:00,795,__import__.product_3532500,300419
__import__.stock_production_lot_300619_3532500,2019-06-30 00:00:00,305,__import__.product_3532500,300619
__import__.stock_production_lot_301118_3532600,2018-11-30 00:00:00,850,__import__.product_3532600,301118
__import__.stock_production_lot_170409D_3533585,2019-02-28 00:00:00,102,__import__.product_3533585,170409D
__import__.stock_production_lot_170410E_3533593,2019-02-28 00:00:00,189,__import__.product_3533593,170410E
__import__.stock_production_lot_170412C_3533601,2019-02-28 00:00:00,612,__import__.product_3533601,170412C
__import__.stock_production_lot_L003_3534567,2019-10-31 00:00:00,423,__import__.product_3534567,L003
__import__.stock_production_lot_L004_3534567,2019-10-31 00:00:00,491,__import__.product_3534567,L004
__import__.stock_production_lot_4Z881_3535580,2018-09-30 00:00:00,929,__import__.product_3535580,4Z881
__import__.stock_production_lot_5G271_3535598,2018-10-04 00:00:00,295,__import__.product_3535598,5G271
__import__.stock_production_lot_6MSV_3535853,2019-03-31 00:00:00,953,__import__.product_3535853,6MSV
__import__.stock_production_lot_6SVS_3535853,2019-06-30 00:00:00,325,__import__.product_3535853,6SVS
__import__.stock_production_lot_6H3M_3535861,2018-10-31 00:00:00,255,__import__.product_3535861,6H3M
__import__.stock_production_lot_6K4J_3535879,2018-12-31 00:00:00,758,__import__.product_3535879,6K4J
__import__.stock_production_lot_310520_3541380,2020-05-31 00:00:00,561,__import__.product_3541380,310520
__import__.stock_production_lot_280679_3541463,2020-12-31 00:00:00,205,__import__.product_3541463,280679
__import__.stock_production_lot_2410044AA_3541695,2019-05-05 00:00:00,245,__import__.product_3541695,2410044AA
__import__.stock_production_lot_17K102_3541737,2020-10-31 00:00:00,447,__import__.product_3541737,17K102
__import__.stock_production_lot_240907_3542883,2019-06-16 00:00:00,162,__import__.product_3542883,240907
__import__.stock_production_lot_170004_3550100,2019-10-08 00:00:00,356,__import__.product_3550100,170004
__import__.stock_production_lot_110A_3550431,2021-03-31 00:00:00,439,__import__.product_3550431,110A
__import__.stock_production_lot_00179C_3550449,2020-04-30 00:00:00,229,__import__.product_3550449,00179C
__import__.stock_production_lot_11186C_3550449,2020-02-28 00:00:00,519,__import__.product_3550449,11186C
__import__.stock_production_lot_170990A_3550456,2020-08-31 00:00:00,522,__import__.product_3550456,170990A
__import__.stock_production_lot_09452A_3550464,2019-01-31 00:00:00,195,__import__.product_3550464,09452A
__import__.stock_production_lot_80220433_3550472,2020-12-31 00:00:00,465,__import__.product_3550472,80220433
__import__.stock_production_lot_72680293_3550472,2020-09-30 00:00:00,442,__import__.product_3550472,72680293
__import__.stock_production_lot_170213011B_3550506,2019-02-01 00:00:00,491,__import__.product_3550506,170213011B
__import__.stock_production_lot_170213012B_3550506,2019-02-01 00:00:00,721,__import__.product_3550506,170213012B
__import__.stock_production_lot_310519_3555000,2019-05-31 00:00:00,783,__import__.product_3555000,310519
__import__.stock_production_lot_310819_3555000,2019-08-31 00:00:00,245,__import__.product_3555000,310819
__import__.stock_production_lot_300919_3556400,2019-09-30 00:00:00,348,__import__.product_3556400,300919
__import__.stock_production_lot_300919_3557500,2019-09-30 00:00:00,144,__import__.product_3557500,300919
__import__.stock_production_lot_301119_3557500,2019-11-30 00:00:00,658,__import__.product_3557500,301119
__import__.stock_production_lot_1356311A_3562154,2019-11-30 00:00:00,519,__import__.product_3562154,1356311A
__import__.stock_production_lot_1363011A_3562154,2020-04-30 00:00:00,432,__import__.product_3562154,1363011A
__import__.stock_production_lot_1363021A_3562162,2020-04-30 00:00:00,262,__import__.product_3562162,1363021A
__import__.stock_production_lot_1373621A_3562162,2020-10-31 00:00:00,278,__import__.product_3562162,1373621A
__import__.stock_production_lot_310519_3562402,2019-05-31 00:00:00,565,__import__.product_3562402,310519
__import__.stock_production_lot_300919_3562402,2019-09-30 00:00:00,513,__import__.product_3562402,300919
__import__.stock_production_lot_310519_3562410,2019-05-31 00:00:00,398,__import__.product_3562410,310519
__import__.stock_production_lot_300619_3562824,2019-06-30 00:00:00,288,__import__.product_3562824,300619
__import__.stock_production_lot_310819_3562824,2019-08-31 00:00:00,198,__import__.product_3562824,310819
__import__.stock_production_lot_300419_3562832,2019-04-30 00:00:00,520,__import__.product_3562832,300419
__import__.stock_production_lot_300619_3562832,2019-06-30 00:00:00,327,__import__.product_3562832,300619
__import__.stock_production_lot_310719_3562832,2019-07-31 00:00:00,740,__import__.product_3562832,310719
__import__.stock_production_lot_310819_3562840,2019-08-31 00:00:00,231,__import__.product_3562840,310819
__import__.stock_production_lot_310718_3562857,2018-07-31 00:00:00,100,__import__.product_3562857,310718
__import__.stock_production_lot_310119_3562857,2019-01-31 00:00:00,876,__import__.product_3562857,310119
__import__.stock_production_lot_300419_3562865,2019-04-30 00:00:00,130,__import__.product_3562865,300419
__import__.stock_production_lot_310519_3562865,2019-05-31 00:00:00,150,__import__.product_3562865,310519
__import__.stock_production_lot_310519_3562873,2019-05-31 00:00:00,958,__import__.product_3562873,310519
__import__.stock_production_lot_310519_3562881,2019-05-31 00:00:00,901,__import__.product_3562881,310519
__import__.stock_production_lot_310719_3562899,2019-07-31 00:00:00,185,__import__.product_3562899,310719
__import__.stock_production_lot_310819_3562899,2019-08-31 00:00:00,315,__import__.product_3562899,310819
__import__.stock_production_lot_300618_3562907,2018-06-30 00:00:00,412,__import__.product_3562907,300618
__import__.stock_production_lot_300918_3562907,2018-09-30 00:00:00,499,__import__.product_3562907,300918
__import__.stock_production_lot_300619_3562907,2019-06-30 00:00:00,918,__import__.product_3562907,300619
__import__.stock_production_lot_310819_3562907,2019-08-31 00:00:00,376,__import__.product_3562907,310819
__import__.stock_production_lot_310719_3562915,2019-07-31 00:00:00,274,__import__.product_3562915,310719
__import__.stock_production_lot_310519_3562923,2019-05-31 00:00:00,503,__import__.product_3562923,310519
__import__.stock_production_lot_310819_3562931,2019-08-31 00:00:00,453,__import__.product_3562931,310819
__import__.stock_production_lot_300419_3562949,2019-04-30 00:00:00,313,__import__.product_3562949,300419
__import__.stock_production_lot_310519_3562949,2019-05-31 00:00:00,912,__import__.product_3562949,310519
__import__.stock_production_lot_310319_3562956,2019-03-31 00:00:00,598,__import__.product_3562956,310319
__import__.stock_production_lot_310519_3562956,2019-05-31 00:00:00,992,__import__.product_3562956,310519
__import__.stock_production_lot_300419_3562964,2019-04-30 00:00:00,432,__import__.product_3562964,300419
__import__.stock_production_lot_310519_3562964,2019-05-31 00:00:00,631,__import__.product_3562964,310519
__import__.stock_production_lot_300619_3562964,2019-06-30 00:00:00,832,__import__.product_3562964,300619
__import__.stock_production_lot_310719_3562964,2019-07-31 00:00:00,452,__import__.product_3562964,310719
__import__.stock_production_lot_310119_3562972,2019-01-31 00:00:00,167,__import__.product_3562972,310119
__import__.stock_production_lot_310719_3562972,2019-07-31 00:00:00,688,__import__.product_3562972,310719
__import__.stock_production_lot_310819_3562972,2019-08-31 00:00:00,729,__import__.product_3562972,310819
__import__.stock_production_lot_310719_3562980,2019-07-31 00:00:00,113,__import__.product_3562980,310719
__import__.stock_production_lot_300619_3562998,2019-06-30 00:00:00,495,__import__.product_3562998,300619
__import__.stock_production_lot_310719_3562998,2019-07-31 00:00:00,394,__import__.product_3562998,310719
__import__.stock_production_lot_310719_3563004,2019-07-31 00:00:00,145,__import__.product_3563004,310719
__import__.stock_production_lot_310119_3563012,2019-01-31 00:00:00,139,__import__.product_3563012,310119
__import__.stock_production_lot_300419_3563012,2019-04-30 00:00:00,947,__import__.product_3563012,300419
__import__.stock_production_lot_310719_3563012,2019-07-31 00:00:00,967,__import__.product_3563012,310719
__import__.stock_production_lot_300619_3563020,2019-06-30 00:00:00,690,__import__.product_3563020,300619
__import__.stock_production_lot_310819_3563020,2019-08-31 00:00:00,851,__import__.product_3563020,310819
__import__.stock_production_lot_310718_3563038,2018-07-31 00:00:00,687,__import__.product_3563038,310718
__import__.stock_production_lot_310319_3563038,2019-03-31 00:00:00,973,__import__.product_3563038,310319
__import__.stock_production_lot_310519_3563038,2019-05-31 00:00:00,387,__import__.product_3563038,310519
__import__.stock_production_lot_310719_3563046,2019-07-31 00:00:00,219,__import__.product_3563046,310719
__import__.stock_production_lot_300619_3563053,2019-06-30 00:00:00,400,__import__.product_3563053,300619
__import__.stock_production_lot_310819_3563053,2019-08-31 00:00:00,261,__import__.product_3563053,310819
__import__.stock_production_lot_300619_3563061,2019-06-30 00:00:00,160,__import__.product_3563061,300619
__import__.stock_production_lot_310819_3563061,2019-08-31 00:00:00,260,__import__.product_3563061,310819
__import__.stock_production_lot_301118_3563079,2018-11-30 00:00:00,824,__import__.product_3563079,301118
__import__.stock_production_lot_310819_3563079,2019-08-31 00:00:00,674,__import__.product_3563079,310819
__import__.stock_production_lot_310719_3563087,2019-07-31 00:00:00,265,__import__.product_3563087,310719
__import__.stock_production_lot_310319_3563095,2019-03-31 00:00:00,180,__import__.product_3563095,310319
__import__.stock_production_lot_300419_3563095,2019-04-30 00:00:00,888,__import__.product_3563095,300419
__import__.stock_production_lot_310519_3563095,2019-05-31 00:00:00,222,__import__.product_3563095,310519
__import__.stock_production_lot_310819_3563095,2019-08-31 00:00:00,149,__import__.product_3563095,310819
__import__.stock_production_lot_300619_3563103,2019-06-30 00:00:00,834,__import__.product_3563103,300619
__import__.stock_production_lot_300618_3563111,2018-06-30 00:00:00,177,__import__.product_3563111,300618
__import__.stock_production_lot_300619_3563129,2019-06-30 00:00:00,224,__import__.product_3563129,300619
__import__.stock_production_lot_300419_3563137,2019-04-30 00:00:00,690,__import__.product_3563137,300419
__import__.stock_production_lot_310519_3563137,2019-05-31 00:00:00,489,__import__.product_3563137,310519
__import__.stock_production_lot_280219_3563145,2019-02-28 00:00:00,117,__import__.product_3563145,280219
__import__.stock_production_lot_300419_3563145,2019-04-30 00:00:00,122,__import__.product_3563145,300419
__import__.stock_production_lot_300619_3563145,2019-06-30 00:00:00,722,__import__.product_3563145,300619
__import__.stock_production_lot_310719_3563152,2019-07-31 00:00:00,391,__import__.product_3563152,310719
__import__.stock_production_lot_280219_3563160,2019-02-28 00:00:00,402,__import__.product_3563160,280219
__import__.stock_production_lot_300419_3563160,2019-04-30 00:00:00,372,__import__.product_3563160,300419
__import__.stock_production_lot_300619_3563160,2019-06-30 00:00:00,755,__import__.product_3563160,300619
__import__.stock_production_lot_310519_3563178,2019-05-31 00:00:00,631,__import__.product_3563178,310519
__import__.stock_production_lot_300619_3563178,2019-06-30 00:00:00,432,__import__.product_3563178,300619
__import__.stock_production_lot_310719_3563178,2019-07-31 00:00:00,131,__import__.product_3563178,310719
__import__.stock_production_lot_300918_3563186,2018-09-30 00:00:00,221,__import__.product_3563186,300918
__import__.stock_production_lot_280219_3563186,2019-02-28 00:00:00,163,__import__.product_3563186,280219
__import__.stock_production_lot_310719_3563186,2019-07-31 00:00:00,244,__import__.product_3563186,310719
__import__.stock_production_lot_KP0D23E_3567146,2020-12-31 00:00:00,435,__import__.product_3567146,KP0D23E
__import__.stock_production_lot_208995D_3571478,2019-06-30 00:00:00,445,__import__.product_3571478,208995D
__import__.stock_production_lot_170992B_3571635,2020-06-30 00:00:00,700,__import__.product_3571635,170992B
__import__.stock_production_lot_300919_3577061,2019-09-30 00:00:00,253,__import__.product_3577061,300919
__import__.stock_production_lot_7494300A_3581923,2019-12-31 00:00:00,655,__import__.product_3581923,7494300A
__import__.stock_production_lot_L451300_3581956,2019-04-25 00:00:00,227,__import__.product_3581956,L451300
__import__.stock_production_lot_KP0C82N_3582277,2019-09-30 00:00:00,621,__import__.product_3582277,KP0C82N
__import__.stock_production_lot_54119_3582582,2020-03-13 00:00:00,732,__import__.product_3582582,54119
__import__.stock_production_lot_170619B_3585825,2021-01-31 00:00:00,426,__import__.product_3585825,170619B
__import__.stock_production_lot_170668B_3585833,2020-03-31 00:00:00,912,__import__.product_3585833,170668B
__import__.stock_production_lot_170666A_3585841,2020-08-31 00:00:00,337,__import__.product_3585841,170666A
__import__.stock_production_lot_18D42_3587250,2021-02-28 00:00:00,476,__import__.product_3587250,18D42
__import__.stock_production_lot_16E58_3587268,2019-04-30 00:00:00,533,__import__.product_3587268,16E58
__import__.stock_production_lot_17D195_3589769,2019-09-30 00:00:00,411,__import__.product_3589769,17D195
__import__.stock_production_lot_707701_3590072,2020-01-31 00:00:00,649,__import__.product_3590072,707701
__import__.stock_production_lot_708701_3590080,2020-01-31 00:00:00,571,__import__.product_3590080,708701
__import__.stock_production_lot_KP0CUDE_3595683,2022-11-30 00:00:00,335,__import__.product_3595683,KP0CUDE
__import__.stock_production_lot_KP0CV0E_3595790,2022-12-31 00:00:00,411,__import__.product_3595790,KP0CV0E
__import__.stock_production_lot_KP0D28D_3595790,2023-01-31 00:00:00,458,__import__.product_3595790,KP0D28D
__import__.stock_production_lot_KP0D31R_3595808,2023-02-28 00:00:00,403,__import__.product_3595808,KP0D31R
__import__.stock_production_lot_17F126_3597267,2019-11-30 00:00:00,492,__import__.product_3597267,17F126
__import__.stock_production_lot_L449211_3597283,2019-09-23 00:00:00,151,__import__.product_3597283,L449211
__import__.stock_production_lot_L454593_3597309,2019-06-30 00:00:00,372,__import__.product_3597309,L454593
__import__.stock_production_lot_2145793_3597770,2019-07-31 00:00:00,391,__import__.product_3597770,2145793
__import__.stock_production_lot_2229817_3597770,2019-10-31 00:00:00,478,__import__.product_3597770,2229817
__import__.stock_production_lot_2145782_3597788,2019-07-31 00:00:00,414,__import__.product_3597788,2145782
__import__.stock_production_lot_2505725_3597788,2020-01-31 00:00:00,464,__import__.product_3597788,2505725
__import__.stock_production_lot_2136901A_3597804,2019-01-31 00:00:00,367,__import__.product_3597804,2136901A
__import__.stock_production_lot_68V3_3604212,2020-02-28 00:00:00,273,__import__.product_3604212,68V3
__import__.stock_production_lot_68Y5_3604220,2020-02-28 00:00:00,419,__import__.product_3604220,68Y5
__import__.stock_production_lot_B68HS_3604220,2020-02-28 00:00:00,653,__import__.product_3604220,B68HS
__import__.stock_production_lot_68HU_3604238,2020-02-28 00:00:00,394,__import__.product_3604238,68HU
__import__.stock_production_lot_68N8_3604246,2020-02-28 00:00:00,425,__import__.product_3604246,68N8
__import__.stock_production_lot_03522402_3606720,2019-01-22 00:00:00,101,__import__.product_3606720,03522402
__import__.stock_production_lot_17L123_3606761,2019-11-30 00:00:00,471,__import__.product_3606761,17L123
__import__.stock_production_lot_060K80208B2A_3606860,2019-04-30 00:00:00,322,__import__.product_3606860,060K80208B2A
__import__.stock_production_lot_6A1CBE11_3606878,2019-02-28 00:00:00,280,__import__.product_3606878,6A1CBE11
__import__.stock_production_lot_060K71206A1C_3606878,2019-02-28 00:00:00,179,__import__.product_3606878,060K71206A1C
__import__.stock_production_lot_17H30_3607686,2019-05-31 00:00:00,226,__import__.product_3607686,17H30
__import__.stock_production_lot_AL857611AA_3607694,2019-10-31 00:00:00,246,__import__.product_3607694,AL857611AA
__import__.stock_production_lot_AL857076AA_3607702,2019-10-31 00:00:00,429,__import__.product_3607702,AL857076AA
__import__.stock_production_lot_AL857801AC_3607710,2019-10-31 00:00:00,433,__import__.product_3607710,AL857801AC
__import__.stock_production_lot_AL858980C_3607728,2019-10-31 00:00:00,444,__import__.product_3607728,AL858980C
__import__.stock_production_lot_AL737077F_3611449,2019-10-31 00:00:00,462,__import__.product_3611449,AL737077F
__import__.stock_production_lot_311218_3612363,2018-12-31 00:00:00,568,__import__.product_3612363,311218
__import__.stock_production_lot_311218_3612397,2018-12-31 00:00:00,575,__import__.product_3612397,311218
__import__.stock_production_lot_DX00502_3612512,2019-06-30 00:00:00,524,__import__.product_3612512,DX00502
__import__.stock_production_lot_0180096_3621075,2021-03-31 00:00:00,319,__import__.product_3621075,0180096
__import__.stock_production_lot_0180090_3621075,2021-03-31 00:00:00,346,__import__.product_3621075,0180090
__import__.stock_production_lot_231642_3621166,2019-02-28 00:00:00,204,__import__.product_3621166,231642
__import__.stock_production_lot_233267_3621174,2019-03-31 00:00:00,131,__import__.product_3621174,233267
__import__.stock_production_lot_233268_3621182,2019-03-31 00:00:00,151,__import__.product_3621182,233268
__import__.stock_production_lot_260721_3621182,2019-04-30 00:00:00,205,__import__.product_3621182,260721
__import__.stock_production_lot_233270_3621190,2019-02-28 00:00:00,149,__import__.product_3621190,233270
__import__.stock_production_lot_260725_3621190,2019-02-28 00:00:00,336,__import__.product_3621190,260725
__import__.stock_production_lot_27500190917_3623659,2019-09-30 00:00:00,630,__import__.product_3623659,27500190917
__import__.stock_production_lot_70011802_3632668,2020-01-30 00:00:00,177,__import__.product_3632668,70011802
__import__.stock_production_lot_71011802_3632668,2020-01-30 00:00:00,440,__import__.product_3632668,71011802
__import__.stock_production_lot_67111702_3632676,2019-12-01 00:00:00,275,__import__.product_3632676,67111702
__import__.stock_production_lot_525007_3640695,2019-05-31 00:00:00,338,__import__.product_3640695,525007
__import__.stock_production_lot_045012_3640695,2019-12-31 00:00:00,311,__import__.product_3640695,045012
__import__.stock_production_lot_090008_3640943,2019-12-31 00:00:00,428,__import__.product_3640943,090008
__import__.stock_production_lot_1017835AD_3641677,2020-09-30 00:00:00,413,__import__.product_3641677,1017835AD
__import__.stock_production_lot_17081695001_3641867,2019-08-31 00:00:00,278,__import__.product_3641867,17081695001
__import__.stock_production_lot_17101696002_3641875,2019-10-31 00:00:00,292,__import__.product_3641875,17101696002
__import__.stock_production_lot_17111696003_3641875,2019-11-30 00:00:00,548,__import__.product_3641875,17111696003
__import__.stock_production_lot_17081567005_3641883,2019-08-31 00:00:00,311,__import__.product_3641883,17081567005
__import__.stock_production_lot_368_3641909,2019-12-31 00:00:00,542,__import__.product_3641909,368
__import__.stock_production_lot_170102057_3641982,2019-11-30 00:00:00,371,__import__.product_3641982,170102057
__import__.stock_production_lot_101A1_3642907,2020-03-31 00:00:00,334,__import__.product_3642907,101A1
__import__.stock_production_lot_106AA_3642907,2020-11-30 00:00:00,429,__import__.product_3642907,106AA
__import__.stock_production_lot_109AD_3642915,2020-11-30 00:00:00,226,__import__.product_3642915,109AD
__import__.stock_production_lot_AL858155A_3642923,2019-10-31 00:00:00,404,__import__.product_3642923,AL858155A
__import__.stock_production_lot_18020468_3643525,2021-01-31 00:00:00,302,__import__.product_3643525,18020468
__import__.stock_production_lot_18030563_3643533,2021-02-28 00:00:00,319,__import__.product_3643533,18030563
__import__.stock_production_lot_18020422_3643541,2021-01-31 00:00:00,291,__import__.product_3643541,18020422
__import__.stock_production_lot_4530317_3645181,2019-05-31 00:00:00,304,__import__.product_3645181,4530317
__import__.stock_production_lot_4530217_3645181,2019-05-31 00:00:00,429,__import__.product_3645181,4530217
__import__.stock_production_lot_4531017_3645181,2019-10-31 00:00:00,456,__import__.product_3645181,4531017
__import__.stock_production_lot_402B3_3659406,2020-06-30 00:00:00,177,__import__.product_3659406,402B3
__import__.stock_production_lot_28B3_3659414,2020-02-28 00:00:00,387,__import__.product_3659414,28B3
__import__.stock_production_lot_32B3_3659414,2020-05-31 00:00:00,514,__import__.product_3659414,32B3
__import__.stock_production_lot_18020446_3664182,2021-01-01 00:00:00,314,__import__.product_3664182,18020446
__import__.stock_production_lot_J313501_3664232,2020-05-31 00:00:00,592,__import__.product_3664232,J313501
__import__.stock_production_lot_102018_3664471,2018-10-31 00:00:00,200,__import__.product_3664471,102018
__import__.stock_production_lot_311018_3664471,2018-10-31 00:00:00,164,__import__.product_3664471,311018
__import__.stock_production_lot_112018_3664471,2018-11-30 00:00:00,197,__import__.product_3664471,112018
__import__.stock_production_lot_6HJ3_3672342,2018-09-30 00:00:00,208,__import__.product_3672342,6HJ3
__import__.stock_production_lot_7451502A_3676178,2019-11-30 00:00:00,332,__import__.product_3676178,7451502A
__import__.stock_production_lot_17L01468_3676368,2020-12-31 00:00:00,566,__import__.product_3676368,17L01468
__import__.stock_production_lot_M897A_3679719,2019-12-31 00:00:00,412,__import__.product_3679719,M897A
__import__.stock_production_lot_1716267A_3679727,2019-06-30 00:00:00,676,__import__.product_3679727,1716267A
__import__.stock_production_lot_H33317_3680485,2020-09-30 00:00:00,571,__import__.product_3680485,H33317
__import__.stock_production_lot_7505500A_3686599,2019-12-31 00:00:00,229,__import__.product_3686599,7505500A
__import__.stock_production_lot_8032500C_3686607,2020-01-31 00:00:00,492,__import__.product_3686607,8032500C
__import__.stock_production_lot_7463500C_3686615,2019-11-30 00:00:00,396,__import__.product_3686615,7463500C
__import__.stock_production_lot_7492502C_3686623,2019-11-30 00:00:00,303,__import__.product_3686623,7492502C
__import__.stock_production_lot_7432500C_3687498,2019-10-31 00:00:00,456,__import__.product_3687498,7432500C
__import__.stock_production_lot_KP0D3J0_3689189,2020-10-31 00:00:00,430,__import__.product_3689189,KP0D3J0
__import__.stock_production_lot_P104761_3695756,2020-10-31 00:00:00,370,__import__.product_3695756,P104761
__import__.stock_production_lot_P105863_3695756,2020-10-31 00:00:00,322,__import__.product_3695756,P105863
__import__.stock_production_lot_18D05031_3697778,2020-04-30 00:00:00,325,__import__.product_3697778,18D05031
__import__.stock_production_lot_7E2638AF_3702297,2019-09-18 00:00:00,633,__import__.product_3702297,7E2638AF
__import__.stock_production_lot_18C138_3704103,2021-02-28 00:00:00,261,__import__.product_3704103,18C138
__import__.stock_production_lot_Z450K349A_3719556,2020-11-30 00:00:00,419,__import__.product_3719556,Z450K349A
__import__.stock_production_lot_Z75K347A_3719564,2020-11-30 00:00:00,668,__import__.product_3719564,Z75K347A
__import__.stock_production_lot_Z225K311C_3719572,2020-10-31 00:00:00,456,__import__.product_3719572,Z225K311C
__import__.stock_production_lot_2414022_3719648,2019-11-30 00:00:00,467,__import__.product_3719648,2414022
__import__.stock_production_lot_2414032_3719655,2019-11-30 00:00:00,337,__import__.product_3719655,2414032
__import__.stock_production_lot_2229816_3719663,2019-10-31 00:00:00,580,__import__.product_3719663,2229816
__import__.stock_production_lot_804703_3738598,2020-12-31 00:00:00,554,__import__.product_3738598,804703
__import__.stock_production_lot_806701_3738606,2020-07-31 00:00:00,520,__import__.product_3738606,806701
__import__.stock_production_lot_804701_3738655,2020-06-30 00:00:00,665,__import__.product_3738655,804701
__import__.stock_production_lot_6TEFA_3748910,2021-02-25 00:00:00,728,__import__.product_3748910,6TEFA
__import__.stock_production_lot_280219_4004120,2019-02-28 00:00:00,239,__import__.product_4004120,280219
__import__.stock_production_lot_310320_4004130,2020-03-31 00:00:00,169,__import__.product_4004130,310320
__import__.stock_production_lot_310320_4004131,2020-03-31 00:00:00,293,__import__.product_4004131,310320
__import__.stock_production_lot_310719_4005026,2019-07-31 00:00:00,641,__import__.product_4005026,310719
__import__.stock_production_lot_300919_4005026,2019-09-30 00:00:00,411,__import__.product_4005026,300919
__import__.stock_production_lot_280219_4005901,2019-02-28 00:00:00,125,__import__.product_4005901,280219
__import__.stock_production_lot_310319_4005901,2019-03-31 00:00:00,543,__import__.product_4005901,310319
__import__.stock_production_lot_310119_4005902,2019-01-31 00:00:00,489,__import__.product_4005902,310119
__import__.stock_production_lot_310719_4005902,2019-07-31 00:00:00,313,__import__.product_4005902,310719
__import__.stock_production_lot_300919_4005921,2019-09-30 00:00:00,455,__import__.product_4005921,300919
__import__.stock_production_lot_310719_4005922,2019-07-31 00:00:00,696,__import__.product_4005922,310719
__import__.stock_production_lot_311019_4005922,2019-10-31 00:00:00,758,__import__.product_4005922,311019
__import__.stock_production_lot_310819_4006021,2019-08-31 00:00:00,767,__import__.product_4006021,310819
__import__.stock_production_lot_300919_4006022,2019-09-30 00:00:00,231,__import__.product_4006022,300919
__import__.stock_production_lot_310819_4006022,2019-08-31 00:00:00,830,__import__.product_4006022,310819
__import__.stock_production_lot_311019_4006022,2019-10-31 00:00:00,130,__import__.product_4006022,311019
__import__.stock_production_lot_310819_4006024,2019-08-31 00:00:00,825,__import__.product_4006024,310819
__import__.stock_production_lot_300919_4006024,2019-09-30 00:00:00,526,__import__.product_4006024,300919
__import__.stock_production_lot_301119_4006024,2019-11-30 00:00:00,847,__import__.product_4006024,301119
__import__.stock_production_lot_310519_4006025,2019-05-31 00:00:00,619,__import__.product_4006025,310519
__import__.stock_production_lot_300819_4006025,2019-08-30 00:00:00,941,__import__.product_4006025,300819
__import__.stock_production_lot_300919_4006025,2019-09-30 00:00:00,579,__import__.product_4006025,300919
__import__.stock_production_lot_300619_4006104,2019-06-30 00:00:00,736,__import__.product_4006104,300619
__import__.stock_production_lot_300919_4006104,2019-09-30 00:00:00,328,__import__.product_4006104,300919
__import__.stock_production_lot_301119_4006104,2019-11-30 00:00:00,919,__import__.product_4006104,301119
__import__.stock_production_lot_310119_4006111,2019-01-31 00:00:00,411,__import__.product_4006111,310119
__import__.stock_production_lot_300919_4006112,2019-09-30 00:00:00,648,__import__.product_4006112,300919
__import__.stock_production_lot_301118_4007021,2018-11-30 00:00:00,230,__import__.product_4007021,301118
__import__.stock_production_lot_310819_4007021,2019-08-31 00:00:00,801,__import__.product_4007021,310819
__import__.stock_production_lot_310719_4007022,2019-07-31 00:00:00,309,__import__.product_4007022,310719
__import__.stock_production_lot_300919_4007022,2019-09-30 00:00:00,669,__import__.product_4007022,300919
__import__.stock_production_lot_311019_4007022,2019-10-31 00:00:00,368,__import__.product_4007022,311019
__import__.stock_production_lot_301119_4007024,2019-11-30 00:00:00,771,__import__.product_4007024,301119
__import__.stock_production_lot_311218_4007025,2018-12-31 00:00:00,747,__import__.product_4007025,311218
__import__.stock_production_lot_310819_4007025,2019-08-31 00:00:00,226,__import__.product_4007025,310819
__import__.stock_production_lot_301119_4007025,2019-11-30 00:00:00,427,__import__.product_4007025,301119
__import__.stock_production_lot_300419_4007104,2019-04-30 00:00:00,767,__import__.product_4007104,300419
__import__.stock_production_lot_300619_4007104,2019-06-30 00:00:00,202,__import__.product_4007104,300619
__import__.stock_production_lot_301119_4007104,2019-11-30 00:00:00,257,__import__.product_4007104,301119
__import__.stock_production_lot_310119_4007121,2019-01-31 00:00:00,495,__import__.product_4007121,310119
__import__.stock_production_lot_280219_4007122,2019-02-28 00:00:00,246,__import__.product_4007122,280219
__import__.stock_production_lot_300918_4007221,2018-09-30 00:00:00,549,__import__.product_4007221,300918
__import__.stock_production_lot_310519_4007221,2019-05-31 00:00:00,880,__import__.product_4007221,310519
__import__.stock_production_lot_311019_4007222,2019-10-31 00:00:00,395,__import__.product_4007222,311019
__import__.stock_production_lot_311019_4007223,2019-10-31 00:00:00,651,__import__.product_4007223,311019
__import__.stock_production_lot_310719_4007224,2019-07-31 00:00:00,938,__import__.product_4007224,310719
__import__.stock_production_lot_280219_4008021,2019-02-28 00:00:00,266,__import__.product_4008021,280219
__import__.stock_production_lot_280219_4008024,2019-02-28 00:00:00,938,__import__.product_4008024,280219
__import__.stock_production_lot_310519_4008024,2019-05-31 00:00:00,749,__import__.product_4008024,310519
__import__.stock_production_lot_300619_4008024,2019-06-30 00:00:00,357,__import__.product_4008024,300619
__import__.stock_production_lot_301119_4008024,2019-11-30 00:00:00,419,__import__.product_4008024,301119
__import__.stock_production_lot_311219_4008024,2019-12-31 00:00:00,418,__import__.product_4008024,311219
__import__.stock_production_lot_300919_4008025,2019-09-30 00:00:00,465,__import__.product_4008025,300919
__import__.stock_production_lot_311218_4008026,2018-12-31 00:00:00,655,__import__.product_4008026,311218
__import__.stock_production_lot_310519_4008031,2019-05-31 00:00:00,253,__import__.product_4008031,310519
__import__.stock_production_lot_300919_4008031,2019-09-30 00:00:00,570,__import__.product_4008031,300919
__import__.stock_production_lot_310319_4008034,2019-03-31 00:00:00,380,__import__.product_4008034,310319
__import__.stock_production_lot_301119_4008034,2019-11-30 00:00:00,571,__import__.product_4008034,301119
__import__.stock_production_lot_311219_4008034,2019-12-31 00:00:00,563,__import__.product_4008034,311219
__import__.stock_production_lot_311218_4008036,2018-12-31 00:00:00,779,__import__.product_4008036,311218
__import__.stock_production_lot_311219_4008036,2019-12-31 00:00:00,900,__import__.product_4008036,311219
__import__.stock_production_lot_280219_4009011,2019-02-28 00:00:00,566,__import__.product_4009011,280219
__import__.stock_production_lot_310519_4009014,2019-05-31 00:00:00,142,__import__.product_4009014,310519
__import__.stock_production_lot_301119_4009014,2019-11-30 00:00:00,812,__import__.product_4009014,301119
__import__.stock_production_lot_311219_4009014,2019-12-31 00:00:00,211,__import__.product_4009014,311219
__import__.stock_production_lot_300619_4009015,2019-06-30 00:00:00,203,__import__.product_4009015,300619
__import__.stock_production_lot_310819_4009015,2019-08-31 00:00:00,164,__import__.product_4009015,310819
__import__.stock_production_lot_310319_4009016,2019-03-31 00:00:00,744,__import__.product_4009016,310319
__import__.stock_production_lot_280219_4009031,2019-02-28 00:00:00,266,__import__.product_4009031,280219
__import__.stock_production_lot_311019_4009031,2019-10-31 00:00:00,739,__import__.product_4009031,311019
__import__.stock_production_lot_310319_4009034,2019-03-31 00:00:00,535,__import__.product_4009034,310319
__import__.stock_production_lot_300619_4009034,2019-06-30 00:00:00,936,__import__.product_4009034,300619
__import__.stock_production_lot_311019_4009036,2019-10-31 00:00:00,913,__import__.product_4009036,311019
__import__.stock_production_lot_300619_4009052,2019-06-30 00:00:00,313,__import__.product_4009052,300619
__import__.stock_production_lot_311019_4009052,2019-10-31 00:00:00,678,__import__.product_4009052,311019
__import__.stock_production_lot_311019_4009053,2019-10-31 00:00:00,448,__import__.product_4009053,311019
__import__.stock_production_lot_311219_4009053,2019-12-31 00:00:00,148,__import__.product_4009053,311219
__import__.stock_production_lot_310718_4009091,2018-07-31 00:00:00,763,__import__.product_4009091,310718
__import__.stock_production_lot_300419_4009091,2019-04-30 00:00:00,550,__import__.product_4009091,300419
__import__.stock_production_lot_311019_4009091,2019-10-31 00:00:00,318,__import__.product_4009091,311019
__import__.stock_production_lot_311019_4009094,2019-10-31 00:00:00,487,__import__.product_4009094,311019
__import__.stock_production_lot_311219_4009094,2019-12-31 00:00:00,787,__import__.product_4009094,311219
__import__.stock_production_lot_17M27K8901_4062182,2022-11-01 00:00:00,449,__import__.product_4062182,17M27K8901
__import__.stock_production_lot_17C18K8121_4062182,2022-03-31 00:00:00,329,__import__.product_4062182,17C18K8121
__import__.stock_production_lot_17D16K8901_4062182,2022-04-30 00:00:00,179,__import__.product_4062182,17D16K8901
__import__.stock_production_lot_17C02A8421_4064007,2019-03-31 00:00:00,228,__import__.product_4064007,17C02A8421
__import__.stock_production_lot_17D29A8421_4064007,2019-04-30 00:00:00,760,__import__.product_4064007,17D29A8421
__import__.stock_production_lot_17L12A8421_4064007,2019-10-31 00:00:00,270,__import__.product_4064007,17L12A8421
__import__.stock_production_lot_17K16K8401_4064009,2022-09-30 00:00:00,774,__import__.product_4064009,17K16K8401
__import__.stock_production_lot_17K16K8902_4064009,2022-09-30 00:00:00,312,__import__.product_4064009,17K16K8902
__import__.stock_production_lot_17M03K8411_4097173,2022-11-30 00:00:00,420,__import__.product_4097173,17M03K8411
__import__.stock_production_lot_300919_4100004,2019-09-30 00:00:00,228,__import__.product_4100004,300919
__import__.stock_production_lot_310819_4100005,2019-08-31 00:00:00,203,__import__.product_4100005,310819
__import__.stock_production_lot_300619_4110003,2019-06-30 00:00:00,597,__import__.product_4110003,300619
__import__.stock_production_lot_301119_4110003,2019-11-30 00:00:00,259,__import__.product_4110003,301119
__import__.stock_production_lot_300619_4110005,2019-06-30 00:00:00,616,__import__.product_4110005,300619
__import__.stock_production_lot_311019_4110005,2019-10-31 00:00:00,267,__import__.product_4110005,311019
__import__.stock_production_lot_16M09K8121_4116755,2021-11-30 00:00:00,513,__import__.product_4116755,16M09K8121
__import__.stock_production_lot_300919_4120101,2019-09-30 00:00:00,700,__import__.product_4120101,300919
__import__.stock_production_lot_301119_4120101,2019-11-30 00:00:00,814,__import__.product_4120101,301119
__import__.stock_production_lot_311019_4120102,2019-10-31 00:00:00,759,__import__.product_4120102,311019
__import__.stock_production_lot_301119_4120102,2019-11-30 00:00:00,160,__import__.product_4120102,301119
__import__.stock_production_lot_310519_4120103,2019-05-31 00:00:00,853,__import__.product_4120103,310519
__import__.stock_production_lot_300919_4120103,2019-09-30 00:00:00,423,__import__.product_4120103,300919
__import__.stock_production_lot_301119_4120103,2019-11-30 00:00:00,523,__import__.product_4120103,301119
__import__.stock_production_lot_310819_4120104,2019-08-31 00:00:00,168,__import__.product_4120104,310819
__import__.stock_production_lot_300919_4120104,2019-09-30 00:00:00,211,__import__.product_4120104,300919
__import__.stock_production_lot_310319_4120131,2019-03-31 00:00:00,968,__import__.product_4120131,310319
__import__.stock_production_lot_300919_4120131,2019-09-30 00:00:00,738,__import__.product_4120131,300919
__import__.stock_production_lot_301119_4120131,2019-11-30 00:00:00,645,__import__.product_4120131,301119
__import__.stock_production_lot_310819_4120132,2019-08-31 00:00:00,204,__import__.product_4120132,310819
__import__.stock_production_lot_310519_4120151,2019-05-31 00:00:00,175,__import__.product_4120151,310519
__import__.stock_production_lot_301119_4120152,2019-11-30 00:00:00,380,__import__.product_4120152,301119
__import__.stock_production_lot_310719_4120154,2019-07-31 00:00:00,440,__import__.product_4120154,310719
__import__.stock_production_lot_301119_4120154,2019-11-30 00:00:00,810,__import__.product_4120154,301119
__import__.stock_production_lot_310819_4120181,2019-08-31 00:00:00,175,__import__.product_4120181,310819
__import__.stock_production_lot_311019_4120182,2019-10-31 00:00:00,538,__import__.product_4120182,311019
__import__.stock_production_lot_301119_4120182,2019-11-30 00:00:00,646,__import__.product_4120182,301119
__import__.stock_production_lot_301119_4120183,2019-11-30 00:00:00,485,__import__.product_4120183,301119
__import__.stock_production_lot_311019_4130002,2019-10-31 00:00:00,593,__import__.product_4130002,311019
__import__.stock_production_lot_300919_4130002,2019-09-30 00:00:00,015,__import__.product_4130002,300919
__import__.stock_production_lot_311019_4130003,2019-10-31 00:00:00,956,__import__.product_4130003,311019
__import__.stock_production_lot_300919_4140002,2019-09-30 00:00:00,472,__import__.product_4140002,300919
__import__.stock_production_lot_310519_4140002,2019-05-31 00:00:00,912,__import__.product_4140002,310519
__import__.stock_production_lot_300919_4140004,2019-09-30 00:00:00,981,__import__.product_4140004,300919
__import__.stock_production_lot_311219_4140004,2019-12-31 00:00:00,301,__import__.product_4140004,311219
__import__.stock_production_lot_311019_4140006,2019-10-31 00:00:00,896,__import__.product_4140006,311019
__import__.stock_production_lot_300619_4140006,2019-06-30 00:00:00,131,__import__.product_4140006,300619
__import__.stock_production_lot_301118_4140102,2018-11-30 00:00:00,258,__import__.product_4140102,301118
__import__.stock_production_lot_310319_4140111,2019-03-31 00:00:00,373,__import__.product_4140111,310319
__import__.stock_production_lot_300419_4140111,2019-04-30 00:00:00,960,__import__.product_4140111,300419
__import__.stock_production_lot_300919_4140111,2019-09-30 00:00:00,743,__import__.product_4140111,300919
__import__.stock_production_lot_310519_4140112,2019-05-31 00:00:00,429,__import__.product_4140112,310519
__import__.stock_production_lot_311019_4140112,2019-10-31 00:00:00,795,__import__.product_4140112,311019
__import__.stock_production_lot_301119_4140113,2019-11-30 00:00:00,452,__import__.product_4140113,301119
__import__.stock_production_lot_300919_4150002,2019-09-30 00:00:00,671,__import__.product_4150002,300919
__import__.stock_production_lot_301119_4150002,2019-11-30 00:00:00,771,__import__.product_4150002,301119
__import__.stock_production_lot_300919_4150004,2019-09-30 00:00:00,273,__import__.product_4150004,300919
__import__.stock_production_lot_311219_4150004,2019-12-31 00:00:00,593,__import__.product_4150004,311219
__import__.stock_production_lot_300619_4150050,2019-06-30 00:00:00,727,__import__.product_4150050,300619
__import__.stock_production_lot_310819_4150050,2019-08-31 00:00:00,985,__import__.product_4150050,310819
__import__.stock_production_lot_300919_4150101,2019-09-30 00:00:00,373,__import__.product_4150101,300919
__import__.stock_production_lot_311219_4150101,2019-12-31 00:00:00,507,__import__.product_4150101,311219
__import__.stock_production_lot_301119_4150102,2019-11-30 00:00:00,536,__import__.product_4150102,301119
__import__.stock_production_lot_311219_4150102,2019-12-31 00:00:00,249,__import__.product_4150102,311219
__import__.stock_production_lot_300919_4150104,2019-09-30 00:00:00,252,__import__.product_4150104,300919
__import__.stock_production_lot_301119_4150104,2019-11-30 00:00:00,666,__import__.product_4150104,301119
__import__.stock_production_lot_300619_4150201,2019-06-30 00:00:00,876,__import__.product_4150201,300619
__import__.stock_production_lot_310819_4150202,2019-08-31 00:00:00,590,__import__.product_4150202,310819
__import__.stock_production_lot_301119_4150202,2019-11-30 00:00:00,315,__import__.product_4150202,301119
__import__.stock_production_lot_300919_4150203,2019-09-30 00:00:00,447,__import__.product_4150203,300919
__import__.stock_production_lot_301119_4150203,2019-11-30 00:00:00,568,__import__.product_4150203,301119
__import__.stock_production_lot_310719_4160102,2019-07-31 00:00:00,165,__import__.product_4160102,310719
__import__.stock_production_lot_311218_4160103,2018-12-31 00:00:00,994,__import__.product_4160103,311218
__import__.stock_production_lot_300819_4160103,2019-08-30 00:00:00,136,__import__.product_4160103,300819
__import__.stock_production_lot_310819_4160103,2019-08-31 00:00:00,880,__import__.product_4160103,310819
__import__.stock_production_lot_301119_4160103,2019-11-30 00:00:00,695,__import__.product_4160103,301119
__import__.stock_production_lot_310719_4160104,2019-07-31 00:00:00,674,__import__.product_4160104,310719
__import__.stock_production_lot_310819_4160104,2019-08-31 00:00:00,836,__import__.product_4160104,310819
__import__.stock_production_lot_311019_4160104,2019-10-31 00:00:00,736,__import__.product_4160104,311019
__import__.stock_production_lot_301119_4160104,2019-11-30 00:00:00,137,__import__.product_4160104,301119
__import__.stock_production_lot_311219_4160104,2019-12-31 00:00:00,157,__import__.product_4160104,311219
__import__.stock_production_lot_310319_4160107,2019-03-31 00:00:00,125,__import__.product_4160107,310319
__import__.stock_production_lot_310519_4160107,2019-05-31 00:00:00,432,__import__.product_4160107,310519
__import__.stock_production_lot_311019_4160107,2019-10-31 00:00:00,201,__import__.product_4160107,311019
__import__.stock_production_lot_301119_4160107,2019-11-30 00:00:00,802,__import__.product_4160107,301119
__import__.stock_production_lot_311218_4160122,2018-12-31 00:00:00,448,__import__.product_4160122,311218
__import__.stock_production_lot_311019_4160122,2019-10-31 00:00:00,427,__import__.product_4160122,311019
__import__.stock_production_lot_310519_4160123,2019-05-31 00:00:00,921,__import__.product_4160123,310519
__import__.stock_production_lot_300919_4160123,2019-09-30 00:00:00,981,__import__.product_4160123,300919
__import__.stock_production_lot_311019_4160123,2019-10-31 00:00:00,880,__import__.product_4160123,311019
__import__.stock_production_lot_310119_4160126,2019-01-31 00:00:00,169,__import__.product_4160126,310119
__import__.stock_production_lot_300619_4160126,2019-06-30 00:00:00,477,__import__.product_4160126,300619
__import__.stock_production_lot_300919_4160126,2019-09-30 00:00:00,739,__import__.product_4160126,300919
__import__.stock_production_lot_300619_4170007,2019-06-30 00:00:00,660,__import__.product_4170007,300619
__import__.stock_production_lot_310819_4170007,2019-08-31 00:00:00,821,__import__.product_4170007,310819
__import__.stock_production_lot_300619_4170008,2019-06-30 00:00:00,916,__import__.product_4170008,300619
__import__.stock_production_lot_310819_4170008,2019-08-31 00:00:00,265,__import__.product_4170008,310819
__import__.stock_production_lot_300918_4175100,2018-09-30 00:00:00,114,__import__.product_4175100,300918
__import__.stock_production_lot_311218_4175100,2018-12-31 00:00:00,827,__import__.product_4175100,311218
__import__.stock_production_lot_310819_4180002,2019-08-31 00:00:00,946,__import__.product_4180002,310819
__import__.stock_production_lot_310319_4180202,2019-03-31 00:00:00,600,__import__.product_4180202,310319
__import__.stock_production_lot_301119_4180202,2019-11-30 00:00:00,774,__import__.product_4180202,301119
__import__.stock_production_lot_310718_4180400,2018-07-31 00:00:00,139,__import__.product_4180400,310718
__import__.stock_production_lot_310519_4180400,2019-05-31 00:00:00,125,__import__.product_4180400,310519
__import__.stock_production_lot_300919_4180400,2019-09-30 00:00:00,199,__import__.product_4180400,300919
__import__.stock_production_lot_310718_4180405,2018-07-31 00:00:00,218,__import__.product_4180405,310718
__import__.stock_production_lot_310719_4180405,2019-07-31 00:00:00,806,__import__.product_4180405,310719
__import__.stock_production_lot_301119_4180405,2019-11-30 00:00:00,404,__import__.product_4180405,301119
__import__.stock_production_lot_A157A01_4200130,2019-11-30 00:00:00,699,__import__.product_4200130,A157A01
__import__.stock_production_lot_A157B01_4200130,2019-11-30 00:00:00,851,__import__.product_4200130,A157B01
__import__.stock_production_lot_A046A01_4200190,2019-12-31 00:00:00,303,__import__.product_4200190,A046A01
__import__.stock_production_lot_310719_4210002,2019-07-31 00:00:00,860,__import__.product_4210002,310719
__import__.stock_production_lot_301119_4210002,2019-11-30 00:00:00,130,__import__.product_4210002,301119
__import__.stock_production_lot_310519_4210014,2019-05-31 00:00:00,210,__import__.product_4210014,310519
__import__.stock_production_lot_311019_4210101,2019-10-31 00:00:00,538,__import__.product_4210101,311019
__import__.stock_production_lot_301119_4210102,2019-11-30 00:00:00,885,__import__.product_4210102,301119
__import__.stock_production_lot_310519_4210103,2019-05-31 00:00:00,378,__import__.product_4210103,310519
__import__.stock_production_lot_300619_4210103,2019-06-30 00:00:00,479,__import__.product_4210103,300619
__import__.stock_production_lot_310120_4210130,2020-01-31 00:00:00,633,__import__.product_4210130,310120
__import__.stock_production_lot_280220_4210130,2020-02-28 00:00:00,622,__import__.product_4210130,280220
__import__.stock_production_lot_310320_4210130,2020-03-31 00:00:00,633,__import__.product_4210130,310320
__import__.stock_production_lot_300919_4210132,2019-09-30 00:00:00,333,__import__.product_4210132,300919
__import__.stock_production_lot_301119_4210132,2019-11-30 00:00:00,233,__import__.product_4210132,301119
__import__.stock_production_lot_301119_4210133,2019-11-30 00:00:00,800,__import__.product_4210133,301119
__import__.stock_production_lot_301119_4212005,2019-11-30 00:00:00,178,__import__.product_4212005,301119
__import__.stock_production_lot_300919_4212008,2019-09-30 00:00:00,422,__import__.product_4212008,300919
__import__.stock_production_lot_301119_4212008,2019-11-30 00:00:00,329,__import__.product_4212008,301119
__import__.stock_production_lot_300419_4212009,2019-04-30 00:00:00,809,__import__.product_4212009,300419
__import__.stock_production_lot_310519_4212009,2019-05-31 00:00:00,629,__import__.product_4212009,310519
__import__.stock_production_lot_300619_4212009,2019-06-30 00:00:00,830,__import__.product_4212009,300619
__import__.stock_production_lot_310819_4213002,2019-08-31 00:00:00,432,__import__.product_4213002,310819
__import__.stock_production_lot_300919_4213005,2019-09-30 00:00:00,566,__import__.product_4213005,300919
__import__.stock_production_lot_310319_4213014,2019-03-31 00:00:00,927,__import__.product_4213014,310319
__import__.stock_production_lot_311019_4214006,2019-10-31 00:00:00,902,__import__.product_4214006,311019
__import__.stock_production_lot_310119_4214014,2019-01-31 00:00:00,351,__import__.product_4214014,310119
__import__.stock_production_lot_310319_4214014,2019-03-31 00:00:00,565,__import__.product_4214014,310319
__import__.stock_production_lot_311218_4215002,2018-12-31 00:00:00,139,__import__.product_4215002,311218
__import__.stock_production_lot_310519_4215002,2019-05-31 00:00:00,449,__import__.product_4215002,310519
__import__.stock_production_lot_310719_4215002,2019-07-31 00:00:00,556,__import__.product_4215002,310719
__import__.stock_production_lot_300919_4215003,2019-09-30 00:00:00,972,__import__.product_4215003,300919
__import__.stock_production_lot_311019_4215003,2019-10-31 00:00:00,371,__import__.product_4215003,311019
__import__.stock_production_lot_17N04A8571_4215095,2022-12-31 00:00:00,149,__import__.product_4215095,17N04A8571
__import__.stock_production_lot_18B12A8571_4215095,2023-02-28 00:00:00,937,__import__.product_4215095,18B12A8571
__import__.stock_production_lot_301119_4217004,2019-11-30 00:00:00,721,__import__.product_4217004,301119
__import__.stock_production_lot_301118_4217007,2018-11-30 00:00:00,776,__import__.product_4217007,301118
__import__.stock_production_lot_310519_4217007,2019-05-31 00:00:00,616,__import__.product_4217007,310519
__import__.stock_production_lot_800511256_4218313,2023-03-31 00:00:00,539,__import__.product_4218313,800511256
__import__.stock_production_lot_700234255_4218331,2022-08-31 00:00:00,881,__import__.product_4218331,700234255
__import__.stock_production_lot_700348259_4218331,2022-12-31 00:00:00,603,__import__.product_4218331,700348259
__import__.stock_production_lot_701839251_4218359,2022-10-31 00:00:00,118,__import__.product_4218359,701839251
__import__.stock_production_lot_800718259_4218359,2023-05-31 00:00:00,757,__import__.product_4218359,800718259
__import__.stock_production_lot_17G07A8571_4219104,2022-07-31 00:00:00,200,__import__.product_4219104,17G07A8571
__import__.stock_production_lot_17H15A8571_4219104,2022-08-31 00:00:00,353,__import__.product_4219104,17H15A8571
__import__.stock_production_lot_310819_4220002,2019-08-31 00:00:00,528,__import__.product_4220002,310819
__import__.stock_production_lot_311019_4220002,2019-10-31 00:00:00,828,__import__.product_4220002,311019
__import__.stock_production_lot_300619_4220007,2019-06-30 00:00:00,820,__import__.product_4220007,300619
__import__.stock_production_lot_310819_4220007,2019-08-31 00:00:00,878,__import__.product_4220007,310819
__import__.stock_production_lot_300919_4220007,2019-09-30 00:00:00,179,__import__.product_4220007,300919
__import__.stock_production_lot_311019_4220007,2019-10-31 00:00:00,992,__import__.product_4220007,311019
__import__.stock_production_lot_311219_4220007,2019-12-31 00:00:00,792,__import__.product_4220007,311219
__import__.stock_production_lot_310319_4220014,2019-03-31 00:00:00,806,__import__.product_4220014,310319
__import__.stock_production_lot_310519_4220014,2019-05-31 00:00:00,716,__import__.product_4220014,310519
__import__.stock_production_lot_300419_4220014,2019-04-30 00:00:00,893,__import__.product_4220014,300419
__import__.stock_production_lot_280219_4220014,2019-02-28 00:00:00,395,__import__.product_4220014,280219
__import__.stock_production_lot_300619_4220014,2019-06-30 00:00:00,903,__import__.product_4220014,300619
__import__.stock_production_lot_310519_4220102,2019-05-31 00:00:00,217,__import__.product_4220102,310519
__import__.stock_production_lot_311019_4220102,2019-10-31 00:00:00,576,__import__.product_4220102,311019
__import__.stock_production_lot_310819_4220107,2019-08-31 00:00:00,350,__import__.product_4220107,310819
__import__.stock_production_lot_311019_4220107,2019-10-31 00:00:00,950,__import__.product_4220107,311019
__import__.stock_production_lot_300419_4220114,2019-04-30 00:00:00,272,__import__.product_4220114,300419
__import__.stock_production_lot_300619_4220141,2019-06-30 00:00:00,741,__import__.product_4220141,300619
__import__.stock_production_lot_300819_4220143,2019-08-30 00:00:00,857,__import__.product_4220143,300819
__import__.stock_production_lot_311019_4220143,2019-10-31 00:00:00,918,__import__.product_4220143,311019
__import__.stock_production_lot_311219_4220143,2019-12-31 00:00:00,439,__import__.product_4220143,311219
__import__.stock_production_lot_311018_4220151,2018-10-31 00:00:00,361,__import__.product_4220151,311018
__import__.stock_production_lot_311218_4220151,2018-12-31 00:00:00,668,__import__.product_4220151,311218
__import__.stock_production_lot_310719_4220151,2019-07-31 00:00:00,699,__import__.product_4220151,310719
__import__.stock_production_lot_311019_4220152,2019-10-31 00:00:00,517,__import__.product_4220152,311019
__import__.stock_production_lot_300919_4220171,2019-09-30 00:00:00,948,__import__.product_4220171,300919
__import__.stock_production_lot_300419_4220173,2019-04-30 00:00:00,988,__import__.product_4220173,300419
__import__.stock_production_lot_310719_4220173,2019-07-31 00:00:00,401,__import__.product_4220173,310719
__import__.stock_production_lot_300619_4220173,2019-06-30 00:00:00,702,__import__.product_4220173,300619
__import__.stock_production_lot_301119_4220190,2019-11-30 00:00:00,385,__import__.product_4220190,301119
__import__.stock_production_lot_310719_4220193,2019-07-31 00:00:00,387,__import__.product_4220193,310719
__import__.stock_production_lot_311019_4220193,2019-10-31 00:00:00,656,__import__.product_4220193,311019
__import__.stock_production_lot_301119_4220193,2019-11-30 00:00:00,557,__import__.product_4220193,301119
__import__.stock_production_lot_311219_4220193,2019-12-31 00:00:00,956,__import__.product_4220193,311219
__import__.stock_production_lot_301119_4230101,2019-11-30 00:00:00,616,__import__.product_4230101,301119
__import__.stock_production_lot_310819_4230101,2019-08-31 00:00:00,422,__import__.product_4230101,310819
__import__.stock_production_lot_311219_4230101,2019-12-31 00:00:00,322,__import__.product_4230101,311219
__import__.stock_production_lot_301119_4230102,2019-11-30 00:00:00,376,__import__.product_4230102,301119
__import__.stock_production_lot_300419_4230103,2019-04-30 00:00:00,563,__import__.product_4230103,300419
__import__.stock_production_lot_310519_4230103,2019-05-31 00:00:00,462,__import__.product_4230103,310519
__import__.stock_production_lot_300619_4230103,2019-06-30 00:00:00,463,__import__.product_4230103,300619
__import__.stock_production_lot_280219_4230111,2019-02-28 00:00:00,673,__import__.product_4230111,280219
__import__.stock_production_lot_300919_4230111,2019-09-30 00:00:00,661,__import__.product_4230111,300919
__import__.stock_production_lot_310819_4230112,2019-08-31 00:00:00,809,__import__.product_4230112,310819
__import__.stock_production_lot_301119_4230112,2019-11-30 00:00:00,817,__import__.product_4230112,301119
__import__.stock_production_lot_300919_4230121,2019-09-30 00:00:00,609,__import__.product_4230121,300919
__import__.stock_production_lot_301119_4230121,2019-11-30 00:00:00,709,__import__.product_4230121,301119
__import__.stock_production_lot_300919_4230122,2019-09-30 00:00:00,355,__import__.product_4230122,300919
__import__.stock_production_lot_301119_4230122,2019-11-30 00:00:00,476,__import__.product_4230122,301119
__import__.stock_production_lot_310519_4230123,2019-05-31 00:00:00,148,__import__.product_4230123,310519
__import__.stock_production_lot_311019_4230131,2019-10-31 00:00:00,860,__import__.product_4230131,311019
__import__.stock_production_lot_311219_4230132,2019-12-31 00:00:00,323,__import__.product_4230132,311219
__import__.stock_production_lot_300419_4230133,2019-04-30 00:00:00,001,__import__.product_4230133,300419
__import__.stock_production_lot_310519_4230133,2019-05-31 00:00:00,600,__import__.product_4230133,310519
__import__.stock_production_lot_58721_4241781,2020-04-30 00:00:00,349,__import__.product_4241781,58721
__import__.stock_production_lot_310719_4250002,2019-07-31 00:00:00,735,__import__.product_4250002,310719
__import__.stock_production_lot_300919_4250002,2019-09-30 00:00:00,595,__import__.product_4250002,300919
__import__.stock_production_lot_311019_4250002,2019-10-31 00:00:00,587,__import__.product_4250002,311019
__import__.stock_production_lot_301119_4250002,2019-11-30 00:00:00,295,__import__.product_4250002,301119
__import__.stock_production_lot_300919_4250006,2019-09-30 00:00:00,316,__import__.product_4250006,300919
__import__.stock_production_lot_301119_4250006,2019-11-30 00:00:00,516,__import__.product_4250006,301119
__import__.stock_production_lot_300419_4250014,2019-04-30 00:00:00,476,__import__.product_4250014,300419
__import__.stock_production_lot_300619_4250014,2019-06-30 00:00:00,376,__import__.product_4250014,300619
__import__.stock_production_lot_300419_4250102,2019-04-30 00:00:00,877,__import__.product_4250102,300419
__import__.stock_production_lot_311019_4250102,2019-10-31 00:00:00,359,__import__.product_4250102,311019
__import__.stock_production_lot_300919_4250106,2019-09-30 00:00:00,571,__import__.product_4250106,300919
__import__.stock_production_lot_311019_4250106,2019-10-31 00:00:00,477,__import__.product_4250106,311019
__import__.stock_production_lot_311219_4250106,2019-12-31 00:00:00,691,__import__.product_4250106,311219
__import__.stock_production_lot_310319_4250112,2019-03-31 00:00:00,324,__import__.product_4250112,310319
__import__.stock_production_lot_310519_4250112,2019-05-31 00:00:00,645,__import__.product_4250112,310519
__import__.stock_production_lot_300419_4250112,2019-04-30 00:00:00,225,__import__.product_4250112,300419
__import__.stock_production_lot_300619_4250112,2019-06-30 00:00:00,839,__import__.product_4250112,300619
__import__.stock_production_lot_301119_4250201,2019-11-30 00:00:00,569,__import__.product_4250201,301119
__import__.stock_production_lot_300919_4250204,2019-09-30 00:00:00,281,__import__.product_4250204,300919
__import__.stock_production_lot_301119_4250204,2019-11-30 00:00:00,241,__import__.product_4250204,301119
__import__.stock_production_lot_301119_4250208,2019-11-30 00:00:00,866,__import__.product_4250208,301119
__import__.stock_production_lot_311219_4250208,2019-12-31 00:00:00,758,__import__.product_4250208,311219
__import__.stock_production_lot_310519_4260002,2019-05-31 00:00:00,227,__import__.product_4260002,310519
__import__.stock_production_lot_301119_4260002,2019-11-30 00:00:00,187,__import__.product_4260002,301119
__import__.stock_production_lot_311018_4260014,2018-10-31 00:00:00,950,__import__.product_4260014,311018
__import__.stock_production_lot_310319_4260014,2019-03-31 00:00:00,660,__import__.product_4260014,310319
__import__.stock_production_lot_300419_4260014,2019-04-30 00:00:00,175,__import__.product_4260014,300419
__import__.stock_production_lot_310519_4260014,2019-05-31 00:00:00,974,__import__.product_4260014,310519
__import__.stock_production_lot_300619_4260014,2019-06-30 00:00:00,675,__import__.product_4260014,300619
__import__.stock_production_lot_300919_4260101,2019-09-30 00:00:00,189,__import__.product_4260101,300919
__import__.stock_production_lot_300919_4260102,2019-09-30 00:00:00,445,__import__.product_4260102,300919
__import__.stock_production_lot_310819_4260201,2019-08-31 00:00:00,246,__import__.product_4260201,310819
__import__.stock_production_lot_301119_4260201,2019-11-30 00:00:00,168,__import__.product_4260201,301119
__import__.stock_production_lot_301119_4260202,2019-11-30 00:00:00,817,__import__.product_4260202,301119
__import__.stock_production_lot_16F05G8254_4263111,2021-06-30 00:00:00,613,__import__.product_4263111,16F05G8254
__import__.stock_production_lot_17G12G8253_4263111,2022-07-31 00:00:00,367,__import__.product_4263111,17G12G8253
__import__.stock_production_lot_310719_4270002,2019-07-31 00:00:00,812,__import__.product_4270002,310719
__import__.stock_production_lot_300819_4270002,2019-08-30 00:00:00,713,__import__.product_4270002,300819
__import__.stock_production_lot_311219_4270002,2019-12-31 00:00:00,678,__import__.product_4270002,311219
__import__.stock_production_lot_310819_4270007,2019-08-31 00:00:00,938,__import__.product_4270007,310819
__import__.stock_production_lot_300919_4270007,2019-09-30 00:00:00,739,__import__.product_4270007,300919
__import__.stock_production_lot_311019_4270007,2019-10-31 00:00:00,759,__import__.product_4270007,311019
__import__.stock_production_lot_301119_4270007,2019-11-30 00:00:00,453,__import__.product_4270007,301119
__import__.stock_production_lot_280219_4270014,2019-02-28 00:00:00,455,__import__.product_4270014,280219
__import__.stock_production_lot_300419_4270014,2019-04-30 00:00:00,353,__import__.product_4270014,300419
__import__.stock_production_lot_310519_4270014,2019-05-31 00:00:00,666,__import__.product_4270014,310519
__import__.stock_production_lot_300619_4270014,2019-06-30 00:00:00,174,__import__.product_4270014,300619
__import__.stock_production_lot_310719_4270102,2019-07-31 00:00:00,281,__import__.product_4270102,310719
__import__.stock_production_lot_300919_4270107,2019-09-30 00:00:00,504,__import__.product_4270107,300919
__import__.stock_production_lot_301119_4270107,2019-11-30 00:00:00,225,__import__.product_4270107,301119
__import__.stock_production_lot_300418_4270114,2018-04-30 00:00:00,325,__import__.product_4270114,300418
__import__.stock_production_lot_310319_4270114,2019-03-31 00:00:00,617,__import__.product_4270114,310319
__import__.stock_production_lot_310519_4270114,2019-05-31 00:00:00,924,__import__.product_4270114,310519
__import__.stock_production_lot_300419_4270114,2019-04-30 00:00:00,218,__import__.product_4270114,300419
__import__.stock_production_lot_300919_4270131,2019-09-30 00:00:00,129,__import__.product_4270131,300919
__import__.stock_production_lot_301119_4270131,2019-11-30 00:00:00,529,__import__.product_4270131,301119
__import__.stock_production_lot_311019_4270132,2019-10-31 00:00:00,874,__import__.product_4270132,311019
__import__.stock_production_lot_311219_4270132,2019-12-31 00:00:00,381,__import__.product_4270132,311219
__import__.stock_production_lot_310319_4270133,2019-03-31 00:00:00,961,__import__.product_4270133,310319
__import__.stock_production_lot_310519_4270133,2019-05-31 00:00:00,961,__import__.product_4270133,310519
__import__.stock_production_lot_300619_4270133,2019-06-30 00:00:00,862,__import__.product_4270133,300619
__import__.stock_production_lot_300919_4270141,2019-09-30 00:00:00,660,__import__.product_4270141,300919
__import__.stock_production_lot_301119_4270142,2019-11-30 00:00:00,730,__import__.product_4270142,301119
__import__.stock_production_lot_311219_4270142,2019-12-31 00:00:00,429,__import__.product_4270142,311219
__import__.stock_production_lot_300919_4270143,2019-09-30 00:00:00,676,__import__.product_4270143,300919
__import__.stock_production_lot_310819_4280101,2019-08-31 00:00:00,872,__import__.product_4280101,310819
__import__.stock_production_lot_311019_4280101,2019-10-31 00:00:00,472,__import__.product_4280101,311019
__import__.stock_production_lot_301119_4280101,2019-11-30 00:00:00,880,__import__.product_4280101,301119
__import__.stock_production_lot_301119_4280102,2019-11-30 00:00:00,636,__import__.product_4280102,301119
__import__.stock_production_lot_310319_4280103,2019-03-31 00:00:00,808,__import__.product_4280103,310319
__import__.stock_production_lot_310519_4280103,2019-05-31 00:00:00,536,__import__.product_4280103,310519
__import__.stock_production_lot_310319_4290045,2019-03-31 00:00:00,403,__import__.product_4290045,310319
__import__.stock_production_lot_310119_4290211,2019-01-31 00:00:00,401,__import__.product_4290211,310119
__import__.stock_production_lot_311019_4290211,2019-10-31 00:00:00,281,__import__.product_4290211,311019
__import__.stock_production_lot_300919_4290212,2019-09-30 00:00:00,538,__import__.product_4290212,300919
__import__.stock_production_lot_311019_4290212,2019-10-31 00:00:00,137,__import__.product_4290212,311019
__import__.stock_production_lot_301119_4290212,2019-11-30 00:00:00,238,__import__.product_4290212,301119
__import__.stock_production_lot_310519_4290213,2019-05-31 00:00:00,117,__import__.product_4290213,310519
__import__.stock_production_lot_280219_4290302,2019-02-28 00:00:00,167,__import__.product_4290302,280219
__import__.stock_production_lot_311019_4290302,2019-10-31 00:00:00,347,__import__.product_4290302,311019
__import__.stock_production_lot_310819_4290302,2019-08-31 00:00:00,647,__import__.product_4290302,310819
__import__.stock_production_lot_6JLK_4321557,2019-10-31 00:00:00,219,__import__.product_4321557,6JLK
__import__.stock_production_lot_6P7G_4321557,2020-01-31 00:00:00,960,__import__.product_4321557,6P7G
__import__.stock_production_lot_58783_4327784,2020-05-31 00:00:00,766,__import__.product_4327784,58783
__import__.stock_production_lot_58682_4327790,2020-04-30 00:00:00,236,__import__.product_4327790,58682
__import__.stock_production_lot_170681_4341092,2019-03-31 00:00:00,204,__import__.product_4341092,170681
__import__.stock_production_lot_57971_4344073,2020-01-31 00:00:00,947,__import__.product_4344073,57971
__import__.stock_production_lot_58235_4344096,2020-01-31 00:00:00,848,__import__.product_4344096,58235
__import__.stock_production_lot_58979_4344096,2020-06-30 00:00:00,882,__import__.product_4344096,58979
__import__.stock_production_lot_Z225K181H_4367921,2020-06-28 00:00:00,226,__import__.product_4367921,Z225K181H
__import__.stock_production_lot_Z225K181L_4367921,2020-06-30 00:00:00,139,__import__.product_4367921,Z225K181L
__import__.stock_production_lot_Z75K285D_4373726,2020-10-04 00:00:00,877,__import__.product_4373726,Z75K285D
__import__.stock_production_lot_Z75K303D_4373726,2020-01-31 00:00:00,417,__import__.product_4373726,Z75K303D
__import__.stock_production_lot_58395_4379752,2020-03-31 00:00:00,288,__import__.product_4379752,58395
__import__.stock_production_lot_201705_4388254,2019-09-30 00:00:00,376,__import__.product_4388254,201705
__import__.stock_production_lot_327420_4391049,2021-05-31 00:00:00,951,__import__.product_4391049,327420
__import__.stock_production_lot_3200252_4391055,2020-03-31 00:00:00,444,__import__.product_4391055,3200252
__import__.stock_production_lot_84313_4427161,2020-06-30 00:00:00,314,__import__.product_4427161,84313
__import__.stock_production_lot_88571_4447063,2021-02-28 00:00:00,643,__import__.product_4447063,88571
__import__.stock_production_lot_88569_4447086,2021-02-28 00:00:00,525,__import__.product_4447086,88569
__import__.stock_production_lot_326398_4447092,2021-03-31 00:00:00,153,__import__.product_4447092,326398
__import__.stock_production_lot_57923_4449582,2019-12-31 00:00:00,446,__import__.product_4449582,57923
__import__.stock_production_lot_58678_4449599,2020-04-30 00:00:00,239,__import__.product_4449599,58678
__import__.stock_production_lot_325034_4456576,2019-12-31 00:00:00,366,__import__.product_4456576,325034
__import__.stock_production_lot_325589_4456576,2020-01-31 00:00:00,907,__import__.product_4456576,325589
__import__.stock_production_lot_325293_4461838,2020-12-31 00:00:00,709,__import__.product_4461838,325293
__import__.stock_production_lot_320936_4461844,2020-04-30 00:00:00,177,__import__.product_4461844,320936
__import__.stock_production_lot_323870_4469981,2020-10-31 00:00:00,792,__import__.product_4469981,323870
__import__.stock_production_lot_319547_4483403,2020-01-31 00:00:00,547,__import__.product_4483403,319547
__import__.stock_production_lot_87894_4484644,2021-01-31 00:00:00,652,__import__.product_4484644,87894
__import__.stock_production_lot_84311_4484650,2020-07-31 00:00:00,155,__import__.product_4484650,84311
__import__.stock_production_lot_84939_4484667,2019-08-31 00:00:00,660,__import__.product_4484667,84939
__import__.stock_production_lot_322874_4494200,2020-02-28 00:00:00,416,__import__.product_4494200,322874
__import__.stock_production_lot_323567_4494200,2020-03-31 00:00:00,375,__import__.product_4494200,323567
__import__.stock_production_lot_326981_4494200,2020-10-31 00:00:00,597,__import__.product_4494200,326981
__import__.stock_production_lot_310719_4500201,2019-07-31 00:00:00,482,__import__.product_4500201,310719
__import__.stock_production_lot_310719_4500204,2019-07-31 00:00:00,765,__import__.product_4500204,310719
__import__.stock_production_lot_300919_4500204,2019-09-30 00:00:00,114,__import__.product_4500204,300919
__import__.stock_production_lot_311019_4500205,2019-10-31 00:00:00,680,__import__.product_4500205,311019
__import__.stock_production_lot_301119_4500205,2019-11-30 00:00:00,381,__import__.product_4500205,301119
__import__.stock_production_lot_311219_4500205,2019-12-31 00:00:00,980,__import__.product_4500205,311219
__import__.stock_production_lot_310719_4500224,2019-07-31 00:00:00,758,__import__.product_4500224,310719
__import__.stock_production_lot_301119_4500224,2019-11-30 00:00:00,728,__import__.product_4500224,301119
__import__.stock_production_lot_300619_4500225,2019-06-30 00:00:00,915,__import__.product_4500225,300619
__import__.stock_production_lot_301119_4500225,2019-11-30 00:00:00,667,__import__.product_4500225,301119
__import__.stock_production_lot_301118_4500241,2018-11-30 00:00:00,356,__import__.product_4500241,301118
__import__.stock_production_lot_300419_4500244,2019-04-30 00:00:00,538,__import__.product_4500244,300419
__import__.stock_production_lot_300619_4500244,2019-06-30 00:00:00,138,__import__.product_4500244,300619
__import__.stock_production_lot_300919_4500244,2019-09-30 00:00:00,100,__import__.product_4500244,300919
__import__.stock_production_lot_310519_4500245,2019-05-31 00:00:00,390,__import__.product_4500245,310519
__import__.stock_production_lot_300919_4500264,2019-09-30 00:00:00,428,__import__.product_4500264,300919
__import__.stock_production_lot_300619_4500265,2019-06-30 00:00:00,798,__import__.product_4500265,300619
__import__.stock_production_lot_310319_4500281,2019-03-31 00:00:00,851,__import__.product_4500281,310319
__import__.stock_production_lot_311019_4500282,2019-10-31 00:00:00,494,__import__.product_4500282,311019
__import__.stock_production_lot_311219_4500282,2019-12-31 00:00:00,894,__import__.product_4500282,311219
__import__.stock_production_lot_301119_4500284,2019-11-30 00:00:00,904,__import__.product_4500284,301119
__import__.stock_production_lot_300919_4500285,2019-09-30 00:00:00,639,__import__.product_4500285,300919
__import__.stock_production_lot_311019_4500285,2019-10-31 00:00:00,759,__import__.product_4500285,311019
__import__.stock_production_lot_301119_4500285,2019-11-30 00:00:00,253,__import__.product_4500285,301119
__import__.stock_production_lot_311219_4500285,2019-12-31 00:00:00,359,__import__.product_4500285,311219
__import__.stock_production_lot_300619_4500304,2019-06-30 00:00:00,924,__import__.product_4500304,300619
__import__.stock_production_lot_310819_4500304,2019-08-31 00:00:00,675,__import__.product_4500304,310819
__import__.stock_production_lot_301118_4500305,2018-11-30 00:00:00,546,__import__.product_4500305,301118
__import__.stock_production_lot_300619_4500305,2019-06-30 00:00:00,977,__import__.product_4500305,300619
__import__.stock_production_lot_301119_4500305,2019-11-30 00:00:00,146,__import__.product_4500305,301119
__import__.stock_production_lot_300919_4500324,2019-09-30 00:00:00,969,__import__.product_4500324,300919
__import__.stock_production_lot_301119_4500324,2019-11-30 00:00:00,790,__import__.product_4500324,301119
__import__.stock_production_lot_301119_4500325,2019-11-30 00:00:00,839,__import__.product_4500325,301119
__import__.stock_production_lot_311219_4500325,2019-12-31 00:00:00,445,__import__.product_4500325,311219
__import__.stock_production_lot_310519_4500345,2019-05-31 00:00:00,755,__import__.product_4500345,310519
__import__.stock_production_lot_310119_4500364,2019-01-31 00:00:00,192,__import__.product_4500364,310119
__import__.stock_production_lot_310819_4500364,2019-08-31 00:00:00,454,__import__.product_4500364,310819
__import__.stock_production_lot_300619_4500365,2019-06-30 00:00:00,256,__import__.product_4500365,300619
__import__.stock_production_lot_301119_4500381,2019-11-30 00:00:00,804,__import__.product_4500381,301119
__import__.stock_production_lot_300919_4500383,2019-09-30 00:00:00,367,__import__.product_4500383,300919
__import__.stock_production_lot_301119_4500383,2019-11-30 00:00:00,209,__import__.product_4500383,301119
__import__.stock_production_lot_301118_4500402,2018-11-30 00:00:00,553,__import__.product_4500402,301118
__import__.stock_production_lot_310718_4500402,2018-07-31 00:00:00,383,__import__.product_4500402,310718
__import__.stock_production_lot_301119_4500402,2019-11-30 00:00:00,639,__import__.product_4500402,301119
__import__.stock_production_lot_311019_4500404,2019-10-31 00:00:00,947,__import__.product_4500404,311019
__import__.stock_production_lot_301119_4500404,2019-11-30 00:00:00,948,__import__.product_4500404,301119
__import__.stock_production_lot_301119_4500405,2019-11-30 00:00:00,304,__import__.product_4500405,301119
__import__.stock_production_lot_300919_4500424,2019-09-30 00:00:00,334,__import__.product_4500424,300919
__import__.stock_production_lot_301119_4500425,2019-11-30 00:00:00,201,__import__.product_4500425,301119
__import__.stock_production_lot_310319_4500445,2019-03-31 00:00:00,920,__import__.product_4500445,310319
__import__.stock_production_lot_310519_4500445,2019-05-31 00:00:00,320,__import__.product_4500445,310519
__import__.stock_production_lot_300619_4500445,2019-06-30 00:00:00,721,__import__.product_4500445,300619
__import__.stock_production_lot_311218_4500461,2018-12-31 00:00:00,782,__import__.product_4500461,311218
__import__.stock_production_lot_280219_4500462,2019-02-28 00:00:00,944,__import__.product_4500462,280219
__import__.stock_production_lot_300919_4500462,2019-09-30 00:00:00,825,__import__.product_4500462,300919
__import__.stock_production_lot_301119_4500462,2019-11-30 00:00:00,525,__import__.product_4500462,301119
__import__.stock_production_lot_301119_4500464,2019-11-30 00:00:00,641,__import__.product_4500464,301119
__import__.stock_production_lot_58228_4507747,2020-01-31 00:00:00,849,__import__.product_4507747,58228
__import__.stock_production_lot_58844_4507747,2020-05-31 00:00:00,339,__import__.product_4507747,58844
__import__.stock_production_lot_6GD2_4507799,2019-08-31 00:00:00,594,__import__.product_4507799,6GD2
__import__.stock_production_lot_17K11A8131_4550242,2022-09-30 00:00:00,845,__import__.product_4550242,17K11A8131
__import__.stock_production_lot_58064_4580922,2019-06-30 00:00:00,139,__import__.product_4580922,58064
__import__.stock_production_lot_58548_4580922,2019-09-30 00:00:00,750,__import__.product_4580922,58548
__import__.stock_production_lot_88148_4582737,2021-02-28 00:00:00,964,__import__.product_4582737,88148
__import__.stock_production_lot_10621C_4629901,2020-01-31 00:00:00,394,__import__.product_4629901,10621C
__import__.stock_production_lot_58806_4629976,2019-10-31 00:00:00,179,__import__.product_4629976,58806
__import__.stock_production_lot_884270_4634434,2021-01-31 00:00:00,147,__import__.product_4634434,884270
__import__.stock_production_lot_184473_4634434,2021-10-31 00:00:00,119,__import__.product_4634434,184473
__import__.stock_production_lot_106613_4635244,2020-09-30 00:00:00,458,__import__.product_4635244,106613
__import__.stock_production_lot_217724_4635244,2021-04-30 00:00:00,978,__import__.product_4635244,217724
__import__.stock_production_lot_17D22G8811_4657500,2022-03-31 00:00:00,404,__import__.product_4657500,17D22G8811
__import__.stock_production_lot_17H12G8841_4665120,2022-06-30 00:00:00,872,__import__.product_4665120,17H12G8841
__import__.stock_production_lot_511001823H_4665512,2018-11-12 00:00:00,191,__import__.product_4665512,511001823H
__import__.stock_production_lot_Z450K139H_4665512,2020-05-09 00:00:00,322,__import__.product_4665512,Z450K139H
__import__.stock_production_lot_F1731805_4665759,2019-11-30 00:00:00,385,__import__.product_4665759,F1731805
__import__.stock_production_lot_F1807203_4665759,2020-03-31 00:00:00,596,__import__.product_4665759,F1807203
__import__.stock_production_lot_16N22G8842_4665791,2021-09-30 00:00:00,980,__import__.product_4665791,16N22G8842
__import__.stock_production_lot_17H16G8842_4665791,2022-06-30 00:00:00,638,__import__.product_4665791,17H16G8842
__import__.stock_production_lot_323770_4696760,2020-04-30 00:00:00,955,__import__.product_4696760,323770
__import__.stock_production_lot_325919_4696760,2020-08-31 00:00:00,708,__import__.product_4696760,325919
__import__.stock_production_lot_172562_4741294,2020-06-20 00:00:00,280,__import__.product_4741294,172562
__import__.stock_production_lot_58657_4741437,2019-09-30 00:00:00,943,__import__.product_4741437,58657
__import__.stock_production_lot_17J28SF_4789711,2020-09-30 00:00:00,852,__import__.product_4789711,17J28SF
__import__.stock_production_lot_323771_4789823,2020-04-30 00:00:00,518,__import__.product_4789823,323771
__import__.stock_production_lot_87224_4841239,2020-12-31 00:00:00,783,__import__.product_4841239,87224
__import__.stock_production_lot_173402_4896708,2019-06-30 00:00:00,736,__import__.product_4896708,173402
__import__.stock_production_lot_3033817_4896861,2019-12-31 00:00:00,830,__import__.product_4896861,3033817
__import__.stock_production_lot_3200818_4896861,2020-01-31 00:00:00,249,__import__.product_4896861,3200818
__import__.stock_production_lot_3107118_4896861,2020-03-31 00:00:00,230,__import__.product_4896861,3107118
__import__.stock_production_lot_300919_4900001,2019-09-30 00:00:00,386,__import__.product_4900001,300919
__import__.stock_production_lot_300619_4900001,2019-06-30 00:00:00,645,__import__.product_4900001,300619
__import__.stock_production_lot_310819_4900003,2019-08-31 00:00:00,808,__import__.product_4900003,310819
__import__.stock_production_lot_300420_4900003,2020-04-30 00:00:00,126,__import__.product_4900003,300420
__import__.stock_production_lot_300919_4900004,2019-09-30 00:00:00,769,__import__.product_4900004,300919
__import__.stock_production_lot_310819_4900004,2019-08-31 00:00:00,568,__import__.product_4900004,310819
__import__.stock_production_lot_280220_4900402,2020-02-28 00:00:00,422,__import__.product_4900402,280220
__import__.stock_production_lot_300420_4900402,2020-04-30 00:00:00,262,__import__.product_4900402,300420
__import__.stock_production_lot_310320_4900403,2020-03-31 00:00:00,249,__import__.product_4900403,310320
__import__.stock_production_lot_310818_4900450,2018-08-31 00:00:00,631,__import__.product_4900450,310818
__import__.stock_production_lot_310519_4900450,2019-05-31 00:00:00,162,__import__.product_4900450,310519
__import__.stock_production_lot_280220_4900501,2020-02-28 00:00:00,338,__import__.product_4900501,280220
__import__.stock_production_lot_301119_4901407,2019-11-30 00:00:00,722,__import__.product_4901407,301119
__import__.stock_production_lot_280220_4901407,2020-02-28 00:00:00,927,__import__.product_4901407,280220
__import__.stock_production_lot_280220_4901408,2020-02-28 00:00:00,587,__import__.product_4901408,280220
__import__.stock_production_lot_310320_4901408,2020-03-31 00:00:00,219,__import__.product_4901408,310320
__import__.stock_production_lot_300420_4901408,2020-04-30 00:00:00,599,__import__.product_4901408,300420
__import__.stock_production_lot_300919_4901409,2019-09-30 00:00:00,824,__import__.product_4901409,300919
__import__.stock_production_lot_310320_4901409,2020-03-31 00:00:00,254,__import__.product_4901409,310320
__import__.stock_production_lot_300420_4901409,2020-04-30 00:00:00,355,__import__.product_4901409,300420
__import__.stock_production_lot_310120_4901603,2020-01-31 00:00:00,554,__import__.product_4901603,310120
__import__.stock_production_lot_310320_4901603,2020-03-31 00:00:00,754,__import__.product_4901603,310320
__import__.stock_production_lot_300420_4901603,2020-04-30 00:00:00,762,__import__.product_4901603,300420
__import__.stock_production_lot_301119_4901604,2019-11-30 00:00:00,298,__import__.product_4901604,301119
__import__.stock_production_lot_311219_4901604,2019-12-31 00:00:00,897,__import__.product_4901604,311219
__import__.stock_production_lot_300919_4901607,2019-09-30 00:00:00,742,__import__.product_4901607,300919
__import__.stock_production_lot_311219_4901607,2019-12-31 00:00:00,376,__import__.product_4901607,311219
__import__.stock_production_lot_300420_4901703,2020-04-30 00:00:00,120,__import__.product_4901703,300420
__import__.stock_production_lot_300919_4902404,2019-09-30 00:00:00,195,__import__.product_4902404,300919
__import__.stock_production_lot_310320_4902404,2020-03-31 00:00:00,914,__import__.product_4902404,310320
__import__.stock_production_lot_300420_4902404,2020-04-30 00:00:00,136,__import__.product_4902404,300420
__import__.stock_production_lot_310320_4902602,2020-03-31 00:00:00,439,__import__.product_4902602,310320
__import__.stock_production_lot_300420_4902602,2020-04-30 00:00:00,640,__import__.product_4902602,300420
__import__.stock_production_lot_300919_4905435,2019-09-30 00:00:00,416,__import__.product_4905435,300919
__import__.stock_production_lot_300919_4910036,2019-09-30 00:00:00,294,__import__.product_4910036,300919
__import__.stock_production_lot_301119_4910041,2019-11-30 00:00:00,982,__import__.product_4910041,301119
__import__.stock_production_lot_310320_4910041,2020-03-31 00:00:00,891,__import__.product_4910041,310320
__import__.stock_production_lot_311219_4910045,2018-12-31 00:00:00,304,__import__.product_4910045,311219
__import__.stock_production_lot_310320_4910045,2020-03-31 00:00:00,519,__import__.product_4910045,310320
__import__.stock_production_lot_300420_4910045,2020-04-30 00:00:00,513,__import__.product_4910045,300420
__import__.stock_production_lot_280220_4910046,2020-02-28 00:00:00,354,__import__.product_4910046,280220
__import__.stock_production_lot_311019_4910047,2019-10-31 00:00:00,604,__import__.product_4910047,311019
__import__.stock_production_lot_311219_4910047,2019-12-31 00:00:00,718,__import__.product_4910047,311219
__import__.stock_production_lot_300420_4910100,2020-04-30 00:00:00,725,__import__.product_4910100,300420
__import__.stock_production_lot_300420_4910101,2020-04-30 00:00:00,171,__import__.product_4910101,300420
__import__.stock_production_lot_300420_4922543,2020-04-30 00:00:00,212,__import__.product_4922543,300420
__import__.stock_production_lot_310520_4922543,2020-05-31 00:00:00,507,__import__.product_4922543,310520
__import__.stock_production_lot_311219_4930040,2019-12-31 00:00:00,719,__import__.product_4930040,311219
__import__.stock_production_lot_280220_4930040,2020-02-28 00:00:00,218,__import__.product_4930040,280220
__import__.stock_production_lot_280220_4930043,2020-02-28 00:00:00,873,__import__.product_4930043,280220
__import__.stock_production_lot_300420_4930043,2020-04-30 00:00:00,388,__import__.product_4930043,300420
__import__.stock_production_lot_300919_4950043,2019-09-30 00:00:00,659,__import__.product_4950043,300919
__import__.stock_production_lot_280220_4950043,2020-02-28 00:00:00,269,__import__.product_4950043,280220
__import__.stock_production_lot_301119_4950051,2019-11-30 00:00:00,595,__import__.product_4950051,301119
__import__.stock_production_lot_280220_4950051,2020-02-28 00:00:00,613,__import__.product_4950051,280220
__import__.stock_production_lot_300420_4950052,2020-04-30 00:00:00,294,__import__.product_4950052,300420
__import__.stock_production_lot_310520_4950052,2020-05-31 00:00:00,867,__import__.product_4950052,310520
__import__.stock_production_lot_311219_4952070,2019-12-31 00:00:00,120,__import__.product_4952070,311219
__import__.stock_production_lot_310120_4952070,2020-01-31 00:00:00,930,__import__.product_4952070,310120
__import__.stock_production_lot_310120_4960043,2020-01-31 00:00:00,153,__import__.product_4960043,310120
__import__.stock_production_lot_311019_4970037,2019-10-31 00:00:00,815,__import__.product_4970037,311019
__import__.stock_production_lot_311219_4970037,2019-12-31 00:00:00,729,__import__.product_4970037,311219
__import__.stock_production_lot_300420_4970037,2020-04-30 00:00:00,733,__import__.product_4970037,300420
__import__.stock_production_lot_310320_4970037,2020-03-31 00:00:00,839,__import__.product_4970037,310320
__import__.stock_production_lot_310120_4970038,2020-01-31 00:00:00,985,__import__.product_4970038,310120
__import__.stock_production_lot_280220_4970038,2020-02-28 00:00:00,510,__import__.product_4970038,280220
__import__.stock_production_lot_280220_4970041,2020-02-28 00:00:00,839,__import__.product_4970041,280220
__import__.stock_production_lot_310320_4970041,2020-03-31 00:00:00,850,__import__.product_4970041,310320
__import__.stock_production_lot_310120_4970044,2020-01-31 00:00:00,608,__import__.product_4970044,310120
__import__.stock_production_lot_310320_4970044,2020-03-31 00:00:00,108,__import__.product_4970044,310320
__import__.stock_production_lot_311219_4970045,2019-12-31 00:00:00,151,__import__.product_4970045,311219
__import__.stock_production_lot_310320_4970045,2020-03-31 00:00:00,675,__import__.product_4970045,310320
__import__.stock_production_lot_311219_4980040,2019-12-31 00:00:00,369,__import__.product_4980040,311219
__import__.stock_production_lot_310120_4980040,2020-01-31 00:00:00,679,__import__.product_4980040,310120
__import__.stock_production_lot_280220_4980044,2020-02-28 00:00:00,393,__import__.product_4980044,280220
__import__.stock_production_lot_310320_4980044,2020-03-31 00:00:00,507,__import__.product_4980044,310320
__import__.stock_production_lot_310320_4990043,2020-03-31 00:00:00,936,__import__.product_4990043,310320
__import__.stock_production_lot_310319_4990900,2019-03-31 00:00:00,266,__import__.product_4990900,310319
__import__.stock_production_lot_310319_4990950,2019-03-31 00:00:00,402,__import__.product_4990950,310319
__import__.stock_production_lot_310519_4990951,2019-05-31 00:00:00,862,__import__.product_4990951,310519
__import__.stock_production_lot_310319_4990952,2019-03-31 00:00:00,475,__import__.product_4990952,310319
__import__.stock_production_lot_310519_4990953,2019-05-31 00:00:00,871,__import__.product_4990953,310519
__import__.stock_production_lot_3379410_5000020,2022-02-28 00:00:00,554,__import__.product_5000020,3379410
__import__.stock_production_lot_3379409_5000020,2022-02-28 00:00:00,163,__import__.product_5000020,3379409
__import__.stock_production_lot_3307376_5000020,2021-10-31 00:00:00,155,__import__.product_5000020,3307376
__import__.stock_production_lot_170504_5000100,2022-05-31 00:00:00,195,__import__.product_5000100,170504
__import__.stock_production_lot_170722_5000115,2022-06-30 00:00:00,136,__import__.product_5000115,170722
__import__.stock_production_lot_300919_5001067,2019-09-30 00:00:00,161,__import__.product_5001067,300919
__import__.stock_production_lot_311219_5001067,2019-12-31 00:00:00,267,__import__.product_5001067,311219
__import__.stock_production_lot_MA6611_5001304,2022-12-31 00:00:00,321,__import__.product_5001304,MA6611
__import__.stock_production_lot_160128B_5001919,2020-12-31 00:00:00,472,__import__.product_5001919,160128B
__import__.stock_production_lot_160625B_5001919,2021-05-31 00:00:00,723,__import__.product_5001919,160625B
__import__.stock_production_lot_1180280_5002122,2023-01-31 00:00:00,698,__import__.product_5002122,1180280
__import__.stock_production_lot_170627H_5002525,2022-05-31 00:00:00,918,__import__.product_5002525,170627H
__import__.stock_production_lot_170616H_5002525,2022-05-31 00:00:00,732,__import__.product_5002525,170616H
__import__.stock_production_lot_18D13_5003061,2023-04-30 00:00:00,630,__import__.product_5003061,18D13
__import__.stock_production_lot_LE8DXHT0_5003170,2020-04-30 00:00:00,465,__import__.product_5003170,LE8DXHT0
__import__.stock_production_lot_310719_5005100,2019-07-31 00:00:00,259,__import__.product_5005100,310719
__import__.stock_production_lot_15F084162X_5005105,2020-06-30 00:00:00,303,__import__.product_5005105,15F084162X
__import__.stock_production_lot_300919_5006025,2019-09-30 00:00:00,211,__import__.product_5006025,300919
__import__.stock_production_lot_300419_5006110,2019-04-30 00:00:00,439,__import__.product_5006110,300419
__import__.stock_production_lot_310819_5007025,2019-08-31 00:00:00,192,__import__.product_5007025,310819
__import__.stock_production_lot_300919_5007223,2019-09-30 00:00:00,261,__import__.product_5007223,300919
__import__.stock_production_lot_801019256_5007377,2023-05-31 00:00:00,542,__import__.product_5007377,801019256
__import__.stock_production_lot_701243256_5007377,2022-11-30 00:00:00,655,__import__.product_5007377,701243256
__import__.stock_production_lot_800918253_5007377,2023-05-31 00:00:00,184,__import__.product_5007377,800918253
__import__.stock_production_lot_310718_5007740,2018-07-31 00:00:00,297,__import__.product_5007740,310718
__import__.stock_production_lot_5035401_5008430,2020-03-31 00:00:00,580,__import__.product_5008430,5035401
__import__.stock_production_lot_5036321_5008455,2020-06-30 00:00:00,559,__import__.product_5008455,5036321
__import__.stock_production_lot_311018_5010101,2018-10-31 00:00:00,450,__import__.product_5010101,311018
__import__.stock_production_lot_18A01C8_5010200,2023-01-01 00:00:00,891,__import__.product_5010200,18A01C8
__import__.stock_production_lot_18B19C8_5010200,2023-02-01 00:00:00,349,__import__.product_5010200,18B19C8
__import__.stock_production_lot_6E15088_5010211,2021-05-31 00:00:00,427,__import__.product_5010211,6E15088
__import__.stock_production_lot_LH7CDCV_5010218,2019-06-30 00:00:00,279,__import__.product_5010218,LH7CDCV
__import__.stock_production_lot_LK7BDLV_5010218,2019-07-31 00:00:00,692,__import__.product_5010218,LK7BDLV
__import__.stock_production_lot_MC6800_5010218,2020-02-28 00:00:00,908,__import__.product_5010218,MC6800
__import__.stock_production_lot_LHM494_5010219,2019-06-30 00:00:00,678,__import__.product_5010219,LHM494
__import__.stock_production_lot_811410_5010636,2023-03-31 00:00:00,272,__import__.product_5010636,811410
__import__.stock_production_lot_17L08_5011302,2019-12-31 00:00:00,875,__import__.product_5011302,17L08
__import__.stock_production_lot_18D13_5011302,2020-04-30 00:00:00,940,__import__.product_5011302,18D13
__import__.stock_production_lot_73488634OD_5011732,2024-12-31 00:00:00,648,__import__.product_5011732,73488634OD
__import__.stock_production_lot_80728634OD_5011732,2024-12-31 00:00:00,699,__import__.product_5011732,80728634OD
__import__.stock_production_lot_1003203_5011736,2024-03-31 00:00:00,255,__import__.product_5011736,1003203
__import__.stock_production_lot_30788_5012450,2026-04-30 00:00:00,118,__import__.product_5012450,30788
__import__.stock_production_lot_LE7BHQV_5014424,2019-04-30 00:00:00,924,__import__.product_5014424,LE7BHQV
__import__.stock_production_lot_LE7CWDV_5014444,2019-04-30 00:00:00,053,__import__.product_5014444,LE7CWDV
__import__.stock_production_lot_170729_5016310,2021-06-30 00:00:00,191,__import__.product_5016310,170729
__import__.stock_production_lot_151218_5016336,2018-12-31 00:00:00,136,__import__.product_5016336,151218
__import__.stock_production_lot_180316_5016540,2022-02-28 00:00:00,595,__import__.product_5016540,180316
__import__.stock_production_lot_17K18C8_5020000,2022-09-01 00:00:00,324,__import__.product_5020000,17K18C8
__import__.stock_production_lot_18C19C8_5020000,2023-03-01 00:00:00,304,__import__.product_5020000,18C19C8
__import__.stock_production_lot_661077_5020478,2020-06-30 00:00:00,906,__import__.product_5020478,661077
__import__.stock_production_lot_300919_5021012,2019-09-30 00:00:00,525,__import__.product_5021012,300919
__import__.stock_production_lot_170522_5021519,2021-04-30 00:00:00,431,__import__.product_5021519,170522
__import__.stock_production_lot_171035_5021519,2021-09-30 00:00:00,769,__import__.product_5021519,171035
__import__.stock_production_lot_171151_5021520,2021-10-31 00:00:00,410,__import__.product_5021520,171151
__import__.stock_production_lot_171129_5021524,2021-10-31 00:00:00,468,__import__.product_5021524,171129
__import__.stock_production_lot_180331_5021622,2022-02-28 00:00:00,161,__import__.product_5021622,180331
__import__.stock_production_lot_171037_5021626,2021-09-30 00:00:00,301,__import__.product_5021626,171037
__import__.stock_production_lot_171034_5021628,2021-09-30 00:00:00,542,__import__.product_5021628,171034
__import__.stock_production_lot_170722_5021726,2021-06-30 00:00:00,267,__import__.product_5021726,170722
__import__.stock_production_lot_180320_5022027,2022-02-28 00:00:00,164,__import__.product_5022027,180320
__import__.stock_production_lot_180107_5022028,2021-12-31 00:00:00,185,__import__.product_5022028,180107
__import__.stock_production_lot_180370_5023094,2023-03-31 00:00:00,355,__import__.product_5023094,180370
__import__.stock_production_lot_1810512209_5023315,2023-02-28 00:00:00,589,__import__.product_5023315,1810512209
__import__.stock_production_lot_SD232017_5024353,2022-06-30 00:00:00,432,__import__.product_5024353,SD232017
__import__.stock_production_lot_31759858_5025100,2022-11-30 00:00:00,557,__import__.product_5025100,31759858
__import__.stock_production_lot_1098_5027101,2019-06-30 00:00:00,263,__import__.product_5027101,1098
__import__.stock_production_lot_02618C_5027103,2023-03-14 00:00:00,281,__import__.product_5027103,02618C
__import__.stock_production_lot_1180257_5032421,2023-02-28 00:00:00,783,__import__.product_5032421,1180257
__import__.stock_production_lot_17J16_5039000,2019-10-31 00:00:00,763,__import__.product_5039000,17J16
__import__.stock_production_lot_AR268B_5039008,2020-09-30 00:00:00,691,__import__.product_5039008,AR268B
__import__.stock_production_lot_AN057C_5039009,2021-02-28 00:00:00,904,__import__.product_5039009,AN057C
__import__.stock_production_lot_AN057C_5039010,2021-02-28 00:00:00,857,__import__.product_5039010,AN057C
__import__.stock_production_lot_V268B_5039012,2020-09-30 00:00:00,833,__import__.product_5039012,V268B
__import__.stock_production_lot_16L13_5039022,2019-12-31 00:00:00,323,__import__.product_5039022,16L13
__import__.stock_production_lot_16L13_5039023,2019-12-31 00:00:00,563,__import__.product_5039023,16L13
__import__.stock_production_lot_17J16_5039023,2020-10-31 00:00:00,215,__import__.product_5039023,17J16
__import__.stock_production_lot_90011300559_5039032,2023-02-27 00:00:00,200,__import__.product_5039032,90011300559
__import__.stock_production_lot_900113000_5039032,2023-02-27 00:00:00,201,__import__.product_5039032,900113000
__import__.stock_production_lot_27022023_5039033,2023-02-23 00:00:00,944,__import__.product_5039033,27022023
__import__.stock_production_lot_1709035_5039704,2022-09-30 00:00:00,508,__import__.product_5039704,1709035
__import__.stock_production_lot_1703010_5039810,2022-03-31 00:00:00,840,__import__.product_5039810,1703010
__import__.stock_production_lot_1711043_5039810,2022-11-30 00:00:00,552,__import__.product_5039810,1711043
__import__.stock_production_lot_100328_5040035,2019-08-31 00:00:00,656,__import__.product_5040035,100328
__import__.stock_production_lot_700527173_5040093,2020-06-30 00:00:00,150,__import__.product_5040093,700527173
__import__.stock_production_lot_700746178_5040093,2020-10-31 00:00:00,511,__import__.product_5040093,700746178
__import__.stock_production_lot_701349170_5040095,2020-11-30 00:00:00,931,__import__.product_5040095,701349170
__import__.stock_production_lot_800109170_5040098,2021-01-31 00:00:00,791,__import__.product_5040098,800109170
__import__.stock_production_lot_150902J_5042051,2020-08-31 00:00:00,435,__import__.product_5042051,150902J
__import__.stock_production_lot_151001J_5042051,2020-09-30 00:00:00,483,__import__.product_5042051,151001J
__import__.stock_production_lot_9003_5042501,2019-03-31 00:00:00,903,__import__.product_5042501,9003
__import__.stock_production_lot_170807_5042502,2020-08-31 00:00:00,314,__import__.product_5042502,170807
__import__.stock_production_lot_1703207_5042503,2018-08-31 00:00:00,300,__import__.product_5042503,1703207
__import__.stock_production_lot_1727605_5042503,2019-04-30 00:00:00,756,__import__.product_5042503,1727605
__import__.stock_production_lot_1707308_5042504,2019-06-30 00:00:00,574,__import__.product_5042504,1707308
__import__.stock_production_lot_1803704G_5042505,2019-08-31 00:00:00,531,__import__.product_5042505,1803704G
__import__.stock_production_lot_1803202_5042506,2019-08-31 00:00:00,641,__import__.product_5042506,1803202
__import__.stock_production_lot_170302_5042507,2020-03-31 00:00:00,809,__import__.product_5042507,170302
__import__.stock_production_lot_17345L_5042509,2019-12-31 00:00:00,560,__import__.product_5042509,17345L
__import__.stock_production_lot_170807P_5042511,2020-08-31 00:00:00,175,__import__.product_5042511,170807P
__import__.stock_production_lot_0545402_5042512,2018-09-30 00:00:00,479,__import__.product_5042512,0545402
__import__.stock_production_lot_545402_5042512,2018-09-30 00:00:00,163,__import__.product_5042512,545402
__import__.stock_production_lot_9592_5042513,2019-08-31 00:00:00,128,__import__.product_5042513,9592
__import__.stock_production_lot_507103_5042528,2019-05-31 00:00:00,278,__import__.product_5042528,507103
__import__.stock_production_lot_1702403_5042532,2018-09-30 00:00:00,399,__import__.product_5042532,1702403
__import__.stock_production_lot_1713208_5042533,2019-05-31 00:00:00,486,__import__.product_5042533,1713208
__import__.stock_production_lot_180201_5042535,2021-02-28 00:00:00,558,__import__.product_5042535,180201
__import__.stock_production_lot_180614_5042541,2021-02-28 00:00:00,573,__import__.product_5042541,180614
__import__.stock_production_lot_1150235_5043274,2020-02-28 00:00:00,483,__import__.product_5043274,1150235
__import__.stock_production_lot_2450214_5043278,2020-02-28 00:00:00,579,__import__.product_5043278,2450214
__import__.stock_production_lot_2750845_5043278,2020-11-30 00:00:00,470,__import__.product_5043278,2750845
__import__.stock_production_lot_2160475_5043282,2021-05-31 00:00:00,293,__import__.product_5043282,2160475
__import__.stock_production_lot_1170949_5043282,2022-09-30 00:00:00,654,__import__.product_5043282,1170949
__import__.stock_production_lot_1171002_5043542,2022-10-31 00:00:00,751,__import__.product_5043542,1171002
__import__.stock_production_lot_2130645_5043548,2018-08-31 00:00:00,227,__import__.product_5043548,2130645
__import__.stock_production_lot_3170077_5043550,2021-12-31 00:00:00,428,__import__.product_5043550,3170077
__import__.stock_production_lot_1170961_5043550,2022-09-30 00:00:00,437,__import__.product_5043550,1170961
__import__.stock_production_lot_1270297_5043552,2022-02-28 00:00:00,372,__import__.product_5043552,1270297
__import__.stock_production_lot_2170852_5043554,2022-08-31 00:00:00,671,__import__.product_5043554,2170852
__import__.stock_production_lot_1171067_5043556,2022-11-30 00:00:00,557,__import__.product_5043556,1171067
__import__.stock_production_lot_170502_5043800,2018-10-31 00:00:00,167,__import__.product_5043800,170502
__import__.stock_production_lot_170505_5043801,2018-06-30 00:00:00,845,__import__.product_5043801,170505
__import__.stock_production_lot_B34131B_5044142,2020-01-31 00:00:00,983,__import__.product_5044142,B34131B
__import__.stock_production_lot_F33216E_5044143,2019-06-30 00:00:00,539,__import__.product_5044143,F33216E
__import__.stock_production_lot_N905282_5047301,2020-06-30 00:00:00,425,__import__.product_5047301,N905282
__import__.stock_production_lot_1801008S07_5047500,2020-01-31 00:00:00,404,__import__.product_5047500,1801008S07
__import__.stock_production_lot_3357FM0113_5049440,2020-08-31 00:00:00,496,__import__.product_5049440,3357FM0113
__import__.stock_production_lot_18A22C8_5050000,2023-01-01 00:00:00,292,__import__.product_5050000,18A22C8
__import__.stock_production_lot_899801009_5051041,2023-06-30 00:00:00,966,__import__.product_5051041,899801009
__import__.stock_production_lot_310818_5051630,2018-08-31 00:00:00,194,__import__.product_5051630,310818
__import__.stock_production_lot_310319_5051630,2019-03-31 00:00:00,214,__import__.product_5051630,310319
__import__.stock_production_lot_170901_5052035,2022-09-30 00:00:00,424,__import__.product_5052035,170901
__import__.stock_production_lot_170901_5052036,2022-09-30 00:00:00,121,__import__.product_5052036,170901
__import__.stock_production_lot_01012023_5054025,2023-01-01 00:00:00,289,__import__.product_5054025,01012023
__import__.stock_production_lot_634_5055127,2020-01-31 00:00:00,257,__import__.product_5055127,634
__import__.stock_production_lot_160704B_5055143,2018-12-31 00:00:00,378,__import__.product_5055143,160704B
__import__.stock_production_lot_17APR03B_5056374,2021-03-01 00:00:00,101,__import__.product_5056374,17APR03B
__import__.stock_production_lot_MB8CQHP0_5058113,2023-07-31 00:00:00,553,__import__.product_5058113,MB8CQHP0
__import__.stock_production_lot_MC8GGSP0_5058113,2023-08-31 00:00:00,062,__import__.product_5058113,MC8GGSP0
__import__.stock_production_lot_17L08_5058952,2019-12-31 00:00:00,432,__import__.product_5058952,17L08
__import__.stock_production_lot_18C02_5058952,2020-03-31 00:00:00,711,__import__.product_5058952,18C02
__import__.stock_production_lot_310122_5062551,2022-01-31 00:00:00,190,__import__.product_5062551,310122
__import__.stock_production_lot_P46418B12_5064464,2020-02-28 00:00:00,376,__import__.product_5064464,P46418B12
__import__.stock_production_lot_V48118B12_5064465,2020-02-28 00:00:00,627,__import__.product_5064465,V48118B12
__import__.stock_production_lot_301120_5065361,2020-11-30 00:00:00,840,__import__.product_5065361,301120
__import__.stock_production_lot_310120_5065833,2020-01-31 00:00:00,657,__import__.product_5065833,310120
__import__.stock_production_lot_280220_5066943,2020-02-28 00:00:00,589,__import__.product_5066943,280220
__import__.stock_production_lot_172413_5070403,2019-05-31 00:00:00,407,__import__.product_5070403,172413
__import__.stock_production_lot_300918_5074091,2018-09-30 00:00:00,140,__import__.product_5074091,300918
__import__.stock_production_lot_300419_5074091,2019-04-30 00:00:00,157,__import__.product_5074091,300419
__import__.stock_production_lot_180101_5076650,2019-07-31 00:00:00,124,__import__.product_5076650,180101
__import__.stock_production_lot_202003_5076651,2028-03-17 00:00:00,227,__import__.product_5076651,202003
__import__.stock_production_lot_310519_5080002,2019-05-31 00:00:00,636,__import__.product_5080002,310519
__import__.stock_production_lot_300919_5080002,2019-09-30 00:00:00,196,__import__.product_5080002,300919
__import__.stock_production_lot_701741288_5080102,2022-12-31 00:00:00,906,__import__.product_5080102,701741288
__import__.stock_production_lot_420391_5080342,2019-03-29 00:00:00,406,__import__.product_5080342,420391
__import__.stock_production_lot_412559_5080342,2019-03-24 00:00:00,221,__import__.product_5080342,412559
__import__.stock_production_lot_17D02D13D13_5080403,2020-04-30 00:00:00,430,__import__.product_5080403,17D02D13D13
__import__.stock_production_lot_17A02A23A23_5080404,2020-01-31 00:00:00,136,__import__.product_5080404,17A02A23A23
__import__.stock_production_lot_18B01B23B23_5080404,2021-02-28 00:00:00,566,__import__.product_5080404,18B01B23B23
__import__.stock_production_lot_18B01B23823_5080404,2021-02-28 00:00:00,355,__import__.product_5080404,18B01B23823
__import__.stock_production_lot_16H01H04H04_5080411,2019-08-31 00:00:00,214,__import__.product_5080411,16H01H04H04
__import__.stock_production_lot_18A04C05C05_5080411,2021-01-31 00:00:00,445,__import__.product_5080411,18A04C05C05
__import__.stock_production_lot_18B04B67B67_5080411,2021-02-28 00:00:00,940,__import__.product_5080411,18B04B67B67
__import__.stock_production_lot_18B04B67_5080411,2021-02-28 00:00:00,425,__import__.product_5080411,18B04B67
__import__.stock_production_lot_18020421_5090339,2020-01-31 00:00:00,198,__import__.product_5090339,18020421
__import__.stock_production_lot_18030574_5090339,2020-02-28 00:00:00,328,__import__.product_5090339,18030574
__import__.stock_production_lot_18020310_5090339,2020-01-31 00:00:00,285,__import__.product_5090339,18020310
__import__.stock_production_lot_18051104_5090339,2020-04-30 00:00:00,988,__import__.product_5090339,18051104
__import__.stock_production_lot_18051112_5090339,2020-04-30 00:00:00,357,__import__.product_5090339,18051112
__import__.stock_production_lot_18030759_5090354,2020-02-28 00:00:00,317,__import__.product_5090354,18030759
__import__.stock_production_lot_17112863_5090362,2019-10-31 00:00:00,218,__import__.product_5090362,17112863
__import__.stock_production_lot_W104985_5091155,2023-01-31 00:00:00,168,__import__.product_5091155,W104985
__import__.stock_production_lot_170504_5091156,2022-05-31 00:00:00,135,__import__.product_5091156,170504
__import__.stock_production_lot_160901_5091157,2021-09-30 00:00:00,197,__import__.product_5091157,160901
__import__.stock_production_lot_170504_5091158,2022-05-31 00:00:00,258,__import__.product_5091158,170504
__import__.stock_production_lot_311218_5094113,2018-12-31 00:00:00,139,__import__.product_5094113,311218
__import__.stock_production_lot_300419_5094113,2019-04-30 00:00:00,943,__import__.product_5094113,300419
__import__.stock_production_lot_16D25C8_5100010,2021-04-30 00:00:00,254,__import__.product_5100010,16D25C8
__import__.stock_production_lot_180143_5100311,2018-10-31 00:00:00,148,__import__.product_5100311,180143
__import__.stock_production_lot_241608F_5100765,2021-08-31 00:00:00,435,__import__.product_5100765,241608F
__import__.stock_production_lot_170506_5101519,2022-04-30 00:00:00,705,__import__.product_5101519,170506
__import__.stock_production_lot_251709A_5101624,2022-09-30 00:00:00,683,__import__.product_5101624,251709A
__import__.stock_production_lot_251712N_5101624,2022-12-31 00:00:00,827,__import__.product_5101624,251712N
__import__.stock_production_lot_261801D_5101624,2023-01-31 00:00:00,953,__import__.product_5101624,261801D
__import__.stock_production_lot_261804O_5101624,2023-04-30 00:00:00,127,__import__.product_5101624,261804O
__import__.stock_production_lot_L68452901_5102828,2019-08-31 00:00:00,979,__import__.product_5102828,L68452901
__import__.stock_production_lot_201908KE_5103999,2019-08-31 00:00:00,252,__import__.product_5103999,201908KE
__import__.stock_production_lot_280219_5106110,2019-02-28 00:00:00,242,__import__.product_5106110,280219
__import__.stock_production_lot_201708_5107140,2022-07-31 00:00:00,994,__import__.product_5107140,201708
__import__.stock_production_lot_201803_5107142,2023-02-28 00:00:00,736,__import__.product_5107142,201803
__import__.stock_production_lot_201704_5107144,2022-03-31 00:00:00,475,__import__.product_5107144,201704
__import__.stock_production_lot_201701_5107146,2021-12-31 00:00:00,264,__import__.product_5107146,201701
__import__.stock_production_lot_201701_5107148,2021-12-31 00:00:00,413,__import__.product_5107148,201701
__import__.stock_production_lot_201702_5107148,2022-01-31 00:00:00,401,__import__.product_5107148,201702
__import__.stock_production_lot_A049E02_5110009,2020-02-28 00:00:00,273,__import__.product_5110009,A049E02
__import__.stock_production_lot_A123A02_5110014,2020-02-28 00:00:00,993,__import__.product_5110014,A123A02
__import__.stock_production_lot_A123A03_5110014,2020-02-28 00:00:00,970,__import__.product_5110014,A123A03
__import__.stock_production_lot_A652A01_5110018,2020-04-30 00:00:00,925,__import__.product_5110018,A652A01
__import__.stock_production_lot_A644A01_5110019,2020-03-31 00:00:00,352,__import__.product_5110019,A644A01
__import__.stock_production_lot_RVC12201_5110028,2019-05-31 00:00:00,175,__import__.product_5110028,RVC12201
__import__.stock_production_lot_SB0927_5110200,2019-03-31 00:00:00,122,__import__.product_5110200,SB0927
__import__.stock_production_lot_SC4951_5110205,2019-11-30 00:00:00,486,__import__.product_5110205,SC4951
__import__.stock_production_lot_SB0952_5110210,2019-02-28 00:00:00,275,__import__.product_5110210,SB0952
__import__.stock_production_lot_171211_5112117,2022-11-30 00:00:00,923,__import__.product_5112117,171211
__import__.stock_production_lot_8105R05_5112278,2023-02-28 00:00:00,364,__import__.product_5112278,8105R05
__import__.stock_production_lot_170909_5113153,2022-08-31 00:00:00,693,__import__.product_5113153,170909
__import__.stock_production_lot_170909_5113156,2022-08-31 00:00:00,526,__import__.product_5113156,170909
__import__.stock_production_lot_040118EK_5115515,2023-01-04 00:00:00,673,__import__.product_5115515,040118EK
__import__.stock_production_lot_58720_5115820,2019-09-30 00:00:00,932,__import__.product_5115820,58720
__import__.stock_production_lot_D7G0271X_5116116,2022-07-31 00:00:00,679,__import__.product_5116116,D7G0271X
__import__.stock_production_lot_D7K2139X_5116116,2022-10-31 00:00:00,670,__import__.product_5116116,D7K2139X
__import__.stock_production_lot_PC702018_5118510,2022-01-31 00:00:00,248,__import__.product_5118510,PC702018
__import__.stock_production_lot_7476W006_5118511,2022-11-30 00:00:00,786,__import__.product_5118511,7476W006
__import__.stock_production_lot_7434W010_5118515,2022-10-31 00:00:00,332,__import__.product_5118515,7434W010
__import__.stock_production_lot_17435M16_5119091,2020-09-30 00:00:00,247,__import__.product_5119091,17435M16
__import__.stock_production_lot_6N4DA_5120017,2020-11-30 00:00:00,686,__import__.product_5120017,6N4DA
__import__.stock_production_lot_6L7S_5120020,2019-10-31 00:00:00,162,__import__.product_5120020,6L7S
__import__.stock_production_lot_6LDK_5120020,2019-10-31 00:00:00,441,__import__.product_5120020,6LDK
__import__.stock_production_lot_8561709_5120420,2022-09-30 00:00:00,111,__import__.product_5120420,8561709
__import__.stock_production_lot_8291705_5120420,2022-05-31 00:00:00,286,__import__.product_5120420,8291705
__import__.stock_production_lot_AD_5120572,2019-07-31 00:00:00,545,__import__.product_5120572,AD
__import__.stock_production_lot_170907_5121330,2022-08-31 00:00:00,185,__import__.product_5121330,170907
__import__.stock_production_lot_300618_5124590,2018-06-30 00:00:00,508,__import__.product_5124590,300618
__import__.stock_production_lot_310718_5124590,2018-07-31 00:00:00,103,__import__.product_5124590,310718
__import__.stock_production_lot_300619_5124610,2019-06-30 00:00:00,380,__import__.product_5124610,300619
__import__.stock_production_lot_1727411704_5125214,2020-06-30 00:00:00,259,__import__.product_5125214,1727411704
__import__.stock_production_lot_170912_5130024,2021-08-31 00:00:00,321,__import__.product_5130024,170912
__import__.stock_production_lot_170909_5132126,2021-08-31 00:00:00,143,__import__.product_5132126,170909
__import__.stock_production_lot_170912_5134019,2021-08-31 00:00:00,637,__import__.product_5134019,170912
__import__.stock_production_lot_170909_5135022,2021-08-31 00:00:00,863,__import__.product_5135022,170909
__import__.stock_production_lot_160601_5140046,2021-06-30 00:00:00,184,__import__.product_5140046,160601
__import__.stock_production_lot_MB8BBJR0_5140310,2021-01-31 00:00:00,486,__import__.product_5140310,MB8BBJR0
__import__.stock_production_lot_OC023_5140350,2020-10-31 00:00:00,196,__import__.product_5140350,OC023
__import__.stock_production_lot_LP8CPQR0_5140397,2020-11-30 00:00:00,227,__import__.product_5140397,LP8CPQR0
__import__.stock_production_lot_MA6623_5140416,2022-12-31 00:00:00,986,__import__.product_5140416,MA6623
__import__.stock_production_lot_KM8CCKQ0_5140451,2019-10-31 00:00:00,029,__import__.product_5140451,KM8CCKQ0
__import__.stock_production_lot_LH8CPWR0_5140452,2020-06-30 00:00:00,523,__import__.product_5140452,LH8CPWR0
__import__.stock_production_lot_LM8DTKR0_5140452,2020-10-31 00:00:00,304,__import__.product_5140452,LM8DTKR0
__import__.stock_production_lot_LL8BDMQ0_5140453,2020-09-30 00:00:00,783,__import__.product_5140453,LL8BDMQ0
__import__.stock_production_lot_LP8DQTQ0_5140453,2020-11-30 00:00:00,925,__import__.product_5140453,LP8DQTQ0
__import__.stock_production_lot_MA8BGXR0_5140519,2020-12-31 00:00:00,486,__import__.product_5140519,MA8BGXR0
__import__.stock_production_lot_170501_5140541,2022-05-31 00:00:00,140,__import__.product_5140541,170501
__import__.stock_production_lot_160601_5140542,2021-06-30 00:00:00,185,__import__.product_5140542,160601
__import__.stock_production_lot_160601_5140543,2021-06-30 00:00:00,162,__import__.product_5140543,160601
__import__.stock_production_lot_18D13_5140709,2020-04-30 00:00:00,564,__import__.product_5140709,18D13
__import__.stock_production_lot_171016N_5140909,2022-09-30 00:00:00,688,__import__.product_5140909,171016N
__import__.stock_production_lot_141009Y_5140912,2019-09-30 00:00:00,489,__import__.product_5140912,141009Y
__import__.stock_production_lot_170316N_5140912,2022-02-28 00:00:00,482,__import__.product_5140912,170316N
__import__.stock_production_lot_LH8CJPQ0_5141398,2020-06-30 00:00:00,124,__import__.product_5141398,LH8CJPQ0
__import__.stock_production_lot_LM8BDWQ0_5141398,2020-10-31 00:00:00,294,__import__.product_5141398,LM8BDWQ0
__import__.stock_production_lot_MC8DJGQ0_5141398,2021-02-28 00:00:00,543,__import__.product_5141398,MC8DJGQ0
__import__.stock_production_lot_20170905_5141791,2022-09-30 00:00:00,567,__import__.product_5141791,20170905
__import__.stock_production_lot_20170905_5141792,2022-09-30 00:00:00,188,__import__.product_5141792,20170905
__import__.stock_production_lot_20180105_5141850,2023-01-31 00:00:00,347,__import__.product_5141850,20180105
__import__.stock_production_lot_20170525_5141871,2022-05-31 00:00:00,565,__import__.product_5141871,20170525
__import__.stock_production_lot_KGK083_5142434,2021-05-31 00:00:00,252,__import__.product_5142434,KGK083
__import__.stock_production_lot_15L262_5142504,2019-11-30 00:00:00,512,__import__.product_5142504,15L262
__import__.stock_production_lot_15L275_5142505,2019-11-30 00:00:00,418,__import__.product_5142505,15L275
__import__.stock_production_lot_15L274_5142506,2019-11-30 00:00:00,355,__import__.product_5142506,15L274
__import__.stock_production_lot_15L273_5142507,2019-11-30 00:00:00,446,__import__.product_5142507,15L273
__import__.stock_production_lot_15L272_5142508,2019-11-30 00:00:00,452,__import__.product_5142508,15L272
__import__.stock_production_lot_15L271_5142509,2019-11-30 00:00:00,536,__import__.product_5142509,15L271
__import__.stock_production_lot_15H024_5142511,2019-12-31 00:00:00,388,__import__.product_5142511,15H024
__import__.stock_production_lot_15H021_5142512,2019-12-31 00:00:00,497,__import__.product_5142512,15H021
__import__.stock_production_lot_15H029_5142514,2019-12-31 00:00:00,475,__import__.product_5142514,15H029
__import__.stock_production_lot_15H028_5142515,2019-12-31 00:00:00,538,__import__.product_5142515,15H028
__import__.stock_production_lot_15H027_5142516,2019-12-31 00:00:00,482,__import__.product_5142516,15H027
__import__.stock_production_lot_15H025_5142517,2019-12-31 00:00:00,441,__import__.product_5142517,15H025
__import__.stock_production_lot_15H026_5142518,2019-12-31 00:00:00,409,__import__.product_5142518,15H026
__import__.stock_production_lot_15H029_5142519,2019-12-31 00:00:00,519,__import__.product_5142519,15H029
__import__.stock_production_lot_LK8DPHP0_5143170,2023-02-28 00:00:00,982,__import__.product_5143170,LK8DPHP0
__import__.stock_production_lot_3124717_5145217,2019-09-30 00:00:00,179,__import__.product_5145217,3124717
__import__.stock_production_lot_3100818_5145281,2020-01-31 00:00:00,479,__import__.product_5145281,3100818
__import__.stock_production_lot_3003618_5145281,2020-02-28 00:00:00,878,__import__.product_5145281,3003618
__import__.stock_production_lot_3003618_5145370,2020-02-28 00:00:00,992,__import__.product_5145370,3003618
__import__.stock_production_lot_16A05_5147750,2020-12-31 00:00:00,142,__import__.product_5147750,16A05
__import__.stock_production_lot_16E05_5147764,2021-04-30 00:00:00,634,__import__.product_5147764,16E05
__import__.stock_production_lot_150720_5150001,2020-06-30 00:00:00,493,__import__.product_5150001,150720
__import__.stock_production_lot_160405_5150002,2021-03-31 00:00:00,385,__import__.product_5150002,160405
__import__.stock_production_lot_170725_5150003,2022-06-30 00:00:00,465,__import__.product_5150003,170725
__import__.stock_production_lot_160825_5150004,2021-07-31 00:00:00,498,__import__.product_5150004,160825
__import__.stock_production_lot_170425_5150005,2022-03-31 00:00:00,527,__import__.product_5150005,170425
__import__.stock_production_lot_15C17Y2_5150909,2020-02-28 00:00:00,530,__import__.product_5150909,15C17Y2
__import__.stock_production_lot_127_5159400,2021-01-31 00:00:00,136,__import__.product_5159400,127
__import__.stock_production_lot_128_5159400,2021-02-28 00:00:00,820,__import__.product_5159400,128
__import__.stock_production_lot_617_5159403,2022-07-31 00:00:00,531,__import__.product_5159403,617
__import__.stock_production_lot_533558_5159594,2020-03-31 00:00:00,262,__import__.product_5159594,533558
__import__.stock_production_lot_310819_5160107,2019-08-31 00:00:00,279,__import__.product_5160107,310819
__import__.stock_production_lot_310819_5160123,2019-08-31 00:00:00,170,__import__.product_5160123,310819
__import__.stock_production_lot_170132_5160512,2019-12-31 00:00:00,134,__import__.product_5160512,170132
__import__.stock_production_lot_311018_5161100,2018-10-31 00:00:00,553,__import__.product_5161100,311018
__import__.stock_production_lot_310519_5161300,2019-05-31 00:00:00,390,__import__.product_5161300,310519
__import__.stock_production_lot_300619_5161300,2019-06-30 00:00:00,478,__import__.product_5161300,300619
__import__.stock_production_lot_300419_5161310,2019-04-30 00:00:00,232,__import__.product_5161310,300419
__import__.stock_production_lot_310319_5161401,2019-03-31 00:00:00,489,__import__.product_5161401,310319
__import__.stock_production_lot_300419_5161411,2019-04-30 00:00:00,542,__import__.product_5161411,300419
__import__.stock_production_lot_310719_5161500,2019-07-31 00:00:00,134,__import__.product_5161500,310719
__import__.stock_production_lot_180122_5161512,2021-12-31 00:00:00,542,__import__.product_5161512,180122
__import__.stock_production_lot_300619_5161600,2019-06-30 00:00:00,990,__import__.product_5161600,300619
__import__.stock_production_lot_300419_5161700,2019-04-30 00:00:00,386,__import__.product_5161700,300419
__import__.stock_production_lot_280219_5161900,2019-02-28 00:00:00,513,__import__.product_5161900,280219
__import__.stock_production_lot_310719_5161900,2019-07-31 00:00:00,295,__import__.product_5161900,310719
__import__.stock_production_lot_310519_5163200,2019-05-31 00:00:00,107,__import__.product_5163200,310519
__import__.stock_production_lot_310319_5163210,2019-03-31 00:00:00,852,__import__.product_5163210,310319
__import__.stock_production_lot_310319_5163400,2019-03-31 00:00:00,434,__import__.product_5163400,310319
__import__.stock_production_lot_261617_5163500,2019-10-23 00:00:00,436,__import__.product_5163500,261617
__import__.stock_production_lot_216608_5163501,2019-02-28 00:00:00,396,__import__.product_5163501,216608
__import__.stock_production_lot_712848129_5164259,2022-10-31 00:00:00,760,__import__.product_5164259,712848129
__import__.stock_production_lot_300418_5164500,2018-04-30 00:00:00,538,__import__.product_5164500,300418
__import__.stock_production_lot_310319_5164500,2019-03-31 00:00:00,737,__import__.product_5164500,310319
__import__.stock_production_lot_300918_5164501,2018-09-30 00:00:00,560,__import__.product_5164501,300918
__import__.stock_production_lot_310519_5164501,2019-05-31 00:00:00,379,__import__.product_5164501,310519
__import__.stock_production_lot_310519_5164502,2019-05-31 00:00:00,553,__import__.product_5164502,310519
__import__.stock_production_lot_310719_5164502,2019-07-31 00:00:00,453,__import__.product_5164502,310719
__import__.stock_production_lot_310519_5164503,2019-05-31 00:00:00,309,__import__.product_5164503,310519
__import__.stock_production_lot_310719_5164503,2019-07-31 00:00:00,709,__import__.product_5164503,310719
__import__.stock_production_lot_310119_5164504,2019-01-31 00:00:00,348,__import__.product_5164504,310119
__import__.stock_production_lot_310319_5164504,2019-03-31 00:00:00,348,__import__.product_5164504,310319
__import__.stock_production_lot_300619_5164505,2019-06-30 00:00:00,326,__import__.product_5164505,300619
__import__.stock_production_lot_310319_5164507,2019-03-31 00:00:00,120,__import__.product_5164507,310319
__import__.stock_production_lot_300619_5164508,2019-06-30 00:00:00,681,__import__.product_5164508,300619
__import__.stock_production_lot_310519_5164509,2019-05-31 00:00:00,129,__import__.product_5164509,310519
__import__.stock_production_lot_300619_5164509,2019-06-30 00:00:00,730,__import__.product_5164509,300619
__import__.stock_production_lot_280219_5164510,2019-02-28 00:00:00,264,__import__.product_5164510,280219
__import__.stock_production_lot_310319_5164510,2019-03-31 00:00:00,375,__import__.product_5164510,310319
__import__.stock_production_lot_300619_5164510,2019-06-30 00:00:00,197,__import__.product_5164510,300619
__import__.stock_production_lot_310719_5164510,2019-07-31 00:00:00,996,__import__.product_5164510,310719
__import__.stock_production_lot_310519_5164511,2019-05-31 00:00:00,652,__import__.product_5164511,310519
__import__.stock_production_lot_300618_5164512,2018-06-30 00:00:00,216,__import__.product_5164512,300618
__import__.stock_production_lot_280219_5164512,2019-02-28 00:00:00,481,__import__.product_5164512,280219
__import__.stock_production_lot_310319_5164512,2019-03-31 00:00:00,891,__import__.product_5164512,310319
__import__.stock_production_lot_300619_5164513,2019-06-30 00:00:00,855,__import__.product_5164513,300619
__import__.stock_production_lot_310519_5164514,2019-05-31 00:00:00,217,__import__.product_5164514,310519
__import__.stock_production_lot_310719_5164514,2019-07-31 00:00:00,617,__import__.product_5164514,310719
__import__.stock_production_lot_300419_5164515,2019-04-30 00:00:00,457,__import__.product_5164515,300419
__import__.stock_production_lot_300619_5164515,2019-06-30 00:00:00,357,__import__.product_5164515,300619
__import__.stock_production_lot_280219_5164516,2019-02-28 00:00:00,205,__import__.product_5164516,280219
__import__.stock_production_lot_300619_5164516,2019-06-30 00:00:00,627,__import__.product_5164516,300619
__import__.stock_production_lot_311018_5164517,2018-10-31 00:00:00,869,__import__.product_5164517,311018
__import__.stock_production_lot_311218_5164517,2018-12-31 00:00:00,255,__import__.product_5164517,311218
__import__.stock_production_lot_300419_5164517,2019-04-30 00:00:00,559,__import__.product_5164517,300419
__import__.stock_production_lot_310119_5164518,2019-01-31 00:00:00,207,__import__.product_5164518,310119
__import__.stock_production_lot_310319_5164518,2019-03-31 00:00:00,614,__import__.product_5164518,310319
__import__.stock_production_lot_310519_5164518,2019-05-31 00:00:00,435,__import__.product_5164518,310519
__import__.stock_production_lot_300419_5164519,2019-04-30 00:00:00,468,__import__.product_5164519,300419
__import__.stock_production_lot_300619_5164519,2019-06-30 00:00:00,582,__import__.product_5164519,300619
__import__.stock_production_lot_300419_5164520,2019-04-30 00:00:00,138,__import__.product_5164520,300419
__import__.stock_production_lot_310519_5164520,2019-05-31 00:00:00,737,__import__.product_5164520,310519
__import__.stock_production_lot_310119_5164521,2019-01-31 00:00:00,169,__import__.product_5164521,310119
__import__.stock_production_lot_310319_5164523,2019-03-31 00:00:00,549,__import__.product_5164523,310319
__import__.stock_production_lot_300419_5164524,2019-04-30 00:00:00,749,__import__.product_5164524,300419
__import__.stock_production_lot_311019_5164529,2019-10-31 00:00:00,888,__import__.product_5164529,311019
__import__.stock_production_lot_310519_5164530,2019-05-31 00:00:00,675,__import__.product_5164530,310519
__import__.stock_production_lot_310819_5164530,2019-08-31 00:00:00,375,__import__.product_5164530,310819
__import__.stock_production_lot_310119_5164531,2019-01-31 00:00:00,817,__import__.product_5164531,310119
__import__.stock_production_lot_310120_5164531,2020-01-31 00:00:00,910,__import__.product_5164531,310120
__import__.stock_production_lot_310320_5164531,2020-03-31 00:00:00,617,__import__.product_5164531,310320
__import__.stock_production_lot_310819_5164532,2019-08-31 00:00:00,453,__import__.product_5164532,310819
__import__.stock_production_lot_310319_5164533,2019-03-31 00:00:00,347,__import__.product_5164533,310319
__import__.stock_production_lot_310519_5164533,2019-05-31 00:00:00,247,__import__.product_5164533,310519
__import__.stock_production_lot_280219_5164534,2019-02-28 00:00:00,427,__import__.product_5164534,280219
__import__.stock_production_lot_300619_5164535,2019-06-30 00:00:00,364,__import__.product_5164535,300619
__import__.stock_production_lot_310119_5164536,2019-01-31 00:00:00,388,__import__.product_5164536,310119
__import__.stock_production_lot_310319_5164536,2019-03-31 00:00:00,909,__import__.product_5164536,310319
__import__.stock_production_lot_311218_5164537,2018-12-31 00:00:00,655,__import__.product_5164537,311218
__import__.stock_production_lot_310319_5164537,2019-03-31 00:00:00,865,__import__.product_5164537,310319
__import__.stock_production_lot_311018_5164538,2018-10-31 00:00:00,194,__import__.product_5164538,311018
__import__.stock_production_lot_310319_5164538,2019-03-31 00:00:00,214,__import__.product_5164538,310319
__import__.stock_production_lot_310319_5164539,2019-03-31 00:00:00,460,__import__.product_5164539,310319
__import__.stock_production_lot_311218_5164540,2018-12-31 00:00:00,413,__import__.product_5164540,311218
__import__.stock_production_lot_280219_5164540,2019-02-28 00:00:00,512,__import__.product_5164540,280219
__import__.stock_production_lot_310818_5164541,2018-08-31 00:00:00,152,__import__.product_5164541,310818
__import__.stock_production_lot_310319_5164541,2019-03-31 00:00:00,176,__import__.product_5164541,310319
__import__.stock_production_lot_310519_5164541,2019-05-31 00:00:00,576,__import__.product_5164541,310519
__import__.stock_production_lot_300619_5164541,2019-06-30 00:00:00,698,__import__.product_5164541,300619
__import__.stock_production_lot_280219_5164542,2019-02-28 00:00:00,535,__import__.product_5164542,280219
__import__.stock_production_lot_300619_5164542,2019-06-30 00:00:00,654,__import__.product_5164542,300619
__import__.stock_production_lot_280219_5164543,2019-02-28 00:00:00,517,__import__.product_5164543,280219
__import__.stock_production_lot_300419_5164544,2019-04-30 00:00:00,942,__import__.product_5164544,300419
__import__.stock_production_lot_310519_5164544,2019-05-31 00:00:00,655,__import__.product_5164544,310519
__import__.stock_production_lot_300419_5164545,2019-04-30 00:00:00,888,__import__.product_5164545,300419
__import__.stock_production_lot_310319_5164546,2019-03-31 00:00:00,243,__import__.product_5164546,310319
__import__.stock_production_lot_310519_5164546,2019-05-31 00:00:00,664,__import__.product_5164546,310519
__import__.stock_production_lot_310319_5164547,2019-03-31 00:00:00,603,__import__.product_5164547,310319
__import__.stock_production_lot_311018_5164548,2018-10-31 00:00:00,535,__import__.product_5164548,311018
__import__.stock_production_lot_310319_5164548,2019-03-31 00:00:00,766,__import__.product_5164548,310319
__import__.stock_production_lot_300419_5164549,2019-04-30 00:00:00,409,__import__.product_5164549,300419
__import__.stock_production_lot_301118_5164550,2018-11-30 00:00:00,852,__import__.product_5164550,301118
__import__.stock_production_lot_300419_5164550,2019-04-30 00:00:00,762,__import__.product_5164550,300419
__import__.stock_production_lot_300419_5164551,2019-04-30 00:00:00,718,__import__.product_5164551,300419
__import__.stock_production_lot_310319_5164554,2019-03-31 00:00:00,179,__import__.product_5164554,310319
__import__.stock_production_lot_300419_5164558,2019-04-30 00:00:00,528,__import__.product_5164558,300419
__import__.stock_production_lot_310818_5164559,2018-08-31 00:00:00,535,__import__.product_5164559,310818
__import__.stock_production_lot_310818_5164560,2018-08-31 00:00:00,189,__import__.product_5164560,310818
__import__.stock_production_lot_311018_5164560,2018-10-31 00:00:00,196,__import__.product_5164560,311018
__import__.stock_production_lot_310519_5164561,2019-05-31 00:00:00,505,__import__.product_5164561,310519
__import__.stock_production_lot_300419_5164561,2019-04-30 00:00:00,499,__import__.product_5164561,300419
__import__.stock_production_lot_280219_5164562,2019-02-28 00:00:00,310,__import__.product_5164562,280219
__import__.stock_production_lot_310319_5164562,2019-03-31 00:00:00,524,__import__.product_5164562,310319
__import__.stock_production_lot_300619_5164562,2019-06-30 00:00:00,448,__import__.product_5164562,300619
__import__.stock_production_lot_44719_5165001,2021-01-31 00:00:00,117,__import__.product_5165001,44719
__import__.stock_production_lot_310121_5165352,2021-01-31 00:00:00,767,__import__.product_5165352,310121
__import__.stock_production_lot_310718_5166000,2018-07-31 00:00:00,418,__import__.product_5166000,310718
__import__.stock_production_lot_280219_5166000,2019-02-28 00:00:00,463,__import__.product_5166000,280219
__import__.stock_production_lot_300618_5166100,2018-06-30 00:00:00,426,__import__.product_5166100,300618
__import__.stock_production_lot_300419_5166110,2019-04-30 00:00:00,201,__import__.product_5166110,300419
__import__.stock_production_lot_300919_5169596,2019-09-30 00:00:00,347,__import__.product_5169596,300919
__import__.stock_production_lot_311019_5169596,2019-10-31 00:00:00,574,__import__.product_5169596,311019
__import__.stock_production_lot_C668810C_5169900,2019-11-30 00:00:00,576,__import__.product_5169900,C668810C
__import__.stock_production_lot_C875632_5170000,2020-05-31 00:00:00,100,__import__.product_5170000,C875632
__import__.stock_production_lot_0611824424_5170045,2019-10-31 00:00:00,799,__import__.product_5170045,0611824424
__import__.stock_production_lot_BAV000113_5170100,2021-04-19 00:00:00,412,__import__.product_5170100,BAV000113
__import__.stock_production_lot_3371617741_5170107,2018-12-31 00:00:00,207,__import__.product_5170107,3371617741
__import__.stock_production_lot_3471723147_5170107,2019-12-31 00:00:00,259,__import__.product_5170107,3471723147
__import__.stock_production_lot_0781824637_5170109,2020-03-31 00:00:00,536,__import__.product_5170109,0781824637
__import__.stock_production_lot_1241825293_5170109,2020-05-31 00:00:00,241,__import__.product_5170109,1241825293
__import__.stock_production_lot_1321720057_5170215,2020-05-31 00:00:00,595,__import__.product_5170215,1321720057
__import__.stock_production_lot_0331823950_5170215,2021-02-28 00:00:00,993,__import__.product_5170215,0331823950
__import__.stock_production_lot_0521824252_5170215,2021-02-28 00:00:00,893,__import__.product_5170215,0521824252
__import__.stock_production_lot_0721824580_5170215,2021-03-31 00:00:00,226,__import__.product_5170215,0721824580
__import__.stock_production_lot_7532_5170367,2021-02-28 00:00:00,424,__import__.product_5170367,7532
__import__.stock_production_lot_280219_5171004,2019-02-28 00:00:00,477,__import__.product_5171004,280219
__import__.stock_production_lot_310819_5171004,2019-08-31 00:00:00,477,__import__.product_5171004,310819
__import__.stock_production_lot_310718_5171549,2018-07-31 00:00:00,531,__import__.product_5171549,310718
__import__.stock_production_lot_300419_5171894,2019-04-30 00:00:00,462,__import__.product_5171894,300419
__import__.stock_production_lot_310320_5171995,2020-03-31 00:00:00,557,__import__.product_5171995,310320
__import__.stock_production_lot_310120_5171996,2020-01-31 00:00:00,483,__import__.product_5171996,310120
__import__.stock_production_lot_300918_5172061,2018-09-30 00:00:00,280,__import__.product_5172061,300918
__import__.stock_production_lot_310719_5172069,2019-07-31 00:00:00,623,__import__.product_5172069,310719
__import__.stock_production_lot_311019_5172069,2019-10-31 00:00:00,682,__import__.product_5172069,311019
__import__.stock_production_lot_18B196FHX_5180809,2023-02-21 00:00:00,163,__import__.product_5180809,18B196FHX
__import__.stock_production_lot_1404390_5184004,2016-12-31 00:00:00,242,__import__.product_5184004,1404390
__import__.stock_production_lot_1651550_5184004,2019-11-30 00:00:00,965,__import__.product_5184004,1651550
__import__.stock_production_lot_1806710_5184006,2021-01-31 00:00:00,276,__import__.product_5184006,1806710
__import__.stock_production_lot_1746616_5184006,2020-10-31 00:00:00,566,__import__.product_5184006,1746616
__import__.stock_production_lot_1443696_5184008,2017-09-30 00:00:00,412,__import__.product_5184008,1443696
__import__.stock_production_lot_1750892_5184102,2020-11-30 00:00:00,350,__import__.product_5184102,1750892
__import__.stock_production_lot_300619_5190400,2019-06-30 00:00:00,791,__import__.product_5190400,300619
__import__.stock_production_lot_310719_5190400,2019-07-31 00:00:00,407,__import__.product_5190400,310719
__import__.stock_production_lot_300919_5190400,2019-09-30 00:00:00,667,__import__.product_5190400,300919
__import__.stock_production_lot_310819_5190401,2019-08-31 00:00:00,608,__import__.product_5190401,310819
__import__.stock_production_lot_311219_5190401,2019-12-31 00:00:00,329,__import__.product_5190401,311219
__import__.stock_production_lot_SA04A_5190750,2020-01-31 00:00:00,318,__import__.product_5190750,SA04A
__import__.stock_production_lot_F1729101_5192005,2019-10-31 00:00:00,340,__import__.product_5192005,F1729101
__import__.stock_production_lot_F1808201_5192005,2020-03-31 00:00:00,984,__import__.product_5192005,F1808201
__import__.stock_production_lot_F1729101_5192006,2019-10-31 00:00:00,709,__import__.product_5192006,F1729101
__import__.stock_production_lot_F1808202_5192007,2020-03-31 00:00:00,195,__import__.product_5192007,F1808202
__import__.stock_production_lot_F1705203_5192010,2019-02-28 00:00:00,419,__import__.product_5192010,F1705203
__import__.stock_production_lot_SA10_5192011,2020-01-31 00:00:00,101,__import__.product_5192011,SA10
__import__.stock_production_lot_326081_5192013,2020-08-31 00:00:00,764,__import__.product_5192013,326081
__import__.stock_production_lot_W172017_5192014,2020-10-31 00:00:00,813,__import__.product_5192014,W172017
__import__.stock_production_lot_7C55A1_5192016,2020-06-30 00:00:00,937,__import__.product_5192016,7C55A1
__import__.stock_production_lot_F1732702_5192020,2019-11-30 00:00:00,208,__import__.product_5192020,F1732702
__import__.stock_production_lot_F1802902_5192020,2020-01-31 00:00:00,137,__import__.product_5192020,F1802902
__import__.stock_production_lot_F1809303_5192020,2020-04-30 00:00:00,268,__import__.product_5192020,F1809303
__import__.stock_production_lot_F1720001_5192022,2019-07-31 00:00:00,514,__import__.product_5192022,F1720001
__import__.stock_production_lot_F1809902_5192022,2020-04-30 00:00:00,324,__import__.product_5192022,F1809902
__import__.stock_production_lot_F1728603_5192023,2019-10-31 00:00:00,703,__import__.product_5192023,F1728603
__import__.stock_production_lot_F1732402_5192025,2019-11-30 00:00:00,977,__import__.product_5192025,F1732402
__import__.stock_production_lot_F1805403_5192025,2020-02-28 00:00:00,604,__import__.product_5192025,F1805403
__import__.stock_production_lot_312A17_5192027,2020-12-31 00:00:00,275,__import__.product_5192027,312A17
__import__.stock_production_lot_3100818_5192031,2020-01-31 00:00:00,886,__import__.product_5192031,3100818
__import__.stock_production_lot_3407118_5192031,2020-03-31 00:00:00,816,__import__.product_5192031,3407118
__import__.stock_production_lot_F011117R_5192032,2021-11-30 00:00:00,359,__import__.product_5192032,F011117R
__import__.stock_production_lot_F1734904_5192033,2019-12-31 00:00:00,710,__import__.product_5192033,F1734904
__import__.stock_production_lot_F1805401_5192033,2020-02-28 00:00:00,654,__import__.product_5192033,F1805401
__import__.stock_production_lot_F1734904_5192034,2019-12-31 00:00:00,372,__import__.product_5192034,F1734904
__import__.stock_production_lot_F1811404_5192034,2020-04-30 00:00:00,902,__import__.product_5192034,F1811404
__import__.stock_production_lot_QK18_5192036,2018-11-30 00:00:00,609,__import__.product_5192036,QK18
__import__.stock_production_lot_3119316_5192037,2018-07-31 00:00:00,501,__import__.product_5192037,3119316
__import__.stock_production_lot_3124916_5192038,2018-09-30 00:00:00,496,__import__.product_5192038,3124916
__import__.stock_production_lot_3334716_5192040,2018-12-31 00:00:00,376,__import__.product_5192040,3334716
__import__.stock_production_lot_1327716_5192041,2019-10-31 00:00:00,492,__import__.product_5192041,1327716
__import__.stock_production_lot_QF14_5192042,2018-06-30 00:00:00,607,__import__.product_5192042,QF14
__import__.stock_production_lot_F1620901_5192043,2018-07-31 00:00:00,443,__import__.product_5192043,F1620901
__import__.stock_production_lot_F1620802_5192044,2018-07-31 00:00:00,615,__import__.product_5192044,F1620802
__import__.stock_production_lot_RH22_5192045,2019-08-31 00:00:00,420,__import__.product_5192045,RH22
__import__.stock_production_lot_SC05_5192045,2020-03-31 00:00:00,456,__import__.product_5192045,SC05
__import__.stock_production_lot_SA04A_5192046,2020-01-31 00:00:00,935,__import__.product_5192046,SA04A
__import__.stock_production_lot_RE29_5192047,2019-05-31 00:00:00,397,__import__.product_5192047,RE29
__import__.stock_production_lot_RH29A_5192047,2019-08-31 00:00:00,179,__import__.product_5192047,RH29A
__import__.stock_production_lot_F1705302_5192144,2019-02-28 00:00:00,514,__import__.product_5192144,F1705302
__import__.stock_production_lot_3024717_5192162,2020-09-30 00:00:00,769,__import__.product_5192162,3024717
__import__.stock_production_lot_3000818_5192162,2021-01-31 00:00:00,958,__import__.product_5192162,3000818
__import__.stock_production_lot_0206418_5192162,2021-03-31 00:00:00,967,__import__.product_5192162,0206418
__import__.stock_production_lot_3130617_5192164,2020-11-30 00:00:00,250,__import__.product_5192164,3130617
__import__.stock_production_lot_3000818_5192164,2021-01-31 00:00:00,844,__import__.product_5192164,3000818
__import__.stock_production_lot_0206418_5192164,2021-03-31 00:00:00,860,__import__.product_5192164,0206418
__import__.stock_production_lot_0612217_5192219,2019-05-31 00:00:00,409,__import__.product_5192219,0612217
__import__.stock_production_lot_0602918_5192219,2020-02-28 00:00:00,427,__import__.product_5192219,0602918
__import__.stock_production_lot_3324717_5192262,2019-09-30 00:00:00,153,__import__.product_5192262,3324717
__import__.stock_production_lot_RF13_5192701,2019-06-30 00:00:00,502,__import__.product_5192701,RF13
__import__.stock_production_lot_RF13_5192703,2019-06-30 00:00:00,337,__import__.product_5192703,RF13
__import__.stock_production_lot_RK07_5192710,2019-11-30 00:00:00,498,__import__.product_5192710,RK07
__import__.stock_production_lot_RG25_5192721,2019-07-31 00:00:00,287,__import__.product_5192721,RG25
__import__.stock_production_lot_RI06_5192723,2019-09-30 00:00:00,428,__import__.product_5192723,RI06
__import__.stock_production_lot_RJ05_5192723,2019-10-31 00:00:00,486,__import__.product_5192723,RJ05
__import__.stock_production_lot_SA09_5192727,2020-01-31 00:00:00,334,__import__.product_5192727,SA09
__import__.stock_production_lot_QK30_5192741,2018-11-30 00:00:00,251,__import__.product_5192741,QK30
__import__.stock_production_lot_RL27_5192761,2019-12-31 00:00:00,174,__import__.product_5192761,RL27
__import__.stock_production_lot_RJ19_5192763,2019-10-31 00:00:00,380,__import__.product_5192763,RJ19
__import__.stock_production_lot_RH29A_5192770,2019-08-31 00:00:00,552,__import__.product_5192770,RH29A
__import__.stock_production_lot_L18013_5192777,2021-01-31 00:00:00,568,__import__.product_5192777,L18013
__import__.stock_production_lot_310519_5196000,2019-05-31 00:00:00,470,__import__.product_5196000,310519
__import__.stock_production_lot_300419_5196004,2019-04-30 00:00:00,782,__import__.product_5196004,300419
__import__.stock_production_lot_310119_5196008,2019-01-31 00:00:00,451,__import__.product_5196008,310119
__import__.stock_production_lot_310319_5196012,2019-03-31 00:00:00,820,__import__.product_5196012,310319
__import__.stock_production_lot_300619_5196012,2019-06-30 00:00:00,342,__import__.product_5196012,300619
__import__.stock_production_lot_300419_5196016,2019-04-30 00:00:00,567,__import__.product_5196016,300419
__import__.stock_production_lot_300419_5196020,2019-04-30 00:00:00,978,__import__.product_5196020,300419
__import__.stock_production_lot_300419_5196023,2019-04-30 00:00:00,622,__import__.product_5196023,300419
__import__.stock_production_lot_310719_5196023,2019-07-31 00:00:00,935,__import__.product_5196023,310719
__import__.stock_production_lot_310119_5196028,2019-01-31 00:00:00,423,__import__.product_5196028,310119
__import__.stock_production_lot_310818_5196032,2018-08-31 00:00:00,484,__import__.product_5196032,310818
__import__.stock_production_lot_280219_5196032,2019-02-28 00:00:00,702,__import__.product_5196032,280219
__import__.stock_production_lot_310519_5196032,2019-05-31 00:00:00,634,__import__.product_5196032,310519
__import__.stock_production_lot_310119_5196036,2019-01-31 00:00:00,924,__import__.product_5196036,310119
__import__.stock_production_lot_280219_5196040,2019-02-28 00:00:00,645,__import__.product_5196040,280219
__import__.stock_production_lot_300619_5196040,2019-06-30 00:00:00,464,__import__.product_5196040,300619
__import__.stock_production_lot_310119_5196044,2019-01-31 00:00:00,460,__import__.product_5196044,310119
__import__.stock_production_lot_300419_5196048,2019-04-30 00:00:00,500,__import__.product_5196048,300419
__import__.stock_production_lot_310519_5196048,2019-05-31 00:00:00,599,__import__.product_5196048,310519
__import__.stock_production_lot_310519_5196052,2019-05-31 00:00:00,813,__import__.product_5196052,310519
__import__.stock_production_lot_310319_5196057,2019-03-31 00:00:00,791,__import__.product_5196057,310319
__import__.stock_production_lot_300419_5196063,2019-04-30 00:00:00,215,__import__.product_5196063,300419
__import__.stock_production_lot_300619_5196063,2019-06-30 00:00:00,115,__import__.product_5196063,300619
__import__.stock_production_lot_310319_5196068,2019-03-31 00:00:00,185,__import__.product_5196068,310319
__import__.stock_production_lot_280219_5196068,2019-02-28 00:00:00,867,__import__.product_5196068,280219
__import__.stock_production_lot_310519_5196068,2019-05-31 00:00:00,985,__import__.product_5196068,310519
__import__.stock_production_lot_300918_5196069,2018-09-30 00:00:00,608,__import__.product_5196069,300918
__import__.stock_production_lot_300419_5196118,2019-04-30 00:00:00,470,__import__.product_5196118,300419
__import__.stock_production_lot_300619_5196118,2019-06-30 00:00:00,520,__import__.product_5196118,300619
__import__.stock_production_lot_310119_5196119,2019-01-31 00:00:00,459,__import__.product_5196119,310119
__import__.stock_production_lot_300619_5196120,2019-06-30 00:00:00,136,__import__.product_5196120,300619
__import__.stock_production_lot_300619_5196140,2019-06-30 00:00:00,360,__import__.product_5196140,300619
__import__.stock_production_lot_300619_5196141,2019-06-30 00:00:00,245,__import__.product_5196141,300619
__import__.stock_production_lot_300619_5196150,2019-06-30 00:00:00,468,__import__.product_5196150,300619
__import__.stock_production_lot_17H18_5197004,2019-08-31 00:00:00,615,__import__.product_5197004,17H18
__import__.stock_production_lot_17D25_5197009,2019-04-30 00:00:00,555,__import__.product_5197009,17D25
__import__.stock_production_lot_18A17_5197013,2020-01-31 00:00:00,127,__import__.product_5197013,18A17
__import__.stock_production_lot_17J12_5197014,2019-10-31 00:00:00,131,__import__.product_5197014,17J12
__import__.stock_production_lot_17H31_5197018,2019-08-31 00:00:00,449,__import__.product_5197018,17H31
__import__.stock_production_lot_17H10_5197020,2019-08-31 00:00:00,105,__import__.product_5197020,17H10
__import__.stock_production_lot_17K14_5197020,2019-11-30 00:00:00,731,__import__.product_5197020,17K14
__import__.stock_production_lot_17D05_5197022,2019-05-31 00:00:00,261,__import__.product_5197022,17D05
__import__.stock_production_lot_1754A_5197029,2020-05-31 00:00:00,613,__import__.product_5197029,1754A
__import__.stock_production_lot_18F18_5197031,2020-06-30 00:00:00,561,__import__.product_5197031,18F18
__import__.stock_production_lot_17H08_5197068,2019-08-31 00:00:00,360,__import__.product_5197068,17H08
__import__.stock_production_lot_17H26_5197069,2019-08-31 00:00:00,238,__import__.product_5197069,17H26
__import__.stock_production_lot_310119_5199825,2019-01-31 00:00:00,779,__import__.product_5199825,310119
__import__.stock_production_lot_310319_5199825,2019-03-31 00:00:00,358,__import__.product_5199825,310319
__import__.stock_production_lot_310119_5199826,2019-01-31 00:00:00,521,__import__.product_5199826,310119
__import__.stock_production_lot_16E09C8_5200000,2021-05-31 00:00:00,651,__import__.product_5200000,16E09C8
__import__.stock_production_lot_622830_5200045,2021-07-31 00:00:00,489,__import__.product_5200045,622830
__import__.stock_production_lot_15021807_5200410,2020-01-31 00:00:00,240,__import__.product_5200410,15021807
__import__.stock_production_lot_280219_5203010,2019-02-28 00:00:00,284,__import__.product_5203010,280219
__import__.stock_production_lot_LHZ289_5210443,2019-06-30 00:00:00,430,__import__.product_5210443,LHZ289
__import__.stock_production_lot_LJM902_5210443,2019-07-31 00:00:00,748,__import__.product_5210443,LJM902
__import__.stock_production_lot_300919_5221002,2019-09-30 00:00:00,227,__import__.product_5221002,300919
__import__.stock_production_lot_300919_5221003,2019-09-30 00:00:00,175,__import__.product_5221003,300919
__import__.stock_production_lot_300919_5221004,2019-09-30 00:00:00,432,__import__.product_5221004,300919
__import__.stock_production_lot_300919_5221005,2019-09-30 00:00:00,317,__import__.product_5221005,300919
__import__.stock_production_lot_311019_5221013,2019-10-31 00:00:00,136,__import__.product_5221013,311019
__import__.stock_production_lot_311019_5221014,2019-10-31 00:00:00,259,__import__.product_5221014,311019
__import__.stock_production_lot_300919_5221015,2019-09-30 00:00:00,279,__import__.product_5221015,300919
__import__.stock_production_lot_311019_5221022,2019-10-31 00:00:00,485,__import__.product_5221022,311019
__import__.stock_production_lot_311019_5221023,2019-10-31 00:00:00,230,__import__.product_5221023,311019
__import__.stock_production_lot_311019_5221024,2019-10-31 00:00:00,179,__import__.product_5221024,311019
__import__.stock_production_lot_300919_5221032,2019-09-30 00:00:00,531,__import__.product_5221032,300919
__import__.stock_production_lot_300919_5221033,2019-09-30 00:00:00,431,__import__.product_5221033,300919
__import__.stock_production_lot_300919_5221034,2019-09-30 00:00:00,225,__import__.product_5221034,300919
__import__.stock_production_lot_300919_5221035,2019-09-30 00:00:00,279,__import__.product_5221035,300919
__import__.stock_production_lot_311019_5221042,2019-10-31 00:00:00,205,__import__.product_5221042,311019
__import__.stock_production_lot_311019_5221043,2019-10-31 00:00:00,167,__import__.product_5221043,311019
__import__.stock_production_lot_311019_5221044,2019-10-31 00:00:00,221,__import__.product_5221044,311019
__import__.stock_production_lot_311019_5221052,2019-10-31 00:00:00,523,__import__.product_5221052,311019
__import__.stock_production_lot_311019_5221053,2019-10-31 00:00:00,619,__import__.product_5221053,311019
__import__.stock_production_lot_311019_5221054,2019-10-31 00:00:00,595,__import__.product_5221054,311019
__import__.stock_production_lot_311019_5221062,2019-10-31 00:00:00,506,__import__.product_5221062,311019
__import__.stock_production_lot_311019_5221063,2019-10-31 00:00:00,356,__import__.product_5221063,311019
__import__.stock_production_lot_311019_5221064,2019-10-31 00:00:00,522,__import__.product_5221064,311019
__import__.stock_production_lot_300919_5221072,2019-09-30 00:00:00,412,__import__.product_5221072,300919
__import__.stock_production_lot_311019_5221073,2019-10-31 00:00:00,108,__import__.product_5221073,311019
__import__.stock_production_lot_311019_5221074,2019-10-31 00:00:00,490,__import__.product_5221074,311019
__import__.stock_production_lot_311020_5221082,2020-10-31 00:00:00,246,__import__.product_5221082,311020
__import__.stock_production_lot_311019_5221083,2019-10-31 00:00:00,496,__import__.product_5221083,311019
__import__.stock_production_lot_311019_5221084,2019-10-31 00:00:00,438,__import__.product_5221084,311019
__import__.stock_production_lot_311019_5221092,2019-10-31 00:00:00,509,__import__.product_5221092,311019
__import__.stock_production_lot_311019_5221093,2019-10-31 00:00:00,346,__import__.product_5221093,311019
__import__.stock_production_lot_311019_5221094,2019-10-31 00:00:00,504,__import__.product_5221094,311019
__import__.stock_production_lot_300919_5221102,2019-09-30 00:00:00,184,__import__.product_5221102,300919
__import__.stock_production_lot_311019_5221103,2019-10-31 00:00:00,510,__import__.product_5221103,311019
__import__.stock_production_lot_311019_5221104,2019-10-31 00:00:00,375,__import__.product_5221104,311019
__import__.stock_production_lot_311019_5221112,2019-10-31 00:00:00,516,__import__.product_5221112,311019
__import__.stock_production_lot_311019_5221113,2019-10-31 00:00:00,492,__import__.product_5221113,311019
__import__.stock_production_lot_311019_5221114,2019-10-31 00:00:00,196,__import__.product_5221114,311019
__import__.stock_production_lot_300919_5221115,2019-09-30 00:00:00,222,__import__.product_5221115,300919
__import__.stock_production_lot_300919_5221122,2019-09-30 00:00:00,464,__import__.product_5221122,300919
__import__.stock_production_lot_311019_5221123,2019-10-31 00:00:00,146,__import__.product_5221123,311019
__import__.stock_production_lot_311019_5221124,2019-10-31 00:00:00,409,__import__.product_5221124,311019
__import__.stock_production_lot_300919_5221125,2019-09-30 00:00:00,373,__import__.product_5221125,300919
__import__.stock_production_lot_71F17D0416_5224001,2022-03-31 00:00:00,679,__import__.product_5224001,71F17D0416
__import__.stock_production_lot_71F17D2228_5224001,2022-03-31 00:00:00,260,__import__.product_5224001,71F17D2228
__import__.stock_production_lot_71F17L1927_5224002,2022-10-31 00:00:00,519,__import__.product_5224002,71F17L1927
__import__.stock_production_lot_71F16H0672_5224003,2021-07-31 00:00:00,949,__import__.product_5224003,71F16H0672
__import__.stock_production_lot_71F17A1506_5224004,2021-12-31 00:00:00,273,__import__.product_5224004,71F17A1506
__import__.stock_production_lot_71F17G0487_5224005,2022-06-30 00:00:00,239,__import__.product_5224005,71F17G0487
__import__.stock_production_lot_80350341_5224530,2022-12-31 00:00:00,411,__import__.product_5224530,80350341
__import__.stock_production_lot_81210341_5224530,2023-02-28 00:00:00,476,__import__.product_5224530,81210341
__import__.stock_production_lot_733_5228000,2019-08-31 00:00:00,382,__import__.product_5228000,733
__import__.stock_production_lot_B3643_5228443,2019-04-30 00:00:00,807,__import__.product_5228443,B3643
__import__.stock_production_lot_17201SM_5230350,2022-04-30 00:00:00,004,__import__.product_5230350,17201SM
__import__.stock_production_lot_172105M_5230351,2022-04-30 00:00:00,280,__import__.product_5230351,172105M
__import__.stock_production_lot_010122_5230478,2022-01-01 00:00:00,815,__import__.product_5230478,010122
__import__.stock_production_lot_010619_5230478,2019-06-01 00:00:00,559,__import__.product_5230478,010619
__import__.stock_production_lot_011117_5230661,2020-08-01 00:00:00,272,__import__.product_5230661,011117
__import__.stock_production_lot_301118_5233009,2018-11-30 00:00:00,794,__import__.product_5233009,301118
__import__.stock_production_lot_310818_5236005,2018-08-31 00:00:00,878,__import__.product_5236005,310818
__import__.stock_production_lot_190419_5236005,2019-04-19 00:00:00,428,__import__.product_5236005,190419
__import__.stock_production_lot_310120_5236005,2020-01-31 00:00:00,788,__import__.product_5236005,310120
__import__.stock_production_lot_311218_5238070,2018-12-31 00:00:00,831,__import__.product_5238070,311218
__import__.stock_production_lot_311019_5238070,2019-10-31 00:00:00,810,__import__.product_5238070,311019
__import__.stock_production_lot_301119_5238070,2019-11-30 00:00:00,811,__import__.product_5238070,301119
__import__.stock_production_lot_310519_5239005,2019-05-31 00:00:00,736,__import__.product_5239005,310519
__import__.stock_production_lot_15L264_5242502,2019-11-30 00:00:00,390,__import__.product_5242502,15L264
__import__.stock_production_lot_15L264_5242503,2019-11-30 00:00:00,499,__import__.product_5242503,15L264
__import__.stock_production_lot_15H023_5242510,2019-12-31 00:00:00,522,__import__.product_5242510,15H023
__import__.stock_production_lot_15H022_5242513,2019-12-31 00:00:00,440,__import__.product_5242513,15H022
__import__.stock_production_lot_N_5243586,2000-01-01 00:00:00,195,__import__.product_5243586,N
__import__.stock_production_lot_80910342_5245400,2023-01-31 00:00:00,515,__import__.product_5245400,80910342
__import__.stock_production_lot_17502Z0053_5248609,2022-11-30 00:00:00,522,__import__.product_5248609,17502Z0053
__import__.stock_production_lot_310120_5248782,2020-01-31 00:00:00,322,__import__.product_5248782,310120
__import__.stock_production_lot_280220_5248792,2020-02-28 00:00:00,219,__import__.product_5248792,280220
__import__.stock_production_lot_310120_5249277,2020-01-31 00:00:00,460,__import__.product_5249277,310120
__import__.stock_production_lot_310320_5249277,2020-03-31 00:00:00,681,__import__.product_5249277,310320
__import__.stock_production_lot_310520_5249278,2020-05-31 00:00:00,151,__import__.product_5249278,310520
__import__.stock_production_lot_C668810E_5250018,2019-11-30 00:00:00,953,__import__.product_5250018,C668810E
__import__.stock_production_lot_C722632C_5250018,2020-01-31 00:00:00,994,__import__.product_5250018,C722632C
__import__.stock_production_lot_300420_5250099,2020-04-30 00:00:00,681,__import__.product_5250099,300420
__import__.stock_production_lot_311219_5250118,2019-12-31 00:00:00,724,__import__.product_5250118,311219
__import__.stock_production_lot_300919_5250391,2019-09-30 00:00:00,720,__import__.product_5250391,300919
__import__.stock_production_lot_301119_5250391,2019-11-30 00:00:00,327,__import__.product_5250391,301119
__import__.stock_production_lot_16B03BB1A_5257113,2019-01-31 00:00:00,180,__import__.product_5257113,16B03BB1A
__import__.stock_production_lot_17G10V155_5259622,2022-06-30 00:00:00,584,__import__.product_5259622,17G10V155
__import__.stock_production_lot_16232P_5259800,2021-08-31 00:00:00,888,__import__.product_5259800,16232P
__import__.stock_production_lot_18005P_5259800,2021-01-31 00:00:00,408,__import__.product_5259800,18005P
__import__.stock_production_lot_18005P_5259801,2021-01-31 00:00:00,868,__import__.product_5259801,18005P
__import__.stock_production_lot_1727605_5259805,2019-04-30 00:00:00,582,__import__.product_5259805,1727605
__import__.stock_production_lot_18005G_5259806,2021-01-31 00:00:00,649,__import__.product_5259806,18005G
__import__.stock_production_lot_18005_5259807,2021-01-31 00:00:00,664,__import__.product_5259807,18005
__import__.stock_production_lot_18005G_5259807,2021-01-31 00:00:00,595,__import__.product_5259807,18005G
__import__.stock_production_lot_1803704P_5259808,2019-08-31 00:00:00,235,__import__.product_5259808,1803704P
__import__.stock_production_lot_1810007P_5259808,2019-10-31 00:00:00,844,__import__.product_5259808,1810007P
__import__.stock_production_lot_1803704_5259823,2019-08-31 00:00:00,876,__import__.product_5259823,1803704
__import__.stock_production_lot_1810007P_5259823,2019-10-31 00:00:00,308,__import__.product_5259823,1810007P
__import__.stock_production_lot_1803704_5259824,2019-08-31 00:00:00,924,__import__.product_5259824,1803704
__import__.stock_production_lot_1802308_5259826,2019-06-30 00:00:00,650,__import__.product_5259826,1802308
__import__.stock_production_lot_07867_5259840,2020-01-31 00:00:00,571,__import__.product_5259840,07867
__import__.stock_production_lot_0588502_5259843,2019-02-28 00:00:00,252,__import__.product_5259843,0588502
__import__.stock_production_lot_08852_5259846,2019-02-28 00:00:00,285,__import__.product_5259846,08852
__import__.stock_production_lot_9318_5259855,2020-12-31 00:00:00,571,__import__.product_5259855,9318
__import__.stock_production_lot_P180227_5259873,2021-02-28 00:00:00,791,__import__.product_5259873,P180227
__import__.stock_production_lot_9003_5259875,2019-03-31 00:00:00,254,__import__.product_5259875,9003
__import__.stock_production_lot_9591_5259875,2019-08-31 00:00:00,863,__import__.product_5259875,9591
__import__.stock_production_lot_170330_5259879,2020-03-31 00:00:00,473,__import__.product_5259879,170330
__import__.stock_production_lot_310519_5260003,2019-05-31 00:00:00,449,__import__.product_5260003,310519
__import__.stock_production_lot_300619_5260003,2019-06-30 00:00:00,743,__import__.product_5260003,300619
__import__.stock_production_lot_310719_5260003,2019-07-31 00:00:00,849,__import__.product_5260003,310719
__import__.stock_production_lot_280219_5260006,2019-02-28 00:00:00,393,__import__.product_5260006,280219
__import__.stock_production_lot_300419_5260006,2019-04-30 00:00:00,201,__import__.product_5260006,300419
__import__.stock_production_lot_310819_5260006,2019-08-31 00:00:00,173,__import__.product_5260006,310819
__import__.stock_production_lot_300919_5260006,2019-09-30 00:00:00,681,__import__.product_5260006,300919
__import__.stock_production_lot_311019_5260006,2019-10-31 00:00:00,973,__import__.product_5260006,311019
__import__.stock_production_lot_300419_5260007,2019-04-30 00:00:00,154,__import__.product_5260007,300419
__import__.stock_production_lot_310519_5260007,2019-05-31 00:00:00,874,__import__.product_5260007,310519
__import__.stock_production_lot_310719_5260007,2019-07-31 00:00:00,674,__import__.product_5260007,310719
__import__.stock_production_lot_311019_5260007,2019-10-31 00:00:00,529,__import__.product_5260007,311019
__import__.stock_production_lot_310719_5260015,2019-07-31 00:00:00,206,__import__.product_5260015,310719
__import__.stock_production_lot_300919_5260023,2019-09-30 00:00:00,496,__import__.product_5260023,300919
__import__.stock_production_lot_310119_5260024,2019-01-31 00:00:00,581,__import__.product_5260024,310119
__import__.stock_production_lot_310819_5260024,2019-08-31 00:00:00,971,__import__.product_5260024,310819
__import__.stock_production_lot_310519_5260027,2019-05-31 00:00:00,160,__import__.product_5260027,310519
__import__.stock_production_lot_310719_5260029,2019-07-31 00:00:00,469,__import__.product_5260029,310719
__import__.stock_production_lot_310519_5260032,2019-05-31 00:00:00,834,__import__.product_5260032,310519
__import__.stock_production_lot_310819_5260032,2019-08-31 00:00:00,543,__import__.product_5260032,310819
__import__.stock_production_lot_311019_5260032,2019-10-31 00:00:00,293,__import__.product_5260032,311019
__import__.stock_production_lot_311218_5260033,2018-12-31 00:00:00,563,__import__.product_5260033,311218
__import__.stock_production_lot_300419_5260033,2019-04-30 00:00:00,888,__import__.product_5260033,300419
__import__.stock_production_lot_311218_5260034,2018-12-31 00:00:00,319,__import__.product_5260034,311218
__import__.stock_production_lot_310819_5260034,2019-08-31 00:00:00,328,__import__.product_5260034,310819
__import__.stock_production_lot_310819_5260036,2019-08-31 00:00:00,142,__import__.product_5260036,310819
__import__.stock_production_lot_300919_5260036,2019-09-30 00:00:00,622,__import__.product_5260036,300919
__import__.stock_production_lot_300919_5260037,2019-09-30 00:00:00,575,__import__.product_5260037,300919
__import__.stock_production_lot_310119_5260038,2019-01-31 00:00:00,754,__import__.product_5260038,310119
__import__.stock_production_lot_310719_5260038,2019-07-31 00:00:00,575,__import__.product_5260038,310719
__import__.stock_production_lot_310819_5260040,2019-08-31 00:00:00,225,__import__.product_5260040,310819
__import__.stock_production_lot_KP0CJA3_5260048,2020-10-31 00:00:00,833,__import__.product_5260048,KP0CJA3
__import__.stock_production_lot_KP0CC1W_5260049,2020-03-31 00:00:00,112,__import__.product_5260049,KP0CC1W
__import__.stock_production_lot_310519_5260102,2019-05-31 00:00:00,165,__import__.product_5260102,310519
__import__.stock_production_lot_300619_5260102,2019-06-30 00:00:00,859,__import__.product_5260102,300619
__import__.stock_production_lot_240317_5260620,2019-12-31 00:00:00,504,__import__.product_5260620,240317
__import__.stock_production_lot_IN07097_5262884,2019-03-07 00:00:00,165,__import__.product_5262884,IN07097
__import__.stock_production_lot_300618_5263556,2018-06-30 00:00:00,420,__import__.product_5263556,300618
__import__.stock_production_lot_L001_5266002,2022-04-30 00:00:00,905,__import__.product_5266002,L001
__import__.stock_production_lot_J160302_5266003,2019-04-30 00:00:00,587,__import__.product_5266003,J160302
__import__.stock_production_lot_0345105_5267000,2020-01-31 00:00:00,282,__import__.product_5267000,0345105
__import__.stock_production_lot_54008_5267010,2019-12-31 00:00:00,355,__import__.product_5267010,54008
__import__.stock_production_lot_53782_5267011,2019-07-31 00:00:00,796,__import__.product_5267011,53782
__import__.stock_production_lot_53545_5267012,2019-01-31 00:00:00,388,__import__.product_5267012,53545
__import__.stock_production_lot_54205_5267019,2020-05-31 00:00:00,686,__import__.product_5267019,54205
__import__.stock_production_lot_17G18G8254_5268210,2022-07-31 00:00:00,230,__import__.product_5268210,17G18G8254
__import__.stock_production_lot_0618A01_5268500,2021-01-28 00:00:00,264,__import__.product_5268500,0618A01
__import__.stock_production_lot_396124A_5268501,2019-11-13 00:00:00,222,__import__.product_5268501,396124A
__import__.stock_production_lot_406124A_5268501,2019-11-27 00:00:00,440,__import__.product_5268501,406124A
__import__.stock_production_lot_0173284_5270101,2020-12-31 00:00:00,446,__import__.product_5270101,0173284
__import__.stock_production_lot_0180569_5270105,2019-01-31 00:00:00,544,__import__.product_5270105,0180569
__import__.stock_production_lot_0172860_5270105,2018-10-31 00:00:00,577,__import__.product_5270105,0172860
__import__.stock_production_lot_B32087_5270107,2019-01-31 00:00:00,128,__import__.product_5270107,B32087
__import__.stock_production_lot_D33154A_5270108,2020-03-31 00:00:00,368,__import__.product_5270108,D33154A
__import__.stock_production_lot_726702_5270109,2020-06-30 00:00:00,309,__import__.product_5270109,726702
__import__.stock_production_lot_310719_5270114,2019-07-31 00:00:00,614,__import__.product_5270114,310719
__import__.stock_production_lot_310819_5270114,2019-08-31 00:00:00,366,__import__.product_5270114,310819
__import__.stock_production_lot_810802_5270120,2021-03-31 00:00:00,855,__import__.product_5270120,810802
__import__.stock_production_lot_80071701_5270121,2019-01-25 00:00:00,235,__import__.product_5270121,80071701
__import__.stock_production_lot_470171101_5270128,2020-10-31 00:00:00,627,__import__.product_5270128,470171101
__import__.stock_production_lot_730701_5270185,2020-07-31 00:00:00,219,__import__.product_5270185,730701
__import__.stock_production_lot_0170304_5270200,2021-03-31 00:00:00,377,__import__.product_5270200,0170304
__import__.stock_production_lot_310519_5270202,2019-05-31 00:00:00,315,__import__.product_5270202,310519
__import__.stock_production_lot_310819_5270208,2019-08-31 00:00:00,481,__import__.product_5270208,310819
__import__.stock_production_lot_310819_5270212,2019-08-31 00:00:00,229,__import__.product_5270212,310819
__import__.stock_production_lot_310819_5270214,2019-08-31 00:00:00,831,__import__.product_5270214,310819
__import__.stock_production_lot_726702_5270215,2020-06-30 00:00:00,468,__import__.product_5270215,726702
__import__.stock_production_lot_804801_5270215,2021-01-31 00:00:00,719,__import__.product_5270215,804801
__import__.stock_production_lot_300619_5270216,2019-06-30 00:00:00,772,__import__.product_5270216,300619
__import__.stock_production_lot_311019_5270217,2019-10-31 00:00:00,400,__import__.product_5270217,311019
__import__.stock_production_lot_310719_5270218,2019-07-31 00:00:00,394,__import__.product_5270218,310719
__import__.stock_production_lot_310719_5270220,2019-07-31 00:00:00,996,__import__.product_5270220,310719
__import__.stock_production_lot_300619_5270237,2019-06-30 00:00:00,221,__import__.product_5270237,300619
__import__.stock_production_lot_310819_5270237,2019-08-31 00:00:00,393,__import__.product_5270237,310819
__import__.stock_production_lot_310519_5270246,2019-05-31 00:00:00,519,__import__.product_5270246,310519
__import__.stock_production_lot_310719_5270259,2019-07-31 00:00:00,129,__import__.product_5270259,310719
__import__.stock_production_lot_310319_5270265,2019-03-31 00:00:00,756,__import__.product_5270265,310319
__import__.stock_production_lot_300919_5270265,2019-09-30 00:00:00,126,__import__.product_5270265,300919
__import__.stock_production_lot_017996_5271525,2018-12-31 00:00:00,443,__import__.product_5271525,017996
__import__.stock_production_lot_180125_5271838,2022-12-31 00:00:00,188,__import__.product_5271838,180125
__import__.stock_production_lot_300919_5272132,2019-09-30 00:00:00,123,__import__.product_5272132,300919
__import__.stock_production_lot_310519_5272211,2019-05-31 00:00:00,683,__import__.product_5272211,310519
__import__.stock_production_lot_300919_5272211,2019-09-30 00:00:00,391,__import__.product_5272211,300919
__import__.stock_production_lot_310819_5272213,2019-08-31 00:00:00,497,__import__.product_5272213,310819
__import__.stock_production_lot_310119_5272215,2019-01-31 00:00:00,579,__import__.product_5272215,310119
__import__.stock_production_lot_300919_5272215,2019-09-30 00:00:00,357,__import__.product_5272215,300919
__import__.stock_production_lot_300419_5272216,2019-04-30 00:00:00,151,__import__.product_5272216,300419
__import__.stock_production_lot_300419_5272431,2019-04-30 00:00:00,435,__import__.product_5272431,300419
__import__.stock_production_lot_300619_5272431,2019-06-30 00:00:00,807,__import__.product_5272431,300619
__import__.stock_production_lot_300919_5272431,2019-09-30 00:00:00,559,__import__.product_5272431,300919
__import__.stock_production_lot_311019_5272431,2019-10-31 00:00:00,165,__import__.product_5272431,311019
__import__.stock_production_lot_300919_5272432,2019-09-30 00:00:00,122,__import__.product_5272432,300919
__import__.stock_production_lot_300619_5272433,2019-06-30 00:00:00,909,__import__.product_5272433,300619
__import__.stock_production_lot_301119_5272436,2019-11-30 00:00:00,273,__import__.product_5272436,301119
__import__.stock_production_lot_311019_5272437,2019-10-31 00:00:00,492,__import__.product_5272437,311019
__import__.stock_production_lot_300919_5272438,2019-09-30 00:00:00,642,__import__.product_5272438,300919
__import__.stock_production_lot_311019_5272438,2019-10-31 00:00:00,955,__import__.product_5272438,311019
__import__.stock_production_lot_310519_5272439,2019-05-31 00:00:00,642,__import__.product_5272439,310519
__import__.stock_production_lot_300919_5272439,2019-09-30 00:00:00,461,__import__.product_5272439,300919
__import__.stock_production_lot_080717_5272460,2020-06-30 00:00:00,261,__import__.product_5272460,080717
__import__.stock_production_lot_310819_5272546,2019-08-31 00:00:00,556,__import__.product_5272546,310819
__import__.stock_production_lot_300619_5272547,2019-06-30 00:00:00,337,__import__.product_5272547,300619
__import__.stock_production_lot_300919_5272547,2019-09-30 00:00:00,896,__import__.product_5272547,300919
__import__.stock_production_lot_300819_5272550,2019-08-31 00:00:00,159,__import__.product_5272550,300819
__import__.stock_production_lot_311019_5272550,2019-10-31 00:00:00,674,__import__.product_5272550,311019
__import__.stock_production_lot_280219_5272557,2019-02-28 00:00:00,170,__import__.product_5272557,280219
__import__.stock_production_lot_311019_5272557,2019-10-31 00:00:00,150,__import__.product_5272557,311019
__import__.stock_production_lot_301119_5272557,2019-11-30 00:00:00,551,__import__.product_5272557,301119
__import__.stock_production_lot_310519_5272558,2019-05-31 00:00:00,844,__import__.product_5272558,310519
__import__.stock_production_lot_310819_5272558,2019-08-31 00:00:00,803,__import__.product_5272558,310819
__import__.stock_production_lot_311019_5272558,2019-10-31 00:00:00,813,__import__.product_5272558,311019
__import__.stock_production_lot_310519_5272563,2019-05-31 00:00:00,611,__import__.product_5272563,310519
__import__.stock_production_lot_310519_5272565,2019-05-31 00:00:00,225,__import__.product_5272565,310519
__import__.stock_production_lot_310819_5272581,2019-08-31 00:00:00,861,__import__.product_5272581,310819
__import__.stock_production_lot_300619_5272581,2019-06-30 00:00:00,007,__import__.product_5272581,300619
__import__.stock_production_lot_311019_5272581,2019-10-31 00:00:00,961,__import__.product_5272581,311019
__import__.stock_production_lot_310819_5272582,2019-08-31 00:00:00,210,__import__.product_5272582,310819
__import__.stock_production_lot_300919_5272582,2019-09-30 00:00:00,412,__import__.product_5272582,300919
__import__.stock_production_lot_310319_5272618,2019-03-31 00:00:00,416,__import__.product_5272618,310319
__import__.stock_production_lot_310819_5272618,2019-08-31 00:00:00,182,__import__.product_5272618,310819
__import__.stock_production_lot_300919_5272619,2019-09-30 00:00:00,546,__import__.product_5272619,300919
__import__.stock_production_lot_310319_5272647,2019-03-31 00:00:00,499,__import__.product_5272647,310319
__import__.stock_production_lot_310519_5272647,2019-05-31 00:00:00,143,__import__.product_5272647,310519
__import__.stock_production_lot_310319_5272648,2019-03-31 00:00:00,511,__import__.product_5272648,310319
__import__.stock_production_lot_300919_5272675,2019-09-30 00:00:00,504,__import__.product_5272675,300919
__import__.stock_production_lot_310719_5272683,2019-07-31 00:00:00,980,__import__.product_5272683,310719
__import__.stock_production_lot_311019_5272704,2019-10-31 00:00:00,481,__import__.product_5272704,311019
__import__.stock_production_lot_280219_5272750,2019-02-28 00:00:00,217,__import__.product_5272750,280219
__import__.stock_production_lot_300619_5272750,2019-06-30 00:00:00,416,__import__.product_5272750,300619
__import__.stock_production_lot_20171005_5273405,2020-10-04 00:00:00,426,__import__.product_5273405,20171005
__import__.stock_production_lot_20171006_5273410,2020-10-05 00:00:00,458,__import__.product_5273410,20171006
__import__.stock_production_lot_20171020_5273420,2019-10-31 00:00:00,462,__import__.product_5273420,20171020
__import__.stock_production_lot_20171025_5273430,2020-10-24 00:00:00,702,__import__.product_5273430,20171025
__import__.stock_production_lot_20171005_5273451,2020-10-31 00:00:00,283,__import__.product_5273451,20171005
__import__.stock_production_lot_20171007_5273461,2020-10-31 00:00:00,513,__import__.product_5273461,20171007
__import__.stock_production_lot_20171014_5273463,2020-10-31 00:00:00,707,__import__.product_5273463,20171014
__import__.stock_production_lot_20170801_5273463,2020-07-31 00:00:00,634,__import__.product_5273463,20170801
__import__.stock_production_lot_A70034_5273691,2022-12-31 00:00:00,212,__import__.product_5273691,A70034
__import__.stock_production_lot_BP1375_5273692,2022-07-31 00:00:00,198,__import__.product_5273692,BP1375
__import__.stock_production_lot_A70035_5273692,2022-12-31 00:00:00,317,__import__.product_5273692,A70035
__import__.stock_production_lot_140801_5273695,2019-07-31 00:00:00,154,__import__.product_5273695,140801
__import__.stock_production_lot_280219_5274093,2019-02-28 00:00:00,440,__import__.product_5274093,280219
__import__.stock_production_lot_310119_5274136,2019-01-31 00:00:00,457,__import__.product_5274136,310119
__import__.stock_production_lot_311018_5274137,2018-10-31 00:00:00,386,__import__.product_5274137,311018
__import__.stock_production_lot_310719_5274137,2019-07-31 00:00:00,520,__import__.product_5274137,310719
__import__.stock_production_lot_310519_5274137,2019-05-31 00:00:00,620,__import__.product_5274137,310519
__import__.stock_production_lot_300619_5274153,2019-06-30 00:00:00,686,__import__.product_5274153,300619
__import__.stock_production_lot_310319_5274203,2019-03-31 00:00:00,226,__import__.product_5274203,310319
__import__.stock_production_lot_300918_5274204,2018-09-30 00:00:00,942,__import__.product_5274204,300918
__import__.stock_production_lot_300419_5274441,2019-04-30 00:00:00,617,__import__.product_5274441,300419
__import__.stock_production_lot_310519_5274441,2019-05-31 00:00:00,637,__import__.product_5274441,310519
__import__.stock_production_lot_280219_5274494,2019-02-28 00:00:00,415,__import__.product_5274494,280219
__import__.stock_production_lot_310519_5274494,2019-05-31 00:00:00,526,__import__.product_5274494,310519
__import__.stock_production_lot_300918_5274526,2018-09-30 00:00:00,643,__import__.product_5274526,300918
__import__.stock_production_lot_301118_5274527,2018-11-30 00:00:00,603,__import__.product_5274527,301118
__import__.stock_production_lot_280219_5274527,2019-02-28 00:00:00,230,__import__.product_5274527,280219
__import__.stock_production_lot_311218_5274646,2018-12-31 00:00:00,338,__import__.product_5274646,311218
__import__.stock_production_lot_300419_5274646,2019-04-30 00:00:00,489,__import__.product_5274646,300419
__import__.stock_production_lot_310719_5274646,2019-07-31 00:00:00,738,__import__.product_5274646,310719
__import__.stock_production_lot_300618_5274657,2018-06-30 00:00:00,747,__import__.product_5274657,300618
__import__.stock_production_lot_311218_5274657,2018-12-31 00:00:00,515,__import__.product_5274657,311218
__import__.stock_production_lot_310519_5274657,2019-05-31 00:00:00,825,__import__.product_5274657,310519
__import__.stock_production_lot_300619_5274659,2019-06-30 00:00:00,435,__import__.product_5274659,300619
__import__.stock_production_lot_311219_5275599,2019-12-31 00:00:00,983,__import__.product_5275599,311219
__import__.stock_production_lot_301119_5275640,2019-11-30 00:00:00,505,__import__.product_5275640,301119
__import__.stock_production_lot_311219_5275640,2019-12-31 00:00:00,629,__import__.product_5275640,311219
__import__.stock_production_lot_310719_5275683,2019-07-31 00:00:00,344,__import__.product_5275683,310719
__import__.stock_production_lot_788101005_5276495,2022-10-31 00:00:00,467,__import__.product_5276495,788101005
__import__.stock_production_lot_897101002_5276495,2023-03-01 00:00:00,330,__import__.product_5276495,897101002
__import__.stock_production_lot_701341280_5277507,2022-12-31 00:00:00,980,__import__.product_5277507,701341280
__import__.stock_production_lot_707534280_5277508,2022-12-31 00:00:00,529,__import__.product_5277508,707534280
__import__.stock_production_lot_701033284_5277510,2022-12-31 00:00:00,545,__import__.product_5277510,701033284
__import__.stock_production_lot_300919_5278095,2019-09-30 00:00:00,243,__import__.product_5278095,300919
__import__.stock_production_lot_301119_5278096,2019-11-30 00:00:00,532,__import__.product_5278096,301119
__import__.stock_production_lot_280219_5278099,2019-02-28 00:00:00,418,__import__.product_5278099,280219
__import__.stock_production_lot_310818_5282300,2018-08-31 00:00:00,608,__import__.product_5282300,310818
__import__.stock_production_lot_311218_5282300,2018-12-31 00:00:00,329,__import__.product_5282300,311218
__import__.stock_production_lot_300419_5282300,2019-04-30 00:00:00,433,__import__.product_5282300,300419
__import__.stock_production_lot_598701006_5290196,2020-06-30 00:00:00,254,__import__.product_5290196,598701006
__import__.stock_production_lot_799005002_5290196,2022-06-30 00:00:00,864,__import__.product_5290196,799005002
__import__.stock_production_lot_798305004_5290196,2022-12-31 00:00:00,664,__import__.product_5290196,798305004
__import__.stock_production_lot_17J23_5290609,2021-10-31 00:00:00,709,__import__.product_5290609,17J23
__import__.stock_production_lot_1705017_5291000,2022-05-31 00:00:00,562,__import__.product_5291000,1705017
__import__.stock_production_lot_1709035_5291004,2022-09-30 00:00:00,520,__import__.product_5291004,1709035
__import__.stock_production_lot_1801001_5291009,2023-01-31 00:00:00,751,__import__.product_5291009,1801001
__import__.stock_production_lot_7331978_5292121,2019-04-30 00:00:00,315,__import__.product_5292121,7331978
__import__.stock_production_lot_8061602_5292125,2023-02-28 00:00:00,311,__import__.product_5292125,8061602
__import__.stock_production_lot_7293996_5292225,2022-11-30 00:00:00,280,__import__.product_5292225,7293996
__import__.stock_production_lot_8061599_5292225,2023-02-28 00:00:00,573,__import__.product_5292225,8061599
__import__.stock_production_lot_725787_5293595,2020-05-31 00:00:00,524,__import__.product_5293595,725787
__import__.stock_production_lot_723829_5293600,2020-05-31 00:00:00,556,__import__.product_5293600,723829
__import__.stock_production_lot_725839_5293600,2020-05-31 00:00:00,725,__import__.product_5293600,725839
__import__.stock_production_lot_L80561401_5294255,2020-08-31 00:00:00,695,__import__.product_5294255,L80561401
__import__.stock_production_lot_F78548801_5294279,2019-12-31 00:00:00,104,__import__.product_5294279,F78548801
__import__.stock_production_lot_F80561501_5294279,2020-02-28 00:00:00,718,__import__.product_5294279,F80561501
__import__.stock_production_lot_F77540501_5294279,2019-11-30 00:00:00,158,__import__.product_5294279,F77540501
__import__.stock_production_lot_310519_5294638,2019-05-31 00:00:00,274,__import__.product_5294638,310519
__import__.stock_production_lot_300919_5294638,2019-09-30 00:00:00,272,__import__.product_5294638,300919
__import__.stock_production_lot_280219_5294770,2019-02-28 00:00:00,471,__import__.product_5294770,280219
__import__.stock_production_lot_311019_5294770,2019-10-31 00:00:00,657,__import__.product_5294770,311019
__import__.stock_production_lot_310818_5294786,2018-08-31 00:00:00,412,__import__.product_5294786,310818
__import__.stock_production_lot_310319_5294786,2019-03-31 00:00:00,499,__import__.product_5294786,310319
__import__.stock_production_lot_311019_5294793,2019-10-31 00:00:00,708,__import__.product_5294793,311019
__import__.stock_production_lot_17K04C8_5300000,2022-09-01 00:00:00,287,__import__.product_5300000,17K04C8
__import__.stock_production_lot_18A22C8_5300000,2023-01-31 00:00:00,311,__import__.product_5300000,18A22C8
__import__.stock_production_lot_1705080P_5300015,2022-04-30 00:00:00,131,__import__.product_5300015,1705080P
__import__.stock_production_lot_1712078_5300015,2022-11-30 00:00:00,954,__import__.product_5300015,1712078
__import__.stock_production_lot_1802076_5300015,2023-01-31 00:00:00,224,__import__.product_5300015,1802076
__import__.stock_production_lot_170518_5300635,2022-04-30 00:00:00,673,__import__.product_5300635,170518
__import__.stock_production_lot_170621_5300635,2022-05-31 00:00:00,371,__import__.product_5300635,170621
__import__.stock_production_lot_17P0967_5301134,2020-07-31 00:00:00,507,__import__.product_5301134,17P0967
__import__.stock_production_lot_17H0735_5301135,2022-09-30 00:00:00,324,__import__.product_5301135,17H0735
__import__.stock_production_lot_17R0889_5301135,2020-09-30 00:00:00,314,__import__.product_5301135,17R0889
__import__.stock_production_lot_18G0190_5301136,2021-03-31 00:00:00,792,__import__.product_5301136,18G0190
__import__.stock_production_lot_18M0067_5301137,2021-01-31 00:00:00,326,__import__.product_5301137,18M0067
__import__.stock_production_lot_17R0768_5301138,2020-07-31 00:00:00,450,__import__.product_5301138,17R0768
__import__.stock_production_lot_18R0078_5301138,2021-01-31 00:00:00,572,__import__.product_5301138,18R0078
__import__.stock_production_lot_17R0706_5301139,2020-07-31 00:00:00,106,__import__.product_5301139,17R0706
__import__.stock_production_lot_17R0481_5301139,2020-05-31 00:00:00,559,__import__.product_5301139,17R0481
__import__.stock_production_lot_16S0628_5301141,2021-05-31 00:00:00,390,__import__.product_5301141,16S0628
__import__.stock_production_lot_16M0381_5301141,2021-04-30 00:00:00,400,__import__.product_5301141,16M0381
__import__.stock_production_lot_1650628_5301141,2021-05-31 00:00:00,410,__import__.product_5301141,1650628
__import__.stock_production_lot_18G0042_5301142,2023-01-31 00:00:00,426,__import__.product_5301142,18G0042
__import__.stock_production_lot_17H0802_5301143,2022-09-30 00:00:00,885,__import__.product_5301143,17H0802
__import__.stock_production_lot_17H0742_5301144,2022-09-30 00:00:00,330,__import__.product_5301144,17H0742
__import__.stock_production_lot_17H0739_5301145,2022-09-30 00:00:00,212,__import__.product_5301145,17H0739
__import__.stock_production_lot_16M0219_5301146,2021-02-28 00:00:00,312,__import__.product_5301146,16M0219
__import__.stock_production_lot_17H0740_5301146,2022-09-30 00:00:00,435,__import__.product_5301146,17H0740
__import__.stock_production_lot_170909_5301524,2022-08-31 00:00:00,503,__import__.product_5301524,170909
__import__.stock_production_lot_171026_5304000,2022-09-30 00:00:00,656,__import__.product_5304000,171026
__import__.stock_production_lot_171106_5304000,2022-10-31 00:00:00,241,__import__.product_5304000,171106
__import__.stock_production_lot_180222_5304100,2023-01-31 00:00:00,400,__import__.product_5304100,180222
__import__.stock_production_lot_171212_5304300,2022-11-30 00:00:00,185,__import__.product_5304300,171212
__import__.stock_production_lot_16G034_5304811,2019-03-22 00:00:00,490,__import__.product_5304811,16G034
__import__.stock_production_lot_18G114_5304813,2021-04-04 00:00:00,457,__import__.product_5304813,18G114
__import__.stock_production_lot_7128812_5305501,2022-05-31 00:00:00,445,__import__.product_5305501,7128812
__import__.stock_production_lot_1801190_5307727,2022-12-31 00:00:00,450,__import__.product_5307727,1801190
__import__.stock_production_lot_1711230_5307731,2022-10-31 00:00:00,790,__import__.product_5307731,1711230
__import__.stock_production_lot_1801244_5307731,2022-12-31 00:00:00,631,__import__.product_5307731,1801244
__import__.stock_production_lot_1711382_5307736,2022-10-31 00:00:00,317,__import__.product_5307736,1711382
__import__.stock_production_lot_1801373_5307736,2022-12-31 00:00:00,366,__import__.product_5307736,1801373
__import__.stock_production_lot_311019_5308816,2019-10-31 00:00:00,358,__import__.product_5308816,311019
__import__.stock_production_lot_310119_5308817,2019-01-31 00:00:00,512,__import__.product_5308817,310119
__import__.stock_production_lot_310120_5308818,2020-01-31 00:00:00,265,__import__.product_5308818,310120
__import__.stock_production_lot_301118_5308819,2018-11-30 00:00:00,540,__import__.product_5308819,301118
__import__.stock_production_lot_8001744_5309628,2022-12-31 00:00:00,261,__import__.product_5309628,8001744
__import__.stock_production_lot_AT2373_5310324,2019-11-30 00:00:00,502,__import__.product_5310324,AT2373
__import__.stock_production_lot_280219_5310501,2019-02-28 00:00:00,527,__import__.product_5310501,280219
__import__.stock_production_lot_311018_5310501,2018-10-31 00:00:00,612,__import__.product_5310501,311018
__import__.stock_production_lot_311018_5311003,2018-10-31 00:00:00,403,__import__.product_5311003,311018
__import__.stock_production_lot_300619_5311012,2019-06-30 00:00:00,333,__import__.product_5311012,300619
__import__.stock_production_lot_311020_5311529,2020-10-31 00:00:00,582,__import__.product_5311529,311020
__import__.stock_production_lot_310121_5311542,2021-01-31 00:00:00,261,__import__.product_5311542,310121
__import__.stock_production_lot_280220_5311543,2020-02-28 00:00:00,449,__import__.product_5311543,280220
__import__.stock_production_lot_310820_5311543,2020-08-31 00:00:00,807,__import__.product_5311543,310820
__import__.stock_production_lot_301120_5311543,2020-11-30 00:00:00,409,__import__.product_5311543,301120
__import__.stock_production_lot_311020_5311612,2020-10-31 00:00:00,511,__import__.product_5311612,311020
__import__.stock_production_lot_301120_5311612,2020-11-30 00:00:00,484,__import__.product_5311612,301120
__import__.stock_production_lot_300419_5312003,2019-04-30 00:00:00,972,__import__.product_5312003,300419
__import__.stock_production_lot_300619_5312007,2019-06-30 00:00:00,600,__import__.product_5312007,300619
__import__.stock_production_lot_300619_5312512,2019-06-30 00:00:00,504,__import__.product_5312512,300619
__import__.stock_production_lot_300419_5314012,2019-04-30 00:00:00,450,__import__.product_5314012,300419
__import__.stock_production_lot_280219_5314502,2019-02-28 00:00:00,448,__import__.product_5314502,280219
__import__.stock_production_lot_310519_5314502,2019-05-31 00:00:00,515,__import__.product_5314502,310519
__import__.stock_production_lot_300919_5314612,2019-09-30 00:00:00,193,__import__.product_5314612,300919
__import__.stock_production_lot_300619_5315112,2019-06-30 00:00:00,653,__import__.product_5315112,300619
__import__.stock_production_lot_8127X_5315522,2020-05-07 00:00:00,937,__import__.product_5315522,8127X
__import__.stock_production_lot_7S43N3572_5317440,2020-10-31 00:00:00,589,__import__.product_5317440,7S43N3572
__import__.stock_production_lot_8S02N0124_5317440,2021-01-31 00:00:00,375,__import__.product_5317440,8S02N0124
__import__.stock_production_lot_310319_5317599,2019-03-31 00:00:00,133,__import__.product_5317599,310319
__import__.stock_production_lot_310819_5317599,2019-08-31 00:00:00,302,__import__.product_5317599,310819
__import__.stock_production_lot_310719_5317619,2019-07-31 00:00:00,540,__import__.product_5317619,310719
__import__.stock_production_lot_300918_5317639,2018-09-30 00:00:00,393,__import__.product_5317639,300918
__import__.stock_production_lot_310119_5317639,2019-01-31 00:00:00,619,__import__.product_5317639,310119
__import__.stock_production_lot_310319_5317639,2019-03-31 00:00:00,819,__import__.product_5317639,310319
__import__.stock_production_lot_310519_5317669,2019-05-31 00:00:00,164,__import__.product_5317669,310519
__import__.stock_production_lot_310718_5317679,2018-07-31 00:00:00,826,__import__.product_5317679,310718
__import__.stock_production_lot_310519_5317719,2019-05-31 00:00:00,509,__import__.product_5317719,310519
__import__.stock_production_lot_310719_5317719,2019-07-31 00:00:00,140,__import__.product_5317719,310719
__import__.stock_production_lot_300619_5317739,2019-06-30 00:00:00,596,__import__.product_5317739,300619
__import__.stock_production_lot_310819_5317739,2019-08-31 00:00:00,964,__import__.product_5317739,310819
__import__.stock_production_lot_310718_5317740,2018-07-31 00:00:00,765,__import__.product_5317740,310718
__import__.stock_production_lot_310319_5317749,2019-03-31 00:00:00,329,__import__.product_5317749,310319
__import__.stock_production_lot_310719_5317769,2019-07-31 00:00:00,643,__import__.product_5317769,310719
__import__.stock_production_lot_310519_5317839,2019-05-31 00:00:00,453,__import__.product_5317839,310519
__import__.stock_production_lot_280219_5317899,2019-02-28 00:00:00,814,__import__.product_5317899,280219
__import__.stock_production_lot_300919_5317899,2019-09-30 00:00:00,605,__import__.product_5317899,300919
__import__.stock_production_lot_310319_5317929,2019-03-31 00:00:00,170,__import__.product_5317929,310319
__import__.stock_production_lot_300619_5317929,2019-06-30 00:00:00,771,__import__.product_5317929,300619
__import__.stock_production_lot_311018_5317979,2018-10-31 00:00:00,184,__import__.product_5317979,311018
__import__.stock_production_lot_310319_5317979,2019-03-31 00:00:00,565,__import__.product_5317979,310319
__import__.stock_production_lot_311018_5317989,2018-10-31 00:00:00,925,__import__.product_5317989,311018
__import__.stock_production_lot_310319_5317989,2019-03-31 00:00:00,849,__import__.product_5317989,310319
__import__.stock_production_lot_300919_5317989,2019-09-30 00:00:00,719,__import__.product_5317989,300919
__import__.stock_production_lot_BVB7401_5319300,2019-04-30 00:00:00,728,__import__.product_5319300,BVB7401
__import__.stock_production_lot_311218_5320001,2018-12-31 00:00:00,865,__import__.product_5320001,311218
__import__.stock_production_lot_310319_5320002,2019-03-31 00:00:00,545,__import__.product_5320002,310319
__import__.stock_production_lot_311218_5320003,2018-12-31 00:00:00,488,__import__.product_5320003,311218
__import__.stock_production_lot_170804_5320519,2021-07-31 00:00:00,394,__import__.product_5320519,170804
__import__.stock_production_lot_171211_5320519,2021-11-30 00:00:00,385,__import__.product_5320519,171211
__import__.stock_production_lot_171224_5320524,2021-11-30 00:00:00,425,__import__.product_5320524,171224
__import__.stock_production_lot_L2017F06_5330000,2020-06-30 00:00:00,650,__import__.product_5330000,L2017F06
__import__.stock_production_lot_27529_5330001,2020-07-31 00:00:00,919,__import__.product_5330001,27529
__import__.stock_production_lot_28009_5330001,2021-01-31 00:00:00,483,__import__.product_5330001,28009
__import__.stock_production_lot_26076A10_5330002,2019-07-31 00:00:00,222,__import__.product_5330002,26076A10
__import__.stock_production_lot_313791_5330361,2022-10-31 00:00:00,496,__import__.product_5330361,313791
__import__.stock_production_lot_A7F0672FX_5330693,2022-06-30 00:00:00,981,__import__.product_5330693,A7F0672FX
__import__.stock_production_lot_310719_5331711,2019-07-31 00:00:00,550,__import__.product_5331711,310719
__import__.stock_production_lot_310719_5331721,2019-07-31 00:00:00,518,__import__.product_5331721,310719
__import__.stock_production_lot_310719_5331731,2019-07-31 00:00:00,543,__import__.product_5331731,310719
__import__.stock_production_lot_310719_5332150,2019-07-31 00:00:00,299,__import__.product_5332150,310719
__import__.stock_production_lot_300619_5332350,2019-06-30 00:00:00,425,__import__.product_5332350,300619
__import__.stock_production_lot_300619_5336030,2019-06-30 00:00:00,488,__import__.product_5336030,300619
__import__.stock_production_lot_310119_5338818,2019-01-31 00:00:00,458,__import__.product_5338818,310119
__import__.stock_production_lot_310119_5338868,2019-01-31 00:00:00,440,__import__.product_5338868,310119
__import__.stock_production_lot_18G008_5340566,2023-03-12 00:00:00,683,__import__.product_5340566,18G008
__import__.stock_production_lot_18G029_5340839,2021-02-07 00:00:00,993,__import__.product_5340839,18G029
__import__.stock_production_lot_17G418_5340840,2020-12-31 00:00:00,635,__import__.product_5340840,17G418
__import__.stock_production_lot_18G101_5340840,2021-03-31 00:00:00,381,__import__.product_5340840,18G101
__import__.stock_production_lot_18G147_5340840,2021-04-16 00:00:00,212,__import__.product_5340840,18G147
__import__.stock_production_lot_17G108_5340905,2020-03-13 00:00:00,146,__import__.product_5340905,17G108
__import__.stock_production_lot_17G326_5340918,2020-11-28 00:00:00,392,__import__.product_5340918,17G326
__import__.stock_production_lot_18G042_5340920,2021-02-14 00:00:00,607,__import__.product_5340920,18G042
__import__.stock_production_lot_18G043_5340922,2021-02-28 00:00:00,821,__import__.product_5340922,18G043
__import__.stock_production_lot_18G044_5340923,2021-02-12 00:00:00,541,__import__.product_5340923,18G044
__import__.stock_production_lot_311219_5341020,2019-12-31 00:00:00,420,__import__.product_5341020,311219
__import__.stock_production_lot_301119_5341030,2019-11-30 00:00:00,659,__import__.product_5341030,301119
__import__.stock_production_lot_311219_5341030,2019-12-31 00:00:00,265,__import__.product_5341030,311219
__import__.stock_production_lot_301119_5341050,2019-11-30 00:00:00,586,__import__.product_5341050,301119
__import__.stock_production_lot_15L263_5342501,2019-11-30 00:00:00,460,__import__.product_5342501,15L263
__import__.stock_production_lot_18G144_5343015,2020-04-30 00:00:00,207,__import__.product_5343015,18G144
__import__.stock_production_lot_17G321_5343020,2019-10-02 00:00:00,987,__import__.product_5343020,17G321
__import__.stock_production_lot_170912_5350126,2022-08-31 00:00:00,829,__import__.product_5350126,170912
__import__.stock_production_lot_5L031_5350301,2019-10-18 00:00:00,270,__import__.product_5350301,5L031
__import__.stock_production_lot_5T371_5350301,2019-11-26 00:00:00,761,__import__.product_5350301,5T371
__import__.stock_production_lot_5Q192_5350302,2019-11-13 00:00:00,240,__import__.product_5350302,5Q192
__import__.stock_production_lot_5T362_5350302,2019-11-26 00:00:00,626,__import__.product_5350302,5T362
__import__.stock_production_lot_6C471_5350302,2020-01-16 00:00:00,852,__import__.product_5350302,6C471
__import__.stock_production_lot_170506_5351519,2022-04-30 00:00:00,573,__import__.product_5351519,170506
__import__.stock_production_lot_170909_5351524,2021-08-31 00:00:00,742,__import__.product_5351524,170909
__import__.stock_production_lot_2241_5351560,2019-09-30 00:00:00,741,__import__.product_5351560,2241
__import__.stock_production_lot_171107_5354605,2023-11-30 00:00:00,263,__import__.product_5354605,171107
__import__.stock_production_lot_171107_5354610,2023-11-30 00:00:00,433,__import__.product_5354610,171107
__import__.stock_production_lot_180215_5354610,2024-02-28 00:00:00,469,__import__.product_5354610,180215
__import__.stock_production_lot_170320L_5356004,2022-02-28 00:00:00,937,__import__.product_5356004,170320L
__import__.stock_production_lot_170810L_5356004,2022-07-31 00:00:00,438,__import__.product_5356004,170810L
__import__.stock_production_lot_171017L_5356004,2022-09-30 00:00:00,597,__import__.product_5356004,171017L
__import__.stock_production_lot_181359_5361200,2019-10-31 00:00:00,285,__import__.product_5361200,181359
__import__.stock_production_lot_310519_5361760,2019-05-31 00:00:00,974,__import__.product_5361760,310519
__import__.stock_production_lot_310719_5361760,2019-07-31 00:00:00,774,__import__.product_5361760,310719
__import__.stock_production_lot_310319_5361772,2019-03-31 00:00:00,624,__import__.product_5361772,310319
__import__.stock_production_lot_310819_5361772,2019-08-31 00:00:00,483,__import__.product_5361772,310819
__import__.stock_production_lot_280219_5361775,2019-02-28 00:00:00,861,__import__.product_5361775,280219
__import__.stock_production_lot_300619_5361775,2019-06-30 00:00:00,880,__import__.product_5361775,300619
__import__.stock_production_lot_300919_5361784,2019-09-30 00:00:00,582,__import__.product_5361784,300919
__import__.stock_production_lot_301118_5361791,2018-11-30 00:00:00,131,__import__.product_5361791,301118
__import__.stock_production_lot_300619_5361797,2019-06-30 00:00:00,689,__import__.product_5361797,300619
__import__.stock_production_lot_310819_5361797,2019-08-31 00:00:00,343,__import__.product_5361797,310819
__import__.stock_production_lot_310818_5361891,2018-08-31 00:00:00,402,__import__.product_5361891,310818
__import__.stock_production_lot_311019_5361901,2019-10-31 00:00:00,333,__import__.product_5361901,311019
__import__.stock_production_lot_310120_5361901,2020-01-31 00:00:00,643,__import__.product_5361901,310120
__import__.stock_production_lot_300918_5362016,2018-09-30 00:00:00,139,__import__.product_5362016,300918
__import__.stock_production_lot_300419_5362022,2019-04-30 00:00:00,351,__import__.product_5362022,300419
__import__.stock_production_lot_300618_5362254,2018-06-30 00:00:00,167,__import__.product_5362254,300618
__import__.stock_production_lot_300618_5362255,2018-06-30 00:00:00,382,__import__.product_5362255,300618
__import__.stock_production_lot_300619_5362321,2019-06-30 00:00:00,115,__import__.product_5362321,300619
__import__.stock_production_lot_310519_5365234,2019-05-31 00:00:00,790,__import__.product_5365234,310519
__import__.stock_production_lot_5023617_5373852,2019-08-31 00:00:00,599,__import__.product_5373852,5023617
__import__.stock_production_lot_1174190_5376820,2022-10-31 00:00:00,234,__import__.product_5376820,1174190
__import__.stock_production_lot_1180042_5376820,2023-01-31 00:00:00,009,__import__.product_5376820,1180042
__import__.stock_production_lot_1181139_5376820,2023-03-31 00:00:00,256,__import__.product_5376820,1181139
__import__.stock_production_lot_F1707403_5380473,2019-03-31 00:00:00,279,__import__.product_5380473,F1707403
__import__.stock_production_lot_F1805203_5380473,2020-02-28 00:00:00,244,__import__.product_5380473,F1805203
__import__.stock_production_lot_58500_5394001,2019-08-31 00:00:00,127,__import__.product_5394001,58500
__import__.stock_production_lot_58780_5394002,2019-10-31 00:00:00,730,__import__.product_5394002,58780
__import__.stock_production_lot_58144_5394003,2020-01-31 00:00:00,632,__import__.product_5394003,58144
__import__.stock_production_lot_58733_5394003,2020-04-30 00:00:00,811,__import__.product_5394003,58733
__import__.stock_production_lot_58933_5394003,2020-06-30 00:00:00,732,__import__.product_5394003,58933
__import__.stock_production_lot_58014_5394005,2019-06-30 00:00:00,210,__import__.product_5394005,58014
__import__.stock_production_lot_58496_5394006,2020-03-31 00:00:00,963,__import__.product_5394006,58496
__import__.stock_production_lot_58375_5394008,2019-08-31 00:00:00,433,__import__.product_5394008,58375
__import__.stock_production_lot_58871_5394009,2020-05-31 00:00:00,355,__import__.product_5394009,58871
__import__.stock_production_lot_58659_5394010,2020-04-30 00:00:00,546,__import__.product_5394010,58659
__import__.stock_production_lot_TTD17I20_5397501,2019-03-31 00:00:00,765,__import__.product_5397501,TTD17I20
__import__.stock_production_lot_TTD18C01_5397501,2019-09-30 00:00:00,797,__import__.product_5397501,TTD18C01
__import__.stock_production_lot_5RCS17L04_5397502,2018-12-31 00:00:00,628,__import__.product_5397502,5RCS17L04
__import__.stock_production_lot_4RCS18A18_5397503,2019-07-31 00:00:00,274,__import__.product_5397503,4RCS18A18
__import__.stock_production_lot_18036Z0074_5398495,2022-12-31 00:00:00,464,__import__.product_5398495,18036Z0074
__import__.stock_production_lot_17401Z0020_5398503,2022-09-30 00:00:00,397,__import__.product_5398503,17401Z0020
__import__.stock_production_lot_4384Z915_5398602,2019-08-31 00:00:00,114,__import__.product_5398602,4384Z915
__import__.stock_production_lot_160701_5400015,2021-07-31 00:00:00,932,__import__.product_5400015,160701
__import__.stock_production_lot_18D13_5400016,2023-04-30 00:00:00,600,__import__.product_5400016,18D13
__import__.stock_production_lot_315960_5400500,2019-08-31 00:00:00,557,__import__.product_5400500,315960
__import__.stock_production_lot_TA09168_5402069,2021-10-31 00:00:00,602,__import__.product_5402069,TA09168
__import__.stock_production_lot_TA09169_5402069,2021-10-31 00:00:00,159,__import__.product_5402069,TA09169
__import__.stock_production_lot_104998_5402250,2019-03-31 00:00:00,539,__import__.product_5402250,104998
__import__.stock_production_lot_1160400_5404091,2021-04-30 00:00:00,128,__import__.product_5404091,1160400
__import__.stock_production_lot_G32447A_5405244,2022-10-31 00:00:00,362,__import__.product_5405244,G32447A
__import__.stock_production_lot_1802007_5405244,2023-01-31 00:00:00,920,__import__.product_5405244,1802007
__import__.stock_production_lot_1710020_5405253,2022-09-30 00:00:00,680,__import__.product_5405253,1710020
__import__.stock_production_lot_1801019_5405253,2022-12-31 00:00:00,258,__import__.product_5405253,1801019
__import__.stock_production_lot_1706002_5405254,2022-05-31 00:00:00,380,__import__.product_5405254,1706002
__import__.stock_production_lot_1711005_5405254,2022-10-31 00:00:00,372,__import__.product_5405254,1711005
__import__.stock_production_lot_1712010_5405256,2022-11-30 00:00:00,796,__import__.product_5405256,1712010
__import__.stock_production_lot_0293000082_5408308,2020-11-30 00:00:00,237,__import__.product_5408308,0293000082
__import__.stock_production_lot_C1218050751_5416396,2020-05-31 00:00:00,386,__import__.product_5416396,C1218050751
__import__.stock_production_lot_C1016101301_5416403,2018-10-31 00:00:00,396,__import__.product_5416403,C1016101301
__import__.stock_production_lot_C0818051551_5416412,2020-05-31 00:00:00,281,__import__.product_5416412,C0818051551
__import__.stock_production_lot_C0718020651_5416430,2020-02-28 00:00:00,275,__import__.product_5416430,C0718020651
__import__.stock_production_lot_C0817110651_5416438,2019-11-30 00:00:00,316,__import__.product_5416438,C0817110651
__import__.stock_production_lot_C0818031051_5416438,2020-01-31 00:00:00,290,__import__.product_5416438,C0818031051
__import__.stock_production_lot_17081452PF01_5416453,2019-08-31 00:00:00,369,__import__.product_5416453,17081452PF01
__import__.stock_production_lot_PRS0661ED_5420002,2021-12-31 00:00:00,415,__import__.product_5420002,PRS0661ED
__import__.stock_production_lot_PRS0991AC_5420003,2021-12-31 00:00:00,908,__import__.product_5420003,PRS0991AC
__import__.stock_production_lot_701469_5420004,2019-09-30 00:00:00,117,__import__.product_5420004,701469
__import__.stock_production_lot_799902004_5421704,2020-03-31 00:00:00,373,__import__.product_5421704,799902004
__import__.stock_production_lot_799402009_5421714,2020-04-30 00:00:00,309,__import__.product_5421714,799402009
__import__.stock_production_lot_796702003_5421714,2021-01-31 00:00:00,189,__import__.product_5421714,796702003
__import__.stock_production_lot_595302008_5421724,2018-09-30 00:00:00,865,__import__.product_5421724,595302008
__import__.stock_production_lot_799403006_5421724,2020-03-31 00:00:00,966,__import__.product_5421724,799403006
__import__.stock_production_lot_799502006_5421724,2020-04-30 00:00:00,164,__import__.product_5421724,799502006
__import__.stock_production_lot_701737250_5421827,2022-09-30 00:00:00,472,__import__.product_5421827,701737250
__import__.stock_production_lot_702045255_5421827,2022-11-30 00:00:00,547,__import__.product_5421827,702045255
__import__.stock_production_lot_310819_5422036,2019-08-31 00:00:00,759,__import__.product_5422036,310819
__import__.stock_production_lot_311019_5422036,2019-10-31 00:00:00,159,__import__.product_5422036,311019
__import__.stock_production_lot_6316C26QX_5426243,2021-11-09 00:00:00,229,__import__.product_5426243,6316C26QX
__import__.stock_production_lot_16L04G8332_5426809,2021-10-31 00:00:00,781,__import__.product_5426809,16L04G8332
__import__.stock_production_lot_17E04G8331_5426809,2022-05-31 00:00:00,856,__import__.product_5426809,17E04G8331
__import__.stock_production_lot_17H23G8333_5426809,2022-08-31 00:00:00,451,__import__.product_5426809,17H23G8333
__import__.stock_production_lot_17G13G8331_5426907,2022-07-31 00:00:00,619,__import__.product_5426907,17G13G8331
__import__.stock_production_lot_17M04G8348_5426907,2022-11-30 00:00:00,939,__import__.product_5426907,17M04G8348
__import__.stock_production_lot_17B01G8903_5426909,2022-02-28 00:00:00,583,__import__.product_5426909,17B01G8903
__import__.stock_production_lot_17K28G8903_5426909,2022-09-30 00:00:00,933,__import__.product_5426909,17K28G8903
__import__.stock_production_lot_18B20G8902_5426909,2023-02-01 00:00:00,354,__import__.product_5426909,18B20G8902
__import__.stock_production_lot_17B25G8349_5426910,2022-02-28 00:00:00,012,__import__.product_5426910,17B25G8349
__import__.stock_production_lot_17M08G8331_5426910,2022-11-30 00:00:00,742,__import__.product_5426910,17M08G8331
__import__.stock_production_lot_49071703_5427500,2019-07-31 00:00:00,119,__import__.product_5427500,49071703
__import__.stock_production_lot_50121701_5427500,2019-12-31 00:00:00,290,__import__.product_5427500,50121701
__import__.stock_production_lot_51031801_5427500,2020-03-31 00:00:00,700,__import__.product_5427500,51031801
__import__.stock_production_lot_316394_5430005,2019-09-30 00:00:00,430,__import__.product_5430005,316394
__import__.stock_production_lot_316429_5430005,2019-09-30 00:00:00,138,__import__.product_5430005,316429
__import__.stock_production_lot_17472_5430050,2020-11-30 00:00:00,753,__import__.product_5430050,17472
__import__.stock_production_lot_1704358_5430150,2019-08-31 00:00:00,156,__import__.product_5430150,1704358
__import__.stock_production_lot_170435B_5430150,2019-08-31 00:00:00,455,__import__.product_5430150,170435B
__import__.stock_production_lot_316096_5430250,2019-08-31 00:00:00,823,__import__.product_5430250,316096
__import__.stock_production_lot_170648A_5430270,2019-12-31 00:00:00,518,__import__.product_5430270,170648A
__import__.stock_production_lot_170660A_5430390,2019-12-31 00:00:00,289,__import__.product_5430390,170660A
__import__.stock_production_lot_180158A_5430390,2020-03-31 00:00:00,232,__import__.product_5430390,180158A
__import__.stock_production_lot_315861_5430550,2021-11-30 00:00:00,911,__import__.product_5430550,315861
__import__.stock_production_lot_316395_5430802,2019-09-30 00:00:00,453,__import__.product_5430802,316395
__import__.stock_production_lot_316302_5430802,2019-09-30 00:00:00,479,__import__.product_5430802,316302
__import__.stock_production_lot_ZP754_5430807,2021-06-30 00:00:00,469,__import__.product_5430807,ZP754
__import__.stock_production_lot_ZR756_5430807,2021-08-31 00:00:00,547,__import__.product_5430807,ZR756
__import__.stock_production_lot_GW522_5430808,2018-12-31 00:00:00,535,__import__.product_5430808,GW522
__import__.stock_production_lot_314648_5430889,2018-08-31 00:00:00,906,__import__.product_5430889,314648
__import__.stock_production_lot_DZN648_5430889,2019-05-31 00:00:00,392,__import__.product_5430889,DZN648
__import__.stock_production_lot_011156_5432002,2019-11-30 00:00:00,356,__import__.product_5432002,011156
__import__.stock_production_lot_011157_5432003,2019-12-31 00:00:00,272,__import__.product_5432003,011157
__import__.stock_production_lot_17080351PF01_5432007,2019-08-31 00:00:00,348,__import__.product_5432007,17080351PF01
__import__.stock_production_lot_C1217080351_5432008,2019-08-31 00:00:00,382,__import__.product_5432008,C1217080351
__import__.stock_production_lot_C1117110652_5432008,2019-11-30 00:00:00,387,__import__.product_5432008,C1117110652
__import__.stock_production_lot_C1117110652_5432009,2019-11-30 00:00:00,299,__import__.product_5432009,C1117110652
__import__.stock_production_lot_C0918032751_5432015,2020-03-31 00:00:00,296,__import__.product_5432015,C0918032751
__import__.stock_production_lot_316424_5432593,2019-09-30 00:00:00,841,__import__.product_5432593,316424
__import__.stock_production_lot_316207_5432740,2018-11-30 00:00:00,342,__import__.product_5432740,316207
__import__.stock_production_lot_615127_5436226,2022-05-31 00:00:00,586,__import__.product_5436226,615127
__import__.stock_production_lot_615601_5436226,2022-07-31 00:00:00,174,__import__.product_5436226,615601
__import__.stock_production_lot_616019_5436543,2022-12-31 00:00:00,331,__import__.product_5436543,616019
__import__.stock_production_lot_616759_5436543,2023-01-31 00:00:00,291,__import__.product_5436543,616759
__import__.stock_production_lot_617203_5436543,2023-01-31 00:00:00,661,__import__.product_5436543,617203
__import__.stock_production_lot_615875_5436545,2022-11-30 00:00:00,195,__import__.product_5436545,615875
__import__.stock_production_lot_616410_5436545,2022-12-31 00:00:00,875,__import__.product_5436545,616410
__import__.stock_production_lot_616432_5436547,2023-01-31 00:00:00,610,__import__.product_5436547,616432
__import__.stock_production_lot_616082_5436548,2022-12-31 00:00:00,250,__import__.product_5436548,616082
__import__.stock_production_lot_6000010902_5436580,2021-02-28 00:00:00,583,__import__.product_5436580,6000010902
__import__.stock_production_lot_616144_5436632,2022-10-31 00:00:00,319,__import__.product_5436632,616144
__import__.stock_production_lot_615879_5437173,2022-12-31 00:00:00,648,__import__.product_5437173,615879
__import__.stock_production_lot_616810_5437173,2022-12-31 00:00:00,890,__import__.product_5437173,616810
__import__.stock_production_lot_616548_5438016,2022-10-31 00:00:00,581,__import__.product_5438016,616548
__import__.stock_production_lot_616549_5438024,2022-10-31 00:00:00,487,__import__.product_5438024,616549
__import__.stock_production_lot_105185_5438250,2019-02-28 00:00:00,258,__import__.product_5438250,105185
__import__.stock_production_lot_315898_5438431,2020-03-31 00:00:00,177,__import__.product_5438431,315898
__import__.stock_production_lot_613964_5439964,2022-02-28 00:00:00,908,__import__.product_5439964,613964
__import__.stock_production_lot_17110223V_5446023,2022-10-31 00:00:00,353,__import__.product_5446023,17110223V
__import__.stock_production_lot_17111616_5446050,2021-10-31 00:00:00,326,__import__.product_5446050,17111616
__import__.stock_production_lot_17103011V_5446052,2021-09-30 00:00:00,300,__import__.product_5446052,17103011V
__import__.stock_production_lot_17110703V_5446053,2021-10-31 00:00:00,316,__import__.product_5446053,17110703V
__import__.stock_production_lot_17110905V_5446054,2021-10-31 00:00:00,356,__import__.product_5446054,17110905V
__import__.stock_production_lot_88485_5450013,2021-02-28 00:00:00,503,__import__.product_5450013,88485
__import__.stock_production_lot_B170839A_5450016,2020-11-30 00:00:00,297,__import__.product_5450016,B170839A
__import__.stock_production_lot_B170919A_5450017,2020-12-31 00:00:00,317,__import__.product_5450017,B170919A
__import__.stock_production_lot_R1782_5450019,2020-11-30 00:00:00,121,__import__.product_5450019,R1782
__import__.stock_production_lot_R1785_5450021,2020-12-31 00:00:00,907,__import__.product_5450021,R1785
__import__.stock_production_lot_602_5450023,2020-07-31 00:00:00,966,__import__.product_5450023,602
__import__.stock_production_lot_R1752_5450024,2019-07-31 00:00:00,378,__import__.product_5450024,R1752
__import__.stock_production_lot_R1771_5450027,2020-10-31 00:00:00,731,__import__.product_5450027,R1771
__import__.stock_production_lot_B170437_5450028,2020-06-30 00:00:00,933,__import__.product_5450028,B170437
__import__.stock_production_lot_B170927A_5450030,2020-12-31 00:00:00,781,__import__.product_5450030,B170927A
__import__.stock_production_lot_B170006B_5450031,2020-01-31 00:00:00,814,__import__.product_5450031,B170006B
__import__.stock_production_lot_036952_5450032,2021-05-31 00:00:00,734,__import__.product_5450032,036952
__import__.stock_production_lot_87897_5450033,2021-01-31 00:00:00,300,__import__.product_5450033,87897
__import__.stock_production_lot_B170582_5450034,2020-07-31 00:00:00,910,__import__.product_5450034,B170582
__import__.stock_production_lot_B160937A_5450035,2019-12-31 00:00:00,128,__import__.product_5450035,B160937A
__import__.stock_production_lot_B180043A_5450036,2021-01-31 00:00:00,463,__import__.product_5450036,B180043A
__import__.stock_production_lot_B170821A_5450037,2020-10-31 00:00:00,263,__import__.product_5450037,B170821A
__import__.stock_production_lot_B170892A_5450040,2020-11-30 00:00:00,308,__import__.product_5450040,B170892A
__import__.stock_production_lot_R1744_5450041,2020-06-30 00:00:00,598,__import__.product_5450041,R1744
__import__.stock_production_lot_B170218C_5450042,2020-03-31 00:00:00,130,__import__.product_5450042,B170218C
__import__.stock_production_lot_B160817B_5450043,2019-11-30 00:00:00,358,__import__.product_5450043,B160817B
__import__.stock_production_lot_B160857A_5450044,2019-11-30 00:00:00,263,__import__.product_5450044,B160857A
__import__.stock_production_lot_324276_5450046,2020-11-30 00:00:00,429,__import__.product_5450046,324276
__import__.stock_production_lot_325156_5450046,2020-12-31 00:00:00,467,__import__.product_5450046,325156
__import__.stock_production_lot_89446_5450047,2021-04-30 00:00:00,403,__import__.product_5450047,89446
__import__.stock_production_lot_484_5450048,2020-05-31 00:00:00,696,__import__.product_5450048,484
__import__.stock_production_lot_37180103_5450049,2019-05-31 00:00:00,211,__import__.product_5450049,37180103
__import__.stock_production_lot_45180316_5450050,2020-07-31 00:00:00,662,__import__.product_5450050,45180316
__import__.stock_production_lot_327065_5450051,2021-04-30 00:00:00,555,__import__.product_5450051,327065
__import__.stock_production_lot_311018_5451003,2018-10-31 00:00:00,201,__import__.product_5451003,311018
__import__.stock_production_lot_300419_5461168,2019-04-30 00:00:00,740,__import__.product_5461168,300419
__import__.stock_production_lot_310519_5461168,2019-05-31 00:00:00,230,__import__.product_5461168,310519
__import__.stock_production_lot_300619_5461168,2019-06-30 00:00:00,547,__import__.product_5461168,300619
__import__.stock_production_lot_301119_5461250,2019-11-30 00:00:00,687,__import__.product_5461250,301119
__import__.stock_production_lot_311019_5461251,2019-10-31 00:00:00,635,__import__.product_5461251,311019
__import__.stock_production_lot_301119_5461251,2019-11-30 00:00:00,536,__import__.product_5461251,301119
__import__.stock_production_lot_310719_5461255,2019-07-31 00:00:00,698,__import__.product_5461255,310719
__import__.stock_production_lot_301119_5461255,2019-11-30 00:00:00,468,__import__.product_5461255,301119
__import__.stock_production_lot_300419_5461293,2019-04-30 00:00:00,362,__import__.product_5461293,300419
__import__.stock_production_lot_310519_5461293,2019-05-31 00:00:00,861,__import__.product_5461293,310519
__import__.stock_production_lot_300619_5461293,2019-06-30 00:00:00,962,__import__.product_5461293,300619
__import__.stock_production_lot_300619_5461294,2019-06-30 00:00:00,718,__import__.product_5461294,300619
__import__.stock_production_lot_310819_5461296,2019-08-31 00:00:00,585,__import__.product_5461296,310819
__import__.stock_production_lot_310519_5461298,2019-05-31 00:00:00,135,__import__.product_5461298,310519
__import__.stock_production_lot_300419_5461301,2019-04-30 00:00:00,805,__import__.product_5461301,300419
__import__.stock_production_lot_300919_5461312,2019-09-30 00:00:00,675,__import__.product_5461312,300919
__import__.stock_production_lot_310819_5461312,2019-08-31 00:00:00,560,__import__.product_5461312,310819
__import__.stock_production_lot_311019_5461312,2019-10-31 00:00:00,274,__import__.product_5461312,311019
__import__.stock_production_lot_311219_5461312,2019-12-31 00:00:00,495,__import__.product_5461312,311219
__import__.stock_production_lot_310819_5461313,2019-08-31 00:00:00,623,__import__.product_5461313,310819
__import__.stock_production_lot_310319_5461316,2019-03-31 00:00:00,612,__import__.product_5461316,310319
__import__.stock_production_lot_300419_5461317,2019-04-30 00:00:00,873,__import__.product_5461317,300419
__import__.stock_production_lot_091019_5461317,2019-10-09 00:00:00,983,__import__.product_5461317,091019
__import__.stock_production_lot_280219_5461328,2019-02-28 00:00:00,162,__import__.product_5461328,280219
__import__.stock_production_lot_300919_5461328,2019-09-30 00:00:00,136,__import__.product_5461328,300919
__import__.stock_production_lot_311019_5461328,2019-10-31 00:00:00,242,__import__.product_5461328,311019
__import__.stock_production_lot_311219_5461328,2019-12-31 00:00:00,849,__import__.product_5461328,311219
__import__.stock_production_lot_311218_5464561,2018-12-31 00:00:00,498,__import__.product_5464561,311218
__import__.stock_production_lot_74530341_5468330,2022-10-31 00:00:00,295,__import__.product_5468330,74530341
__import__.stock_production_lot_80310341_5468330,2022-12-31 00:00:00,595,__import__.product_5468330,80310341
__import__.stock_production_lot_81230342_5468340,2023-02-28 00:00:00,244,__import__.product_5468340,81230342
__import__.stock_production_lot_1413865_5470412,2022-09-04 00:00:00,661,__import__.product_5470412,1413865
__import__.stock_production_lot_1414089_5470412,2022-12-21 00:00:00,439,__import__.product_5470412,1414089
__import__.stock_production_lot_1412728_5470740,2020-04-30 00:00:00,170,__import__.product_5470740,1412728
__import__.stock_production_lot_1412943_5470740,2020-09-30 00:00:00,448,__import__.product_5470740,1412943
__import__.stock_production_lot_1411957_5470750,2018-09-30 00:00:00,205,__import__.product_5470750,1411957
__import__.stock_production_lot_1413029_5470825,2020-10-31 00:00:00,266,__import__.product_5470825,1413029
__import__.stock_production_lot_1412759_5470825,2020-05-31 00:00:00,129,__import__.product_5470825,1412759
__import__.stock_production_lot_1413036_5470840,2020-10-31 00:00:00,856,__import__.product_5470840,1413036
__import__.stock_production_lot_1412760_5470925,2020-05-31 00:00:00,221,__import__.product_5470925,1412760
__import__.stock_production_lot_1412740_5471125,2020-04-30 00:00:00,211,__import__.product_5471125,1412740
__import__.stock_production_lot_1413690_5471125,2022-05-06 00:00:00,545,__import__.product_5471125,1413690
__import__.stock_production_lot_1412890_5471140,2020-07-31 00:00:00,333,__import__.product_5471140,1412890
__import__.stock_production_lot_1413012_5471240,2020-10-31 00:00:00,503,__import__.product_5471240,1413012
__import__.stock_production_lot_1413300_5471240,2021-04-30 00:00:00,341,__import__.product_5471240,1413300
__import__.stock_production_lot_1413785_5471516,2022-07-11 00:00:00,312,__import__.product_5471516,1413785
__import__.stock_production_lot_1413840_5471625,2022-07-29 00:00:00,241,__import__.product_5471625,1413840
__import__.stock_production_lot_1413933_5471625,2022-10-29 00:00:00,459,__import__.product_5471625,1413933
__import__.stock_production_lot_1412007_5471725,2018-10-31 00:00:00,181,__import__.product_5471725,1412007
__import__.stock_production_lot_1413009_5471725,2020-10-31 00:00:00,256,__import__.product_5471725,1413009
__import__.stock_production_lot_1413985_5471816,2022-11-21 00:00:00,548,__import__.product_5471816,1413985
__import__.stock_production_lot_311218_5472484,2018-12-31 00:00:00,719,__import__.product_5472484,311218
__import__.stock_production_lot_301118_5472683,2018-11-30 00:00:00,513,__import__.product_5472683,301118
__import__.stock_production_lot_311018_5472686,2018-10-31 00:00:00,449,__import__.product_5472686,311018
__import__.stock_production_lot_311018_5472689,2018-10-31 00:00:00,106,__import__.product_5472689,311018
__import__.stock_production_lot_301118_5472689,2018-11-30 00:00:00,314,__import__.product_5472689,301118
__import__.stock_production_lot_301118_5472721,2018-11-30 00:00:00,561,__import__.product_5472721,301118
__import__.stock_production_lot_17481_5473653,2022-04-30 00:00:00,440,__import__.product_5473653,17481
__import__.stock_production_lot_58859_5477606,2020-05-31 00:00:00,256,__import__.product_5477606,58859
__import__.stock_production_lot_58991_5477606,2020-06-30 00:00:00,266,__import__.product_5477606,58991
__import__.stock_production_lot_18E11A8171_5495101,2023-05-31 00:00:00,528,__import__.product_5495101,18E11A8171
__import__.stock_production_lot_18F01A8171_5495101,2023-06-30 00:00:00,222,__import__.product_5495101,18F01A8171
__import__.stock_production_lot_280219_5496103,2019-02-28 00:00:00,455,__import__.product_5496103,280219
__import__.stock_production_lot_17M1492046_5498218,2020-12-31 00:00:00,292,__import__.product_5498218,17M1492046
__import__.stock_production_lot_300419_5499850,2019-04-30 00:00:00,191,__import__.product_5499850,300419
__import__.stock_production_lot_310119_5499856,2019-01-31 00:00:00,210,__import__.product_5499856,310119
__import__.stock_production_lot_310119_5499857,2019-01-31 00:00:00,352,__import__.product_5499857,310119
__import__.stock_production_lot_280219_5499857,2019-02-28 00:00:00,648,__import__.product_5499857,280219
__import__.stock_production_lot_17272M05_5500445,2019-12-31 00:00:00,619,__import__.product_5500445,17272M05
__import__.stock_production_lot_17444M09_5500450,2020-04-30 00:00:00,611,__import__.product_5500450,17444M09
__import__.stock_production_lot_1773110_5512000,2022-12-31 00:00:00,472,__import__.product_5512000,1773110
__import__.stock_production_lot_17C18_5512006,2020-03-31 00:00:00,631,__import__.product_5512006,17C18
__import__.stock_production_lot_17C17_5512006,2020-03-31 00:00:00,561,__import__.product_5512006,17C17
__import__.stock_production_lot_1713134_5512010,2019-12-31 00:00:00,739,__import__.product_5512010,1713134
__import__.stock_production_lot_60102_5512015,2019-01-31 00:00:00,622,__import__.product_5512015,60102
__import__.stock_production_lot_0150318_5512016,2021-03-31 00:00:00,117,__import__.product_5512016,0150318
__import__.stock_production_lot_0090518_5512016,2021-05-31 00:00:00,308,__import__.product_5512016,0090518
__import__.stock_production_lot_1753111_5512039,2022-12-31 00:00:00,434,__import__.product_5512039,1753111
__import__.stock_production_lot_16C239_5519099,2019-02-28 00:00:00,195,__import__.product_5519099,16C239
__import__.stock_production_lot_300918_5522200,2018-09-30 00:00:00,167,__import__.product_5522200,300918
__import__.stock_production_lot_180109J_5541464,2022-12-31 00:00:00,838,__import__.product_5541464,180109J
__import__.stock_production_lot_25081731C_5560453,2022-08-31 00:00:00,105,__import__.product_5560453,25081731C
__import__.stock_production_lot_21061731B_5560454,2022-06-30 00:00:00,350,__import__.product_5560454,21061731B
__import__.stock_production_lot_17F1910C1_5584600,2019-06-30 00:00:00,516,__import__.product_5584600,17F1910C1
__import__.stock_production_lot_310319_5600803,2019-03-31 00:00:00,382,__import__.product_5600803,310319
__import__.stock_production_lot_28032019_5600804,2019-03-31 00:00:00,292,__import__.product_5600804,28032019
__import__.stock_production_lot_310819_5603547,2019-08-31 00:00:00,457,__import__.product_5603547,310819
__import__.stock_production_lot_301119_5603551,2019-11-30 00:00:00,252,__import__.product_5603551,301119
__import__.stock_production_lot_310819_5603552,2019-08-31 00:00:00,193,__import__.product_5603552,310819
__import__.stock_production_lot_310819_5603553,2019-08-31 00:00:00,484,__import__.product_5603553,310819
__import__.stock_production_lot_300619_5603560,2019-06-30 00:00:00,514,__import__.product_5603560,300619
__import__.stock_production_lot_300619_5603562,2019-06-30 00:00:00,425,__import__.product_5603562,300619
__import__.stock_production_lot_300619_5603569,2019-06-30 00:00:00,415,__import__.product_5603569,300619
__import__.stock_production_lot_310519_5603571,2019-05-31 00:00:00,591,__import__.product_5603571,310519
__import__.stock_production_lot_300619_5603573,2019-06-30 00:00:00,545,__import__.product_5603573,300619
__import__.stock_production_lot_300619_5603574,2019-06-30 00:00:00,507,__import__.product_5603574,300619
__import__.stock_production_lot_300919_5603575,2019-09-30 00:00:00,256,__import__.product_5603575,300919
__import__.stock_production_lot_310519_5603576,2019-05-31 00:00:00,438,__import__.product_5603576,310519
__import__.stock_production_lot_310819_5603577,2019-08-31 00:00:00,286,__import__.product_5603577,310819
__import__.stock_production_lot_310519_5603578,2019-05-31 00:00:00,349,__import__.product_5603578,310519
__import__.stock_production_lot_300919_5603581,2019-09-30 00:00:00,550,__import__.product_5603581,300919
__import__.stock_production_lot_1800136_5610502,2019-09-30 00:00:00,753,__import__.product_5610502,1800136
__import__.stock_production_lot_180073_5610503,2019-07-31 00:00:00,479,__import__.product_5610503,180073
__import__.stock_production_lot_1800057_5610509,2019-08-31 00:00:00,971,__import__.product_5610509,1800057
__import__.stock_production_lot_180070_5610510,2019-07-31 00:00:00,596,__import__.product_5610510,180070
__import__.stock_production_lot_180072_5610518,2019-07-31 00:00:00,503,__import__.product_5610518,180072
__import__.stock_production_lot_180561_5610518,2019-09-30 00:00:00,648,__import__.product_5610518,180561
__import__.stock_production_lot_1800136_5610519,2019-09-30 00:00:00,735,__import__.product_5610519,1800136
__import__.stock_production_lot_180073_5610525,2019-07-31 00:00:00,567,__import__.product_5610525,180073
__import__.stock_production_lot_180213_5610528,2019-08-31 00:00:00,233,__import__.product_5610528,180213
__import__.stock_production_lot_1720059_5610535,2018-12-31 00:00:00,199,__import__.product_5610535,1720059
__import__.stock_production_lot_87789_5610540,2021-01-31 00:00:00,647,__import__.product_5610540,87789
__import__.stock_production_lot_11230118_5610548,2019-01-31 00:00:00,267,__import__.product_5610548,11230118
__import__.stock_production_lot_1800135_5610553,2020-03-31 00:00:00,828,__import__.product_5610553,1800135
__import__.stock_production_lot_172585_5610557,2019-12-31 00:00:00,759,__import__.product_5610557,172585
__import__.stock_production_lot_14050318_5610559,2019-03-31 00:00:00,915,__import__.product_5610559,14050318
__import__.stock_production_lot_180075_5610561,2019-08-31 00:00:00,716,__import__.product_5610561,180075
__import__.stock_production_lot_180777_5610561,2019-10-31 00:00:00,146,__import__.product_5610561,180777
__import__.stock_production_lot_180069_5610568,2019-07-31 00:00:00,889,__import__.product_5610568,180069
__import__.stock_production_lot_180071_5610569,2019-07-31 00:00:00,806,__import__.product_5610569,180071
__import__.stock_production_lot_11200418_5610571,2019-04-30 00:00:00,241,__import__.product_5610571,11200418
__import__.stock_production_lot_180279_5610573,2019-08-31 00:00:00,432,__import__.product_5610573,180279
__import__.stock_production_lot_17020318_5610580,2019-03-31 00:00:00,571,__import__.product_5610580,17020318
__import__.stock_production_lot_L01031701_5610582,2019-03-31 00:00:00,491,__import__.product_5610582,L01031701
__import__.stock_production_lot_L05011801_5610582,2020-01-31 00:00:00,480,__import__.product_5610582,L05011801
__import__.stock_production_lot_18A109_5610586,2020-01-31 00:00:00,412,__import__.product_5610586,18A109
__import__.stock_production_lot_310519_5611296,2019-05-31 00:00:00,917,__import__.product_5611296,310519
__import__.stock_production_lot_18030401_5611501,2020-12-31 00:00:00,703,__import__.product_5611501,18030401
__import__.stock_production_lot_18052501_5611508,2020-05-31 00:00:00,644,__import__.product_5611508,18052501
__import__.stock_production_lot_18030401_5611509,2020-03-31 00:00:00,204,__import__.product_5611509,18030401
__import__.stock_production_lot_18042302_5611510,2020-04-30 00:00:00,425,__import__.product_5611510,18042302
__import__.stock_production_lot_18042601_5611512,2020-12-31 00:00:00,579,__import__.product_5611512,18042601
__import__.stock_production_lot_18052601_5611514,2020-12-31 00:00:00,706,__import__.product_5611514,18052601
__import__.stock_production_lot_18041201_5611515,2020-04-30 00:00:00,588,__import__.product_5611515,18041201
__import__.stock_production_lot_18010801_5611516,2019-12-31 00:00:00,233,__import__.product_5611516,18010801
__import__.stock_production_lot_18011802_5611518,2020-12-31 00:00:00,629,__import__.product_5611518,18011802
__import__.stock_production_lot_18010402_5611519,2019-12-31 00:00:00,641,__import__.product_5611519,18010402
__import__.stock_production_lot_18030501_5611520,2020-03-31 00:00:00,565,__import__.product_5611520,18030501
__import__.stock_production_lot_18011304_5611522,2019-12-31 00:00:00,605,__import__.product_5611522,18011304
__import__.stock_production_lot_18011701_5611526,2019-12-31 00:00:00,591,__import__.product_5611526,18011701
__import__.stock_production_lot_18012601_5611529,2019-12-31 00:00:00,636,__import__.product_5611529,18012601
__import__.stock_production_lot_18010401_5611530,2019-12-31 00:00:00,576,__import__.product_5611530,18010401
__import__.stock_production_lot_18011505_5611533,2019-12-31 00:00:00,222,__import__.product_5611533,18011505
__import__.stock_production_lot_18012602_5611534,2019-12-31 00:00:00,562,__import__.product_5611534,18012602
__import__.stock_production_lot_18011401_5611539,2019-12-31 00:00:00,648,__import__.product_5611539,18011401
__import__.stock_production_lot_18011702_5611542,2019-12-31 00:00:00,303,__import__.product_5611542,18011702
__import__.stock_production_lot_18011204_5611543,2019-12-31 00:00:00,226,__import__.product_5611543,18011204
__import__.stock_production_lot_18051001_5611544,2020-06-30 00:00:00,829,__import__.product_5611544,18051001
__import__.stock_production_lot_18020402_5611545,2019-12-31 00:00:00,129,__import__.product_5611545,18020402
__import__.stock_production_lot_18010403_5611546,2019-12-31 00:00:00,356,__import__.product_5611546,18010403
__import__.stock_production_lot_18011001_5611549,2019-12-31 00:00:00,229,__import__.product_5611549,18011001
__import__.stock_production_lot_18011001_5611550,2019-12-31 00:00:00,131,__import__.product_5611550,18011001
__import__.stock_production_lot_18011202_5611552,2019-12-31 00:00:00,402,__import__.product_5611552,18011202
__import__.stock_production_lot_18013001_5611555,2020-02-28 00:00:00,584,__import__.product_5611555,18013001
__import__.stock_production_lot_18011706_5611558,2019-12-31 00:00:00,268,__import__.product_5611558,18011706
__import__.stock_production_lot_18011505_5611558,2019-12-31 00:00:00,444,__import__.product_5611558,18011505
__import__.stock_production_lot_K860117_5619238,2019-06-30 00:00:00,191,__import__.product_5619238,K860117
__import__.stock_production_lot_C835833D_5620000,2019-05-31 00:00:00,402,__import__.product_5620000,C835833D
__import__.stock_production_lot_1074433J_5620001,2019-11-30 00:00:00,283,__import__.product_5620001,1074433J
__import__.stock_production_lot_1074435F_5620002,2019-11-30 00:00:00,943,__import__.product_5620002,1074435F
__import__.stock_production_lot_1074837G_5620003,2019-11-30 00:00:00,680,__import__.product_5620003,1074837G
__import__.stock_production_lot_1074837L_5620003,2019-11-30 00:00:00,740,__import__.product_5620003,1074837L
__import__.stock_production_lot_1074838G_5620004,2019-12-31 00:00:00,683,__import__.product_5620004,1074838G
__import__.stock_production_lot_1066580A_5620005,2019-07-31 00:00:00,561,__import__.product_5620005,1066580A
__import__.stock_production_lot_C8061_5620008,2019-08-31 00:00:00,719,__import__.product_5620008,C8061
__import__.stock_production_lot_171655_5624005,2019-11-30 00:00:00,368,__import__.product_5624005,171655
__import__.stock_production_lot_310819_5624900,2019-08-31 00:00:00,390,__import__.product_5624900,310819
__import__.stock_production_lot_300918_5624901,2018-09-30 00:00:00,410,__import__.product_5624901,300918
__import__.stock_production_lot_300419_5624902,2019-04-30 00:00:00,731,__import__.product_5624902,300419
__import__.stock_production_lot_310819_5624903,2019-08-31 00:00:00,572,__import__.product_5624903,310819
__import__.stock_production_lot_311019_5624903,2019-10-31 00:00:00,552,__import__.product_5624903,311019
__import__.stock_production_lot_300419_5624904,2019-04-30 00:00:00,140,__import__.product_5624904,300419
__import__.stock_production_lot_300419_5624905,2019-04-30 00:00:00,479,__import__.product_5624905,300419
__import__.stock_production_lot_310119_5624906,2019-01-31 00:00:00,327,__import__.product_5624906,310119
__import__.stock_production_lot_280219_5624907,2019-02-28 00:00:00,690,__import__.product_5624907,280219
__import__.stock_production_lot_311019_5624908,2019-10-31 00:00:00,626,__import__.product_5624908,311019
__import__.stock_production_lot_311218_5624909,2018-12-31 00:00:00,400,__import__.product_5624909,311218
__import__.stock_production_lot_300419_5624910,2019-04-30 00:00:00,580,__import__.product_5624910,300419
__import__.stock_production_lot_080217_5634628,2019-08-31 00:00:00,555,__import__.product_5634628,080217
__import__.stock_production_lot_113302_5658406,2018-07-31 00:00:00,780,__import__.product_5658406,113302
__import__.stock_production_lot_1726_5660310,2020-06-30 00:00:00,211,__import__.product_5660310,1726
__import__.stock_production_lot_1735_5660310,2020-08-31 00:00:00,598,__import__.product_5660310,1735
__import__.stock_production_lot_1611601_5665825,2018-10-31 00:00:00,135,__import__.product_5665825,1611601
__import__.stock_production_lot_1706088_5665825,2019-05-31 00:00:00,249,__import__.product_5665825,1706088
__import__.stock_production_lot_7225302F_5690602,2020-06-30 00:00:00,508,__import__.product_5690602,7225302F
__import__.stock_production_lot_170100906_5690603,2020-03-31 00:00:00,980,__import__.product_5690603,170100906
__import__.stock_production_lot_17DZ4B_5691941,2020-09-30 00:00:00,369,__import__.product_5691941,17DZ4B
__import__.stock_production_lot_0409DA019_5700002,2019-09-10 00:00:00,175,__import__.product_5700002,0409DA019
__import__.stock_production_lot_1112DA043_5700003,2019-12-10 00:00:00,370,__import__.product_5700003,1112DA043
__import__.stock_production_lot_0109DA019_5700004,2019-09-30 00:00:00,241,__import__.product_5700004,0109DA019
__import__.stock_production_lot_0309DA019_5700005,2019-09-02 00:00:00,104,__import__.product_5700005,0309DA019
__import__.stock_production_lot_0909DA019_5700008,2019-09-19 00:00:00,208,__import__.product_5700008,0909DA019
__import__.stock_production_lot_1204DA105_5700009,2019-12-10 00:00:00,407,__import__.product_5700009,1204DA105
__import__.stock_production_lot_31100120418_5700009,2019-10-31 00:00:00,273,__import__.product_5700009,31100120418
__import__.stock_production_lot_1804DA054_5700010,2019-05-10 00:00:00,227,__import__.product_5700010,1804DA054
__import__.stock_production_lot_1804DA072_5700010,2020-02-07 00:00:00,436,__import__.product_5700010,1804DA072
__import__.stock_production_lot_1112DA043_5700023,2019-12-10 00:00:00,147,__import__.product_5700023,1112DA043
__import__.stock_production_lot_31003270318_5700028,2019-10-31 00:00:00,223,__import__.product_5700028,31003270318
__import__.stock_production_lot_1204DA113_5700029,2020-02-28 00:00:00,147,__import__.product_5700029,1204DA113
__import__.stock_production_lot_31100120418_5700029,2019-10-31 00:00:00,211,__import__.product_5700029,31100120418
__import__.stock_production_lot_PG601009_5700036,2019-01-31 00:00:00,430,__import__.product_5700036,PG601009
__import__.stock_production_lot_PG601007_5700037,2019-01-31 00:00:00,525,__import__.product_5700037,PG601007
__import__.stock_production_lot_PG601006_5700038,2019-01-31 00:00:00,100,__import__.product_5700038,PG601006
__import__.stock_production_lot_M0112_5700039,2020-12-31 00:00:00,110,__import__.product_5700039,M0112
__import__.stock_production_lot_AG609009_5700040,2019-06-30 00:00:00,434,__import__.product_5700040,AG609009
__import__.stock_production_lot_20160920_5700051,2021-09-20 00:00:00,310,__import__.product_5700051,20160920
__import__.stock_production_lot_05005P2002_5700057,2018-09-30 00:00:00,347,__import__.product_5700057,05005P2002
__import__.stock_production_lot_180204_5710545,2019-03-31 00:00:00,706,__import__.product_5710545,180204
__import__.stock_production_lot_300619_5713012,2019-06-30 00:00:00,580,__import__.product_5713012,300619
__import__.stock_production_lot_07021805_5741500,2019-05-26 00:00:00,960,__import__.product_5741500,07021805
__import__.stock_production_lot_43011801_5741501,2019-01-31 00:00:00,128,__import__.product_5741501,43011801
__import__.stock_production_lot_276055_5749000,2020-05-12 00:00:00,904,__import__.product_5749000,276055
__import__.stock_production_lot_173036_5758802,2020-06-30 00:00:00,249,__import__.product_5758802,173036
__import__.stock_production_lot_15B16_5760302,2020-02-28 00:00:00,448,__import__.product_5760302,15B16
__import__.stock_production_lot_17A12_5760305,2022-01-31 00:00:00,831,__import__.product_5760305,17A12
__import__.stock_production_lot_15H07_5760306,2020-08-31 00:00:00,267,__import__.product_5760306,15H07
__import__.stock_production_lot_17A15_5760307,2022-01-31 00:00:00,406,__import__.product_5760307,17A15
__import__.stock_production_lot_17A17_5760308,2022-01-31 00:00:00,879,__import__.product_5760308,17A17
__import__.stock_production_lot_17A19_5760309,2022-01-31 00:00:00,016,__import__.product_5760309,17A19
__import__.stock_production_lot_16F01_5760310,2021-06-30 00:00:00,156,__import__.product_5760310,16F01
__import__.stock_production_lot_17A21_5760311,2022-01-31 00:00:00,760,__import__.product_5760311,17A21
__import__.stock_production_lot_17A22_5760312,2022-01-31 00:00:00,027,__import__.product_5760312,17A22
__import__.stock_production_lot_17H18_5760313,2022-08-31 00:00:00,917,__import__.product_5760313,17H18
__import__.stock_production_lot_17H20_5760314,2022-08-31 00:00:00,800,__import__.product_5760314,17H20
__import__.stock_production_lot_17H19_5760315,2022-08-31 00:00:00,731,__import__.product_5760315,17H19
__import__.stock_production_lot_17H23_5760316,2022-08-31 00:00:00,662,__import__.product_5760316,17H23
__import__.stock_production_lot_17E12_5760317,2022-05-31 00:00:00,717,__import__.product_5760317,17E12
__import__.stock_production_lot_17A27_5760317,2022-01-31 00:00:00,354,__import__.product_5760317,17A27
__import__.stock_production_lot_18E19_5760318,2023-05-31 00:00:00,538,__import__.product_5760318,18E19
__import__.stock_production_lot_16I14_5760319,2021-09-30 00:00:00,914,__import__.product_5760319,16I14
__import__.stock_production_lot_17A21_5760320,2022-01-31 00:00:00,401,__import__.product_5760320,17A21
__import__.stock_production_lot_16I13_5760322,2021-09-30 00:00:00,175,__import__.product_5760322,16I13
__import__.stock_production_lot_16C07_5760329,2021-03-31 00:00:00,309,__import__.product_5760329,16C07
__import__.stock_production_lot_17A14_5760330,2022-01-31 00:00:00,995,__import__.product_5760330,17A14
__import__.stock_production_lot_16C19_5760331,2021-03-31 00:00:00,794,__import__.product_5760331,16C19
__import__.stock_production_lot_15B13_5760332,2020-02-28 00:00:00,739,__import__.product_5760332,15B13
__import__.stock_production_lot_17E13_5760336,2022-05-30 00:00:00,492,__import__.product_5760336,17E13
__import__.stock_production_lot_17E14_5760336,2022-05-31 00:00:00,323,__import__.product_5760336,17E14
__import__.stock_production_lot_17H22_5760337,2022-08-31 00:00:00,936,__import__.product_5760337,17H22
__import__.stock_production_lot_16K02_5760338,2021-11-30 00:00:00,771,__import__.product_5760338,16K02
__import__.stock_production_lot_17L10_5760339,2022-12-31 00:00:00,318,__import__.product_5760339,17L10
__import__.stock_production_lot_16F02_5760341,2021-06-30 00:00:00,022,__import__.product_5760341,16F02
__import__.stock_production_lot_GZ7682_5760342,2019-08-31 00:00:00,538,__import__.product_5760342,GZ7682
__import__.stock_production_lot_HA1346_5760343,2019-11-30 00:00:00,567,__import__.product_5760343,HA1346
__import__.stock_production_lot_HA1347_5760344,2019-11-30 00:00:00,387,__import__.product_5760344,HA1347
__import__.stock_production_lot_16K167_5760345,2019-11-30 00:00:00,283,__import__.product_5760345,16K167
__import__.stock_production_lot_17A23_5760346,2022-01-31 00:00:00,036,__import__.product_5760346,17A23
__import__.stock_production_lot_17E10_5760347,2022-05-31 00:00:00,415,__import__.product_5760347,17E10
__import__.stock_production_lot_16F18_5760360,2021-06-30 00:00:00,142,__import__.product_5760360,16F18
__import__.stock_production_lot_18D24_5760362,2023-04-30 00:00:00,530,__import__.product_5760362,18D24
__import__.stock_production_lot_18A04_5760363,2023-01-31 00:00:00,566,__import__.product_5760363,18A04
__import__.stock_production_lot_18A05_5760364,2023-01-31 00:00:00,972,__import__.product_5760364,18A05
__import__.stock_production_lot_16D11_5760365,2021-04-30 00:00:00,464,__import__.product_5760365,16D11
__import__.stock_production_lot_16D04_5760366,2021-04-30 00:00:00,494,__import__.product_5760366,16D04
__import__.stock_production_lot_16K25_5760366,2021-11-30 00:00:00,616,__import__.product_5760366,16K25
__import__.stock_production_lot_16F06_5760367,2021-06-30 00:00:00,134,__import__.product_5760367,16F06
__import__.stock_production_lot_16B22_5760370,2021-02-28 00:00:00,415,__import__.product_5760370,16B22
__import__.stock_production_lot_16D12_5760370,2021-04-30 00:00:00,488,__import__.product_5760370,16D12
__import__.stock_production_lot_16D13_5760371,2021-04-30 00:00:00,536,__import__.product_5760371,16D13
__import__.stock_production_lot_16K27_5760371,2021-11-30 00:00:00,519,__import__.product_5760371,16K27
__import__.stock_production_lot_17E05_5760391,2022-05-30 00:00:00,531,__import__.product_5760391,17E05
__import__.stock_production_lot_18A18_5760391,2023-01-31 00:00:00,861,__import__.product_5760391,18A18
__import__.stock_production_lot_18B22_5760401,2023-02-28 00:00:00,410,__import__.product_5760401,18B22
__import__.stock_production_lot_17A27_5760416,2022-01-31 00:00:00,984,__import__.product_5760416,17A27
__import__.stock_production_lot_17A25_5760417,2022-01-31 00:00:00,248,__import__.product_5760417,17A25
__import__.stock_production_lot_P46817H09_5764000,2019-08-31 00:00:00,510,__import__.product_5764000,P46817H09
__import__.stock_production_lot_P46818D05_5764000,2020-04-30 00:00:00,766,__import__.product_5764000,P46818D05
__import__.stock_production_lot_V20917L11_5764002,2020-12-31 00:00:00,620,__import__.product_5764002,V20917L11
__import__.stock_production_lot_V26018D05_5764005,2020-04-30 00:00:00,154,__import__.product_5764005,V26018D05
__import__.stock_production_lot_V25018E07_5764006,2019-11-30 00:00:00,668,__import__.product_5764006,V25018E07
__import__.stock_production_lot_V26317D03_5764007,2019-04-30 00:00:00,595,__import__.product_5764007,V26317D03
__import__.stock_production_lot_V26318C28_5764007,2020-03-31 00:00:00,954,__import__.product_5764007,V26318C28
__import__.stock_production_lot_V47318C12_5764008,2021-03-31 00:00:00,661,__import__.product_5764008,V47318C12
__import__.stock_production_lot_V25618E31_5764010,2019-11-30 00:00:00,523,__import__.product_5764010,V25618E31
__import__.stock_production_lot_V24917L22_5764016,2019-06-30 00:00:00,189,__import__.product_5764016,V24917L22
__import__.stock_production_lot_V11318E04_5764113,2019-05-31 00:00:00,873,__import__.product_5764113,V11318E04
__import__.stock_production_lot_LUC0001_5764203,2019-11-30 00:00:00,559,__import__.product_5764203,LUC0001
__import__.stock_production_lot_092017LUC029_5764204,2019-09-30 00:00:00,523,__import__.product_5764204,092017LUC029
__import__.stock_production_lot_LUC029_5764204,2019-09-30 00:00:00,380,__import__.product_5764204,LUC029
__import__.stock_production_lot_LUC0002_5764205,2019-11-30 00:00:00,466,__import__.product_5764205,LUC0002
__import__.stock_production_lot_LUC017_5764206,2019-09-30 00:00:00,257,__import__.product_5764206,LUC017
__import__.stock_production_lot_LUC001_5764206,2020-05-31 00:00:00,353,__import__.product_5764206,LUC001
__import__.stock_production_lot_LUC011_5764207,2019-09-30 00:00:00,142,__import__.product_5764207,LUC011
__import__.stock_production_lot_LUC017_5764208,2019-09-30 00:00:00,210,__import__.product_5764208,LUC017
__import__.stock_production_lot_31012020_5764212,2020-01-31 00:00:00,977,__import__.product_5764212,31012020
__import__.stock_production_lot_LUC09_5764212,2019-09-30 00:00:00,323,__import__.product_5764212,LUC09
__import__.stock_production_lot_LUC001_5764215,2020-04-30 00:00:00,593,__import__.product_5764215,LUC001
__import__.stock_production_lot_16052018_5764233,2020-05-31 00:00:00,691,__import__.product_5764233,16052018
__import__.stock_production_lot_16052018_5764238,2020-05-31 00:00:00,752,__import__.product_5764238,16052018
__import__.stock_production_lot_15032018_5764240,2020-03-31 00:00:00,605,__import__.product_5764240,15032018
__import__.stock_production_lot_V27118D05_5764271,2020-04-30 00:00:00,509,__import__.product_5764271,V27118D05
__import__.stock_production_lot_V28417H08_5764284,2020-08-31 00:00:00,124,__import__.product_5764284,V28417H08
__import__.stock_production_lot_V28418E14_5764284,2021-05-31 00:00:00,984,__import__.product_5764284,V28418E14
__import__.stock_production_lot_V28517H08_5764285,2020-08-31 00:00:00,370,__import__.product_5764285,V28517H08
__import__.stock_production_lot_V28518E14_5764285,2021-05-31 00:00:00,533,__import__.product_5764285,V28518E14
__import__.stock_production_lot_V28617H08_5764286,2020-08-31 00:00:00,233,__import__.product_5764286,V28617H08
__import__.stock_production_lot_V28618E14_5764286,2021-05-31 00:00:00,993,__import__.product_5764286,V28618E14
__import__.stock_production_lot_V29318C05_5764294,2021-03-31 00:00:00,150,__import__.product_5764294,V29318C05
__import__.stock_production_lot_V29718C05_5764297,2021-03-31 00:00:00,396,__import__.product_5764297,V29718C05
__import__.stock_production_lot_V29818C05_5764298,2021-03-31 00:00:00,890,__import__.product_5764298,V29818C05
__import__.stock_production_lot_V40718A22_5764407,2020-01-31 00:00:00,836,__import__.product_5764407,V40718A22
__import__.stock_production_lot_V40718F08_5764407,2020-06-30 00:00:00,934,__import__.product_5764407,V40718F08
__import__.stock_production_lot_V46318D12_5764463,2020-04-30 00:00:00,228,__import__.product_5764463,V46318D12
__import__.stock_production_lot_V46618D05_5764466,2020-04-30 00:00:00,501,__import__.product_5764466,V46618D05
__import__.stock_production_lot_V46918D06_5764466,2022-04-30 00:00:00,848,__import__.product_5764466,V46918D06
__import__.stock_production_lot_V46518B12_5764467,2020-02-28 00:00:00,300,__import__.product_5764467,V46518B12
__import__.stock_production_lot_V48218C12_5764482,2021-03-31 00:00:00,452,__import__.product_5764482,V48218C12
__import__.stock_production_lot_V94118B14_5764941,2020-02-28 00:00:00,334,__import__.product_5764941,V94118B14
__import__.stock_production_lot_P94618D20_5764946,2020-04-30 00:00:00,177,__import__.product_5764946,P94618D20
__import__.stock_production_lot_V95018B12_5764950,2020-02-28 00:00:00,228,__import__.product_5764950,V95018B12
__import__.stock_production_lot_735324A_5769001,2019-03-07 00:00:00,142,__import__.product_5769001,735324A
__import__.stock_production_lot_161701_5776181,2019-06-02 00:00:00,191,__import__.product_5776181,161701
__import__.stock_production_lot_061703_5776185,2019-06-27 00:00:00,980,__import__.product_5776185,061703
__import__.stock_production_lot_141604_5776186,2018-12-12 00:00:00,419,__import__.product_5776186,141604
__import__.stock_production_lot_141703_5776186,2019-10-18 00:00:00,564,__import__.product_5776186,141703
__import__.stock_production_lot_131704_5776187,2019-06-28 00:00:00,936,__import__.product_5776187,131704
__import__.stock_production_lot_131706_5776187,2019-11-30 00:00:00,328,__import__.product_5776187,131706
__import__.stock_production_lot_101705_5776189,2019-08-11 00:00:00,962,__import__.product_5776189,101705
__import__.stock_production_lot_031701_5776190,2019-01-09 00:00:00,914,__import__.product_5776190,031701
__import__.stock_production_lot_061704_5776191,2019-08-09 00:00:00,693,__import__.product_5776191,061704
__import__.stock_production_lot_66702_5776192,2019-03-31 00:00:00,609,__import__.product_5776192,66702
__import__.stock_production_lot_081701_5776195,2019-03-22 00:00:00,949,__import__.product_5776195,081701
__import__.stock_production_lot_LS131801_5776196,2020-02-06 00:00:00,266,__import__.product_5776196,LS131801
__import__.stock_production_lot_251604_5776197,2018-12-12 00:00:00,430,__import__.product_5776197,251604
__import__.stock_production_lot_310719_5800000,2019-07-31 00:00:00,740,__import__.product_5800000,310719
__import__.stock_production_lot_06485978_5800001,2018-10-01 00:00:00,198,__import__.product_5800001,06485978
__import__.stock_production_lot_06316399_5800002,2018-10-01 00:00:00,115,__import__.product_5800002,06316399
__import__.stock_production_lot_06364986_5800002,2019-10-31 00:00:00,281,__import__.product_5800002,06364986
__import__.stock_production_lot_09130025_5800003,2019-04-01 00:00:00,241,__import__.product_5800003,09130025
__import__.stock_production_lot_09252933_5800003,2019-09-30 00:00:00,287,__import__.product_5800003,09252933
__import__.stock_production_lot_009920_5800011,2020-02-28 00:00:00,227,__import__.product_5800011,009920
__import__.stock_production_lot_009931_5800011,2020-02-01 00:00:00,155,__import__.product_5800011,009931
__import__.stock_production_lot_720009_5800012,2018-11-10 00:00:00,159,__import__.product_5800012,720009
__import__.stock_production_lot_009584_5800013,2019-08-31 00:00:00,262,__import__.product_5800013,009584
__import__.stock_production_lot_18011701_5800021,2022-01-31 00:00:00,744,__import__.product_5800021,18011701
__import__.stock_production_lot_ZY8005_5800035,2019-02-15 00:00:00,343,__import__.product_5800035,ZY8005
__import__.stock_production_lot_02185_5800038,2019-08-31 00:00:00,324,__import__.product_5800038,02185
__import__.stock_production_lot_311019_5801068,2019-10-31 00:00:00,869,__import__.product_5801068,311019
__import__.stock_production_lot_300619_5801726,2019-06-30 00:00:00,309,__import__.product_5801726,300619
__import__.stock_production_lot_6D042_5801748,2020-02-04 00:00:00,162,__import__.product_5801748,6D042
__import__.stock_production_lot_5N732_5801748,2019-11-15 00:00:00,192,__import__.product_5801748,5N732
__import__.stock_production_lot_310819_5802099,2019-08-31 00:00:00,587,__import__.product_5802099,310819
__import__.stock_production_lot_310319_5802742,2019-03-31 00:00:00,346,__import__.product_5802742,310319
__import__.stock_production_lot_311019_5802742,2019-10-31 00:00:00,422,__import__.product_5802742,311019
__import__.stock_production_lot_301119_5802742,2019-11-30 00:00:00,323,__import__.product_5802742,301119
__import__.stock_production_lot_301118_5802843,2018-11-30 00:00:00,955,__import__.product_5802843,301118
__import__.stock_production_lot_311019_5809183,2019-10-31 00:00:00,359,__import__.product_5809183,311019
__import__.stock_production_lot_311019_5810039,2019-10-31 00:00:00,243,__import__.product_5810039,311019
__import__.stock_production_lot_301119_5810178,2019-11-30 00:00:00,720,__import__.product_5810178,301119
__import__.stock_production_lot_301119_5810179,2019-11-30 00:00:00,673,__import__.product_5810179,301119
__import__.stock_production_lot_301119_5810183,2019-11-30 00:00:00,198,__import__.product_5810183,301119
__import__.stock_production_lot_310719_5810228,2019-07-31 00:00:00,995,__import__.product_5810228,310719
__import__.stock_production_lot_310719_5810229,2019-07-31 00:00:00,744,__import__.product_5810229,310719
__import__.stock_production_lot_301119_5810229,2019-11-30 00:00:00,541,__import__.product_5810229,301119
__import__.stock_production_lot_310819_5810467,2019-08-31 00:00:00,903,__import__.product_5810467,310819
__import__.stock_production_lot_311019_5810467,2019-10-31 00:00:00,910,__import__.product_5810467,311019
__import__.stock_production_lot_280219_5810469,2019-02-28 00:00:00,538,__import__.product_5810469,280219
__import__.stock_production_lot_311019_5810469,2019-10-31 00:00:00,333,__import__.product_5810469,311019
__import__.stock_production_lot_311019_5810470,2019-10-31 00:00:00,679,__import__.product_5810470,311019
__import__.stock_production_lot_311019_5810543,2019-10-31 00:00:00,761,__import__.product_5810543,311019
__import__.stock_production_lot_311019_5810544,2019-10-31 00:00:00,417,__import__.product_5810544,311019
__import__.stock_production_lot_311219_5810545,2019-12-31 00:00:00,777,__import__.product_5810545,311219
__import__.stock_production_lot_300919_5810560,2019-09-30 00:00:00,890,__import__.product_5810560,300919
__import__.stock_production_lot_310819_5810561,2019-08-31 00:00:00,352,__import__.product_5810561,310819
__import__.stock_production_lot_301119_5810561,2019-11-30 00:00:00,553,__import__.product_5810561,301119
__import__.stock_production_lot_310819_5810562,2019-08-31 00:00:00,394,__import__.product_5810562,310819
__import__.stock_production_lot_311019_5810562,2019-10-31 00:00:00,215,__import__.product_5810562,311019
__import__.stock_production_lot_300919_5810707,2019-09-30 00:00:00,474,__import__.product_5810707,300919
__import__.stock_production_lot_311019_5810743,2019-10-31 00:00:00,595,__import__.product_5810743,311019
__import__.stock_production_lot_301119_5810743,2019-11-30 00:00:00,189,__import__.product_5810743,301119
__import__.stock_production_lot_310519_5810745,2019-05-31 00:00:00,738,__import__.product_5810745,310519
__import__.stock_production_lot_310719_5810745,2019-07-31 00:00:00,345,__import__.product_5810745,310719
__import__.stock_production_lot_311019_5810746,2019-10-31 00:00:00,360,__import__.product_5810746,311019
__import__.stock_production_lot_311219_5810746,2019-12-31 00:00:00,460,__import__.product_5810746,311219
__import__.stock_production_lot_310719_5810748,2019-07-31 00:00:00,803,__import__.product_5810748,310719
__import__.stock_production_lot_311019_5810748,2019-10-31 00:00:00,358,__import__.product_5810748,311019
__import__.stock_production_lot_311219_5810749,2019-12-31 00:00:00,632,__import__.product_5810749,311219
__import__.stock_production_lot_310119_5810982,2019-01-31 00:00:00,672,__import__.product_5810982,310119
__import__.stock_production_lot_280219_5810985,2019-02-28 00:00:00,462,__import__.product_5810985,280219
__import__.stock_production_lot_311018_5810986,2018-10-31 00:00:00,530,__import__.product_5810986,311018
__import__.stock_production_lot_310119_5810988,2019-01-31 00:00:00,395,__import__.product_5810988,310119
__import__.stock_production_lot_280219_5810988,2019-02-28 00:00:00,461,__import__.product_5810988,280219
__import__.stock_production_lot_310519_5810988,2019-05-31 00:00:00,487,__import__.product_5810988,310519
__import__.stock_production_lot_311218_5810989,2018-12-31 00:00:00,460,__import__.product_5810989,311218
__import__.stock_production_lot_300419_5810990,2019-04-30 00:00:00,119,__import__.product_5810990,300419
__import__.stock_production_lot_310519_5810990,2019-05-31 00:00:00,125,__import__.product_5810990,310519
__import__.stock_production_lot_301118_5810991,2018-11-30 00:00:00,400,__import__.product_5810991,301118
__import__.stock_production_lot_310119_5810991,2019-01-31 00:00:00,563,__import__.product_5810991,310119
__import__.stock_production_lot_280219_5810993,2019-02-28 00:00:00,190,__import__.product_5810993,280219
__import__.stock_production_lot_301119_5810993,2019-11-30 00:00:00,157,__import__.product_5810993,301119
__import__.stock_production_lot_300619_5811076,2019-06-30 00:00:00,503,__import__.product_5811076,300619
__import__.stock_production_lot_300919_5811077,2019-09-30 00:00:00,497,__import__.product_5811077,300919
__import__.stock_production_lot_311219_5811077,2019-12-31 00:00:00,538,__import__.product_5811077,311219
__import__.stock_production_lot_310819_5811142,2019-08-31 00:00:00,441,__import__.product_5811142,310819
__import__.stock_production_lot_300919_5811142,2019-09-30 00:00:00,435,__import__.product_5811142,300919
__import__.stock_production_lot_LE6060289_5812308,2019-04-30 00:00:00,933,__import__.product_5812308,LE6060289
__import__.stock_production_lot_C1218050751_5816395,2020-05-31 00:00:00,322,__import__.product_5816395,C1218050751
__import__.stock_production_lot_C0817110251_5816411,2020-11-30 00:00:00,337,__import__.product_5816411,C0817110251
__import__.stock_production_lot_C0818012351_5816411,2020-01-31 00:00:00,533,__import__.product_5816411,C0818012351
__import__.stock_production_lot_C0818022651_5816411,2020-02-28 00:00:00,318,__import__.product_5816411,C0818022651
__import__.stock_production_lot_C0717110351_5816429,2020-11-30 00:00:00,950,__import__.product_5816429,C0717110351
__import__.stock_production_lot_C0618050851_5816429,2020-05-31 00:00:00,773,__import__.product_5816429,C0618050851
__import__.stock_production_lot_C0818013051_5816437,2020-01-31 00:00:00,317,__import__.product_5816437,C0818013051
__import__.stock_production_lot_C0918011751_5816445,2020-01-31 00:00:00,381,__import__.product_5816445,C0918011751
__import__.stock_production_lot_C0918032751_5816445,2020-03-31 00:00:00,895,__import__.product_5816445,C0918032751
__import__.stock_production_lot_C0818012451_5816452,2020-01-31 00:00:00,786,__import__.product_5816452,C0818012451
__import__.stock_production_lot_C0818040451_5816452,2020-04-30 00:00:00,847,__import__.product_5816452,C0818040451
__import__.stock_production_lot_20055_5818593,2020-02-28 00:00:00,315,__import__.product_5818593,20055
__import__.stock_production_lot_300919_5820390,2019-09-30 00:00:00,886,__import__.product_5820390,300919
__import__.stock_production_lot_311019_5820390,2019-10-31 00:00:00,499,__import__.product_5820390,311019
__import__.stock_production_lot_300919_5821069,2019-09-30 00:00:00,493,__import__.product_5821069,300919
__import__.stock_production_lot_301119_5821698,2019-11-30 00:00:00,676,__import__.product_5821698,301119
__import__.stock_production_lot_311219_5821698,2019-12-31 00:00:00,168,__import__.product_5821698,311219
__import__.stock_production_lot_310719_5821699,2019-07-31 00:00:00,662,__import__.product_5821699,310719
__import__.stock_production_lot_311019_5821699,2019-10-31 00:00:00,124,__import__.product_5821699,311019
__import__.stock_production_lot_311218_5821700,2018-12-31 00:00:00,684,__import__.product_5821700,311218
__import__.stock_production_lot_311019_5821700,2019-10-31 00:00:00,684,__import__.product_5821700,311019
__import__.stock_production_lot_301119_5821700,2019-11-30 00:00:00,276,__import__.product_5821700,301119
__import__.stock_production_lot_310819_5821725,2019-08-31 00:00:00,330,__import__.product_5821725,310819
__import__.stock_production_lot_311019_5821725,2019-10-31 00:00:00,651,__import__.product_5821725,311019
__import__.stock_production_lot_301119_5821725,2019-11-30 00:00:00,138,__import__.product_5821725,301119
__import__.stock_production_lot_311019_5821726,2019-10-31 00:00:00,490,__import__.product_5821726,311019
__import__.stock_production_lot_301119_5821726,2019-11-30 00:00:00,331,__import__.product_5821726,301119
__import__.stock_production_lot_311219_5821803,2019-12-31 00:00:00,907,__import__.product_5821803,311219
__import__.stock_production_lot_310819_5821807,2019-08-31 00:00:00,111,__import__.product_5821807,310819
__import__.stock_production_lot_301119_5821807,2019-11-30 00:00:00,219,__import__.product_5821807,301119
__import__.stock_production_lot_310519_5821809,2019-05-31 00:00:00,258,__import__.product_5821809,310519
__import__.stock_production_lot_311219_5821809,2019-12-31 00:00:00,148,__import__.product_5821809,311219
__import__.stock_production_lot_310320_5821811,2020-03-31 00:00:00,360,__import__.product_5821811,310320
__import__.stock_production_lot_311019_5821882,2019-10-31 00:00:00,816,__import__.product_5821882,311019
__import__.stock_production_lot_310519_5821883,2019-05-31 00:00:00,810,__import__.product_5821883,310519
__import__.stock_production_lot_310719_5821883,2019-07-31 00:00:00,210,__import__.product_5821883,310719
__import__.stock_production_lot_310819_5821883,2019-08-31 00:00:00,269,__import__.product_5821883,310819
__import__.stock_production_lot_311019_5821883,2019-10-31 00:00:00,469,__import__.product_5821883,311019
__import__.stock_production_lot_311019_5821884,2019-10-31 00:00:00,625,__import__.product_5821884,311019
__import__.stock_production_lot_310819_5822013,2019-08-31 00:00:00,965,__import__.product_5822013,310819
__import__.stock_production_lot_300919_5822097,2019-09-30 00:00:00,963,__import__.product_5822097,300919
__import__.stock_production_lot_301119_5822097,2019-11-30 00:00:00,863,__import__.product_5822097,301119
__import__.stock_production_lot_310819_5822098,2019-08-31 00:00:00,325,__import__.product_5822098,310819
__import__.stock_production_lot_311019_5822098,2019-10-31 00:00:00,325,__import__.product_5822098,311019
__import__.stock_production_lot_301119_5822098,2019-11-30 00:00:00,526,__import__.product_5822098,301119
__import__.stock_production_lot_310819_5822099,2019-08-31 00:00:00,164,__import__.product_5822099,310819
__import__.stock_production_lot_300919_5822099,2019-09-30 00:00:00,372,__import__.product_5822099,300919
__import__.stock_production_lot_301119_5822099,2019-11-30 00:00:00,472,__import__.product_5822099,301119
__import__.stock_production_lot_311219_5822099,2019-12-31 00:00:00,178,__import__.product_5822099,311219
__import__.stock_production_lot_301119_5822101,2019-11-30 00:00:00,395,__import__.product_5822101,301119
__import__.stock_production_lot_311219_5822102,2019-12-31 00:00:00,850,__import__.product_5822102,311219
__import__.stock_production_lot_310320_5822102,2020-03-31 00:00:00,160,__import__.product_5822102,310320
__import__.stock_production_lot_300919_5822115,2019-09-30 00:00:00,440,__import__.product_5822115,300919
__import__.stock_production_lot_310819_5822116,2019-08-31 00:00:00,599,__import__.product_5822116,310819
__import__.stock_production_lot_300919_5822116,2019-09-30 00:00:00,600,__import__.product_5822116,300919
__import__.stock_production_lot_310519_5822119,2019-05-31 00:00:00,209,__import__.product_5822119,310519
__import__.stock_production_lot_311219_5822147,2019-12-31 00:00:00,803,__import__.product_5822147,311219
__import__.stock_production_lot_311019_5822148,2019-10-31 00:00:00,149,__import__.product_5822148,311019
__import__.stock_production_lot_301119_5822148,2019-11-30 00:00:00,657,__import__.product_5822148,301119
__import__.stock_production_lot_310819_5822232,2019-08-31 00:00:00,832,__import__.product_5822232,310819
__import__.stock_production_lot_301119_5822232,2019-11-30 00:00:00,740,__import__.product_5822232,301119
__import__.stock_production_lot_311019_5822233,2019-10-31 00:00:00,199,__import__.product_5822233,311019
__import__.stock_production_lot_311219_5822233,2019-12-31 00:00:00,709,__import__.product_5822233,311219
__import__.stock_production_lot_310120_5822387,2020-01-31 00:00:00,919,__import__.product_5822387,310120
__import__.stock_production_lot_301119_5822437,2019-11-30 00:00:00,541,__import__.product_5822437,301119
__import__.stock_production_lot_301119_5822439,2019-11-30 00:00:00,550,__import__.product_5822439,301119
__import__.stock_production_lot_301118_5822741,2018-11-30 00:00:00,358,__import__.product_5822741,301118
__import__.stock_production_lot_310119_5822741,2019-01-31 00:00:00,174,__import__.product_5822741,310119
__import__.stock_production_lot_311019_5822814,2019-10-31 00:00:00,260,__import__.product_5822814,311019
__import__.stock_production_lot_300919_5822817,2019-09-30 00:00:00,895,__import__.product_5822817,300919
__import__.stock_production_lot_301119_5822821,2019-11-30 00:00:00,337,__import__.product_5822821,301119
__import__.stock_production_lot_301119_5822822,2019-11-30 00:00:00,976,__import__.product_5822822,301119
__import__.stock_production_lot_301119_5822826,2019-11-30 00:00:00,508,__import__.product_5822826,301119
__import__.stock_production_lot_301119_5822830,2019-11-30 00:00:00,829,__import__.product_5822830,301119
__import__.stock_production_lot_310819_5822842,2019-08-31 00:00:00,575,__import__.product_5822842,310819
__import__.stock_production_lot_300919_5822842,2019-09-30 00:00:00,162,__import__.product_5822842,300919
__import__.stock_production_lot_301119_5822842,2019-11-30 00:00:00,876,__import__.product_5822842,301119
__import__.stock_production_lot_310119_5822843,2019-01-31 00:00:00,548,__import__.product_5822843,310119
__import__.stock_production_lot_301119_5822843,2019-11-30 00:00:00,132,__import__.product_5822843,301119
__import__.stock_production_lot_301119_5822844,2019-11-30 00:00:00,578,__import__.product_5822844,301119
__import__.stock_production_lot_311019_5822862,2019-10-31 00:00:00,175,__import__.product_5822862,311019
__import__.stock_production_lot_301119_5822862,2019-11-30 00:00:00,862,__import__.product_5822862,301119
__import__.stock_production_lot_311019_5822863,2019-10-31 00:00:00,824,__import__.product_5822863,311019
__import__.stock_production_lot_300919_5823122,2019-09-30 00:00:00,203,__import__.product_5823122,300919
__import__.stock_production_lot_301119_5823123,2019-11-30 00:00:00,531,__import__.product_5823123,301119
__import__.stock_production_lot_300918_5823130,2018-09-30 00:00:00,914,__import__.product_5823130,300918
__import__.stock_production_lot_300918_5823137,2018-09-30 00:00:00,794,__import__.product_5823137,300918
__import__.stock_production_lot_301118_5823229,2018-11-30 00:00:00,452,__import__.product_5823229,301118
__import__.stock_production_lot_310719_5823229,2019-07-31 00:00:00,653,__import__.product_5823229,310719
__import__.stock_production_lot_310719_5823231,2019-07-31 00:00:00,776,__import__.product_5823231,310719
__import__.stock_production_lot_300919_5823266,2019-09-30 00:00:00,237,__import__.product_5823266,300919
__import__.stock_production_lot_311219_5823266,2019-12-31 00:00:00,757,__import__.product_5823266,311219
__import__.stock_production_lot_300919_5823270,2019-09-30 00:00:00,448,__import__.product_5823270,300919
__import__.stock_production_lot_301119_5823271,2019-11-30 00:00:00,511,__import__.product_5823271,301119
__import__.stock_production_lot_310819_5823299,2019-08-31 00:00:00,639,__import__.product_5823299,310819
__import__.stock_production_lot_301119_5823299,2019-11-30 00:00:00,354,__import__.product_5823299,301119
__import__.stock_production_lot_5X242_5823400,2019-07-23 00:00:00,465,__import__.product_5823400,5X242
__import__.stock_production_lot_6J081_5823402,2019-09-13 00:00:00,259,__import__.product_5823402,6J081
__import__.stock_production_lot_4W042_5823404,2019-03-31 00:00:00,277,__import__.product_5823404,4W042
__import__.stock_production_lot_311019_5823438,2019-10-31 00:00:00,834,__import__.product_5823438,311019
__import__.stock_production_lot_311219_5823445,2019-12-31 00:00:00,424,__import__.product_5823445,311219
__import__.stock_production_lot_311219_5823446,2019-12-31 00:00:00,277,__import__.product_5823446,311219
__import__.stock_production_lot_301119_5823447,2019-11-30 00:00:00,627,__import__.product_5823447,301119
__import__.stock_production_lot_300419_5823607,2019-04-30 00:00:00,799,__import__.product_5823607,300419
__import__.stock_production_lot_310519_5823607,2019-05-31 00:00:00,715,__import__.product_5823607,310519
__import__.stock_production_lot_310819_5823607,2019-08-31 00:00:00,160,__import__.product_5823607,310819
__import__.stock_production_lot_301119_5823607,2019-11-30 00:00:00,882,__import__.product_5823607,301119
__import__.stock_production_lot_311219_5823608,2019-12-31 00:00:00,930,__import__.product_5823608,311219
__import__.stock_production_lot_301119_5823608,2019-11-30 00:00:00,231,__import__.product_5823608,301119
__import__.stock_production_lot_310719_5823609,2019-07-31 00:00:00,731,__import__.product_5823609,310719
__import__.stock_production_lot_300919_5823609,2019-09-30 00:00:00,170,__import__.product_5823609,300919
__import__.stock_production_lot_301119_5823609,2019-11-30 00:00:00,391,__import__.product_5823609,301119
__import__.stock_production_lot_311219_5823609,2019-12-31 00:00:00,590,__import__.product_5823609,311219
__import__.stock_production_lot_311019_5825483,2019-10-31 00:00:00,970,__import__.product_5825483,311019
__import__.stock_production_lot_300619_5825516,2019-06-30 00:00:00,822,__import__.product_5825516,300619
__import__.stock_production_lot_310819_5825516,2019-08-31 00:00:00,266,__import__.product_5825516,310819
__import__.stock_production_lot_301119_5825516,2019-11-30 00:00:00,181,__import__.product_5825516,301119
__import__.stock_production_lot_310320_5825656,2020-03-31 00:00:00,148,__import__.product_5825656,310320
__import__.stock_production_lot_300420_5825656,2020-04-30 00:00:00,342,__import__.product_5825656,300420
__import__.stock_production_lot_301119_5825666,2019-11-30 00:00:00,270,__import__.product_5825666,301119
__import__.stock_production_lot_300919_5825667,2019-09-30 00:00:00,226,__import__.product_5825667,300919
__import__.stock_production_lot_310120_5825667,2020-01-31 00:00:00,435,__import__.product_5825667,310120
__import__.stock_production_lot_301119_5826061,2019-11-30 00:00:00,360,__import__.product_5826061,301119
__import__.stock_production_lot_310719_5826069,2019-07-31 00:00:00,429,__import__.product_5826069,310719
__import__.stock_production_lot_311019_5826069,2019-10-31 00:00:00,688,__import__.product_5826069,311019
__import__.stock_production_lot_301119_5826095,2019-11-30 00:00:00,619,__import__.product_5826095,301119
__import__.stock_production_lot_311219_5826096,2019-12-31 00:00:00,678,__import__.product_5826096,311219
__import__.stock_production_lot_311018_5826135,2018-10-31 00:00:00,804,__import__.product_5826135,311018
__import__.stock_production_lot_300919_5826135,2019-09-30 00:00:00,384,__import__.product_5826135,300919
__import__.stock_production_lot_310519_5826139,2019-05-31 00:00:00,160,__import__.product_5826139,310519
__import__.stock_production_lot_300619_5826139,2019-06-30 00:00:00,147,__import__.product_5826139,300619
__import__.stock_production_lot_310819_5826139,2019-08-31 00:00:00,508,__import__.product_5826139,310819
__import__.stock_production_lot_311019_5826139,2019-10-31 00:00:00,329,__import__.product_5826139,311019
__import__.stock_production_lot_301119_5826139,2019-11-30 00:00:00,830,__import__.product_5826139,301119
__import__.stock_production_lot_300619_5826140,2019-06-30 00:00:00,417,__import__.product_5826140,300619
__import__.stock_production_lot_301119_5826140,2019-11-30 00:00:00,276,__import__.product_5826140,301119
__import__.stock_production_lot_300919_5826151,2019-09-30 00:00:00,663,__import__.product_5826151,300919
__import__.stock_production_lot_300619_5826197,2019-06-30 00:00:00,331,__import__.product_5826197,300619
__import__.stock_production_lot_311019_5826197,2019-10-31 00:00:00,982,__import__.product_5826197,311019
__import__.stock_production_lot_301118_5826198,2018-11-30 00:00:00,853,__import__.product_5826198,301118
__import__.stock_production_lot_310519_5826198,2019-05-31 00:00:00,683,__import__.product_5826198,310519
__import__.stock_production_lot_311019_5826199,2019-10-31 00:00:00,791,__import__.product_5826199,311019
__import__.stock_production_lot_310719_5826228,2019-07-31 00:00:00,924,__import__.product_5826228,310719
__import__.stock_production_lot_300919_5826228,2019-09-30 00:00:00,484,__import__.product_5826228,300919
__import__.stock_production_lot_311019_5826265,2019-10-31 00:00:00,300,__import__.product_5826265,311019
__import__.stock_production_lot_311019_5826293,2019-10-31 00:00:00,836,__import__.product_5826293,311019
__import__.stock_production_lot_311219_5826548,2019-12-31 00:00:00,675,__import__.product_5826548,311219
__import__.stock_production_lot_311019_5826654,2019-10-31 00:00:00,160,__import__.product_5826654,311019
__import__.stock_production_lot_311019_5826655,2019-10-31 00:00:00,423,__import__.product_5826655,311019
__import__.stock_production_lot_301119_5826655,2019-11-30 00:00:00,924,__import__.product_5826655,301119
__import__.stock_production_lot_300919_5826658,2019-09-30 00:00:00,765,__import__.product_5826658,300919
__import__.stock_production_lot_311019_5826662,2019-10-31 00:00:00,603,__import__.product_5826662,311019
__import__.stock_production_lot_301119_5826662,2019-11-30 00:00:00,890,__import__.product_5826662,301119
__import__.stock_production_lot_310819_5827520,2019-08-31 00:00:00,263,__import__.product_5827520,310819
__import__.stock_production_lot_311019_5827520,2019-10-31 00:00:00,384,__import__.product_5827520,311019
__import__.stock_production_lot_300419_5827522,2019-04-30 00:00:00,807,__import__.product_5827522,300419
__import__.stock_production_lot_310719_5827522,2019-07-31 00:00:00,127,__import__.product_5827522,310719
__import__.stock_production_lot_301119_5827524,2019-11-30 00:00:00,803,__import__.product_5827524,301119
__import__.stock_production_lot_310819_5827544,2019-08-31 00:00:00,581,__import__.product_5827544,310819
__import__.stock_production_lot_301119_5827544,2019-11-30 00:00:00,889,__import__.product_5827544,301119
__import__.stock_production_lot_300919_5827545,2019-09-30 00:00:00,531,__import__.product_5827545,300919
__import__.stock_production_lot_300919_5827569,2019-09-30 00:00:00,156,__import__.product_5827569,300919
__import__.stock_production_lot_301119_5827570,2019-11-30 00:00:00,419,__import__.product_5827570,301119
__import__.stock_production_lot_301119_5827607,2019-11-30 00:00:00,126,__import__.product_5827607,301119
__import__.stock_production_lot_301119_5827610,2019-11-30 00:00:00,795,__import__.product_5827610,301119
__import__.stock_production_lot_301119_5827616,2019-11-30 00:00:00,518,__import__.product_5827616,301119
__import__.stock_production_lot_310819_5827619,2019-08-31 00:00:00,986,__import__.product_5827619,310819
__import__.stock_production_lot_311019_5827749,2019-10-31 00:00:00,296,__import__.product_5827749,311019
__import__.stock_production_lot_301119_5827749,2019-11-30 00:00:00,397,__import__.product_5827749,301119
__import__.stock_production_lot_310819_5827778,2019-08-31 00:00:00,660,__import__.product_5827778,310819
__import__.stock_production_lot_300919_5828044,2019-09-30 00:00:00,408,__import__.product_5828044,300919
__import__.stock_production_lot_311219_5828044,2019-12-31 00:00:00,236,__import__.product_5828044,311219
__import__.stock_production_lot_300919_5828058,2019-09-30 00:00:00,960,__import__.product_5828058,300919
__import__.stock_production_lot_310519_5828088,2019-05-31 00:00:00,338,__import__.product_5828088,310519
__import__.stock_production_lot_300919_5828089,2019-09-30 00:00:00,954,__import__.product_5828089,300919
__import__.stock_production_lot_300919_5828096,2019-09-30 00:00:00,251,__import__.product_5828096,300919
__import__.stock_production_lot_300919_5828097,2019-09-30 00:00:00,190,__import__.product_5828097,300919
__import__.stock_production_lot_311219_5828097,2019-12-31 00:00:00,606,__import__.product_5828097,311219
__import__.stock_production_lot_280220_5828408,2020-02-28 00:00:00,391,__import__.product_5828408,280220
__import__.stock_production_lot_310320_5828408,2020-03-31 00:00:00,516,__import__.product_5828408,310320
__import__.stock_production_lot_310519_5828647,2019-05-31 00:00:00,594,__import__.product_5828647,310519
__import__.stock_production_lot_300919_5828647,2019-09-30 00:00:00,743,__import__.product_5828647,300919
__import__.stock_production_lot_301119_5828647,2019-11-30 00:00:00,264,__import__.product_5828647,301119
__import__.stock_production_lot_301119_5828648,2019-11-30 00:00:00,920,__import__.product_5828648,301119
__import__.stock_production_lot_301119_5828649,2019-11-30 00:00:00,566,__import__.product_5828649,301119
__import__.stock_production_lot_311019_5828662,2019-10-31 00:00:00,775,__import__.product_5828662,311019
__import__.stock_production_lot_301119_5828662,2019-11-30 00:00:00,883,__import__.product_5828662,301119
__import__.stock_production_lot_310719_5828665,2019-07-31 00:00:00,285,__import__.product_5828665,310719
__import__.stock_production_lot_301119_5828665,2019-11-30 00:00:00,134,__import__.product_5828665,301119
__import__.stock_production_lot_310819_5828666,2019-08-31 00:00:00,486,__import__.product_5828666,310819
__import__.stock_production_lot_301119_5828667,2019-11-30 00:00:00,643,__import__.product_5828667,301119
__import__.stock_production_lot_311019_5828668,2019-10-31 00:00:00,595,__import__.product_5828668,311019
__import__.stock_production_lot_310819_5828686,2019-08-31 00:00:00,679,__import__.product_5828686,310819
__import__.stock_production_lot_301119_5828686,2019-11-30 00:00:00,369,__import__.product_5828686,301119
__import__.stock_production_lot_301119_5828690,2019-11-30 00:00:00,108,__import__.product_5828690,301119
__import__.stock_production_lot_310719_5828692,2019-07-31 00:00:00,847,__import__.product_5828692,310719
__import__.stock_production_lot_300919_5828692,2019-09-30 00:00:00,103,__import__.product_5828692,300919
__import__.stock_production_lot_311019_5828692,2019-10-31 00:00:00,623,__import__.product_5828692,311019
__import__.stock_production_lot_301119_5828692,2019-11-30 00:00:00,417,__import__.product_5828692,301119
__import__.stock_production_lot_311019_5828693,2019-10-31 00:00:00,776,__import__.product_5828693,311019
__import__.stock_production_lot_301119_5828693,2019-11-30 00:00:00,677,__import__.product_5828693,301119
__import__.stock_production_lot_301119_5828695,2019-11-30 00:00:00,472,__import__.product_5828695,301119
__import__.stock_production_lot_300919_5828965,2019-09-30 00:00:00,133,__import__.product_5828965,300919
__import__.stock_production_lot_301119_5828965,2019-11-30 00:00:00,433,__import__.product_5828965,301119
__import__.stock_production_lot_311019_5828966,2019-10-31 00:00:00,692,__import__.product_5828966,311019
__import__.stock_production_lot_301119_5828966,2019-11-30 00:00:00,293,__import__.product_5828966,301119
__import__.stock_production_lot_300919_5829000,2019-09-30 00:00:00,438,__import__.product_5829000,300919
__import__.stock_production_lot_311019_5829000,2019-10-31 00:00:00,937,__import__.product_5829000,311019
__import__.stock_production_lot_311219_5829001,2019-12-31 00:00:00,614,__import__.product_5829001,311219
__import__.stock_production_lot_280219_5829002,2019-02-28 00:00:00,959,__import__.product_5829002,280219
__import__.stock_production_lot_311019_5829002,2019-10-31 00:00:00,753,__import__.product_5829002,311019
__import__.stock_production_lot_300919_5829003,2019-09-30 00:00:00,354,__import__.product_5829003,300919
__import__.stock_production_lot_311219_5829003,2019-12-31 00:00:00,816,__import__.product_5829003,311219
__import__.stock_production_lot_301119_5829176,2019-11-30 00:00:00,554,__import__.product_5829176,301119
__import__.stock_production_lot_310718_5829178,2018-07-31 00:00:00,210,__import__.product_5829178,310718
__import__.stock_production_lot_310818_5829178,2018-08-31 00:00:00,669,__import__.product_5829178,310818
__import__.stock_production_lot_280219_5829178,2019-02-28 00:00:00,689,__import__.product_5829178,280219
__import__.stock_production_lot_311218_5829179,2018-12-31 00:00:00,439,__import__.product_5829179,311218
__import__.stock_production_lot_280219_5829179,2019-02-28 00:00:00,738,__import__.product_5829179,280219
__import__.stock_production_lot_301119_5829181,2019-11-30 00:00:00,828,__import__.product_5829181,301119
__import__.stock_production_lot_311019_5829182,2019-10-31 00:00:00,694,__import__.product_5829182,311019
__import__.stock_production_lot_311219_5829182,2019-12-31 00:00:00,494,__import__.product_5829182,311219
__import__.stock_production_lot_300919_5829183,2019-09-30 00:00:00,837,__import__.product_5829183,300919
__import__.stock_production_lot_311019_5829183,2019-10-31 00:00:00,836,__import__.product_5829183,311019
__import__.stock_production_lot_301119_5829183,2019-11-30 00:00:00,937,__import__.product_5829183,301119
__import__.stock_production_lot_311019_5829184,2019-10-31 00:00:00,703,__import__.product_5829184,311019
__import__.stock_production_lot_310819_5829185,2019-08-31 00:00:00,752,__import__.product_5829185,310819
__import__.stock_production_lot_311019_5829185,2019-10-31 00:00:00,952,__import__.product_5829185,311019
__import__.stock_production_lot_300919_5829186,2019-09-30 00:00:00,392,__import__.product_5829186,300919
__import__.stock_production_lot_301119_5829186,2019-11-30 00:00:00,302,__import__.product_5829186,301119
__import__.stock_production_lot_310719_5829188,2019-07-31 00:00:00,948,__import__.product_5829188,310719
__import__.stock_production_lot_311019_5829188,2019-10-31 00:00:00,124,__import__.product_5829188,311019
__import__.stock_production_lot_311019_5829189,2019-10-31 00:00:00,770,__import__.product_5829189,311019
__import__.stock_production_lot_311219_5829189,2019-12-31 00:00:00,470,__import__.product_5829189,311219
__import__.stock_production_lot_300919_5829263,2019-09-30 00:00:00,209,__import__.product_5829263,300919
__import__.stock_production_lot_301119_5829263,2019-11-30 00:00:00,130,__import__.product_5829263,301119
__import__.stock_production_lot_301119_5829264,2019-11-30 00:00:00,590,__import__.product_5829264,301119
__import__.stock_production_lot_301119_5829266,2019-11-30 00:00:00,778,__import__.product_5829266,301119
__import__.stock_production_lot_311219_5829266,2019-12-31 00:00:00,677,__import__.product_5829266,311219
__import__.stock_production_lot_311219_5829267,2019-12-31 00:00:00,147,__import__.product_5829267,311219
__import__.stock_production_lot_310819_5829269,2019-08-31 00:00:00,235,__import__.product_5829269,310819
__import__.stock_production_lot_311019_5829269,2019-10-31 00:00:00,735,__import__.product_5829269,311019
__import__.stock_production_lot_301119_5829270,2019-11-30 00:00:00,389,__import__.product_5829270,301119
__import__.stock_production_lot_301119_5829271,2019-11-30 00:00:00,345,__import__.product_5829271,301119
__import__.stock_production_lot_311219_5829272,2019-12-31 00:00:00,214,__import__.product_5829272,311219
__import__.stock_production_lot_311019_5829273,2019-10-31 00:00:00,153,__import__.product_5829273,311019
__import__.stock_production_lot_310819_5829274,2019-08-31 00:00:00,202,__import__.product_5829274,310819
__import__.stock_production_lot_735_5830214,2022-07-31 00:00:00,946,__import__.product_5830214,735
__import__.stock_production_lot_2016J19_5830668,2021-10-18 00:00:00,243,__import__.product_5830668,2016J19
__import__.stock_production_lot_2018C01_5830668,2023-02-28 00:00:00,309,__import__.product_5830668,2018C01
__import__.stock_production_lot_2018A25_5830668,2023-01-24 00:00:00,305,__import__.product_5830668,2018A25
__import__.stock_production_lot_2016A14_5836681,2020-12-31 00:00:00,237,__import__.product_5836681,2016A14
__import__.stock_production_lot_2014A20_5836682,2018-12-31 00:00:00,116,__import__.product_5836682,2014A20
__import__.stock_production_lot_2016B26_5836682,2021-01-31 00:00:00,268,__import__.product_5836682,2016B26
__import__.stock_production_lot_Z059118_5840301,2020-04-30 00:00:00,457,__import__.product_5840301,Z059118
__import__.stock_production_lot_3008_5840313,2020-08-30 00:00:00,429,__import__.product_5840313,3008
__import__.stock_production_lot_12172_5840313,2020-12-30 00:00:00,460,__import__.product_5840313,12172
__import__.stock_production_lot_0118_5840313,2021-01-30 00:00:00,901,__import__.product_5840313,0118
__import__.stock_production_lot_1805105_5840326,2020-02-28 00:00:00,108,__import__.product_5840326,1805105
__import__.stock_production_lot_708248124_5900873,2022-10-31 00:00:00,260,__import__.product_5900873,708248124
__import__.stock_production_lot_802616126_5900873,2023-04-30 00:00:00,570,__import__.product_5900873,802616126
__import__.stock_production_lot_072020_5909799,2020-07-31 00:00:00,178,__import__.product_5909799,072020
__import__.stock_production_lot_171114_5910002,2022-10-31 00:00:00,972,__import__.product_5910002,171114
__import__.stock_production_lot_171214_5910004,2022-11-30 00:00:00,555,__import__.product_5910004,171214
__import__.stock_production_lot_7RCS18A29_5910011,2019-07-31 00:00:00,590,__import__.product_5910011,7RCS18A29
__import__.stock_production_lot_170804_5910022,2022-07-31 00:00:00,302,__import__.product_5910022,170804
__import__.stock_production_lot_170804_5910023,2022-07-31 00:00:00,425,__import__.product_5910023,170804
__import__.stock_production_lot_170724_5910024,2022-06-30 00:00:00,693,__import__.product_5910024,170724
__import__.stock_production_lot_170909_5910025,2022-08-31 00:00:00,602,__import__.product_5910025,170909
__import__.stock_production_lot_171214_5910026,2022-11-30 00:00:00,523,__import__.product_5910026,171214
__import__.stock_production_lot_170724_5910125,2022-06-30 00:00:00,500,__import__.product_5910125,170724
__import__.stock_production_lot_171116_5910125,2022-10-31 00:00:00,230,__import__.product_5910125,171116
__import__.stock_production_lot_18D13_5910505,2022-04-30 00:00:00,180,__import__.product_5910505,18D13
__import__.stock_production_lot_18D13_5910515,2020-04-30 00:00:00,516,__import__.product_5910515,18D13
__import__.stock_production_lot_170909_5911023,2022-08-31 00:00:00,421,__import__.product_5911023,170909
__import__.stock_production_lot_18D13_5911352,2020-04-30 00:00:00,325,__import__.product_5911352,18D13
__import__.stock_production_lot_18C02_5911405,2020-03-31 00:00:00,379,__import__.product_5911405,18C02
__import__.stock_production_lot_7E0689E_5912000,2020-02-27 00:00:00,658,__import__.product_5912000,7E0689E
__import__.stock_production_lot_7E1775H_5912000,2020-06-07 00:00:00,166,__import__.product_5912000,7E1775H
__import__.stock_production_lot_18C02_5913405,2019-09-30 00:00:00,224,__import__.product_5913405,18C02
__import__.stock_production_lot_18D13_5913405,2019-10-31 00:00:00,781,__import__.product_5913405,18D13
__import__.stock_production_lot_BP139_5913419,2018-12-10 00:00:00,238,__import__.product_5913419,BP139
__import__.stock_production_lot_18C02_5913502,2019-09-30 00:00:00,110,__import__.product_5913502,18C02
__import__.stock_production_lot_18C02_5913510,2019-09-30 00:00:00,315,__import__.product_5913510,18C02
__import__.stock_production_lot_17L08_5916405,2019-06-30 00:00:00,550,__import__.product_5916405,17L08
__import__.stock_production_lot_18D13_5916405,2019-10-31 00:00:00,380,__import__.product_5916405,18D13
__import__.stock_production_lot_171114_5916501,2020-10-31 00:00:00,168,__import__.product_5916501,171114
__import__.stock_production_lot_171224_5916501,2020-11-30 00:00:00,128,__import__.product_5916501,171224
__import__.stock_production_lot_18C02_5916502,2019-09-30 00:00:00,102,__import__.product_5916502,18C02
__import__.stock_production_lot_17I15_5916505,2019-03-31 00:00:00,714,__import__.product_5916505,17I15
__import__.stock_production_lot_18D13_5916505,2019-10-31 00:00:00,235,__import__.product_5916505,18D13
__import__.stock_production_lot_131717_5920020,2019-07-31 00:00:00,944,__import__.product_5920020,131717
__import__.stock_production_lot_170603_5920060,2022-05-31 00:00:00,640,__import__.product_5920060,170603
__import__.stock_production_lot_170909_5920060,2022-08-31 00:00:00,676,__import__.product_5920060,170909
__import__.stock_production_lot_17I15_5920061,2019-09-30 00:00:00,821,__import__.product_5920061,17I15
__import__.stock_production_lot_170912_5920119,2022-08-31 00:00:00,875,__import__.product_5920119,170912
__import__.stock_production_lot_171114_5920124,2022-10-31 00:00:00,417,__import__.product_5920124,171114
__import__.stock_production_lot_0417003_5920401,2022-03-31 00:00:00,738,__import__.product_5920401,0417003
__import__.stock_production_lot_0817002_5920403,2022-07-31 00:00:00,372,__import__.product_5920403,0817002
__import__.stock_production_lot_0817002_5920404,2022-07-31 00:00:00,229,__import__.product_5920404,0817002
__import__.stock_production_lot_0817002_5920405,2022-07-31 00:00:00,533,__import__.product_5920405,0817002
__import__.stock_production_lot_061713_5920461,2022-05-31 00:00:00,586,__import__.product_5920461,061713
__import__.stock_production_lot_111724_5920461,2022-10-31 00:00:00,641,__import__.product_5920461,111724
__import__.stock_production_lot_101704_5920462,2022-09-30 00:00:00,599,__import__.product_5920462,101704
__import__.stock_production_lot_061714_5920463,2022-05-31 00:00:00,677,__import__.product_5920463,061714
__import__.stock_production_lot_011703_5920464,2021-12-31 00:00:00,654,__import__.product_5920464,011703
__import__.stock_production_lot_061716_5920466,2022-05-31 00:00:00,385,__import__.product_5920466,061716
__import__.stock_production_lot_101705_5920466,2020-09-30 00:00:00,499,__import__.product_5920466,101705
__import__.stock_production_lot_101706_5920467,2022-09-30 00:00:00,639,__import__.product_5920467,101706
__import__.stock_production_lot_061712_5920468,2022-05-31 00:00:00,606,__import__.product_5920468,061712
__import__.stock_production_lot_031821_5920468,2023-02-28 00:00:00,650,__import__.product_5920468,031821
__import__.stock_production_lot_111723_5920468,2022-10-31 00:00:00,703,__import__.product_5920468,111723
__import__.stock_production_lot_01014A_5921120,2022-04-24 00:00:00,136,__import__.product_5921120,01014A
__import__.stock_production_lot_6H601_5921400,2019-08-13 00:00:00,155,__import__.product_5921400,6H601
__import__.stock_production_lot_17L08_5921505,2019-12-31 00:00:00,627,__import__.product_5921505,17L08
__import__.stock_production_lot_18C02_5921505,2020-03-31 00:00:00,172,__import__.product_5921505,18C02
__import__.stock_production_lot_18C02_5921510,2020-03-31 00:00:00,171,__import__.product_5921510,18C02
__import__.stock_production_lot_18D13_5921510,2020-04-30 00:00:00,522,__import__.product_5921510,18D13
__import__.stock_production_lot_17L08_5921605,2019-12-31 00:00:00,827,__import__.product_5921605,17L08
__import__.stock_production_lot_17D14_5923031,2022-04-30 00:00:00,432,__import__.product_5923031,17D14
__import__.stock_production_lot_18C02_5923031,2023-03-31 00:00:00,483,__import__.product_5923031,18C02
__import__.stock_production_lot_17F02_5924050,2022-06-30 00:00:00,807,__import__.product_5924050,17F02
__import__.stock_production_lot_17L08_5924060,2022-12-31 00:00:00,679,__import__.product_5924060,17L08
__import__.stock_production_lot_1743B_5924500,2022-10-31 00:00:00,577,__import__.product_5924500,1743B
__import__.stock_production_lot_16L30_5927035,2021-12-31 00:00:00,646,__import__.product_5927035,16L30
__import__.stock_production_lot_037625_5932747,2021-05-31 00:00:00,265,__import__.product_5932747,037625
__import__.stock_production_lot_00546707_5941000,2019-12-31 00:00:00,380,__import__.product_5941000,00546707
__import__.stock_production_lot_98266291_5941000,2019-05-31 00:00:00,340,__import__.product_5941000,98266291
__import__.stock_production_lot_799204009_5942176,2020-09-30 00:00:00,360,__import__.product_5942176,799204009
__import__.stock_production_lot_798101002_5942179,2020-07-31 00:00:00,184,__import__.product_5942179,798101002
__import__.stock_production_lot_796004008_5942196,2020-10-31 00:00:00,345,__import__.product_5942196,796004008
__import__.stock_production_lot_792603007_5942196,2021-02-28 00:00:00,220,__import__.product_5942196,792603007
__import__.stock_production_lot_793403002_5942197,2020-09-30 00:00:00,178,__import__.product_5942197,793403002
__import__.stock_production_lot_791203000_5942197,2021-01-31 00:00:00,157,__import__.product_5942197,791203000
__import__.stock_production_lot_798604008_5942198,2020-05-31 00:00:00,339,__import__.product_5942198,798604008
__import__.stock_production_lot_796104005_5942198,2020-10-31 00:00:00,994,__import__.product_5942198,796104005
__import__.stock_production_lot_797303001_5942199,2020-11-30 00:00:00,875,__import__.product_5942199,797303001
__import__.stock_production_lot_798104003_5942206,2020-04-30 00:00:00,632,__import__.product_5942206,798104003
__import__.stock_production_lot_795903005_5942206,2020-07-31 00:00:00,370,__import__.product_5942206,795903005
__import__.stock_production_lot_794904003_5942207,2020-10-31 00:00:00,487,__import__.product_5942207,794904003
__import__.stock_production_lot_694803000_5942208,2019-12-31 00:00:00,288,__import__.product_5942208,694803000
__import__.stock_production_lot_793003004_5942208,2020-11-30 00:00:00,915,__import__.product_5942208,793003004
__import__.stock_production_lot_799404003_5942209,2020-04-30 00:00:00,269,__import__.product_5942209,799404003
__import__.stock_production_lot_694401008_5942545,2021-12-31 00:00:00,514,__import__.product_5942545,694401008
__import__.stock_production_lot_795401006_5942546,2022-11-30 00:00:00,710,__import__.product_5942546,795401006
__import__.stock_production_lot_796601009_5942547,2022-08-31 00:00:00,868,__import__.product_5942547,796601009
__import__.stock_production_lot_694401008_5942547,2021-12-31 00:00:00,652,__import__.product_5942547,694401008
__import__.stock_production_lot_794801005_5942548,2022-12-31 00:00:00,109,__import__.product_5942548,794801005
__import__.stock_production_lot_38_5949003,2020-01-31 00:00:00,801,__import__.product_5949003,38
__import__.stock_production_lot_170216404_5961100,2019-02-28 00:00:00,337,__import__.product_5961100,170216404
__import__.stock_production_lot_170213010_5961101,2019-02-28 00:00:00,429,__import__.product_5961101,170213010
__import__.stock_production_lot_372216_5962002,2019-11-30 00:00:00,327,__import__.product_5962002,372216
__import__.stock_production_lot_371240_5962003,2021-06-30 00:00:00,606,__import__.product_5962003,371240
__import__.stock_production_lot_362442_5962005,2019-12-31 00:00:00,220,__import__.product_5962005,362442
__import__.stock_production_lot_362442_5962006,2019-12-31 00:00:00,726,__import__.product_5962006,362442
__import__.stock_production_lot_957277_5962007,2020-04-30 00:00:00,992,__import__.product_5962007,957277
__import__.stock_production_lot_C0618050851_5962645,2020-05-31 00:00:00,445,__import__.product_5962645,C0618050851
__import__.stock_production_lot_A2711_5967003,2022-11-30 00:00:00,209,__import__.product_5967003,A2711
__import__.stock_production_lot_A2457_5967004,2022-09-30 00:00:00,901,__import__.product_5967004,A2457
__import__.stock_production_lot_A3272_5967005,2023-01-31 00:00:00,199,__import__.product_5967005,A3272
__import__.stock_production_lot_A3580_5967005,2023-03-31 00:00:00,589,__import__.product_5967005,A3580
__import__.stock_production_lot_163973_5969000,2020-05-31 00:00:00,117,__import__.product_5969000,163973
__import__.stock_production_lot_310138_5973623,2038-01-31 00:00:00,107,__import__.product_5973623,310138
__import__.stock_production_lot_401209002_5992194,2019-06-30 00:00:00,179,__import__.product_5992194,401209002
__import__.stock_production_lot_797805000_5992463,2022-12-31 00:00:00,623,__import__.product_5992463,797805000
__import__.stock_production_lot_798601007_5992465,2022-12-31 00:00:00,380,__import__.product_5992465,798601007
__import__.stock_production_lot_797701005_5992465,2022-12-31 00:00:00,615,__import__.product_5992465,797701005
__import__.stock_production_lot_799738009B_5992530,2022-06-30 00:00:00,647,__import__.product_5992530,799738009B
__import__.stock_production_lot_011114_5994481,2019-06-30 00:00:00,355,__import__.product_5994481,011114
__import__.stock_production_lot_F1734701_6000449,2019-12-31 00:00:00,409,__import__.product_6000449,F1734701
__import__.stock_production_lot_F1808501_6000449,2020-03-31 00:00:00,369,__import__.product_6000449,F1808501
__import__.stock_production_lot_18A42_6008859,2021-01-31 00:00:00,650,__import__.product_6008859,18A42
__import__.stock_production_lot_17J16_6039000,2020-10-31 00:00:00,575,__import__.product_6039000,17J16
__import__.stock_production_lot_17J16_6039001,2020-10-31 00:00:00,690,__import__.product_6039001,17J16
__import__.stock_production_lot_17J16_6039100,2020-10-31 00:00:00,537,__import__.product_6039100,17J16
__import__.stock_production_lot_190919_6040001,2019-09-19 00:00:00,772,__import__.product_6040001,190919
__import__.stock_production_lot_1711029_6040042,2022-10-31 00:00:00,610,__import__.product_6040042,1711029
__import__.stock_production_lot_1802001_6040042,2023-01-31 00:00:00,911,__import__.product_6040042,1802001
__import__.stock_production_lot_1802300_6040044,2023-01-31 00:00:00,611,__import__.product_6040044,1802300
__import__.stock_production_lot_180201_6040051,2023-01-31 00:00:00,343,__import__.product_6040051,180201
__import__.stock_production_lot_180202_6040053,2023-01-31 00:00:00,522,__import__.product_6040053,180202
__import__.stock_production_lot_171205_6040055,2022-11-30 00:00:00,848,__import__.product_6040055,171205
__import__.stock_production_lot_6284857_6040056,2021-10-31 00:00:00,559,__import__.product_6040056,6284857
__import__.stock_production_lot_7233908_6040056,2022-08-31 00:00:00,597,__import__.product_6040056,7233908
__import__.stock_production_lot_7009736_6040057,2022-01-31 00:00:00,534,__import__.product_6040057,7009736
__import__.stock_production_lot_103180_6049906,2021-03-31 00:00:00,835,__import__.product_6049906,103180
__import__.stock_production_lot_103335_6049906,2021-03-31 00:00:00,275,__import__.product_6049906,103335
__import__.stock_production_lot_030601_6131482,2021-01-31 00:00:00,300,__import__.product_6131482,030601
__import__.stock_production_lot_SD405666_6170001,2019-05-31 00:00:00,844,__import__.product_6170001,SD405666
__import__.stock_production_lot_SD501689_6170002,2020-01-31 00:00:00,428,__import__.product_6170002,SD501689
__import__.stock_production_lot_070518_6197006,2020-05-07 00:00:00,976,__import__.product_6197006,070518
__import__.stock_production_lot_020618_6197006,2020-12-02 00:00:00,985,__import__.product_6197006,020618
__import__.stock_production_lot_W196017_6197010,2019-12-31 00:00:00,865,__import__.product_6197010,W196017
__import__.stock_production_lot_Z058118_6197010,2020-04-30 00:00:00,636,__import__.product_6197010,Z058118
__import__.stock_production_lot_W049617_6197011,2018-09-30 00:00:00,545,__import__.product_6197011,W049617
__import__.stock_production_lot_W165717_6197011,2019-04-30 00:00:00,286,__import__.product_6197011,W165717
__import__.stock_production_lot_W188517_6197011,2019-05-31 00:00:00,900,__import__.product_6197011,W188517
__import__.stock_production_lot_Z075218_6197014,2019-10-31 00:00:00,262,__import__.product_6197014,Z075218
__import__.stock_production_lot_W083717_6197017,2019-05-31 00:00:00,540,__import__.product_6197017,W083717
__import__.stock_production_lot_Z018418_6197020,2020-01-31 00:00:00,444,__import__.product_6197020,Z018418
__import__.stock_production_lot_W188717_6197028,2019-11-30 00:00:00,110,__import__.product_6197028,W188717
__import__.stock_production_lot_PF80205_6197029,2020-05-30 00:00:00,737,__import__.product_6197029,PF80205
__import__.stock_production_lot_KP0CR75_6260010,2022-11-30 00:00:00,925,__import__.product_6260010,KP0CR75
__import__.stock_production_lot_KP0C34P_6260026,2020-04-30 00:00:00,184,__import__.product_6260026,KP0C34P
__import__.stock_production_lot_KP0CDB4_6260026,2020-08-31 00:00:00,615,__import__.product_6260026,KP0CDB4
__import__.stock_production_lot_18B01587_6279500,2020-02-28 00:00:00,824,__import__.product_6279500,18B01587
__import__.stock_production_lot_22_6294592,2019-04-30 00:00:00,147,__import__.product_6294592,22
__import__.stock_production_lot_D6B0595X_6330123,2021-02-28 00:00:00,785,__import__.product_6330123,D6B0595X
__import__.stock_production_lot_D7E2186X_6330226,2022-05-31 00:00:00,659,__import__.product_6330226,D7E2186X
__import__.stock_production_lot_D7K0857FX_6330822,2022-10-31 00:00:00,214,__import__.product_6330822,D7K0857FX
__import__.stock_production_lot_B4F0908X_6330914,2019-06-30 00:00:00,678,__import__.product_6330914,B4F0908X
__import__.stock_production_lot_D6K1026X_6331823,2021-10-31 00:00:00,687,__import__.product_6331823,D6K1026X
__import__.stock_production_lot_0180113_6350305,2021-07-31 00:00:00,146,__import__.product_6350305,0180113
__import__.stock_production_lot_0170582_6350306,2020-08-31 00:00:00,314,__import__.product_6350306,0170582
__import__.stock_production_lot_A733A01_6350317,2019-08-31 00:00:00,696,__import__.product_6350317,A733A01
__import__.stock_production_lot_A732A01_6350317,2019-08-31 00:00:00,191,__import__.product_6350317,A732A01
__import__.stock_production_lot_A742A01_6350318,2019-12-31 00:00:00,794,__import__.product_6350318,A742A01
__import__.stock_production_lot_17F17_6350323,2019-07-14 00:00:00,570,__import__.product_6350323,17F17
__import__.stock_production_lot_18C23_6350329,2020-03-31 00:00:00,912,__import__.product_6350329,18C23
__import__.stock_production_lot_18D03_6350329,2020-04-30 00:00:00,792,__import__.product_6350329,18D03
__import__.stock_production_lot_18E24_6350330,2020-05-31 00:00:00,918,__import__.product_6350330,18E24
__import__.stock_production_lot_18A25_6350331,2020-01-31 00:00:00,417,__import__.product_6350331,18A25
__import__.stock_production_lot_1022401_6350340,2019-02-28 00:00:00,730,__import__.product_6350340,1022401
__import__.stock_production_lot_18C090_6350395,2021-03-31 00:00:00,229,__import__.product_6350395,18C090
__import__.stock_production_lot_2417ES0218_6350532,2021-10-31 00:00:00,386,__import__.product_6350532,2417ES0218
__import__.stock_production_lot_3257ES0115_6350536,2021-06-30 00:00:00,237,__import__.product_6350536,3257ES0115
__import__.stock_production_lot_3027MS0212_6350556,2020-01-31 00:00:00,272,__import__.product_6350556,3027MS0212
__import__.stock_production_lot_13897_6350563,2020-08-03 00:00:00,723,__import__.product_6350563,13897
__import__.stock_production_lot_10675_6350568,2019-10-23 00:00:00,270,__import__.product_6350568,10675
__import__.stock_production_lot_180112D_6352225,2022-12-31 00:00:00,432,__import__.product_6352225,180112D
__import__.stock_production_lot_171201D_6352225,2022-11-30 00:00:00,575,__import__.product_6352225,171201D
__import__.stock_production_lot_180201D_6352225,2023-01-31 00:00:00,613,__import__.product_6352225,180201D
__import__.stock_production_lot_171206D_6352225,2022-11-30 00:00:00,944,__import__.product_6352225,171206D
__import__.stock_production_lot_170911D_6352225,2022-08-31 00:00:00,794,__import__.product_6352225,170911D
__import__.stock_production_lot_170404A_6352419,2022-03-31 00:00:00,565,__import__.product_6352419,170404A
__import__.stock_production_lot_170702A_6352419,2022-06-30 00:00:00,227,__import__.product_6352419,170702A
__import__.stock_production_lot_170911A_6352419,2022-08-31 00:00:00,445,__import__.product_6352419,170911A
__import__.stock_production_lot_171102A_6352419,2022-10-31 00:00:00,160,__import__.product_6352419,171102A
__import__.stock_production_lot_1720B0_6354880,2019-07-31 00:00:00,551,__import__.product_6354880,1720B0
__import__.stock_production_lot_1742AH_6354880,2019-12-31 00:00:00,112,__import__.product_6354880,1742AH
__import__.stock_production_lot_170704D_6356011,2022-06-30 00:00:00,871,__import__.product_6356011,170704D
__import__.stock_production_lot_D5J2005X_6390012,2020-09-30 00:00:00,218,__import__.product_6390012,D5J2005X
__import__.stock_production_lot_281830_6420006,2022-11-27 00:00:00,727,__import__.product_6420006,281830
__import__.stock_production_lot_287597_6420010,2020-03-07 00:00:00,441,__import__.product_6420010,287597
__import__.stock_production_lot_17J23_6446000,2021-10-31 00:00:00,683,__import__.product_6446000,17J23
__import__.stock_production_lot_16J03_6446002,2020-10-31 00:00:00,638,__import__.product_6446002,16J03
__import__.stock_production_lot_16J03_6446003,2020-10-03 00:00:00,318,__import__.product_6446003,16J03
__import__.stock_production_lot_15A09_6446007,2019-01-31 00:00:00,773,__import__.product_6446007,15A09
__import__.stock_production_lot_16J03_6446007,2020-10-31 00:00:00,609,__import__.product_6446007,16J03
__import__.stock_production_lot_17042456_6446010,2021-03-31 00:00:00,833,__import__.product_6446010,17042456
__import__.stock_production_lot_17011968_6446011,2020-12-31 00:00:00,418,__import__.product_6446011,17011968
__import__.stock_production_lot_17091950_6446011,2021-08-31 00:00:00,217,__import__.product_6446011,17091950
__import__.stock_production_lot_17042457_6446012,2021-03-31 00:00:00,244,__import__.product_6446012,17042457
__import__.stock_production_lot_17011967_6446013,2020-12-31 00:00:00,454,__import__.product_6446013,17011967
__import__.stock_production_lot_17091861_6446013,2021-08-31 00:00:00,406,__import__.product_6446013,17091861
__import__.stock_production_lot_17091859_6446016,2021-08-31 00:00:00,330,__import__.product_6446016,17091859
__import__.stock_production_lot_17091860_6446017,2021-08-31 00:00:00,976,__import__.product_6446017,17091860
__import__.stock_production_lot_17011862_6446018,2020-12-31 00:00:00,700,__import__.product_6446018,17011862
__import__.stock_production_lot_16J03_6446020,2020-10-03 00:00:00,386,__import__.product_6446020,16J03
__import__.stock_production_lot_17042174_6446021,2021-03-31 00:00:00,879,__import__.product_6446021,17042174
__import__.stock_production_lot_17J23_6446022,2021-10-31 00:00:00,425,__import__.product_6446022,17J23
__import__.stock_production_lot_15051409_6446036,2020-04-30 00:00:00,691,__import__.product_6446036,15051409
__import__.stock_production_lot_EU1703_6464798,2019-06-30 00:00:00,160,__import__.product_6464798,EU1703
__import__.stock_production_lot_161020E_6532032,2021-09-30 00:00:00,846,__import__.product_6532032,161020E
__import__.stock_production_lot_170903E_6532032,2022-08-31 00:00:00,274,__import__.product_6532032,170903E
__import__.stock_production_lot_160212E_6532033,2021-01-31 00:00:00,553,__import__.product_6532033,160212E
__import__.stock_production_lot_160407E_6532033,2021-03-31 00:00:00,687,__import__.product_6532033,160407E
__import__.stock_production_lot_1724112_6547461,2019-08-31 00:00:00,333,__import__.product_6547461,1724112
__import__.stock_production_lot_6F2R_6562302,2020-01-31 00:00:00,922,__import__.product_6562302,6F2R
__import__.stock_production_lot_17C21775_6600801,2020-03-31 00:00:00,464,__import__.product_6600801,17C21775
__import__.stock_production_lot_17G03024_6600802,2020-07-31 00:00:00,589,__import__.product_6600802,17G03024
__import__.stock_production_lot_17J02112_6600803,2020-10-31 00:00:00,208,__import__.product_6600803,17J02112
__import__.stock_production_lot_17J03113_6600803,2020-10-31 00:00:00,808,__import__.product_6600803,17J03113
__import__.stock_production_lot_04180025_6600805,2019-04-30 00:00:00,447,__import__.product_6600805,04180025
__import__.stock_production_lot_18A09447_6600807,2020-01-31 00:00:00,901,__import__.product_6600807,18A09447
__import__.stock_production_lot_18A25582_6600809,2021-01-31 00:00:00,891,__import__.product_6600809,18A25582
__import__.stock_production_lot_18A30585_6600809,2021-01-31 00:00:00,582,__import__.product_6600809,18A30585
__import__.stock_production_lot_18A31586_6600809,2021-01-31 00:00:00,657,__import__.product_6600809,18A31586
__import__.stock_production_lot_18D13_6600811,2020-04-30 00:00:00,875,__import__.product_6600811,18D13
__import__.stock_production_lot_15K02410_6600813,2018-11-30 00:00:00,421,__import__.product_6600813,15K02410
__import__.stock_production_lot_18C06588_6600813,2021-03-31 00:00:00,987,__import__.product_6600813,18C06588
__import__.stock_production_lot_15K02410_6600814,2018-11-30 00:00:00,505,__import__.product_6600814,15K02410
__import__.stock_production_lot_17D28020_6600818,2019-04-30 00:00:00,742,__import__.product_6600818,17D28020
__import__.stock_production_lot_17L18433_6600818,2019-12-31 00:00:00,994,__import__.product_6600818,17L18433
__import__.stock_production_lot_17D28020_6600819,2019-04-30 00:00:00,807,__import__.product_6600819,17D28020
__import__.stock_production_lot_15J23581_6600820,2018-10-31 00:00:00,306,__import__.product_6600820,15J23581
__import__.stock_production_lot_17J30254_6600820,2020-10-31 00:00:00,994,__import__.product_6600820,17J30254
__import__.stock_production_lot_17K52_6600827,2019-11-30 00:00:00,878,__import__.product_6600827,17K52
__import__.stock_production_lot_11170097_6600828,2018-11-30 00:00:00,865,__import__.product_6600828,11170097
__import__.stock_production_lot_03180039_6600828,2019-03-31 00:00:00,930,__import__.product_6600828,03180039
__import__.stock_production_lot_17111706_6600834,2018-12-11 00:00:00,805,__import__.product_6600834,17111706
__import__.stock_production_lot_16A04577_6600835,2018-07-31 00:00:00,118,__import__.product_6600835,16A04577
__import__.stock_production_lot_18A03436_6600835,2020-07-31 00:00:00,865,__import__.product_6600835,18A03436
__import__.stock_production_lot_105161_6600836,2022-11-30 00:00:00,645,__import__.product_6600836,105161
__import__.stock_production_lot_09170006_6600837,2019-03-31 00:00:00,412,__import__.product_6600837,09170006
__import__.stock_production_lot_13041812_6600838,2019-04-08 00:00:00,421,__import__.product_6600838,13041812
__import__.stock_production_lot_105172_6600840,2019-02-28 00:00:00,725,__import__.product_6600840,105172
__import__.stock_production_lot_18A05466_6600841,2023-01-31 00:00:00,473,__import__.product_6600841,18A05466
__import__.stock_production_lot_17I04110_6600842,2022-09-30 00:00:00,271,__import__.product_6600842,17I04110
__import__.stock_production_lot_18A05466_6600842,2023-01-31 00:00:00,931,__import__.product_6600842,18A05466
__import__.stock_production_lot_07051810_6600845,2019-02-05 00:00:00,316,__import__.product_6600845,07051810
__import__.stock_production_lot_18B39_6600849,2020-02-28 00:00:00,619,__import__.product_6600849,18B39
__import__.stock_production_lot_105161_6600854,2022-11-30 00:00:00,236,__import__.product_6600854,105161
__import__.stock_production_lot_105311_6600854,2023-05-31 00:00:00,146,__import__.product_6600854,105311
__import__.stock_production_lot_16G224_6600859,2019-06-01 00:00:00,310,__import__.product_6600859,16G224
__import__.stock_production_lot_17L115_6600860,2020-11-30 00:00:00,561,__import__.product_6600860,17L115
__import__.stock_production_lot_17E108_6600861,2020-04-30 00:00:00,707,__import__.product_6600861,17E108
__import__.stock_production_lot_17I25262_6600864,2020-09-30 00:00:00,246,__import__.product_6600864,17I25262
__import__.stock_production_lot_5145216_6600866,2020-11-30 00:00:00,407,__import__.product_6600866,5145216
__import__.stock_production_lot_5145217_6600867,2020-11-30 00:00:00,543,__import__.product_6600867,5145217
__import__.stock_production_lot_5145218_6600868,2020-11-30 00:00:00,235,__import__.product_6600868,5145218
__import__.stock_production_lot_7455_6600870,2021-01-31 00:00:00,461,__import__.product_6600870,7455
__import__.stock_production_lot_7083_6600871,2020-10-31 00:00:00,753,__import__.product_6600871,7083
__import__.stock_production_lot_17I27263_6600873,2020-09-30 00:00:00,174,__import__.product_6600873,17I27263
__import__.stock_production_lot_17J09_6600874,2019-10-31 00:00:00,155,__import__.product_6600874,17J09
__import__.stock_production_lot_17J09_6600876,2019-10-31 00:00:00,285,__import__.product_6600876,17J09
__import__.stock_production_lot_17B25_6600881,2020-02-28 00:00:00,339,__import__.product_6600881,17B25
__import__.stock_production_lot_7608_6600883,2021-02-28 00:00:00,306,__import__.product_6600883,7608
__import__.stock_production_lot_17C20765_6600884,2020-03-31 00:00:00,423,__import__.product_6600884,17C20765
__import__.stock_production_lot_18B13633_6600885,2021-02-28 00:00:00,869,__import__.product_6600885,18B13633
__import__.stock_production_lot_17H28108_6600886,2020-08-31 00:00:00,515,__import__.product_6600886,17H28108
__import__.stock_production_lot_17D24018_6600887,2019-04-30 00:00:00,571,__import__.product_6600887,17D24018
__import__.stock_production_lot_17J59_6600890,2020-10-31 00:00:00,486,__import__.product_6600890,17J59
__import__.stock_production_lot_14570117_6600899,2020-03-15 00:00:00,170,__import__.product_6600899,14570117
__import__.stock_production_lot_17D245_6600900,2019-03-31 00:00:00,174,__import__.product_6600900,17D245
__import__.stock_production_lot_17L014_6600901,2019-11-30 00:00:00,251,__import__.product_6600901,17L014
__import__.stock_production_lot_15L08741_6600904,2049-12-31 00:00:00,368,__import__.product_6600904,15L08741
__import__.stock_production_lot_EU1701_6615613,2020-02-28 00:00:00,394,__import__.product_6615613,EU1701
__import__.stock_production_lot_C848509_6620003,2020-06-30 00:00:00,684,__import__.product_6620003,C848509
__import__.stock_production_lot_EU1702B_6641964,2019-01-31 00:00:00,161,__import__.product_6641964,EU1702B
__import__.stock_production_lot_105043_6655558,2019-04-30 00:00:00,115,__import__.product_6655558,105043
__import__.stock_production_lot_105257_6655558,2019-11-30 00:00:00,907,__import__.product_6655558,105257
__import__.stock_production_lot_105312_6655564,2020-02-28 00:00:00,514,__import__.product_6655564,105312
__import__.stock_production_lot_10716165_6690604,2019-06-30 00:00:00,957,__import__.product_6690604,10716165
__import__.stock_production_lot_8727_6690607,2020-01-31 00:00:00,581,__import__.product_6690607,8727
__import__.stock_production_lot_17L0502C2_6690609,2022-12-31 00:00:00,758,__import__.product_6690609,17L0502C2
__import__.stock_production_lot_702070_6695954,2018-08-31 00:00:00,561,__import__.product_6695954,702070
__import__.stock_production_lot_737_6701692,2022-08-31 00:00:00,470,__import__.product_6701692,737
__import__.stock_production_lot_803_6701692,2022-12-31 00:00:00,200,__import__.product_6701692,803
__import__.stock_production_lot_0274172_6704096,2020-05-31 00:00:00,227,__import__.product_6704096,0274172
__import__.stock_production_lot_7061_6705434,2019-05-31 00:00:00,744,__import__.product_6705434,7061
__import__.stock_production_lot_8062_6705434,2019-12-31 00:00:00,254,__import__.product_6705434,8062
__import__.stock_production_lot_7088_6705440,2019-12-31 00:00:00,123,__import__.product_6705440,7088
__import__.stock_production_lot_F1610A_6707858,2018-10-31 00:00:00,390,__import__.product_6707858,F1610A
__import__.stock_production_lot_6LXV_6708935,2019-10-31 00:00:00,528,__import__.product_6708935,6LXV
__import__.stock_production_lot_211303_6709998,2019-01-02 00:00:00,282,__import__.product_6709998,211303
__import__.stock_production_lot_6C3503R_6710352,2018-10-10 00:00:00,564,__import__.product_6710352,6C3503R
__import__.stock_production_lot_EU1703_6710926,2020-06-30 00:00:00,899,__import__.product_6710926,EU1703
__import__.stock_production_lot_BGR171AA_6711297,2019-01-31 00:00:00,537,__import__.product_6711297,BGR171AA
__import__.stock_production_lot_3G05_6711601,2021-02-28 00:00:00,392,__import__.product_6711601,3G05
__import__.stock_production_lot_6LUL_6716892,2019-10-31 00:00:00,185,__import__.product_6716892,6LUL
__import__.stock_production_lot_6F76A1_6719643,2019-06-30 00:00:00,576,__import__.product_6719643,6F76A1
__import__.stock_production_lot_6F76A2_6719643,2019-06-30 00:00:00,482,__import__.product_6719643,6F76A2
__import__.stock_production_lot_7P05Z1_6721433,2020-01-31 00:00:00,318,__import__.product_6721433,7P05Z1
__import__.stock_production_lot_7N17Z1_6721433,2019-12-31 00:00:00,759,__import__.product_6721433,7N17Z1
__import__.stock_production_lot_0181080_6722214,2022-03-31 00:00:00,104,__import__.product_6722214,0181080
__import__.stock_production_lot_6L09A2_6724414,2018-10-31 00:00:00,425,__import__.product_6724414,6L09A2
__import__.stock_production_lot_S5A67A011_6724526,2018-03-31 00:00:00,362,__import__.product_6724526,S5A67A011
__import__.stock_production_lot_K2200729_6725974,2020-05-31 00:00:00,528,__import__.product_6725974,K2200729
__import__.stock_production_lot_726994_6726347,2021-01-31 00:00:00,697,__import__.product_6726347,726994
__import__.stock_production_lot_EU1601A_6726703,2020-01-31 00:00:00,252,__import__.product_6726703,EU1601A
__import__.stock_production_lot_8C0284E_6726755,2021-01-24 00:00:00,662,__import__.product_6726755,8C0284E
__import__.stock_production_lot_7N18Z1_6728582,2019-12-31 00:00:00,912,__import__.product_6728582,7N18Z1
__import__.stock_production_lot_L452376_6729021,2018-11-23 00:00:00,349,__import__.product_6729021,L452376
__import__.stock_production_lot_6NJ2A_6730082,2021-12-31 00:00:00,590,__import__.product_6730082,6NJ2A
__import__.stock_production_lot_7P27Z1_6730107,2021-02-28 00:00:00,184,__import__.product_6730107,7P27Z1
__import__.stock_production_lot_171337_6733353,2019-09-30 00:00:00,767,__import__.product_6733353,171337
__import__.stock_production_lot_171338_6733353,2019-09-30 00:00:00,858,__import__.product_6733353,171338
__import__.stock_production_lot_171707_6733353,2019-12-31 00:00:00,988,__import__.product_6733353,171707
__import__.stock_production_lot_180564_6733353,2020-01-31 00:00:00,362,__import__.product_6733353,180564
__import__.stock_production_lot_F1710A_6735145,2020-02-28 00:00:00,272,__import__.product_6735145,F1710A
__import__.stock_production_lot_EU1701_6738155,2020-04-30 00:00:00,448,__import__.product_6738155,EU1701
__import__.stock_production_lot_6KSSA_6739893,2019-11-30 00:00:00,149,__import__.product_6739893,6KSSA
__import__.stock_production_lot_A053A04_6741217,2019-03-31 00:00:00,756,__import__.product_6741217,A053A04
__import__.stock_production_lot_A054A01_6741223,2020-02-28 00:00:00,352,__import__.product_6741223,A054A01
__import__.stock_production_lot_A055A03_6741223,2020-08-31 00:00:00,685,__import__.product_6741223,A055A03
__import__.stock_production_lot_287AA_6742300,2019-10-31 00:00:00,881,__import__.product_6742300,287AA
__import__.stock_production_lot_18035412_6742642,2020-12-31 00:00:00,671,__import__.product_6742642,18035412
__import__.stock_production_lot_17425405_6742642,2020-09-30 00:00:00,740,__import__.product_6742642,17425405
__import__.stock_production_lot_72229B_6743280,2019-11-30 00:00:00,873,__import__.product_6743280,72229B
__import__.stock_production_lot_7228_6743280,2019-10-31 00:00:00,423,__import__.product_6743280,7228
__import__.stock_production_lot_A53295_6745008,2020-06-30 00:00:00,993,__import__.product_6745008,A53295
__import__.stock_production_lot_A58664_6745008,2020-08-31 00:00:00,441,__import__.product_6745008,A58664
__import__.stock_production_lot_FAN01001_6745095,2021-01-31 00:00:00,567,__import__.product_6745095,FAN01001
__import__.stock_production_lot_EU1703_6757342,2021-06-30 00:00:00,642,__import__.product_6757342,EU1703
__import__.stock_production_lot_EU1704A_6757342,2021-06-30 00:00:00,368,__import__.product_6757342,EU1704A
__import__.stock_production_lot_69AC_6759358,2020-03-31 00:00:00,168,__import__.product_6759358,69AC
__import__.stock_production_lot_L452417_6760628,2019-05-24 00:00:00,575,__import__.product_6760628,L452417
__import__.stock_production_lot_81911301_6760723,2019-09-30 00:00:00,241,__import__.product_6760723,81911301
__import__.stock_production_lot_A60628_6764974,2020-10-31 00:00:00,569,__import__.product_6764974,A60628
__import__.stock_production_lot_166741C_6765809,2019-07-31 00:00:00,311,__import__.product_6765809,166741C
__import__.stock_production_lot_A151A01_6771431,2020-06-30 00:00:00,838,__import__.product_6771431,A151A01
__import__.stock_production_lot_366A2_6774820,2020-09-30 00:00:00,748,__import__.product_6774820,366A2
__import__.stock_production_lot_20041_6775630,2022-07-31 00:00:00,324,__import__.product_6775630,20041
__import__.stock_production_lot_253AG_6778663,2020-12-31 00:00:00,408,__import__.product_6778663,253AG
__import__.stock_production_lot_0180358_6778700,2021-01-31 00:00:00,894,__import__.product_6778700,0180358
__import__.stock_production_lot_0180399_6778700,2021-01-31 00:00:00,713,__import__.product_6778700,0180399
__import__.stock_production_lot_ZAP21501_6780401,2020-11-30 00:00:00,654,__import__.product_6780401,ZAP21501
__import__.stock_production_lot_A214A01_6783279,2020-02-28 00:00:00,482,__import__.product_6783279,A214A01
__import__.stock_production_lot_A228A01_6783279,2020-10-31 00:00:00,182,__import__.product_6783279,A228A01
__import__.stock_production_lot_899A1_6787343,2020-09-30 00:00:00,270,__import__.product_6787343,899A1
__import__.stock_production_lot_L452085_6791675,2019-05-09 00:00:00,961,__import__.product_6791675,L452085
__import__.stock_production_lot_7M50A1_6792686,2021-01-31 00:00:00,513,__import__.product_6792686,7M50A1
__import__.stock_production_lot_397992_6795002,2018-12-31 00:00:00,585,__import__.product_6795002,397992
__import__.stock_production_lot_308939_6795003,2018-09-30 00:00:00,511,__import__.product_6795003,308939
__import__.stock_production_lot_495283_6795004,2019-09-30 00:00:00,787,__import__.product_6795004,495283
__import__.stock_production_lot_497214_6795004,2019-09-30 00:00:00,837,__import__.product_6795004,497214
__import__.stock_production_lot_497214_6795005,2019-09-30 00:00:00,990,__import__.product_6795005,497214
__import__.stock_production_lot_499169_6795005,2019-11-30 00:00:00,550,__import__.product_6795005,499169
__import__.stock_production_lot_466355_6795006,2019-08-31 00:00:00,258,__import__.product_6795006,466355
__import__.stock_production_lot_A063A01_6795408,2020-09-30 00:00:00,815,__import__.product_6795408,A063A01
__import__.stock_production_lot_F101301_6799866,2019-09-30 00:00:00,574,__import__.product_6799866,F101301
__import__.stock_production_lot_1710_6805020,2027-10-31 00:00:00,002,__import__.product_6805020,1710
__import__.stock_production_lot_300919_6808917,2019-09-30 00:00:00,578,__import__.product_6808917,300919
__import__.stock_production_lot_236A1_6810510,2019-01-31 00:00:00,785,__import__.product_6810510,236A1
__import__.stock_production_lot_239A2_6810510,2019-03-31 00:00:00,914,__import__.product_6810510,239A2
__import__.stock_production_lot_11117184_6819273,2019-09-30 00:00:00,125,__import__.product_6819273,11117184
__import__.stock_production_lot_A188A01_6820750,2020-02-28 00:00:00,979,__import__.product_6820750,A188A01
__import__.stock_production_lot_P1701A_6823501,2020-01-31 00:00:00,878,__import__.product_6823501,P1701A
__import__.stock_production_lot_311219_6824201,2019-12-31 00:00:00,707,__import__.product_6824201,311219
__import__.stock_production_lot_310719_6824231,2019-07-31 00:00:00,476,__import__.product_6824231,310719
__import__.stock_production_lot_311019_6824231,2019-10-31 00:00:00,838,__import__.product_6824231,311019
__import__.stock_production_lot_280220_6824450,2020-02-28 00:00:00,632,__import__.product_6824450,280220
__import__.stock_production_lot_280220_6824494,2020-02-28 00:00:00,629,__import__.product_6824494,280220
__import__.stock_production_lot_311219_6824515,2019-12-31 00:00:00,662,__import__.product_6824515,311219
__import__.stock_production_lot_301119_6824523,2019-11-30 00:00:00,706,__import__.product_6824523,301119
__import__.stock_production_lot_280220_6824628,2020-02-28 00:00:00,736,__import__.product_6824628,280220
__import__.stock_production_lot_301119_6825006,2019-11-30 00:00:00,583,__import__.product_6825006,301119
__import__.stock_production_lot_311218_6825009,2018-12-31 00:00:00,361,__import__.product_6825009,311218
__import__.stock_production_lot_311019_6825009,2019-10-31 00:00:00,347,__import__.product_6825009,311019
__import__.stock_production_lot_300919_6825013,2019-09-30 00:00:00,459,__import__.product_6825013,300919
__import__.stock_production_lot_311019_6825013,2019-10-31 00:00:00,279,__import__.product_6825013,311019
__import__.stock_production_lot_311019_6825016,2019-10-31 00:00:00,230,__import__.product_6825016,311019
__import__.stock_production_lot_311219_6825017,2019-12-31 00:00:00,597,__import__.product_6825017,311219
__import__.stock_production_lot_310519_6825144,2019-05-31 00:00:00,955,__import__.product_6825144,310519
__import__.stock_production_lot_301119_6825144,2019-11-30 00:00:00,325,__import__.product_6825144,301119
__import__.stock_production_lot_311019_6825151,2019-10-31 00:00:00,707,__import__.product_6825151,311019
__import__.stock_production_lot_311219_6825341,2019-12-31 00:00:00,893,__import__.product_6825341,311219
__import__.stock_production_lot_310120_6825670,2020-01-31 00:00:00,673,__import__.product_6825670,310120
__import__.stock_production_lot_280220_6825670,2020-02-28 00:00:00,969,__import__.product_6825670,280220
__import__.stock_production_lot_280219_6825823,2019-02-28 00:00:00,251,__import__.product_6825823,280219
__import__.stock_production_lot_311019_6827287,2019-10-31 00:00:00,616,__import__.product_6827287,311019
__import__.stock_production_lot_280220_6827287,2020-02-28 00:00:00,936,__import__.product_6827287,280220
__import__.stock_production_lot_301119_6827359,2019-11-30 00:00:00,357,__import__.product_6827359,301119
__import__.stock_production_lot_301119_6827360,2019-11-30 00:00:00,420,__import__.product_6827360,301119
__import__.stock_production_lot_311219_6827361,2019-12-31 00:00:00,672,__import__.product_6827361,311219
__import__.stock_production_lot_280220_6827362,2020-02-28 00:00:00,155,__import__.product_6827362,280220
__import__.stock_production_lot_310320_6827364,2020-03-31 00:00:00,654,__import__.product_6827364,310320
__import__.stock_production_lot_300420_6827365,2020-04-30 00:00:00,601,__import__.product_6827365,300420
__import__.stock_production_lot_310320_6827558,2020-03-31 00:00:00,147,__import__.product_6827558,310320
__import__.stock_production_lot_280220_6827563,2020-02-28 00:00:00,910,__import__.product_6827563,280220
__import__.stock_production_lot_310320_6827565,2020-03-31 00:00:00,423,__import__.product_6827565,310320
__import__.stock_production_lot_310320_6827566,2020-03-31 00:00:00,376,__import__.product_6827566,310320
__import__.stock_production_lot_280220_6827567,2020-02-28 00:00:00,335,__import__.product_6827567,280220
__import__.stock_production_lot_280220_6827568,2020-02-28 00:00:00,781,__import__.product_6827568,280220
__import__.stock_production_lot_300419_6827989,2019-04-30 00:00:00,903,__import__.product_6827989,300419
__import__.stock_production_lot_311019_6827989,2019-10-31 00:00:00,871,__import__.product_6827989,311019
__import__.stock_production_lot_311018_6828030,2018-10-31 00:00:00,120,__import__.product_6828030,311018
__import__.stock_production_lot_311019_6828030,2019-10-31 00:00:00,620,__import__.product_6828030,311019
__import__.stock_production_lot_310719_6828344,2019-07-31 00:00:00,416,__import__.product_6828344,310719
__import__.stock_production_lot_310819_6828344,2019-08-31 00:00:00,268,__import__.product_6828344,310819
__import__.stock_production_lot_310819_6828770,2019-08-31 00:00:00,845,__import__.product_6828770,310819
__import__.stock_production_lot_311019_6828770,2019-10-31 00:00:00,445,__import__.product_6828770,311019
__import__.stock_production_lot_311019_6828775,2019-10-31 00:00:00,533,__import__.product_6828775,311019
__import__.stock_production_lot_310819_6828886,2019-08-31 00:00:00,775,__import__.product_6828886,310819
__import__.stock_production_lot_311219_6828886,2019-12-31 00:00:00,896,__import__.product_6828886,311219
__import__.stock_production_lot_301119_6828887,2019-11-30 00:00:00,746,__import__.product_6828887,301119
__import__.stock_production_lot_311219_6828887,2019-12-31 00:00:00,352,__import__.product_6828887,311219
__import__.stock_production_lot_311019_6828918,2019-10-31 00:00:00,539,__import__.product_6828918,311019
__import__.stock_production_lot_300619_6828919,2019-06-30 00:00:00,920,__import__.product_6828919,300619
__import__.stock_production_lot_311019_6828919,2019-10-31 00:00:00,485,__import__.product_6828919,311019
__import__.stock_production_lot_311019_6828927,2019-10-31 00:00:00,424,__import__.product_6828927,311019
__import__.stock_production_lot_301119_6828927,2019-11-30 00:00:00,525,__import__.product_6828927,301119
__import__.stock_production_lot_310719_6828932,2019-07-31 00:00:00,843,__import__.product_6828932,310719
__import__.stock_production_lot_280220_6829323,2020-02-28 00:00:00,873,__import__.product_6829323,280220
__import__.stock_production_lot_300619_6829454,2019-06-30 00:00:00,458,__import__.product_6829454,300619
__import__.stock_production_lot_301119_6829454,2019-11-30 00:00:00,120,__import__.product_6829454,301119
__import__.stock_production_lot_310119_6829455,2019-01-31 00:00:00,413,__import__.product_6829455,310119
__import__.stock_production_lot_280220_6829455,2020-02-28 00:00:00,458,__import__.product_6829455,280220
__import__.stock_production_lot_310719_6829462,2019-07-31 00:00:00,393,__import__.product_6829462,310719
__import__.stock_production_lot_300619_6829901,2019-06-30 00:00:00,274,__import__.product_6829901,300619
__import__.stock_production_lot_300919_6829901,2019-09-30 00:00:00,736,__import__.product_6829901,300919
__import__.stock_production_lot_311219_6829901,2019-12-31 00:00:00,656,__import__.product_6829901,311219
__import__.stock_production_lot_A111A07_6830005,2020-05-31 00:00:00,459,__import__.product_6830005,A111A07
__import__.stock_production_lot_XBPA7044_6833416,2022-05-31 00:00:00,416,__import__.product_6833416,XBPA7044
__import__.stock_production_lot_311019_6834281,2019-10-31 00:00:00,561,__import__.product_6834281,311019
__import__.stock_production_lot_310120_6834281,2020-01-31 00:00:00,371,__import__.product_6834281,310120
__import__.stock_production_lot_301119_6834281,2019-11-30 00:00:00,762,__import__.product_6834281,301119
__import__.stock_production_lot_7C49A1_6835792,2021-04-30 00:00:00,193,__import__.product_6835792,7C49A1
__import__.stock_production_lot_7H36Z1_6835800,2020-10-31 00:00:00,656,__import__.product_6835800,7H36Z1
__import__.stock_production_lot_7H37Z1_6835800,2020-10-31 00:00:00,146,__import__.product_6835800,7H37Z1
__import__.stock_production_lot_C769620_6838371,2018-09-30 00:00:00,630,__import__.product_6838371,C769620
__import__.stock_production_lot_7C2709B_6838922,2020-09-19 00:00:00,117,__import__.product_6838922,7C2709B
__import__.stock_production_lot_7C2327E_6839123,2019-07-27 00:00:00,893,__import__.product_6839123,7C2327E
__import__.stock_production_lot_280220_6839451,2020-02-28 00:00:00,752,__import__.product_6839451,280220
__import__.stock_production_lot_010617_6840001,2019-06-10 00:00:00,148,__import__.product_6840001,010617
__import__.stock_production_lot_6FZV_6840758,2018-09-30 00:00:00,822,__import__.product_6840758,6FZV
__import__.stock_production_lot_6KPE_6840758,2018-12-31 00:00:00,184,__import__.product_6840758,6KPE
__import__.stock_production_lot_6C1902C_6846910,2019-06-08 00:00:00,514,__import__.product_6846910,6C1902C
__import__.stock_production_lot_7C0350D_6846910,2020-01-26 00:00:00,563,__import__.product_6846910,7C0350D
__import__.stock_production_lot_7C0957A_6847588,2022-03-21 00:00:00,362,__import__.product_6847588,7C0957A
__import__.stock_production_lot_7C1213A_6847588,2022-04-12 00:00:00,930,__import__.product_6847588,7C1213A
__import__.stock_production_lot_8394_6848553,2019-06-30 00:00:00,927,__import__.product_6848553,8394
__import__.stock_production_lot_7C0663B_6850113,2020-02-27 00:00:00,717,__import__.product_6850113,7C0663B
__import__.stock_production_lot_7C1605E_6850113,2020-05-29 00:00:00,238,__import__.product_6850113,7C1605E
__import__.stock_production_lot_R24801A_6852572,2019-02-28 00:00:00,879,__import__.product_6852572,R24801A
__import__.stock_production_lot_K13401B10_6861683,2022-02-28 00:00:00,836,__import__.product_6861683,K13401B10
__import__.stock_production_lot_1609203077_6864888,2019-10-31 00:00:00,559,__import__.product_6864888,1609203077
__import__.stock_production_lot_7C1636D_6867740,2019-05-29 00:00:00,478,__import__.product_6867740,7C1636D
__import__.stock_production_lot_7C2970B_6867786,2020-10-18 00:00:00,326,__import__.product_6867786,7C2970B
__import__.stock_production_lot_8C0309B_6867786,2021-01-28 00:00:00,805,__import__.product_6867786,8C0309B
__import__.stock_production_lot_7C0013B_6867912,2020-01-04 00:00:00,673,__import__.product_6867912,7C0013B
__import__.stock_production_lot_7C0013D_6867912,2020-01-04 00:00:00,341,__import__.product_6867912,7C0013D
__import__.stock_production_lot_7C2333K_6868231,2020-06-13 00:00:00,732,__import__.product_6868231,7C2333K
__import__.stock_production_lot_7C2957F_6868231,2020-10-17 00:00:00,940,__import__.product_6868231,7C2957F
__import__.stock_production_lot_8C0471B_6868372,2021-02-08 00:00:00,846,__import__.product_6868372,8C0471B
__import__.stock_production_lot_6C2238J_6868484,2019-07-06 00:00:00,579,__import__.product_6868484,6C2238J
__import__.stock_production_lot_7C1017D_6868490,2020-03-31 00:00:00,987,__import__.product_6868490,7C1017D
__import__.stock_production_lot_7C1017F_6868490,2020-03-28 00:00:00,266,__import__.product_6868490,7C1017F
__import__.stock_production_lot_7C1796E_6868745,2020-06-07 00:00:00,490,__import__.product_6868745,7C1796E
__import__.stock_production_lot_7C3007B_6869029,2020-10-24 00:00:00,285,__import__.product_6869029,7C3007B
__import__.stock_production_lot_7C0012B_6869101,2020-01-04 00:00:00,307,__import__.product_6869101,7C0012B
__import__.stock_production_lot_249AA_6871351,2020-10-31 00:00:00,107,__import__.product_6871351,249AA
__import__.stock_production_lot_D7060654_6878206,2022-06-30 00:00:00,516,__import__.product_6878206,D7060654
__import__.stock_production_lot_D7090385_6878577,2022-09-30 00:00:00,230,__import__.product_6878577,D7090385
__import__.stock_production_lot_7C1507B_6885979,2020-05-16 00:00:00,140,__import__.product_6885979,7C1507B
__import__.stock_production_lot_7C1710C_6885979,2020-06-05 00:00:00,124,__import__.product_6885979,7C1710C
__import__.stock_production_lot_432829_6886016,2019-06-06 00:00:00,744,__import__.product_6886016,432829
__import__.stock_production_lot_8C0224B_6886016,2020-01-17 00:00:00,122,__import__.product_6886016,8C0224B
__import__.stock_production_lot_7045_6889055,2022-09-30 00:00:00,547,__import__.product_6889055,7045
__import__.stock_production_lot_7081_6889115,2019-11-30 00:00:00,518,__import__.product_6889115,7081
__import__.stock_production_lot_RXR0401AG_6891595,2020-03-31 00:00:00,429,__import__.product_6891595,RXR0401AG
__import__.stock_production_lot_RXR0442AC_6891595,2020-06-30 00:00:00,259,__import__.product_6891595,RXR0442AC
__import__.stock_production_lot_M032XB01_6891721,2020-07-31 00:00:00,136,__import__.product_6891721,M032XB01
__import__.stock_production_lot_7M49A1_6895133,2020-03-31 00:00:00,877,__import__.product_6895133,7M49A1
__import__.stock_production_lot_6JUMA_6899071,2019-08-31 00:00:00,843,__import__.product_6899071,6JUMA
__import__.stock_production_lot_8102101_6899243,2019-08-31 00:00:00,566,__import__.product_6899243,8102101
__import__.stock_production_lot_W13022S_6900001,2020-04-30 00:00:00,199,__import__.product_6900001,W13022S
__import__.stock_production_lot_W31709S_6900001,2020-10-31 00:00:00,249,__import__.product_6900001,W31709S
__import__.stock_production_lot_W36309S_6900001,2020-11-30 00:00:00,387,__import__.product_6900001,W36309S
__import__.stock_production_lot_A01806S_6900001,2020-12-31 00:00:00,315,__import__.product_6900001,A01806S
__import__.stock_production_lot_K1361732_6900756,2021-10-31 00:00:00,295,__import__.product_6900756,K1361732
__import__.stock_production_lot_7C0231C_6902034,2020-01-17 00:00:00,365,__import__.product_6902034,7C0231C
__import__.stock_production_lot_2153A207_6910217,2020-03-31 00:00:00,308,__import__.product_6910217,2153A207
__import__.stock_production_lot_609CB_6910430,2019-02-28 00:00:00,620,__import__.product_6910430,609CB
__import__.stock_production_lot_BGR173BA_6911978,2019-04-30 00:00:00,329,__import__.product_6911978,BGR173BA
__import__.stock_production_lot_5145108_6913888,2021-09-30 00:00:00,337,__import__.product_6913888,5145108
__import__.stock_production_lot_5144858_6913894,2021-07-31 00:00:00,948,__import__.product_6913894,5144858
__import__.stock_production_lot_0172284_6920032,2021-06-30 00:00:00,322,__import__.product_6920032,0172284
__import__.stock_production_lot_7C2975F_6929464,2020-10-19 00:00:00,378,__import__.product_6929464,7C2975F
__import__.stock_production_lot_7219_6931805,2019-01-31 00:00:00,155,__import__.product_6931805,7219
__import__.stock_production_lot_6JLS_6935246,2019-09-30 00:00:00,381,__import__.product_6935246,6JLS
__import__.stock_production_lot_7A24Z2_6940170,2020-01-31 00:00:00,367,__import__.product_6940170,7A24Z2
__import__.stock_production_lot_7K33A1_6940230,2019-10-31 00:00:00,942,__import__.product_6940230,7K33A1
__import__.stock_production_lot_EU1601_6941063,2019-01-31 00:00:00,505,__import__.product_6941063,EU1601
__import__.stock_production_lot_537_6941347,2020-07-31 00:00:00,189,__import__.product_6941347,537
__import__.stock_production_lot_EU1702A_6943464,2020-09-30 00:00:00,939,__import__.product_6943464,EU1702A
__import__.stock_production_lot_H108_6943524,2019-04-30 00:00:00,591,__import__.product_6943524,H108
__import__.stock_production_lot_EU1703_6943576,2020-07-31 00:00:00,410,__import__.product_6943576,EU1703
__import__.stock_production_lot_EU1701_6943725,2020-03-31 00:00:00,270,__import__.product_6943725,EU1701
__import__.stock_production_lot_EU1801_6943725,2021-01-31 00:00:00,225,__import__.product_6943725,EU1801
__import__.stock_production_lot_EU1701_6943731,2020-07-31 00:00:00,505,__import__.product_6943731,EU1701
__import__.stock_production_lot_M919_6943754,2020-09-30 00:00:00,626,__import__.product_6943754,M919
__import__.stock_production_lot_997_6943760,2020-11-30 00:00:00,645,__import__.product_6943760,997
__import__.stock_production_lot_6HLJ_6946818,2020-08-31 00:00:00,659,__import__.product_6946818,6HLJ
__import__.stock_production_lot_6J8C_6946818,2020-08-31 00:00:00,520,__import__.product_6946818,6J8C
__import__.stock_production_lot_7C0843A_6948728,2019-03-13 00:00:00,491,__import__.product_6948728,7C0843A
__import__.stock_production_lot_7C0646B_6957147,2019-02-23 00:00:00,450,__import__.product_6957147,7C0646B
__import__.stock_production_lot_7C1080D_6957147,2019-04-04 00:00:00,210,__import__.product_6957147,7C1080D
__import__.stock_production_lot_7C1488B_6957615,2020-05-14 00:00:00,283,__import__.product_6957615,7C1488B
__import__.stock_production_lot_1599AFRA1_6959229,2020-07-31 00:00:00,573,__import__.product_6959229,1599AFRA1
__import__.stock_production_lot_7C2008B_6960758,2020-06-26 00:00:00,436,__import__.product_6960758,7C2008B
__import__.stock_production_lot_0171899_6964331,2019-06-30 00:00:00,686,__import__.product_6964331,0171899
__import__.stock_production_lot_0171206_6964383,2020-04-30 00:00:00,557,__import__.product_6964383,0171206
__import__.stock_production_lot_D7120333_6966169,2022-10-31 00:00:00,704,__import__.product_6966169,D7120333
__import__.stock_production_lot_D711D600_6966169,2022-10-31 00:00:00,774,__import__.product_6966169,D711D600
__import__.stock_production_lot_70611B_6969624,2020-06-30 00:00:00,302,__import__.product_6969624,70611B
__import__.stock_production_lot_7C1219G_6969759,2019-04-13 00:00:00,141,__import__.product_6969759,7C1219G
__import__.stock_production_lot_6C4300G_6969765,2018-12-16 00:00:00,769,__import__.product_6969765,6C4300G
__import__.stock_production_lot_7164_6969771,2020-04-30 00:00:00,461,__import__.product_6969771,7164
__import__.stock_production_lot_7C0072B_6971377,2019-01-06 00:00:00,957,__import__.product_6971377,7C0072B
__import__.stock_production_lot_893A1_6971489,2020-01-31 00:00:00,136,__import__.product_6971489,893A1
__import__.stock_production_lot_6FCJ_6971667,2019-06-30 00:00:00,781,__import__.product_6971667,6FCJ
__import__.stock_production_lot_6JWP_6971667,2019-09-30 00:00:00,311,__import__.product_6971667,6JWP
__import__.stock_production_lot_11016193_6975116,2018-09-30 00:00:00,250,__import__.product_6975116,11016193
__import__.stock_production_lot_XBPA_6978089,2021-10-31 00:00:00,574,__import__.product_6978089,XBPA
__import__.stock_production_lot_6J30A1_6979350,2019-10-31 00:00:00,109,__import__.product_6979350,6J30A1
__import__.stock_production_lot_EU1601_6980620,2020-05-31 00:00:00,546,__import__.product_6980620,EU1601
__import__.stock_production_lot_EU1701_6980620,2021-03-31 00:00:00,604,__import__.product_6980620,EU1701
__import__.stock_production_lot_76946300_6987869,2020-06-30 00:00:00,174,__import__.product_6987869,76946300
__import__.stock_production_lot_6J4F_6988892,2019-08-31 00:00:00,582,__import__.product_6988892,6J4F
__import__.stock_production_lot_6KML_6988892,2019-09-30 00:00:00,184,__import__.product_6988892,6KML
__import__.stock_production_lot_7C0695F_6989443,2019-02-28 00:00:00,781,__import__.product_6989443,7C0695F
__import__.stock_production_lot_1217AG_6994065,2020-02-15 00:00:00,111,__import__.product_6994065,1217AG
__import__.stock_production_lot_A031A01_6997916,2020-08-31 00:00:00,948,__import__.product_6997916,A031A01
__import__.stock_production_lot_17M08PV_7003800,2019-12-31 00:00:00,518,__import__.product_7003800,17M08PV
__import__.stock_production_lot_18C05PV_7003800,2020-03-31 00:00:00,605,__import__.product_7003800,18C05PV
__import__.stock_production_lot_T1710AR_7031966,2020-10-31 00:00:00,909,__import__.product_7031966,T1710AR
__import__.stock_production_lot_6PDZ_7040132,2022-01-31 00:00:00,461,__import__.product_7040132,6PDZ
__import__.stock_production_lot_170814_7058414,2021-07-31 00:00:00,779,__import__.product_7058414,170814
__import__.stock_production_lot_171024_7058414,2021-09-30 00:00:00,815,__import__.product_7058414,171024
__import__.stock_production_lot_1610BA0007_7080657,2019-10-31 00:00:00,766,__import__.product_7080657,1610BA0007
__import__.stock_production_lot_1707BA0147_7080657,2020-07-31 00:00:00,457,__import__.product_7080657,1707BA0147
__import__.stock_production_lot_1702BA0143_7080657,2020-02-28 00:00:00,425,__import__.product_7080657,1702BA0143
__import__.stock_production_lot_300919_7096600,2019-09-30 00:00:00,256,__import__.product_7096600,300919
__import__.stock_production_lot_803629_7102302,2023-01-01 00:00:00,967,__import__.product_7102302,803629
__import__.stock_production_lot_732437_7102302,2022-10-01 00:00:00,686,__import__.product_7102302,732437
__import__.stock_production_lot_710037_7105275,2022-04-01 00:00:00,387,__import__.product_7105275,710037
__import__.stock_production_lot_800867_7105275,2023-01-31 00:00:00,491,__import__.product_7105275,800867
__import__.stock_production_lot_J312401_7110003,2021-06-30 00:00:00,962,__import__.product_7110003,J312401
__import__.stock_production_lot_A150B01_7110007,2019-01-31 00:00:00,371,__import__.product_7110007,A150B01
__import__.stock_production_lot_A015A09_7110010,2019-12-31 00:00:00,466,__import__.product_7110010,A015A09
__import__.stock_production_lot_A225B01_7110014,2019-11-30 00:00:00,521,__import__.product_7110014,A225B01
__import__.stock_production_lot_A228A01_7110014,2020-02-28 00:00:00,250,__import__.product_7110014,A228A01
__import__.stock_production_lot_A229A01_7110014,2020-03-31 00:00:00,961,__import__.product_7110014,A229A01
__import__.stock_production_lot_1909081_7110020,2020-02-28 00:00:00,568,__import__.product_7110020,1909081
__import__.stock_production_lot_1886000_7110020,2019-10-31 00:00:00,420,__import__.product_7110020,1886000
__import__.stock_production_lot_197474_7110020,2020-09-30 00:00:00,540,__import__.product_7110020,197474
__import__.stock_production_lot_1974740_7110020,2020-09-30 00:00:00,657,__import__.product_7110020,1974740
__import__.stock_production_lot_A090E01_7110025,2019-10-31 00:00:00,176,__import__.product_7110025,A090E01
__import__.stock_production_lot_A068A02_7110032,2019-07-31 00:00:00,167,__import__.product_7110032,A068A02
__import__.stock_production_lot_A048AB05_7110035,2019-07-31 00:00:00,374,__import__.product_7110035,A048AB05
__import__.stock_production_lot_A049CB01_7110035,2020-09-30 00:00:00,925,__import__.product_7110035,A049CB01
__import__.stock_production_lot_A049DA03_7110036,2020-09-30 00:00:00,204,__import__.product_7110036,A049DA03
__import__.stock_production_lot_A504A01_7110038,2019-11-30 00:00:00,408,__import__.product_7110038,A504A01
__import__.stock_production_lot_A521A01_7110038,2020-04-30 00:00:00,981,__import__.product_7110038,A521A01
__import__.stock_production_lot_A048AD03_7110040,2019-07-31 00:00:00,229,__import__.product_7110040,A048AD03
__import__.stock_production_lot_A048AD04_7110040,2019-07-31 00:00:00,320,__import__.product_7110040,A048AD04
__import__.stock_production_lot_A05528_7116438,2018-05-28 00:00:00,517,__import__.product_7116438,A05528
__import__.stock_production_lot_A07318_7116438,2016-07-18 00:00:00,567,__import__.product_7116438,A07318
__import__.stock_production_lot_EU1704A_7139362,2019-09-30 00:00:00,137,__import__.product_7139362,EU1704A
__import__.stock_production_lot_LMR988_7140032,2022-10-31 00:00:00,783,__import__.product_7140032,LMR988
__import__.stock_production_lot_LK8BKDP0_7140310,2023-02-28 00:00:00,584,__import__.product_7140310,LK8BKDP0
__import__.stock_production_lot_LMB732_7140320,2022-10-31 00:00:00,915,__import__.product_7140320,LMB732
__import__.stock_production_lot_MAK941_7140422,2022-12-31 00:00:00,908,__import__.product_7140422,MAK941
__import__.stock_production_lot_MBK821_7140422,2023-01-31 00:00:00,807,__import__.product_7140422,MBK821
__import__.stock_production_lot_KG5GJHN_7140442,2021-11-30 00:00:00,592,__import__.product_7140442,KG5GJHN
__import__.stock_production_lot_LKM464_7140442,2022-08-31 00:00:00,200,__import__.product_7140442,LKM464
__import__.stock_production_lot_MCK649_7140442,2023-02-28 00:00:00,600,__import__.product_7140442,MCK649
__import__.stock_production_lot_LL8CJTP0_7140451,2023-03-31 00:00:00,119,__import__.product_7140451,LL8CJTP0
__import__.stock_production_lot_LJK509_7141305,2022-07-31 00:00:00,641,__import__.product_7141305,LJK509
__import__.stock_production_lot_LG7BGLM_7143115,2022-10-31 00:00:00,237,__import__.product_7143115,LG7BGLM
__import__.stock_production_lot_LMZ628_7143115,2022-10-31 00:00:00,369,__import__.product_7143115,LMZ628
__import__.stock_production_lot_LMK200_7143170,2022-10-31 00:00:00,205,__import__.product_7143170,LMK200
__import__.stock_production_lot_MBZ557_7143170,2023-01-31 00:00:00,154,__import__.product_7143170,MBZ557
__import__.stock_production_lot_LH8BMPE0_7144507,2022-12-31 00:00:00,002,__import__.product_7144507,LH8BMPE0
__import__.stock_production_lot_D4L0433X_7145443,2019-11-30 00:00:00,946,__import__.product_7145443,D4L0433X
__import__.stock_production_lot_745_7146604,2019-11-30 00:00:00,879,__import__.product_7146604,745
__import__.stock_production_lot_751_7146604,2019-12-31 00:00:00,984,__import__.product_7146604,751
__import__.stock_production_lot_743_7146605,2019-10-31 00:00:00,224,__import__.product_7146605,743
__import__.stock_production_lot_747_7146605,2019-11-30 00:00:00,645,__import__.product_7146605,747
__import__.stock_production_lot_807_7146605,2020-02-28 00:00:00,142,__import__.product_7146605,807
__import__.stock_production_lot_736_7146652,2019-09-30 00:00:00,362,__import__.product_7146652,736
__import__.stock_production_lot_LG8BZKP0_7149358,2022-11-30 00:00:00,961,__import__.product_7149358,LG8BZKP0
__import__.stock_production_lot_MB8GBCQ0_7149423,2023-07-31 00:00:00,005,__import__.product_7149423,MB8GBCQ0
__import__.stock_production_lot_KG8BWTP0_7149518,2021-11-30 00:00:00,980,__import__.product_7149518,KG8BWTP0
__import__.stock_production_lot_300919_7196348,2019-09-30 00:00:00,896,__import__.product_7196348,300919
__import__.stock_production_lot_301119_7196348,2019-11-30 00:00:00,406,__import__.product_7196348,301119
__import__.stock_production_lot_311019_7196443,2019-10-31 00:00:00,393,__import__.product_7196443,311019
__import__.stock_production_lot_311219_7196443,2019-12-31 00:00:00,503,__import__.product_7196443,311219
__import__.stock_production_lot_311019_7196466,2019-10-31 00:00:00,458,__import__.product_7196466,311019
__import__.stock_production_lot_311019_7196549,2019-10-31 00:00:00,585,__import__.product_7196549,311019
__import__.stock_production_lot_311019_7196555,2019-10-31 00:00:00,129,__import__.product_7196555,311019
__import__.stock_production_lot_280219_7196621,2019-02-28 00:00:00,456,__import__.product_7196621,280219
__import__.stock_production_lot_310719_7196621,2019-07-31 00:00:00,166,__import__.product_7196621,310719
__import__.stock_production_lot_311219_7196644,2019-12-31 00:00:00,797,__import__.product_7196644,311219
__import__.stock_production_lot_301119_7196650,2019-11-30 00:00:00,907,__import__.product_7196650,301119
__import__.stock_production_lot_300619_7196696,2019-06-30 00:00:00,351,__import__.product_7196696,300619
__import__.stock_production_lot_310819_7196696,2019-08-31 00:00:00,419,__import__.product_7196696,310819
__import__.stock_production_lot_300919_7196696,2019-09-30 00:00:00,920,__import__.product_7196696,300919
__import__.stock_production_lot_301119_7196696,2019-11-30 00:00:00,520,__import__.product_7196696,301119
__import__.stock_production_lot_300919_7196704,2019-09-30 00:00:00,256,__import__.product_7196704,300919
__import__.stock_production_lot_300919_7196822,2019-09-30 00:00:00,309,__import__.product_7196822,300919
__import__.stock_production_lot_301119_7196822,2019-11-30 00:00:00,219,__import__.product_7196822,301119
__import__.stock_production_lot_300419_7196874,2019-04-30 00:00:00,183,__import__.product_7196874,300419
__import__.stock_production_lot_310719_7196874,2019-07-31 00:00:00,796,__import__.product_7196874,310719
__import__.stock_production_lot_300419_7196880,2019-04-30 00:00:00,303,__import__.product_7196880,300419
__import__.stock_production_lot_310719_7196880,2019-07-31 00:00:00,212,__import__.product_7196880,310719
__import__.stock_production_lot_300919_7196880,2019-09-30 00:00:00,772,__import__.product_7196880,300919
__import__.stock_production_lot_310819_7196934,2019-08-31 00:00:00,716,__import__.product_7196934,310819
__import__.stock_production_lot_311019_7196934,2019-10-31 00:00:00,723,__import__.product_7196934,311019
__import__.stock_production_lot_301119_7196934,2019-11-30 00:00:00,924,__import__.product_7196934,301119
__import__.stock_production_lot_311019_7197017,2019-10-31 00:00:00,457,__import__.product_7197017,311019
__import__.stock_production_lot_300619_7197069,2019-06-30 00:00:00,639,__import__.product_7197069,300619
__import__.stock_production_lot_310719_7197069,2019-07-31 00:00:00,638,__import__.product_7197069,310719
__import__.stock_production_lot_301119_7197069,2019-11-30 00:00:00,108,__import__.product_7197069,301119
__import__.stock_production_lot_311019_7197106,2019-10-31 00:00:00,421,__import__.product_7197106,311019
__import__.stock_production_lot_300919_7197141,2019-09-30 00:00:00,427,__import__.product_7197141,300919
__import__.stock_production_lot_301119_7228315,2019-11-30 00:00:00,369,__import__.product_7228315,301119
__import__.stock_production_lot_JP2499_7230000,2019-07-31 00:00:00,791,__import__.product_7230000,JP2499
__import__.stock_production_lot_310519_7241333,2019-05-31 00:00:00,285,__import__.product_7241333,310519
__import__.stock_production_lot_311219_7241333,2019-12-31 00:00:00,154,__import__.product_7241333,311219
__import__.stock_production_lot_311219_7241356,2019-12-31 00:00:00,919,__import__.product_7241356,311219
__import__.stock_production_lot_17L23PR_7260218,2019-11-30 00:00:00,911,__import__.product_7260218,17L23PR
__import__.stock_production_lot_310819_7314003,2019-08-31 00:00:00,975,__import__.product_7314003,310819
__import__.stock_production_lot_301119_7314003,2019-11-30 00:00:00,976,__import__.product_7314003,301119
__import__.stock_production_lot_311019_7314026,2019-10-31 00:00:00,533,__import__.product_7314026,311019
__import__.stock_production_lot_311219_7314026,2019-12-31 00:00:00,347,__import__.product_7314026,311219
__import__.stock_production_lot_300919_7351518,2019-09-30 00:00:00,458,__import__.product_7351518,300919
__import__.stock_production_lot_311019_7351518,2019-10-31 00:00:00,978,__import__.product_7351518,311019
__import__.stock_production_lot_310319_7351524,2019-03-31 00:00:00,918,__import__.product_7351524,310319
__import__.stock_production_lot_311019_7351524,2019-10-31 00:00:00,338,__import__.product_7351524,311019
__import__.stock_production_lot_1706_7368001,2027-06-30 00:00:00,787,__import__.product_7368001,1706
__import__.stock_production_lot_1710_7368001,2027-10-31 00:00:00,336,__import__.product_7368001,1710
__import__.stock_production_lot_1607_7368012,2026-07-31 00:00:00,675,__import__.product_7368012,1607
__import__.stock_production_lot_1605_7368012,2026-05-31 00:00:00,404,__import__.product_7368012,1605
__import__.stock_production_lot_482017_7368944,2020-11-30 00:00:00,240,__import__.product_7368944,482017
__import__.stock_production_lot_18AP8_7368950,2021-02-28 00:00:00,190,__import__.product_7368950,18AP8
__import__.stock_production_lot_84308_7368967,2020-07-31 00:00:00,545,__import__.product_7368967,84308
__import__.stock_production_lot_134G1_7369004,2021-05-31 00:00:00,479,__import__.product_7369004,134G1
__import__.stock_production_lot_P038_7376464,2020-02-28 00:00:00,701,__import__.product_7376464,P038
__import__.stock_production_lot_18C20VC_7379592,2019-09-30 00:00:00,538,__import__.product_7379592,18C20VC
__import__.stock_production_lot_7F34403_7384001,2019-12-31 00:00:00,951,__import__.product_7384001,7F34403
__import__.stock_production_lot_311219_7416643,2019-12-31 00:00:00,948,__import__.product_7416643,311219
__import__.stock_production_lot_301119_7416666,2019-11-30 00:00:00,814,__import__.product_7416666,301119
__import__.stock_production_lot_310819_7416695,2019-08-31 00:00:00,388,__import__.product_7416695,310819
__import__.stock_production_lot_311019_7416695,2019-10-31 00:00:00,288,__import__.product_7416695,311019
__import__.stock_production_lot_301119_7416695,2019-11-30 00:00:00,589,__import__.product_7416695,301119
__import__.stock_production_lot_L425347_7420007,2020-03-19 00:00:00,337,__import__.product_7420007,L425347
__import__.stock_production_lot_L453125_7420008,2018-10-07 00:00:00,479,__import__.product_7420008,L453125
__import__.stock_production_lot_17ZLAE019_7420014,2019-03-31 00:00:00,969,__import__.product_7420014,17ZLAE019
__import__.stock_production_lot_18ZLAE021_7420014,2019-05-31 00:00:00,300,__import__.product_7420014,18ZLAE021
__import__.stock_production_lot_810084_7420017,2020-08-31 00:00:00,909,__import__.product_7420017,810084
__import__.stock_production_lot_810057_7420018,2020-08-31 00:00:00,995,__import__.product_7420018,810057
__import__.stock_production_lot_P20506BR_7420019,2019-04-30 00:00:00,354,__import__.product_7420019,P20506BR
__import__.stock_production_lot_M23128AX_7420020,2018-12-31 00:00:00,354,__import__.product_7420020,M23128AX
__import__.stock_production_lot_M22617AX_7420021,2018-11-30 00:00:00,909,__import__.product_7420021,M22617AX
__import__.stock_production_lot_P20107AX_7420021,2019-01-31 00:00:00,726,__import__.product_7420021,P20107AX
__import__.stock_production_lot_P21613AL_7420021,2019-11-30 00:00:00,250,__import__.product_7420021,P21613AL
__import__.stock_production_lot_P22001CX_7420022,2019-11-30 00:00:00,379,__import__.product_7420022,P22001CX
__import__.stock_production_lot_R21309BX_7420022,2020-07-31 00:00:00,971,__import__.product_7420022,R21309BX
__import__.stock_production_lot_S202114BW_7420022,2021-01-31 00:00:00,899,__import__.product_7420022,S202114BW
__import__.stock_production_lot_ELP0321C_7420023,2019-10-31 00:00:00,513,__import__.product_7420023,ELP0321C
__import__.stock_production_lot_EMP0381F_7420024,2019-07-31 00:00:00,314,__import__.product_7420024,EMP0381F
__import__.stock_production_lot_ECP0301H_7420025,2019-10-31 00:00:00,363,__import__.product_7420025,ECP0301H
__import__.stock_production_lot_ERR0151L_7420026,2019-12-31 00:00:00,911,__import__.product_7420026,ERR0151L
__import__.stock_production_lot_ERP0141LA_7420026,2019-06-30 00:00:00,550,__import__.product_7420026,ERP0141LA
__import__.stock_production_lot_EPP0151BB_7420027,2019-10-31 00:00:00,756,__import__.product_7420027,EPP0151BB
__import__.stock_production_lot_ATR195BE_7420028,2020-07-31 00:00:00,672,__import__.product_7420028,ATR195BE
__import__.stock_production_lot_P20603AR_7420029,2019-04-30 00:00:00,651,__import__.product_7420029,P20603AR
__import__.stock_production_lot_R21706AR_7420029,2020-09-30 00:00:00,900,__import__.product_7420029,R21706AR
__import__.stock_production_lot_R49201B_7420032,2020-03-31 00:00:00,402,__import__.product_7420032,R49201B
__import__.stock_production_lot_R40419AW_7420035,2020-02-28 00:00:00,810,__import__.product_7420035,R40419AW
__import__.stock_production_lot_S40205CW_7420035,2020-12-31 00:00:00,632,__import__.product_7420035,S40205CW
__import__.stock_production_lot_R60803AL_7420036,2020-03-31 00:00:00,260,__import__.product_7420036,R60803AL
__import__.stock_production_lot_R62502AL_7420037,2020-11-30 00:00:00,233,__import__.product_7420037,R62502AL
__import__.stock_production_lot_R61109CR_7420038,2020-03-31 00:00:00,280,__import__.product_7420038,R61109CR
__import__.stock_production_lot_P60108AR_7420039,2019-01-31 00:00:00,308,__import__.product_7420039,P60108AR
__import__.stock_production_lot_17ZLAD011_7420114,2019-03-31 00:00:00,122,__import__.product_7420114,17ZLAD011
__import__.stock_production_lot_311218_7437036,2018-12-31 00:00:00,913,__import__.product_7437036,311218
__import__.stock_production_lot_311218_7437042,2018-12-31 00:00:00,554,__import__.product_7437042,311218
__import__.stock_production_lot_280219_7437042,2019-02-28 00:00:00,953,__import__.product_7437042,280219
__import__.stock_production_lot_311218_7437071,2018-12-31 00:00:00,739,__import__.product_7437071,311218
__import__.stock_production_lot_310319_7437071,2019-03-31 00:00:00,549,__import__.product_7437071,310319
__import__.stock_production_lot_311219_7437119,2019-12-31 00:00:00,847,__import__.product_7437119,311219
__import__.stock_production_lot_BP049_7445484,2019-02-28 00:00:00,169,__import__.product_7445484,BP049
__import__.stock_production_lot_311019_7464642,2019-10-31 00:00:00,866,__import__.product_7464642,311019
__import__.stock_production_lot_301119_7464642,2019-11-30 00:00:00,274,__import__.product_7464642,301119
__import__.stock_production_lot_18C31V8209_7483993,2023-02-28 00:00:00,820,__import__.product_7483993,18C31V8209
__import__.stock_production_lot_0739675G_7505500,2019-02-28 00:00:00,437,__import__.product_7505500,0739675G
__import__.stock_production_lot_C801030C_7505842,2019-01-31 00:00:00,374,__import__.product_7505842,C801030C
__import__.stock_production_lot_C773362_7505850,2018-10-31 00:00:00,821,__import__.product_7505850,C773362
__import__.stock_production_lot_323344_7517918,2020-09-30 00:00:00,237,__import__.product_7517918,323344
__import__.stock_production_lot_301119_7520895,2019-11-30 00:00:00,784,__import__.product_7520895,301119
__import__.stock_production_lot_86949_7534408,2021-01-31 00:00:00,439,__import__.product_7534408,86949
__import__.stock_production_lot_ZAM02901_7536956,2020-09-30 00:00:00,816,__import__.product_7536956,ZAM02901
__import__.stock_production_lot_RK06B_7547090,2019-11-30 00:00:00,240,__import__.product_7547090,RK06B
__import__.stock_production_lot_3009317_7565633,2019-04-30 00:00:00,138,__import__.product_7565633,3009317
__import__.stock_production_lot_3307118_7565633,2020-03-31 00:00:00,763,__import__.product_7565633,3307118
__import__.stock_production_lot_M1704D_7568287,2020-04-30 00:00:00,167,__import__.product_7568287,M1704D
__import__.stock_production_lot_M1709B_7568287,2020-09-30 00:00:00,297,__import__.product_7568287,M1709B
__import__.stock_production_lot_7F21531_7640240,2020-07-31 00:00:00,543,__import__.product_7640240,7F21531
__import__.stock_production_lot_F1728901_7672441,2019-10-31 00:00:00,377,__import__.product_7672441,F1728901
__import__.stock_production_lot_F1732701_7672441,2019-11-30 00:00:00,498,__import__.product_7672441,F1732701
__import__.stock_production_lot_F1802506_7672441,2020-01-31 00:00:00,342,__import__.product_7672441,F1802506
__import__.stock_production_lot_F1810001_7672441,2020-04-30 00:00:00,622,__import__.product_7672441,F1810001
__import__.stock_production_lot_201704_7693360,2019-10-31 00:00:00,763,__import__.product_7693360,201704
__import__.stock_production_lot_DERBACO25_7745013,2019-05-31 00:00:00,635,__import__.product_7745013,DERBACO25
__import__.stock_production_lot_DERFUN023_7745014,2019-01-31 00:00:00,873,__import__.product_7745014,DERFUN023
__import__.stock_production_lot_DERFUN025_7745014,2020-06-30 00:00:00,557,__import__.product_7745014,DERFUN025
__import__.stock_production_lot_DERSEB016_7745015,2018-09-30 00:00:00,539,__import__.product_7745015,DERSEB016
__import__.stock_production_lot_DERSEB017_7745015,2020-06-30 00:00:00,646,__import__.product_7745015,DERSEB017
__import__.stock_production_lot_DERFILM023_7745016,2019-01-31 00:00:00,517,__import__.product_7745016,DERFILM023
__import__.stock_production_lot_105240_7745017,2019-11-30 00:00:00,228,__import__.product_7745017,105240
__import__.stock_production_lot_105245_7745019,2019-12-31 00:00:00,417,__import__.product_7745019,105245
__import__.stock_production_lot_105244_7745020,2019-12-31 00:00:00,330,__import__.product_7745020,105244
__import__.stock_production_lot_105367_7745020,2020-05-31 00:00:00,880,__import__.product_7745020,105367
__import__.stock_production_lot_56013T2_7745051,2021-09-30 00:00:00,572,__import__.product_7745051,56013T2
__import__.stock_production_lot_57278T1_7745051,2022-06-30 00:00:00,183,__import__.product_7745051,57278T1
__import__.stock_production_lot_3024217_7752447,2019-08-31 00:00:00,908,__import__.product_7752447,3024217
__import__.stock_production_lot_3200818_7752447,2020-01-31 00:00:00,187,__import__.product_7752447,3200818
__import__.stock_production_lot_3110618_7752447,2020-04-30 00:00:00,339,__import__.product_7752447,3110618
__import__.stock_production_lot_7C1260M_7760203,2019-04-20 00:00:00,525,__import__.product_7760203,7C1260M
__import__.stock_production_lot_73101D_7760208,2020-11-06 00:00:00,782,__import__.product_7760208,73101D
__import__.stock_production_lot_17L05_7760217,2020-11-30 00:00:00,619,__import__.product_7760217,17L05
__import__.stock_production_lot_18A18_7760218,2020-12-31 00:00:00,228,__import__.product_7760218,18A18
__import__.stock_production_lot_18B15_7760218,2020-12-31 00:00:00,528,__import__.product_7760218,18B15
__import__.stock_production_lot_7C1260L_7760220,2019-04-20 00:00:00,523,__import__.product_7760220,7C1260L
__import__.stock_production_lot_7C3363G_7760220,2019-11-29 00:00:00,241,__import__.product_7760220,7C3363G
__import__.stock_production_lot_17J069_7760300,2020-10-31 00:00:00,939,__import__.product_7760300,17J069
__import__.stock_production_lot_0171193_7760301,2019-04-30 00:00:00,137,__import__.product_7760301,0171193
__import__.stock_production_lot_17A11_7760306,2019-01-31 00:00:00,755,__import__.product_7760306,17A11
__import__.stock_production_lot_17F02_7760306,2019-06-30 00:00:00,177,__import__.product_7760306,17F02
__import__.stock_production_lot_17F12_7760306,2019-06-30 00:00:00,707,__import__.product_7760306,17F12
__import__.stock_production_lot_17D03_7760307,2019-04-30 00:00:00,169,__import__.product_7760307,17D03
__import__.stock_production_lot_18A03_7760307,2020-01-31 00:00:00,325,__import__.product_7760307,18A03
__import__.stock_production_lot_1133817_7760331,2019-12-31 00:00:00,735,__import__.product_7760331,1133817
__import__.stock_production_lot_17H10B_7760333,2020-08-31 00:00:00,728,__import__.product_7760333,17H10B
__import__.stock_production_lot_18B05E1A_7760333,2021-02-28 00:00:00,187,__import__.product_7760333,18B05E1A
__import__.stock_production_lot_17H10B_7760334,2020-08-31 00:00:00,495,__import__.product_7760334,17H10B
__import__.stock_production_lot_18B05E1A_7760334,2021-02-28 00:00:00,474,__import__.product_7760334,18B05E1A
__import__.stock_production_lot_18B05E1A_7760335,2021-02-28 00:00:00,110,__import__.product_7760335,18B05E1A
__import__.stock_production_lot_17F03_7760336,2022-06-30 00:00:00,146,__import__.product_7760336,17F03
__import__.stock_production_lot_16E23_7760338,2021-05-31 00:00:00,879,__import__.product_7760338,16E23
__import__.stock_production_lot_17F22_7760338,2022-06-30 00:00:00,870,__import__.product_7760338,17F22
__import__.stock_production_lot_13G04_7760339,2018-07-31 00:00:00,572,__import__.product_7760339,13G04
__import__.stock_production_lot_15D25_7760339,2020-04-30 00:00:00,500,__import__.product_7760339,15D25
__import__.stock_production_lot_17I01_7760340,2022-09-30 00:00:00,210,__import__.product_7760340,17I01
__import__.stock_production_lot_17L01_7760340,2022-09-30 00:00:00,400,__import__.product_7760340,17L01
__import__.stock_production_lot_17A10_7760341,2022-01-31 00:00:00,948,__import__.product_7760341,17A10
__import__.stock_production_lot_0616717_7760342,2020-07-31 00:00:00,124,__import__.product_7760342,0616717
__import__.stock_production_lot_17E16_7760344,2019-05-31 00:00:00,664,__import__.product_7760344,17E16
__import__.stock_production_lot_17E17_7760345,2019-05-31 00:00:00,586,__import__.product_7760345,17E17
__import__.stock_production_lot_17H07_7760345,2019-08-31 00:00:00,115,__import__.product_7760345,17H07
__import__.stock_production_lot_176830H_7762262,2019-01-02 00:00:00,809,__import__.product_7762262,176830H
__import__.stock_production_lot_176829C_7762262,2019-01-31 00:00:00,791,__import__.product_7762262,176829C
__import__.stock_production_lot_177253E_7762262,2019-04-16 00:00:00,109,__import__.product_7762262,177253E
__import__.stock_production_lot_V10118C02_7764001,2019-03-31 00:00:00,956,__import__.product_7764001,V10118C02
__import__.stock_production_lot_V10118E04_7764001,2019-05-31 00:00:00,817,__import__.product_7764001,V10118E04
__import__.stock_production_lot_V10118F05_7764001,2019-06-30 00:00:00,366,__import__.product_7764001,V10118F05
__import__.stock_production_lot_V70118E11_7764004,2019-05-31 00:00:00,489,__import__.product_7764004,V70118E11
__import__.stock_production_lot_V20418A22_7764007,2020-01-31 00:00:00,749,__import__.product_7764007,V20418A22
__import__.stock_production_lot_V10318C05_7764009,2019-09-30 00:00:00,461,__import__.product_7764009,V10318C05
__import__.stock_production_lot_V10318E04_7764009,2019-11-30 00:00:00,569,__import__.product_7764009,V10318E04
__import__.stock_production_lot_V10517K03_7764010,2019-05-31 00:00:00,803,__import__.product_7764010,V10517K03
__import__.stock_production_lot_V10518A10_7764010,2019-07-31 00:00:00,643,__import__.product_7764010,V10518A10
__import__.stock_production_lot_V70318A18_7764014,2019-01-31 00:00:00,995,__import__.product_7764014,V70318A18
__import__.stock_production_lot_V30817H14_7764016,2019-08-31 00:00:00,894,__import__.product_7764016,V30817H14
__import__.stock_production_lot_V30818D11_7764016,2020-04-30 00:00:00,644,__import__.product_7764016,V30818D11
__import__.stock_production_lot_V30518A25_7764018,2020-01-31 00:00:00,198,__import__.product_7764018,V30518A25
__import__.stock_production_lot_V20318B22_7764022,2019-08-31 00:00:00,883,__import__.product_7764022,V20318B22
__import__.stock_production_lot_V20318D24_7764022,2019-10-31 00:00:00,451,__import__.product_7764022,V20318D24
__import__.stock_production_lot_V20118B01_7764025,2019-08-31 00:00:00,418,__import__.product_7764025,V20118B01
__import__.stock_production_lot_V20118E07_7764025,2019-11-30 00:00:00,177,__import__.product_7764025,V20118E07
__import__.stock_production_lot_V30418A05_7764030,2020-01-31 00:00:00,676,__import__.product_7764030,V30418A05
__import__.stock_production_lot_V60218C02_7764031,2020-03-31 00:00:00,480,__import__.product_7764031,V60218C02
__import__.stock_production_lot_V60218F12_7764031,2020-06-30 00:00:00,568,__import__.product_7764031,V60218F12
__import__.stock_production_lot_V98018D03_7764032,2019-10-31 00:00:00,106,__import__.product_7764032,V98018D03
__import__.stock_production_lot_P21118D10_7764033,2020-04-30 00:00:00,833,__import__.product_7764033,P21118D10
__import__.stock_production_lot_P52118B07_7764035,2020-02-28 00:00:00,531,__import__.product_7764035,P52118B07
__import__.stock_production_lot_V30917L08_7764036,2019-12-31 00:00:00,253,__import__.product_7764036,V30917L08
__import__.stock_production_lot_V99018C02_7764037,2019-09-30 00:00:00,718,__import__.product_7764037,V99018C02
__import__.stock_production_lot_V99018E14_7764037,2019-11-30 00:00:00,134,__import__.product_7764037,V99018E14
__import__.stock_production_lot_V30718A25_7764041,2020-01-31 00:00:00,425,__import__.product_7764041,V30718A25
__import__.stock_production_lot_V97918D03_7764042,2019-10-31 00:00:00,280,__import__.product_7764042,V97918D03
__import__.stock_production_lot_V97918F01_7764042,2019-12-31 00:00:00,629,__import__.product_7764042,V97918F01
__import__.stock_production_lot_V30318A03_7764044,2020-01-31 00:00:00,636,__import__.product_7764044,V30318A03
__import__.stock_production_lot_V30318D12_7764044,2020-04-30 00:00:00,154,__import__.product_7764044,V30318D12
__import__.stock_production_lot_V91018B06_7764049,2020-02-28 00:00:00,827,__import__.product_7764049,V91018B06
__import__.stock_production_lot_V96018C02_7764054,2020-03-31 00:00:00,219,__import__.product_7764054,V96018C02
__import__.stock_production_lot_V96018E09_7764054,2020-05-31 00:00:00,118,__import__.product_7764054,V96018E09
__import__.stock_production_lot_P22218D05_7764058,2020-04-30 00:00:00,257,__import__.product_7764058,P22218D05
__import__.stock_production_lot_V20518A22_7764059,2020-01-31 00:00:00,242,__import__.product_7764059,V20518A22
__import__.stock_production_lot_V20518E04_7764059,2020-05-31 00:00:00,614,__import__.product_7764059,V20518E04
__import__.stock_production_lot_V21918D06_7764061,2020-04-30 00:00:00,614,__import__.product_7764061,V21918D06
__import__.stock_production_lot_V21918F19_7764061,2020-06-30 00:00:00,614,__import__.product_7764061,V21918F19
__import__.stock_production_lot_V31718B13_7764063,2020-02-28 00:00:00,788,__import__.product_7764063,V31718B13
__import__.stock_production_lot_P22518A11_7764066,2020-01-31 00:00:00,251,__import__.product_7764066,P22518A11
__import__.stock_production_lot_P31818A05_7764067,2020-01-31 00:00:00,142,__import__.product_7764067,P31818A05
__import__.stock_production_lot_V70218C09_7764070,2019-03-31 00:00:00,638,__import__.product_7764070,V70218C09
__import__.stock_production_lot_V97718C06_7764072,2020-03-31 00:00:00,421,__import__.product_7764072,V97718C06
__import__.stock_production_lot_V46018D05_7764073,2020-04-30 00:00:00,834,__import__.product_7764073,V46018D05
__import__.stock_production_lot_V23018B15_7764078,2021-02-28 00:00:00,902,__import__.product_7764078,V23018B15
__import__.stock_production_lot_V97818C06_7764079,2020-03-31 00:00:00,118,__import__.product_7764079,V97818C06
__import__.stock_production_lot_P46118E02_7764081,2020-05-31 00:00:00,651,__import__.product_7764081,P46118E02
__import__.stock_production_lot_P31318C13_7764313,2020-03-31 00:00:00,876,__import__.product_7764313,P31318C13
__import__.stock_production_lot_V41618B15_7764416,2021-02-28 00:00:00,926,__import__.product_7764416,V41618B15
__import__.stock_production_lot_P52018B07_7764520,2020-02-28 00:00:00,744,__import__.product_7764520,P52018B07
__import__.stock_production_lot_252218_7769905,2021-10-27 00:00:00,121,__import__.product_7769905,252218
__import__.stock_production_lot_253463_7769905,2022-04-09 00:00:00,149,__import__.product_7769905,253463
__import__.stock_production_lot_3210618_7796462,2020-04-30 00:00:00,372,__import__.product_7796462,3210618
__import__.stock_production_lot_311019_7829453,2019-10-31 00:00:00,853,__import__.product_7829453,311019
__import__.stock_production_lot_311219_7829453,2019-12-31 00:00:00,453,__import__.product_7829453,311219
__import__.stock_production_lot_EU1707_7863968,2019-06-30 00:00:00,588,__import__.product_7863968,EU1707
__import__.stock_production_lot_301119_7865039,2019-11-30 00:00:00,544,__import__.product_7865039,301119
__import__.stock_production_lot_311219_7865045,2019-12-31 00:00:00,477,__import__.product_7865045,311219
__import__.stock_production_lot_311019_7865046,2019-10-31 00:00:00,119,__import__.product_7865046,311019
__import__.stock_production_lot_300420_7865046,2020-04-30 00:00:00,837,__import__.product_7865046,300420
__import__.stock_production_lot_310320_7865048,2020-03-31 00:00:00,352,__import__.product_7865048,310320
__import__.stock_production_lot_310520_7865048,2020-05-31 00:00:00,152,__import__.product_7865048,310520
__import__.stock_production_lot_381A3_7910009,2018-12-31 00:00:00,550,__import__.product_7910009,381A3
__import__.stock_production_lot_403A5_7910009,2020-10-31 00:00:00,648,__import__.product_7910009,403A5
__import__.stock_production_lot_388A10_7910010,2019-06-30 00:00:00,419,__import__.product_7910010,388A10
__import__.stock_production_lot_397A7_7910010,2020-03-30 00:00:00,196,__import__.product_7910010,397A7
__import__.stock_production_lot_398A2_7910018,2020-05-31 00:00:00,868,__import__.product_7910018,398A2
__import__.stock_production_lot_7013_7910033,2022-01-31 00:00:00,382,__import__.product_7910033,7013
__import__.stock_production_lot_7013_7910034,2022-01-31 00:00:00,935,__import__.product_7910034,7013
__import__.stock_production_lot_1653A1_7910041,2019-02-28 00:00:00,812,__import__.product_7910041,1653A1
__import__.stock_production_lot_1757AA_7910041,2019-09-30 00:00:00,680,__import__.product_7910041,1757AA
__import__.stock_production_lot_373A1_7910047,2019-11-01 00:00:00,942,__import__.product_7910047,373A1
__import__.stock_production_lot_372A1_7910047,2019-01-11 00:00:00,570,__import__.product_7910047,372A1
__import__.stock_production_lot_371A4_7910048,2019-11-30 00:00:00,751,__import__.product_7910048,371A4
__import__.stock_production_lot_372A2_7910048,2019-01-11 00:00:00,569,__import__.product_7910048,372A2
__import__.stock_production_lot_374A1_7910048,2019-12-31 00:00:00,242,__import__.product_7910048,374A1
__import__.stock_production_lot_362A2_7910050,2019-06-30 00:00:00,745,__import__.product_7910050,362A2
__import__.stock_production_lot_368A3_7910050,2019-01-09 00:00:00,893,__import__.product_7910050,368A3
__import__.stock_production_lot_8776_7910055,2020-02-28 00:00:00,312,__import__.product_7910055,8776
__import__.stock_production_lot_18C02_7911305,2020-03-31 00:00:00,475,__import__.product_7911305,18C02
__import__.stock_production_lot_18D13_7911305,2020-04-30 00:00:00,933,__import__.product_7911305,18D13
__import__.stock_production_lot_17L08_7911402,2019-12-31 00:00:00,382,__import__.product_7911402,17L08
__import__.stock_production_lot_18D13_7911402,2020-04-30 00:00:00,447,__import__.product_7911402,18D13
__import__.stock_production_lot_174930_7911779,2019-12-07 00:00:00,420,__import__.product_7911779,174930
__import__.stock_production_lot_181530_7911779,2020-04-09 00:00:00,140,__import__.product_7911779,181530
__import__.stock_production_lot_18C02_7913505,2019-09-30 00:00:00,303,__import__.product_7913505,18C02
__import__.stock_production_lot_18D13_7913505,2019-10-31 00:00:00,363,__import__.product_7913505,18D13
__import__.stock_production_lot_7416_7915000,2019-08-31 00:00:00,860,__import__.product_7915000,7416
__import__.stock_production_lot_L2017H28_7915001,2022-08-31 00:00:00,286,__import__.product_7915001,L2017H28
__import__.stock_production_lot_7419_7915015,2019-08-31 00:00:00,776,__import__.product_7915015,7419
__import__.stock_production_lot_8427_7915015,2020-01-31 00:00:00,145,__import__.product_7915015,8427
__import__.stock_production_lot_7074811_7917100,2022-12-31 00:00:00,966,__import__.product_7917100,7074811
__import__.stock_production_lot_8070811_7917100,2023-02-28 00:00:00,868,__import__.product_7917100,8070811
__import__.stock_production_lot_8071011_7917101,2020-02-29 00:00:00,688,__import__.product_7917101,8071011
__import__.stock_production_lot_18C02_7920002,2023-03-31 00:00:00,878,__import__.product_7920002,18C02
__import__.stock_production_lot_17G03_7920004,2022-07-31 00:00:00,570,__import__.product_7920004,17G03
__import__.stock_production_lot_18D13_7920005,2023-04-30 00:00:00,802,__import__.product_7920005,18D13
__import__.stock_production_lot_17I15_7920006,2022-09-30 00:00:00,633,__import__.product_7920006,17I15
__import__.stock_production_lot_17F02_7920007,2022-06-30 00:00:00,210,__import__.product_7920007,17F02
__import__.stock_production_lot_18C02_7920007,2023-03-31 00:00:00,356,__import__.product_7920007,18C02
__import__.stock_production_lot_17L08_7920008,2022-12-31 00:00:00,199,__import__.product_7920008,17L08
__import__.stock_production_lot_18D13_7920008,2023-04-30 00:00:00,450,__import__.product_7920008,18D13
__import__.stock_production_lot_18D13_7920009,2023-04-30 00:00:00,558,__import__.product_7920009,18D13
__import__.stock_production_lot_1030AH_7920010,2022-09-30 00:00:00,273,__import__.product_7920010,1030AH
__import__.stock_production_lot_18C02_7920010,2023-03-31 00:00:00,601,__import__.product_7920010,18C02
__import__.stock_production_lot_17D14_7920011,2022-04-30 00:00:00,272,__import__.product_7920011,17D14
__import__.stock_production_lot_18C02_7920011,2023-03-31 00:00:00,602,__import__.product_7920011,18C02
__import__.stock_production_lot_17I15_7920012,2022-09-30 00:00:00,326,__import__.product_7920012,17I15
__import__.stock_production_lot_17L08_7920012,2022-12-31 00:00:00,362,__import__.product_7920012,17L08
__import__.stock_production_lot_18D13_7920012,2023-04-30 00:00:00,606,__import__.product_7920012,18D13
__import__.stock_production_lot_17G03_7920013,2022-07-31 00:00:00,133,__import__.product_7920013,17G03
__import__.stock_production_lot_18D13_7920013,2023-04-30 00:00:00,621,__import__.product_7920013,18D13
__import__.stock_production_lot_18C02_7920014,2023-03-31 00:00:00,964,__import__.product_7920014,18C02
__import__.stock_production_lot_18D13_7920014,2023-04-30 00:00:00,136,__import__.product_7920014,18D13
__import__.stock_production_lot_17L08_7920015,2022-12-31 00:00:00,522,__import__.product_7920015,17L08
__import__.stock_production_lot_18C02_7920016,2023-03-31 00:00:00,565,__import__.product_7920016,18C02
__import__.stock_production_lot_18E18_7920016,2023-05-31 00:00:00,846,__import__.product_7920016,18E18
__import__.stock_production_lot_17D14_7920020,2022-04-30 00:00:00,595,__import__.product_7920020,17D14
__import__.stock_production_lot_17L08_7920021,2022-12-31 00:00:00,445,__import__.product_7920021,17L08
__import__.stock_production_lot_18D13_7920021,2023-04-30 00:00:00,644,__import__.product_7920021,18D13
__import__.stock_production_lot_18C02_7920022,2023-03-31 00:00:00,642,__import__.product_7920022,18C02
__import__.stock_production_lot_17L08_7920023,2022-12-31 00:00:00,637,__import__.product_7920023,17L08
__import__.stock_production_lot_18C02_7920035,2020-03-31 00:00:00,875,__import__.product_7920035,18C02
__import__.stock_production_lot_18D13_7920035,2020-04-30 00:00:00,933,__import__.product_7920035,18D13
__import__.stock_production_lot_18D13_7920036,2020-04-30 00:00:00,855,__import__.product_7920036,18D13
__import__.stock_production_lot_18C02_7920037,2020-03-31 00:00:00,591,__import__.product_7920037,18C02
__import__.stock_production_lot_18D13_7920037,2020-04-30 00:00:00,363,__import__.product_7920037,18D13
__import__.stock_production_lot_18C02_7920038,2020-03-31 00:00:00,316,__import__.product_7920038,18C02
__import__.stock_production_lot_18D13_7920038,2020-04-30 00:00:00,605,__import__.product_7920038,18D13
__import__.stock_production_lot_18C02_7920039,2020-03-31 00:00:00,424,__import__.product_7920039,18C02
__import__.stock_production_lot_18D13_7920039,2020-04-30 00:00:00,613,__import__.product_7920039,18D13
__import__.stock_production_lot_18D13_7920040,2020-04-30 00:00:00,518,__import__.product_7920040,18D13
__import__.stock_production_lot_17I15_7920046,2022-09-30 00:00:00,765,__import__.product_7920046,17I15
__import__.stock_production_lot_18C02_7920046,2023-03-31 00:00:00,766,__import__.product_7920046,18C02
__import__.stock_production_lot_17L08_7920047,2022-12-31 00:00:00,412,__import__.product_7920047,17L08
__import__.stock_production_lot_17L08_7920049,2019-12-31 00:00:00,491,__import__.product_7920049,17L08
__import__.stock_production_lot_18C02_7920049,2020-03-31 00:00:00,191,__import__.product_7920049,18C02
__import__.stock_production_lot_18D13_7920049,2020-04-30 00:00:00,149,__import__.product_7920049,18D13
__import__.stock_production_lot_17D14_7920050,2022-04-30 00:00:00,561,__import__.product_7920050,17D14
__import__.stock_production_lot_18C02_7920050,2023-03-31 00:00:00,722,__import__.product_7920050,18C02
__import__.stock_production_lot_18D13_7920051,2023-04-30 00:00:00,214,__import__.product_7920051,18D13
__import__.stock_production_lot_16G01_7920055,2021-07-31 00:00:00,309,__import__.product_7920055,16G01
__import__.stock_production_lot_17I15_7920056,2019-09-30 00:00:00,691,__import__.product_7920056,17I15
__import__.stock_production_lot_17L08_7920056,2019-12-31 00:00:00,902,__import__.product_7920056,17L08
__import__.stock_production_lot_18D13_7920056,2020-04-30 00:00:00,771,__import__.product_7920056,18D13
__import__.stock_production_lot_170714_7920057,2022-06-30 00:00:00,503,__import__.product_7920057,170714
__import__.stock_production_lot_170909_7920057,2022-08-31 00:00:00,887,__import__.product_7920057,170909
__import__.stock_production_lot_18D13_7920149,2020-04-30 00:00:00,271,__import__.product_7920149,18D13
__import__.stock_production_lot_18D13_7920156,2020-04-30 00:00:00,405,__import__.product_7920156,18D13
__import__.stock_production_lot_17L08_7923020,2022-12-31 00:00:00,763,__import__.product_7923020,17L08
__import__.stock_production_lot_17I15_7923070,2022-09-30 00:00:00,229,__import__.product_7923070,17I15
__import__.stock_production_lot_17L08_7923070,2022-12-31 00:00:00,337,__import__.product_7923070,17L08
__import__.stock_production_lot_745_7924058,2021-10-31 00:00:00,390,__import__.product_7924058,745
__import__.stock_production_lot_803_7924058,2021-12-31 00:00:00,934,__import__.product_7924058,803
__import__.stock_production_lot_17I15_7927030,2022-09-30 00:00:00,258,__import__.product_7927030,17I15
__import__.stock_production_lot_18171P0001_7930121,2023-04-30 00:00:00,590,__import__.product_7930121,18171P0001
__import__.stock_production_lot_56358_7933605,2019-02-28 00:00:00,270,__import__.product_7933605,56358
__import__.stock_production_lot_17DZ7_7939967,2020-09-30 00:00:00,963,__import__.product_7939967,17DZ7
__import__.stock_production_lot_322896_7956747,2020-08-31 00:00:00,671,__import__.product_7956747,322896
__import__.stock_production_lot_M557_7965930,2019-07-31 00:00:00,973,__import__.product_7965930,M557
__import__.stock_production_lot_314450_7969001,2020-01-31 00:00:00,215,__import__.product_7969001,314450
__import__.stock_production_lot_371858_7969004,2019-09-30 00:00:00,456,__import__.product_7969004,371858
__import__.stock_production_lot_380832_7969004,2020-04-30 00:00:00,326,__import__.product_7969004,380832
__import__.stock_production_lot_487544_7969005,2022-02-28 00:00:00,405,__import__.product_7969005,487544
__import__.stock_production_lot_507601_7969006,2020-07-31 00:00:00,818,__import__.product_7969006,507601
__import__.stock_production_lot_729833_7969006,2020-10-31 00:00:00,537,__import__.product_7969006,729833
__import__.stock_production_lot_W22905_7974455,2019-08-31 00:00:00,677,__import__.product_7974455,W22905
__import__.stock_production_lot_A05307_7974478,2021-01-31 00:00:00,463,__import__.product_7974478,A05307
__import__.stock_production_lot_17066_7976371,2020-02-28 00:00:00,919,__import__.product_7976371,17066
__import__.stock_production_lot_17170_7976371,2020-06-30 00:00:00,832,__import__.product_7976371,17170
__import__.stock_production_lot_180402_8000034,2023-03-31 00:00:00,173,__import__.product_8000034,180402
__import__.stock_production_lot_180422_8000034,2023-03-31 00:00:00,644,__import__.product_8000034,180422
__import__.stock_production_lot_171208_8000040,2022-11-30 00:00:00,162,__import__.product_8000040,171208
__import__.stock_production_lot_170421_8000057,2022-03-31 00:00:00,219,__import__.product_8000057,170421
__import__.stock_production_lot_171009_8000063,2022-09-30 00:00:00,594,__import__.product_8000063,171009
__import__.stock_production_lot_171102_8000092,2022-10-31 00:00:00,457,__import__.product_8000092,171102
__import__.stock_production_lot_180209_8000092,2023-01-31 00:00:00,628,__import__.product_8000092,180209
__import__.stock_production_lot_170909_8000100,2022-08-31 00:00:00,871,__import__.product_8000100,170909
__import__.stock_production_lot_180217_8000117,2023-01-31 00:00:00,454,__import__.product_8000117,180217
__import__.stock_production_lot_170206_8000123,2022-01-31 00:00:00,502,__import__.product_8000123,170206
__import__.stock_production_lot_171217_8000152,2022-11-30 00:00:00,341,__import__.product_8000152,171217
__import__.stock_production_lot_180230_8000152,2023-01-31 00:00:00,845,__import__.product_8000152,180230
__import__.stock_production_lot_170708_8000154,2022-06-30 00:00:00,131,__import__.product_8000154,170708
__import__.stock_production_lot_180103_8000169,2022-12-31 00:00:00,306,__import__.product_8000169,180103
__import__.stock_production_lot_180412_8000169,2023-03-31 00:00:00,591,__import__.product_8000169,180412
__import__.stock_production_lot_180113_8000175,2022-12-31 00:00:00,956,__import__.product_8000175,180113
__import__.stock_production_lot_180315_8000175,2023-02-28 00:00:00,108,__import__.product_8000175,180315
__import__.stock_production_lot_171104_8000181,2022-10-31 00:00:00,286,__import__.product_8000181,171104
__import__.stock_production_lot_180108_8000181,2022-12-31 00:00:00,466,__import__.product_8000181,180108
__import__.stock_production_lot_171218_8000198,2022-11-30 00:00:00,445,__import__.product_8000198,171218
__import__.stock_production_lot_171126_8000206,2022-10-31 00:00:00,896,__import__.product_8000206,171126
__import__.stock_production_lot_1403004_8000287,2019-02-28 00:00:00,367,__import__.product_8000287,1403004
__import__.stock_production_lot_7265220_8000614,2022-09-30 00:00:00,643,__import__.product_8000614,7265220
__import__.stock_production_lot_7324307_8000614,2022-11-30 00:00:00,333,__import__.product_8000614,7324307
__import__.stock_production_lot_7293479_8000620,2022-10-31 00:00:00,903,__import__.product_8000620,7293479
__import__.stock_production_lot_7236389_8000637,2022-08-31 00:00:00,677,__import__.product_8000637,7236389
__import__.stock_production_lot_7324313_8000637,2022-11-30 00:00:00,592,__import__.product_8000637,7324313
__import__.stock_production_lot_7265216_8000666,2022-09-30 00:00:00,829,__import__.product_8000666,7265216
__import__.stock_production_lot_7356234_8000666,2022-12-31 00:00:00,219,__import__.product_8000666,7356234
__import__.stock_production_lot_504815Q_8000672,2020-02-28 00:00:00,885,__import__.product_8000672,504815Q
__import__.stock_production_lot_6077288_8000689,2021-03-31 00:00:00,486,__import__.product_8000689,6077288
__import__.stock_production_lot_7111364_8000689,2022-04-30 00:00:00,138,__import__.product_8000689,7111364
__import__.stock_production_lot_121217FL_8000896,2022-12-12 00:00:00,549,__import__.product_8000896,121217FL
__import__.stock_production_lot_150118FL_8000910,2023-01-15 00:00:00,408,__import__.product_8000910,150118FL
__import__.stock_production_lot_120417FL_8000927,2022-04-12 00:00:00,538,__import__.product_8000927,120417FL
__import__.stock_production_lot_060717FL_8000956,2022-07-06 00:00:00,208,__import__.product_8000956,060717FL
__import__.stock_production_lot_170817FL_8000956,2022-08-17 00:00:00,873,__import__.product_8000956,170817FL
__import__.stock_production_lot_080218FL_8000956,2023-02-08 00:00:00,313,__import__.product_8000956,080218FL
__import__.stock_production_lot_11225746BM_8001909,2019-01-31 00:00:00,713,__import__.product_8001909,11225746BM
__import__.stock_production_lot_11215402BM_8001915,2019-04-30 00:00:00,146,__import__.product_8001915,11215402BM
__import__.stock_production_lot_05320_8001938,2021-05-31 00:00:00,554,__import__.product_8001938,05320
__import__.stock_production_lot_TA09535_8001938,2022-01-31 00:00:00,175,__import__.product_8001938,TA09535
__import__.stock_production_lot_17M0792051_8001944,2020-12-31 00:00:00,810,__import__.product_8001944,17M0792051
__import__.stock_production_lot_18A2992054_8001944,2021-01-31 00:00:00,115,__import__.product_8001944,18A2992054
__import__.stock_production_lot_18B1692049_8001944,2021-02-28 00:00:00,835,__import__.product_8001944,18B1692049
__import__.stock_production_lot_18C2492042_8001944,2021-03-31 00:00:00,320,__import__.product_8001944,18C2492042
__import__.stock_production_lot_05347_8001950,2021-06-30 00:00:00,009,__import__.product_8001950,05347
__import__.stock_production_lot_1709276_8002263,2022-08-31 00:00:00,577,__import__.product_8002263,1709276
__import__.stock_production_lot_1802271_8002263,2023-01-31 00:00:00,535,__import__.product_8002263,1802271
__import__.stock_production_lot_1712227_8002286,2022-11-30 00:00:00,276,__import__.product_8002286,1712227
__import__.stock_production_lot_1804264_8002286,2023-03-31 00:00:00,627,__import__.product_8002286,1804264
__import__.stock_production_lot_1804282_8002286,2023-03-31 00:00:00,737,__import__.product_8002286,1804282
__import__.stock_production_lot_1801270_8002292,2022-12-31 00:00:00,310,__import__.product_8002292,1801270
__import__.stock_production_lot_1710275_8002300,2022-09-30 00:00:00,419,__import__.product_8002300,1710275
__import__.stock_production_lot_1712285_8002369,2022-11-30 00:00:00,277,__import__.product_8002369,1712285
__import__.stock_production_lot_1805305_8002369,2023-04-30 00:00:00,816,__import__.product_8002369,1805305
__import__.stock_production_lot_1710299_8002381,2022-09-30 00:00:00,386,__import__.product_8002381,1710299
__import__.stock_production_lot_1803292_8002381,2023-02-28 00:00:00,560,__import__.product_8002381,1803292
__import__.stock_production_lot_19N01_8002429,2022-11-01 00:00:00,404,__import__.product_8002429,19N01
__import__.stock_production_lot_171127L_8002470,2022-10-31 00:00:00,261,__import__.product_8002470,171127L
__import__.stock_production_lot_171130L_8002470,2022-10-31 00:00:00,752,__import__.product_8002470,171130L
__import__.stock_production_lot_171015M_8002487,2022-09-30 00:00:00,595,__import__.product_8002487,171015M
__import__.stock_production_lot_171212X_8002487,2022-11-30 00:00:00,674,__import__.product_8002487,171212X
__import__.stock_production_lot_171226X_8002487,2022-11-30 00:00:00,765,__import__.product_8002487,171226X
__import__.stock_production_lot_171214X_8002487,2022-11-30 00:00:00,945,__import__.product_8002487,171214X
__import__.stock_production_lot_171014M_8002487,2022-09-30 00:00:00,454,__import__.product_8002487,171014M
__import__.stock_production_lot_171119M_8002487,2022-10-31 00:00:00,946,__import__.product_8002487,171119M
__import__.stock_production_lot_170717M_8002487,2022-06-30 00:00:00,835,__import__.product_8002487,170717M
__import__.stock_production_lot_171001W_8002493,2022-09-30 00:00:00,374,__import__.product_8002493,171001W
__import__.stock_production_lot_171003W_8002493,2022-09-30 00:00:00,245,__import__.product_8002493,171003W
__import__.stock_production_lot_171002W_8002493,2022-09-30 00:00:00,394,__import__.product_8002493,171002W
__import__.stock_production_lot_171008W_8002493,2022-09-30 00:00:00,414,__import__.product_8002493,171008W
__import__.stock_production_lot_171118W_8002493,2022-10-31 00:00:00,165,__import__.product_8002493,171118W
__import__.stock_production_lot_171127W_8002493,2022-10-31 00:00:00,294,__import__.product_8002493,171127W
__import__.stock_production_lot_171218E_8002493,2022-11-30 00:00:00,972,__import__.product_8002493,171218E
__import__.stock_production_lot_171116B_8002501,2022-10-31 00:00:00,624,__import__.product_8002501,171116B
__import__.stock_production_lot_170920B_8002501,2022-08-31 00:00:00,254,__import__.product_8002501,170920B
__import__.stock_production_lot_171110B_8002501,2022-10-31 00:00:00,614,__import__.product_8002501,171110B
__import__.stock_production_lot_171209B_8002501,2022-11-30 00:00:00,384,__import__.product_8002501,171209B
__import__.stock_production_lot_171120J_8002518,2022-10-31 00:00:00,275,__import__.product_8002518,171120J
__import__.stock_production_lot_170823H_8002524,2022-07-31 00:00:00,120,__import__.product_8002524,170823H
__import__.stock_production_lot_180108H_8002524,2022-12-31 00:00:00,280,__import__.product_8002524,180108H
__import__.stock_production_lot_171007H_8002524,2022-09-30 00:00:00,359,__import__.product_8002524,171007H
__import__.stock_production_lot_170707_8003073,2022-06-30 00:00:00,932,__import__.product_8003073,170707
__import__.stock_production_lot_180107_8003096,2022-12-31 00:00:00,356,__import__.product_8003096,180107
__import__.stock_production_lot_151107_8003104,2020-10-31 00:00:00,320,__import__.product_8003104,151107
__import__.stock_production_lot_170307_8003127,2022-02-28 00:00:00,172,__import__.product_8003127,170307
__import__.stock_production_lot_170407_8003127,2022-03-31 00:00:00,930,__import__.product_8003127,170407
__import__.stock_production_lot_731030_8003222,2022-10-01 00:00:00,129,__import__.product_8003222,731030
__import__.stock_production_lot_708_8005793,2020-01-31 00:00:00,871,__import__.product_8005793,708
__import__.stock_production_lot_737_8005793,2020-08-31 00:00:00,823,__import__.product_8005793,737
__import__.stock_production_lot_37259_8006019,2022-01-31 00:00:00,460,__import__.product_8006019,37259
__import__.stock_production_lot_27259_8007148,2022-02-28 00:00:00,453,__import__.product_8007148,27259
__import__.stock_production_lot_41678_8007154,2020-02-28 00:00:00,572,__import__.product_8007154,41678
__import__.stock_production_lot_18PAN020_8007208,2021-12-31 00:00:00,356,__import__.product_8007208,18PAN020
__import__.stock_production_lot_701340252_8007378,2022-10-31 00:00:00,418,__import__.product_8007378,701340252
__import__.stock_production_lot_800821256_8007378,2023-05-31 00:00:00,648,__import__.product_8007378,800821256
__import__.stock_production_lot_J7H0764LX_8008260,2022-08-31 00:00:00,997,__import__.product_8008260,J7H0764LX
__import__.stock_production_lot_J7F0112LX_8008337,2022-06-30 00:00:00,269,__import__.product_8008337,J7F0112LX
__import__.stock_production_lot_J7L1399LX_8008337,2022-11-30 00:00:00,328,__import__.product_8008337,J7L1399LX
__import__.stock_production_lot_LG6873_8008490,2022-05-31 00:00:00,232,__import__.product_8008490,LG6873
__import__.stock_production_lot_MA6630_8008490,2022-12-31 00:00:00,676,__import__.product_8008490,MA6630
__import__.stock_production_lot_MAJ523_8010417,2022-12-31 00:00:00,520,__import__.product_8010417,MAJ523
__import__.stock_production_lot_LDB398_8010423,2022-03-31 00:00:00,313,__import__.product_8010423,LDB398
__import__.stock_production_lot_MAJ859_8010423,2022-12-31 00:00:00,883,__import__.product_8010423,MAJ859
__import__.stock_production_lot_MCA028_8010423,2023-02-28 00:00:00,483,__import__.product_8010423,MCA028
__import__.stock_production_lot_LDB300_8010446,2022-03-31 00:00:00,078,__import__.product_8010446,LDB300
__import__.stock_production_lot_MBJ920_8010446,2023-01-31 00:00:00,968,__import__.product_8010446,MBJ920
__import__.stock_production_lot_JMH425_8010469,2022-10-31 00:00:00,393,__import__.product_8010469,JMH425
__import__.stock_production_lot_LBB306_8010481,2022-01-31 00:00:00,995,__import__.product_8010481,LBB306
__import__.stock_production_lot_GP694_8010481,2022-05-31 00:00:00,055,__import__.product_8010481,GP694
__import__.stock_production_lot_LHH584_8011115,2022-06-30 00:00:00,391,__import__.product_8011115,LHH584
__import__.stock_production_lot_KAK605_8011196,2020-12-31 00:00:00,984,__import__.product_8011196,KAK605
__import__.stock_production_lot_LG8DGXE0_8011279,2022-11-30 00:00:00,326,__import__.product_8011279,LG8DGXE0
__import__.stock_production_lot_JC5HBMN_8011374,2020-06-30 00:00:00,144,__import__.product_8011374,JC5HBMN
__import__.stock_production_lot_LJ7BTGN_8011374,2023-01-31 00:00:00,514,__import__.product_8011374,LJ7BTGN
__import__.stock_production_lot_JP5DHRN_8011380,2021-05-31 00:00:00,842,__import__.product_8011380,JP5DHRN
__import__.stock_production_lot_LC7DCDN_8011380,2022-08-31 00:00:00,273,__import__.product_8011380,LC7DCDN
__import__.stock_production_lot_LG7BBWN_8011405,2022-10-31 00:00:00,010,__import__.product_8011405,LG7BBWN
__import__.stock_production_lot_LK6887_8011440,2022-08-31 00:00:00,340,__import__.product_8011440,LK6887
__import__.stock_production_lot_LJJ602_8011457,2022-07-31 00:00:00,930,__import__.product_8011457,LJJ602
__import__.stock_production_lot_LH6955_8012020,2022-06-30 00:00:00,212,__import__.product_8012020,LH6955
__import__.stock_production_lot_KA8BKZQ0_8012095,2021-06-30 00:00:00,416,__import__.product_8012095,KA8BKZQ0
__import__.stock_production_lot_KJ8BDJP0_8012103,2022-01-31 00:00:00,905,__import__.product_8012103,KJ8BDJP0
__import__.stock_production_lot_LM8DKHP0_8012103,2023-04-30 00:00:00,635,__import__.product_8012103,LM8DKHP0
__import__.stock_production_lot_LB8CPTP0_8012126,2022-07-31 00:00:00,828,__import__.product_8012126,LB8CPTP0
__import__.stock_production_lot_LM8BTDP0_8012126,2023-04-30 00:00:00,944,__import__.product_8012126,LM8BTDP0
__import__.stock_production_lot_LP8CQSP0_8012184,2023-05-31 00:00:00,538,__import__.product_8012184,LP8CQSP0
__import__.stock_production_lot_LP8DGJP0_8012184,2023-05-31 00:00:00,288,__import__.product_8012184,LP8DGJP0
__import__.stock_production_lot_LD8BMXQ0_8012221,2022-09-30 00:00:00,449,__import__.product_8012221,LD8BMXQ0
__import__.stock_production_lot_LD8CZTR0_8012221,2022-09-30 00:00:00,092,__import__.product_8012221,LD8CZTR0
__import__.stock_production_lot_MB8CGLP0_8012238,2023-07-31 00:00:00,464,__import__.product_8012238,MB8CGLP0
__import__.stock_production_lot_LM8DDCP0_8012296,2023-04-30 00:00:00,660,__import__.product_8012296,LM8DDCP0
__import__.stock_production_lot_MC8BTWP0_8012296,2023-08-31 00:00:00,860,__import__.product_8012296,MC8BTWP0
__import__.stock_production_lot_MD8DWWP0_8012296,2023-09-30 00:00:00,329,__import__.product_8012296,MD8DWWP0
__import__.stock_production_lot_MC8BXPP0_8012304,2023-08-31 00:00:00,785,__import__.product_8012304,MC8BXPP0
__import__.stock_production_lot_LK8CTZQ0_8012333,2023-02-28 00:00:00,334,__import__.product_8012333,LK8CTZQ0
__import__.stock_production_lot_MB8DMCQ0_8012333,2023-07-31 00:00:00,802,__import__.product_8012333,MB8DMCQ0
__import__.stock_production_lot_MB8BHDQ0_8012333,2023-07-31 00:00:00,668,__import__.product_8012333,MB8BHDQ0
__import__.stock_production_lot_LH8BGPP0_8012356,2022-12-31 00:00:00,145,__import__.product_8012356,LH8BGPP0
__import__.stock_production_lot_MB8BKPQ0_8012379,2023-07-31 00:00:00,237,__import__.product_8012379,MB8BKPQ0
__import__.stock_production_lot_LC8GMTQ0_8012385,2022-08-31 00:00:00,638,__import__.product_8012385,LC8GMTQ0
__import__.stock_production_lot_LL8BDHQ0_8012385,2023-03-31 00:00:00,469,__import__.product_8012385,LL8BDHQ0
__import__.stock_production_lot_KJ8CHSP0_8012391,2022-01-31 00:00:00,851,__import__.product_8012391,KJ8CHSP0
__import__.stock_production_lot_LP8CHCP0_8012416,2023-05-31 00:00:00,367,__import__.product_8012416,LP8CHCP0
__import__.stock_production_lot_LP8BRWP0_8012416,2023-05-31 00:00:00,816,__import__.product_8012416,LP8BRWP0
__import__.stock_production_lot_MA8DBQQ0_8012445,2023-06-30 00:00:00,643,__import__.product_8012445,MA8DBQQ0
__import__.stock_production_lot_MD8DSXP0_8012451,2023-09-30 00:00:00,558,__import__.product_8012451,MD8DSXP0
__import__.stock_production_lot_KJZ070_8012468,2021-07-31 00:00:00,747,__import__.product_8012468,KJZ070
__import__.stock_production_lot_LJK575_8012468,2022-07-31 00:00:00,019,__import__.product_8012468,LJK575
__import__.stock_production_lot_KL8DLSP0_8012474,2022-03-31 00:00:00,220,__import__.product_8012474,KL8DLSP0
__import__.stock_production_lot_LH8DSHP0_8012474,2022-12-31 00:00:00,111,__import__.product_8012474,LH8DSHP0
__import__.stock_production_lot_LB8DMRP0_8012505,2022-07-31 00:00:00,922,__import__.product_8012505,LB8DMRP0
__import__.stock_production_lot_LM8CHXQ0_8012511,2023-04-30 00:00:00,658,__import__.product_8012511,LM8CHXQ0
__import__.stock_production_lot_LJ8CCSP0_8012528,2023-01-31 00:00:00,048,__import__.product_8012528,LJ8CCSP0
__import__.stock_production_lot_LJ8DWZQ0_8012534,2023-01-31 00:00:00,692,__import__.product_8012534,LJ8DWZQ0
__import__.stock_production_lot_LM8BLBP0_8012540,2023-04-30 00:00:00,489,__import__.product_8012540,LM8BLBP0
__import__.stock_production_lot_LH8CDRR0_8012563,2022-12-31 00:00:00,375,__import__.product_8012563,LH8CDRR0
__import__.stock_production_lot_LL8GBQR0_8012563,2023-03-31 00:00:00,337,__import__.product_8012563,LL8GBQR0
__import__.stock_production_lot_0109016A1_8013746,2019-11-06 00:00:00,256,__import__.product_8013746,0109016A1
__import__.stock_production_lot_180124A_8014740,2022-12-31 00:00:00,971,__import__.product_8014740,180124A
__import__.stock_production_lot_170905A_8014740,2022-08-31 00:00:00,920,__import__.product_8014740,170905A
__import__.stock_production_lot_TA09082_8014935,2021-10-31 00:00:00,721,__import__.product_8014935,TA09082
__import__.stock_production_lot_TA10026_8014935,2022-04-30 00:00:00,332,__import__.product_8014935,TA10026
__import__.stock_production_lot_05519_8017081,2021-09-30 00:00:00,167,__import__.product_8017081,05519
__import__.stock_production_lot_17E186FHX_8021444,2022-05-30 00:00:00,217,__import__.product_8021444,17E186FHX
__import__.stock_production_lot_16H951FHX_8021496,2021-08-31 00:00:00,160,__import__.product_8021496,16H951FHX
__import__.stock_production_lot_17F962FHX_8021496,2022-06-30 00:00:00,156,__import__.product_8021496,17F962FHX
__import__.stock_production_lot_18C952FHX_8021496,2023-03-31 00:00:00,187,__import__.product_8021496,18C952FHX
__import__.stock_production_lot_7751709_8021734,2022-09-30 00:00:00,282,__import__.product_8021734,7751709
__import__.stock_production_lot_6521803_8021734,2023-03-31 00:00:00,204,__import__.product_8021734,6521803
__import__.stock_production_lot_6221711_8021757,2022-11-30 00:00:00,537,__import__.product_8021757,6221711
__import__.stock_production_lot_6091509_8021763,2020-09-30 00:00:00,945,__import__.product_8021763,6091509
__import__.stock_production_lot_6421602_8021763,2021-02-28 00:00:00,903,__import__.product_8021763,6421602
__import__.stock_production_lot_7251707_8021763,2022-07-31 00:00:00,563,__import__.product_8021763,7251707
__import__.stock_production_lot_6001801_8021763,2023-01-31 00:00:00,875,__import__.product_8021763,6001801
__import__.stock_production_lot_170908_8021817,2022-08-31 00:00:00,606,__import__.product_8021817,170908
__import__.stock_production_lot_3811704_8021823,2022-04-30 00:00:00,862,__import__.product_8021823,3811704
__import__.stock_production_lot_4751710_8021823,2022-10-31 00:00:00,343,__import__.product_8021823,4751710
__import__.stock_production_lot_3281802_8021823,2023-02-28 00:00:00,723,__import__.product_8021823,3281802
__import__.stock_production_lot_3781804_8021846,2023-04-30 00:00:00,449,__import__.product_8021846,3781804
__import__.stock_production_lot_3161701_8021852,2022-01-31 00:00:00,807,__import__.product_8021852,3161701
__import__.stock_production_lot_5161711_8021869,2022-11-30 00:00:00,575,__import__.product_8021869,5161711
__import__.stock_production_lot_3631803_8021869,2023-03-31 00:00:00,243,__import__.product_8021869,3631803
__import__.stock_production_lot_0871707_8021875,2022-07-31 00:00:00,294,__import__.product_8021875,0871707
__import__.stock_production_lot_1401711_8021875,2022-11-30 00:00:00,665,__import__.product_8021875,1401711
__import__.stock_production_lot_1491612_8021881,2021-12-31 00:00:00,443,__import__.product_8021881,1491612
__import__.stock_production_lot_1421711_8021881,2022-11-30 00:00:00,454,__import__.product_8021881,1421711
__import__.stock_production_lot_0521804_8021898,2023-04-30 00:00:00,650,__import__.product_8021898,0521804
__import__.stock_production_lot_0961708_8021906,2022-08-31 00:00:00,976,__import__.product_8021906,0961708
__import__.stock_production_lot_1301711_8021906,2022-11-30 00:00:00,187,__import__.product_8021906,1301711
__import__.stock_production_lot_0551804_8021906,2023-04-30 00:00:00,768,__import__.product_8021906,0551804
__import__.stock_production_lot_1381711_8021912,2022-11-30 00:00:00,278,__import__.product_8021912,1381711
__import__.stock_production_lot_0271802_8021912,2023-02-28 00:00:00,436,__import__.product_8021912,0271802
__import__.stock_production_lot_0121801_8021912,2023-01-31 00:00:00,678,__import__.product_8021912,0121801
__import__.stock_production_lot_0341803_8021912,2023-03-31 00:00:00,778,__import__.product_8021912,0341803
__import__.stock_production_lot_1709_8021929,2027-09-30 00:00:00,183,__import__.product_8021929,1709
"__import__.stock_production_lot_1711,_8021929",2027-11-30 00:00:00,243,__import__.product_8021929,"1711,"
__import__.stock_production_lot_1712_8021929,2027-12-31 00:00:00,838,__import__.product_8021929,1712
__import__.stock_production_lot_1712_8021935,2027-12-31 00:00:00,247,__import__.product_8021935,1712
__import__.stock_production_lot_18151_8024000,2023-03-31 00:00:00,492,__import__.product_8024000,18151
__import__.stock_production_lot_172019_8024046,2022-04-30 00:00:00,546,__import__.product_8024046,172019
__import__.stock_production_lot_163319_8024052,2021-07-31 00:00:00,272,__import__.product_8024052,163319
__import__.stock_production_lot_170519_8024052,2021-12-31 00:00:00,326,__import__.product_8024052,170519
__import__.stock_production_lot_010920_8024141,2020-09-01 00:00:00,191,__import__.product_8024141,010920
__import__.stock_production_lot_021262_8025005,2021-04-30 00:00:00,226,__import__.product_8025005,021262
__import__.stock_production_lot_012262A_8025005,2022-06-30 00:00:00,162,__import__.product_8025005,012262A
__import__.stock_production_lot_021262A_8025005,2022-06-30 00:00:00,134,__import__.product_8025005,021262A
__import__.stock_production_lot_K70_8027547,2020-05-25 00:00:00,851,__import__.product_8027547,K70
__import__.stock_production_lot_R010096_8027553,2020-03-31 00:00:00,500,__import__.product_8027553,R010096
__import__.stock_production_lot_K16_8027576,2020-09-30 00:00:00,400,__import__.product_8027576,K16
__import__.stock_production_lot_16462_8027777,2017-07-13 00:00:00,497,__import__.product_8027777,16462
__import__.stock_production_lot_081220_8027783,2020-12-31 00:00:00,448,__import__.product_8027783,081220
__import__.stock_production_lot_P21947_8027820,2022-05-22 00:00:00,664,__import__.product_8027820,P21947
__import__.stock_production_lot_091220_8027837,2020-12-09 00:00:00,198,__import__.product_8027837,091220
__import__.stock_production_lot_P20136_8027837,2020-12-09 00:00:00,148,__import__.product_8027837,P20136
__import__.stock_production_lot_6956_8028570,2020-08-31 00:00:00,580,__import__.product_8028570,6956
__import__.stock_production_lot_7539_8028570,2021-03-31 00:00:00,658,__import__.product_8028570,7539
__import__.stock_production_lot_7445_8028587,2021-02-28 00:00:00,771,__import__.product_8028587,7445
__import__.stock_production_lot_7536_8028587,2021-03-31 00:00:00,576,__import__.product_8028587,7536
__import__.stock_production_lot_2106438_8029664,2021-06-30 00:00:00,524,__import__.product_8029664,2106438
__import__.stock_production_lot_5177_8030288,2019-03-31 00:00:00,157,__import__.product_8030288,5177
__import__.stock_production_lot_G78729_8030294,2019-04-08 00:00:00,206,__import__.product_8030294,G78729
__import__.stock_production_lot_7132FL_8030584,2023-01-31 00:00:00,328,__import__.product_8030584,7132FL
__import__.stock_production_lot_8002FL_8030584,2023-09-30 00:00:00,301,__import__.product_8030584,8002FL
__import__.stock_production_lot_170270256_8030791,2021-12-31 00:00:00,218,__import__.product_8030791,170270256
__import__.stock_production_lot_162040135_8030816,2021-07-15 00:00:00,106,__import__.product_8030816,162040135
__import__.stock_production_lot_173420106_8030822,2022-11-30 00:00:00,130,__import__.product_8030822,173420106
__import__.stock_production_lot_BP1376_8030851,2022-07-31 00:00:00,796,__import__.product_8030851,BP1376
__import__.stock_production_lot_29015501_8031017,2019-05-31 00:00:00,628,__import__.product_8031017,29015501
__import__.stock_production_lot_31066901_8031017,2019-08-31 00:00:00,409,__import__.product_8031017,31066901
__import__.stock_production_lot_31065701_8031023,2019-03-31 00:00:00,158,__import__.product_8031023,31065701
__import__.stock_production_lot_30817201_8031098,2019-07-31 00:00:00,334,__import__.product_8031098,30817201
__import__.stock_production_lot_29937802_8031141,2018-12-31 00:00:00,546,__import__.product_8031141,29937802
__import__.stock_production_lot_170719_8031365,2022-01-31 00:00:00,205,__import__.product_8031365,170719
__import__.stock_production_lot_153419_8031388,2020-07-31 00:00:00,208,__import__.product_8031388,153419
__import__.stock_production_lot_3436957_8031460,2022-06-30 00:00:00,640,__import__.product_8031460,3436957
__import__.stock_production_lot_3393259_8031477,2022-05-31 00:00:00,719,__import__.product_8031477,3393259
__import__.stock_production_lot_3441588_8031477,2022-06-30 00:00:00,448,__import__.product_8031477,3441588
__import__.stock_production_lot_20170510_8031483,2020-05-09 00:00:00,544,__import__.product_8031483,20170510
__import__.stock_production_lot_20170905_8031483,2020-09-30 00:00:00,562,__import__.product_8031483,20170905
__import__.stock_production_lot_20171025_8031543,2020-10-24 00:00:00,223,__import__.product_8031543,20171025
__import__.stock_production_lot_3414988_8031566,2022-04-30 00:00:00,127,__import__.product_8031566,3414988
__import__.stock_production_lot_3397683_8031566,2022-04-30 00:00:00,169,__import__.product_8031566,3397683
__import__.stock_production_lot_3477419_8031566,2022-07-31 00:00:00,154,__import__.product_8031566,3477419
__import__.stock_production_lot_3462639_8031572,2022-07-31 00:00:00,120,__import__.product_8031572,3462639
__import__.stock_production_lot_3445655_8031572,2022-06-30 00:00:00,212,__import__.product_8031572,3445655
__import__.stock_production_lot_3466986_8031589,2022-07-31 00:00:00,106,__import__.product_8031589,3466986
__import__.stock_production_lot_3449477_8031589,2022-07-31 00:00:00,212,__import__.product_8031589,3449477
__import__.stock_production_lot_71F18D2061_8031661,2023-04-30 00:00:00,115,__import__.product_8031661,71F18D2061
__import__.stock_production_lot_H16203_8034300,2020-01-12 00:00:00,140,__import__.product_8034300,H16203
__import__.stock_production_lot_172050700_8034435,2019-08-31 00:00:00,159,__import__.product_8034435,172050700
__import__.stock_production_lot_06092019_8035191,2019-09-06 00:00:00,488,__import__.product_8035191,06092019
__import__.stock_production_lot_170480039_8035392,2022-01-31 00:00:00,166,__import__.product_8035392,170480039
__import__.stock_production_lot_300622_8038012,2022-06-30 00:00:00,597,__import__.product_8038012,300622
__import__.stock_production_lot_301122_8038012,2022-11-30 00:00:00,718,__import__.product_8038012,301122
__import__.stock_production_lot_082017_8038012,2022-08-31 00:00:00,206,__import__.product_8038012,082017
__import__.stock_production_lot_112017_8038012,2022-11-30 00:00:00,167,__import__.product_8038012,112017
__import__.stock_production_lot_0137_8038077,2019-11-30 00:00:00,118,__import__.product_8038077,0137
__import__.stock_production_lot_1445_8038077,2020-01-31 00:00:00,208,__import__.product_8038077,1445
__import__.stock_production_lot_052020_8038077,2020-05-31 00:00:00,632,__import__.product_8038077,052020
__import__.stock_production_lot_17458968_8038114,2022-10-31 00:00:00,412,__import__.product_8038114,17458968
__import__.stock_production_lot_18045455_8038114,2022-12-31 00:00:00,403,__import__.product_8038114,18045455
__import__.stock_production_lot_17279443_8038120,2022-06-30 00:00:00,812,__import__.product_8038120,17279443
__import__.stock_production_lot_18087564_8038120,2023-01-31 00:00:00,574,__import__.product_8038120,18087564
__import__.stock_production_lot_18053946_8038137,2022-12-31 00:00:00,418,__import__.product_8038137,18053946
__import__.stock_production_lot_18213517_8038137,2023-04-30 00:00:00,599,__import__.product_8038137,18213517
__import__.stock_production_lot_TS17111550_8038309,2022-10-31 00:00:00,475,__import__.product_8038309,TS17111550
__import__.stock_production_lot_TS17121551_8038315,2022-11-30 00:00:00,356,__import__.product_8038315,TS17121551
__import__.stock_production_lot_TS17121571_8038315,2022-11-30 00:00:00,220,__import__.product_8038315,TS17121571
__import__.stock_production_lot_TS17121503_8038321,2022-11-30 00:00:00,304,__import__.product_8038321,TS17121503
__import__.stock_production_lot_TS17091560_8038338,2022-08-31 00:00:00,848,__import__.product_8038338,TS17091560
__import__.stock_production_lot_TS17111543_8038338,2022-10-31 00:00:00,238,__import__.product_8038338,TS17111543
__import__.stock_production_lot_6A17E503_8038344,2022-04-30 00:00:00,816,__import__.product_8038344,6A17E503
__import__.stock_production_lot_TS17091537_8038344,2022-08-31 00:00:00,377,__import__.product_8038344,TS17091537
__import__.stock_production_lot_6A17D504_8038367,2022-03-31 00:00:00,161,__import__.product_8038367,6A17D504
__import__.stock_production_lot_57400_8041257,2020-10-31 00:00:00,142,__import__.product_8041257,57400
__import__.stock_production_lot_03847A_8044787,2022-11-08 00:00:00,455,__import__.product_8044787,03847A
__import__.stock_production_lot_23053_8044787,2023-04-25 00:00:00,373,__import__.product_8044787,23053
__import__.stock_production_lot_7317B01QX_8050262,2022-11-11 00:00:00,233,__import__.product_8050262,7317B01QX
__import__.stock_production_lot_7166B02QX_8050263,2022-06-13 00:00:00,820,__import__.product_8050263,7166B02QX
__import__.stock_production_lot_7088B02QX_8050263,2022-03-28 00:00:00,220,__import__.product_8050263,7088B02QX
__import__.stock_production_lot_7160B10QX_8050279,2022-06-07 00:00:00,165,__import__.product_8050279,7160B10QX
__import__.stock_production_lot_6333C23QX_8050285,2021-11-26 00:00:00,132,__import__.product_8050285,6333C23QX
__import__.stock_production_lot_KD5CBLN_8050836,2021-09-30 00:00:00,582,__import__.product_8050836,KD5CBLN
__import__.stock_production_lot_LPM220_8050836,2022-11-30 00:00:00,023,__import__.product_8050836,LPM220
__import__.stock_production_lot_LLM184_8050842,2022-09-30 00:00:00,985,__import__.product_8050842,LLM184
__import__.stock_production_lot_LGZ148_8050954,2022-05-31 00:00:00,202,__import__.product_8050954,LGZ148
__import__.stock_production_lot_MDZ875_8050954,2023-03-31 00:00:00,711,__import__.product_8050954,MDZ875
__import__.stock_production_lot_KP5BHGN_8050983,2022-04-30 00:00:00,013,__import__.product_8050983,KP5BHGN
__import__.stock_production_lot_LB8GBZP0_8051333,2022-07-31 00:00:00,043,__import__.product_8051333,LB8GBZP0
__import__.stock_production_lot_73M1700108_8051416,2022-12-05 00:00:00,819,__import__.product_8051416,73M1700108
__import__.stock_production_lot_020120F_8052195,2022-11-30 00:00:00,116,__import__.product_8052195,020120F
__import__.stock_production_lot_3562818_8053007,2023-01-12 00:00:00,867,__import__.product_8053007,3562818
__import__.stock_production_lot_3588244_8053013,2023-02-06 00:00:00,938,__import__.product_8053013,3588244
__import__.stock_production_lot_3605367_8053013,2023-03-20 00:00:00,322,__import__.product_8053013,3605367
__import__.stock_production_lot_3460052_8053036,2022-06-30 00:00:00,547,__import__.product_8053036,3460052
__import__.stock_production_lot_2951816_8053042,2020-04-30 00:00:00,349,__import__.product_8053042,2951816
__import__.stock_production_lot_3059197_8053042,2020-10-31 00:00:00,761,__import__.product_8053042,3059197
__import__.stock_production_lot_3398103_8053059,2022-03-31 00:00:00,545,__import__.product_8053059,3398103
__import__.stock_production_lot_LMM009_8053438,2022-10-31 00:00:00,364,__import__.product_8053438,LMM009
__import__.stock_production_lot_251711L_8053616,2022-11-30 00:00:00,908,__import__.product_8053616,251711L
__import__.stock_production_lot_251712F_8053616,2022-12-31 00:00:00,898,__import__.product_8053616,251712F
__import__.stock_production_lot_261804J_8053616,2023-04-30 00:00:00,197,__import__.product_8053616,261804J
__import__.stock_production_lot_261803B_8053617,2023-03-31 00:00:00,797,__import__.product_8053617,261803B
__import__.stock_production_lot_251709G_8053618,2022-09-30 00:00:00,580,__import__.product_8053618,251709G
__import__.stock_production_lot_251710U_8053618,2022-10-31 00:00:00,365,__import__.product_8053618,251710U
__import__.stock_production_lot_TA08251_8053639,2021-06-30 00:00:00,167,__import__.product_8053639,TA08251
__import__.stock_production_lot_TA09330_8053639,2021-12-31 00:00:00,788,__import__.product_8053639,TA09330
__import__.stock_production_lot_171125_8053740,2022-10-31 00:00:00,160,__import__.product_8053740,171125
__import__.stock_production_lot_57883_8054219,2019-12-31 00:00:00,216,__import__.product_8054219,57883
__import__.stock_production_lot_TA08849_8058269,2021-08-31 00:00:00,289,__import__.product_8058269,TA08849
__import__.stock_production_lot_161118N_8058683,2021-10-31 00:00:00,699,__import__.product_8058683,161118N
__import__.stock_production_lot_171217N_8058708,2022-11-30 00:00:00,450,__import__.product_8058708,171217N
__import__.stock_production_lot_22432004_8059524,2018-12-31 00:00:00,193,__import__.product_8059524,22432004
__import__.stock_production_lot_140917_8060473,2022-09-14 00:00:00,494,__import__.product_8060473,140917
__import__.stock_production_lot_LL6816_8061662,2022-09-30 00:00:00,503,__import__.product_8061662,LL6816
__import__.stock_production_lot_703188_8061857,2022-01-01 00:00:00,581,__import__.product_8061857,703188
__import__.stock_production_lot_D6C2070X_8062265,2021-03-31 00:00:00,547,__import__.product_8062265,D6C2070X
__import__.stock_production_lot_D6G2314X_8062271,2021-07-31 00:00:00,011,__import__.product_8062271,D6G2314X
__import__.stock_production_lot_D5E0657X_8062288,2020-05-31 00:00:00,211,__import__.product_8062288,D5E0657X
__import__.stock_production_lot_D6A1173X_8062288,2021-01-31 00:00:00,916,__import__.product_8062288,D6A1173X
__import__.stock_production_lot_D7L0505X_8062294,2022-11-30 00:00:00,134,__import__.product_8062294,D7L0505X
__import__.stock_production_lot_B5J0909WX_8062319,2020-09-30 00:00:00,400,__import__.product_8062319,B5J0909WX
__import__.stock_production_lot_D7E0302FX_8062331,2022-05-31 00:00:00,137,__import__.product_8062331,D7E0302FX
__import__.stock_production_lot_D7L2884FX_8062331,2022-11-30 00:00:00,217,__import__.product_8062331,D7L2884FX
__import__.stock_production_lot_A7M0484FX_8062348,2022-12-31 00:00:00,521,__import__.product_8062348,A7M0484FX
__import__.stock_production_lot_A8A0750FX_8062348,2023-01-31 00:00:00,659,__import__.product_8062348,A8A0750FX
__import__.stock_production_lot_A6M0177X_8062360,2021-12-31 00:00:00,970,__import__.product_8062360,A6M0177X
__import__.stock_production_lot_A8A0778FX_8062377,2023-01-31 00:00:00,411,__import__.product_8062377,A8A0778FX
__import__.stock_production_lot_A8A0049FX_8062377,2023-01-31 00:00:00,490,__import__.product_8062377,A8A0049FX
__import__.stock_production_lot_D7K1851X_8062383,2022-10-31 00:00:00,575,__import__.product_8062383,D7K1851X
__import__.stock_production_lot_801767_8062503,2022-01-31 00:00:00,185,__import__.product_8062503,801767
__import__.stock_production_lot_1711231C_8063359,2022-02-28 00:00:00,515,__import__.product_8063359,1711231C
__import__.stock_production_lot_1715730N_8063359,2022-11-30 00:00:00,394,__import__.product_8063359,1715730N
__import__.stock_production_lot_5002417H_8063508,2022-07-31 00:00:00,128,__import__.product_8063508,5002417H
__import__.stock_production_lot_170388_8063508,2022-07-31 00:00:00,417,__import__.product_8063508,170388
__import__.stock_production_lot_170705SD_8063715,2022-06-30 00:00:00,632,__import__.product_8063715,170705SD
__import__.stock_production_lot_170821SD_8063715,2022-07-31 00:00:00,894,__import__.product_8063715,170821SD
__import__.stock_production_lot_171209SA_8063715,2022-11-30 00:00:00,463,__import__.product_8063715,171209SA
__import__.stock_production_lot_171227SC_8063721,2022-11-30 00:00:00,317,__import__.product_8063721,171227SC
__import__.stock_production_lot_A7D0017X_8064206,2022-04-30 00:00:00,821,__import__.product_8064206,A7D0017X
__import__.stock_production_lot_A7F0655X_8064206,2022-06-30 00:00:00,702,__import__.product_8064206,A7F0655X
__import__.stock_production_lot_D7F0764FX_8064264,2022-06-30 00:00:00,983,__import__.product_8064264,D7F0764FX
__import__.stock_production_lot_7514AB3_8069244,2018-12-31 00:00:00,249,__import__.product_8069244,7514AB3
__import__.stock_production_lot_7494AC0_8069250,2019-02-28 00:00:00,402,__import__.product_8069250,7494AC0
__import__.stock_production_lot_8034BA2_8069250,2019-04-18 00:00:00,528,__import__.product_8069250,8034BA2
__import__.stock_production_lot_7515AB2_8069273,2018-12-15 00:00:00,117,__import__.product_8069273,7515AB2
__import__.stock_production_lot_P21338_8070000,2021-11-24 00:00:00,207,__import__.product_8070000,P21338
__import__.stock_production_lot_201905AN_8076652,2019-05-31 00:00:00,675,__import__.product_8076652,201905AN
__import__.stock_production_lot_201907_8076652,2019-07-19 00:00:00,866,__import__.product_8076652,201907
__import__.stock_production_lot_4134_8076675,2019-06-01 00:00:00,316,__import__.product_8076675,4134
__import__.stock_production_lot_4084_8076681,2019-03-01 00:00:00,740,__import__.product_8076681,4084
__import__.stock_production_lot_4141_8076681,2019-08-01 00:00:00,423,__import__.product_8076681,4141
__import__.stock_production_lot_31662_8076971,2022-06-30 00:00:00,330,__import__.product_8076971,31662
__import__.stock_production_lot_31743_8076971,1999-12-31 00:00:00,455,__import__.product_8076971,31743
__import__.stock_production_lot_051204603_8076971,2019-12-31 00:00:00,422,__import__.product_8076971,051204603
__import__.stock_production_lot_7074711_8077031,2020-12-31 00:00:00,983,__import__.product_8077031,7074711
__import__.stock_production_lot_3087575_8078378,2022-09-30 00:00:00,466,__import__.product_8078378,3087575
__import__.stock_production_lot_3175475_8078378,2022-11-30 00:00:00,968,__import__.product_8078378,3175475
__import__.stock_production_lot_58265_8082405,2020-01-31 00:00:00,555,__import__.product_8082405,58265
__import__.stock_production_lot_16201017_8090787,2018-10-31 00:00:00,717,__import__.product_8090787,16201017
__import__.stock_production_lot_1800061_8090899,2019-03-31 00:00:00,937,__import__.product_8090899,1800061
__import__.stock_production_lot_1800133_8090913,2019-03-31 00:00:00,404,__import__.product_8090913,1800133
__import__.stock_production_lot_1800189_8090913,2019-04-30 00:00:00,183,__import__.product_8090913,1800189
__import__.stock_production_lot_6058_8090959,2018-09-30 00:00:00,810,__import__.product_8090959,6058
__import__.stock_production_lot_DJNBCE016058_8090959,2018-09-30 00:00:00,829,__import__.product_8090959,DJNBCE016058
__import__.stock_production_lot_1800187_8091479,2019-04-30 00:00:00,567,__import__.product_8091479,1800187
__import__.stock_production_lot_1708030_8092220,2019-03-31 00:00:00,185,__import__.product_8092220,1708030
__import__.stock_production_lot_1720118_8092220,2019-06-30 00:00:00,668,__import__.product_8092220,1720118
__import__.stock_production_lot_1720091_8092243,2019-06-30 00:00:00,201,__import__.product_8092243,1720091
__import__.stock_production_lot_311019_8095224,2019-10-31 00:00:00,847,__import__.product_8095224,311019
__import__.stock_production_lot_310819_8095230,2019-08-31 00:00:00,267,__import__.product_8095230,310819
__import__.stock_production_lot_7160091000_8095595,2018-12-31 00:00:00,589,__import__.product_8095595,7160091000
__import__.stock_production_lot_310519_8095595,2019-05-31 00:00:00,857,__import__.product_8095595,310519
__import__.stock_production_lot_300619_8095603,2019-06-30 00:00:00,194,__import__.product_8095603,300619
__import__.stock_production_lot_310719_8095603,2019-07-31 00:00:00,307,__import__.product_8095603,310719
__import__.stock_production_lot_145A1_8096465,2023-03-31 00:00:00,421,__import__.product_8096465,145A1
__import__.stock_production_lot_017034_8097045,2020-10-02 00:00:00,261,__import__.product_8097045,017034
__import__.stock_production_lot_98137_8097275,2019-07-31 00:00:00,238,__import__.product_8097275,98137
__import__.stock_production_lot_58010_8100994,2020-01-31 00:00:00,149,__import__.product_8100994,58010
__import__.stock_production_lot_1720090_8101539,2019-06-30 00:00:00,455,__import__.product_8101539,1720090
__import__.stock_production_lot_1800063_8101539,2019-08-31 00:00:00,621,__import__.product_8101539,1800063
__import__.stock_production_lot_1800130_8101545,2019-10-31 00:00:00,101,__import__.product_8101545,1800130
__import__.stock_production_lot_180602_8103219,2019-08-07 00:00:00,971,__import__.product_8103219,180602
__import__.stock_production_lot_57878_8106330,2019-12-31 00:00:00,631,__import__.product_8106330,57878
__import__.stock_production_lot_58387_8106347,2020-03-31 00:00:00,585,__import__.product_8106347,58387
__import__.stock_production_lot_58863_8106347,2020-05-31 00:00:00,834,__import__.product_8106347,58863
__import__.stock_production_lot_495461_8110610,2019-10-31 00:00:00,294,__import__.product_8110610,495461
__import__.stock_production_lot_675561_8110610,2019-11-30 00:00:00,263,__import__.product_8110610,675561
__import__.stock_production_lot_182028_8110633,2019-09-30 00:00:00,978,__import__.product_8110633,182028
__import__.stock_production_lot_261329_8110633,2020-02-28 00:00:00,310,__import__.product_8110633,261329
__import__.stock_production_lot_182028_8110656,2019-09-30 00:00:00,322,__import__.product_8110656,182028
__import__.stock_production_lot_786672_8110662,2019-11-30 00:00:00,181,__import__.product_8110662,786672
__import__.stock_production_lot_786672_8110679,2019-11-30 00:00:00,279,__import__.product_8110679,786672
__import__.stock_production_lot_766772_8110685,2019-12-31 00:00:00,301,__import__.product_8110685,766772
__import__.stock_production_lot_D8020423_8112796,2023-02-28 00:00:00,808,__import__.product_8112796,D8020423
__import__.stock_production_lot_D7100625_8112810,2022-10-31 00:00:00,739,__import__.product_8112810,D7100625
__import__.stock_production_lot_D7090094_8112885,2022-09-30 00:00:00,843,__import__.product_8112885,D7090094
__import__.stock_production_lot_7C3159F_8113749,2020-10-08 00:00:00,273,__import__.product_8113749,7C3159F
__import__.stock_production_lot_7C3159J_8113749,2020-10-08 00:00:00,770,__import__.product_8113749,7C3159J
__import__.stock_production_lot_6C3461F_8113778,2019-09-01 00:00:00,731,__import__.product_8113778,6C3461F
__import__.stock_production_lot_280219_8114800,2019-02-28 00:00:00,498,__import__.product_8114800,280219
__import__.stock_production_lot_300919_8114800,2019-09-30 00:00:00,757,__import__.product_8114800,300919
__import__.stock_production_lot_311019_8114900,2019-10-31 00:00:00,928,__import__.product_8114900,311019
__import__.stock_production_lot_280219_8115400,2019-02-28 00:00:00,874,__import__.product_8115400,280219
__import__.stock_production_lot_300419_8115400,2019-04-30 00:00:00,172,__import__.product_8115400,300419
__import__.stock_production_lot_300919_8115400,2019-09-30 00:00:00,941,__import__.product_8115400,300919
__import__.stock_production_lot_311219_8115400,2019-12-31 00:00:00,854,__import__.product_8115400,311219
__import__.stock_production_lot_K08618_8116104,2021-03-31 00:00:00,107,__import__.product_8116104,K08618
__import__.stock_production_lot_6LZP_8120001,2019-07-31 00:00:00,984,__import__.product_8120001,6LZP
__import__.stock_production_lot_6M19_8120002,2019-09-30 00:00:00,215,__import__.product_8120002,6M19
__import__.stock_production_lot_6SH9_8120002,2019-10-31 00:00:00,713,__import__.product_8120002,6SH9
__import__.stock_production_lot_6PSD_8120003,2019-08-31 00:00:00,703,__import__.product_8120003,6PSD
__import__.stock_production_lot_6JHGB_8120007,2019-09-30 00:00:00,540,__import__.product_8120007,6JHGB
__import__.stock_production_lot_3110618_8120637,2020-04-30 00:00:00,905,__import__.product_8120637,3110618
__import__.stock_production_lot_B300816_8120761,2018-08-31 00:00:00,418,__import__.product_8120761,B300816
__import__.stock_production_lot_B170317_8120761,2019-03-31 00:00:00,764,__import__.product_8120761,B170317
__import__.stock_production_lot_SB14_8121890,2020-02-28 00:00:00,181,__import__.product_8121890,SB14
__import__.stock_production_lot_SB28B_8121890,2020-02-28 00:00:00,731,__import__.product_8121890,SB28B
__import__.stock_production_lot_SD04_8121890,2020-04-30 00:00:00,949,__import__.product_8121890,SD04
__import__.stock_production_lot_SD04_8121909,2020-04-30 00:00:00,429,__import__.product_8121909,SD04
__import__.stock_production_lot_SE07A_8121909,2020-05-31 00:00:00,540,__import__.product_8121909,SE07A
__import__.stock_production_lot_3130617_8124629,2020-11-30 00:00:00,341,__import__.product_8124629,3130617
__import__.stock_production_lot_0206418_8124629,2021-03-31 00:00:00,437,__import__.product_8124629,0206418
__import__.stock_production_lot_3133817_8124919,2019-12-31 00:00:00,407,__import__.product_8124919,3133817
__import__.stock_production_lot_A061117_8127177,2019-11-30 00:00:00,317,__import__.product_8127177,A061117
__import__.stock_production_lot_A040917_8127183,2019-09-30 00:00:00,404,__import__.product_8127183,A040917
__import__.stock_production_lot_A110117_8127208,2019-01-31 00:00:00,794,__import__.product_8127208,A110117
__import__.stock_production_lot_S8D048_8130529,2020-04-30 00:00:00,447,__import__.product_8130529,S8D048
__import__.stock_production_lot_58846_8132824,2020-05-31 00:00:00,299,__import__.product_8132824,58846
__import__.stock_production_lot_57226_8132830,2019-08-31 00:00:00,712,__import__.product_8132830,57226
__import__.stock_production_lot_103825_8134214,2019-09-30 00:00:00,724,__import__.product_8134214,103825
__import__.stock_production_lot_3233817_8135076,2019-12-31 00:00:00,523,__import__.product_8135076,3233817
__import__.stock_production_lot_3003018_8135082,2020-02-28 00:00:00,204,__import__.product_8135082,3003018
__import__.stock_production_lot_0133917_8135082,2019-12-31 00:00:00,878,__import__.product_8135082,0133917
__import__.stock_production_lot_7211100A_8158011,2019-05-31 00:00:00,247,__import__.product_8158011,7211100A
__import__.stock_production_lot_620009_8165032,2021-04-30 00:00:00,462,__import__.product_8165032,620009
__import__.stock_production_lot_614411_8165032,2021-04-01 00:00:00,863,__import__.product_8165032,614411
__import__.stock_production_lot_KL5GHHV_8168584,2018-09-30 00:00:00,960,__import__.product_8168584,KL5GHHV
__import__.stock_production_lot_17G296_8180792,2022-09-11 00:00:00,370,__import__.product_8180792,17G296
__import__.stock_production_lot_U178027400_8182963,2022-07-31 00:00:00,360,__import__.product_8182963,U178027400
__import__.stock_production_lot_17F02_8186642,2022-06-30 00:00:00,278,__import__.product_8186642,17F02
__import__.stock_production_lot_17I01_8186642,2022-09-30 00:00:00,302,__import__.product_8186642,17I01
__import__.stock_production_lot_09RX3_8187736,2023-04-30 00:00:00,316,__import__.product_8187736,09RX3
__import__.stock_production_lot_12RX1_8187742,2023-04-30 00:00:00,538,__import__.product_8187742,12RX1
__import__.stock_production_lot_12RX3_8187759,2023-04-30 00:00:00,610,__import__.product_8187759,12RX3
__import__.stock_production_lot_12RX3_8187765,2023-04-30 00:00:00,330,__import__.product_8187765,12RX3
__import__.stock_production_lot_12RX2_8187771,2023-04-30 00:00:00,535,__import__.product_8187771,12RX2
__import__.stock_production_lot_12RX3_8187788,2023-04-30 00:00:00,335,__import__.product_8187788,12RX3
__import__.stock_production_lot_LLK053_8188405,2022-09-30 00:00:00,158,__import__.product_8188405,LLK053
__import__.stock_production_lot_57817_8188664,2019-10-31 00:00:00,137,__import__.product_8188664,57817
__import__.stock_production_lot_58823_8188664,2020-05-31 00:00:00,137,__import__.product_8188664,58823
__import__.stock_production_lot_18A25G8330_8188983,2023-01-31 00:00:00,442,__import__.product_8188983,18A25G8330
__import__.stock_production_lot_17F21G8901_8189008,2022-06-30 00:00:00,729,__import__.product_8189008,17F21G8901
__import__.stock_production_lot_18A27G8902_8189008,2023-01-31 00:00:00,232,__import__.product_8189008,18A27G8902
__import__.stock_production_lot_17D26G8382_8189014,2022-04-30 00:00:00,719,__import__.product_8189014,17D26G8382
__import__.stock_production_lot_17M04G8381_8189014,2022-11-30 00:00:00,317,__import__.product_8189014,17M04G8381
__import__.stock_production_lot_18B15G8345_8189014,2023-02-01 00:00:00,804,__import__.product_8189014,18B15G8345
__import__.stock_production_lot_16B11G8381_8189037,2021-02-28 00:00:00,377,__import__.product_8189037,16B11G8381
__import__.stock_production_lot_16F24G8232_8189043,2021-06-30 00:00:00,248,__import__.product_8189043,16F24G8232
__import__.stock_production_lot_PC603001_8189238,2021-02-28 00:00:00,223,__import__.product_8189238,PC603001
__import__.stock_production_lot_812258_8194044,2023-03-31 00:00:00,265,__import__.product_8194044,812258
__import__.stock_production_lot_714859_8194050,2022-09-30 00:00:00,777,__import__.product_8194050,714859
__import__.stock_production_lot_812612_8194050,2023-04-30 00:00:00,744,__import__.product_8194050,812612
__import__.stock_production_lot_18CG03_8196468,2023-02-28 00:00:00,125,__import__.product_8196468,18CG03
__import__.stock_production_lot_B17061_8196617,2020-09-30 00:00:00,295,__import__.product_8196617,B17061
__import__.stock_production_lot_4091C24QX_8196646,2019-03-31 00:00:00,119,__import__.product_8196646,4091C24QX
__import__.stock_production_lot_4107C24QX_8196646,2019-04-30 00:00:00,167,__import__.product_8196646,4107C24QX
__import__.stock_production_lot_BB12_8197060,2019-09-30 00:00:00,183,__import__.product_8197060,BB12
__import__.stock_production_lot_170804_8201516,2022-07-31 00:00:00,735,__import__.product_8201516,170804
__import__.stock_production_lot_D6L1548X_8202803,2021-11-30 00:00:00,209,__import__.product_8202803,D6L1548X
__import__.stock_production_lot_8021301_8203820,2019-02-28 00:00:00,335,__import__.product_8203820,8021301
__import__.stock_production_lot_6S29N2182700_8206988,2019-06-30 00:00:00,279,__import__.product_8206988,6S29N2182700
__import__.stock_production_lot_16393003_8207841,2021-09-30 00:00:00,848,__import__.product_8207841,16393003
__import__.stock_production_lot_17279395_8207841,2022-06-30 00:00:00,756,__import__.product_8207841,17279395
__import__.stock_production_lot_17199162_8207841,2022-04-30 00:00:00,558,__import__.product_8207841,17199162
__import__.stock_production_lot_D7K0296X_8208119,2022-10-31 00:00:00,044,__import__.product_8208119,D7K0296X
__import__.stock_production_lot_17G007_8209975,2020-01-23 00:00:00,835,__import__.product_8209975,17G007
__import__.stock_production_lot_17G153_8209975,2020-06-19 00:00:00,545,__import__.product_8209975,17G153
__import__.stock_production_lot_1507B120_8211386,2020-06-30 00:00:00,677,__import__.product_8211386,1507B120
__import__.stock_production_lot_1704V102_8211392,2022-03-31 00:00:00,448,__import__.product_8211392,1704V102
__import__.stock_production_lot_04628_8212718,2020-04-30 00:00:00,357,__import__.product_8212718,04628
__import__.stock_production_lot_05829_8212718,2022-01-31 00:00:00,454,__import__.product_8212718,05829
__import__.stock_production_lot_9485_8217710,2019-01-31 00:00:00,365,__import__.product_8217710,9485
__import__.stock_production_lot_7067C25QX_8219005,2022-03-06 00:00:00,216,__import__.product_8219005,7067C25QX
__import__.stock_production_lot_7E13088_8219293,2022-05-12 00:00:00,769,__import__.product_8219293,7E13088
__import__.stock_production_lot_7H25088_8219293,2022-08-24 00:00:00,301,__import__.product_8219293,7H25088
__import__.stock_production_lot_16M04F00H2_8219637,2021-11-30 00:00:00,276,__import__.product_8219637,16M04F00H2
__import__.stock_production_lot_20171215_8223432,2020-12-14 00:00:00,413,__import__.product_8223432,20171215
__import__.stock_production_lot_20171105_8223449,2020-11-30 00:00:00,175,__import__.product_8223449,20171105
__import__.stock_production_lot_20171216_8223449,2020-12-15 00:00:00,333,__import__.product_8223449,20171216
__import__.stock_production_lot_20160318A_8223455,2019-03-31 00:00:00,754,__import__.product_8223455,20160318A
__import__.stock_production_lot_20161122_8223461,2019-11-21 00:00:00,291,__import__.product_8223461,20161122
__import__.stock_production_lot_711506_8225738,2022-04-30 00:00:00,161,__import__.product_8225738,711506
__import__.stock_production_lot_812116_8225738,2023-03-31 00:00:00,137,__import__.product_8225738,812116
__import__.stock_production_lot_032017_8227683,2022-03-31 00:00:00,300,__import__.product_8227683,032017
__import__.stock_production_lot_TA09642_8228168,2022-02-28 00:00:00,349,__import__.product_8228168,TA09642
__import__.stock_production_lot_17G422_8228346,2022-12-11 00:00:00,207,__import__.product_8228346,17G422
__import__.stock_production_lot_516_8229073,2021-01-31 00:00:00,175,__import__.product_8229073,516
"__import__.stock_production_lot_75001H21,_8229647",2019-05-31 00:00:00,615,__import__.product_8229647,"75001H21,"
__import__.stock_production_lot_75001H30_8229647,2019-07-31 00:00:00,571,__import__.product_8229647,75001H30
__import__.stock_production_lot_311222_8230730,2022-12-31 00:00:00,768,__import__.product_8230730,311222
__import__.stock_production_lot_070117_8230730,2022-06-30 00:00:00,439,__import__.product_8230730,070117
__import__.stock_production_lot_7S48N3939_8233761,2020-11-30 00:00:00,936,__import__.product_8233761,7S48N3939
__import__.stock_production_lot_7071111_8233896,2020-03-31 00:00:00,207,__import__.product_8233896,7071111
__import__.stock_production_lot_44799_8234157,2021-01-31 00:00:00,745,__import__.product_8234157,44799
__import__.stock_production_lot_44867_8234306,2020-12-31 00:00:00,664,__import__.product_8234306,44867
__import__.stock_production_lot_05202_8236742,2021-04-30 00:00:00,185,__import__.product_8236742,05202
__import__.stock_production_lot_17114_8238787,2018-11-30 00:00:00,132,__import__.product_8238787,17114
__import__.stock_production_lot_978_8239752,2023-06-30 00:00:00,555,__import__.product_8239752,978
__import__.stock_production_lot_979_8239752,2020-10-31 00:00:00,705,__import__.product_8239752,979
__import__.stock_production_lot_340652_8239887,2020-05-31 00:00:00,138,__import__.product_8239887,340652
__import__.stock_production_lot_7522AC2_8240169,2018-12-19 00:00:00,763,__import__.product_8240169,7522AC2
__import__.stock_production_lot_6S29N2183640_8240838,2019-06-30 00:00:00,137,__import__.product_8240838,6S29N2183640
__import__.stock_production_lot_LKM885_8241476,2022-08-31 00:00:00,168,__import__.product_8241476,LKM885
__import__.stock_production_lot_B17J313_8241909,2019-09-30 00:00:00,129,__import__.product_8241909,B17J313
__import__.stock_production_lot_062017_8242079,2020-06-30 00:00:00,276,__import__.product_8242079,062017
__import__.stock_production_lot_201802_8242079,2021-02-28 00:00:00,504,__import__.product_8242079,201802
__import__.stock_production_lot_180221_8244492,2018-05-21 00:00:00,198,__import__.product_8244492,180221
__import__.stock_production_lot_311222_8245008,2022-12-31 00:00:00,615,__import__.product_8245008,311222
__import__.stock_production_lot_208020_8245008,2022-10-15 00:00:00,484,__import__.product_8245008,208020
__import__.stock_production_lot_691709008_8250004,2019-11-30 00:00:00,709,__import__.product_8250004,691709008
__import__.stock_production_lot_793409004_8250004,2020-10-31 00:00:00,309,__import__.product_8250004,793409004
__import__.stock_production_lot_792909000_8250004,2020-11-30 00:00:00,500,__import__.product_8250004,792909000
__import__.stock_production_lot_786009006_8250005,2020-12-31 00:00:00,675,__import__.product_8250005,786009006
__import__.stock_production_lot_898109007_8250005,2021-03-31 00:00:00,375,__import__.product_8250005,898109007
__import__.stock_production_lot_313873_8250629,2020-04-30 00:00:00,768,__import__.product_8250629,313873
__import__.stock_production_lot_N2697K_8255000,2020-03-31 00:00:00,752,__import__.product_8255000,N2697K
__import__.stock_production_lot_17M04E8SC3_8255059,2022-11-30 00:00:00,685,__import__.product_8255059,17M04E8SC3
__import__.stock_production_lot_17G380_8255142,2020-12-04 00:00:00,617,__import__.product_8255142,17G380
__import__.stock_production_lot_27874_8255254,2020-11-30 00:00:00,292,__import__.product_8255254,27874
__import__.stock_production_lot_WO41961_8257520,2020-01-31 00:00:00,127,__import__.product_8257520,WO41961
__import__.stock_production_lot_009771_8258175,2019-11-30 00:00:00,595,__import__.product_8258175,009771
__import__.stock_production_lot_009728_8258181,2019-11-30 00:00:00,141,__import__.product_8258181,009728
__import__.stock_production_lot_009795_8258206,2019-11-15 00:00:00,192,__import__.product_8258206,009795
__import__.stock_production_lot_009741_8258229,2019-11-30 00:00:00,275,__import__.product_8258229,009741
__import__.stock_production_lot_1801UI_8258732,2023-01-31 00:00:00,319,__import__.product_8258732,1801UI
__import__.stock_production_lot_1802UI_8258732,2023-02-28 00:00:00,700,__import__.product_8258732,1802UI
__import__.stock_production_lot_010318_8258755,2020-12-31 00:00:00,177,__import__.product_8258755,010318
__import__.stock_production_lot_MPM2229003_8259393,2019-03-31 00:00:00,217,__import__.product_8259393,MPM2229003
__import__.stock_production_lot_DP18E90400_8259401,2015-11-30 00:00:00,127,__import__.product_8259401,DP18E90400
__import__.stock_production_lot_R5704_8259513,2018-10-15 00:00:00,187,__import__.product_8259513,R5704
__import__.stock_production_lot_42543_8259801,2019-02-06 00:00:00,282,__import__.product_8259801,42543
__import__.stock_production_lot_42543_8259802,2019-02-06 00:00:00,702,__import__.product_8259802,42543
__import__.stock_production_lot_49309_8259803,2019-06-20 00:00:00,314,__import__.product_8259803,49309
__import__.stock_production_lot_49317_8259803,2019-10-27 00:00:00,934,__import__.product_8259803,49317
__import__.stock_production_lot_46228_8259804,2019-04-28 00:00:00,790,__import__.product_8259804,46228
__import__.stock_production_lot_46236_8259804,2020-01-31 00:00:00,655,__import__.product_8259804,46236
__import__.stock_production_lot_46226_8259805,2019-02-28 00:00:00,920,__import__.product_8259805,46226
__import__.stock_production_lot_46232_8259805,2019-10-31 00:00:00,548,__import__.product_8259805,46232
__import__.stock_production_lot_45628_8259810,2019-12-11 00:00:00,973,__import__.product_8259810,45628
__import__.stock_production_lot_46229_8259811,2019-05-17 00:00:00,426,__import__.product_8259811,46229
__import__.stock_production_lot_42559_8259812,2020-03-31 00:00:00,837,__import__.product_8259812,42559
__import__.stock_production_lot_41371_8259817,2019-12-08 00:00:00,803,__import__.product_8259817,41371
__import__.stock_production_lot_41372_8259817,2019-12-22 00:00:00,594,__import__.product_8259817,41372
__import__.stock_production_lot_46239_8259819,2020-02-21 00:00:00,731,__import__.product_8259819,46239
__import__.stock_production_lot_46240_8259820,2020-03-31 00:00:00,536,__import__.product_8259820,46240
__import__.stock_production_lot_41353_8259840,2019-03-20 00:00:00,235,__import__.product_8259840,41353
__import__.stock_production_lot_45628_8259853,2019-12-11 00:00:00,139,__import__.product_8259853,45628
__import__.stock_production_lot_408065_8259855,2020-10-31 00:00:00,101,__import__.product_8259855,408065
__import__.stock_production_lot_49317_8259857,2019-10-27 00:00:00,468,__import__.product_8259857,49317
__import__.stock_production_lot_46232_8259858,2019-04-25 00:00:00,643,__import__.product_8259858,46232
__import__.stock_production_lot_46228_8259858,2019-04-25 00:00:00,663,__import__.product_8259858,46228
__import__.stock_production_lot_AN20017_8262886,2018-07-20 00:00:00,188,__import__.product_8262886,AN20017
__import__.stock_production_lot_0172856_8270001,2020-10-31 00:00:00,712,__import__.product_8270001,0172856
__import__.stock_production_lot_201312_8270002,2015-12-31 00:00:00,331,__import__.product_8270002,201312
__import__.stock_production_lot_0180521_8270005,2021-01-31 00:00:00,752,__import__.product_8270005,0180521
__import__.stock_production_lot_0170299_8270017,2021-03-31 00:00:00,519,__import__.product_8270017,0170299
__import__.stock_production_lot_0171002_8270018,2020-05-31 00:00:00,298,__import__.product_8270018,0171002
__import__.stock_production_lot_3201117_8270026,2020-11-30 00:00:00,575,__import__.product_8270026,3201117
__import__.stock_production_lot_1773_8270026,2020-07-31 00:00:00,356,__import__.product_8270026,1773
__import__.stock_production_lot_0180964_8270032,2020-02-28 00:00:00,480,__import__.product_8270032,0180964
__import__.stock_production_lot_0171420_8270033,2019-07-31 00:00:00,870,__import__.product_8270033,0171420
__import__.stock_production_lot_310720_8270042,2020-07-31 00:00:00,203,__import__.product_8270042,310720
__import__.stock_production_lot_311020_8270042,2020-10-31 00:00:00,858,__import__.product_8270042,311020
__import__.stock_production_lot_310120_8270043,2020-01-31 00:00:00,724,__import__.product_8270043,310120
__import__.stock_production_lot_300920_8270043,2020-09-30 00:00:00,108,__import__.product_8270043,300920
__import__.stock_production_lot_300420_8270044,2020-04-30 00:00:00,549,__import__.product_8270044,300420
__import__.stock_production_lot_0170453_8270046,2020-03-31 00:00:00,422,__import__.product_8270046,0170453
__import__.stock_production_lot_0170681_8270046,2020-06-30 00:00:00,361,__import__.product_8270046,0170681
__import__.stock_production_lot_0180720_8270046,2021-03-31 00:00:00,870,__import__.product_8270046,0180720
__import__.stock_production_lot_0162884_8270052,2021-02-28 00:00:00,352,__import__.product_8270052,0162884
__import__.stock_production_lot_0181078_8270053,2020-02-28 00:00:00,574,__import__.product_8270053,0181078
__import__.stock_production_lot_0172930_8270053,2019-11-30 00:00:00,794,__import__.product_8270053,0172930
__import__.stock_production_lot_0170257_8270063,2020-06-30 00:00:00,251,__import__.product_8270063,0170257
__import__.stock_production_lot_0180738_8270063,2021-01-31 00:00:00,656,__import__.product_8270063,0180738
__import__.stock_production_lot_170805D_8270064,2022-07-31 00:00:00,388,__import__.product_8270064,170805D
__import__.stock_production_lot_171103D_8270065,2022-10-31 00:00:00,303,__import__.product_8270065,171103D
__import__.stock_production_lot_171104D_8270065,2022-10-31 00:00:00,333,__import__.product_8270065,171104D
__import__.stock_production_lot_180105S_8270065,2022-12-31 00:00:00,893,__import__.product_8270065,180105S
__import__.stock_production_lot_180108S_8270065,2022-12-31 00:00:00,998,__import__.product_8270065,180108S
__import__.stock_production_lot_170920N_8270066,2022-08-31 00:00:00,615,__import__.product_8270066,170920N
__import__.stock_production_lot_170508C_8270067,2022-04-30 00:00:00,925,__import__.product_8270067,170508C
__import__.stock_production_lot_170812C_8270067,2022-07-31 00:00:00,003,__import__.product_8270067,170812C
__import__.stock_production_lot_170704C_8270067,2022-06-30 00:00:00,102,__import__.product_8270067,170704C
__import__.stock_production_lot_170407_8270069,2020-03-31 00:00:00,593,__import__.product_8270069,170407
__import__.stock_production_lot_170526_8270069,2020-04-30 00:00:00,634,__import__.product_8270069,170526
__import__.stock_production_lot_170822_8270069,2020-07-31 00:00:00,868,__import__.product_8270069,170822
__import__.stock_production_lot_171106_8270069,2020-10-31 00:00:00,899,__import__.product_8270069,171106
__import__.stock_production_lot_160318_8270070,2019-02-28 00:00:00,557,__import__.product_8270070,160318
__import__.stock_production_lot_171003_8270070,2020-09-30 00:00:00,743,__import__.product_8270070,171003
__import__.stock_production_lot_0171160_8270071,2019-09-30 00:00:00,521,__import__.product_8270071,0171160
__import__.stock_production_lot_161017SA_8270073,2021-09-30 00:00:00,993,__import__.product_8270073,161017SA
__import__.stock_production_lot_170825SA_8270073,2022-07-31 00:00:00,954,__import__.product_8270073,170825SA
__import__.stock_production_lot_151124SA_8270074,2020-10-31 00:00:00,595,__import__.product_8270074,151124SA
__import__.stock_production_lot_310319_8270089,2019-03-31 00:00:00,665,__import__.product_8270089,310319
__import__.stock_production_lot_310519_8270092,2019-05-31 00:00:00,530,__import__.product_8270092,310519
__import__.stock_production_lot_0171523_8270095,2020-07-31 00:00:00,457,__import__.product_8270095,0171523
__import__.stock_production_lot_0172939_8270095,2020-11-30 00:00:00,606,__import__.product_8270095,0172939
__import__.stock_production_lot_1707_8270100,2027-07-31 00:00:00,825,__import__.product_8270100,1707
__import__.stock_production_lot_0161517_8270102,2019-12-31 00:00:00,136,__import__.product_8270102,0161517
__import__.stock_production_lot_0180737_8270104,2020-01-31 00:00:00,565,__import__.product_8270104,0180737
__import__.stock_production_lot_0181582_8270104,2020-03-31 00:00:00,634,__import__.product_8270104,0181582
__import__.stock_production_lot_18A179_8270105,2022-01-31 00:00:00,404,__import__.product_8270105,18A179
__import__.stock_production_lot_18A181_8270105,2022-01-31 00:00:00,165,__import__.product_8270105,18A181
__import__.stock_production_lot_51252_8270109,2020-03-31 00:00:00,471,__import__.product_8270109,51252
__import__.stock_production_lot_310519_8270117,2019-05-31 00:00:00,187,__import__.product_8270117,310519
__import__.stock_production_lot_0170315_8270120,2022-01-31 00:00:00,227,__import__.product_8270120,0170315
__import__.stock_production_lot_0171159_8270123,2021-08-31 00:00:00,565,__import__.product_8270123,0171159
__import__.stock_production_lot_0171419_8270131,2019-06-30 00:00:00,123,__import__.product_8270131,0171419
__import__.stock_production_lot_170210B_8270156,2022-01-31 00:00:00,617,__import__.product_8270156,170210B
__import__.stock_production_lot_170802B_8270156,2022-07-31 00:00:00,191,__import__.product_8270156,170802B
__import__.stock_production_lot_171123B_8270156,2022-10-31 00:00:00,953,__import__.product_8270156,171123B
__import__.stock_production_lot_171102B_8270157,2022-10-31 00:00:00,363,__import__.product_8270157,171102B
__import__.stock_production_lot_171216B_8270157,2022-11-30 00:00:00,854,__import__.product_8270157,171216B
__import__.stock_production_lot_170605A_8270160,2022-05-31 00:00:00,289,__import__.product_8270160,170605A
__import__.stock_production_lot_170706A_8270160,2022-06-30 00:00:00,219,__import__.product_8270160,170706A
__import__.stock_production_lot_170814D_8270160,2022-07-31 00:00:00,958,__import__.product_8270160,170814D
__import__.stock_production_lot_161221SD_8270161,2021-11-30 00:00:00,280,__import__.product_8270161,161221SD
__import__.stock_production_lot_170103SD_8270161,2021-12-31 00:00:00,649,__import__.product_8270161,170103SD
__import__.stock_production_lot_170803SD_8270161,2022-07-31 00:00:00,819,__import__.product_8270161,170803SD
__import__.stock_production_lot_171121D_8270165,2022-10-31 00:00:00,667,__import__.product_8270165,171121D
__import__.stock_production_lot_180130D_8270165,2022-12-31 00:00:00,153,__import__.product_8270165,180130D
__import__.stock_production_lot_0172809_8270168,2021-11-30 00:00:00,159,__import__.product_8270168,0172809
__import__.stock_production_lot_300419_8270169,2019-04-30 00:00:00,538,__import__.product_8270169,300419
__import__.stock_production_lot_310819_8270169,2019-08-31 00:00:00,406,__import__.product_8270169,310819
__import__.stock_production_lot_17L09K8412_8270178,2022-10-01 00:00:00,669,__import__.product_8270178,17L09K8412
__import__.stock_production_lot_0170990_8270189,2020-02-28 00:00:00,790,__import__.product_8270189,0170990
__import__.stock_production_lot_0172311_8270189,2020-09-30 00:00:00,419,__import__.product_8270189,0172311
__import__.stock_production_lot_161205E_8270206,2021-11-30 00:00:00,517,__import__.product_8270206,161205E
__import__.stock_production_lot_0172922_8270208,2021-12-31 00:00:00,348,__import__.product_8270208,0172922
__import__.stock_production_lot_R17_8270213,2019-09-30 00:00:00,836,__import__.product_8270213,R17
__import__.stock_production_lot_R19_8270213,2019-11-30 00:00:00,215,__import__.product_8270213,R19
__import__.stock_production_lot_131015_8270214,2018-09-30 00:00:00,397,__import__.product_8270214,131015
__import__.stock_production_lot_0160047_8270225,2019-09-30 00:00:00,381,__import__.product_8270225,0160047
__import__.stock_production_lot_0172937_8270252,2020-10-31 00:00:00,427,__import__.product_8270252,0172937
__import__.stock_production_lot_300419_8270258,2019-04-30 00:00:00,185,__import__.product_8270258,300419
__import__.stock_production_lot_300918_8270260,2018-09-30 00:00:00,777,__import__.product_8270260,300918
__import__.stock_production_lot_301118_8270260,2018-11-30 00:00:00,977,__import__.product_8270260,301118
__import__.stock_production_lot_310519_8270260,2019-05-31 00:00:00,517,__import__.product_8270260,310519
__import__.stock_production_lot_310819_8270261,2019-08-31 00:00:00,518,__import__.product_8270261,310819
__import__.stock_production_lot_802595D_8270263,2020-01-31 00:00:00,609,__import__.product_8270263,802595D
__import__.stock_production_lot_310720_8270268,2020-07-31 00:00:00,553,__import__.product_8270268,310720
__import__.stock_production_lot_311220_8270268,2020-12-31 00:00:00,222,__import__.product_8270268,311220
__import__.stock_production_lot_301120_8270270,2020-11-30 00:00:00,125,__import__.product_8270270,301120
__import__.stock_production_lot_719702_8270281,2020-03-31 00:00:00,442,__import__.product_8270281,719702
__import__.stock_production_lot_736704_8270282,2020-08-31 00:00:00,873,__import__.product_8270282,736704
__import__.stock_production_lot_736704_8270284,2020-08-31 00:00:00,575,__import__.product_8270284,736704
__import__.stock_production_lot_736704_8270285,2020-08-31 00:00:00,731,__import__.product_8270285,736704
__import__.stock_production_lot_77814_8270500,2020-05-31 00:00:00,294,__import__.product_8270500,77814
__import__.stock_production_lot_371858_8270501,2019-09-30 00:00:00,612,__import__.product_8270501,371858
__import__.stock_production_lot_8F05741_8270502,2020-02-28 00:00:00,690,__import__.product_8270502,8F05741
__import__.stock_production_lot_502744_8270510,2022-02-28 00:00:00,855,__import__.product_8270510,502744
__import__.stock_production_lot_144073_8270520,2020-05-31 00:00:00,833,__import__.product_8270520,144073
__import__.stock_production_lot_214573_8270520,2020-10-31 00:00:00,647,__import__.product_8270520,214573
__import__.stock_production_lot_8F01591_8270522,2020-01-31 00:00:00,672,__import__.product_8270522,8F01591
__import__.stock_production_lot_362432_8270528,2019-12-31 00:00:00,575,__import__.product_8270528,362432
__import__.stock_production_lot_373771_8270529,2020-02-28 00:00:00,164,__import__.product_8270529,373771
__import__.stock_production_lot_7F17321_8270532,2019-06-30 00:00:00,824,__import__.product_8270532,7F17321
__import__.stock_production_lot_7F23641_8270532,2019-08-31 00:00:00,982,__import__.product_8270532,7F23641
__import__.stock_production_lot_7F31691_8270533,2019-11-30 00:00:00,468,__import__.product_8270533,7F31691
__import__.stock_production_lot_8F04231_8270533,2020-02-28 00:00:00,637,__import__.product_8270533,8F04231
__import__.stock_production_lot_314472_8270539,2020-04-30 00:00:00,247,__import__.product_8270539,314472
__import__.stock_production_lot_324073_8270539,2020-11-30 00:00:00,303,__import__.product_8270539,324073
__import__.stock_production_lot_310119_8271091,2019-01-31 00:00:00,422,__import__.product_8271091,310119
__import__.stock_production_lot_310719_8271091,2019-07-31 00:00:00,422,__import__.product_8271091,310719
__import__.stock_production_lot_0081823455_8271250,2021-01-31 00:00:00,467,__import__.product_8271250,0081823455
__import__.stock_production_lot_0611824394_8271250,2021-03-31 00:00:00,637,__import__.product_8271250,0611824394
__import__.stock_production_lot_17LG35_8272962,2022-11-30 00:00:00,261,__import__.product_8272962,17LG35
__import__.stock_production_lot_17KG13_8272985,2022-10-31 00:00:00,133,__import__.product_8272985,17KG13
__import__.stock_production_lot_345056C_8274694,2021-02-07 00:00:00,632,__import__.product_8274694,345056C
__import__.stock_production_lot_009864_8274702,2020-01-01 00:00:00,147,__import__.product_8274702,009864
__import__.stock_production_lot_K161025B_8276262,2018-10-31 00:00:00,111,__import__.product_8276262,K161025B
__import__.stock_production_lot_8066_8278485,2020-03-31 00:00:00,452,__import__.product_8278485,8066
__import__.stock_production_lot_981460_8278775,2019-12-06 00:00:00,223,__import__.product_8278775,981460
__import__.stock_production_lot_981490_8278775,2019-12-07 00:00:00,215,__import__.product_8278775,981490
__import__.stock_production_lot_18201_8278781,2019-07-23 00:00:00,148,__import__.product_8278781,18201
__import__.stock_production_lot_009964_8278798,2019-09-01 00:00:00,316,__import__.product_8278798,009964
__import__.stock_production_lot_709044_8279272,2020-03-31 00:00:00,652,__import__.product_8279272,709044
__import__.stock_production_lot_712880_8279438,2022-05-31 00:00:00,147,__import__.product_8279438,712880
__import__.stock_production_lot_009773_8279651,2019-11-30 00:00:00,500,__import__.product_8279651,009773
__import__.stock_production_lot_15K126FHX_8280265,2020-11-30 00:00:00,391,__import__.product_8280265,15K126FHX
__import__.stock_production_lot_009832_8282073,2019-12-15 00:00:00,152,__import__.product_8282073,009832
__import__.stock_production_lot_616416_8282989,2021-10-15 00:00:00,210,__import__.product_8282989,616416
__import__.stock_production_lot_D6L0717FX_8283049,2021-11-30 00:00:00,229,__import__.product_8283049,D6L0717FX
__import__.stock_production_lot_D7B1592FX_8283925,2022-02-28 00:00:00,521,__import__.product_8283925,D7B1592FX
__import__.stock_production_lot_D7L0962FX_8283925,2022-11-30 00:00:00,026,__import__.product_8283925,D7L0962FX
__import__.stock_production_lot_D7C0547FX_8284907,2022-03-31 00:00:00,969,__import__.product_8284907,D7C0547FX
__import__.stock_production_lot_171125_8285551,2022-10-31 00:00:00,130,__import__.product_8285551,171125
__import__.stock_production_lot_170925_8285568,2022-08-31 00:00:00,144,__import__.product_8285568,170925
__import__.stock_production_lot_151025_8285574,2020-09-30 00:00:00,488,__import__.product_8285574,151025
__import__.stock_production_lot_170825_8285580,2022-07-31 00:00:00,267,__import__.product_8285580,170825
__import__.stock_production_lot_160825_8285597,2021-07-31 00:00:00,437,__import__.product_8285597,160825
__import__.stock_production_lot_160725_8285597,2021-06-30 00:00:00,460,__import__.product_8285597,160725
__import__.stock_production_lot_160725_8285605,2021-06-30 00:00:00,279,__import__.product_8285605,160725
__import__.stock_production_lot_160825_8285605,2021-07-31 00:00:00,445,__import__.product_8285605,160825
__import__.stock_production_lot_151025_8285611,2020-09-30 00:00:00,818,__import__.product_8285611,151025
__import__.stock_production_lot_150925_8285628,2020-08-31 00:00:00,206,__import__.product_8285628,150925
__import__.stock_production_lot_160525_8285640,2021-04-30 00:00:00,410,__import__.product_8285640,160525
__import__.stock_production_lot_1701725_8285657,2022-06-30 00:00:00,867,__import__.product_8285657,1701725
__import__.stock_production_lot_170925_8285657,2022-08-31 00:00:00,901,__import__.product_8285657,170925
__import__.stock_production_lot_171125_8285657,2022-10-31 00:00:00,222,__import__.product_8285657,171125
__import__.stock_production_lot_171225_8285657,2022-11-30 00:00:00,747,__import__.product_8285657,171225
__import__.stock_production_lot_171225_8285686,2022-11-30 00:00:00,744,__import__.product_8285686,171225
__import__.stock_production_lot_170925_8285686,2022-08-31 00:00:00,583,__import__.product_8285686,170925
__import__.stock_production_lot_180125_8285686,2022-12-31 00:00:00,644,__import__.product_8285686,180125
__import__.stock_production_lot_160925_8285692,2021-08-31 00:00:00,382,__import__.product_8285692,160925
__import__.stock_production_lot_171125_8285700,2022-10-31 00:00:00,670,__import__.product_8285700,171125
__import__.stock_production_lot_700035_8285781,2019-02-01 00:00:00,118,__import__.product_8285781,700035
__import__.stock_production_lot_700037_8285781,2019-03-19 00:00:00,500,__import__.product_8285781,700037
__import__.stock_production_lot_7318847_8285887,2019-03-31 00:00:00,367,__import__.product_8285887,7318847
__import__.stock_production_lot_8008586_8285887,2019-04-30 00:00:00,608,__import__.product_8285887,8008586
__import__.stock_production_lot_8078723_8287372,2020-03-31 00:00:00,622,__import__.product_8287372,8078723
__import__.stock_production_lot_8054683_8287395,2019-01-31 00:00:00,200,__import__.product_8287395,8054683
__import__.stock_production_lot_7299751_8287426,2019-11-30 00:00:00,450,__import__.product_8287426,7299751
__import__.stock_production_lot_8017809_8287432,2023-01-31 00:00:00,385,__import__.product_8287432,8017809
__import__.stock_production_lot_7327991_8287461,2019-11-30 00:00:00,258,__import__.product_8287461,7327991
__import__.stock_production_lot_7331909_8287461,2019-12-31 00:00:00,343,__import__.product_8287461,7331909
__import__.stock_production_lot_8043505_8287461,2020-02-29 00:00:00,453,__import__.product_8287461,8043505
__import__.stock_production_lot_7326509_8287490,2020-11-30 00:00:00,613,__import__.product_8287490,7326509
__import__.stock_production_lot_15B0562_8287805,2020-02-28 00:00:00,140,__import__.product_8287805,15B0562
__import__.stock_production_lot_18AG12_8288489,2022-12-31 00:00:00,247,__import__.product_8288489,18AG12
__import__.stock_production_lot_LLJ275_8288928,2022-09-30 00:00:00,017,__import__.product_8288928,LLJ275
__import__.stock_production_lot_3771704_8290090,2022-04-30 00:00:00,455,__import__.product_8290090,3771704
__import__.stock_production_lot_4371707_8290109,2022-07-31 00:00:00,174,__import__.product_8290109,4371707
__import__.stock_production_lot_2967470_8290658,2022-01-31 00:00:00,903,__import__.product_8290658,2967470
__import__.stock_production_lot_3166970_8290658,2022-10-31 00:00:00,321,__import__.product_8290658,3166970
__import__.stock_production_lot_3166965_8290664,2022-10-31 00:00:00,257,__import__.product_8290664,3166965
__import__.stock_production_lot_202212JM_8291037,2022-12-31 00:00:00,117,__import__.product_8291037,202212JM
__import__.stock_production_lot_170712SB_8291132,2022-06-30 00:00:00,490,__import__.product_8291132,170712SB
__import__.stock_production_lot_171018SB_8291132,2022-09-30 00:00:00,925,__import__.product_8291132,171018SB
__import__.stock_production_lot_180130SB_8291132,2022-12-31 00:00:00,444,__import__.product_8291132,180130SB
__import__.stock_production_lot_251702E_8291505,2022-02-28 00:00:00,106,__import__.product_8291505,251702E
__import__.stock_production_lot_251712N_8291505,2022-12-31 00:00:00,468,__import__.product_8291505,251712N
__import__.stock_production_lot_261803E_8291505,2023-03-31 00:00:00,289,__import__.product_8291505,261803E
__import__.stock_production_lot_GE8C17_8292396,2019-09-30 00:00:00,654,__import__.product_8292396,GE8C17
__import__.stock_production_lot_L78548701_8294254,2020-06-30 00:00:00,144,__import__.product_8294254,L78548701
__import__.stock_production_lot_F83043801_8294277,2020-05-31 00:00:00,269,__import__.product_8294277,F83043801
__import__.stock_production_lot_7139822_8294314,2022-05-31 00:00:00,251,__import__.product_8294314,7139822
__import__.stock_production_lot_7269764_8294314,2022-10-31 00:00:00,859,__import__.product_8294314,7269764
__import__.stock_production_lot_7328976_8294455,2022-11-30 00:00:00,218,__import__.product_8294455,7328976
__import__.stock_production_lot_17K0786_8294656,2018-11-30 00:00:00,272,__import__.product_8294656,17K0786
__import__.stock_production_lot_171131_8299783,2022-10-31 00:00:00,555,__import__.product_8299783,171131
__import__.stock_production_lot_27348A11_8330011,2020-08-31 00:00:00,336,__import__.product_8330011,27348A11
__import__.stock_production_lot_27858A10_8330012,2020-12-31 00:00:00,450,__import__.product_8330012,27858A10
__import__.stock_production_lot_27595A10_8330012,2020-11-30 00:00:00,389,__import__.product_8330012,27595A10
__import__.stock_production_lot_27859A10_8330012,2021-01-31 00:00:00,431,__import__.product_8330012,27859A10
__import__.stock_production_lot_27856A10_8330012,2020-12-31 00:00:00,940,__import__.product_8330012,27856A10
__import__.stock_production_lot_27855A10_8330012,2020-12-31 00:00:00,142,__import__.product_8330012,27855A10
__import__.stock_production_lot_27886A10_8330013,2021-01-31 00:00:00,634,__import__.product_8330013,27886A10
__import__.stock_production_lot_4000995_8330016,2020-03-31 00:00:00,530,__import__.product_8330016,4000995
__import__.stock_production_lot_27137A10_8330038,2021-05-31 00:00:00,589,__import__.product_8330038,27137A10
__import__.stock_production_lot_27840A10_8330039,2021-10-31 00:00:00,685,__import__.product_8330039,27840A10
__import__.stock_production_lot_28004_8330040,2020-12-31 00:00:00,347,__import__.product_8330040,28004
__import__.stock_production_lot_27080A13_8330043,2020-08-31 00:00:00,359,__import__.product_8330043,27080A13
__import__.stock_production_lot_17H24_8330044,2020-02-28 00:00:00,484,__import__.product_8330044,17H24
__import__.stock_production_lot_18A22V89101_8330044,2020-06-30 00:00:00,284,__import__.product_8330044,18A22V89101
__import__.stock_production_lot_17H25_8330045,2020-02-28 00:00:00,390,__import__.product_8330045,17H25
__import__.stock_production_lot_17H24_8330045,2020-02-28 00:00:00,909,__import__.product_8330045,17H24
__import__.stock_production_lot_171103_8330046,2022-11-30 00:00:00,437,__import__.product_8330046,171103
__import__.stock_production_lot_17L26G8305_8330122,2022-10-31 00:00:00,483,__import__.product_8330122,17L26G8305
__import__.stock_production_lot_17L29G8363_8330122,2022-10-31 00:00:00,373,__import__.product_8330122,17L29G8363
__import__.stock_production_lot_17N22G8315_8330122,2022-12-01 00:00:00,733,__import__.product_8330122,17N22G8315
__import__.stock_production_lot_17L08G8261_8330139,2022-10-31 00:00:00,344,__import__.product_8330139,17L08G8261
__import__.stock_production_lot_17N29G8263_8330139,2022-12-01 00:00:00,858,__import__.product_8330139,17N29G8263
__import__.stock_production_lot_17A23G8261_8330168,2022-01-31 00:00:00,677,__import__.product_8330168,17A23G8261
__import__.stock_production_lot_17M07G8261_8330168,2022-11-30 00:00:00,684,__import__.product_8330168,17M07G8261
__import__.stock_production_lot_117397_8330180,2022-10-01 00:00:00,812,__import__.product_8330180,117397
__import__.stock_production_lot_1800470_8331469,2019-09-30 00:00:00,164,__import__.product_8331469,1800470
__import__.stock_production_lot_010R08_8331469,2019-10-31 00:00:00,170,__import__.product_8331469,010R08
__import__.stock_production_lot_LP8DJDQ0_8331593,2020-11-30 00:00:00,262,__import__.product_8331593,LP8DJDQ0
__import__.stock_production_lot_LP8DMBQ0_8331593,2020-11-30 00:00:00,569,__import__.product_8331593,LP8DMBQ0
__import__.stock_production_lot_17H01_8332138,2022-07-31 00:00:00,189,__import__.product_8332138,17H01
__import__.stock_production_lot_1708_8334410,2020-04-30 00:00:00,280,__import__.product_8334410,1708
__import__.stock_production_lot_05542_8335674,2021-09-30 00:00:00,569,__import__.product_8335674,05542
__import__.stock_production_lot_18A2992057_8336171,2021-01-01 00:00:00,669,__import__.product_8336171,18A2992057
__import__.stock_production_lot_18C0892045_8336171,2021-03-01 00:00:00,479,__import__.product_8336171,18C0892045
__import__.stock_production_lot_7524BB4_8336573,2018-12-21 00:00:00,403,__import__.product_8336573,7524BB4
__import__.stock_production_lot_172273_8336604,2022-04-30 00:00:00,967,__import__.product_8336604,172273
__import__.stock_production_lot_117116_8338810,2022-03-31 00:00:00,974,__import__.product_8338810,117116
__import__.stock_production_lot_117173_8338810,2022-04-26 00:00:00,756,__import__.product_8338810,117173
__import__.stock_production_lot_117175_8338810,2022-04-28 00:00:00,826,__import__.product_8338810,117175
__import__.stock_production_lot_118036_8338827,2023-01-20 00:00:00,351,__import__.product_8338827,118036
__import__.stock_production_lot_118027_8338827,2023-01-14 00:00:00,689,__import__.product_8338827,118027
__import__.stock_production_lot_118034_8338827,2023-01-18 00:00:00,781,__import__.product_8338827,118034
__import__.stock_production_lot_811707_8339531,2021-03-31 00:00:00,314,__import__.product_8339531,811707
__import__.stock_production_lot_4061_8341309,2018-08-01 00:00:00,144,__import__.product_8341309,4061
__import__.stock_production_lot_N5604_8341315,2020-04-30 00:00:00,127,__import__.product_8341315,N5604
__import__.stock_production_lot_062017_8342131,2020-06-30 00:00:00,693,__import__.product_8342131,062017
__import__.stock_production_lot_201802_8342131,2021-02-28 00:00:00,357,__import__.product_8342131,201802
__import__.stock_production_lot_KA8BLHR0_8345721,2018-12-31 00:00:00,236,__import__.product_8345721,KA8BLHR0
__import__.stock_production_lot_7186_8346034,2019-08-31 00:00:00,200,__import__.product_8346034,7186
__import__.stock_production_lot_D7D2254FX_8351503,2022-04-30 00:00:00,664,__import__.product_8351503,D7D2254FX
__import__.stock_production_lot_17HG30_8354401,2022-07-31 00:00:00,469,__import__.product_8354401,17HG30
__import__.stock_production_lot_17KG06_8354418,2022-10-31 00:00:00,235,__import__.product_8354418,17KG06
__import__.stock_production_lot_17GG24_8354430,2022-06-30 00:00:00,151,__import__.product_8354430,17GG24
__import__.stock_production_lot_18G123_8357836,2021-03-26 00:00:00,293,__import__.product_8357836,18G123
__import__.stock_production_lot_17G046_8357842,2020-03-06 00:00:00,212,__import__.product_8357842,17G046
__import__.stock_production_lot_18G015_8357871,2021-02-05 00:00:00,263,__import__.product_8357871,18G015
__import__.stock_production_lot_18G067_8357871,2021-03-19 00:00:00,217,__import__.product_8357871,18G067
__import__.stock_production_lot_17G308_8357888,2020-12-04 00:00:00,521,__import__.product_8357888,17G308
__import__.stock_production_lot_17G236_8357888,2020-06-30 00:00:00,332,__import__.product_8357888,17G236
__import__.stock_production_lot_17G348_8357894,2020-12-31 00:00:00,692,__import__.product_8357894,17G348
__import__.stock_production_lot_18G021_8357902,2021-02-07 00:00:00,153,__import__.product_8357902,18G021
__import__.stock_production_lot_17D02E8ST2_8359367,2022-04-30 00:00:00,607,__import__.product_8359367,17D02E8ST2
__import__.stock_production_lot_17G315_8360040,2020-11-15 00:00:00,996,__import__.product_8360040,17G315
__import__.stock_production_lot_16G072_8360057,2019-02-16 00:00:00,476,__import__.product_8360057,16G072
__import__.stock_production_lot_16G112_8360057,2019-04-21 00:00:00,914,__import__.product_8360057,16G112
__import__.stock_production_lot_18G026_8360057,2021-01-29 00:00:00,712,__import__.product_8360057,18G026
__import__.stock_production_lot_17G295_8360258,2020-11-20 00:00:00,544,__import__.product_8360258,17G295
__import__.stock_production_lot_17G174_8360258,2020-06-14 00:00:00,619,__import__.product_8360258,17G174
__import__.stock_production_lot_311225_8361418,2025-12-31 00:00:00,363,__import__.product_8361418,311225
__import__.stock_production_lot_3047017B_8363877,2022-01-31 00:00:00,143,__import__.product_8363877,3047017B
__import__.stock_production_lot_072017_8365416,2022-07-31 00:00:00,549,__import__.product_8365416,072017
__import__.stock_production_lot_1172854_8376822,2022-07-31 00:00:00,536,__import__.product_8376822,1172854
__import__.stock_production_lot_1180007_8376822,2023-01-31 00:00:00,251,__import__.product_8376822,1180007
__import__.stock_production_lot_710573_8377537,2022-02-28 00:00:00,823,__import__.product_8377537,710573
__import__.stock_production_lot_713989_8377537,2022-07-31 00:00:00,200,__import__.product_8377537,713989
__import__.stock_production_lot_811484_8377537,2023-03-31 00:00:00,520,__import__.product_8377537,811484
__import__.stock_production_lot_811978_8377537,2023-03-31 00:00:00,670,__import__.product_8377537,811978
__import__.stock_production_lot_61428605_8379163,2021-03-31 00:00:00,119,__import__.product_8379163,61428605
__import__.stock_production_lot_BP1372_8381473,2022-07-31 00:00:00,174,__import__.product_8381473,BP1372
__import__.stock_production_lot_7S45N3574_8383259,2020-11-30 00:00:00,147,__import__.product_8383259,7S45N3574
__import__.stock_production_lot_8S07N0539_8383259,2021-02-13 00:00:00,435,__import__.product_8383259,8S07N0539
__import__.stock_production_lot_6S38N2759610_8383265,2019-08-31 00:00:00,817,__import__.product_8383265,6S38N2759610
__import__.stock_production_lot_7S30N2702_8383271,2020-07-24 00:00:00,402,__import__.product_8383271,7S30N2702
__import__.stock_production_lot_7S48N3940_8383288,2020-11-30 00:00:00,984,__import__.product_8383288,7S48N3940
__import__.stock_production_lot_7S44N3575_8383294,2020-11-06 00:00:00,961,__import__.product_8383294,7S44N3575
__import__.stock_production_lot_7S48N3941_8383302,2020-11-30 00:00:00,811,__import__.product_8383302,7S48N3941
__import__.stock_production_lot_8S08N0615_8383302,2021-02-21 00:00:00,602,__import__.product_8383302,8S08N0615
__import__.stock_production_lot_6S29N2184610_8383319,2019-06-30 00:00:00,372,__import__.product_8383319,6S29N2184610
__import__.stock_production_lot_8S09N0616_8383325,2020-08-31 00:00:00,502,__import__.product_8383325,8S09N0616
__import__.stock_production_lot_7207357P63_8389026,2022-07-31 00:00:00,117,__import__.product_8389026,7207357P63
__import__.stock_production_lot_7443_8426916,2021-01-31 00:00:00,828,__import__.product_8426916,7443
__import__.stock_production_lot_7534_8426916,2021-02-28 00:00:00,427,__import__.product_8426916,7534
__import__.stock_production_lot_1704254P_8433419,2022-03-31 00:00:00,808,__import__.product_8433419,1704254P
__import__.stock_production_lot_180208W3B_8433537,2018-12-08 00:00:00,484,__import__.product_8433537,180208W3B
__import__.stock_production_lot_280219_8454108,2019-02-28 00:00:00,570,__import__.product_8454108,280219
__import__.stock_production_lot_180024_8456567,2020-01-31 00:00:00,868,__import__.product_8456567,180024
__import__.stock_production_lot_58356_8477658,2020-02-28 00:00:00,822,__import__.product_8477658,58356
__import__.stock_production_lot_170320_8480123,2022-03-31 00:00:00,518,__import__.product_8480123,170320
__import__.stock_production_lot_1102246_8480123,2019-02-18 00:00:00,448,__import__.product_8480123,1102246
__import__.stock_production_lot_MAZ296_8481973,2022-12-31 00:00:00,611,__import__.product_8481973,MAZ296
__import__.stock_production_lot_58408_8492882,2019-05-31 00:00:00,181,__import__.product_8492882,58408
__import__.stock_production_lot_58673_8493309,2020-04-30 00:00:00,813,__import__.product_8493309,58673
__import__.stock_production_lot_57164_8493404,2019-07-31 00:00:00,779,__import__.product_8493404,57164
__import__.stock_production_lot_311224_8540017,2024-12-31 00:00:00,148,__import__.product_8540017,311224
__import__.stock_production_lot_R16902A_8825728,2019-02-28 00:00:00,472,__import__.product_8825728,R16902A
__import__.stock_production_lot_311019_8841400,2019-10-31 00:00:00,394,__import__.product_8841400,311019
__import__.stock_production_lot_300919_8841500,2019-09-30 00:00:00,446,__import__.product_8841500,300919
__import__.stock_production_lot_6NS1_9001323,2020-12-31 00:00:00,834,__import__.product_9001323,6NS1
__import__.stock_production_lot_6S2J_9001323,2021-01-31 00:00:00,356,__import__.product_9001323,6S2J
__import__.stock_production_lot_17D031936_9040237,2020-04-30 00:00:00,386,__import__.product_9040237,17D031936
__import__.stock_production_lot_777272004_9052510,2021-10-31 00:00:00,924,__import__.product_9052510,777272004
__import__.stock_production_lot_RL28_9501100,2019-12-31 00:00:00,166,__import__.product_9501100,RL28
__import__.stock_production_lot_SB20A_9501100,2020-02-28 00:00:00,256,__import__.product_9501100,SB20A
__import__.stock_production_lot_326774_9501117,2020-11-30 00:00:00,517,__import__.product_9501117,326774
__import__.stock_production_lot_321541_9501117,2019-12-31 00:00:00,136,__import__.product_9501117,321541
__import__.stock_production_lot_6NRB_9501322,2020-12-31 00:00:00,642,__import__.product_9501322,6NRB
__import__.stock_production_lot_713_9501521,2022-02-28 00:00:00,746,__import__.product_9501521,713
__import__.stock_production_lot_727_9501521,2022-06-30 00:00:00,730,__import__.product_9501521,727
__import__.stock_production_lot_803_9501521,2022-12-31 00:00:00,694,__import__.product_9501521,803
__import__.stock_production_lot_737_9501693,2022-08-31 00:00:00,158,__import__.product_9501693,737
__import__.stock_production_lot_7161114_9512005,2018-11-30 00:00:00,110,__import__.product_9512005,7161114
__import__.stock_production_lot_7C0929B_9512008,2020-03-20 00:00:00,658,__import__.product_9512008,7C0929B
__import__.stock_production_lot_209F_9512010,2022-10-31 00:00:00,343,__import__.product_9512010,209F
__import__.stock_production_lot_P1706C_9512015,2020-06-30 00:00:00,603,__import__.product_9512015,P1706C
__import__.stock_production_lot_7271A014_9512023,2019-09-30 00:00:00,634,__import__.product_9512023,7271A014
__import__.stock_production_lot_7090A006_9512024,2019-03-31 00:00:00,188,__import__.product_9512024,7090A006
__import__.stock_production_lot_7345A010_9512024,2019-11-30 00:00:00,483,__import__.product_9512024,7345A010
__import__.stock_production_lot_A1606AB_9512026,2019-06-30 00:00:00,323,__import__.product_9512026,A1606AB
__import__.stock_production_lot_K08518_9512028,2020-03-31 00:00:00,274,__import__.product_9512028,K08518
__import__.stock_production_lot_EU1702_9512029,2019-03-31 00:00:00,864,__import__.product_9512029,EU1702
__import__.stock_production_lot_6H4K_9512033,2019-08-31 00:00:00,511,__import__.product_9512033,6H4K
__import__.stock_production_lot_6RLU_9512033,2020-02-28 00:00:00,402,__import__.product_9512033,6RLU
__import__.stock_production_lot_1713106_9512035,2022-12-31 00:00:00,190,__import__.product_9512035,1713106
__import__.stock_production_lot_1763106_9512035,2022-12-31 00:00:00,949,__import__.product_9512035,1763106
__import__.stock_production_lot_1813106_9512035,2023-12-31 00:00:00,410,__import__.product_9512035,1813106
__import__.stock_production_lot_6RKZA_9512036,2020-01-31 00:00:00,837,__import__.product_9512036,6RKZA
__import__.stock_production_lot_1723113_9512044,2022-12-31 00:00:00,652,__import__.product_9512044,1723113
__import__.stock_production_lot_566_9512048,2018-11-09 00:00:00,127,__import__.product_9512048,566
__import__.stock_production_lot_603_9512048,2019-07-31 00:00:00,229,__import__.product_9512048,603
__import__.stock_production_lot_18C05PV_9512052,2020-03-31 00:00:00,711,__import__.product_9512052,18C05PV
__import__.stock_production_lot_18B14VC_9512053,2019-08-31 00:00:00,683,__import__.product_9512053,18B14VC
__import__.stock_production_lot_18B22PR_9512055,2020-02-28 00:00:00,567,__import__.product_9512055,18B22PR
__import__.stock_production_lot_3009318_9649185,2020-04-30 00:00:00,266,__import__.product_9649185,3009318
__import__.stock_production_lot_3007118_9687002,2020-03-31 00:00:00,550,__import__.product_9687002,3007118
__import__.stock_production_lot_3005317_9694895,2019-02-28 00:00:00,910,__import__.product_9694895,3005317
__import__.stock_production_lot_3134917_9694895,2019-09-30 00:00:00,488,__import__.product_9694895,3134917
__import__.stock_production_lot_RL06_9695015,2019-12-31 00:00:00,948,__import__.product_9695015,RL06
__import__.stock_production_lot_SB12B_9695015,2020-02-28 00:00:00,845,__import__.product_9695015,SB12B
__import__.stock_production_lot_704433_9695021,2020-04-30 00:00:00,230,__import__.product_9695021,704433
__import__.stock_production_lot_3002317_9700868,2019-01-31 00:00:00,593,__import__.product_9700868,3002317
__import__.stock_production_lot_3507118_9700868,2020-03-31 00:00:00,994,__import__.product_9700868,3507118
__import__.stock_production_lot_RA18_9833948,2022-01-31 00:00:00,738,__import__.product_9833948,RA18
__import__.stock_production_lot_L0001_9990022,2018-09-30 00:00:00,306,__import__.product_9990022,L0001
__import__.stock_production_lot_L0001_9990023,2018-09-30 00:00:00,406,__import__.product_9990023,L0001
__import__.stock_production_lot_L0003@A_9990023,2019-01-31 00:00:00,449,__import__.product_9990023,L0003@A
