id,location_id/id,product_id/id,product_qty
__import__.stock_inventory_line_without_lot_8044818,__import__.location_loc_GC27E2,__import__.product_8044818,2
__import__.stock_inventory_line_without_lot_8044847,__import__.location_loc_EOE107,__import__.product_8044847,9
__import__.stock_inventory_line_without_lot_8014680,__import__.location_loc_EXB531,__import__.product_8014680,1
__import__.stock_inventory_line_without_lot_8027004,__import__.location_loc_GE04A2,__import__.product_8027004,11
__import__.stock_inventory_line_without_lot_8017709,__import__.location_loc_EXB612,__import__.product_8017709,4
__import__.stock_inventory_line_without_lot_8019418,__import__.location_loc_EXS221,__import__.product_8019418,48
__import__.stock_inventory_line_without_lot_8027524,__import__.location_loc_GB24B5,__import__.product_8027524,182
__import__.stock_inventory_line_without_lot_8027010,__import__.location_loc_GD08A1,__import__.product_8027010,12
__import__.stock_inventory_line_without_lot_8027151,__import__.location_loc_GB20D1,__import__.product_8027151,63
__import__.stock_inventory_line_without_lot_7330166,__import__.location_loc_GA05A2,__import__.product_7330166,4
__import__.stock_inventory_line_without_lot_8043693,__import__.location_loc_GC27A2,__import__.product_8043693,110
__import__.stock_inventory_line_without_lot_8043730,__import__.location_loc_GD14B2,__import__.product_8043730,58
__import__.stock_inventory_line_without_lot_8043724,__import__.location_loc_GC29D1,__import__.product_8043724,107
__import__.stock_inventory_line_without_lot_8043687,__import__.location_loc_GC29A1,__import__.product_8043687,102
__import__.stock_inventory_line_without_lot_8043701,__import__.location_loc_GC29B2,__import__.product_8043701,51
__import__.stock_inventory_line_without_lot_8043718,__import__.location_loc_GC27C2,__import__.product_8043718,103
__import__.stock_inventory_line_without_lot_8031201,__import__.location_loc_EXI100,__import__.product_8031201,50
__import__.stock_inventory_line_without_lot_8043670,__import__.location_loc_GC29C2,__import__.product_8043670,76
__import__.stock_inventory_line_without_lot_8038568,__import__.location_loc_AH08A2,__import__.product_8038568,800
__import__.stock_inventory_line_without_lot_8031224,__import__.location_loc_GD22D4,__import__.product_8031224,75
__import__.stock_inventory_line_without_lot_8048880,__import__.location_loc_GC29D2,__import__.product_8048880,66
__import__.stock_inventory_line_without_lot_8043902,__import__.location_loc_GC29B1,__import__.product_8043902,117
__import__.stock_inventory_line_without_lot_8043919,__import__.location_loc_GC27A1,__import__.product_8043919,130
__import__.stock_inventory_line_without_lot_8043871,__import__.location_loc_GC27C1,__import__.product_8043871,74
__import__.stock_inventory_line_without_lot_8034263,__import__.location_loc_EXH400,__import__.product_8034263,0
__import__.stock_inventory_line_without_lot_8026996,__import__.location_loc_GL02A6,__import__.product_8026996,10
__import__.stock_inventory_line_without_lot_8035073,__import__.location_loc_GD26B4,__import__.product_8035073,5
__import__.stock_inventory_line_without_lot_8025815,__import__.location_loc_GE15F5,__import__.product_8025815,8
__import__.stock_inventory_line_without_lot_8035268,__import__.location_loc_EXS100,__import__.product_8035268,2
__import__.stock_inventory_line_without_lot_8044801,__import__.location_loc_EXE200,__import__.product_8044801,6
__import__.stock_inventory_line_without_lot_8032040,__import__.location_loc_EOI133,__import__.product_8032040,0
__import__.stock_inventory_line_without_lot_8013195,__import__.location_loc_EZZ195,__import__.product_8013195,0
__import__.stock_inventory_line_without_lot_8028340,__import__.location_loc_GD07D3,__import__.product_8028340,15
__import__.stock_inventory_line_without_lot_8038031,__import__.location_loc_GC26C3,__import__.product_8038031,32
__import__.stock_inventory_line_without_lot_8003392,__import__.location_loc_GF20C1,__import__.product_8003392,19
__import__.stock_inventory_line_without_lot_8038048,__import__.location_loc_GL17B3,__import__.product_8038048,26
__import__.stock_inventory_line_without_lot_8003765,__import__.location_loc_EXH104,__import__.product_8003765,7
__import__.stock_inventory_line_without_lot_8003794,__import__.location_loc_EXH105,__import__.product_8003794,3
__import__.stock_inventory_line_without_lot_8020427,__import__.location_loc_EXG509,__import__.product_8020427,2
__import__.stock_inventory_line_without_lot_8038611,__import__.location_loc_GD10A3,__import__.product_8038611,32
__import__.stock_inventory_line_without_lot_8025293,__import__.location_loc_GE03F3,__import__.product_8025293,2
__import__.stock_inventory_line_without_lot_8039987,__import__.location_loc_GD11A2,__import__.product_8039987,87
__import__.stock_inventory_line_without_lot_8040039,__import__.location_loc_GF27A3,__import__.product_8040039,18
__import__.stock_inventory_line_without_lot_8030615,__import__.location_loc_EXH500,__import__.product_8030615,22
__import__.stock_inventory_line_without_lot_8007616,__import__.location_loc_GE05E5,__import__.product_8007616,2
__import__.stock_inventory_line_without_lot_8028417,__import__.location_loc_EXG600,__import__.product_8028417,44
__import__.stock_inventory_line_without_lot_8040861,__import__.location_loc_GE11C1,__import__.product_8040861,48
__import__.stock_inventory_line_without_lot_8048905,__import__.location_loc_GK17B1,__import__.product_8048905,5
__import__.stock_inventory_line_without_lot_8050196,__import__.location_loc_GL04B2,__import__.product_8050196,3
__import__.stock_inventory_line_without_lot_8022751,__import__.location_loc_EOC225,__import__.product_8022751,3
__import__.stock_inventory_line_without_lot_8007622,__import__.location_loc_GE05F7,__import__.product_8007622,6
__import__.stock_inventory_line_without_lot_8001737,__import__.location_loc_EXH400,__import__.product_8001737,0
__import__.stock_inventory_line_without_lot_8001878,__import__.location_loc_GC03F3,__import__.product_8001878,8
__import__.stock_inventory_line_without_lot_8025123,__import__.location_loc_EXO213,__import__.product_8025123,3
__import__.stock_inventory_line_without_lot_8021639,__import__.location_loc_EXF100,__import__.product_8021639,1
__import__.stock_inventory_line_without_lot_8045203,__import__.location_loc_EOH114,__import__.product_8045203,9
__import__.stock_inventory_line_without_lot_8021645,__import__.location_loc_EOH164,__import__.product_8021645,2
__import__.stock_inventory_line_without_lot_6112326,__import__.location_loc_GE01B6,__import__.product_6112326,4
__import__.stock_inventory_line_without_lot_8054053,__import__.location_loc_GE11F6,__import__.product_8054053,14
__import__.stock_inventory_line_without_lot_8033832,__import__.location_loc_GE03A1,__import__.product_8033832,4
__import__.stock_inventory_line_without_lot_8026223,__import__.location_loc_EXO208,__import__.product_8026223,0
__import__.stock_inventory_line_without_lot_8050256,__import__.location_loc_GD19C5,__import__.product_8050256,64
__import__.stock_inventory_line_without_lot_8043960,__import__.location_loc_EXG600,__import__.product_8043960,6
__import__.stock_inventory_line_without_lot_8026507,__import__.location_loc_GE13B7,__import__.product_8026507,0
__import__.stock_inventory_line_without_lot_8024394,__import__.location_loc_EXD100,__import__.product_8024394,1
__import__.stock_inventory_line_without_lot_6508254,__import__.location_loc_EOE158,__import__.product_6508254,10
__import__.stock_inventory_line_without_lot_8025318,__import__.location_loc_EXF400,__import__.product_8025318,2
__import__.stock_inventory_line_without_lot_8039740,__import__.location_loc_GC02C2,__import__.product_8039740,12
__import__.stock_inventory_line_without_lot_8039711,__import__.location_loc_GF30D2,__import__.product_8039711,3
__import__.stock_inventory_line_without_lot_8040393,__import__.location_loc_EXD500,__import__.product_8040393,1
__import__.stock_inventory_line_without_lot_8704917,__import__.location_loc_EXJ800,__import__.product_8704917,0
__import__.stock_inventory_line_without_lot_8039734,__import__.location_loc_GD26B1,__import__.product_8039734,8
__import__.stock_inventory_line_without_lot_8039728,__import__.location_loc_EXQ200,__import__.product_8039728,5
__import__.stock_inventory_line_without_lot_8007013,__import__.location_loc_GD06D2,__import__.product_8007013,9
__import__.stock_inventory_line_without_lot_8030590,__import__.location_loc_GG23D3,__import__.product_8030590,23
__import__.stock_inventory_line_without_lot_0183137,__import__.location_loc_GF24A1,__import__.product_0183137,4
__import__.stock_inventory_line_without_lot_0825687,__import__.location_loc_GD21A5,__import__.product_0825687,8
__import__.stock_inventory_line_without_lot_0011002,__import__.location_loc_GD17D1,__import__.product_0011002,5
__import__.stock_inventory_line_without_lot_7302500,__import__.location_loc_GG10B4,__import__.product_7302500,119
__import__.stock_inventory_line_without_lot_1113372,__import__.location_loc_GE15E4,__import__.product_1113372,6
__import__.stock_inventory_line_without_lot_0086132,__import__.location_loc_GG10C2,__import__.product_0086132,33
__import__.stock_inventory_line_without_lot_8043888,__import__.location_loc_GC27B2,__import__.product_8043888,132
__import__.stock_inventory_line_without_lot_8043894,__import__.location_loc_GC27D1,__import__.product_8043894,92
__import__.stock_inventory_line_without_lot_8043925,__import__.location_loc_GC29A2,__import__.product_8043925,67
__import__.stock_inventory_line_without_lot_8001708,__import__.location_loc_EXD500,__import__.product_8001708,2
__import__.stock_inventory_line_without_lot_8005758,__import__.location_loc_GE13D6,__import__.product_8005758,2
__import__.stock_inventory_line_without_lot_8005770,__import__.location_loc_GD10B2,__import__.product_8005770,49
__import__.stock_inventory_line_without_lot_8006002,__import__.location_loc_GG01A3,__import__.product_8006002,6
__import__.stock_inventory_line_without_lot_8014674,__import__.location_loc_EXB522,__import__.product_8014674,1
__import__.stock_inventory_line_without_lot_8032011,__import__.location_loc_EXD510,__import__.product_8032011,13
__import__.stock_inventory_line_without_lot_8039504,__import__.location_loc_EXI200,__import__.product_8039504,6
__import__.stock_inventory_line_without_lot_8006031,__import__.location_loc_GF20E2,__import__.product_8006031,4
__import__.stock_inventory_line_without_lot_8008136,__import__.location_loc_EXG140,__import__.product_8008136,4
__import__.stock_inventory_line_without_lot_8008113,__import__.location_loc_EXG160,__import__.product_8008113,1
__import__.stock_inventory_line_without_lot_8008107,__import__.location_loc_EXG130,__import__.product_8008107,3
__import__.stock_inventory_line_without_lot_8050434,__import__.location_loc_EXF100,__import__.product_8050434,0
__import__.stock_inventory_line_without_lot_8038522,__import__.location_loc_AM02A3,__import__.product_8038522,546
__import__.stock_inventory_line_without_lot_8003788,__import__.location_loc_EXH106,__import__.product_8003788,2
__import__.stock_inventory_line_without_lot_8016236,__import__.location_loc_EOB202,__import__.product_8016236,1
__import__.stock_inventory_line_without_lot_8001772,__import__.location_loc_EXH400,__import__.product_8001772,4
__import__.stock_inventory_line_without_lot_8001766,__import__.location_loc_EOA175,__import__.product_8001766,1
__import__.stock_inventory_line_without_lot_8001973,__import__.location_loc_EOH194,__import__.product_8001973,1
__import__.stock_inventory_line_without_lot_8035096,__import__.location_loc_GF31C1,__import__.product_8035096,8
__import__.stock_inventory_line_without_lot_8035104,__import__.location_loc_GB18D4,__import__.product_8035104,19
__import__.stock_inventory_line_without_lot_8014266,__import__.location_loc_EOI178,__import__.product_8014266,1
__import__.stock_inventory_line_without_lot_8045025,__import__.location_loc_EOH122,__import__.product_8045025,2
__import__.stock_inventory_line_without_lot_8045002,__import__.location_loc_EOH121,__import__.product_8045002,7
__import__.stock_inventory_line_without_lot_8044793,__import__.location_loc_EXO232,__import__.product_8044793,16
__import__.stock_inventory_line_without_lot_8039935,__import__.location_loc_EOE129,__import__.product_8039935,6
__import__.stock_inventory_line_without_lot_8035966,__import__.location_loc_GF18B7,__import__.product_8035966,2
__import__.stock_inventory_line_without_lot_8048934,__import__.location_loc_EXG500,__import__.product_8048934,5
__import__.stock_inventory_line_without_lot_8007183,__import__.location_loc_GC24D4,__import__.product_8007183,98
__import__.stock_inventory_line_without_lot_8027760,__import__.location_loc_GF20A2,__import__.product_8027760,4
__import__.stock_inventory_line_without_lot_8001298,__import__.location_loc_EXF200,__import__.product_8001298,1
__import__.stock_inventory_line_without_lot_8072997,__import__.location_loc_EXK700,__import__.product_8072997,1
__import__.stock_inventory_line_without_lot_0067306,__import__.location_loc_GB22C2,__import__.product_0067306,27
__import__.stock_inventory_line_without_lot_0067330,__import__.location_loc_GD14C4,__import__.product_0067330,16
__import__.stock_inventory_line_without_lot_0817015,__import__.location_loc_GD10D4,__import__.product_0817015,86
__import__.stock_inventory_line_without_lot_0067678,__import__.location_loc_GH07D3,__import__.product_0067678,12
__import__.stock_inventory_line_without_lot_0392704,__import__.location_loc_GK03B3,__import__.product_0392704,104
__import__.stock_inventory_line_without_lot_0391151,__import__.location_loc_GK04B2,__import__.product_0391151,65
__import__.stock_inventory_line_without_lot_0040097,__import__.location_loc_GB18B4,__import__.product_0040097,18
__import__.stock_inventory_line_without_lot_0816934,__import__.location_loc_GF30A7,__import__.product_0816934,0
__import__.stock_inventory_line_without_lot_0801787,__import__.location_loc_GA05B5,__import__.product_0801787,5
__import__.stock_inventory_line_without_lot_0870071,__import__.location_loc_GL06B5,__import__.product_0870071,55
__import__.stock_inventory_line_without_lot_0394569,__import__.location_loc_GG06C2,__import__.product_0394569,16
__import__.stock_inventory_line_without_lot_0675934,__import__.location_loc_GD14D1,__import__.product_0675934,11
__import__.stock_inventory_line_without_lot_8003624,__import__.location_loc_EOI148,__import__.product_8003624,2
__import__.stock_inventory_line_without_lot_8003630,__import__.location_loc_EOI149,__import__.product_8003630,4
__import__.stock_inventory_line_without_lot_8003707,__import__.location_loc_EXH102,__import__.product_8003707,7
__import__.stock_inventory_line_without_lot_8003713,__import__.location_loc_EOE115,__import__.product_8003713,0
__import__.stock_inventory_line_without_lot_8022768,__import__.location_loc_EXJ609,__import__.product_8022768,4
__import__.stock_inventory_line_without_lot_8003819,__import__.location_loc_EXH108,__import__.product_8003819,5
__import__.stock_inventory_line_without_lot_8022774,__import__.location_loc_EXJ610,__import__.product_8022774,2
__import__.stock_inventory_line_without_lot_8049632,__import__.location_loc_PO03D4,__import__.product_8049632,2
__import__.stock_inventory_line_without_lot_8039415,__import__.location_loc_GF21B3,__import__.product_8039415,4
__import__.stock_inventory_line_without_lot_8014243,__import__.location_loc_GC02D5,__import__.product_8014243,0
__import__.stock_inventory_line_without_lot_8017715,__import__.location_loc_EXB600,__import__.product_8017715,4
__import__.stock_inventory_line_without_lot_8017678,__import__.location_loc_EXB610,__import__.product_8017678,4
__import__.stock_inventory_line_without_lot_8017684,__import__.location_loc_EXB600,__import__.product_8017684,2
__import__.stock_inventory_line_without_lot_8017690,__import__.location_loc_EXB612,__import__.product_8017690,2
__import__.stock_inventory_line_without_lot_8019045,__import__.location_loc_EXC510,__import__.product_8019045,1
__import__.stock_inventory_line_without_lot_8018519,__import__.location_loc_EXC501,__import__.product_8018519,3
__import__.stock_inventory_line_without_lot_8018637,__import__.location_loc_EXC502,__import__.product_8018637,1
__import__.stock_inventory_line_without_lot_8018689,__import__.location_loc_EXC503,__import__.product_8018689,1
__import__.stock_inventory_line_without_lot_8018784,__import__.location_loc_EXC504,__import__.product_8018784,4
__import__.stock_inventory_line_without_lot_8018844,__import__.location_loc_EXC505,__import__.product_8018844,2
__import__.stock_inventory_line_without_lot_8018867,__import__.location_loc_EXC506,__import__.product_8018867,1
__import__.stock_inventory_line_without_lot_8024224,__import__.location_loc_EXF504,__import__.product_8024224,4
__import__.stock_inventory_line_without_lot_8040708,__import__.location_loc_GA07A3,__import__.product_8040708,25
__import__.stock_inventory_line_without_lot_7146603,__import__.location_loc_GD21A2,__import__.product_7146603,32
__import__.stock_inventory_line_without_lot_7761015,__import__.location_loc_EXN217,__import__.product_7761015,1
__import__.stock_inventory_line_without_lot_8020456,__import__.location_loc_EOF104,__import__.product_8020456,10
__import__.stock_inventory_line_without_lot_8039958,__import__.location_loc_GE04D1,__import__.product_8039958,244
__import__.stock_inventory_line_without_lot_8037913,__import__.location_loc_EXE400,__import__.product_8037913,4
__import__.stock_inventory_line_without_lot_2315083,__import__.location_loc_EXD104,__import__.product_2315083,0
__import__.stock_inventory_line_without_lot_1400099,__import__.location_loc_EXD600,__import__.product_1400099,0
__import__.stock_inventory_line_without_lot_1401000,__import__.location_loc_EXD600,__import__.product_1401000,25
__import__.stock_inventory_line_without_lot_1405026,__import__.location_loc_EOG171,__import__.product_1405026,0
__import__.stock_inventory_line_without_lot_1405027,__import__.location_loc_EOG174,__import__.product_1405027,3
__import__.stock_inventory_line_without_lot_1405028,__import__.location_loc_EOG173,__import__.product_1405028,0
__import__.stock_inventory_line_without_lot_1405029,__import__.location_loc_EOG172,__import__.product_1405029,0
__import__.stock_inventory_line_without_lot_1405069,__import__.location_loc_EXD620,__import__.product_1405069,0
__import__.stock_inventory_line_without_lot_1405179,__import__.location_loc_EXH602,__import__.product_1405179,35
__import__.stock_inventory_line_without_lot_6502210,__import__.location_loc_EXP000,__import__.product_6502210,3
__import__.stock_inventory_line_without_lot_6502213,__import__.location_loc_EXP000,__import__.product_6502213,1
__import__.stock_inventory_line_without_lot_0180370,__import__.location_loc_EXP000,__import__.product_0180370,1
__import__.stock_inventory_line_without_lot_6043001,__import__.location_loc_PE05D3,__import__.product_6043001,7
__import__.stock_inventory_line_without_lot_6355005,__import__.location_loc_EXE500,__import__.product_6355005,2
__import__.stock_inventory_line_without_lot_6355006,__import__.location_loc_EXP000,__import__.product_6355006,0
__import__.stock_inventory_line_without_lot_6355020,__import__.location_loc_GC09A4,__import__.product_6355020,0
__import__.stock_inventory_line_without_lot_6450005,__import__.location_loc_EXJ613,__import__.product_6450005,3
__import__.stock_inventory_line_without_lot_6450006,__import__.location_loc_EXJ614,__import__.product_6450006,6
__import__.stock_inventory_line_without_lot_6450007,__import__.location_loc_EZZ007,__import__.product_6450007,1
__import__.stock_inventory_line_without_lot_6450008,__import__.location_loc_EXJ616,__import__.product_6450008,1
__import__.stock_inventory_line_without_lot_6450009,__import__.location_loc_EXT261,__import__.product_6450009,0
__import__.stock_inventory_line_without_lot_6450016,__import__.location_loc_GL01B3,__import__.product_6450016,5
__import__.stock_inventory_line_without_lot_6450018,__import__.location_loc_EXD300,__import__.product_6450018,2
__import__.stock_inventory_line_without_lot_6450024,__import__.location_loc_EXD509,__import__.product_6450024,3
__import__.stock_inventory_line_without_lot_7413006,__import__.location_loc_GE01B2,__import__.product_7413006,0
__import__.stock_inventory_line_without_lot_7413010,__import__.location_loc_GL04B6,__import__.product_7413010,11
__import__.stock_inventory_line_without_lot_6605001,__import__.location_loc_EOF144,__import__.product_6605001,2
__import__.stock_inventory_line_without_lot_6605004,__import__.location_loc_EXS326,__import__.product_6605004,4
__import__.stock_inventory_line_without_lot_1136498,__import__.location_loc_GA07A1,__import__.product_1136498,16
__import__.stock_inventory_line_without_lot_6655001,__import__.location_loc_EXG515,__import__.product_6655001,1
__import__.stock_inventory_line_without_lot_8003647,__import__.location_loc_EOI150,__import__.product_8003647,5
__import__.stock_inventory_line_without_lot_8003676,__import__.location_loc_EOI151,__import__.product_8003676,0
__import__.stock_inventory_line_without_lot_6815003,__import__.location_loc_EXD110,__import__.product_6815003,0
__import__.stock_inventory_line_without_lot_6815009,__import__.location_loc_EXD600,__import__.product_6815009,1
__import__.stock_inventory_line_without_lot_6815010,__import__.location_loc_EXD600,__import__.product_6815010,1
__import__.stock_inventory_line_without_lot_6815013,__import__.location_loc_EXD600,__import__.product_6815013,2
__import__.stock_inventory_line_without_lot_0111054,__import__.location_loc_GD18D2,__import__.product_0111054,22
__import__.stock_inventory_line_without_lot_0111591,__import__.location_loc_GD18C4,__import__.product_0111591,17
__import__.stock_inventory_line_without_lot_0111963,__import__.location_loc_GD18A2,__import__.product_0111963,49
__import__.stock_inventory_line_without_lot_7500401,__import__.location_loc_GF28C1,__import__.product_7500401,2
__import__.stock_inventory_line_without_lot_7500411,__import__.location_loc_GF28B4,__import__.product_7500411,1
__import__.stock_inventory_line_without_lot_8028733,__import__.location_loc_EXB200,__import__.product_8028733,2
__import__.stock_inventory_line_without_lot_8034203,__import__.location_loc_EXC400,__import__.product_8034203,0
__import__.stock_inventory_line_without_lot_8055004,__import__.location_loc_EOB162,__import__.product_8055004,2
__import__.stock_inventory_line_without_lot_8092516,__import__.location_loc_EXB100,__import__.product_8092516,1
__import__.stock_inventory_line_without_lot_8037712,__import__.location_loc_EXN227,__import__.product_8037712,2
__import__.stock_inventory_line_without_lot_7429006,__import__.location_loc_EXK715,__import__.product_7429006,0
__import__.stock_inventory_line_without_lot_7429008,__import__.location_loc_EXO209,__import__.product_7429008,7
__import__.stock_inventory_line_without_lot_6390002,__import__.location_loc_GC03C3,__import__.product_6390002,13
__import__.stock_inventory_line_without_lot_8048147,__import__.location_loc_EXR100,__import__.product_8048147,1
__import__.stock_inventory_line_without_lot_8020433,__import__.location_loc_EOF141,__import__.product_8020433,27
__import__.stock_inventory_line_without_lot_7429030,__import__.location_loc_EXN220,__import__.product_7429030,8
__import__.stock_inventory_line_without_lot_7429036,__import__.location_loc_EOE180,__import__.product_7429036,1
__import__.stock_inventory_line_without_lot_8020841,__import__.location_loc_EXN102,__import__.product_8020841,5
__import__.stock_inventory_line_without_lot_7429040,__import__.location_loc_EXS322,__import__.product_7429040,6
__import__.stock_inventory_line_without_lot_8021289,__import__.location_loc_EXS219,__import__.product_8021289,8
__import__.stock_inventory_line_without_lot_8021220,__import__.location_loc_EXS214,__import__.product_8021220,26
__import__.stock_inventory_line_without_lot_8021237,__import__.location_loc_EXS209,__import__.product_8021237,12
__import__.stock_inventory_line_without_lot_8020605,__import__.location_loc_EOD189,__import__.product_8020605,3
__import__.stock_inventory_line_without_lot_7429054,__import__.location_loc_EOF125,__import__.product_7429054,57
__import__.stock_inventory_line_without_lot_7429055,__import__.location_loc_EXN214,__import__.product_7429055,5
__import__.stock_inventory_line_without_lot_8021272,__import__.location_loc_EXS212,__import__.product_8021272,30
__import__.stock_inventory_line_without_lot_7429059,__import__.location_loc_EXN204,__import__.product_7429059,17
__import__.stock_inventory_line_without_lot_7429068,__import__.location_loc_EXN226,__import__.product_7429068,25
__import__.stock_inventory_line_without_lot_8030012,__import__.location_loc_EXH300,__import__.product_8030012,1
__import__.stock_inventory_line_without_lot_8018324,__import__.location_loc_EXB535,__import__.product_8018324,2
__import__.stock_inventory_line_without_lot_8018353,__import__.location_loc_EXB502,__import__.product_8018353,2
__import__.stock_inventory_line_without_lot_8018382,__import__.location_loc_EXB503,__import__.product_8018382,2
__import__.stock_inventory_line_without_lot_8018413,__import__.location_loc_EXB504,__import__.product_8018413,2
__import__.stock_inventory_line_without_lot_8018436,__import__.location_loc_EXB505,__import__.product_8018436,2
__import__.stock_inventory_line_without_lot_8018442,__import__.location_loc_EXB506,__import__.product_8018442,2
__import__.stock_inventory_line_without_lot_8018502,__import__.location_loc_EXC509,__import__.product_8018502,1
__import__.stock_inventory_line_without_lot_8018301,__import__.location_loc_EXC509,__import__.product_8018301,1
__import__.stock_inventory_line_without_lot_8030130,__import__.location_loc_EXH300,__import__.product_8030130,5
__import__.stock_inventory_line_without_lot_7758516,__import__.location_loc_EOB221,__import__.product_7758516,24
__import__.stock_inventory_line_without_lot_7764011,__import__.location_loc_GZZ999,__import__.product_7764011,0
__import__.stock_inventory_line_without_lot_7131750,__import__.location_loc_GF22A3,__import__.product_7131750,4
__import__.stock_inventory_line_without_lot_6395001,__import__.location_loc_GD08D7,__import__.product_6395001,0
__import__.stock_inventory_line_without_lot_8043807,__import__.location_loc_EXT535,__import__.product_8043807,1
__import__.stock_inventory_line_without_lot_8043836,__import__.location_loc_GK17F2,__import__.product_8043836,1
__import__.stock_inventory_line_without_lot_6395008,__import__.location_loc_GF22F7,__import__.product_6395008,1
__import__.stock_inventory_line_without_lot_1180280,__import__.location_loc_GK02B4,__import__.product_1180280,226
__import__.stock_inventory_line_without_lot_1181163,__import__.location_loc_GI11B2,__import__.product_1181163,1068
__import__.stock_inventory_line_without_lot_0816900,__import__.location_loc_GE01D2,__import__.product_0816900,8
__import__.stock_inventory_line_without_lot_0816918,__import__.location_loc_GD20A3,__import__.product_0816918,9
__import__.stock_inventory_line_without_lot_0816926,__import__.location_loc_GD18B5,__import__.product_0816926,6
__import__.stock_inventory_line_without_lot_0392670,__import__.location_loc_GD23A4,__import__.product_0392670,63
__import__.stock_inventory_line_without_lot_7924001,__import__.location_loc_EZZ071,__import__.product_7924001,0
__import__.stock_inventory_line_without_lot_0667139,__import__.location_loc_GE14B3,__import__.product_0667139,2
__import__.stock_inventory_line_without_lot_7930104,__import__.location_loc_GL02A2,__import__.product_7930104,11
__import__.stock_inventory_line_without_lot_1180306,__import__.location_loc_GD18A3,__import__.product_1180306,77
__import__.stock_inventory_line_without_lot_1180314,__import__.location_loc_GD20B4,__import__.product_1180314,97
__import__.stock_inventory_line_without_lot_1180322,__import__.location_loc_GK05B4,__import__.product_1180322,228
__import__.stock_inventory_line_without_lot_8165004,__import__.location_loc_GE11D5,__import__.product_8165004,12
__import__.stock_inventory_line_without_lot_8165006,__import__.location_loc_GE15C1,__import__.product_8165006,4
__import__.stock_inventory_line_without_lot_8165008,__import__.location_loc_GE11B6,__import__.product_8165008,18
__import__.stock_inventory_line_without_lot_8165009,__import__.location_loc_GE11A6,__import__.product_8165009,17
__import__.stock_inventory_line_without_lot_7920001,__import__.location_loc_GE05D4,__import__.product_7920001,0
__import__.stock_inventory_line_without_lot_8165020,__import__.location_loc_GE11G6,__import__.product_8165020,14
__import__.stock_inventory_line_without_lot_8165027,__import__.location_loc_GE07F1,__import__.product_8165027,7
__import__.stock_inventory_line_without_lot_0499270,__import__.location_loc_EXG600,__import__.product_0499270,46
__import__.stock_inventory_line_without_lot_7445032,__import__.location_loc_GG02D3,__import__.product_7445032,20
__import__.stock_inventory_line_without_lot_7445033,__import__.location_loc_GF29C1,__import__.product_7445033,2
__import__.stock_inventory_line_without_lot_8051592,__import__.location_loc_GE19B2,__import__.product_8051592,209
__import__.stock_inventory_line_without_lot_8051563,__import__.location_loc_GE19A2,__import__.product_8051563,222
__import__.stock_inventory_line_without_lot_8051623,__import__.location_loc_GE21B2,__import__.product_8051623,195
__import__.stock_inventory_line_without_lot_8051617,__import__.location_loc_GE19A1,__import__.product_8051617,185
__import__.stock_inventory_line_without_lot_8051646,__import__.location_loc_GE21A2,__import__.product_8051646,136
__import__.stock_inventory_line_without_lot_8006611,__import__.location_loc_GK18A1,__import__.product_8006611,4
__import__.stock_inventory_line_without_lot_8030118,__import__.location_loc_EXH300,__import__.product_8030118,1
__import__.stock_inventory_line_without_lot_8030070,__import__.location_loc_EXH400,__import__.product_8030070,3
__import__.stock_inventory_line_without_lot_8031939,__import__.location_loc_EXH502,__import__.product_8031939,3
__import__.stock_inventory_line_without_lot_8030087,__import__.location_loc_EXH400,__import__.product_8030087,2
__import__.stock_inventory_line_without_lot_8030025,__import__.location_loc_EOG213,__import__.product_8030025,4
__import__.stock_inventory_line_without_lot_8034079,__import__.location_loc_EXF510,__import__.product_8034079,2
__import__.stock_inventory_line_without_lot_8030176,__import__.location_loc_EXH300,__import__.product_8030176,1
__import__.stock_inventory_line_without_lot_8029954,__import__.location_loc_EXH200,__import__.product_8029954,0
__import__.stock_inventory_line_without_lot_8019536,__import__.location_loc_EXN118,__import__.product_8019536,6
__import__.stock_inventory_line_without_lot_8018525,__import__.location_loc_EXC501,__import__.product_8018525,1
__import__.stock_inventory_line_without_lot_8018838,__import__.location_loc_EXC500,__import__.product_8018838,2
__import__.stock_inventory_line_without_lot_8021415,__import__.location_loc_EXF503,__import__.product_8021415,0
__import__.stock_inventory_line_without_lot_8044020,__import__.location_loc_EXP000,__import__.product_8044020,4
__import__.stock_inventory_line_without_lot_6260016,__import__.location_loc_GD20C1,__import__.product_6260016,3
__import__.stock_inventory_line_without_lot_8025979,__import__.location_loc_EOE154,__import__.product_8025979,1
__import__.stock_inventory_line_without_lot_8008142,__import__.location_loc_EXG150,__import__.product_8008142,4
__import__.stock_inventory_line_without_lot_8045172,__import__.location_loc_GC11D5,__import__.product_8045172,14
__import__.stock_inventory_line_without_lot_8028274,__import__.location_loc_EXF507,__import__.product_8028274,20
__import__.stock_inventory_line_without_lot_8015751,__import__.location_loc_EXH510,__import__.product_8015751,56
__import__.stock_inventory_line_without_lot_8242025,__import__.location_loc_GE11F5,__import__.product_8242025,14
__import__.stock_inventory_line_without_lot_8241830,__import__.location_loc_GE11A4,__import__.product_8241830,16
__import__.stock_inventory_line_without_lot_8241825,__import__.location_loc_GE11B4,__import__.product_8241825,6
__import__.stock_inventory_line_without_lot_8241820,__import__.location_loc_GE11C3,__import__.product_8241820,21
__import__.stock_inventory_line_without_lot_8241620,__import__.location_loc_GE11D3,__import__.product_8241620,3
__import__.stock_inventory_line_without_lot_8022389,__import__.location_loc_EXI995,__import__.product_8022389,3
__import__.stock_inventory_line_without_lot_8242130,__import__.location_loc_GE11C4,__import__.product_8242130,16
__import__.stock_inventory_line_without_lot_8030124,__import__.location_loc_EXH300,__import__.product_8030124,4
__import__.stock_inventory_line_without_lot_8241840,__import__.location_loc_GF24E4,__import__.product_8241840,4
__import__.stock_inventory_line_without_lot_8245005,__import__.location_loc_GD13B3,__import__.product_8245005,155
__import__.stock_inventory_line_without_lot_8041688,__import__.location_loc_EXH400,__import__.product_8041688,1
__import__.stock_inventory_line_without_lot_8030101,__import__.location_loc_EXH300,__import__.product_8030101,2
__import__.stock_inventory_line_without_lot_8245007,__import__.location_loc_GF32E3,__import__.product_8245007,0
__import__.stock_inventory_line_without_lot_8030029,__import__.location_loc_EXH300,__import__.product_8030029,2
__import__.stock_inventory_line_without_lot_8241630,__import__.location_loc_GF30D1,__import__.product_8241630,16
__import__.stock_inventory_line_without_lot_8242035,__import__.location_loc_GC07A2,__import__.product_8242035,5
__import__.stock_inventory_line_without_lot_8242225,__import__.location_loc_GF26E4,__import__.product_8242225,5
__import__.stock_inventory_line_without_lot_8270002,__import__.location_loc_GB29A4,__import__.product_8270002,525
__import__.stock_inventory_line_without_lot_0481366,__import__.location_loc_GL17B6,__import__.product_0481366,24
__import__.stock_inventory_line_without_lot_0481358,__import__.location_loc_GB01D5,__import__.product_0481358,233
__import__.stock_inventory_line_without_lot_8270021,__import__.location_loc_GE03C2,__import__.product_8270021,28
__import__.stock_inventory_line_without_lot_8270040,__import__.location_loc_GE11B7,__import__.product_8270040,36
__import__.stock_inventory_line_without_lot_8018293,__import__.location_loc_EXC509,__import__.product_8018293,2
__import__.stock_inventory_line_without_lot_8028541,__import__.location_loc_GE07B1,__import__.product_8028541,7
__import__.stock_inventory_line_without_lot_8270056,__import__.location_loc_GC13E5,__import__.product_8270056,39
__import__.stock_inventory_line_without_lot_8270057,__import__.location_loc_GB18C2,__import__.product_8270057,16
__import__.stock_inventory_line_without_lot_8315002,__import__.location_loc_EXK501,__import__.product_8315002,15
__import__.stock_inventory_line_without_lot_8270128,__import__.location_loc_GD08D3,__import__.product_8270128,14
__import__.stock_inventory_line_without_lot_8028469,__import__.location_loc_EXN103,__import__.product_8028469,22
__import__.stock_inventory_line_without_lot_8028452,__import__.location_loc_EXO100,__import__.product_8028452,2
__import__.stock_inventory_line_without_lot_8270134,__import__.location_loc_EXH200,__import__.product_8270134,2
__import__.stock_inventory_line_without_lot_8043931,__import__.location_loc_GE05D2,__import__.product_8043931,21
__import__.stock_inventory_line_without_lot_0029149,__import__.location_loc_EOG191,__import__.product_0029149,1
__import__.stock_inventory_line_without_lot_8043948,__import__.location_loc_GE13E4,__import__.product_8043948,23
__import__.stock_inventory_line_without_lot_8043954,__import__.location_loc_GE13B5,__import__.product_8043954,34
__import__.stock_inventory_line_without_lot_8041576,__import__.location_loc_GE07G4,__import__.product_8041576,8
__import__.stock_inventory_line_without_lot_8032413,__import__.location_loc_EXH200,__import__.product_8032413,1
__import__.stock_inventory_line_without_lot_8028558,__import__.location_loc_GF26E1,__import__.product_8028558,10
__import__.stock_inventory_line_without_lot_8045189,__import__.location_loc_GC13E2,__import__.product_8045189,73
__import__.stock_inventory_line_without_lot_8003736,__import__.location_loc_EXH103,__import__.product_8003736,4
__import__.stock_inventory_line_without_lot_8007711,__import__.location_loc_GE13A6,__import__.product_8007711,41
__import__.stock_inventory_line_without_lot_8007697,__import__.location_loc_GE15F2,__import__.product_8007697,21
__import__.stock_inventory_line_without_lot_8007705,__import__.location_loc_GE15G5,__import__.product_8007705,5
__import__.stock_inventory_line_without_lot_6350538,__import__.location_loc_GE09C6,__import__.product_6350538,5
__import__.stock_inventory_line_without_lot_8270167,__import__.location_loc_GF30G6,__import__.product_8270167,14
__import__.stock_inventory_line_without_lot_8270187,__import__.location_loc_GE04D2,__import__.product_8270187,5
__import__.stock_inventory_line_without_lot_6352013,__import__.location_loc_EXG600,__import__.product_6352013,25
__import__.stock_inventory_line_without_lot_8270201,__import__.location_loc_GE15A1,__import__.product_8270201,30
__import__.stock_inventory_line_without_lot_6352016,__import__.location_loc_EXG600,__import__.product_6352016,12
__import__.stock_inventory_line_without_lot_6352017,__import__.location_loc_EXG600,__import__.product_6352017,82
__import__.stock_inventory_line_without_lot_8007740,__import__.location_loc_GF20G6,__import__.product_8007740,3
__import__.stock_inventory_line_without_lot_8007763,__import__.location_loc_GF26E8,__import__.product_8007763,2
__import__.stock_inventory_line_without_lot_8007734,__import__.location_loc_GC03B2,__import__.product_8007734,3
__import__.stock_inventory_line_without_lot_8007728,__import__.location_loc_GF21B2,__import__.product_8007728,7
__import__.stock_inventory_line_without_lot_8005190,__import__.location_loc_EXS312,__import__.product_8005190,0
__import__.stock_inventory_line_without_lot_8028972,__import__.location_loc_GE05B6,__import__.product_8028972,28
__import__.stock_inventory_line_without_lot_8005215,__import__.location_loc_EXS314,__import__.product_8005215,0
__import__.stock_inventory_line_without_lot_8046970,__import__.location_loc_EXT270,__import__.product_8046970,0
__import__.stock_inventory_line_without_lot_8045551,__import__.location_loc_EXB511,__import__.product_8045551,1
__import__.stock_inventory_line_without_lot_8046987,__import__.location_loc_EXB508,__import__.product_8046987,2
__import__.stock_inventory_line_without_lot_8046993,__import__.location_loc_EXB509,__import__.product_8046993,4
__import__.stock_inventory_line_without_lot_7910032,__import__.location_loc_GB06E4,__import__.product_7910032,16
__import__.stock_inventory_line_without_lot_7930111,__import__.location_loc_GC02A1,__import__.product_7930111,0
__import__.stock_inventory_line_without_lot_7930117,__import__.location_loc_GK13B4,__import__.product_7930117,89
__import__.stock_inventory_line_without_lot_7930122,__import__.location_loc_GA11A3,__import__.product_7930122,12
__import__.stock_inventory_line_without_lot_7930129,__import__.location_loc_GC19B3,__import__.product_7930129,403
__import__.stock_inventory_line_without_lot_7930131,__import__.location_loc_GB06B5,__import__.product_7930131,2
__import__.stock_inventory_line_without_lot_7735004,__import__.location_loc_GE03E4,__import__.product_7735004,51
__import__.stock_inventory_line_without_lot_7735010,__import__.location_loc_GD09D4,__import__.product_7735010,62
__import__.stock_inventory_line_without_lot_7737008,__import__.location_loc_EXD621,__import__.product_7737008,3
__import__.stock_inventory_line_without_lot_8035937,__import__.location_loc_EXP000,__import__.product_8035937,6
__import__.stock_inventory_line_without_lot_8037899,__import__.location_loc_EXE400,__import__.product_8037899,6
__import__.stock_inventory_line_without_lot_8037907,__import__.location_loc_EXE400,__import__.product_8037907,4
__import__.stock_inventory_line_without_lot_2421408,__import__.location_loc_EXD621,__import__.product_2421408,2
__import__.stock_inventory_line_without_lot_8032028,__import__.location_loc_EXE500,__import__.product_8032028,1
__import__.stock_inventory_line_without_lot_8018979,__import__.location_loc_EXC507,__import__.product_8018979,2
__import__.stock_inventory_line_without_lot_8018985,__import__.location_loc_EXC508,__import__.product_8018985,2
__import__.stock_inventory_line_without_lot_8019016,__import__.location_loc_EXC509,__import__.product_8019016,2
__import__.stock_inventory_line_without_lot_8019039,__import__.location_loc_EXC509,__import__.product_8019039,2
__import__.stock_inventory_line_without_lot_7920024,__import__.location_loc_GD06D5,__import__.product_7920024,31
__import__.stock_inventory_line_without_lot_7920027,__import__.location_loc_GF19D2,__import__.product_7920027,0
__import__.stock_inventory_line_without_lot_7920030,__import__.location_loc_GA09C3,__import__.product_7920030,2
__import__.stock_inventory_line_without_lot_7920033,__import__.location_loc_EOC109,__import__.product_7920033,1
__import__.stock_inventory_line_without_lot_7920034,__import__.location_loc_EOE150,__import__.product_7920034,2
__import__.stock_inventory_line_without_lot_7920042,__import__.location_loc_EOC134,__import__.product_7920042,6
__import__.stock_inventory_line_without_lot_7920043,__import__.location_loc_EOD103,__import__.product_7920043,6
__import__.stock_inventory_line_without_lot_7920044,__import__.location_loc_GF20E1,__import__.product_7920044,2
__import__.stock_inventory_line_without_lot_7920045,__import__.location_loc_GG06D4,__import__.product_7920045,8
__import__.stock_inventory_line_without_lot_7920048,__import__.location_loc_GD22B5,__import__.product_7920048,14
__import__.stock_inventory_line_without_lot_8020798,__import__.location_loc_EOF154,__import__.product_8020798,56
__import__.stock_inventory_line_without_lot_7413022,__import__.location_loc_GF29A1,__import__.product_7413022,0
__import__.stock_inventory_line_without_lot_0816892,__import__.location_loc_GE26C1,__import__.product_0816892,8
__import__.stock_inventory_line_without_lot_8242560,__import__.location_loc_GF30B2,__import__.product_8242560,6
__import__.stock_inventory_line_without_lot_8042819,__import__.location_loc_GG01C2,__import__.product_8042819,7
__import__.stock_inventory_line_without_lot_6040015,__import__.location_loc_GC01C5,__import__.product_6040015,8
__import__.stock_inventory_line_without_lot_6445001,__import__.location_loc_EXP100,__import__.product_6445001,709
__import__.stock_inventory_line_without_lot_8020806,__import__.location_loc_EOF152,__import__.product_8020806,12
__import__.stock_inventory_line_without_lot_8025494,__import__.location_loc_GE11A7,__import__.product_8025494,6
__import__.stock_inventory_line_without_lot_6352043,__import__.location_loc_EXG600,__import__.product_6352043,56
__import__.stock_inventory_line_without_lot_7429072,__import__.location_loc_EXO102,__import__.product_7429072,51
__import__.stock_inventory_line_without_lot_6395009,__import__.location_loc_GE06B5,__import__.product_6395009,3
__import__.stock_inventory_line_without_lot_8030041,__import__.location_loc_EXH400,__import__.product_8030041,3
__import__.stock_inventory_line_without_lot_8030035,__import__.location_loc_EXH400,__import__.product_8030035,3
__import__.stock_inventory_line_without_lot_8030093,__import__.location_loc_EXH300,__import__.product_8030093,2
__import__.stock_inventory_line_without_lot_8030064,__import__.location_loc_EXH300,__import__.product_8030064,3
__import__.stock_inventory_line_without_lot_8020545,__import__.location_loc_EOF157,__import__.product_8020545,5
__import__.stock_inventory_line_without_lot_6764079,__import__.location_loc_EXG500,__import__.product_6764079,4
__import__.stock_inventory_line_without_lot_8043598,__import__.location_loc_GK15A3,__import__.product_8043598,296
__import__.stock_inventory_line_without_lot_8482429,__import__.location_loc_EXS213,__import__.product_8482429,13
__import__.stock_inventory_line_without_lot_8025181,__import__.location_loc_EXL200,__import__.product_8025181,1
__import__.stock_inventory_line_without_lot_8029902,__import__.location_loc_EXH300,__import__.product_8029902,1
__import__.stock_inventory_line_without_lot_8016006,__import__.location_loc_EOI155,__import__.product_8016006,2
__import__.stock_inventory_line_without_lot_8045249,__import__.location_loc_EOH115,__import__.product_8045249,2
__import__.stock_inventory_line_without_lot_8021160,__import__.location_loc_EOB154,__import__.product_8021160,10
__import__.stock_inventory_line_without_lot_8007786,__import__.location_loc_GF22B4,__import__.product_8007786,3
__import__.stock_inventory_line_without_lot_8016130,__import__.location_loc_EXH500,__import__.product_8016130,1
__import__.stock_inventory_line_without_lot_8016182,__import__.location_loc_EOI156,__import__.product_8016182,2
__import__.stock_inventory_line_without_lot_8217128,__import__.location_loc_GE13B1,__import__.product_8217128,95
__import__.stock_inventory_line_without_lot_8260245,__import__.location_loc_EXL100,__import__.product_8260245,0
__import__.stock_inventory_line_without_lot_8040298,__import__.location_loc_EXD200,__import__.product_8040298,6
__import__.stock_inventory_line_without_lot_8031193,__import__.location_loc_EXJ412,__import__.product_8031193,5
__import__.stock_inventory_line_without_lot_8005209,__import__.location_loc_EXS313,__import__.product_8005209,4
__import__.stock_inventory_line_without_lot_8005238,__import__.location_loc_EOH232,__import__.product_8005238,0
__import__.stock_inventory_line_without_lot_6605031,__import__.location_loc_EXO117,__import__.product_6605031,19
__import__.stock_inventory_line_without_lot_6600888,__import__.location_loc_GE22C4,__import__.product_6600888,0
__import__.stock_inventory_line_without_lot_8028021,__import__.location_loc_GD06D6,__import__.product_8028021,36
__import__.stock_inventory_line_without_lot_6605061,__import__.location_loc_EXS208,__import__.product_6605061,18
__import__.stock_inventory_line_without_lot_6604003,__import__.location_loc_EXR200,__import__.product_6604003,1
__import__.stock_inventory_line_without_lot_7235841,__import__.location_loc_EXS307,__import__.product_7235841,11
__import__.stock_inventory_line_without_lot_8031037,__import__.location_loc_GF11D1,__import__.product_8031037,1
__import__.stock_inventory_line_without_lot_8014757,__import__.location_loc_EOF205,__import__.product_8014757,8
__import__.stock_inventory_line_without_lot_7750012,__import__.location_loc_EZZ012,__import__.product_7750012,1
__import__.stock_inventory_line_without_lot_6623032,__import__.location_loc_EXO103,__import__.product_6623032,19
__import__.stock_inventory_line_without_lot_6623036,__import__.location_loc_EOB110,__import__.product_6623036,0
__import__.stock_inventory_line_without_lot_7920603,__import__.location_loc_EOC137,__import__.product_7920603,6
__import__.stock_inventory_line_without_lot_6450086,__import__.location_loc_EXH400,__import__.product_6450086,1
__import__.stock_inventory_line_without_lot_6605034,__import__.location_loc_EXS207,__import__.product_6605034,25
__import__.stock_inventory_line_without_lot_6621006,__import__.location_loc_EXS211,__import__.product_6621006,30
__import__.stock_inventory_line_without_lot_8250230,__import__.location_loc_GL01A4,__import__.product_8250230,48
__import__.stock_inventory_line_without_lot_8027168,__import__.location_loc_EXF300,__import__.product_8027168,1
__import__.stock_inventory_line_without_lot_7751849,__import__.location_loc_EOE128,__import__.product_7751849,1
__import__.stock_inventory_line_without_lot_1515178,__import__.location_loc_EXZ000,__import__.product_1515178,4
__import__.stock_inventory_line_without_lot_1515169,__import__.location_loc_EXZ000,__import__.product_1515169,2
__import__.stock_inventory_line_without_lot_1515170,__import__.location_loc_EXZ000,__import__.product_1515170,1
__import__.stock_inventory_line_without_lot_6355048,__import__.location_loc_EXP200,__import__.product_6355048,1
__import__.stock_inventory_line_without_lot_6355049,__import__.location_loc_EXP200,__import__.product_6355049,1
__import__.stock_inventory_line_without_lot_8970152,__import__.location_loc_EXH200,__import__.product_8970152,1
__import__.stock_inventory_line_without_lot_6356043,__import__.location_loc_GD22B4,__import__.product_6356043,3
__import__.stock_inventory_line_without_lot_6605315,__import__.location_loc_EXN100,__import__.product_6605315,0
__import__.stock_inventory_line_without_lot_8048354,__import__.location_loc_EXP200,__import__.product_8048354,0
__import__.stock_inventory_line_without_lot_8260081,__import__.location_loc_EXC300,__import__.product_8260081,1
__import__.stock_inventory_line_without_lot_6602703,__import__.location_loc_EXR200,__import__.product_6602703,1
__import__.stock_inventory_line_without_lot_6621038,__import__.location_loc_EOF106,__import__.product_6621038,58
__import__.stock_inventory_line_without_lot_6621040,__import__.location_loc_EXN215,__import__.product_6621040,59
__import__.stock_inventory_line_without_lot_6621121,__import__.location_loc_EXS220,__import__.product_6621121,58
__import__.stock_inventory_line_without_lot_6630250,__import__.location_loc_EXZ000,__import__.product_6630250,1
__import__.stock_inventory_line_without_lot_3802348,__import__.location_loc_EXZ000,__import__.product_3802348,1
__import__.stock_inventory_line_without_lot_8038025,__import__.location_loc_GC22D2,__import__.product_8038025,12
__import__.stock_inventory_line_without_lot_6450000,__import__.location_loc_EOG142,__import__.product_6450000,2
__import__.stock_inventory_line_without_lot_6450092,__import__.location_loc_EXO100,__import__.product_6450092,1
__import__.stock_inventory_line_without_lot_6450095,__import__.location_loc_EXO100,__import__.product_6450095,1
__import__.stock_inventory_line_without_lot_7920000,__import__.location_loc_EOC131,__import__.product_7920000,37
__import__.stock_inventory_line_without_lot_8015142,__import__.location_loc_EOI152,__import__.product_8015142,0
__import__.stock_inventory_line_without_lot_8022604,__import__.location_loc_EOG122,__import__.product_8022604,1
__import__.stock_inventory_line_without_lot_8040105,__import__.location_loc_GD29D1,__import__.product_8040105,35
__import__.stock_inventory_line_without_lot_8028280,__import__.location_loc_EXO114,__import__.product_8028280,2
__import__.stock_inventory_line_without_lot_8049833,__import__.location_loc_EXP000,__import__.product_8049833,1
__import__.stock_inventory_line_without_lot_8018488,__import__.location_loc_EXC503,__import__.product_8018488,0
__import__.stock_inventory_line_without_lot_0301017,__import__.location_loc_EXS100,__import__.product_0301017,1
__import__.stock_inventory_line_without_lot_1038439,__import__.location_loc_GC13F4,__import__.product_1038439,4
__import__.stock_inventory_line_without_lot_1038454,__import__.location_loc_GD10E4,__import__.product_1038454,7
__import__.stock_inventory_line_without_lot_1405035,__import__.location_loc_EXB600,__import__.product_1405035,1
__import__.stock_inventory_line_without_lot_1405042,__import__.location_loc_EXB500,__import__.product_1405042,2
__import__.stock_inventory_line_without_lot_3020204,__import__.location_loc_EXI997,__import__.product_3020204,2
__import__.stock_inventory_line_without_lot_3025606,__import__.location_loc_EXI991,__import__.product_3025606,1
__import__.stock_inventory_line_without_lot_6203000,__import__.location_loc_PE06D1,__import__.product_6203000,5
__import__.stock_inventory_line_without_lot_6333068,__import__.location_loc_EOA161,__import__.product_6333068,2
__import__.stock_inventory_line_without_lot_6333092,__import__.location_loc_EOH146,__import__.product_6333092,3
__import__.stock_inventory_line_without_lot_6333094,__import__.location_loc_EOH173,__import__.product_6333094,3
__import__.stock_inventory_line_without_lot_6333095,__import__.location_loc_EOF101,__import__.product_6333095,5
__import__.stock_inventory_line_without_lot_6450094,__import__.location_loc_EXO100,__import__.product_6450094,1
__import__.stock_inventory_line_without_lot_6621003,__import__.location_loc_EXS327,__import__.product_6621003,15
__import__.stock_inventory_line_without_lot_6621113,__import__.location_loc_EXS201,__import__.product_6621113,46
__import__.stock_inventory_line_without_lot_6703510,__import__.location_loc_EXS306,__import__.product_6703510,2
__import__.stock_inventory_line_without_lot_6815004,__import__.location_loc_EXP000,__import__.product_6815004,0
__import__.stock_inventory_line_without_lot_7511810,__import__.location_loc_EXS100,__import__.product_7511810,1
__import__.stock_inventory_line_without_lot_7761016,__import__.location_loc_EXO100,__import__.product_7761016,1
__import__.stock_inventory_line_without_lot_7912330,__import__.location_loc_EOI160,__import__.product_7912330,5
__import__.stock_inventory_line_without_lot_7912350,__import__.location_loc_EOI161,__import__.product_7912350,1
__import__.stock_inventory_line_without_lot_7923002,__import__.location_loc_EXU000,__import__.product_7923002,1
__import__.stock_inventory_line_without_lot_7923010,__import__.location_loc_EXU000,__import__.product_7923010,1
__import__.stock_inventory_line_without_lot_8003802,__import__.location_loc_EXH107,__import__.product_8003802,1
__import__.stock_inventory_line_without_lot_8009001,__import__.location_loc_EOC183,__import__.product_8009001,2
__import__.stock_inventory_line_without_lot_8019275,__import__.location_loc_EXN111,__import__.product_8019275,19
__import__.stock_inventory_line_without_lot_8019335,__import__.location_loc_EXO121,__import__.product_8019335,18
__import__.stock_inventory_line_without_lot_8022716,__import__.location_loc_EXJ800,__import__.product_8022716,11
__import__.stock_inventory_line_without_lot_8027174,__import__.location_loc_EXF600,__import__.product_8027174,1
__import__.stock_inventory_line_without_lot_8039800,__import__.location_loc_GK15E3,__import__.product_8039800,4
__import__.stock_inventory_line_without_lot_8039881,__import__.location_loc_GE09E3,__import__.product_8039881,0
__import__.stock_inventory_line_without_lot_8043813,__import__.location_loc_GF31E3,__import__.product_8043813,2
__import__.stock_inventory_line_without_lot_8048041,__import__.location_loc_EXP200,__import__.product_8048041,1
__import__.stock_inventory_line_without_lot_8048414,__import__.location_loc_EXP200,__import__.product_8048414,1
__import__.stock_inventory_line_without_lot_8054076,__import__.location_loc_EXG515,__import__.product_8054076,1
__import__.stock_inventory_line_without_lot_8165021,__import__.location_loc_GF24A6,__import__.product_8165021,4
__import__.stock_inventory_line_without_lot_8241540,__import__.location_loc_GE23D4,__import__.product_8241540,6
__import__.stock_inventory_line_without_lot_8242230,__import__.location_loc_GH09D5,__import__.product_8242230,3
__import__.stock_inventory_line_without_lot_8017230,__import__.location_loc_EOA158,__import__.product_8017230,2
__import__.stock_inventory_line_without_lot_8046101,__import__.location_loc_EOB133,__import__.product_8046101,3
__import__.stock_inventory_line_without_lot_1334821,__import__.location_loc_EXB200,__import__.product_1334821,5
__import__.stock_inventory_line_without_lot_8021800,__import__.location_loc_EXO100,__import__.product_8021800,4
__import__.stock_inventory_line_without_lot_8045226,__import__.location_loc_EOH117,__import__.product_8045226,3
__import__.stock_inventory_line_without_lot_6350430,__import__.location_loc_EXF400,__import__.product_6350430,1
__import__.stock_inventory_line_without_lot_6350435,__import__.location_loc_GE11F3,__import__.product_6350435,13
__import__.stock_inventory_line_without_lot_8003564,__import__.location_loc_EXF200,__import__.product_8003564,0
__import__.stock_inventory_line_without_lot_7429002,__import__.location_loc_EZZ902,__import__.product_7429002,0
__import__.stock_inventory_line_without_lot_8019298,__import__.location_loc_EXN119,__import__.product_8019298,48
__import__.stock_inventory_line_without_lot_8003920,__import__.location_loc_EXE400,__import__.product_8003920,8
__import__.stock_inventory_line_without_lot_8050204,__import__.location_loc_GB24C3,__import__.product_8050204,0
__import__.stock_inventory_line_without_lot_8018318,__import__.location_loc_EXB538,__import__.product_8018318,0
__import__.stock_inventory_line_without_lot_8018494,__import__.location_loc_EXC505,__import__.product_8018494,1
__import__.stock_inventory_line_without_lot_1336890,__import__.location_loc_GD24D1,__import__.product_1336890,13
__import__.stock_inventory_line_without_lot_8065128,__import__.location_loc_EXT513,__import__.product_8065128,1
__import__.stock_inventory_line_without_lot_8067417,__import__.location_loc_EOH215,__import__.product_8067417,1
__import__.stock_inventory_line_without_lot_8065140,__import__.location_loc_EOH154,__import__.product_8065140,1
__import__.stock_inventory_line_without_lot_8426715,__import__.location_loc_EXH400,__import__.product_8426715,0
__import__.stock_inventory_line_without_lot_1806036,__import__.location_loc_EXD600,__import__.product_1806036,1
__import__.stock_inventory_line_without_lot_6312824,__import__.location_loc_EXQ200,__import__.product_6312824,0
__import__.stock_inventory_line_without_lot_6358105,__import__.location_loc_EXQ200,__import__.product_6358105,1
__import__.stock_inventory_line_without_lot_8018531,__import__.location_loc_EXC504,__import__.product_8018531,2
__import__.stock_inventory_line_without_lot_8401193,__import__.location_loc_EOB142,__import__.product_8401193,3
__import__.stock_inventory_line_without_lot_8031371,__import__.location_loc_EXI872,__import__.product_8031371,3
__import__.stock_inventory_line_without_lot_8031394,__import__.location_loc_EXJ700,__import__.product_8031394,4
__import__.stock_inventory_line_without_lot_8165016,__import__.location_loc_EOE134,__import__.product_8165016,4
__import__.stock_inventory_line_without_lot_8486752,__import__.location_loc_GF22D6,__import__.product_8486752,10
__import__.stock_inventory_line_without_lot_8034665,__import__.location_loc_EXK200,__import__.product_8034665,0
__import__.stock_inventory_line_without_lot_8019743,__import__.location_loc_EOE189,__import__.product_8019743,12
__import__.stock_inventory_line_without_lot_8030242,__import__.location_loc_EXP000,__import__.product_8030242,0
__import__.stock_inventory_line_without_lot_8041671,__import__.location_loc_EXH300,__import__.product_8041671,1
__import__.stock_inventory_line_without_lot_8028535,__import__.location_loc_GE13D5,__import__.product_8028535,21
__import__.stock_inventory_line_without_lot_8055578,__import__.location_loc_EXG100,__import__.product_8055578,1
__import__.stock_inventory_line_without_lot_8037847,__import__.location_loc_EXE300,__import__.product_8037847,13
__import__.stock_inventory_line_without_lot_8037853,__import__.location_loc_EXE300,__import__.product_8037853,0
__import__.stock_inventory_line_without_lot_8024885,__import__.location_loc_EXF300,__import__.product_8024885,2
__import__.stock_inventory_line_without_lot_8070483,__import__.location_loc_GF26G4,__import__.product_8070483,1
__import__.stock_inventory_line_without_lot_8070508,__import__.location_loc_GF28B3,__import__.product_8070508,3
__import__.stock_inventory_line_without_lot_8070514,__import__.location_loc_GD23D4,__import__.product_8070514,1
__import__.stock_inventory_line_without_lot_7974031,__import__.location_loc_EXP200,__import__.product_7974031,4
__import__.stock_inventory_line_without_lot_8484718,__import__.location_loc_EOE139,__import__.product_8484718,1
__import__.stock_inventory_line_without_lot_8033051,__import__.location_loc_EXF600,__import__.product_8033051,1
__import__.stock_inventory_line_without_lot_7735000,__import__.location_loc_GD06C3,__import__.product_7735000,24
__import__.stock_inventory_line_without_lot_8072648,__import__.location_loc_EXP000,__import__.product_8072648,1
__import__.stock_inventory_line_without_lot_8071985,__import__.location_loc_GB06D3,__import__.product_8071985,28
__import__.stock_inventory_line_without_lot_8020700,__import__.location_loc_EXO106,__import__.product_8020700,22
__import__.stock_inventory_line_without_lot_8020930,__import__.location_loc_EXS204,__import__.product_8020930,41
__import__.stock_inventory_line_without_lot_8039906,__import__.location_loc_EXQ200,__import__.product_8039906,2
__import__.stock_inventory_line_without_lot_6670020,__import__.location_loc_EXH200,__import__.product_6670020,0
__import__.stock_inventory_line_without_lot_6508111,__import__.location_loc_EXP000,__import__.product_6508111,1
__import__.stock_inventory_line_without_lot_8035274,__import__.location_loc_EXS100,__import__.product_8035274,2
__import__.stock_inventory_line_without_lot_8045255,__import__.location_loc_EOH112,__import__.product_8045255,4
__import__.stock_inventory_line_without_lot_7922137,__import__.location_loc_GC05C4,__import__.product_7922137,3
__import__.stock_inventory_line_without_lot_8039510,__import__.location_loc_EXI200,__import__.product_8039510,7
__import__.stock_inventory_line_without_lot_8039527,__import__.location_loc_EXI200,__import__.product_8039527,2
__import__.stock_inventory_line_without_lot_8039533,__import__.location_loc_EXI200,__import__.product_8039533,2
__import__.stock_inventory_line_without_lot_8039556,__import__.location_loc_EXI200,__import__.product_8039556,5
__import__.stock_inventory_line_without_lot_8035742,__import__.location_loc_EXB520,__import__.product_8035742,2
__import__.stock_inventory_line_without_lot_8018330,__import__.location_loc_EXC504,__import__.product_8018330,0
__import__.stock_inventory_line_without_lot_8433477,__import__.location_loc_EXB536,__import__.product_8433477,1
__import__.stock_inventory_line_without_lot_8039496,__import__.location_loc_EXI200,__import__.product_8039496,0
__import__.stock_inventory_line_without_lot_8067400,__import__.location_loc_EXQ100,__import__.product_8067400,2
__import__.stock_inventory_line_without_lot_8037379,__import__.location_loc_EXC501,__import__.product_8037379,2
__import__.stock_inventory_line_without_lot_8215036,__import__.location_loc_EXH300,__import__.product_8215036,8
__import__.stock_inventory_line_without_lot_8034240,__import__.location_loc_EOC135,__import__.product_8034240,0
__import__.stock_inventory_line_without_lot_6401000,__import__.location_loc_GK18C1,__import__.product_6401000,1
__import__.stock_inventory_line_without_lot_8036486,__import__.location_loc_EOB124,__import__.product_8036486,1
__import__.stock_inventory_line_without_lot_8047099,__import__.location_loc_EXP100,__import__.product_8047099,0
__import__.stock_inventory_line_without_lot_8047159,__import__.location_loc_EXP100,__import__.product_8047159,0
__import__.stock_inventory_line_without_lot_8062472,__import__.location_loc_GE13G5,__import__.product_8062472,4
__import__.stock_inventory_line_without_lot_8027079,__import__.location_loc_EXJ902,__import__.product_8027079,0
__import__.stock_inventory_line_without_lot_8433394,__import__.location_loc_GE13G3,__import__.product_8433394,5
__import__.stock_inventory_line_without_lot_8062130,__import__.location_loc_EXL600,__import__.product_8062130,4
__import__.stock_inventory_line_without_lot_8063170,__import__.location_loc_GF31E1,__import__.product_8063170,3
__import__.stock_inventory_line_without_lot_8039898,__import__.location_loc_GE28A2,__import__.product_8039898,1
__import__.stock_inventory_line_without_lot_7405002,__import__.location_loc_EXP007,__import__.product_7405002,1
__import__.stock_inventory_line_without_lot_8015194,__import__.location_loc_EOI153,__import__.product_8015194,0
__import__.stock_inventory_line_without_lot_8063253,__import__.location_loc_EXT512,__import__.product_8063253,10
__import__.stock_inventory_line_without_lot_8039088,__import__.location_loc_EXP000,__import__.product_8039088,1
__import__.stock_inventory_line_without_lot_8433402,__import__.location_loc_GF18B6,__import__.product_8433402,5
__import__.stock_inventory_line_without_lot_8433388,__import__.location_loc_GF22B3,__import__.product_8433388,4
__import__.stock_inventory_line_without_lot_8383242,__import__.location_loc_PE07D1,__import__.product_8383242,2
__import__.stock_inventory_line_without_lot_8062124,__import__.location_loc_EXT440,__import__.product_8062124,1
__import__.stock_inventory_line_without_lot_8054254,__import__.location_loc_EXG600,__import__.product_8054254,5
__import__.stock_inventory_line_without_lot_8045261,__import__.location_loc_EXK300,__import__.product_8045261,2
__import__.stock_inventory_line_without_lot_8042825,__import__.location_loc_GG01F2,__import__.product_8042825,0
__import__.stock_inventory_line_without_lot_8030259,__import__.location_loc_EOB153,__import__.product_8030259,0
__import__.stock_inventory_line_without_lot_8025407,__import__.location_loc_EXJ901,__import__.product_8025407,3
__import__.stock_inventory_line_without_lot_8062466,__import__.location_loc_EXT444,__import__.product_8062466,0
__import__.stock_inventory_line_without_lot_8020249,__import__.location_loc_EOE181,__import__.product_8020249,1
__import__.stock_inventory_line_without_lot_8020947,__import__.location_loc_EXS218,__import__.product_8020947,49
__import__.stock_inventory_line_without_lot_8020953,__import__.location_loc_EXO226,__import__.product_8020953,78
__import__.stock_inventory_line_without_lot_8008194,__import__.location_loc_GE03C3,__import__.product_8008194,2
__import__.stock_inventory_line_without_lot_8215006,__import__.location_loc_EXK300,__import__.product_8215006,1
__import__.stock_inventory_line_without_lot_8002582,__import__.location_loc_GF28E3,__import__.product_8002582,19
__import__.stock_inventory_line_without_lot_8250006,__import__.location_loc_GC16D2,__import__.product_8250006,597
__import__.stock_inventory_line_without_lot_8023271,__import__.location_loc_EOF142,__import__.product_8023271,9
__import__.stock_inventory_line_without_lot_9006031,__import__.location_loc_GF26B4,__import__.product_9006031,5
__import__.stock_inventory_line_without_lot_8296709,__import__.location_loc_EXP100,__import__.product_8296709,2
__import__.stock_inventory_line_without_lot_8298803,__import__.location_loc_GD25A1,__import__.product_8298803,0
__import__.stock_inventory_line_without_lot_8298772,__import__.location_loc_EXN100,__import__.product_8298772,3
__import__.stock_inventory_line_without_lot_8062012,__import__.location_loc_EXL600,__import__.product_8062012,2
__import__.stock_inventory_line_without_lot_8031603,__import__.location_loc_EXJ600,__import__.product_8031603,3
__import__.stock_inventory_line_without_lot_8063767,__import__.location_loc_GE15D4,__import__.product_8063767,13
__import__.stock_inventory_line_without_lot_8005741,__import__.location_loc_GD06C1,__import__.product_8005741,8
__import__.stock_inventory_line_without_lot_7995030,__import__.location_loc_EXD600,__import__.product_7995030,1
__import__.stock_inventory_line_without_lot_8018554,__import__.location_loc_EXC500,__import__.product_8018554,4
__import__.stock_inventory_line_without_lot_8015389,__import__.location_loc_EXK800,__import__.product_8015389,2
__import__.stock_inventory_line_without_lot_8039473,__import__.location_loc_EXI300,__import__.product_8039473,3
__import__.stock_inventory_line_without_lot_8417188,__import__.location_loc_EXK607,__import__.product_8417188,0
__import__.stock_inventory_line_without_lot_8290670,__import__.location_loc_GA03C2,__import__.product_8290670,4
__import__.stock_inventory_line_without_lot_8292775,__import__.location_loc_GL03B2,__import__.product_8292775,191
__import__.stock_inventory_line_without_lot_8292752,__import__.location_loc_GK05B1,__import__.product_8292752,600
__import__.stock_inventory_line_without_lot_8292769,__import__.location_loc_GE19C1,__import__.product_8292769,388
__import__.stock_inventory_line_without_lot_8063282,__import__.location_loc_GD26C2,__import__.product_8063282,11
__import__.stock_inventory_line_without_lot_8240320,__import__.location_loc_EXS310,__import__.product_8240320,1
__import__.stock_inventory_line_without_lot_8240330,__import__.location_loc_EXS302,__import__.product_8240330,2
__import__.stock_inventory_line_without_lot_9240240,__import__.location_loc_GF30G2,__import__.product_9240240,5
__import__.stock_inventory_line_without_lot_8027180,__import__.location_loc_EOE136,__import__.product_8027180,2
__import__.stock_inventory_line_without_lot_4337541,__import__.location_loc_EXB400,__import__.product_4337541,0
__import__.stock_inventory_line_without_lot_8031684,__import__.location_loc_EXI500,__import__.product_8031684,2
__import__.stock_inventory_line_without_lot_8294113,__import__.location_loc_EOC236,__import__.product_8294113,0
__import__.stock_inventory_line_without_lot_8430094,__import__.location_loc_EXF200,__import__.product_8430094,2
__import__.stock_inventory_line_without_lot_8040358,__import__.location_loc_EXD500,__import__.product_8040358,4
__import__.stock_inventory_line_without_lot_8040370,__import__.location_loc_EXD200,__import__.product_8040370,0
__import__.stock_inventory_line_without_lot_8040453,__import__.location_loc_EXD300,__import__.product_8040453,7
__import__.stock_inventory_line_without_lot_8059122,__import__.location_loc_GF28D5,__import__.product_8059122,1
__import__.stock_inventory_line_without_lot_8020752,__import__.location_loc_EXO104,__import__.product_8020752,3
__import__.stock_inventory_line_without_lot_8020746,__import__.location_loc_EXN104,__import__.product_8020746,5
__import__.stock_inventory_line_without_lot_8020858,__import__.location_loc_EXS100,__import__.product_8020858,0
__import__.stock_inventory_line_without_lot_8020634,__import__.location_loc_EXN116,__import__.product_8020634,49
__import__.stock_inventory_line_without_lot_8018471,__import__.location_loc_EXB534,__import__.product_8018471,2
__import__.stock_inventory_line_without_lot_8031313,__import__.location_loc_EXK600,__import__.product_8031313,11
__import__.stock_inventory_line_without_lot_8031336,__import__.location_loc_EXK600,__import__.product_8031336,0
__import__.stock_inventory_line_without_lot_8032488,__import__.location_loc_EOD182,__import__.product_8032488,1
__import__.stock_inventory_line_without_lot_8412529,__import__.location_loc_EXH200,__import__.product_8412529,0
__import__.stock_inventory_line_without_lot_7311890,__import__.location_loc_EOH111,__import__.product_7311890,1
__import__.stock_inventory_line_without_lot_7311970,__import__.location_loc_EXB300,__import__.product_7311970,0
__import__.stock_inventory_line_without_lot_7918123,__import__.location_loc_EOB165,__import__.product_7918123,0
__import__.stock_inventory_line_without_lot_8426069,__import__.location_loc_GF19D4,__import__.product_8426069,1
__import__.stock_inventory_line_without_lot_8165060,__import__.location_loc_GE03B3,__import__.product_8165060,8
__import__.stock_inventory_line_without_lot_7920069,__import__.location_loc_GE13D2,__import__.product_7920069,0
__import__.stock_inventory_line_without_lot_8061685,__import__.location_loc_EXB200,__import__.product_8061685,1
__import__.stock_inventory_line_without_lot_8296738,__import__.location_loc_EXP100,__import__.product_8296738,1
__import__.stock_inventory_line_without_lot_8036598,__import__.location_loc_EOF167,__import__.product_8036598,5
__import__.stock_inventory_line_without_lot_8259827,__import__.location_loc_GD18D4,__import__.product_8259827,6
__import__.stock_inventory_line_without_lot_8017974,__import__.location_loc_EOF195,__import__.product_8017974,17
__import__.stock_inventory_line_without_lot_8017980,__import__.location_loc_EOF134,__import__.product_8017980,13
__import__.stock_inventory_line_without_lot_8018005,__import__.location_loc_EOF156,__import__.product_8018005,11
__import__.stock_inventory_line_without_lot_8486686,__import__.location_loc_EXJ400,__import__.product_8486686,206
__import__.stock_inventory_line_without_lot_8335243,__import__.location_loc_EXP000,__import__.product_8335243,1
__import__.stock_inventory_line_without_lot_8217058,__import__.location_loc_EOH205,__import__.product_8217058,21
__import__.stock_inventory_line_without_lot_8071548,__import__.location_loc_EOF196,__import__.product_8071548,3
__import__.stock_inventory_line_without_lot_8071583,__import__.location_loc_EOG144,__import__.product_8071583,1
__import__.stock_inventory_line_without_lot_8071577,__import__.location_loc_EOG145,__import__.product_8071577,1
__import__.stock_inventory_line_without_lot_8008165,__import__.location_loc_GH11F4,__import__.product_8008165,13
__import__.stock_inventory_line_without_lot_8008188,__import__.location_loc_GE05C1,__import__.product_8008188,7
__import__.stock_inventory_line_without_lot_6355021,__import__.location_loc_EXI800,__import__.product_6355021,1
__import__.stock_inventory_line_without_lot_7920070,__import__.location_loc_GE13F3,__import__.product_7920070,27
__import__.stock_inventory_line_without_lot_8031678,__import__.location_loc_EXK800,__import__.product_8031678,9
__import__.stock_inventory_line_without_lot_8006841,__import__.location_loc_GE14D3,__import__.product_8006841,2
__import__.stock_inventory_line_without_lot_8007645,__import__.location_loc_GF26F7,__import__.product_8007645,0
__import__.stock_inventory_line_without_lot_8007680,__import__.location_loc_EXB300,__import__.product_8007680,2
__import__.stock_inventory_line_without_lot_8007674,__import__.location_loc_EXD300,__import__.product_8007674,1
__import__.stock_inventory_line_without_lot_8295288,__import__.location_loc_GE11E2,__import__.product_8295288,23
__import__.stock_inventory_line_without_lot_8068983,__import__.location_loc_EXE200,__import__.product_8068983,0
__import__.stock_inventory_line_without_lot_8069014,__import__.location_loc_EXG100,__import__.product_8069014,0
__import__.stock_inventory_line_without_lot_8074535,__import__.location_loc_EXL100,__import__.product_8074535,0
__import__.stock_inventory_line_without_lot_8008171,__import__.location_loc_GE05A4,__import__.product_8008171,10
__import__.stock_inventory_line_without_lot_7116444,__import__.location_loc_GD10A2,__import__.product_7116444,16
__import__.stock_inventory_line_without_lot_8037876,__import__.location_loc_EXE300,__import__.product_8037876,12
__import__.stock_inventory_line_without_lot_8044853,__import__.location_loc_EXN223,__import__.product_8044853,0
__import__.stock_inventory_line_without_lot_8037882,__import__.location_loc_EXE500,__import__.product_8037882,4
__import__.stock_inventory_line_without_lot_8037936,__import__.location_loc_EXB100,__import__.product_8037936,2
__import__.stock_inventory_line_without_lot_8062555,__import__.location_loc_GF23B1,__import__.product_8062555,36
__import__.stock_inventory_line_without_lot_8333540,__import__.location_loc_GF11B1,__import__.product_8333540,0
__import__.stock_inventory_line_without_lot_8333586,__import__.location_loc_GF32E2,__import__.product_8333586,0
__import__.stock_inventory_line_without_lot_8333617,__import__.location_loc_GH31D1,__import__.product_8333617,0
__import__.stock_inventory_line_without_lot_8333623,__import__.location_loc_GK17F1,__import__.product_8333623,0
__import__.stock_inventory_line_without_lot_8299754,__import__.location_loc_EXC200,__import__.product_8299754,1
__import__.stock_inventory_line_without_lot_8299748,__import__.location_loc_GH09D4,__import__.product_8299748,2
__import__.stock_inventory_line_without_lot_8043799,__import__.location_loc_GK15E2,__import__.product_8043799,0
__import__.stock_inventory_line_without_lot_8331452,__import__.location_loc_GG06D2,__import__.product_8331452,5
__import__.stock_inventory_line_without_lot_8049023,__import__.location_loc_EOF145,__import__.product_8049023,1
__import__.stock_inventory_line_without_lot_8022018,__import__.location_loc_EOA218,__import__.product_8022018,1
__import__.stock_inventory_line_without_lot_8430214,__import__.location_loc_EXI900,__import__.product_8430214,1
__import__.stock_inventory_line_without_lot_5621083,__import__.location_loc_EXO206,__import__.product_5621083,1
__import__.stock_inventory_line_without_lot_5270100,__import__.location_loc_GA07B2,__import__.product_5270100,0
__import__.stock_inventory_line_without_lot_5601094,__import__.location_loc_EXN234,__import__.product_5601094,20
__import__.stock_inventory_line_without_lot_8290693,__import__.location_loc_GF24D3,__import__.product_8290693,0
__import__.stock_inventory_line_without_lot_8480152,__import__.location_loc_GK16A3,__import__.product_8480152,0
__import__.stock_inventory_line_without_lot_8019200,__import__.location_loc_EXO116,__import__.product_8019200,11
__import__.stock_inventory_line_without_lot_8019217,__import__.location_loc_EXS203,__import__.product_8019217,18
__import__.stock_inventory_line_without_lot_8063744,__import__.location_loc_EXG400,__import__.product_8063744,6
__import__.stock_inventory_line_without_lot_8049052,__import__.location_loc_EXQ100,__import__.product_8049052,0
__import__.stock_inventory_line_without_lot_5737447,__import__.location_loc_EXK609,__import__.product_5737447,2
__import__.stock_inventory_line_without_lot_8019022,__import__.location_loc_EXC507,__import__.product_8019022,0
__import__.stock_inventory_line_without_lot_8007473,__import__.location_loc_GD06C2,__import__.product_8007473,84
__import__.stock_inventory_line_without_lot_5508161,__import__.location_loc_EXP000,__import__.product_5508161,2
__import__.stock_inventory_line_without_lot_8062609,__import__.location_loc_GE11E3,__import__.product_8062609,4
__import__.stock_inventory_line_without_lot_8048199,__import__.location_loc_EOA132,__import__.product_8048199,3
__import__.stock_inventory_line_without_lot_2266799,__import__.location_loc_GF30C1,__import__.product_2266799,7
__import__.stock_inventory_line_without_lot_8021786,__import__.location_loc_EXO212,__import__.product_8021786,52
__import__.stock_inventory_line_without_lot_8021792,__import__.location_loc_EXO210,__import__.product_8021792,61
__import__.stock_inventory_line_without_lot_8430929,__import__.location_loc_EOA231,__import__.product_8430929,1
__import__.stock_inventory_line_without_lot_8430912,__import__.location_loc_EOB215,__import__.product_8430912,2
__import__.stock_inventory_line_without_lot_8430935,__import__.location_loc_EOB220,__import__.product_8430935,1
__import__.stock_inventory_line_without_lot_8049520,__import__.location_loc_PE05D4,__import__.product_8049520,1
__import__.stock_inventory_line_without_lot_8333020,__import__.location_loc_PE07D2,__import__.product_8333020,8
__import__.stock_inventory_line_without_lot_8333126,__import__.location_loc_GL01C2,__import__.product_8333126,1
__import__.stock_inventory_line_without_lot_8020663,__import__.location_loc_EXN212,__import__.product_8020663,3
__import__.stock_inventory_line_without_lot_5621160,__import__.location_loc_EXO235,__import__.product_5621160,4
__import__.stock_inventory_line_without_lot_2265643,__import__.location_loc_GF30H8,__import__.product_2265643,3
__import__.stock_inventory_line_without_lot_5022000,__import__.location_loc_EXB100,__import__.product_5022000,1
__import__.stock_inventory_line_without_lot_8059889,__import__.location_loc_EOE116,__import__.product_8059889,1
__import__.stock_inventory_line_without_lot_8482435,__import__.location_loc_EXS325,__import__.product_8482435,3
__import__.stock_inventory_line_without_lot_8036581,__import__.location_loc_EOF114,__import__.product_8036581,1
__import__.stock_inventory_line_without_lot_8332322,__import__.location_loc_EXB400,__import__.product_8332322,0
__import__.stock_inventory_line_without_lot_8048294,__import__.location_loc_EXP200,__import__.product_8048294,2
__import__.stock_inventory_line_without_lot_8048319,__import__.location_loc_EXP200,__import__.product_8048319,10
__import__.stock_inventory_line_without_lot_8020692,__import__.location_loc_EXN213,__import__.product_8020692,14
__import__.stock_inventory_line_without_lot_8020870,__import__.location_loc_EOI172,__import__.product_8020870,6
__import__.stock_inventory_line_without_lot_8020893,__import__.location_loc_EOI176,__import__.product_8020893,2
__import__.stock_inventory_line_without_lot_8036606,__import__.location_loc_EZZ606,__import__.product_8036606,1
__import__.stock_inventory_line_without_lot_8019884,__import__.location_loc_EXN203,__import__.product_8019884,18
__import__.stock_inventory_line_without_lot_8019890,__import__.location_loc_EXS100,__import__.product_8019890,7
__import__.stock_inventory_line_without_lot_8021243,__import__.location_loc_EXN108,__import__.product_8021243,1
__import__.stock_inventory_line_without_lot_8021303,__import__.location_loc_EOF186,__import__.product_8021303,6
__import__.stock_inventory_line_without_lot_8019329,__import__.location_loc_EZZ329,__import__.product_8019329,0
__import__.stock_inventory_line_without_lot_8035529,__import__.location_loc_GF24B3,__import__.product_8035529,5
__import__.stock_inventory_line_without_lot_7420044,__import__.location_loc_GE10C4,__import__.product_7420044,5
__import__.stock_inventory_line_without_lot_5015310,__import__.location_loc_EZZ310,__import__.product_5015310,0
__import__.stock_inventory_line_without_lot_8019542,__import__.location_loc_EOF133,__import__.product_8019542,0
__import__.stock_inventory_line_without_lot_8020924,__import__.location_loc_EXN231,__import__.product_8020924,58
__import__.stock_inventory_line_without_lot_8335289,__import__.location_loc_EXG400,__import__.product_8335289,2
__import__.stock_inventory_line_without_lot_8024253,__import__.location_loc_EXF600,__import__.product_8024253,0
__import__.stock_inventory_line_without_lot_8427057,__import__.location_loc_GL10B1,__import__.product_8427057,6
__import__.stock_inventory_line_without_lot_8062940,__import__.location_loc_EOE156,__import__.product_8062940,10
__import__.stock_inventory_line_without_lot_8481513,__import__.location_loc_EXB600,__import__.product_8481513,0
__import__.stock_inventory_line_without_lot_8031276,__import__.location_loc_EXG100,__import__.product_8031276,11
__import__.stock_inventory_line_without_lot_8032034,__import__.location_loc_EXD500,__import__.product_8032034,2
__import__.stock_inventory_line_without_lot_8026186,__import__.location_loc_GE15A3,__import__.product_8026186,144
__import__.stock_inventory_line_without_lot_8024626,__import__.location_loc_EXF501,__import__.product_8024626,1
__import__.stock_inventory_line_without_lot_5450005,__import__.location_loc_EXH400,__import__.product_5450005,1
__import__.stock_inventory_line_without_lot_5450007,__import__.location_loc_EXH400,__import__.product_5450007,0
__import__.stock_inventory_line_without_lot_8485037,__import__.location_loc_GF24C3,__import__.product_8485037,6
__import__.stock_inventory_line_without_lot_8027300,__import__.location_loc_EOH177,__import__.product_8027300,3
__import__.stock_inventory_line_without_lot_8293510,__import__.location_loc_EXF600,__import__.product_8293510,0
__import__.stock_inventory_line_without_lot_8018287,__import__.location_loc_EXC507,__import__.product_8018287,0
__import__.stock_inventory_line_without_lot_8018347,__import__.location_loc_EXC500,__import__.product_8018347,2
__import__.stock_inventory_line_without_lot_8018376,__import__.location_loc_EXB533,__import__.product_8018376,2
__import__.stock_inventory_line_without_lot_8018399,__import__.location_loc_EXB532,__import__.product_8018399,1
__import__.stock_inventory_line_without_lot_5273384,__import__.location_loc_GC29E1,__import__.product_5273384,14
__import__.stock_inventory_line_without_lot_8428430,__import__.location_loc_EXF100,__import__.product_8428430,2
__import__.stock_inventory_line_without_lot_8054596,__import__.location_loc_EXP000,__import__.product_8054596,2
__import__.stock_inventory_line_without_lot_5940000,__import__.location_loc_EXI100,__import__.product_5940000,1
__import__.stock_inventory_line_without_lot_8332983,__import__.location_loc_PE07D4,__import__.product_8332983,5
__import__.stock_inventory_line_without_lot_8333008,__import__.location_loc_PE06D3,__import__.product_8333008,3
__import__.stock_inventory_line_without_lot_8038605,__import__.location_loc_GG02A3,__import__.product_8038605,13
__import__.stock_inventory_line_without_lot_8036285,__import__.location_loc_EOB189,__import__.product_8036285,2
__import__.stock_inventory_line_without_lot_8036351,__import__.location_loc_EOB170,__import__.product_8036351,6
__import__.stock_inventory_line_without_lot_5054004,__import__.location_loc_EOB155,__import__.product_5054004,1
__import__.stock_inventory_line_without_lot_8030897,__import__.location_loc_EOH217,__import__.product_8030897,2
__import__.stock_inventory_line_without_lot_8430786,__import__.location_loc_EOA237,__import__.product_8430786,2
__import__.stock_inventory_line_without_lot_5401000,__import__.location_loc_GD08B5,__import__.product_5401000,1
__import__.stock_inventory_line_without_lot_8043552,__import__.location_loc_GB06C1,__import__.product_8043552,284
__import__.stock_inventory_line_without_lot_8026921,__import__.location_loc_GI11B5,__import__.product_8026921,968
__import__.stock_inventory_line_without_lot_8038545,__import__.location_loc_GF25C1,__import__.product_8038545,61
__import__.stock_inventory_line_without_lot_5392001,__import__.location_loc_EXE600,__import__.product_5392001,131
__import__.stock_inventory_line_without_lot_8402146,__import__.location_loc_EXB613,__import__.product_8402146,8
__import__.stock_inventory_line_without_lot_8055420,__import__.location_loc_EOA227,__import__.product_8055420,2
__import__.stock_inventory_line_without_lot_8291830,__import__.location_loc_EXC100,__import__.product_8291830,4
__import__.stock_inventory_line_without_lot_8017649,__import__.location_loc_EXQ250,__import__.product_8017649,0
__import__.stock_inventory_line_without_lot_8017827,__import__.location_loc_EXT441,__import__.product_8017827,7
__import__.stock_inventory_line_without_lot_8017810,__import__.location_loc_EXD617,__import__.product_8017810,5
__import__.stock_inventory_line_without_lot_8017804,__import__.location_loc_EXE618,__import__.product_8017804,6
__import__.stock_inventory_line_without_lot_8017796,__import__.location_loc_EXE617,__import__.product_8017796,3
__import__.stock_inventory_line_without_lot_8017773,__import__.location_loc_EXE600,__import__.product_8017773,1
__import__.stock_inventory_line_without_lot_8017833,__import__.location_loc_EXC600,__import__.product_8017833,36
__import__.stock_inventory_line_without_lot_8017862,__import__.location_loc_EXC600,__import__.product_8017862,11
__import__.stock_inventory_line_without_lot_8017879,__import__.location_loc_EXC602,__import__.product_8017879,1
__import__.stock_inventory_line_without_lot_8017939,__import__.location_loc_EXH603,__import__.product_8017939,12
__import__.stock_inventory_line_without_lot_8018548,__import__.location_loc_EXC506,__import__.product_8018548,1
__import__.stock_inventory_line_without_lot_8051244,__import__.location_loc_EOA121,__import__.product_8051244,1
__import__.stock_inventory_line_without_lot_8021970,__import__.location_loc_EXJ601,__import__.product_8021970,0
__import__.stock_inventory_line_without_lot_8032376,__import__.location_loc_GD06D4,__import__.product_8032376,6
__import__.stock_inventory_line_without_lot_7116438,__import__.location_loc_GG14B2,__import__.product_7116438,86
__import__.stock_inventory_line_without_lot_8044184,__import__.location_loc_GF24D5,__import__.product_8044184,3
__import__.stock_inventory_line_without_lot_7116450,__import__.location_loc_GD30C4,__import__.product_7116450,40
__import__.stock_inventory_line_without_lot_8007993,__import__.location_loc_GD26A4,__import__.product_8007993,1
__import__.stock_inventory_line_without_lot_8008001,__import__.location_loc_GD28A3,__import__.product_8008001,7
__import__.stock_inventory_line_without_lot_8008018,__import__.location_loc_GD12C4,__import__.product_8008018,0
__import__.stock_inventory_line_without_lot_8008024,__import__.location_loc_GF19B1,__import__.product_8008024,13
__import__.stock_inventory_line_without_lot_8051669,__import__.location_loc_GB29E6,__import__.product_8051669,104
__import__.stock_inventory_line_without_lot_8051586,__import__.location_loc_GE19D1,__import__.product_8051586,196
__import__.stock_inventory_line_without_lot_8014303,__import__.location_loc_PN01D3,__import__.product_8014303,3
__import__.stock_inventory_line_without_lot_8480666,__import__.location_loc_PN04D2,__import__.product_8480666,6
__import__.stock_inventory_line_without_lot_8059398,__import__.location_loc_EXB300,__import__.product_8059398,0
__import__.stock_inventory_line_without_lot_8059406,__import__.location_loc_EXB300,__import__.product_8059406,0
__import__.stock_inventory_line_without_lot_8002642,__import__.location_loc_GC13G5,__import__.product_8002642,5
__import__.stock_inventory_line_without_lot_8002599,__import__.location_loc_GE11E4,__import__.product_8002599,29
__import__.stock_inventory_line_without_lot_8002702,__import__.location_loc_GF28G7,__import__.product_8002702,11
__import__.stock_inventory_line_without_lot_8002671,__import__.location_loc_GE11G4,__import__.product_8002671,21
__import__.stock_inventory_line_without_lot_8002719,__import__.location_loc_GE11E5,__import__.product_8002719,3
__import__.stock_inventory_line_without_lot_8002731,__import__.location_loc_GF30H0,__import__.product_8002731,4
__import__.stock_inventory_line_without_lot_8068977,__import__.location_loc_EXE200,__import__.product_8068977,1
__import__.stock_inventory_line_without_lot_8036262,__import__.location_loc_EOB175,__import__.product_8036262,1
__import__.stock_inventory_line_without_lot_8036291,__import__.location_loc_EOB180,__import__.product_8036291,1
__import__.stock_inventory_line_without_lot_8015455,__import__.location_loc_EXG600,__import__.product_8015455,11
__import__.stock_inventory_line_without_lot_8003481,__import__.location_loc_GC32B3,__import__.product_8003481,243
__import__.stock_inventory_line_without_lot_8003742,__import__.location_loc_EXE100,__import__.product_8003742,0
__import__.stock_inventory_line_without_lot_8004167,__import__.location_loc_EXF100,__import__.product_8004167,1
__import__.stock_inventory_line_without_lot_8062710,__import__.location_loc_GF27A4,__import__.product_8062710,2
__import__.stock_inventory_line_without_lot_8062727,__import__.location_loc_GB24C1,__import__.product_8062727,9
__import__.stock_inventory_line_without_lot_8429228,__import__.location_loc_GL11B5,__import__.product_8429228,22
__import__.stock_inventory_line_without_lot_8042653,__import__.location_loc_PF02D1,__import__.product_8042653,2
__import__.stock_inventory_line_without_lot_8382857,__import__.location_loc_PO06D2,__import__.product_8382857,3
__import__.stock_inventory_line_without_lot_8059085,__import__.location_loc_PE08D2,__import__.product_8059085,2
__import__.stock_inventory_line_without_lot_8426684,__import__.location_loc_EXP000,__import__.product_8426684,1
__import__.stock_inventory_line_without_lot_8007757,__import__.location_loc_GD32D6,__import__.product_8007757,7
__import__.stock_inventory_line_without_lot_8045657,__import__.location_loc_EOH206,__import__.product_8045657,20
__import__.stock_inventory_line_without_lot_8045663,__import__.location_loc_EOH207,__import__.product_8045663,17
__import__.stock_inventory_line_without_lot_8045692,__import__.location_loc_EXG100,__import__.product_8045692,9
__import__.stock_inventory_line_without_lot_8071991,__import__.location_loc_GB06D2,__import__.product_8071991,0
__import__.stock_inventory_line_without_lot_8429955,__import__.location_loc_GF09C3,__import__.product_8429955,23
__import__.stock_inventory_line_without_lot_7330172,__import__.location_loc_EOG193,__import__.product_7330172,1
__import__.stock_inventory_line_without_lot_7660975,__import__.location_loc_GA07C1,__import__.product_7660975,2
__import__.stock_inventory_line_without_lot_7660981,__import__.location_loc_GA03C1,__import__.product_7660981,2
__import__.stock_inventory_line_without_lot_8331860,__import__.location_loc_EXK200,__import__.product_8331860,0
__import__.stock_inventory_line_without_lot_8433448,__import__.location_loc_EOH113,__import__.product_8433448,1
__import__.stock_inventory_line_without_lot_8045143,__import__.location_loc_EXP000,__import__.product_8045143,2
__import__.stock_inventory_line_without_lot_8024307,__import__.location_loc_GE12B3,__import__.product_8024307,4
__import__.stock_inventory_line_without_lot_8024230,__import__.location_loc_GF22C4,__import__.product_8024230,1
__import__.stock_inventory_line_without_lot_8003972,__import__.location_loc_EXK900,__import__.product_8003972,3
__import__.stock_inventory_line_without_lot_8028475,__import__.location_loc_GD08D5,__import__.product_8028475,45
__import__.stock_inventory_line_without_lot_8027754,__import__.location_loc_GF20D7,__import__.product_8027754,2
__import__.stock_inventory_line_without_lot_8433075,__import__.location_loc_GE11G3,__import__.product_8433075,5
__import__.stock_inventory_line_without_lot_8028015,__import__.location_loc_GD10D2,__import__.product_8028015,48
__import__.stock_inventory_line_without_lot_8028038,__import__.location_loc_GE15B3,__import__.product_8028038,26
__import__.stock_inventory_line_without_lot_8028506,__import__.location_loc_EOE102,__import__.product_8028506,2
__import__.stock_inventory_line_without_lot_8029055,__import__.location_loc_GB20B3,__import__.product_8029055,27
__import__.stock_inventory_line_without_lot_8040335,__import__.location_loc_EXD500,__import__.product_8040335,10
__import__.stock_inventory_line_without_lot_8020284,__import__.location_loc_EXO225,__import__.product_8020284,5
__import__.stock_inventory_line_without_lot_8020835,__import__.location_loc_EXO119,__import__.product_8020835,11
__import__.stock_inventory_line_without_lot_8048839,__import__.location_loc_EXB518,__import__.product_8048839,2
__import__.stock_inventory_line_without_lot_8030905,__import__.location_loc_EXD500,__import__.product_8030905,7
__import__.stock_inventory_line_without_lot_8075687,__import__.location_loc_GG12B3,__import__.product_8075687,90
__import__.stock_inventory_line_without_lot_8034702,__import__.location_loc_EXO220,__import__.product_8034702,1
__import__.stock_inventory_line_without_lot_8045686,__import__.location_loc_EXG100,__import__.product_8045686,10
__import__.stock_inventory_line_without_lot_8028618,__import__.location_loc_EOA126,__import__.product_8028618,1
__import__.stock_inventory_line_without_lot_8056425,__import__.location_loc_GA05A1,__import__.product_8056425,1
__import__.stock_inventory_line_without_lot_8333534,__import__.location_loc_EXK300,__import__.product_8333534,1
__import__.stock_inventory_line_without_lot_8487042,__import__.location_loc_GE16C2,__import__.product_8487042,2
__import__.stock_inventory_line_without_lot_8487013,__import__.location_loc_GK16C1,__import__.product_8487013,0
__import__.stock_inventory_line_without_lot_8032442,__import__.location_loc_EXH500,__import__.product_8032442,7
__import__.stock_inventory_line_without_lot_8063796,__import__.location_loc_EXP200,__import__.product_8063796,1
__import__.stock_inventory_line_without_lot_8433460,__import__.location_loc_EXC510,__import__.product_8433460,1
__import__.stock_inventory_line_without_lot_5244017,__import__.location_loc_EXL300,__import__.product_5244017,13
__import__.stock_inventory_line_without_lot_5030000,__import__.location_loc_GK15E4,__import__.product_5030000,1
__import__.stock_inventory_line_without_lot_8018666,__import__.location_loc_EXC502,__import__.product_8018666,3
__import__.stock_inventory_line_without_lot_8022946,__import__.location_loc_EXO100,__import__.product_8022946,0
__import__.stock_inventory_line_without_lot_8043090,__import__.location_loc_PE09D2,__import__.product_8043090,2
__import__.stock_inventory_line_without_lot_8042788,__import__.location_loc_GH33C1,__import__.product_8042788,8
__import__.stock_inventory_line_without_lot_8046303,__import__.location_loc_GG01C3,__import__.product_8046303,17
__import__.stock_inventory_line_without_lot_8046289,__import__.location_loc_GG01C1,__import__.product_8046289,16
__import__.stock_inventory_line_without_lot_8046326,__import__.location_loc_GG01C5,__import__.product_8046326,16
__import__.stock_inventory_line_without_lot_8046450,__import__.location_loc_GG01C7,__import__.product_8046450,41
__import__.stock_inventory_line_without_lot_8046444,__import__.location_loc_GG01E1,__import__.product_8046444,5
__import__.stock_inventory_line_without_lot_8046415,__import__.location_loc_GG01D2,__import__.product_8046415,10
__import__.stock_inventory_line_without_lot_5244015,__import__.location_loc_EXP000,__import__.product_5244015,0
__import__.stock_inventory_line_without_lot_5244016,__import__.location_loc_EXP000,__import__.product_5244016,3
__import__.stock_inventory_line_without_lot_8078243,__import__.location_loc_EOC171,__import__.product_8078243,1
__import__.stock_inventory_line_without_lot_8339761,__import__.location_loc_EZZ761,__import__.product_8339761,1
__import__.stock_inventory_line_without_lot_8005735,__import__.location_loc_GE15G2,__import__.product_8005735,44
__import__.stock_inventory_line_without_lot_8005801,__import__.location_loc_GF24C1,__import__.product_8005801,3
__import__.stock_inventory_line_without_lot_8006858,__import__.location_loc_GD19C2,__import__.product_8006858,11
__import__.stock_inventory_line_without_lot_8006864,__import__.location_loc_GD28B4,__import__.product_8006864,25
__import__.stock_inventory_line_without_lot_8008403,__import__.location_loc_EXO100,__import__.product_8008403,0
__import__.stock_inventory_line_without_lot_8030503,__import__.location_loc_GC24C3,__import__.product_8030503,166
__import__.stock_inventory_line_without_lot_8030526,__import__.location_loc_GB26D4,__import__.product_8030526,383
__import__.stock_inventory_line_without_lot_8031419,__import__.location_loc_EXI600,__import__.product_8031419,29
__import__.stock_inventory_line_without_lot_8036865,__import__.location_loc_EOE172,__import__.product_8036865,0
__import__.stock_inventory_line_without_lot_8039912,__import__.location_loc_GK07A3,__import__.product_8039912,203
__import__.stock_inventory_line_without_lot_8058364,__import__.location_loc_GK11B6,__import__.product_8058364,171
__import__.stock_inventory_line_without_lot_8052060,__import__.location_loc_EXJ500,__import__.product_8052060,0
__import__.stock_inventory_line_without_lot_8052574,__import__.location_loc_EXJ500,__import__.product_8052574,1
__import__.stock_inventory_line_without_lot_8052893,__import__.location_loc_EXE600,__import__.product_8052893,1
__import__.stock_inventory_line_without_lot_8330056,__import__.location_loc_GD26E1,__import__.product_8330056,1
__import__.stock_inventory_line_without_lot_8292367,__import__.location_loc_QB05B1,__import__.product_8292367,1
__import__.stock_inventory_line_without_lot_8333876,__import__.location_loc_QB05D3,__import__.product_8333876,1
__import__.stock_inventory_line_without_lot_8030928,__import__.location_loc_EXD500,__import__.product_8030928,1
__import__.stock_inventory_line_without_lot_8001306,__import__.location_loc_EOC175,__import__.product_8001306,5
__import__.stock_inventory_line_without_lot_8014763,__import__.location_loc_EOG184,__import__.product_8014763,10
__import__.stock_inventory_line_without_lot_8410884,__import__.location_loc_EOG185,__import__.product_8410884,15
__import__.stock_inventory_line_without_lot_8410938,__import__.location_loc_EOA166,__import__.product_8410938,6
__import__.stock_inventory_line_without_lot_8410967,__import__.location_loc_EOA189,__import__.product_8410967,10
__import__.stock_inventory_line_without_lot_8031299,__import__.location_loc_EXF650,__import__.product_8031299,0
__import__.stock_inventory_line_without_lot_8031307,__import__.location_loc_EXE600,__import__.product_8031307,2
__import__.stock_inventory_line_without_lot_8031595,__import__.location_loc_EXI900,__import__.product_8031595,4
__import__.stock_inventory_line_without_lot_8031690,__import__.location_loc_EXJ500,__import__.product_8031690,9
__import__.stock_inventory_line_without_lot_8034317,__import__.location_loc_GG06C1,__import__.product_8034317,1
__import__.stock_inventory_line_without_lot_8038580,__import__.location_loc_AL03B2,__import__.product_8038580,80
__import__.stock_inventory_line_without_lot_8038953,__import__.location_loc_EXP000,__import__.product_8038953,1
__import__.stock_inventory_line_without_lot_8043606,__import__.location_loc_GF31A3,__import__.product_8043606,0
__import__.stock_inventory_line_without_lot_8045611,__import__.location_loc_EXJ600,__import__.product_8045611,9
__import__.stock_inventory_line_without_lot_8053680,__import__.location_loc_GE16A4,__import__.product_8053680,107
__import__.stock_inventory_line_without_lot_8480034,__import__.location_loc_EXK800,__import__.product_8480034,5
__import__.stock_inventory_line_without_lot_8290687,__import__.location_loc_GE13E5,__import__.product_8290687,157
__import__.stock_inventory_line_without_lot_8021740,__import__.location_loc_EOF175,__import__.product_8021740,6
__import__.stock_inventory_line_without_lot_8070336,__import__.location_loc_EOD185,__import__.product_8070336,0
__import__.stock_inventory_line_without_lot_5905195,__import__.location_loc_EXP200,__import__.product_5905195,0
__import__.stock_inventory_line_without_lot_5958805,__import__.location_loc_EXP200,__import__.product_5958805,0
__import__.stock_inventory_line_without_lot_8482760,__import__.location_loc_EXQ100,__import__.product_8482760,1
__import__.stock_inventory_line_without_lot_8482783,__import__.location_loc_EXQ100,__import__.product_8482783,0
__import__.stock_inventory_line_without_lot_8040364,__import__.location_loc_EXD500,__import__.product_8040364,3
__import__.stock_inventory_line_without_lot_8431248,__import__.location_loc_EXL100,__import__.product_8431248,1
__import__.stock_inventory_line_without_lot_8332256,__import__.location_loc_EXF600,__import__.product_8332256,2
__import__.stock_inventory_line_without_lot_5082302,__import__.location_loc_EXE600,__import__.product_5082302,1
__import__.stock_inventory_line_without_lot_7838479,__import__.location_loc_EXP000,__import__.product_7838479,2
__import__.stock_inventory_line_without_lot_8427330,__import__.location_loc_EXK400,__import__.product_8427330,1
__import__.stock_inventory_line_without_lot_8427347,__import__.location_loc_EXI100,__import__.product_8427347,0
__import__.stock_inventory_line_without_lot_8429197,__import__.location_loc_GD32A4,__import__.product_8429197,4
__import__.stock_inventory_line_without_lot_8429180,__import__.location_loc_GD28C2,__import__.product_8429180,9
__import__.stock_inventory_line_without_lot_8459092,__import__.location_loc_GK13A4,__import__.product_8459092,24
__import__.stock_inventory_line_without_lot_8072683,__import__.location_loc_GL11B6,__import__.product_8072683,18
__import__.stock_inventory_line_without_lot_8072660,__import__.location_loc_AG01A1,__import__.product_8072660,69
__import__.stock_inventory_line_without_lot_8063951,__import__.location_loc_GK18B1,__import__.product_8063951,0
__import__.stock_inventory_line_without_lot_8063968,__import__.location_loc_GC03E2,__import__.product_8063968,0
__import__.stock_inventory_line_without_lot_8063974,__import__.location_loc_GK15D4,__import__.product_8063974,0
__import__.stock_inventory_line_without_lot_8333014,__import__.location_loc_PO03D3,__import__.product_8333014,8
__import__.stock_inventory_line_without_lot_8333089,__import__.location_loc_GH33E3,__import__.product_8333089,0
__import__.stock_inventory_line_without_lot_8333095,__import__.location_loc_GE01E1,__import__.product_8333095,0
__import__.stock_inventory_line_without_lot_8333103,__import__.location_loc_GK16E2,__import__.product_8333103,1
__import__.stock_inventory_line_without_lot_8066435,__import__.location_loc_EXG300,__import__.product_8066435,0
__import__.stock_inventory_line_without_lot_7530563,__import__.location_loc_GA05B3,__import__.product_7530563,19
__import__.stock_inventory_line_without_lot_8335438,__import__.location_loc_GA07A2,__import__.product_8335438,2
__import__.stock_inventory_line_without_lot_8336231,__import__.location_loc_EXG200,__import__.product_8336231,0
__import__.stock_inventory_line_without_lot_5259777,__import__.location_loc_EOH181,__import__.product_5259777,4
__import__.stock_inventory_line_without_lot_8344526,__import__.location_loc_EOD193,__import__.product_8344526,13
__import__.stock_inventory_line_without_lot_8027205,__import__.location_loc_EXD200,__import__.product_8027205,0
__import__.stock_inventory_line_without_lot_8025531,__import__.location_loc_GF19D3,__import__.product_8025531,2
__import__.stock_inventory_line_without_lot_8019683,__import__.location_loc_EXS316,__import__.product_8019683,16
__import__.stock_inventory_line_without_lot_8019708,__import__.location_loc_EXO229,__import__.product_8019708,49
__import__.stock_inventory_line_without_lot_8019625,__import__.location_loc_EOE124,__import__.product_8019625,23
__import__.stock_inventory_line_without_lot_8019631,__import__.location_loc_EXO107,__import__.product_8019631,30
__import__.stock_inventory_line_without_lot_8019559,__import__.location_loc_EXN211,__import__.product_8019559,9
__import__.stock_inventory_line_without_lot_8019513,__import__.location_loc_EXN115,__import__.product_8019513,5
__import__.stock_inventory_line_without_lot_8020717,__import__.location_loc_EXN122,__import__.product_8020717,16
__import__.stock_inventory_line_without_lot_8020686,__import__.location_loc_EXN101,__import__.product_8020686,5
__import__.stock_inventory_line_without_lot_8020723,__import__.location_loc_EOI170,__import__.product_8020723,7
__import__.stock_inventory_line_without_lot_8021125,__import__.location_loc_EOF127,__import__.product_8021125,19
__import__.stock_inventory_line_without_lot_8021154,__import__.location_loc_EOF131,__import__.product_8021154,27
__import__.stock_inventory_line_without_lot_8036612,__import__.location_loc_EOF124,__import__.product_8036612,2
__import__.stock_inventory_line_without_lot_8019878,__import__.location_loc_EXO218,__import__.product_8019878,10
__import__.stock_inventory_line_without_lot_8037758,__import__.location_loc_EXN100,__import__.product_8037758,1
__import__.stock_inventory_line_without_lot_8019938,__import__.location_loc_EXR100,__import__.product_8019938,1
__import__.stock_inventory_line_without_lot_8063833,__import__.location_loc_EXS100,__import__.product_8063833,0
__import__.stock_inventory_line_without_lot_8020189,__import__.location_loc_EXD200,__import__.product_8020189,0
__import__.stock_inventory_line_without_lot_8036575,__import__.location_loc_EOF122,__import__.product_8036575,5
__import__.stock_inventory_line_without_lot_8020255,__import__.location_loc_EOE141,__import__.product_8020255,0
__import__.stock_inventory_line_without_lot_8032494,__import__.location_loc_EOD178,__import__.product_8032494,2
__import__.stock_inventory_line_without_lot_8023294,__import__.location_loc_EOF143,__import__.product_8023294,3
__import__.stock_inventory_line_without_lot_8023288,__import__.location_loc_EXQ100,__import__.product_8023288,0
__import__.stock_inventory_line_without_lot_8023584,__import__.location_loc_EOC114,__import__.product_8023584,6
__import__.stock_inventory_line_without_lot_8023526,__import__.location_loc_EOF151,__import__.product_8023526,6
__import__.stock_inventory_line_without_lot_8023615,__import__.location_loc_EXO100,__import__.product_8023615,1
__import__.stock_inventory_line_without_lot_8019424,__import__.location_loc_EXS210,__import__.product_8019424,65
__import__.stock_inventory_line_without_lot_8021987,__import__.location_loc_EOI127,__import__.product_8021987,1
__import__.stock_inventory_line_without_lot_8020350,__import__.location_loc_EZZ350,__import__.product_8020350,0
__import__.stock_inventory_line_without_lot_8047461,__import__.location_loc_EXQ100,__import__.product_8047461,1
__import__.stock_inventory_line_without_lot_8430792,__import__.location_loc_EOE153,__import__.product_8430792,2
__import__.stock_inventory_line_without_lot_8430800,__import__.location_loc_EXQ101,__import__.product_8430800,1
__import__.stock_inventory_line_without_lot_8020410,__import__.location_loc_EXH500,__import__.product_8020410,1
__import__.stock_inventory_line_without_lot_8014734,__import__.location_loc_EXQ100,__import__.product_8014734,0
__import__.stock_inventory_line_without_lot_8333764,__import__.location_loc_GD22B6,__import__.product_8333764,1
__import__.stock_inventory_line_without_lot_8075210,__import__.location_loc_EXT421,__import__.product_8075210,145
__import__.stock_inventory_line_without_lot_8075227,__import__.location_loc_EXJ100,__import__.product_8075227,184
__import__.stock_inventory_line_without_lot_8075233,__import__.location_loc_EXT322,__import__.product_8075233,80
__import__.stock_inventory_line_without_lot_8062532,__import__.location_loc_EXB200,__import__.product_8062532,0
__import__.stock_inventory_line_without_lot_8014473,__import__.location_loc_EXP000,__import__.product_8014473,2
__import__.stock_inventory_line_without_lot_8014533,__import__.location_loc_EXB300,__import__.product_8014533,0
__import__.stock_inventory_line_without_lot_8072625,__import__.location_loc_EOB135,__import__.product_8072625,3
__import__.stock_inventory_line_without_lot_8297962,__import__.location_loc_EOF153,__import__.product_8297962,14
__import__.stock_inventory_line_without_lot_8017997,__import__.location_loc_EOF155,__import__.product_8017997,15
__import__.stock_inventory_line_without_lot_8037528,__import__.location_loc_EOC168,__import__.product_8037528,23
__import__.stock_inventory_line_without_lot_8433483,__import__.location_loc_EXB500,__import__.product_8433483,2
__import__.stock_inventory_line_without_lot_8018761,__import__.location_loc_EXC503,__import__.product_8018761,2
__import__.stock_inventory_line_without_lot_8433454,__import__.location_loc_EXC510,__import__.product_8433454,2
__import__.stock_inventory_line_without_lot_8018212,__import__.location_loc_EXE600,__import__.product_8018212,1
__import__.stock_inventory_line_without_lot_8037468,__import__.location_loc_EXE600,__import__.product_8037468,1
__import__.stock_inventory_line_without_lot_8060415,__import__.location_loc_EOC218,__import__.product_8060415,1
__import__.stock_inventory_line_without_lot_8337615,__import__.location_loc_EOE161,__import__.product_8337615,1
__import__.stock_inventory_line_without_lot_8335792,__import__.location_loc_EOH182,__import__.product_8335792,2
__import__.stock_inventory_line_without_lot_8335800,__import__.location_loc_EXP000,__import__.product_8335800,1
__import__.stock_inventory_line_without_lot_8335817,__import__.location_loc_EXP000,__import__.product_8335817,0
__import__.stock_inventory_line_without_lot_8055408,__import__.location_loc_EXT260,__import__.product_8055408,4
__import__.stock_inventory_line_without_lot_8035943,__import__.location_loc_EXT404,__import__.product_8035943,1
__import__.stock_inventory_line_without_lot_8049744,__import__.location_loc_EOE123,__import__.product_8049744,0
__import__.stock_inventory_line_without_lot_8383182,__import__.location_loc_EXP006,__import__.product_8383182,1
__import__.stock_inventory_line_without_lot_8294099,__import__.location_loc_GE13B2,__import__.product_8294099,4
__import__.stock_inventory_line_without_lot_8294107,__import__.location_loc_GE13A2,__import__.product_8294107,4
__import__.stock_inventory_line_without_lot_8042883,__import__.location_loc_PN06D3,__import__.product_8042883,1
__import__.stock_inventory_line_without_lot_8042937,__import__.location_loc_PN04D3,__import__.product_8042937,1
__import__.stock_inventory_line_without_lot_8042966,__import__.location_loc_PF02D2,__import__.product_8042966,1
__import__.stock_inventory_line_without_lot_8042995,__import__.location_loc_PN04D5,__import__.product_8042995,1
__import__.stock_inventory_line_without_lot_8043026,__import__.location_loc_PF03D2,__import__.product_8043026,1
__import__.stock_inventory_line_without_lot_8043084,__import__.location_loc_PO05D3,__import__.product_8043084,3
__import__.stock_inventory_line_without_lot_8042802,__import__.location_loc_EXD200,__import__.product_8042802,2
__import__.stock_inventory_line_without_lot_8042647,__import__.location_loc_PN05E1,__import__.product_8042647,1
__import__.stock_inventory_line_without_lot_8042682,__import__.location_loc_PF03D3,__import__.product_8042682,2
__import__.stock_inventory_line_without_lot_8042699,__import__.location_loc_PN06D2,__import__.product_8042699,1
__import__.stock_inventory_line_without_lot_8042713,__import__.location_loc_PO01D1,__import__.product_8042713,1
__import__.stock_inventory_line_without_lot_8043061,__import__.location_loc_GH33A1,__import__.product_8043061,5
__import__.stock_inventory_line_without_lot_8043078,__import__.location_loc_GH33B1,__import__.product_8043078,1
__import__.stock_inventory_line_without_lot_8043121,__import__.location_loc_GH31B3,__import__.product_8043121,3
__import__.stock_inventory_line_without_lot_8065134,__import__.location_loc_EOD192,__import__.product_8065134,2
__import__.stock_inventory_line_without_lot_8021616,__import__.location_loc_EXP200,__import__.product_8021616,1
__import__.stock_inventory_line_without_lot_8021467,__import__.location_loc_EXJ700,__import__.product_8021467,0
__import__.stock_inventory_line_without_lot_8021409,__import__.location_loc_EXK600,__import__.product_8021409,5
__import__.stock_inventory_line_without_lot_8044899,__import__.location_loc_EOB158,__import__.product_8044899,5
__import__.stock_inventory_line_without_lot_8045166,__import__.location_loc_EOC223,__import__.product_8045166,0
__import__.stock_inventory_line_without_lot_8044907,__import__.location_loc_EXG500,__import__.product_8044907,0
__import__.stock_inventory_line_without_lot_8044770,__import__.location_loc_GF30D3,__import__.product_8044770,2
__import__.stock_inventory_line_without_lot_8295093,__import__.location_loc_EXQ100,__import__.product_8295093,0
__import__.stock_inventory_line_without_lot_8295101,__import__.location_loc_EXQ100,__import__.product_8295101,0
__import__.stock_inventory_line_without_lot_8047343,__import__.location_loc_EOC227,__import__.product_8047343,0
__import__.stock_inventory_line_without_lot_8076304,__import__.location_loc_EOE146,__import__.product_8076304,12
__import__.stock_inventory_line_without_lot_8053119,__import__.location_loc_EXH400,__import__.product_8053119,1
__import__.stock_inventory_line_without_lot_8029836,__import__.location_loc_EOB236,__import__.product_8029836,0
__import__.stock_inventory_line_without_lot_8029842,__import__.location_loc_EOD190,__import__.product_8029842,1
__import__.stock_inventory_line_without_lot_8075500,__import__.location_loc_EXC200,__import__.product_8075500,0
__import__.stock_inventory_line_without_lot_8381208,__import__.location_loc_EXH200,__import__.product_8381208,1
__import__.stock_inventory_line_without_lot_8029776,__import__.location_loc_EXH300,__import__.product_8029776,1
__import__.stock_inventory_line_without_lot_8030147,__import__.location_loc_EXH300,__import__.product_8030147,3
__import__.stock_inventory_line_without_lot_8030213,__import__.location_loc_EHX400,__import__.product_8030213,0
__import__.stock_inventory_line_without_lot_8381183,__import__.location_loc_EXH200,__import__.product_8381183,2
__import__.stock_inventory_line_without_lot_8029931,__import__.location_loc_EXH400,__import__.product_8029931,0
__import__.stock_inventory_line_without_lot_8338715,__import__.location_loc_EXH200,__import__.product_8338715,1
__import__.stock_inventory_line_without_lot_8047975,__import__.location_loc_EXB300,__import__.product_8047975,0
__import__.stock_inventory_line_without_lot_8067848,__import__.location_loc_EXH400,__import__.product_8067848,5
__import__.stock_inventory_line_without_lot_8035558,__import__.location_loc_EOF206,__import__.product_8035558,1
__import__.stock_inventory_line_without_lot_8293208,__import__.location_loc_EXT263,__import__.product_8293208,1
__import__.stock_inventory_line_without_lot_8072654,__import__.location_loc_EXT500,__import__.product_8072654,1
__import__.stock_inventory_line_without_lot_8062087,__import__.location_loc_EOB192,__import__.product_8062087,1
__import__.stock_inventory_line_without_lot_8030609,__import__.location_loc_GE11F1,__import__.product_8030609,1
__import__.stock_inventory_line_without_lot_8030561,__import__.location_loc_EXK400,__import__.product_8030561,1
__import__.stock_inventory_line_without_lot_8036836,__import__.location_loc_GD26A3,__import__.product_8036836,0
__import__.stock_inventory_line_without_lot_8063483,__import__.location_loc_EXH500,__import__.product_8063483,0
__import__.stock_inventory_line_without_lot_8381993,__import__.location_loc_EOI158,__import__.product_8381993,1
__import__.stock_inventory_line_without_lot_8063738,__import__.location_loc_EXT442,__import__.product_8063738,0
__import__.stock_inventory_line_without_lot_8059079,__import__.location_loc_EXT302,__import__.product_8059079,1
__import__.stock_inventory_line_without_lot_8058861,__import__.location_loc_EXT301,__import__.product_8058861,1
__import__.stock_inventory_line_without_lot_8040542,__import__.location_loc_EXD300,__import__.product_8040542,1
__import__.stock_inventory_line_without_lot_8040447,__import__.location_loc_EXD300,__import__.product_8040447,9
__import__.stock_inventory_line_without_lot_8058915,__import__.location_loc_EXJ600,__import__.product_8058915,1
__import__.stock_inventory_line_without_lot_8063520,__import__.location_loc_GC12B1,__import__.product_8063520,72
__import__.stock_inventory_line_without_lot_8063514,__import__.location_loc_GE16C4,__import__.product_8063514,85
__import__.stock_inventory_line_without_lot_8041470,__import__.location_loc_GD22E5,__import__.product_8041470,6
__import__.stock_inventory_line_without_lot_5920301,__import__.location_loc_EOE121,__import__.product_5920301,3
__import__.stock_inventory_line_without_lot_8062963,__import__.location_loc_EXF400,__import__.product_8062963,1
__import__.stock_inventory_line_without_lot_8061596,__import__.location_loc_EXQ205,__import__.product_8061596,2
__import__.stock_inventory_line_without_lot_8053906,__import__.location_loc_EXI100,__import__.product_8053906,1
__import__.stock_inventory_line_without_lot_8431107,__import__.location_loc_EXE200,__import__.product_8431107,0
__import__.stock_inventory_line_without_lot_8003914,__import__.location_loc_EXF100,__import__.product_8003914,3
__import__.stock_inventory_line_without_lot_8015171,__import__.location_loc_EOB108,__import__.product_8015171,3
__import__.stock_inventory_line_without_lot_8015188,__import__.location_loc_EXH500,__import__.product_8015188,3
__import__.stock_inventory_line_without_lot_8015202,__import__.location_loc_EOI154,__import__.product_8015202,1
__import__.stock_inventory_line_without_lot_8405535,__import__.location_loc_EOB126,__import__.product_8405535,4
__import__.stock_inventory_line_without_lot_8299820,__import__.location_loc_EOA167,__import__.product_8299820,3
__import__.stock_inventory_line_without_lot_8299837,__import__.location_loc_EXK600,__import__.product_8299837,6
__import__.stock_inventory_line_without_lot_8004003,__import__.location_loc_EXF400,__import__.product_8004003,0
__import__.stock_inventory_line_without_lot_8003682,__import__.location_loc_EXE100,__import__.product_8003682,3
__import__.stock_inventory_line_without_lot_8003825,__import__.location_loc_EOF113,__import__.product_8003825,0
__import__.stock_inventory_line_without_lot_8402382,__import__.location_loc_EOC178,__import__.product_8402382,5
__import__.stock_inventory_line_without_lot_8016147,__import__.location_loc_EXH500,__import__.product_8016147,0
__import__.stock_inventory_line_without_lot_8015969,__import__.location_loc_EOA149,__import__.product_8015969,1
__import__.stock_inventory_line_without_lot_8016271,__import__.location_loc_EOC140,__import__.product_8016271,1
__import__.stock_inventory_line_without_lot_8003848,__import__.location_loc_EOH131,__import__.product_8003848,4
__import__.stock_inventory_line_without_lot_8003854,__import__.location_loc_EOI162,__import__.product_8003854,14
__import__.stock_inventory_line_without_lot_8003860,__import__.location_loc_EOH132,__import__.product_8003860,0
__import__.stock_inventory_line_without_lot_8003877,__import__.location_loc_EOH133,__import__.product_8003877,6
__import__.stock_inventory_line_without_lot_8003883,__import__.location_loc_EOH134,__import__.product_8003883,0
__import__.stock_inventory_line_without_lot_8016503,__import__.location_loc_EOA151,__import__.product_8016503,0
__import__.stock_inventory_line_without_lot_8016549,__import__.location_loc_EOI157,__import__.product_8016549,0
__import__.stock_inventory_line_without_lot_8016609,__import__.location_loc_EOB186,__import__.product_8016609,0
__import__.stock_inventory_line_without_lot_8038657,__import__.location_loc_EXP000,__import__.product_8038657,1
__import__.stock_inventory_line_without_lot_8075641,__import__.location_loc_GL01C4,__import__.product_8075641,1
__import__.stock_inventory_line_without_lot_8028334,__import__.location_loc_EXK400,__import__.product_8028334,3
__import__.stock_inventory_line_without_lot_8041837,__import__.location_loc_EOE104,__import__.product_8041837,4
__import__.stock_inventory_line_without_lot_8035475,__import__.location_loc_EOA129,__import__.product_8035475,0
__import__.stock_inventory_line_without_lot_8035506,__import__.location_loc_EXK104,__import__.product_8035506,2
__import__.stock_inventory_line_without_lot_8028268,__import__.location_loc_GE13D1,__import__.product_8028268,27
__import__.stock_inventory_line_without_lot_8028297,__import__.location_loc_EOC111,__import__.product_8028297,1
__import__.stock_inventory_line_without_lot_8025985,__import__.location_loc_EXO100,__import__.product_8025985,1
__import__.stock_inventory_line_without_lot_8028765,__import__.location_loc_EXP000,__import__.product_8028765,0
__import__.stock_inventory_line_without_lot_8292640,__import__.location_loc_EXL404,__import__.product_8292640,4
__import__.stock_inventory_line_without_lot_8024193,__import__.location_loc_EXS100,__import__.product_8024193,0
__import__.stock_inventory_line_without_lot_8058393,__import__.location_loc_GC09F2,__import__.product_8058393,2
__import__.stock_inventory_line_without_lot_8331328,__import__.location_loc_GB22C1,__import__.product_8331328,0
__import__.stock_inventory_line_without_lot_8058714,__import__.location_loc_GE14D1,__import__.product_8058714,0
__import__.stock_inventory_line_without_lot_8427086,__import__.location_loc_GG12A1,__import__.product_8427086,55
__import__.stock_inventory_line_without_lot_8427092,__import__.location_loc_GD07C1,__import__.product_8427092,16
__import__.stock_inventory_line_without_lot_8029090,__import__.location_loc_GE14D6,__import__.product_8029090,10
__import__.stock_inventory_line_without_lot_8028989,__import__.location_loc_EZZ989,__import__.product_8028989,6
__import__.stock_inventory_line_without_lot_8062733,__import__.location_loc_EOH135,__import__.product_8062733,6
__import__.stock_inventory_line_without_lot_8028400,__import__.location_loc_EXO214,__import__.product_8028400,86
__import__.stock_inventory_line_without_lot_8028392,__import__.location_loc_EXK600,__import__.product_8028392,11
__import__.stock_inventory_line_without_lot_8060562,__import__.location_loc_GE03G1,__import__.product_8060562,4
__import__.stock_inventory_line_without_lot_8027056,__import__.location_loc_GF21B4,__import__.product_8027056,0
__import__.stock_inventory_line_without_lot_8298192,__import__.location_loc_EXL600,__import__.product_8298192,0
__import__.stock_inventory_line_without_lot_8025241,__import__.location_loc_EXG506,__import__.product_8025241,1
__import__.stock_inventory_line_without_lot_8033513,__import__.location_loc_EXK500,__import__.product_8033513,4
__import__.stock_inventory_line_without_lot_8033542,__import__.location_loc_EXK500,__import__.product_8033542,5
__import__.stock_inventory_line_without_lot_8035423,__import__.location_loc_EXE100,__import__.product_8035423,4
__import__.stock_inventory_line_without_lot_8028044,__import__.location_loc_GD04G5,__import__.product_8028044,20
__import__.stock_inventory_line_without_lot_8027808,__import__.location_loc_GA05A3,__import__.product_8027808,5
__import__.stock_inventory_line_without_lot_8027814,__import__.location_loc_GE13G4,__import__.product_8027814,14
__import__.stock_inventory_line_without_lot_8028067,__import__.location_loc_EXC300,__import__.product_8028067,2
__import__.stock_inventory_line_without_lot_8027748,__import__.location_loc_GF26E2,__import__.product_8027748,3
__import__.stock_inventory_line_without_lot_8025330,__import__.location_loc_EXF500,__import__.product_8025330,1
__import__.stock_inventory_line_without_lot_8033401,__import__.location_loc_EXG300,__import__.product_8033401,1
__import__.stock_inventory_line_without_lot_8299694,__import__.location_loc_EXK400,__import__.product_8299694,5
__import__.stock_inventory_line_without_lot_8025442,__import__.location_loc_EXJ900,__import__.product_8025442,4
__import__.stock_inventory_line_without_lot_8036173,__import__.location_loc_EOC143,__import__.product_8036173,2
__import__.stock_inventory_line_without_lot_8036150,__import__.location_loc_EOC142,__import__.product_8036150,0
__import__.stock_inventory_line_without_lot_8036339,__import__.location_loc_EOC144,__import__.product_8036339,2
__import__.stock_inventory_line_without_lot_8036345,__import__.location_loc_EOC145,__import__.product_8036345,0
__import__.stock_inventory_line_without_lot_8036428,__import__.location_loc_EOC147,__import__.product_8036428,1
__import__.stock_inventory_line_without_lot_8036411,__import__.location_loc_EOC146,__import__.product_8036411,2
__import__.stock_inventory_line_without_lot_8036405,__import__.location_loc_EOH167,__import__.product_8036405,3
__import__.stock_inventory_line_without_lot_8036144,__import__.location_loc_EOB181,__import__.product_8036144,0
__import__.stock_inventory_line_without_lot_8036374,__import__.location_loc_EOC154,__import__.product_8036374,2
__import__.stock_inventory_line_without_lot_8036227,__import__.location_loc_EOB183,__import__.product_8036227,2
__import__.stock_inventory_line_without_lot_8036233,__import__.location_loc_EOB191,__import__.product_8036233,3
__import__.stock_inventory_line_without_lot_8036322,__import__.location_loc_EXB541,__import__.product_8036322,6
__import__.stock_inventory_line_without_lot_8036316,__import__.location_loc_EOB179,__import__.product_8036316,0
__import__.stock_inventory_line_without_lot_8027369,__import__.location_loc_EOB102,__import__.product_8027369,0
__import__.stock_inventory_line_without_lot_8035251,__import__.location_loc_EOH202,__import__.product_8035251,5
__import__.stock_inventory_line_without_lot_8026648,__import__.location_loc_EXK500,__import__.product_8026648,1
__import__.stock_inventory_line_without_lot_8029463,__import__.location_loc_EOE176,__import__.product_8029463,0
__import__.stock_inventory_line_without_lot_8334841,__import__.location_loc_GE03B4,__import__.product_8334841,12
__import__.stock_inventory_line_without_lot_8033045,__import__.location_loc_EXF300,__import__.product_8033045,2
__import__.stock_inventory_line_without_lot_8033039,__import__.location_loc_EXF400,__import__.product_8033039,3
__import__.stock_inventory_line_without_lot_8063193,__import__.location_loc_GE04B1,__import__.product_8063193,1
__import__.stock_inventory_line_without_lot_8332227,__import__.location_loc_GF29D5,__import__.product_8332227,1
__import__.stock_inventory_line_without_lot_8332233,__import__.location_loc_EXF600,__import__.product_8332233,1
__import__.stock_inventory_line_without_lot_8332262,__import__.location_loc_EXF600,__import__.product_8332262,1
__import__.stock_inventory_line_without_lot_8332291,__import__.location_loc_EXT532,__import__.product_8332291,1
__import__.stock_inventory_line_without_lot_8036546,__import__.location_loc_EXF400,__import__.product_8036546,0
__import__.stock_inventory_line_without_lot_7116467,__import__.location_loc_GF30E1,__import__.product_7116467,3
__import__.stock_inventory_line_without_lot_8070632,__import__.location_loc_EOG192,__import__.product_8070632,1
__import__.stock_inventory_line_without_lot_8036397,__import__.location_loc_EOH107,__import__.product_8036397,6
__import__.stock_inventory_line_without_lot_8008202,__import__.location_loc_GD20C4,__import__.product_8008202,0
__import__.stock_inventory_line_without_lot_8345307,__import__.location_loc_GG22D2,__import__.product_8345307,2
__import__.stock_inventory_line_without_lot_8345313,__import__.location_loc_GD30B1,__import__.product_8345313,12
__import__.stock_inventory_line_without_lot_8345336,__import__.location_loc_GD22G5,__import__.product_8345336,7
__import__.stock_inventory_line_without_lot_8345342,__import__.location_loc_GD20D1,__import__.product_8345342,10
__import__.stock_inventory_line_without_lot_8345359,__import__.location_loc_GF26E3,__import__.product_8345359,6
__import__.stock_inventory_line_without_lot_8345365,__import__.location_loc_GF24B6,__import__.product_8345365,2
__import__.stock_inventory_line_without_lot_8345371,__import__.location_loc_GD22A2,__import__.product_8345371,6
__import__.stock_inventory_line_without_lot_8345388,__import__.location_loc_GD20B1,__import__.product_8345388,1
__import__.stock_inventory_line_without_lot_8345394,__import__.location_loc_GG14A1,__import__.product_8345394,7
__import__.stock_inventory_line_without_lot_8345402,__import__.location_loc_GE15B1,__import__.product_8345402,6
__import__.stock_inventory_line_without_lot_8345419,__import__.location_loc_GD20A2,__import__.product_8345419,4
__import__.stock_inventory_line_without_lot_8337265,__import__.location_loc_GA13D1,__import__.product_8337265,11
__import__.stock_inventory_line_without_lot_8063661,__import__.location_loc_GB30C5,__import__.product_8063661,11
__import__.stock_inventory_line_without_lot_8342591,__import__.location_loc_PN06D1,__import__.product_8342591,1
__import__.stock_inventory_line_without_lot_8343283,__import__.location_loc_PN03E2,__import__.product_8343283,2
__import__.stock_inventory_line_without_lot_8347312,__import__.location_loc_EOC185,__import__.product_8347312,6
__import__.stock_inventory_line_without_lot_5036989,__import__.location_loc_QD05C5,__import__.product_5036989,13
__import__.stock_inventory_line_without_lot_5395000,__import__.location_loc_GL03C1,__import__.product_5395000,8
__import__.stock_inventory_line_without_lot_5234278,__import__.location_loc_GD04A2,__import__.product_5234278,6
__import__.stock_inventory_line_without_lot_5431500,__import__.location_loc_GK17A2,__import__.product_5431500,4
__import__.stock_inventory_line_without_lot_5432100,__import__.location_loc_GZZ221,__import__.product_5432100,1
__import__.stock_inventory_line_without_lot_5440300,__import__.location_loc_GZZ502,__import__.product_5440300,1
__import__.stock_inventory_line_without_lot_5450400,__import__.location_loc_GZZ310,__import__.product_5450400,1
__import__.stock_inventory_line_without_lot_5430505,__import__.location_loc_GF28B7,__import__.product_5430505,11
__import__.stock_inventory_line_without_lot_5430510,__import__.location_loc_GF10D2,__import__.product_5430510,2
__import__.stock_inventory_line_without_lot_5432040,__import__.location_loc_GZZ240,__import__.product_5432040,1
__import__.stock_inventory_line_without_lot_8058298,__import__.location_loc_GD30C2,__import__.product_8058298,15
__import__.stock_inventory_line_without_lot_8074995,__import__.location_loc_GL11B2,__import__.product_8074995,8
__import__.stock_inventory_line_without_lot_8290150,__import__.location_loc_GC08A4,__import__.product_8290150,4
__import__.stock_inventory_line_without_lot_8075084,__import__.location_loc_GL06A4,__import__.product_8075084,5
__import__.stock_inventory_line_without_lot_5431268,__import__.location_loc_GD23B3,__import__.product_5431268,14
__import__.stock_inventory_line_without_lot_5432000,__import__.location_loc_GB18D3,__import__.product_5432000,5
__import__.stock_inventory_line_without_lot_5260043,__import__.location_loc_GF25D3,__import__.product_5260043,1
__import__.stock_inventory_line_without_lot_8402376,__import__.location_loc_EXH200,__import__.product_8402376,1
__import__.stock_inventory_line_without_lot_5230000,__import__.location_loc_GK14B6,__import__.product_5230000,242
__import__.stock_inventory_line_without_lot_5110006,__import__.location_loc_GL01B4,__import__.product_5110006,763
__import__.stock_inventory_line_without_lot_5532014,__import__.location_loc_EXU100,__import__.product_5532014,0
__import__.stock_inventory_line_without_lot_5532013,__import__.location_loc_EXU100,__import__.product_5532013,0
__import__.stock_inventory_line_without_lot_5215431,__import__.location_loc_EXP000,__import__.product_5215431,237
__import__.stock_inventory_line_without_lot_1774728,__import__.location_loc_GD32C6,__import__.product_1774728,0
__import__.stock_inventory_line_without_lot_8046409,__import__.location_loc_GG01C6,__import__.product_8046409,7
__import__.stock_inventory_line_without_lot_8046421,__import__.location_loc_GH33C2,__import__.product_8046421,7
__import__.stock_inventory_line_without_lot_8046467,__import__.location_loc_GG01B3,__import__.product_8046467,20
__import__.stock_inventory_line_without_lot_8046496,__import__.location_loc_GG01D4,__import__.product_8046496,73
__import__.stock_inventory_line_without_lot_6342084,__import__.location_loc_EXI700,__import__.product_6342084,2
__import__.stock_inventory_line_without_lot_5438805,__import__.location_loc_GD04G3,__import__.product_5438805,3
__import__.stock_inventory_line_without_lot_5432500,__import__.location_loc_GZZ309,__import__.product_5432500,10
__import__.stock_inventory_line_without_lot_8487036,__import__.location_loc_GL09B6,__import__.product_8487036,3
__import__.stock_inventory_line_without_lot_8333304,__import__.location_loc_EXB400,__import__.product_8333304,1
__import__.stock_inventory_line_without_lot_5432158,__import__.location_loc_GZZ505,__import__.product_5432158,2
__import__.stock_inventory_line_without_lot_5431832,__import__.location_loc_GZZ232,__import__.product_5431832,2
__import__.stock_inventory_line_without_lot_8021131,__import__.location_loc_EXS202,__import__.product_8021131,7
__import__.stock_inventory_line_without_lot_5431009,__import__.location_loc_GF28A2,__import__.product_5431009,0
__import__.stock_inventory_line_without_lot_9931736,__import__.location_loc_EXB400,__import__.product_9931736,1
__import__.stock_inventory_line_without_lot_5434420,__import__.location_loc_GC13C6,__import__.product_5434420,0
__import__.stock_inventory_line_without_lot_8332316,__import__.location_loc_GF29C4,__import__.product_8332316,3
__import__.stock_inventory_line_without_lot_5310220,__import__.location_loc_EXS300,__import__.product_5310220,27
__import__.stock_inventory_line_without_lot_5310402,__import__.location_loc_EXS301,__import__.product_5310402,11
__import__.stock_inventory_line_without_lot_4610250,__import__.location_loc_EXT632,__import__.product_4610250,5
__import__.stock_inventory_line_without_lot_4610244,__import__.location_loc_EXT630,__import__.product_4610244,5
__import__.stock_inventory_line_without_lot_9250331,__import__.location_loc_EXP000,__import__.product_9250331,46
__import__.stock_inventory_line_without_lot_5267013,__import__.location_loc_GG03C2,__import__.product_5267013,0
__import__.stock_inventory_line_without_lot_8458313,__import__.location_loc_AI12B6,__import__.product_8458313,69
__import__.stock_inventory_line_without_lot_8458336,__import__.location_loc_AC11A3,__import__.product_8458336,248
__import__.stock_inventory_line_without_lot_8074558,__import__.location_loc_GF27D3,__import__.product_8074558,2
__import__.stock_inventory_line_without_lot_5433201,__import__.location_loc_GZZ201,__import__.product_5433201,2
__import__.stock_inventory_line_without_lot_5432001,__import__.location_loc_GF30F2,__import__.product_5432001,1
__import__.stock_inventory_line_without_lot_5655030,__import__.location_loc_EOH127,__import__.product_5655030,3
__import__.stock_inventory_line_without_lot_5655000,__import__.location_loc_EXB540,__import__.product_5655000,6
__import__.stock_inventory_line_without_lot_5270209,__import__.location_loc_GB28C1,__import__.product_5270209,290
__import__.stock_inventory_line_without_lot_5247880,__import__.location_loc_GL04B3,__import__.product_5247880,40
__import__.stock_inventory_line_without_lot_5354610,__import__.location_loc_GE14B2,__import__.product_5354610,1
__import__.stock_inventory_line_without_lot_5355118,__import__.location_loc_EXG600,__import__.product_5355118,0
__import__.stock_inventory_line_without_lot_5420018,__import__.location_loc_GK11A3,__import__.product_5420018,58
__import__.stock_inventory_line_without_lot_5342111,__import__.location_loc_GF21A1,__import__.product_5342111,7
__import__.stock_inventory_line_without_lot_5342186,__import__.location_loc_GK15A1,__import__.product_5342186,0
__import__.stock_inventory_line_without_lot_5405554,__import__.location_loc_GF18C4,__import__.product_5405554,90
__import__.stock_inventory_line_without_lot_5877340,__import__.location_loc_GD11C2,__import__.product_5877340,2
__import__.stock_inventory_line_without_lot_5350330,__import__.location_loc_GE08D3,__import__.product_5350330,330
__import__.stock_inventory_line_without_lot_5877365,__import__.location_loc_GB26C4,__import__.product_5877365,0
__import__.stock_inventory_line_without_lot_5600876,__import__.location_loc_GB24C2,__import__.product_5600876,673
__import__.stock_inventory_line_without_lot_5384023,__import__.location_loc_GB08C4,__import__.product_5384023,2183
__import__.stock_inventory_line_without_lot_5450767,__import__.location_loc_GB22D4,__import__.product_5450767,51
__import__.stock_inventory_line_without_lot_5248550,__import__.location_loc_EXH200,__import__.product_5248550,1
__import__.stock_inventory_line_without_lot_5419740,__import__.location_loc_EXL510,__import__.product_5419740,30
__import__.stock_inventory_line_without_lot_5417040,__import__.location_loc_EXL513,__import__.product_5417040,37
__import__.stock_inventory_line_without_lot_5419600,__import__.location_loc_EXL511,__import__.product_5419600,44
__import__.stock_inventory_line_without_lot_5419670,__import__.location_loc_EXL514,__import__.product_5419670,35
__import__.stock_inventory_line_without_lot_5419710,__import__.location_loc_EXL512,__import__.product_5419710,24
__import__.stock_inventory_line_without_lot_5415740,__import__.location_loc_EXZ000,__import__.product_5415740,82
__import__.stock_inventory_line_without_lot_5435040,__import__.location_loc_EXB100,__import__.product_5435040,33
__import__.stock_inventory_line_without_lot_8336426,__import__.location_loc_GE06D1,__import__.product_8336426,6
__import__.stock_inventory_line_without_lot_5433283,__import__.location_loc_GE05F9,__import__.product_5433283,0
__import__.stock_inventory_line_without_lot_5434307,__import__.location_loc_GZZ207,__import__.product_5434307,2
__import__.stock_inventory_line_without_lot_5430600,__import__.location_loc_GZZ250,__import__.product_5430600,1
__import__.stock_inventory_line_without_lot_5430700,__import__.location_loc_GE09C2,__import__.product_5430700,0
__import__.stock_inventory_line_without_lot_5430592,__import__.location_loc_GZZ292,__import__.product_5430592,1
__import__.stock_inventory_line_without_lot_5054799,__import__.location_loc_QA02A3,__import__.product_5054799,276
__import__.stock_inventory_line_without_lot_5146919,__import__.location_loc_QE09B6,__import__.product_5146919,2859
__import__.stock_inventory_line_without_lot_5420014,__import__.location_loc_QD05D3,__import__.product_5420014,199
__import__.stock_inventory_line_without_lot_5451843,__import__.location_loc_QF05B6,__import__.product_5451843,17216
__import__.stock_inventory_line_without_lot_5123456,__import__.location_loc_EXL100,__import__.product_5123456,12
__import__.stock_inventory_line_without_lot_5671002,__import__.location_loc_EXS324,__import__.product_5671002,6
__import__.stock_inventory_line_without_lot_5540855,__import__.location_loc_GF31E4,__import__.product_5540855,2
__import__.stock_inventory_line_without_lot_5901891,__import__.location_loc_EXK111,__import__.product_5901891,14
__import__.stock_inventory_line_without_lot_5111550,__import__.location_loc_EXE300,__import__.product_5111550,2
__import__.stock_inventory_line_without_lot_5338600,__import__.location_loc_GA09C1,__import__.product_5338600,14
__import__.stock_inventory_line_without_lot_5173360,__import__.location_loc_QF07A1,__import__.product_5173360,32493
__import__.stock_inventory_line_without_lot_5549010,__import__.location_loc_EXB525,__import__.product_5549010,0
__import__.stock_inventory_line_without_lot_5549021,__import__.location_loc_EXB514,__import__.product_5549021,2
__import__.stock_inventory_line_without_lot_8338661,__import__.location_loc_EXK100,__import__.product_8338661,0
__import__.stock_inventory_line_without_lot_5430397,__import__.location_loc_QF06D2,__import__.product_5430397,1038
__import__.stock_inventory_line_without_lot_5110036,__import__.location_loc_QB05C1,__import__.product_5110036,110
__import__.stock_inventory_line_without_lot_5110012,__import__.location_loc_QB05D2,__import__.product_5110012,6
__import__.stock_inventory_line_without_lot_5270403,__import__.location_loc_GB28C4,__import__.product_5270403,131
__import__.stock_inventory_line_without_lot_5525641,__import__.location_loc_GB14A2,__import__.product_5525641,0
__import__.stock_inventory_line_without_lot_5352805,__import__.location_loc_GF31C2,__import__.product_5352805,5
__import__.stock_inventory_line_without_lot_5386001,__import__.location_loc_GF18A5,__import__.product_5386001,44
__import__.stock_inventory_line_without_lot_5200812,__import__.location_loc_EXP000,__import__.product_5200812,0
__import__.stock_inventory_line_without_lot_8356995,__import__.location_loc_EXK600,__import__.product_8356995,4
__import__.stock_inventory_line_without_lot_5202689,__import__.location_loc_GL03B3,__import__.product_5202689,73
__import__.stock_inventory_line_without_lot_8046349,__import__.location_loc_GG01B1,__import__.product_8046349,11
__import__.stock_inventory_line_without_lot_8046355,__import__.location_loc_GG01D3,__import__.product_8046355,0
__import__.stock_inventory_line_without_lot_3006042,__import__.location_loc_GD09C5,__import__.product_3006042,11
__import__.stock_inventory_line_without_lot_3056852,__import__.location_loc_GK15C2,__import__.product_3056852,12
__import__.stock_inventory_line_without_lot_8298790,__import__.location_loc_AB10A3,__import__.product_8298790,159
__import__.stock_inventory_line_without_lot_8298791,__import__.location_loc_AI14A7,__import__.product_8298791,11
__import__.stock_inventory_line_without_lot_8298792,__import__.location_loc_GF32F4,__import__.product_8298792,0
__import__.stock_inventory_line_without_lot_5049212,__import__.location_loc_GA05C1,__import__.product_5049212,1
__import__.stock_inventory_line_without_lot_4527891,__import__.location_loc_GA07D5,__import__.product_4527891,4
__import__.stock_inventory_line_without_lot_3096355,__import__.location_loc_GF21C1,__import__.product_3096355,11
__import__.stock_inventory_line_without_lot_5272201,__import__.location_loc_EXG620,__import__.product_5272201,12
__import__.stock_inventory_line_without_lot_5272202,__import__.location_loc_EXG621,__import__.product_5272202,38
__import__.stock_inventory_line_without_lot_5272203,__import__.location_loc_EXG623,__import__.product_5272203,15
__import__.stock_inventory_line_without_lot_8038052,__import__.location_loc_GD27A1,__import__.product_8038052,5
__import__.stock_inventory_line_without_lot_8429956,__import__.location_loc_GB18C1,__import__.product_8429956,0
__import__.stock_inventory_line_without_lot_5260620,__import__.location_loc_GC12C4,__import__.product_5260620,1
__import__.stock_inventory_line_without_lot_5048004,__import__.location_loc_GL04B4,__import__.product_5048004,1132
__import__.stock_inventory_line_without_lot_5355001,__import__.location_loc_PN05E2,__import__.product_5355001,1
__import__.stock_inventory_line_without_lot_2510543,__import__.location_loc_GE08C6,__import__.product_2510543,2
__import__.stock_inventory_line_without_lot_5654321,__import__.location_loc_EOE163,__import__.product_5654321,9
__import__.stock_inventory_line_without_lot_5654322,__import__.location_loc_GC05D1,__import__.product_5654322,39
__import__.stock_inventory_line_without_lot_5105620,__import__.location_loc_EXG200,__import__.product_5105620,4
__import__.stock_inventory_line_without_lot_5050012,__import__.location_loc_GZZ012,__import__.product_5050012,3
__import__.stock_inventory_line_without_lot_8042736,__import__.location_loc_PN06D4,__import__.product_8042736,6
__import__.stock_inventory_line_without_lot_8337733,__import__.location_loc_EXL200,__import__.product_8337733,6
__import__.stock_inventory_line_without_lot_5900591,__import__.location_loc_EXG500,__import__.product_5900591,1
__import__.stock_inventory_line_without_lot_8375998,__import__.location_loc_EOD197,__import__.product_8375998,1
__import__.stock_inventory_line_without_lot_8376006,__import__.location_loc_EOB219,__import__.product_8376006,3
__import__.stock_inventory_line_without_lot_8375834,__import__.location_loc_EOB113,__import__.product_8375834,2
__import__.stock_inventory_line_without_lot_8376265,__import__.location_loc_EOA141,__import__.product_8376265,8
__import__.stock_inventory_line_without_lot_8376271,__import__.location_loc_EOA176,__import__.product_8376271,9
__import__.stock_inventory_line_without_lot_8376443,__import__.location_loc_EOA101,__import__.product_8376443,0
__import__.stock_inventory_line_without_lot_8376466,__import__.location_loc_EOA184,__import__.product_8376466,6
__import__.stock_inventory_line_without_lot_8376472,__import__.location_loc_EOA124,__import__.product_8376472,7
__import__.stock_inventory_line_without_lot_8375768,__import__.location_loc_EOA186,__import__.product_8375768,2
__import__.stock_inventory_line_without_lot_5901892,__import__.location_loc_EOG133,__import__.product_5901892,25
__import__.stock_inventory_line_without_lot_5855100,__import__.location_loc_EOI171,__import__.product_5855100,10
__import__.stock_inventory_line_without_lot_8337727,__import__.location_loc_EXJ600,__import__.product_8337727,7
__import__.stock_inventory_line_without_lot_5545267,__import__.location_loc_GG08A4,__import__.product_5545267,13
__import__.stock_inventory_line_without_lot_5450236,__import__.location_loc_GL06B2,__import__.product_5450236,9
__import__.stock_inventory_line_without_lot_5415057,__import__.location_loc_GL02B1,__import__.product_5415057,3
__import__.stock_inventory_line_without_lot_5792021,__import__.location_loc_GA06B1,__import__.product_5792021,3
__import__.stock_inventory_line_without_lot_5421330,__import__.location_loc_GL01C3,__import__.product_5421330,0
__import__.stock_inventory_line_without_lot_8054544,__import__.location_loc_EOD177,__import__.product_8054544,1
__import__.stock_inventory_line_without_lot_8361900,__import__.location_loc_EOH162,__import__.product_8361900,0
__import__.stock_inventory_line_without_lot_8358801,__import__.location_loc_EOA102,__import__.product_8358801,0
__import__.stock_inventory_line_without_lot_8356251,__import__.location_loc_EOA118,__import__.product_8356251,6
__import__.stock_inventory_line_without_lot_8358793,__import__.location_loc_EOA104,__import__.product_8358793,2
__import__.stock_inventory_line_without_lot_5104070,__import__.location_loc_EOB130,__import__.product_5104070,1
__import__.stock_inventory_line_without_lot_8383667,__import__.location_loc_GF22E3,__import__.product_8383667,1
__import__.stock_inventory_line_without_lot_8383650,__import__.location_loc_GF26D6,__import__.product_8383650,1
__import__.stock_inventory_line_without_lot_8383644,__import__.location_loc_GF22G4,__import__.product_8383644,1
__import__.stock_inventory_line_without_lot_5703000,__import__.location_loc_GE16D4,__import__.product_5703000,82
__import__.stock_inventory_line_without_lot_5040000,__import__.location_loc_GL01B2,__import__.product_5040000,186
__import__.stock_inventory_line_without_lot_5438012,__import__.location_loc_GC20B4,__import__.product_5438012,8
__import__.stock_inventory_line_without_lot_8376093,__import__.location_loc_EOA168,__import__.product_8376093,30
__import__.stock_inventory_line_without_lot_8376124,__import__.location_loc_EOA171,__import__.product_8376124,4
__import__.stock_inventory_line_without_lot_8376130,__import__.location_loc_EOA108,__import__.product_8376130,18
__import__.stock_inventory_line_without_lot_8376147,__import__.location_loc_EOA111,__import__.product_8376147,7
__import__.stock_inventory_line_without_lot_8376288,__import__.location_loc_EOA196,__import__.product_8376288,7
__import__.stock_inventory_line_without_lot_8376294,__import__.location_loc_EOA188,__import__.product_8376294,14
__import__.stock_inventory_line_without_lot_8376503,__import__.location_loc_EOA181,__import__.product_8376503,6
__import__.stock_inventory_line_without_lot_8376526,__import__.location_loc_EOA183,__import__.product_8376526,2
__import__.stock_inventory_line_without_lot_8376532,__import__.location_loc_EOA178,__import__.product_8376532,0
__import__.stock_inventory_line_without_lot_8375745,__import__.location_loc_EOA112,__import__.product_8375745,4
__import__.stock_inventory_line_without_lot_8375716,__import__.location_loc_EOA197,__import__.product_8375716,3
__import__.stock_inventory_line_without_lot_8376012,__import__.location_loc_EOA107,__import__.product_8376012,1
__import__.stock_inventory_line_without_lot_8375857,__import__.location_loc_EOA120,__import__.product_8375857,0
__import__.stock_inventory_line_without_lot_5001123,__import__.location_loc_GG10D3,__import__.product_5001123,116
__import__.stock_inventory_line_without_lot_5002123,__import__.location_loc_GG06A3,__import__.product_5002123,97
__import__.stock_inventory_line_without_lot_8376029,__import__.location_loc_EOA100,__import__.product_8376029,1
__import__.stock_inventory_line_without_lot_8375722,__import__.location_loc_EOA182,__import__.product_8375722,4
__import__.stock_inventory_line_without_lot_8376489,__import__.location_loc_EOA103,__import__.product_8376489,20
__import__.stock_inventory_line_without_lot_5131300,__import__.location_loc_GC09B1,__import__.product_5131300,24
__import__.stock_inventory_line_without_lot_5391600,__import__.location_loc_GD28B3,__import__.product_5391600,0
__import__.stock_inventory_line_without_lot_8375774,__import__.location_loc_EOA116,__import__.product_8375774,13
__import__.stock_inventory_line_without_lot_8376176,__import__.location_loc_EOA109,__import__.product_8376176,5
__import__.stock_inventory_line_without_lot_8376118,__import__.location_loc_EOA201,__import__.product_8376118,16
__import__.stock_inventory_line_without_lot_8376495,__import__.location_loc_EOA106,__import__.product_8376495,12
__import__.stock_inventory_line_without_lot_5473651,__import__.location_loc_EOC169,__import__.product_5473651,15
__import__.stock_inventory_line_without_lot_5473652,__import__.location_loc_EXC400,__import__.product_5473652,11
__import__.stock_inventory_line_without_lot_8375840,__import__.location_loc_EOA122,__import__.product_8375840,2
__import__.stock_inventory_line_without_lot_8376153,__import__.location_loc_EOA174,__import__.product_8376153,9
__import__.stock_inventory_line_without_lot_5713110,__import__.location_loc_EXB400,__import__.product_5713110,0
__import__.stock_inventory_line_without_lot_5803920,__import__.location_loc_EXL600,__import__.product_5803920,2
__import__.stock_inventory_line_without_lot_8356245,__import__.location_loc_EOA117,__import__.product_8356245,2
__import__.stock_inventory_line_without_lot_5000001,__import__.location_loc_GA11E1,__import__.product_5000001,0
__import__.stock_inventory_line_without_lot_5000002,__import__.location_loc_GL04A4,__import__.product_5000002,6
__import__.stock_inventory_line_without_lot_5000003,__import__.location_loc_GG19F5,__import__.product_5000003,37
__import__.stock_inventory_line_without_lot_5000004,__import__.location_loc_GG12C5,__import__.product_5000004,10
__import__.stock_inventory_line_without_lot_5000031,__import__.location_loc_GA09D2,__import__.product_5000031,3
__import__.stock_inventory_line_without_lot_5123124,__import__.location_loc_EOB156,__import__.product_5123124,80
__import__.stock_inventory_line_without_lot_5144070,__import__.location_loc_EOB101,__import__.product_5144070,0
__import__.stock_inventory_line_without_lot_5402468,__import__.location_loc_EXT100,__import__.product_5402468,7
__import__.stock_inventory_line_without_lot_8375780,__import__.location_loc_EOA185,__import__.product_8375780,9
__import__.stock_inventory_line_without_lot_8375797,__import__.location_loc_EOA195,__import__.product_8375797,7
__import__.stock_inventory_line_without_lot_8376199,__import__.location_loc_EOA113,__import__.product_8376199,5
__import__.stock_inventory_line_without_lot_8371747,__import__.location_loc_EOA127,__import__.product_8371747,17
__import__.stock_inventory_line_without_lot_8371753,__import__.location_loc_EOA125,__import__.product_8371753,21
__import__.stock_inventory_line_without_lot_8376101,__import__.location_loc_EOA169,__import__.product_8376101,24
__import__.stock_inventory_line_without_lot_8376182,__import__.location_loc_EOA119,__import__.product_8376182,6
__import__.stock_inventory_line_without_lot_5060109,__import__.location_loc_EXI800,__import__.product_5060109,3
__import__.stock_inventory_line_without_lot_5184008,__import__.location_loc_GB17C7,__import__.product_5184008,888
__import__.stock_inventory_line_without_lot_5100105,__import__.location_loc_EOC198,__import__.product_5100105,5
__import__.stock_inventory_line_without_lot_8358787,__import__.location_loc_EOA105,__import__.product_8358787,4
__import__.stock_inventory_line_without_lot_8379341,__import__.location_loc_PO03D2,__import__.product_8379341,1
__import__.stock_inventory_line_without_lot_8376064,__import__.location_loc_EOA180,__import__.product_8376064,18
__import__.stock_inventory_line_without_lot_8376070,__import__.location_loc_EOA172,__import__.product_8376070,41
__import__.stock_inventory_line_without_lot_8376087,__import__.location_loc_EOA190,__import__.product_8376087,31
__import__.stock_inventory_line_without_lot_8376302,__import__.location_loc_EOA194,__import__.product_8376302,6
__import__.stock_inventory_line_without_lot_8376319,__import__.location_loc_EOA114,__import__.product_8376319,0
__import__.stock_inventory_line_without_lot_8375751,__import__.location_loc_EOA191,__import__.product_8375751,2
__import__.stock_inventory_line_without_lot_8373870,__import__.location_loc_EXS100,__import__.product_8373870,0
__import__.stock_inventory_line_without_lot_5000032,__import__.location_loc_GA07D6,__import__.product_5000032,2
__import__.stock_inventory_line_without_lot_5000033,__import__.location_loc_GA09B2,__import__.product_5000033,1
__import__.stock_inventory_line_without_lot_8379252,__import__.location_loc_EZZ252,__import__.product_8379252,3
__import__.stock_inventory_line_without_lot_5156060,__import__.location_loc_EOA115,__import__.product_5156060,0
__import__.stock_inventory_line_without_lot_5396645,__import__.location_loc_GE08D5,__import__.product_5396645,3
__import__.stock_inventory_line_without_lot_5445303,__import__.location_loc_GC09F1,__import__.product_5445303,17
__import__.stock_inventory_line_without_lot_5445304,__import__.location_loc_GC07E6,__import__.product_5445304,8
__import__.stock_inventory_line_without_lot_5445305,__import__.location_loc_GC05E2,__import__.product_5445305,13
__import__.stock_inventory_line_without_lot_5445306,__import__.location_loc_GC07D4,__import__.product_5445306,4
__import__.stock_inventory_line_without_lot_5445307,__import__.location_loc_GC09C7,__import__.product_5445307,11
__import__.stock_inventory_line_without_lot_5434031,__import__.location_loc_GE09E8,__import__.product_5434031,31
__import__.stock_inventory_line_without_lot_5434113,__import__.location_loc_GH11E7,__import__.product_5434113,50
__import__.stock_inventory_line_without_lot_8375739,__import__.location_loc_EOA198,__import__.product_8375739,1
__import__.stock_inventory_line_without_lot_8290500,__import__.location_loc_EOD115,__import__.product_8290500,1
__import__.stock_inventory_line_without_lot_8290517,__import__.location_loc_EOD102,__import__.product_8290517,6
__import__.stock_inventory_line_without_lot_5910500,__import__.location_loc_GK16D1,__import__.product_5910500,11
__import__.stock_inventory_line_without_lot_5160209,__import__.location_loc_GD17B3,__import__.product_5160209,13
__import__.stock_inventory_line_without_lot_5430300,__import__.location_loc_GE03B6,__import__.product_5430300,0
__import__.stock_inventory_line_without_lot_8379855,__import__.location_loc_EXI501,__import__.product_8379855,5
__import__.stock_inventory_line_without_lot_8017895,__import__.location_loc_EXT621,__import__.product_8017895,74
__import__.stock_inventory_line_without_lot_5250100,__import__.location_loc_GC01A2,__import__.product_5250100,4
__import__.stock_inventory_line_without_lot_5603991,__import__.location_loc_GI05B5,__import__.product_5603991,1
__import__.stock_inventory_line_without_lot_5011762,__import__.location_loc_EOC209,__import__.product_5011762,5
__import__.stock_inventory_line_without_lot_8371724,__import__.location_loc_EOA128,__import__.product_8371724,9
__import__.stock_inventory_line_without_lot_8367697,__import__.location_loc_EOB208,__import__.product_8367697,1
__import__.stock_inventory_line_without_lot_8367711,__import__.location_loc_EOB209,__import__.product_8367711,3
__import__.stock_inventory_line_without_lot_5504150,__import__.location_loc_EXT530,__import__.product_5504150,1
__import__.stock_inventory_line_without_lot_5211130,__import__.location_loc_EXK400,__import__.product_5211130,1
__import__.stock_inventory_line_without_lot_5280409,__import__.location_loc_GB08D4,__import__.product_5280409,0
__import__.stock_inventory_line_without_lot_5280411,__import__.location_loc_GB12A2,__import__.product_5280411,1
__import__.stock_inventory_line_without_lot_8376207,__import__.location_loc_EOA179,__import__.product_8376207,10
__import__.stock_inventory_line_without_lot_5112395,__import__.location_loc_GF20D2,__import__.product_5112395,7
__import__.stock_inventory_line_without_lot_5280408,__import__.location_loc_GF18E1,__import__.product_5280408,1
__import__.stock_inventory_line_without_lot_5001010,__import__.location_loc_GC31G6,__import__.product_5001010,9
__import__.stock_inventory_line_without_lot_8184790,__import__.location_loc_GK11A4,__import__.product_8184790,8
__import__.stock_inventory_line_without_lot_8379329,__import__.location_loc_PN03E1,__import__.product_8379329,1
__import__.stock_inventory_line_without_lot_8377891,__import__.location_loc_EXP000,__import__.product_8377891,2
__import__.stock_inventory_line_without_lot_8388647,__import__.location_loc_EOA144,__import__.product_8388647,6
__import__.stock_inventory_line_without_lot_8388653,__import__.location_loc_EOA135,__import__.product_8388653,4
__import__.stock_inventory_line_without_lot_7944359,__import__.location_loc_EXP000,__import__.product_7944359,1
__import__.stock_inventory_line_without_lot_8366338,__import__.location_loc_EOG131,__import__.product_8366338,0
__import__.stock_inventory_line_without_lot_5240609,__import__.location_loc_EOH156,__import__.product_5240609,14
__import__.stock_inventory_line_without_lot_5250609,__import__.location_loc_EOD134,__import__.product_5250609,11
__import__.stock_inventory_line_without_lot_5142035,__import__.location_loc_GB18D2,__import__.product_5142035,17
__import__.stock_inventory_line_without_lot_5271434,__import__.location_loc_EXE620,__import__.product_5271434,6
__import__.stock_inventory_line_without_lot_5310135,__import__.location_loc_GD07B3,__import__.product_5310135,4
__import__.stock_inventory_line_without_lot_5010281,__import__.location_loc_GE13C2,__import__.product_5010281,11
__import__.stock_inventory_line_without_lot_5010282,__import__.location_loc_GD17C2,__import__.product_5010282,20
__import__.stock_inventory_line_without_lot_5080422,__import__.location_loc_GF26C1,__import__.product_5080422,7
__import__.stock_inventory_line_without_lot_5038004,__import__.location_loc_EXQ200,__import__.product_5038004,0
__import__.stock_inventory_line_without_lot_5038041,__import__.location_loc_EOB176,__import__.product_5038041,25
__import__.stock_inventory_line_without_lot_5260051,__import__.location_loc_GF32D1,__import__.product_5260051,2
__import__.stock_inventory_line_without_lot_5260615,__import__.location_loc_GL11B4,__import__.product_5260615,7
__import__.stock_inventory_line_without_lot_5240220,__import__.location_loc_GE11D2,__import__.product_5240220,6
__import__.stock_inventory_line_without_lot_5240250,__import__.location_loc_EOH191,__import__.product_5240250,1
__import__.stock_inventory_line_without_lot_5070003,__import__.location_loc_PO02D3,__import__.product_5070003,14
__import__.stock_inventory_line_without_lot_5087102,__import__.location_loc_GF09B1,__import__.product_5087102,0
__import__.stock_inventory_line_without_lot_5077046,__import__.location_loc_GF30F1,__import__.product_5077046,5
__import__.stock_inventory_line_without_lot_5010683,__import__.location_loc_GE11G2,__import__.product_5010683,35
__import__.stock_inventory_line_without_lot_5010685,__import__.location_loc_GE11A1,__import__.product_5010685,12
__import__.stock_inventory_line_without_lot_5052032,__import__.location_loc_GI09A4,__import__.product_5052032,78
__import__.stock_inventory_line_without_lot_8387978,__import__.location_loc_GK18B3,__import__.product_8387978,7
__import__.stock_inventory_line_without_lot_8387903,__import__.location_loc_GK16C3,__import__.product_8387903,2
__import__.stock_inventory_line_without_lot_8387926,__import__.location_loc_GK16D3,__import__.product_8387926,4
__import__.stock_inventory_line_without_lot_5020021,__import__.location_loc_EXJ500,__import__.product_5020021,15
__import__.stock_inventory_line_without_lot_5015019,__import__.location_loc_EXK600,__import__.product_5015019,8
__import__.stock_inventory_line_without_lot_5015017,__import__.location_loc_EXJ700,__import__.product_5015017,1
__import__.stock_inventory_line_without_lot_5067073,__import__.location_loc_EXT431,__import__.product_5067073,11
__import__.stock_inventory_line_without_lot_8055212,__import__.location_loc_GD30D2,__import__.product_8055212,5
__import__.stock_inventory_line_without_lot_8033370,__import__.location_loc_GD32A1,__import__.product_8033370,4
__import__.stock_inventory_line_without_lot_5036007,__import__.location_loc_GD25D3,__import__.product_5036007,2
__import__.stock_inventory_line_without_lot_5036001,__import__.location_loc_GE16B2,__import__.product_5036001,2
__import__.stock_inventory_line_without_lot_7944365,__import__.location_loc_GF30E8,__import__.product_7944365,2
__import__.stock_inventory_line_without_lot_4627460,__import__.location_loc_GF25B3,__import__.product_4627460,0
__import__.stock_inventory_line_without_lot_5013017,__import__.location_loc_EXS329,__import__.product_5013017,5
__import__.stock_inventory_line_without_lot_8387895,__import__.location_loc_GK18C3,__import__.product_8387895,5
__import__.stock_inventory_line_without_lot_8387932,__import__.location_loc_GK17D1,__import__.product_8387932,2
__import__.stock_inventory_line_without_lot_8387949,__import__.location_loc_GH31F2,__import__.product_8387949,6
__import__.stock_inventory_line_without_lot_8387955,__import__.location_loc_GK18D2,__import__.product_8387955,3
__import__.stock_inventory_line_without_lot_8387961,__import__.location_loc_GH31G1,__import__.product_8387961,0
__import__.stock_inventory_line_without_lot_5031006,__import__.location_loc_GA11A1,__import__.product_5031006,6
__import__.stock_inventory_line_without_lot_8180088,__import__.location_loc_EOE194,__import__.product_8180088,2
__import__.stock_inventory_line_without_lot_8180450,__import__.location_loc_EOA136,__import__.product_8180450,8
__import__.stock_inventory_line_without_lot_8180734,__import__.location_loc_EOF234,__import__.product_8180734,2
__import__.stock_inventory_line_without_lot_8184376,__import__.location_loc_EOB100,__import__.product_8184376,9
__import__.stock_inventory_line_without_lot_8184643,__import__.location_loc_EOB137,__import__.product_8184643,13
__import__.stock_inventory_line_without_lot_8185163,__import__.location_loc_EOB210,__import__.product_8185163,0
__import__.stock_inventory_line_without_lot_8185186,__import__.location_loc_EOB132,__import__.product_8185186,2
__import__.stock_inventory_line_without_lot_8368662,__import__.location_loc_EOF171,__import__.product_8368662,1
__import__.stock_inventory_line_without_lot_8368722,__import__.location_loc_EOG164,__import__.product_8368722,6
__import__.stock_inventory_line_without_lot_8368745,__import__.location_loc_EOD150,__import__.product_8368745,0
__import__.stock_inventory_line_without_lot_8368805,__import__.location_loc_EOD149,__import__.product_8368805,1
__import__.stock_inventory_line_without_lot_8368834,__import__.location_loc_EOD148,__import__.product_8368834,1
__import__.stock_inventory_line_without_lot_8369762,__import__.location_loc_EOC106,__import__.product_8369762,0
__import__.stock_inventory_line_without_lot_8369822,__import__.location_loc_EOA137,__import__.product_8369822,0
__import__.stock_inventory_line_without_lot_8369940,__import__.location_loc_EOD184,__import__.product_8369940,0
__import__.stock_inventory_line_without_lot_8370676,__import__.location_loc_EOC122,__import__.product_8370676,0
__import__.stock_inventory_line_without_lot_8370877,__import__.location_loc_EOA214,__import__.product_8370877,4
__import__.stock_inventory_line_without_lot_8370914,__import__.location_loc_EOB150,__import__.product_8370914,2
__import__.stock_inventory_line_without_lot_8371204,__import__.location_loc_EOC119,__import__.product_8371204,4
__import__.stock_inventory_line_without_lot_8371210,__import__.location_loc_EOC235,__import__.product_8371210,3
__import__.stock_inventory_line_without_lot_8371227,__import__.location_loc_EOB166,__import__.product_8371227,8
__import__.stock_inventory_line_without_lot_8371256,__import__.location_loc_EOC237,__import__.product_8371256,9
__import__.stock_inventory_line_without_lot_8371279,__import__.location_loc_EOC230,__import__.product_8371279,5
__import__.stock_inventory_line_without_lot_8371285,__import__.location_loc_EOC239,__import__.product_8371285,3
__import__.stock_inventory_line_without_lot_8371291,__import__.location_loc_EOD122,__import__.product_8371291,6
__import__.stock_inventory_line_without_lot_8371316,__import__.location_loc_EOD110,__import__.product_8371316,2
__import__.stock_inventory_line_without_lot_8371322,__import__.location_loc_EOC215,__import__.product_8371322,6
__import__.stock_inventory_line_without_lot_8371345,__import__.location_loc_EOC222,__import__.product_8371345,37
__import__.stock_inventory_line_without_lot_8371351,__import__.location_loc_EOC158,__import__.product_8371351,7
__import__.stock_inventory_line_without_lot_8371368,__import__.location_loc_EOC159,__import__.product_8371368,6
__import__.stock_inventory_line_without_lot_8371374,__import__.location_loc_EOC157,__import__.product_8371374,42
__import__.stock_inventory_line_without_lot_8371380,__import__.location_loc_EOA235,__import__.product_8371380,24
__import__.stock_inventory_line_without_lot_8371397,__import__.location_loc_EOC156,__import__.product_8371397,14
__import__.stock_inventory_line_without_lot_8371405,__import__.location_loc_EOD113,__import__.product_8371405,8
__import__.stock_inventory_line_without_lot_8371411,__import__.location_loc_EOD114,__import__.product_8371411,9
__import__.stock_inventory_line_without_lot_8371428,__import__.location_loc_EOD112,__import__.product_8371428,14
__import__.stock_inventory_line_without_lot_8371434,__import__.location_loc_EOD165,__import__.product_8371434,8
__import__.stock_inventory_line_without_lot_8371440,__import__.location_loc_EOD130,__import__.product_8371440,4
__import__.stock_inventory_line_without_lot_8371457,__import__.location_loc_EOD138,__import__.product_8371457,5
__import__.stock_inventory_line_without_lot_8371463,__import__.location_loc_EOD164,__import__.product_8371463,3
__import__.stock_inventory_line_without_lot_8371486,__import__.location_loc_EOD162,__import__.product_8371486,4
__import__.stock_inventory_line_without_lot_8371492,__import__.location_loc_EOC221,__import__.product_8371492,2
__import__.stock_inventory_line_without_lot_8371500,__import__.location_loc_EOC214,__import__.product_8371500,5
__import__.stock_inventory_line_without_lot_8371523,__import__.location_loc_EOD146,__import__.product_8371523,15
__import__.stock_inventory_line_without_lot_8371546,__import__.location_loc_EOD151,__import__.product_8371546,10
__import__.stock_inventory_line_without_lot_8371552,__import__.location_loc_EOC231,__import__.product_8371552,30
__import__.stock_inventory_line_without_lot_8371569,__import__.location_loc_EOD140,__import__.product_8371569,17
__import__.stock_inventory_line_without_lot_8371575,__import__.location_loc_EOD159,__import__.product_8371575,18
__import__.stock_inventory_line_without_lot_8371581,__import__.location_loc_EOD124,__import__.product_8371581,18
__import__.stock_inventory_line_without_lot_8371598,__import__.location_loc_EOC232,__import__.product_8371598,12
__import__.stock_inventory_line_without_lot_8371606,__import__.location_loc_EOC179,__import__.product_8371606,7
__import__.stock_inventory_line_without_lot_8371612,__import__.location_loc_EOD126,__import__.product_8371612,6
__import__.stock_inventory_line_without_lot_8371629,__import__.location_loc_EOD145,__import__.product_8371629,6
__import__.stock_inventory_line_without_lot_8371635,__import__.location_loc_EOD109,__import__.product_8371635,2
__import__.stock_inventory_line_without_lot_8371641,__import__.location_loc_EOD108,__import__.product_8371641,6
__import__.stock_inventory_line_without_lot_8371658,__import__.location_loc_EOC103,__import__.product_8371658,3
__import__.stock_inventory_line_without_lot_8371664,__import__.location_loc_EOD127,__import__.product_8371664,2
__import__.stock_inventory_line_without_lot_8371670,__import__.location_loc_EOE183,__import__.product_8371670,1
__import__.stock_inventory_line_without_lot_8371687,__import__.location_loc_EOD129,__import__.product_8371687,3
__import__.stock_inventory_line_without_lot_8371693,__import__.location_loc_EOC234,__import__.product_8371693,23
__import__.stock_inventory_line_without_lot_8371701,__import__.location_loc_EOC228,__import__.product_8371701,11
__import__.stock_inventory_line_without_lot_8371718,__import__.location_loc_EOA230,__import__.product_8371718,9
__import__.stock_inventory_line_without_lot_8371730,__import__.location_loc_EOC229,__import__.product_8371730,12
__import__.stock_inventory_line_without_lot_8371776,__import__.location_loc_EOA215,__import__.product_8371776,16
__import__.stock_inventory_line_without_lot_8371782,__import__.location_loc_EOA211,__import__.product_8371782,8
__import__.stock_inventory_line_without_lot_8371799,__import__.location_loc_EOA205,__import__.product_8371799,13
__import__.stock_inventory_line_without_lot_8371807,__import__.location_loc_EOA216,__import__.product_8371807,6
__import__.stock_inventory_line_without_lot_8371813,__import__.location_loc_EOA212,__import__.product_8371813,3
__import__.stock_inventory_line_without_lot_8371836,__import__.location_loc_EOA236,__import__.product_8371836,6
__import__.stock_inventory_line_without_lot_8371842,__import__.location_loc_EOA226,__import__.product_8371842,4
__import__.stock_inventory_line_without_lot_8371859,__import__.location_loc_EOA229,__import__.product_8371859,8
__import__.stock_inventory_line_without_lot_8371871,__import__.location_loc_EOC188,__import__.product_8371871,7
__import__.stock_inventory_line_without_lot_8373835,__import__.location_loc_EOF181,__import__.product_8373835,1
__import__.stock_inventory_line_without_lot_8375188,__import__.location_loc_EOB131,__import__.product_8375188,1
__import__.stock_inventory_line_without_lot_8376041,__import__.location_loc_EOF163,__import__.product_8376041,6
__import__.stock_inventory_line_without_lot_8376213,__import__.location_loc_EZZ213,__import__.product_8376213,0
__import__.stock_inventory_line_without_lot_8376236,__import__.location_loc_EOA219,__import__.product_8376236,10
__import__.stock_inventory_line_without_lot_8379413,__import__.location_loc_EOD166,__import__.product_8379413,2
__import__.stock_inventory_line_without_lot_8379542,__import__.location_loc_EOE195,__import__.product_8379542,2
__import__.stock_inventory_line_without_lot_8382113,__import__.location_loc_EOA210,__import__.product_8382113,7
__import__.stock_inventory_line_without_lot_8382159,__import__.location_loc_EOA207,__import__.product_8382159,3
__import__.stock_inventory_line_without_lot_8384313,__import__.location_loc_EOB201,__import__.product_8384313,0
__import__.stock_inventory_line_without_lot_8388630,__import__.location_loc_EOA159,__import__.product_8388630,2
__import__.stock_inventory_line_without_lot_8388676,__import__.location_loc_EOA234,__import__.product_8388676,26
__import__.stock_inventory_line_without_lot_8388682,__import__.location_loc_EOA238,__import__.product_8388682,25
__import__.stock_inventory_line_without_lot_8388831,__import__.location_loc_EOB148,__import__.product_8388831,1
__import__.stock_inventory_line_without_lot_8388989,__import__.location_loc_EOA138,__import__.product_8388989,7
__import__.stock_inventory_line_without_lot_8389434,__import__.location_loc_EOC107,__import__.product_8389434,1
__import__.stock_inventory_line_without_lot_5241615,__import__.location_loc_GE11D4,__import__.product_5241615,10
__import__.stock_inventory_line_without_lot_5242015,__import__.location_loc_GE07B5,__import__.product_5242015,9
__import__.stock_inventory_line_without_lot_5038042,__import__.location_loc_EXQ200,__import__.product_5038042,17
__import__.stock_inventory_line_without_lot_5080027,__import__.location_loc_GE15B2,__import__.product_5080027,118
__import__.stock_inventory_line_without_lot_5505001,__import__.location_loc_GF19B2,__import__.product_5505001,7
__import__.stock_inventory_line_without_lot_5324002,__import__.location_loc_EOC182,__import__.product_5324002,2
__import__.stock_inventory_line_without_lot_8401000,__import__.location_loc_EOG143,__import__.product_8401000,2
__import__.stock_inventory_line_without_lot_5925055,__import__.location_loc_EXP000,__import__.product_5925055,30
__import__.stock_inventory_line_without_lot_5072999,__import__.location_loc_EOI126,__import__.product_5072999,16
__import__.stock_inventory_line_without_lot_5025320,__import__.location_loc_EXF600,__import__.product_5025320,3
__import__.stock_inventory_line_without_lot_5036342,__import__.location_loc_EOC121,__import__.product_5036342,0
__import__.stock_inventory_line_without_lot_5063960,__import__.location_loc_EXP100,__import__.product_5063960,0
__import__.stock_inventory_line_without_lot_5063952,__import__.location_loc_GE21D3,__import__.product_5063952,1
__import__.stock_inventory_line_without_lot_5063961,__import__.location_loc_EXP100,__import__.product_5063961,3
__import__.stock_inventory_line_without_lot_5031940,__import__.location_loc_EXK200,__import__.product_5031940,3
__import__.stock_inventory_line_without_lot_5052430,__import__.location_loc_GF31D1,__import__.product_5052430,0
__import__.stock_inventory_line_without_lot_5180324,__import__.location_loc_GD19D2,__import__.product_5180324,50
__import__.stock_inventory_line_without_lot_8346152,__import__.location_loc_EXR100,__import__.product_8346152,1
__import__.stock_inventory_line_without_lot_5904041,__import__.location_loc_EXT202,__import__.product_5904041,1
__import__.stock_inventory_line_without_lot_5904042,__import__.location_loc_EXT201,__import__.product_5904042,0
__import__.stock_inventory_line_without_lot_5085478,__import__.location_loc_EXK300,__import__.product_5085478,0
__import__.stock_inventory_line_without_lot_5461525,__import__.location_loc_GE05F6,__import__.product_5461525,16
__import__.stock_inventory_line_without_lot_5461526,__import__.location_loc_GF28C7,__import__.product_5461526,19
__import__.stock_inventory_line_without_lot_5087230,__import__.location_loc_GD24G1,__import__.product_5087230,8
__import__.stock_inventory_line_without_lot_5087328,__import__.location_loc_GC31G2,__import__.product_5087328,55
__import__.stock_inventory_line_without_lot_5438005,__import__.location_loc_GD14D6,__import__.product_5438005,0
__import__.stock_inventory_line_without_lot_5310133,__import__.location_loc_GE15F4,__import__.product_5310133,3
__import__.stock_inventory_line_without_lot_5310134,__import__.location_loc_GE03D1,__import__.product_5310134,6
__import__.stock_inventory_line_without_lot_5310136,__import__.location_loc_GE16B3,__import__.product_5310136,5
__import__.stock_inventory_line_without_lot_5068577,__import__.location_loc_GD30B2,__import__.product_5068577,2
__import__.stock_inventory_line_without_lot_8382389,__import__.location_loc_EXS309,__import__.product_8382389,7
__import__.stock_inventory_line_without_lot_5084012,__import__.location_loc_EXT402,__import__.product_5084012,9
__import__.stock_inventory_line_without_lot_5084013,__import__.location_loc_EXT403,__import__.product_5084013,0
__import__.stock_inventory_line_without_lot_5084015,__import__.location_loc_EXT433,__import__.product_5084015,1
__import__.stock_inventory_line_without_lot_5632145,__import__.location_loc_GK15B2,__import__.product_5632145,40
__import__.stock_inventory_line_without_lot_5087323,__import__.location_loc_GC15E6,__import__.product_5087323,108
__import__.stock_inventory_line_without_lot_5050197,__import__.location_loc_GL02B2,__import__.product_5050197,3
__import__.stock_inventory_line_without_lot_5035037,__import__.location_loc_GK10B2,__import__.product_5035037,123
__import__.stock_inventory_line_without_lot_5044792,__import__.location_loc_GE13D3,__import__.product_5044792,25
__import__.stock_inventory_line_without_lot_5438059,__import__.location_loc_GG02B6,__import__.product_5438059,1
__import__.stock_inventory_line_without_lot_5062726,__import__.location_loc_GE30A2,__import__.product_5062726,5
__import__.stock_inventory_line_without_lot_5190809,__import__.location_loc_EOD152,__import__.product_5190809,1
__import__.stock_inventory_line_without_lot_5087101,__import__.location_loc_GG02A4,__import__.product_5087101,76
__import__.stock_inventory_line_without_lot_8022030,__import__.location_loc_EOC206,__import__.product_8022030,0
__import__.stock_inventory_line_without_lot_5310101,__import__.location_loc_GE05B1,__import__.product_5310101,129
__import__.stock_inventory_line_without_lot_5333025,__import__.location_loc_PO02D1,__import__.product_5333025,5
__import__.stock_inventory_line_without_lot_5017682,__import__.location_loc_EXB611,__import__.product_5017682,6
__import__.stock_inventory_line_without_lot_5017696,__import__.location_loc_EXB613,__import__.product_5017696,4
__import__.stock_inventory_line_without_lot_5551028,__import__.location_loc_EOA209,__import__.product_5551028,17
__import__.stock_inventory_line_without_lot_5551029,__import__.location_loc_EOA221,__import__.product_5551029,17
__import__.stock_inventory_line_without_lot_5551030,__import__.location_loc_EOA206,__import__.product_5551030,16
__import__.stock_inventory_line_without_lot_5551031,__import__.location_loc_EOA224,__import__.product_5551031,16
__import__.stock_inventory_line_without_lot_5551032,__import__.location_loc_EOA208,__import__.product_5551032,22
__import__.stock_inventory_line_without_lot_5551042,__import__.location_loc_EOC155,__import__.product_5551042,0
__import__.stock_inventory_line_without_lot_5590006,__import__.location_loc_EOA143,__import__.product_5590006,6
__import__.stock_inventory_line_without_lot_5590008,__import__.location_loc_EOA156,__import__.product_5590008,0
__import__.stock_inventory_line_without_lot_5590000,__import__.location_loc_EOE197,__import__.product_5590000,2
__import__.stock_inventory_line_without_lot_5000717,__import__.location_loc_EOA213,__import__.product_5000717,4
__import__.stock_inventory_line_without_lot_5060563,__import__.location_loc_GF26C4,__import__.product_5060563,1
__import__.stock_inventory_line_without_lot_5551027,__import__.location_loc_EOA217,__import__.product_5551027,18
__import__.stock_inventory_line_without_lot_5280809,__import__.location_loc_GL09B3,__import__.product_5280809,9
__import__.stock_inventory_line_without_lot_5904040,__import__.location_loc_EXT202,__import__.product_5904040,1
__import__.stock_inventory_line_without_lot_5904043,__import__.location_loc_EXT202,__import__.product_5904043,0
__import__.stock_inventory_line_without_lot_5904044,__import__.location_loc_EXT202,__import__.product_5904044,0
__import__.stock_inventory_line_without_lot_5904045,__import__.location_loc_EXT202,__import__.product_5904045,1
__import__.stock_inventory_line_without_lot_5904046,__import__.location_loc_EXT202,__import__.product_5904046,1
__import__.stock_inventory_line_without_lot_5333088,__import__.location_loc_GH31F1,__import__.product_5333088,1
__import__.stock_inventory_line_without_lot_5242540,__import__.location_loc_EOE118,__import__.product_5242540,6
__import__.stock_inventory_line_without_lot_8070765,__import__.location_loc_GD30C5,__import__.product_8070765,1
__import__.stock_inventory_line_without_lot_5025294,__import__.location_loc_GE03G2,__import__.product_5025294,1
__import__.stock_inventory_line_without_lot_5270998,__import__.location_loc_GE13A1,__import__.product_5270998,80
__import__.stock_inventory_line_without_lot_8020611,__import__.location_loc_EOD180,__import__.product_8020611,29
__import__.stock_inventory_line_without_lot_5063344,__import__.location_loc_GF20B5,__import__.product_5063344,2
__import__.stock_inventory_line_without_lot_5017920,__import__.location_loc_EXT420,__import__.product_5017920,7
__import__.stock_inventory_line_without_lot_5017930,__import__.location_loc_EXT420,__import__.product_5017930,9
__import__.stock_inventory_line_without_lot_5017935,__import__.location_loc_EXT420,__import__.product_5017935,4
__import__.stock_inventory_line_without_lot_5017940,__import__.location_loc_EXT420,__import__.product_5017940,1
__import__.stock_inventory_line_without_lot_5432501,__import__.location_loc_GZZ406,__import__.product_5432501,4
__import__.stock_inventory_line_without_lot_5062015,__import__.location_loc_EXQ100,__import__.product_5062015,0
__import__.stock_inventory_line_without_lot_5062016,__import__.location_loc_EXP100,__import__.product_5062016,3
__import__.stock_inventory_line_without_lot_5043955,__import__.location_loc_GD24A1,__import__.product_5043955,9
__import__.stock_inventory_line_without_lot_5271310,__import__.location_loc_EXP100,__import__.product_5271310,1
__import__.stock_inventory_line_without_lot_5080025,__import__.location_loc_GC05F3,__import__.product_5080025,40
__import__.stock_inventory_line_without_lot_5080026,__import__.location_loc_GC07A3,__import__.product_5080026,92
__import__.stock_inventory_line_without_lot_5080028,__import__.location_loc_GF12E3,__import__.product_5080028,50
__import__.stock_inventory_line_without_lot_5080030,__import__.location_loc_GE15D3,__import__.product_5080030,14
__import__.stock_inventory_line_without_lot_5054055,__import__.location_loc_GE13C1,__import__.product_5054055,21
__import__.stock_inventory_line_without_lot_5026627,__import__.location_loc_EXK800,__import__.product_5026627,3
__import__.stock_inventory_line_without_lot_5027058,__import__.location_loc_GF32C1,__import__.product_5027058,1
__import__.stock_inventory_line_without_lot_8359410,__import__.location_loc_GF24C5,__import__.product_8359410,96
__import__.stock_inventory_line_without_lot_8359404,__import__.location_loc_GZZ105,__import__.product_8359404,4
__import__.stock_inventory_line_without_lot_5023326,__import__.location_loc_EXK900,__import__.product_5023326,6
__import__.stock_inventory_line_without_lot_5113584,__import__.location_loc_GE15F1,__import__.product_5113584,1
__import__.stock_inventory_line_without_lot_5027956,__import__.location_loc_GF20B6,__import__.product_5027956,2
__import__.stock_inventory_line_without_lot_5131315,__import__.location_loc_GF22D3,__import__.product_5131315,3
__import__.stock_inventory_line_without_lot_5352046,__import__.location_loc_EXS318,__import__.product_5352046,27
__import__.stock_inventory_line_without_lot_5020691,__import__.location_loc_EXS100,__import__.product_5020691,6
__import__.stock_inventory_line_without_lot_5260050,__import__.location_loc_GD32C5,__import__.product_5260050,1
__import__.stock_inventory_line_without_lot_5068757,__import__.location_loc_EXP000,__import__.product_5068757,0
__import__.stock_inventory_line_without_lot_5381673,__import__.location_loc_GF18A2,__import__.product_5381673,4
__import__.stock_inventory_line_without_lot_5381670,__import__.location_loc_EOF237,__import__.product_5381670,48
__import__.stock_inventory_line_without_lot_5002015,__import__.location_loc_EXK500,__import__.product_5002015,2
__import__.stock_inventory_line_without_lot_5002016,__import__.location_loc_GF20G7,__import__.product_5002016,3
__import__.stock_inventory_line_without_lot_5019419,__import__.location_loc_EXO105,__import__.product_5019419,4
__import__.stock_inventory_line_without_lot_5605005,__import__.location_loc_EXS330,__import__.product_5605005,4
__import__.stock_inventory_line_without_lot_5021237,__import__.location_loc_EOD111,__import__.product_5021237,7
__import__.stock_inventory_line_without_lot_5019999,__import__.location_loc_EXN100,__import__.product_5019999,1
__import__.stock_inventory_line_without_lot_5296110,__import__.location_loc_EXT323,__import__.product_5296110,1
__import__.stock_inventory_line_without_lot_5132322,__import__.location_loc_GC31E3,__import__.product_5132322,31
__import__.stock_inventory_line_without_lot_5087120,__import__.location_loc_GF19D1,__import__.product_5087120,20
__import__.stock_inventory_line_without_lot_5087121,__import__.location_loc_GF23D1,__import__.product_5087121,7
__import__.stock_inventory_line_without_lot_5392766,__import__.location_loc_GD11B5,__import__.product_5392766,4
__import__.stock_inventory_line_without_lot_5248000,__import__.location_loc_GE04B2,__import__.product_5248000,45
__import__.stock_inventory_line_without_lot_5248001,__import__.location_loc_GE08A5,__import__.product_5248001,13
__import__.stock_inventory_line_without_lot_5248002,__import__.location_loc_GF32C2,__import__.product_5248002,11
__import__.stock_inventory_line_without_lot_5248003,__import__.location_loc_GD27C1,__import__.product_5248003,20
__import__.stock_inventory_line_without_lot_5248004,__import__.location_loc_GL07B4,__import__.product_5248004,17
__import__.stock_inventory_line_without_lot_5248005,__import__.location_loc_GC04A2,__import__.product_5248005,13
__import__.stock_inventory_line_without_lot_5001790,__import__.location_loc_GE01A1,__import__.product_5001790,2
__import__.stock_inventory_line_without_lot_5920083,__import__.location_loc_EOE149,__import__.product_5920083,2
__import__.stock_inventory_line_without_lot_5447111,__import__.location_loc_GF22D1,__import__.product_5447111,2
__import__.stock_inventory_line_without_lot_5310131,__import__.location_loc_GF22D2,__import__.product_5310131,4
__import__.stock_inventory_line_without_lot_5036659,__import__.location_loc_EOB237,__import__.product_5036659,0
__import__.stock_inventory_line_without_lot_5040454,__import__.location_loc_GF22D4,__import__.product_5040454,8
__import__.stock_inventory_line_without_lot_8349535,__import__.location_loc_EXK900,__import__.product_8349535,3
__import__.stock_inventory_line_without_lot_8366746,__import__.location_loc_EXE400,__import__.product_8366746,1
__import__.stock_inventory_line_without_lot_5044876,__import__.location_loc_EXG400,__import__.product_5044876,10
__import__.stock_inventory_line_without_lot_5030220,__import__.location_loc_EXH300,__import__.product_5030220,0
__import__.stock_inventory_line_without_lot_5430092,__import__.location_loc_GZZ215,__import__.product_5430092,1
__import__.stock_inventory_line_without_lot_8383638,__import__.location_loc_GF22E1,__import__.product_8383638,2
__import__.stock_inventory_line_without_lot_8383673,__import__.location_loc_EXL200,__import__.product_8383673,1
__import__.stock_inventory_line_without_lot_8363446,__import__.location_loc_GE07E7,__import__.product_8363446,1
__import__.stock_inventory_line_without_lot_5642166,__import__.location_loc_GD29A1,__import__.product_5642166,25
__import__.stock_inventory_line_without_lot_5642167,__import__.location_loc_GC16D5,__import__.product_5642167,6
__import__.stock_inventory_line_without_lot_5642168,__import__.location_loc_GC04D3,__import__.product_5642168,3
__import__.stock_inventory_line_without_lot_5131305,__import__.location_loc_GE03A5,__import__.product_5131305,14
__import__.stock_inventory_line_without_lot_5131325,__import__.location_loc_EOF136,__import__.product_5131325,1
__import__.stock_inventory_line_without_lot_8382366,__import__.location_loc_EXS304,__import__.product_8382366,10
__import__.stock_inventory_line_without_lot_5015004,__import__.location_loc_GC22C5,__import__.product_5015004,1
__import__.stock_inventory_line_without_lot_5291125,__import__.location_loc_EXG300,__import__.product_5291125,0
__import__.stock_inventory_line_without_lot_5160580,__import__.location_loc_GC24B3,__import__.product_5160580,1
__import__.stock_inventory_line_without_lot_8384247,__import__.location_loc_GF13A1,__import__.product_8384247,2
__import__.stock_inventory_line_without_lot_8193866,__import__.location_loc_EXT341,__import__.product_8193866,0
__import__.stock_inventory_line_without_lot_5275497,__import__.location_loc_EXP000,__import__.product_5275497,18
__import__.stock_inventory_line_without_lot_5091916,__import__.location_loc_EOH116,__import__.product_5091916,2
__import__.stock_inventory_line_without_lot_5028269,__import__.location_loc_EOE135,__import__.product_5028269,6
__import__.stock_inventory_line_without_lot_5832482,__import__.location_loc_EXT250,__import__.product_5832482,6
__import__.stock_inventory_line_without_lot_5333071,__import__.location_loc_EOB199,__import__.product_5333071,1
__import__.stock_inventory_line_without_lot_5333070,__import__.location_loc_EOB195,__import__.product_5333070,15
__import__.stock_inventory_line_without_lot_5170275,__import__.location_loc_GC11F1,__import__.product_5170275,25
__import__.stock_inventory_line_without_lot_5031421,__import__.location_loc_GC03G6,__import__.product_5031421,26
__import__.stock_inventory_line_without_lot_5002534,__import__.location_loc_GE13F4,__import__.product_5002534,755
__import__.stock_inventory_line_without_lot_8379298,__import__.location_loc_PF03D4,__import__.product_8379298,5
__import__.stock_inventory_line_without_lot_8379275,__import__.location_loc_EZZ275,__import__.product_8379275,1
__import__.stock_inventory_line_without_lot_5240253,__import__.location_loc_EXK900,__import__.product_5240253,0
__import__.stock_inventory_line_without_lot_5430113,__import__.location_loc_QE08D3,__import__.product_5430113,5
__import__.stock_inventory_line_without_lot_5023527,__import__.location_loc_EOF147,__import__.product_5023527,8
__import__.stock_inventory_line_without_lot_5023698,__import__.location_loc_EXK900,__import__.product_5023698,11
__import__.stock_inventory_line_without_lot_5352044,__import__.location_loc_EXO115,__import__.product_5352044,29
__import__.stock_inventory_line_without_lot_5333092,__import__.location_loc_EOG113,__import__.product_5333092,21
__import__.stock_inventory_line_without_lot_5335019,__import__.location_loc_EOH137,__import__.product_5335019,1
__import__.stock_inventory_line_without_lot_5621162,__import__.location_loc_EOF137,__import__.product_5621162,10
__import__.stock_inventory_line_without_lot_5019320,__import__.location_loc_EXN100,__import__.product_5019320,1
__import__.stock_inventory_line_without_lot_5984002,__import__.location_loc_EXT250,__import__.product_5984002,1
__import__.stock_inventory_line_without_lot_5511815,__import__.location_loc_EOE108,__import__.product_5511815,5
__import__.stock_inventory_line_without_lot_5036613,__import__.location_loc_EOF123,__import__.product_5036613,6
__import__.stock_inventory_line_without_lot_8188641,__import__.location_loc_GF28C3,__import__.product_8188641,8
__import__.stock_inventory_line_without_lot_8188658,__import__.location_loc_GD26B3,__import__.product_8188658,10
__import__.stock_inventory_line_without_lot_8188612,__import__.location_loc_GF20D5,__import__.product_8188612,4
__import__.stock_inventory_line_without_lot_8188606,__import__.location_loc_GC09D6,__import__.product_8188606,6
__import__.stock_inventory_line_without_lot_8188598,__import__.location_loc_GC07F5,__import__.product_8188598,13
__import__.stock_inventory_line_without_lot_8188629,__import__.location_loc_GC09F3,__import__.product_8188629,3
__import__.stock_inventory_line_without_lot_8188581,__import__.location_loc_GE07G5,__import__.product_8188581,6
__import__.stock_inventory_line_without_lot_8188635,__import__.location_loc_GC05A2,__import__.product_8188635,4
__import__.stock_inventory_line_without_lot_8188575,__import__.location_loc_GC03G4,__import__.product_8188575,14
__import__.stock_inventory_line_without_lot_8188569,__import__.location_loc_GD26E2,__import__.product_8188569,5
__import__.stock_inventory_line_without_lot_8337704,__import__.location_loc_EXK600,__import__.product_8337704,28
__import__.stock_inventory_line_without_lot_5999211,__import__.location_loc_EXO233,__import__.product_5999211,1
__import__.stock_inventory_line_without_lot_5438010,__import__.location_loc_EXL600,__import__.product_5438010,2
__import__.stock_inventory_line_without_lot_5100531,__import__.location_loc_EXJ800,__import__.product_5100531,0
__import__.stock_inventory_line_without_lot_5203011,__import__.location_loc_EOB232,__import__.product_5203011,3
__import__.stock_inventory_line_without_lot_5203046,__import__.location_loc_EOE165,__import__.product_5203046,1
__import__.stock_inventory_line_without_lot_5203051,__import__.location_loc_EOE174,__import__.product_5203051,1
__import__.stock_inventory_line_without_lot_8379861,__import__.location_loc_EXI503,__import__.product_8379861,5
__import__.stock_inventory_line_without_lot_8063003,__import__.location_loc_EOB167,__import__.product_8063003,1
__import__.stock_inventory_line_without_lot_5792022,__import__.location_loc_GA09C2,__import__.product_5792022,0
__import__.stock_inventory_line_without_lot_5792023,__import__.location_loc_GD26E4,__import__.product_5792023,1
__import__.stock_inventory_line_without_lot_5792017,__import__.location_loc_GF30F7,__import__.product_5792017,5
__import__.stock_inventory_line_without_lot_5920081,__import__.location_loc_EOC126,__import__.product_5920081,2
__import__.stock_inventory_line_without_lot_5920082,__import__.location_loc_EOE148,__import__.product_5920082,3
__import__.stock_inventory_line_without_lot_5271400,__import__.location_loc_EXQ100,__import__.product_5271400,0
__import__.stock_inventory_line_without_lot_5422225,__import__.location_loc_EXF300,__import__.product_5422225,1
__import__.stock_inventory_line_without_lot_5152149,__import__.location_loc_EXJ100,__import__.product_5152149,8
__import__.stock_inventory_line_without_lot_5152150,__import__.location_loc_EXL200,__import__.product_5152150,44
__import__.stock_inventory_line_without_lot_5410015,__import__.location_loc_EXE300,__import__.product_5410015,0
__import__.stock_inventory_line_without_lot_5100920,__import__.location_loc_EXP000,__import__.product_5100920,6
__import__.stock_inventory_line_without_lot_8377885,__import__.location_loc_EXD200,__import__.product_8377885,0
__import__.stock_inventory_line_without_lot_5171566,__import__.location_loc_GH11B1,__import__.product_5171566,22
__import__.stock_inventory_line_without_lot_5040299,__import__.location_loc_EXB200,__import__.product_5040299,2
__import__.stock_inventory_line_without_lot_5513520,__import__.location_loc_EXF300,__import__.product_5513520,1
__import__.stock_inventory_line_without_lot_4459534,__import__.location_loc_EXT140,__import__.product_4459534,1
__import__.stock_inventory_line_without_lot_5433113,__import__.location_loc_GZZ307,__import__.product_5433113,1
__import__.stock_inventory_line_without_lot_5290510,__import__.location_loc_EXD100,__import__.product_5290510,0
__import__.stock_inventory_line_without_lot_5290511,__import__.location_loc_EOG196,__import__.product_5290511,2
__import__.stock_inventory_line_without_lot_8388966,__import__.location_loc_EXL600,__import__.product_8388966,1
__import__.stock_inventory_line_without_lot_8298708,__import__.location_loc_GG01B2,__import__.product_8298708,71
__import__.stock_inventory_line_without_lot_8366077,__import__.location_loc_GG01C4,__import__.product_8366077,7
__import__.stock_inventory_line_without_lot_8366083,__import__.location_loc_GH33E2,__import__.product_8366083,9
__import__.stock_inventory_line_without_lot_8366108,__import__.location_loc_GH33D2,__import__.product_8366108,6
__import__.stock_inventory_line_without_lot_8366114,__import__.location_loc_GK16D4,__import__.product_8366114,8
__import__.stock_inventory_line_without_lot_8046332,__import__.location_loc_GG01D1,__import__.product_8046332,10
__import__.stock_inventory_line_without_lot_8379306,__import__.location_loc_PF03D1,__import__.product_8379306,1
__import__.stock_inventory_line_without_lot_5000190,__import__.location_loc_EXB300,__import__.product_5000190,10
__import__.stock_inventory_line_without_lot_5003580,__import__.location_loc_EXK900,__import__.product_5003580,1
__import__.stock_inventory_line_without_lot_8384299,__import__.location_loc_GZZ299,__import__.product_8384299,1
__import__.stock_inventory_line_without_lot_8384282,__import__.location_loc_GC04C2,__import__.product_8384282,49
__import__.stock_inventory_line_without_lot_8366060,__import__.location_loc_EXL100,__import__.product_8366060,2
__import__.stock_inventory_line_without_lot_8346548,__import__.location_loc_EXL100,__import__.product_8346548,1
__import__.stock_inventory_line_without_lot_8363937,__import__.location_loc_EXB200,__import__.product_8363937,0
__import__.stock_inventory_line_without_lot_5003590,__import__.location_loc_EXK500,__import__.product_5003590,11
__import__.stock_inventory_line_without_lot_8363392,__import__.location_loc_EXP000,__import__.product_8363392,2
__import__.stock_inventory_line_without_lot_5080461,__import__.location_loc_GC01B2,__import__.product_5080461,9
__import__.stock_inventory_line_without_lot_5454480,__import__.location_loc_EXN100,__import__.product_5454480,1
__import__.stock_inventory_line_without_lot_5338699,__import__.location_loc_EOE147,__import__.product_5338699,3
__import__.stock_inventory_line_without_lot_5014651,__import__.location_loc_EOI147,__import__.product_5014651,1
__import__.stock_inventory_line_without_lot_5920080,__import__.location_loc_EXC300,__import__.product_5920080,0
__import__.stock_inventory_line_without_lot_5054050,__import__.location_loc_GC12B3,__import__.product_5054050,0
__import__.stock_inventory_line_without_lot_5210040,__import__.location_loc_EXF100,__import__.product_5210040,1
__import__.stock_inventory_line_without_lot_8046438,__import__.location_loc_GH33D1,__import__.product_8046438,8
__import__.stock_inventory_line_without_lot_5271307,__import__.location_loc_EXP100,__import__.product_5271307,2
__import__.stock_inventory_line_without_lot_5271309,__import__.location_loc_EXP100,__import__.product_5271309,1
__import__.stock_inventory_line_without_lot_5271305,__import__.location_loc_EXP100,__import__.product_5271305,1
__import__.stock_inventory_line_without_lot_8362139,__import__.location_loc_GH31C1,__import__.product_8362139,2
__import__.stock_inventory_line_without_lot_8362487,__import__.location_loc_GG01A1,__import__.product_8362487,5
__import__.stock_inventory_line_without_lot_5052031,__import__.location_loc_GE01D3,__import__.product_5052031,84
__import__.stock_inventory_line_without_lot_5305073,__import__.location_loc_EOF211,__import__.product_5305073,2
__import__.stock_inventory_line_without_lot_8379269,__import__.location_loc_PN04D4,__import__.product_8379269,3
__import__.stock_inventory_line_without_lot_8027061,__import__.location_loc_EXK800,__import__.product_8027061,0
__import__.stock_inventory_line_without_lot_5292622,__import__.location_loc_EOH123,__import__.product_5292622,0
__import__.stock_inventory_line_without_lot_5292623,__import__.location_loc_EOH125,__import__.product_5292623,0
__import__.stock_inventory_line_without_lot_5010001,__import__.location_loc_EXR200,__import__.product_5010001,2
__import__.stock_inventory_line_without_lot_5010002,__import__.location_loc_EXR201,__import__.product_5010002,1
__import__.stock_inventory_line_without_lot_5010102,__import__.location_loc_EXR216,__import__.product_5010102,3
__import__.stock_inventory_line_without_lot_5010003,__import__.location_loc_EXR202,__import__.product_5010003,3
__import__.stock_inventory_line_without_lot_5010103,__import__.location_loc_EXR217,__import__.product_5010103,4
__import__.stock_inventory_line_without_lot_5010004,__import__.location_loc_EXR203,__import__.product_5010004,1
__import__.stock_inventory_line_without_lot_5010005,__import__.location_loc_EXR204,__import__.product_5010005,3
__import__.stock_inventory_line_without_lot_5010006,__import__.location_loc_EXR205,__import__.product_5010006,0
__import__.stock_inventory_line_without_lot_5010021,__import__.location_loc_EXR206,__import__.product_5010021,1
__import__.stock_inventory_line_without_lot_5010022,__import__.location_loc_EXR229,__import__.product_5010022,1
__import__.stock_inventory_line_without_lot_5010023,__import__.location_loc_EXR100,__import__.product_5010023,1
__import__.stock_inventory_line_without_lot_5010030,__import__.location_loc_EXR208,__import__.product_5010030,3
__import__.stock_inventory_line_without_lot_5010031,__import__.location_loc_EXR209,__import__.product_5010031,4
__import__.stock_inventory_line_without_lot_5010032,__import__.location_loc_EXR210,__import__.product_5010032,2
__import__.stock_inventory_line_without_lot_5010033,__import__.location_loc_EXR211,__import__.product_5010033,7
__import__.stock_inventory_line_without_lot_5010034,__import__.location_loc_EXR218,__import__.product_5010034,5
__import__.stock_inventory_line_without_lot_5010035,__import__.location_loc_EXR100,__import__.product_5010035,2
__import__.stock_inventory_line_without_lot_5010040,__import__.location_loc_EXR212,__import__.product_5010040,1
__import__.stock_inventory_line_without_lot_5010041,__import__.location_loc_EXR213,__import__.product_5010041,2
__import__.stock_inventory_line_without_lot_5010042,__import__.location_loc_EXR100,__import__.product_5010042,1
__import__.stock_inventory_line_without_lot_5010048,__import__.location_loc_EXR214,__import__.product_5010048,3
__import__.stock_inventory_line_without_lot_5010049,__import__.location_loc_EXR215,__import__.product_5010049,3
__import__.stock_inventory_line_without_lot_8362547,__import__.location_loc_EOD133,__import__.product_8362547,5
__import__.stock_inventory_line_without_lot_8199768,__import__.location_loc_EOA133,__import__.product_8199768,0
__import__.stock_inventory_line_without_lot_5024797,__import__.location_loc_EXF600,__import__.product_5024797,0
__import__.stock_inventory_line_without_lot_5001260,__import__.location_loc_EXO100,__import__.product_5001260,0
__import__.stock_inventory_line_without_lot_8193024,__import__.location_loc_PO04D1,__import__.product_8193024,0
__import__.stock_inventory_line_without_lot_8379878,__import__.location_loc_EXI500,__import__.product_8379878,5
__import__.stock_inventory_line_without_lot_5211135,__import__.location_loc_EXJ100,__import__.product_5211135,6
__import__.stock_inventory_line_without_lot_8043977,__import__.location_loc_GE03F4,__import__.product_8043977,6
__import__.stock_inventory_line_without_lot_4301300,__import__.location_loc_EXP000,__import__.product_4301300,1
__import__.stock_inventory_line_without_lot_4302202,__import__.location_loc_PO01D2,__import__.product_4302202,0
__import__.stock_inventory_line_without_lot_8337236,__import__.location_loc_EXI700,__import__.product_8337236,0
__import__.stock_inventory_line_without_lot_8365072,__import__.location_loc_EXI700,__import__.product_8365072,0
__import__.stock_inventory_line_without_lot_8070750,__import__.location_loc_EXK500,__import__.product_8070750,0
__import__.stock_inventory_line_without_lot_5100533,__import__.location_loc_EXJ800,__import__.product_5100533,2
__import__.stock_inventory_line_without_lot_5106324,__import__.location_loc_EXT300,__import__.product_5106324,0
__import__.stock_inventory_line_without_lot_5296107,__import__.location_loc_EXT323,__import__.product_5296107,0
__import__.stock_inventory_line_without_lot_5292620,__import__.location_loc_EXG500,__import__.product_5292620,0
__import__.stock_inventory_line_without_lot_5292621,__import__.location_loc_EXG500,__import__.product_5292621,0
__import__.stock_inventory_line_without_lot_5967010,__import__.location_loc_GE15G7,__import__.product_5967010,9
__import__.stock_inventory_line_without_lot_5027301,__import__.location_loc_EXL600,__import__.product_5027301,4
__import__.stock_inventory_line_without_lot_5029010,__import__.location_loc_GF18B8,__import__.product_5029010,0
__import__.stock_inventory_line_without_lot_8184637,__import__.location_loc_EOC207,__import__.product_8184637,0
__import__.stock_inventory_line_without_lot_8380545,__import__.location_loc_EOD119,__import__.product_8380545,1
__import__.stock_inventory_line_without_lot_8380640,__import__.location_loc_EOF215,__import__.product_8380640,2
__import__.stock_inventory_line_without_lot_8380657,__import__.location_loc_EOE106,__import__.product_8380657,0
__import__.stock_inventory_line_without_lot_8380321,__import__.location_loc_EXI510,__import__.product_8380321,0
__import__.stock_inventory_line_without_lot_8379884,__import__.location_loc_EXI524,__import__.product_8379884,6
__import__.stock_inventory_line_without_lot_8379890,__import__.location_loc_EXI529,__import__.product_8379890,4
__import__.stock_inventory_line_without_lot_8379909,__import__.location_loc_EXI526,__import__.product_8379909,6
__import__.stock_inventory_line_without_lot_8379921,__import__.location_loc_EOA222,__import__.product_8379921,0
__import__.stock_inventory_line_without_lot_8379938,__import__.location_loc_EXI532,__import__.product_8379938,1
__import__.stock_inventory_line_without_lot_8379944,__import__.location_loc_EOC173,__import__.product_8379944,0
__import__.stock_inventory_line_without_lot_8379967,__import__.location_loc_EOE162,__import__.product_8379967,0
__import__.stock_inventory_line_without_lot_5118517,__import__.location_loc_GD25D4,__import__.product_5118517,6
__import__.stock_inventory_line_without_lot_8362205,__import__.location_loc_EXI300,__import__.product_8362205,2
__import__.stock_inventory_line_without_lot_8362501,__import__.location_loc_EXE200,__import__.product_8362501,1
__import__.stock_inventory_line_without_lot_8352394,__import__.location_loc_EXJ200,__import__.product_8352394,1
__import__.stock_inventory_line_without_lot_5031245,__import__.location_loc_EOB224,__import__.product_5031245,0
__import__.stock_inventory_line_without_lot_8292806,__import__.location_loc_GE11C5,__import__.product_8292806,9
__import__.stock_inventory_line_without_lot_5792057,__import__.location_loc_EOH201,__import__.product_5792057,6
__import__.stock_inventory_line_without_lot_5087312,__import__.location_loc_GE09B2,__import__.product_5087312,49
__import__.stock_inventory_line_without_lot_5160581,__import__.location_loc_EXI201,__import__.product_5160581,1
__import__.stock_inventory_line_without_lot_5011804,__import__.location_loc_EXR228,__import__.product_5011804,0
__import__.stock_inventory_line_without_lot_5011805,__import__.location_loc_EXR230,__import__.product_5011805,0
__import__.stock_inventory_line_without_lot_5473655,__import__.location_loc_GC09F5,__import__.product_5473655,5
__import__.stock_inventory_line_without_lot_5792056,__import__.location_loc_EXG500,__import__.product_5792056,6
__import__.stock_inventory_line_without_lot_7420097,__import__.location_loc_EXN207,__import__.product_7420097,3
__import__.stock_inventory_line_without_lot_7420098,__import__.location_loc_EXN208,__import__.product_7420098,3
__import__.stock_inventory_line_without_lot_5086889,__import__.location_loc_EOF194,__import__.product_5086889,20
__import__.stock_inventory_line_without_lot_8197692,__import__.location_loc_EXP000,__import__.product_8197692,1
__import__.stock_inventory_line_without_lot_5419000,__import__.location_loc_EXL500,__import__.product_5419000,15
__import__.stock_inventory_line_without_lot_5922144,__import__.location_loc_GH31B1,__import__.product_5922144,1
__import__.stock_inventory_line_without_lot_5068527,__import__.location_loc_EXT533,__import__.product_5068527,1
__import__.stock_inventory_line_without_lot_8352336,__import__.location_loc_EXI300,__import__.product_8352336,5
__import__.stock_inventory_line_without_lot_8352342,__import__.location_loc_EXI300,__import__.product_8352342,6
__import__.stock_inventory_line_without_lot_8352359,__import__.location_loc_EXI300,__import__.product_8352359,3
__import__.stock_inventory_line_without_lot_5671204,__import__.location_loc_EOF202,__import__.product_5671204,1
__import__.stock_inventory_line_without_lot_5035961,__import__.location_loc_EXJ800,__import__.product_5035961,1
__import__.stock_inventory_line_without_lot_5215035,__import__.location_loc_EXH300,__import__.product_5215035,16
__import__.stock_inventory_line_without_lot_5404050,__import__.location_loc_GZZ105,__import__.product_5404050,1
__import__.stock_inventory_line_without_lot_5211109,__import__.location_loc_GE09D1,__import__.product_5211109,62
__import__.stock_inventory_line_without_lot_5279325,__import__.location_loc_EXT523,__import__.product_5279325,3
__import__.stock_inventory_line_without_lot_5030001,__import__.location_loc_GG01G1,__import__.product_5030001,0
__import__.stock_inventory_line_without_lot_5279808,__import__.location_loc_GD22A3,__import__.product_5279808,5
__import__.stock_inventory_line_without_lot_5279804,__import__.location_loc_GE03C1,__import__.product_5279804,1
__import__.stock_inventory_line_without_lot_5279805,__import__.location_loc_GE05E2,__import__.product_5279805,5
__import__.stock_inventory_line_without_lot_5279806,__import__.location_loc_GD17C4,__import__.product_5279806,3
__import__.stock_inventory_line_without_lot_5279807,__import__.location_loc_GE07F3,__import__.product_5279807,3
__import__.stock_inventory_line_without_lot_5279809,__import__.location_loc_GE11E1,__import__.product_5279809,6
__import__.stock_inventory_line_without_lot_5127512,__import__.location_loc_EOA192,__import__.product_5127512,0
__import__.stock_inventory_line_without_lot_5230740,__import__.location_loc_GD12D2,__import__.product_5230740,33
__import__.stock_inventory_line_without_lot_8383561,__import__.location_loc_EXK400,__import__.product_8383561,7
__import__.stock_inventory_line_without_lot_8199892,__import__.location_loc_EOC163,__import__.product_8199892,5
__import__.stock_inventory_line_without_lot_8352422,__import__.location_loc_EOC161,__import__.product_8352422,12
__import__.stock_inventory_line_without_lot_8352424,__import__.location_loc_EOD144,__import__.product_8352424,18
__import__.stock_inventory_line_without_lot_8341568,__import__.location_loc_GK13B5,__import__.product_8341568,151
__import__.stock_inventory_line_without_lot_8362748,__import__.location_loc_GD22D1,__import__.product_8362748,8
__import__.stock_inventory_line_without_lot_5012515,__import__.location_loc_EOE169,__import__.product_5012515,4
__import__.stock_inventory_line_without_lot_5012510,__import__.location_loc_EXS100,__import__.product_5012510,4
__import__.stock_inventory_line_without_lot_8206066,__import__.location_loc_EXG300,__import__.product_8206066,4
__import__.stock_inventory_line_without_lot_8206043,__import__.location_loc_EXJ200,__import__.product_8206043,21
__import__.stock_inventory_line_without_lot_8357291,__import__.location_loc_GF32A4,__import__.product_8357291,16
__import__.stock_inventory_line_without_lot_5162008,__import__.location_loc_EXJ300,__import__.product_5162008,4
__import__.stock_inventory_line_without_lot_5600520,__import__.location_loc_EXF300,__import__.product_5600520,0
__import__.stock_inventory_line_without_lot_8206072,__import__.location_loc_EXF300,__import__.product_8206072,4
__import__.stock_inventory_line_without_lot_8206126,__import__.location_loc_EXG400,__import__.product_8206126,6
__import__.stock_inventory_line_without_lot_8206103,__import__.location_loc_EXG300,__import__.product_8206103,4
__import__.stock_inventory_line_without_lot_5150270,__import__.location_loc_EZZ270,__import__.product_5150270,1
__import__.stock_inventory_line_without_lot_5160208,__import__.location_loc_GE15D5,__import__.product_5160208,1
__import__.stock_inventory_line_without_lot_5967011,__import__.location_loc_GE15B5,__import__.product_5967011,35
__import__.stock_inventory_line_without_lot_5006500,__import__.location_loc_EOC129,__import__.product_5006500,0
__import__.stock_inventory_line_without_lot_5061305,__import__.location_loc_EXT110,__import__.product_5061305,6
__import__.stock_inventory_line_without_lot_5045262,__import__.location_loc_EXO118,__import__.product_5045262,8
__import__.stock_inventory_line_without_lot_8190069,__import__.location_loc_EXQ100,__import__.product_8190069,1
__import__.stock_inventory_line_without_lot_5001985,__import__.location_loc_GG01D8,__import__.product_5001985,0
__import__.stock_inventory_line_without_lot_8207143,__import__.location_loc_GD32B3,__import__.product_8207143,1
__import__.stock_inventory_line_without_lot_5315004,__import__.location_loc_EXG500,__import__.product_5315004,0
__import__.stock_inventory_line_without_lot_8425302,__import__.location_loc_EOA120,__import__.product_8425302,5
__import__.stock_inventory_line_without_lot_8342148,__import__.location_loc_GA03B3,__import__.product_8342148,0
__import__.stock_inventory_line_without_lot_8363475,__import__.location_loc_GG01B4,__import__.product_8363475,2
__import__.stock_inventory_line_without_lot_8341611,__import__.location_loc_GG01D5,__import__.product_8341611,3
__import__.stock_inventory_line_without_lot_8341605,__import__.location_loc_GG01E2,__import__.product_8341605,2
__import__.stock_inventory_line_without_lot_8048779,__import__.location_loc_EOD118,__import__.product_8048779,0
__import__.stock_inventory_line_without_lot_8291758,__import__.location_loc_EXD600,__import__.product_8291758,1
__import__.stock_inventory_line_without_lot_8365190,__import__.location_loc_GC25D1,__import__.product_8365190,0
__import__.stock_inventory_line_without_lot_5042801,__import__.location_loc_EXP000,__import__.product_5042801,0
__import__.stock_inventory_line_without_lot_5410009,__import__.location_loc_EXH300,__import__.product_5410009,2
__import__.stock_inventory_line_without_lot_5410011,__import__.location_loc_EXH300,__import__.product_5410011,3
__import__.stock_inventory_line_without_lot_5402063,__import__.location_loc_GD04F1,__import__.product_5402063,1
__import__.stock_inventory_line_without_lot_5272115,__import__.location_loc_EXB202,__import__.product_5272115,0
__import__.stock_inventory_line_without_lot_5650125,__import__.location_loc_EXC300,__import__.product_5650125,0
__import__.stock_inventory_line_without_lot_5650128,__import__.location_loc_GC03F4,__import__.product_5650128,1
__import__.stock_inventory_line_without_lot_5650130,__import__.location_loc_GC31A2,__import__.product_5650130,1
__import__.stock_inventory_line_without_lot_5042802,__import__.location_loc_EXJ500,__import__.product_5042802,2
__import__.stock_inventory_line_without_lot_8201057,__import__.location_loc_EOB205,__import__.product_8201057,0
__import__.stock_inventory_line_without_lot_8200922,__import__.location_loc_EOA225,__import__.product_8200922,0
__import__.stock_inventory_line_without_lot_8200951,__import__.location_loc_EOB203,__import__.product_8200951,0
__import__.stock_inventory_line_without_lot_8200282,__import__.location_loc_EOE187,__import__.product_8200282,2
__import__.stock_inventory_line_without_lot_8200365,__import__.location_loc_EOE188,__import__.product_8200365,2
__import__.stock_inventory_line_without_lot_8200589,__import__.location_loc_EOF223,__import__.product_8200589,4
__import__.stock_inventory_line_without_lot_8200595,__import__.location_loc_EOC201,__import__.product_8200595,7
__import__.stock_inventory_line_without_lot_8200603,__import__.location_loc_EOE178,__import__.product_8200603,11
__import__.stock_inventory_line_without_lot_8200626,__import__.location_loc_EOC200,__import__.product_8200626,0
__import__.stock_inventory_line_without_lot_8200678,__import__.location_loc_EOC195,__import__.product_8200678,0
__import__.stock_inventory_line_without_lot_8200684,__import__.location_loc_EOA164,__import__.product_8200684,0
__import__.stock_inventory_line_without_lot_8200690,__import__.location_loc_EOC196,__import__.product_8200690,4
__import__.stock_inventory_line_without_lot_8200709,__import__.location_loc_EOF224,__import__.product_8200709,6
__import__.stock_inventory_line_without_lot_8200715,__import__.location_loc_EZZ716,__import__.product_8200715,0
__import__.stock_inventory_line_without_lot_8201376,__import__.location_loc_EOC220,__import__.product_8201376,0
__import__.stock_inventory_line_without_lot_8201382,__import__.location_loc_EOC226,__import__.product_8201382,0
__import__.stock_inventory_line_without_lot_8201399,__import__.location_loc_EOB214,__import__.product_8201399,0
__import__.stock_inventory_line_without_lot_8201407,__import__.location_loc_EOB216,__import__.product_8201407,0
__import__.stock_inventory_line_without_lot_8201413,__import__.location_loc_EOB217,__import__.product_8201413,0
__import__.stock_inventory_line_without_lot_8292025,__import__.location_loc_EOA153,__import__.product_8292025,0
__import__.stock_inventory_line_without_lot_8200141,__import__.location_loc_EOE168,__import__.product_8200141,10
__import__.stock_inventory_line_without_lot_8200112,__import__.location_loc_EOD143,__import__.product_8200112,3
__import__.stock_inventory_line_without_lot_8200098,__import__.location_loc_EOD153,__import__.product_8200098,3
__import__.stock_inventory_line_without_lot_8200106,__import__.location_loc_EOD154,__import__.product_8200106,1
__import__.stock_inventory_line_without_lot_8200075,__import__.location_loc_EOD155,__import__.product_8200075,2
__import__.stock_inventory_line_without_lot_8200081,__import__.location_loc_EOD156,__import__.product_8200081,4
__import__.stock_inventory_line_without_lot_5272105,__import__.location_loc_EXF500,__import__.product_5272105,0
__import__.stock_inventory_line_without_lot_5272103,__import__.location_loc_EXD100,__import__.product_5272103,0
__import__.stock_inventory_line_without_lot_8206014,__import__.location_loc_EXG200,__import__.product_8206014,2
__import__.stock_inventory_line_without_lot_8376696,__import__.location_loc_EOE138,__import__.product_8376696,4
__import__.stock_inventory_line_without_lot_8376667,__import__.location_loc_EOA142,__import__.product_8376667,5
__import__.stock_inventory_line_without_lot_8376704,__import__.location_loc_EOE140,__import__.product_8376704,4
__import__.stock_inventory_line_without_lot_8376673,__import__.location_loc_EOE137,__import__.product_8376673,3
__import__.stock_inventory_line_without_lot_8425130,__import__.location_loc_EOD117,__import__.product_8425130,5
__import__.stock_inventory_line_without_lot_5011803,__import__.location_loc_EXR225,__import__.product_5011803,1
__import__.stock_inventory_line_without_lot_8291149,__import__.location_loc_EOB223,__import__.product_8291149,0
__import__.stock_inventory_line_without_lot_5011801,__import__.location_loc_EXR227,__import__.product_5011801,2
__import__.stock_inventory_line_without_lot_5011802,__import__.location_loc_EOE190,__import__.product_5011802,0
__import__.stock_inventory_line_without_lot_8206020,__import__.location_loc_EXE200,__import__.product_8206020,1
__import__.stock_inventory_line_without_lot_5590004,__import__.location_loc_EOB168,__import__.product_5590004,4
__import__.stock_inventory_line_without_lot_5001037,__import__.location_loc_EOB239,__import__.product_5001037,11
__import__.stock_inventory_line_without_lot_8196853,__import__.location_loc_GE11F7,__import__.product_8196853,4
__import__.stock_inventory_line_without_lot_8045262,__import__.location_loc_EXT221,__import__.product_8045262,2
__import__.stock_inventory_line_without_lot_5001218,__import__.location_loc_EXO100,__import__.product_5001218,0
__import__.stock_inventory_line_without_lot_8206089,__import__.location_loc_EZZ089,__import__.product_8206089,0
__import__.stock_inventory_line_without_lot_2736056,__import__.location_loc_GG18C2,__import__.product_2736056,0
__import__.stock_inventory_line_without_lot_5250060,__import__.location_loc_EOF182,__import__.product_5250060,10
__import__.stock_inventory_line_without_lot_5255060,__import__.location_loc_EOF201,__import__.product_5255060,10
__import__.stock_inventory_line_without_lot_8197982,__import__.location_loc_EXE100,__import__.product_8197982,0
__import__.stock_inventory_line_without_lot_5001621,__import__.location_loc_EOB160,__import__.product_5001621,7
__import__.stock_inventory_line_without_lot_5516501,__import__.location_loc_GD08B2,__import__.product_5516501,0
__import__.stock_inventory_line_without_lot_8206037,__import__.location_loc_EXJ200,__import__.product_8206037,0
__import__.stock_inventory_line_without_lot_5361156,__import__.location_loc_EXT313,__import__.product_5361156,1
__import__.stock_inventory_line_without_lot_5920602,__import__.location_loc_EOE113,__import__.product_5920602,5
__import__.stock_inventory_line_without_lot_8360896,__import__.location_loc_EXQ100,__import__.product_8360896,1
__import__.stock_inventory_line_without_lot_5605022,__import__.location_loc_GD28C1,__import__.product_5605022,13
__import__.stock_inventory_line_without_lot_5791570,__import__.location_loc_EXT261,__import__.product_5791570,2
__import__.stock_inventory_line_without_lot_8039557,__import__.location_loc_EXD300,__import__.product_8039557,6
__import__.stock_inventory_line_without_lot_8039558,__import__.location_loc_EXD300,__import__.product_8039558,6
__import__.stock_inventory_line_without_lot_8039559,__import__.location_loc_EXD400,__import__.product_8039559,6
__import__.stock_inventory_line_without_lot_8039560,__import__.location_loc_EXD400,__import__.product_8039560,5
__import__.stock_inventory_line_without_lot_8039561,__import__.location_loc_EXD400,__import__.product_8039561,6
__import__.stock_inventory_line_without_lot_8352337,__import__.location_loc_EXD300,__import__.product_8352337,5
__import__.stock_inventory_line_without_lot_8352343,__import__.location_loc_EXD300,__import__.product_8352343,3
__import__.stock_inventory_line_without_lot_8352360,__import__.location_loc_EXD400,__import__.product_8352360,5
__import__.stock_inventory_line_without_lot_8352366,__import__.location_loc_EXD400,__import__.product_8352366,0
__import__.stock_inventory_line_without_lot_8362206,__import__.location_loc_EXD400,__import__.product_8362206,1
__import__.stock_inventory_line_without_lot_8362505,__import__.location_loc_EXD400,__import__.product_8362505,2
__import__.stock_inventory_line_without_lot_8351302,__import__.location_loc_GG01A2,__import__.product_8351302,5
__import__.stock_inventory_line_without_lot_5291867,__import__.location_loc_EXD600,__import__.product_5291867,1
__import__.stock_inventory_line_without_lot_5291866,__import__.location_loc_EXD600,__import__.product_5291866,1
__import__.stock_inventory_line_without_lot_5024390,__import__.location_loc_EXP200,__import__.product_5024390,0
__import__.stock_inventory_line_without_lot_8336248,__import__.location_loc_EXH300,__import__.product_8336248,1
__import__.stock_inventory_line_without_lot_5242530,__import__.location_loc_GD02A6,__import__.product_5242530,2
__import__.stock_inventory_line_without_lot_5548000,__import__.location_loc_EOA193,__import__.product_5548000,2
__import__.stock_inventory_line_without_lot_8363699,__import__.location_loc_EXQ100,__import__.product_8363699,1
__import__.stock_inventory_line_without_lot_5203007,__import__.location_loc_EXT500,__import__.product_5203007,0
__import__.stock_inventory_line_without_lot_5203042,__import__.location_loc_EOC190,__import__.product_5203042,1
__import__.stock_inventory_line_without_lot_8207309,__import__.location_loc_GL07B1,__import__.product_8207309,0
__import__.stock_inventory_line_without_lot_8210553,__import__.location_loc_EXP000,__import__.product_8210553,1
__import__.stock_inventory_line_without_lot_8207999,__import__.location_loc_EXJ500,__import__.product_8207999,5
__import__.stock_inventory_line_without_lot_5918121,__import__.location_loc_PN05E4,__import__.product_5918121,0
__import__.stock_inventory_line_without_lot_5001035,__import__.location_loc_EOB144,__import__.product_5001035,6
__import__.stock_inventory_line_without_lot_5001036,__import__.location_loc_EOB145,__import__.product_5001036,11
__import__.stock_inventory_line_without_lot_5001038,__import__.location_loc_EOB146,__import__.product_5001038,11
__import__.stock_inventory_line_without_lot_5001040,__import__.location_loc_EOC176,__import__.product_5001040,0
__import__.stock_inventory_line_without_lot_5650140,__import__.location_loc_PN03E4,__import__.product_5650140,0
__import__.stock_inventory_line_without_lot_5650141,__import__.location_loc_EXB100,__import__.product_5650141,0
__import__.stock_inventory_line_without_lot_5650142,__import__.location_loc_EXT344,__import__.product_5650142,0
__import__.stock_inventory_line_without_lot_5030600,__import__.location_loc_EXK900,__import__.product_5030600,9
__import__.stock_inventory_line_without_lot_5030601,__import__.location_loc_EXK600,__import__.product_5030601,13
__import__.stock_inventory_line_without_lot_5920505,__import__.location_loc_EOC148,__import__.product_5920505,0
__import__.stock_inventory_line_without_lot_5549411,__import__.location_loc_EOF132,__import__.product_5549411,1
__import__.stock_inventory_line_without_lot_5250010,__import__.location_loc_GC15A4,__import__.product_5250010,5
__import__.stock_inventory_line_without_lot_8290897,__import__.location_loc_EXD600,__import__.product_8290897,2
__import__.stock_inventory_line_without_lot_8190454,__import__.location_loc_EXF300,__import__.product_8190454,1
__import__.stock_inventory_line_without_lot_5661821,__import__.location_loc_EXK200,__import__.product_5661821,7
__import__.stock_inventory_line_without_lot_8341574,__import__.location_loc_EOF102,__import__.product_8341574,6
__import__.stock_inventory_line_without_lot_8341580,__import__.location_loc_EOF116,__import__.product_8341580,3
__import__.stock_inventory_line_without_lot_5012393,__import__.location_loc_EXQ100,__import__.product_5012393,1
__import__.stock_inventory_line_without_lot_5300243,__import__.location_loc_QB05A1,__import__.product_5300243,5062
__import__.stock_inventory_line_without_lot_5183105,__import__.location_loc_GF24B5,__import__.product_5183105,3
__import__.stock_inventory_line_without_lot_8367355,__import__.location_loc_EOB200,__import__.product_8367355,1
__import__.stock_inventory_line_without_lot_8367361,__import__.location_loc_EOB211,__import__.product_8367361,8
__import__.stock_inventory_line_without_lot_8367533,__import__.location_loc_EOB198,__import__.product_8367533,5
__import__.stock_inventory_line_without_lot_8367556,__import__.location_loc_EOB193,__import__.product_8367556,6
__import__.stock_inventory_line_without_lot_8367705,__import__.location_loc_EOB204,__import__.product_8367705,1
__import__.stock_inventory_line_without_lot_5082202,__import__.location_loc_EOI144,__import__.product_5082202,0
__import__.stock_inventory_line_without_lot_5333080,__import__.location_loc_GL03C3,__import__.product_5333080,1
__import__.stock_inventory_line_without_lot_8209490,__import__.location_loc_GF28C6,__import__.product_8209490,20
__import__.stock_inventory_line_without_lot_5928400,__import__.location_loc_GG01B5,__import__.product_5928400,5
__import__.stock_inventory_line_without_lot_8213876,__import__.location_loc_EXP000,__import__.product_8213876,0
__import__.stock_inventory_line_without_lot_5927103,__import__.location_loc_EOG116,__import__.product_5927103,3
__import__.stock_inventory_line_without_lot_8214002,__import__.location_loc_EOC104,__import__.product_8214002,4
__import__.stock_inventory_line_without_lot_8213994,__import__.location_loc_EOD121,__import__.product_8213994,2
__import__.stock_inventory_line_without_lot_8213971,__import__.location_loc_EXK200,__import__.product_8213971,1
__import__.stock_inventory_line_without_lot_8213988,__import__.location_loc_EOC101,__import__.product_8213988,4
__import__.stock_inventory_line_without_lot_5000429,__import__.location_loc_QA03D1,__import__.product_5000429,350
__import__.stock_inventory_line_without_lot_8365936,__import__.location_loc_EXP000,__import__.product_8365936,0
__import__.stock_inventory_line_without_lot_8365304,__import__.location_loc_EXE500,__import__.product_8365304,15
__import__.stock_inventory_line_without_lot_8211334,__import__.location_loc_EXN100,__import__.product_8211334,1
__import__.stock_inventory_line_without_lot_8211297,__import__.location_loc_EXO100,__import__.product_8211297,1
__import__.stock_inventory_line_without_lot_8214143,__import__.location_loc_GC02A2,__import__.product_8214143,374
__import__.stock_inventory_line_without_lot_8214114,__import__.location_loc_GC02E2,__import__.product_8214114,269
__import__.stock_inventory_line_without_lot_9212091,__import__.location_loc_PO01D3,__import__.product_9212091,1
__import__.stock_inventory_line_without_lot_5342100,__import__.location_loc_EXE500,__import__.product_5342100,2
__import__.stock_inventory_line_without_lot_8215415,__import__.location_loc_EXG400,__import__.product_8215415,1
__import__.stock_inventory_line_without_lot_8215438,__import__.location_loc_EXG300,__import__.product_8215438,1
__import__.stock_inventory_line_without_lot_8206310,__import__.location_loc_EXL300,__import__.product_8206310,10
__import__.stock_inventory_line_without_lot_8361944,__import__.location_loc_EOG212,__import__.product_8361944,1
__import__.stock_inventory_line_without_lot_5915012,__import__.location_loc_EXE200,__import__.product_5915012,1
__import__.stock_inventory_line_without_lot_5244037,__import__.location_loc_GH31A3,__import__.product_5244037,8
__import__.stock_inventory_line_without_lot_8216337,__import__.location_loc_GB26A2,__import__.product_8216337,3
__import__.stock_inventory_line_without_lot_8540017,__import__.location_loc_EXB600,__import__.product_8540017,5
__import__.stock_inventory_line_without_lot_5082203,__import__.location_loc_EOG203,__import__.product_5082203,3
__import__.stock_inventory_line_without_lot_5082204,__import__.location_loc_EOG206,__import__.product_5082204,1
__import__.stock_inventory_line_without_lot_5123320,__import__.location_loc_EXJ600,__import__.product_5123320,1
__import__.stock_inventory_line_without_lot_5121209,__import__.location_loc_EXB300,__import__.product_5121209,1
__import__.stock_inventory_line_without_lot_5334837,__import__.location_loc_EXF200,__import__.product_5334837,1
__import__.stock_inventory_line_without_lot_5560455,__import__.location_loc_GB26B1,__import__.product_5560455,10
__import__.stock_inventory_line_without_lot_5851318,__import__.location_loc_EOF126,__import__.product_5851318,6
__import__.stock_inventory_line_without_lot_5100490,__import__.location_loc_EOC170,__import__.product_5100490,8
__import__.stock_inventory_line_without_lot_5006043,__import__.location_loc_GG08A3,__import__.product_5006043,11
__import__.stock_inventory_line_without_lot_5635501,__import__.location_loc_EXP100,__import__.product_5635501,0
__import__.stock_inventory_line_without_lot_8197769,__import__.location_loc_EXP000,__import__.product_8197769,3
__import__.stock_inventory_line_without_lot_8197829,__import__.location_loc_EXT235,__import__.product_8197829,0
__import__.stock_inventory_line_without_lot_8205776,__import__.location_loc_EXT236,__import__.product_8205776,3
__import__.stock_inventory_line_without_lot_5525446,__import__.location_loc_GF11A4,__import__.product_5525446,6
__import__.stock_inventory_line_without_lot_8290488,__import__.location_loc_EXJ100,__import__.product_8290488,1
__import__.stock_inventory_line_without_lot_8347329,__import__.location_loc_EOB235,__import__.product_8347329,3
__import__.stock_inventory_line_without_lot_8214195,__import__.location_loc_GE14A5,__import__.product_8214195,738
__import__.stock_inventory_line_without_lot_8298788,__import__.location_loc_AK05A5,__import__.product_8298788,7
__import__.stock_inventory_line_without_lot_5736881,__import__.location_loc_EXD600,__import__.product_5736881,1
__import__.stock_inventory_line_without_lot_5102120,__import__.location_loc_GC07A1,__import__.product_5102120,2
__import__.stock_inventory_line_without_lot_5102121,__import__.location_loc_GC03C4,__import__.product_5102121,6
__import__.stock_inventory_line_without_lot_5102122,__import__.location_loc_GE26D1,__import__.product_5102122,8
__import__.stock_inventory_line_without_lot_5021420,__import__.location_loc_GF19A1,__import__.product_5021420,96
__import__.stock_inventory_line_without_lot_5511810,__import__.location_loc_EOE114,__import__.product_5511810,4
__import__.stock_inventory_line_without_lot_5632113,__import__.location_loc_EOB227,__import__.product_5632113,6
__import__.stock_inventory_line_without_lot_5320145,__import__.location_loc_EOC141,__import__.product_5320145,8
__import__.stock_inventory_line_without_lot_5299901,__import__.location_loc_EXK700,__import__.product_5299901,3
__import__.stock_inventory_line_without_lot_5299906,__import__.location_loc_EXI100,__import__.product_5299906,4
__import__.stock_inventory_line_without_lot_5299911,__import__.location_loc_EXK100,__import__.product_5299911,3
__import__.stock_inventory_line_without_lot_1202897,__import__.location_loc_GD23C3,__import__.product_1202897,17
__import__.stock_inventory_line_without_lot_1202898,__import__.location_loc_GE19D3,__import__.product_1202898,10
__import__.stock_inventory_line_without_lot_5202897,__import__.location_loc_GE13F5,__import__.product_5202897,21
__import__.stock_inventory_line_without_lot_5074031,__import__.location_loc_EOB136,__import__.product_5074031,2
__import__.stock_inventory_line_without_lot_5280420,__import__.location_loc_GH31B2,__import__.product_5280420,2
__import__.stock_inventory_line_without_lot_8336432,__import__.location_loc_GK18E2,__import__.product_8336432,1
__import__.stock_inventory_line_without_lot_8212977,__import__.location_loc_EOG134,__import__.product_8212977,1
__import__.stock_inventory_line_without_lot_8212983,__import__.location_loc_EOG135,__import__.product_8212983,1
__import__.stock_inventory_line_without_lot_5060115,__import__.location_loc_EOC125,__import__.product_5060115,1
__import__.stock_inventory_line_without_lot_5175621,__import__.location_loc_EXA400,__import__.product_5175621,0
__import__.stock_inventory_line_without_lot_5170002,__import__.location_loc_GL06B6,__import__.product_5170002,15
__import__.stock_inventory_line_without_lot_5170003,__import__.location_loc_GL02B4,__import__.product_5170003,91
__import__.stock_inventory_line_without_lot_8218141,__import__.location_loc_EXD200,__import__.product_8218141,1
__import__.stock_inventory_line_without_lot_5640990,__import__.location_loc_EXP100,__import__.product_5640990,7
__import__.stock_inventory_line_without_lot_5016132,__import__.location_loc_EOI163,__import__.product_5016132,0
__import__.stock_inventory_line_without_lot_5410001,__import__.location_loc_EXP000,__import__.product_5410001,0
__import__.stock_inventory_line_without_lot_5132105,__import__.location_loc_GD26C1,__import__.product_5132105,1
__import__.stock_inventory_line_without_lot_5132107,__import__.location_loc_GD22B2,__import__.product_5132107,28
__import__.stock_inventory_line_without_lot_5132110,__import__.location_loc_GC12A1,__import__.product_5132110,27
__import__.stock_inventory_line_without_lot_5132115,__import__.location_loc_GE23A4,__import__.product_5132115,9
__import__.stock_inventory_line_without_lot_5132120,__import__.location_loc_GE15B4,__import__.product_5132120,1
__import__.stock_inventory_line_without_lot_8342467,__import__.location_loc_PE12D2,__import__.product_8342467,1
__import__.stock_inventory_line_without_lot_8033660,__import__.location_loc_EOB222,__import__.product_8033660,0
__import__.stock_inventory_line_without_lot_8222220,__import__.location_loc_EOB187,__import__.product_8222220,3
__import__.stock_inventory_line_without_lot_5031270,__import__.location_loc_EXI100,__import__.product_5031270,3
__import__.stock_inventory_line_without_lot_8380019,__import__.location_loc_EXI513,__import__.product_8380019,2
__import__.stock_inventory_line_without_lot_5100921,__import__.location_loc_EXP000,__import__.product_5100921,2
__import__.stock_inventory_line_without_lot_5340830,__import__.location_loc_EXI700,__import__.product_5340830,12
__import__.stock_inventory_line_without_lot_8218112,__import__.location_loc_EOD188,__import__.product_8218112,8
__import__.stock_inventory_line_without_lot_8218075,__import__.location_loc_EOD173,__import__.product_8218075,0
__import__.stock_inventory_line_without_lot_8218106,__import__.location_loc_EOE132,__import__.product_8218106,8
__import__.stock_inventory_line_without_lot_5342105,__import__.location_loc_EOF164,__import__.product_5342105,5
__import__.stock_inventory_line_without_lot_5106330,__import__.location_loc_EXP000,__import__.product_5106330,0
__import__.stock_inventory_line_without_lot_8189103,__import__.location_loc_EOG165,__import__.product_8189103,16
__import__.stock_inventory_line_without_lot_8342674,__import__.location_loc_EZZ804,__import__.product_8342674,5
__import__.stock_inventory_line_without_lot_8217957,__import__.location_loc_EOH147,__import__.product_8217957,2
__import__.stock_inventory_line_without_lot_5042803,__import__.location_loc_EOD116,__import__.product_5042803,2
__import__.stock_inventory_line_without_lot_8387642,__import__.location_loc_GE19D2,__import__.product_8387642,27
__import__.stock_inventory_line_without_lot_8387659,__import__.location_loc_GH07A2,__import__.product_8387659,81
__import__.stock_inventory_line_without_lot_8048696,__import__.location_loc_EOE160,__import__.product_8048696,18
__import__.stock_inventory_line_without_lot_8378583,__import__.location_loc_EOH236,__import__.product_8378583,8
__import__.stock_inventory_line_without_lot_8363736,__import__.location_loc_GG10D5,__import__.product_8363736,0
__import__.stock_inventory_line_without_lot_5029015,__import__.location_loc_GF12A2,__import__.product_5029015,16
__import__.stock_inventory_line_without_lot_8021993,__import__.location_loc_EXJ602,__import__.product_8021993,0
__import__.stock_inventory_line_without_lot_8361950,__import__.location_loc_EXL300,__import__.product_8361950,37
__import__.stock_inventory_line_without_lot_5151014,__import__.location_loc_EOF161,__import__.product_5151014,1
__import__.stock_inventory_line_without_lot_5505004,__import__.location_loc_GG06B4,__import__.product_5505004,6
__import__.stock_inventory_line_without_lot_5671003,__import__.location_loc_EOB233,__import__.product_5671003,1
__import__.stock_inventory_line_without_lot_8341597,__import__.location_loc_EXT503,__import__.product_8341597,2
__import__.stock_inventory_line_without_lot_8336142,__import__.location_loc_EXG300,__import__.product_8336142,1
__import__.stock_inventory_line_without_lot_8207114,__import__.location_loc_EZZ114,__import__.product_8207114,0
__import__.stock_inventory_line_without_lot_5042804,__import__.location_loc_EXF500,__import__.product_5042804,2
__import__.stock_inventory_line_without_lot_5431831,__import__.location_loc_GZZ418,__import__.product_5431831,2
__import__.stock_inventory_line_without_lot_5610541,__import__.location_loc_GF20G4,__import__.product_5610541,0
__import__.stock_inventory_line_without_lot_1202904,__import__.location_loc_GF20A5,__import__.product_1202904,0
__import__.stock_inventory_line_without_lot_8364167,__import__.location_loc_GK15D2,__import__.product_8364167,0
__import__.stock_inventory_line_without_lot_8353123,__import__.location_loc_EOH212,__import__.product_8353123,0
__import__.stock_inventory_line_without_lot_8183649,__import__.location_loc_EXP000,__import__.product_8183649,1
__import__.stock_inventory_line_without_lot_8203085,__import__.location_loc_EXJ300,__import__.product_8203085,1
__import__.stock_inventory_line_without_lot_7773395,__import__.location_loc_GK17B2,__import__.product_7773395,0
__import__.stock_inventory_line_without_lot_8209484,__import__.location_loc_GE15G4,__import__.product_8209484,25
__import__.stock_inventory_line_without_lot_8337348,__import__.location_loc_GL05A1,__import__.product_8337348,9
__import__.stock_inventory_line_without_lot_8224058,__import__.location_loc_GE15E6,__import__.product_8224058,6
__import__.stock_inventory_line_without_lot_5991059,__import__.location_loc_EOD100,__import__.product_5991059,2
__import__.stock_inventory_line_without_lot_5991054,__import__.location_loc_EOD125,__import__.product_5991054,2
__import__.stock_inventory_line_without_lot_5280808,__import__.location_loc_GL01B6,__import__.product_5280808,8
__import__.stock_inventory_line_without_lot_8193369,__import__.location_loc_EXK100,__import__.product_8193369,1
__import__.stock_inventory_line_without_lot_5153525,__import__.location_loc_GC11B5,__import__.product_5153525,0
__import__.stock_inventory_line_without_lot_5250172,__import__.location_loc_GC10C5,__import__.product_5250172,5
__import__.stock_inventory_line_without_lot_7773449,__import__.location_loc_GD17B1,__import__.product_7773449,2
__import__.stock_inventory_line_without_lot_8182029,__import__.location_loc_EXL300,__import__.product_8182029,5
__import__.stock_inventory_line_without_lot_8210234,__import__.location_loc_EOE173,__import__.product_8210234,4
__import__.stock_inventory_line_without_lot_8019773,__import__.location_loc_EXO100,__import__.product_8019773,0
__import__.stock_inventory_line_without_lot_8006048,__import__.location_loc_GG14C6,__import__.product_8006048,10
__import__.stock_inventory_line_without_lot_8006775,__import__.location_loc_GF29D3,__import__.product_8006775,0
__import__.stock_inventory_line_without_lot_5185801,__import__.location_loc_EXB200,__import__.product_5185801,0
__import__.stock_inventory_line_without_lot_5470003,__import__.location_loc_EXJ200,__import__.product_5470003,1
__import__.stock_inventory_line_without_lot_8219270,__import__.location_loc_EXE300,__import__.product_8219270,1
__import__.stock_inventory_line_without_lot_8180941,__import__.location_loc_EXP000,__import__.product_8180941,1
__import__.stock_inventory_line_without_lot_2774677,__import__.location_loc_GL04B8,__import__.product_2774677,48
__import__.stock_inventory_line_without_lot_5853265,__import__.location_loc_GL07B6,__import__.product_5853265,247
__import__.stock_inventory_line_without_lot_5170004,__import__.location_loc_GE15E5,__import__.product_5170004,468
__import__.stock_inventory_line_without_lot_5170005,__import__.location_loc_GF32E1,__import__.product_5170005,80
__import__.stock_inventory_line_without_lot_5175144,__import__.location_loc_EOC217,__import__.product_5175144,2
__import__.stock_inventory_line_without_lot_8225081,__import__.location_loc_GE32A1,__import__.product_8225081,221
__import__.stock_inventory_line_without_lot_8208527,__import__.location_loc_EXK200,__import__.product_8208527,5
__import__.stock_inventory_line_without_lot_8432012,__import__.location_loc_GL11B1,__import__.product_8432012,26
__import__.stock_inventory_line_without_lot_5306300,__import__.location_loc_GK18C4,__import__.product_5306300,4
__import__.stock_inventory_line_without_lot_5306302,__import__.location_loc_GK16C2,__import__.product_5306302,0
__import__.stock_inventory_line_without_lot_5306304,__import__.location_loc_GK16D2,__import__.product_5306304,0
__import__.stock_inventory_line_without_lot_5306306,__import__.location_loc_GK18D1,__import__.product_5306306,7
__import__.stock_inventory_line_without_lot_5306308,__import__.location_loc_GH33E1,__import__.product_5306308,6
__import__.stock_inventory_line_without_lot_5306310,__import__.location_loc_GK17D2,__import__.product_5306310,2
__import__.stock_inventory_line_without_lot_5306312,__import__.location_loc_GH33E4,__import__.product_5306312,2
__import__.stock_inventory_line_without_lot_5306316,__import__.location_loc_GK14B8,__import__.product_5306316,4
__import__.stock_inventory_line_without_lot_8225075,__import__.location_loc_EXK200,__import__.product_8225075,4
__import__.stock_inventory_line_without_lot_7413080,__import__.location_loc_GL02A5,__import__.product_7413080,7
__import__.stock_inventory_line_without_lot_8074989,__import__.location_loc_GF25A1,__import__.product_8074989,0
__import__.stock_inventory_line_without_lot_5307650,__import__.location_loc_GE26A1,__import__.product_5307650,53
__import__.stock_inventory_line_without_lot_8336136,__import__.location_loc_GG23D5,__import__.product_8336136,12
__import__.stock_inventory_line_without_lot_5356040,__import__.location_loc_EOG104,__import__.product_5356040,2
__import__.stock_inventory_line_without_lot_8298039,__import__.location_loc_GK15C4,__import__.product_8298039,2
__import__.stock_inventory_line_without_lot_8106353,__import__.location_loc_GC01B1,__import__.product_8106353,3
__import__.stock_inventory_line_without_lot_8217673,__import__.location_loc_EXC100,__import__.product_8217673,0
__import__.stock_inventory_line_without_lot_8007036,__import__.location_loc_EXK400,__import__.product_8007036,1
__import__.stock_inventory_line_without_lot_8208125,__import__.location_loc_EXI700,__import__.product_8208125,0
__import__.stock_inventory_line_without_lot_8365089,__import__.location_loc_EXI700,__import__.product_8365089,0
__import__.stock_inventory_line_without_lot_8364492,__import__.location_loc_GB25D7,__import__.product_8364492,58
__import__.stock_inventory_line_without_lot_8215533,__import__.location_loc_EXP000,__import__.product_8215533,11
__import__.stock_inventory_line_without_lot_5027815,__import__.location_loc_GG21A2,__import__.product_5027815,5
__import__.stock_inventory_line_without_lot_5016130,__import__.location_loc_EOE105,__import__.product_5016130,1
__import__.stock_inventory_line_without_lot_8048182,__import__.location_loc_EOA130,__import__.product_8048182,14
__import__.stock_inventory_line_without_lot_8075954,__import__.location_loc_EOC192,__import__.product_8075954,1
__import__.stock_inventory_line_without_lot_8217615,__import__.location_loc_EXK200,__import__.product_8217615,0
__import__.stock_inventory_line_without_lot_8181550,__import__.location_loc_EXG600,__import__.product_8181550,2
__import__.stock_inventory_line_without_lot_8215740,__import__.location_loc_GL05B2,__import__.product_8215740,1
__import__.stock_inventory_line_without_lot_8206965,__import__.location_loc_GD26E6,__import__.product_8206965,2
__import__.stock_inventory_line_without_lot_8206853,__import__.location_loc_GE12D5,__import__.product_8206853,2
__import__.stock_inventory_line_without_lot_8206882,__import__.location_loc_GF17D3,__import__.product_8206882,2
__import__.stock_inventory_line_without_lot_8075144,__import__.location_loc_GH09A3,__import__.product_8075144,0
__import__.stock_inventory_line_without_lot_5450029,__import__.location_loc_GK17D3,__import__.product_5450029,43
__import__.stock_inventory_line_without_lot_8379996,__import__.location_loc_EXI520,__import__.product_8379996,1
__import__.stock_inventory_line_without_lot_5250393,__import__.location_loc_GG02A5,__import__.product_5250393,3
__import__.stock_inventory_line_without_lot_8228694,__import__.location_loc_EOC123,__import__.product_8228694,5
__import__.stock_inventory_line_without_lot_8228754,__import__.location_loc_EOC238,__import__.product_8228754,4
__import__.stock_inventory_line_without_lot_8198444,__import__.location_loc_EXT434,__import__.product_8198444,2
__import__.stock_inventory_line_without_lot_8201979,__import__.location_loc_EXT300,__import__.product_8201979,1
__import__.stock_inventory_line_without_lot_8222591,__import__.location_loc_EXP000,__import__.product_8222591,1
__import__.stock_inventory_line_without_lot_8223082,__import__.location_loc_EXG200,__import__.product_8223082,2
__import__.stock_inventory_line_without_lot_8209403,__import__.location_loc_EOA187,__import__.product_8209403,1
__import__.stock_inventory_line_without_lot_5431155,__import__.location_loc_GH31D2,__import__.product_5431155,2
__import__.stock_inventory_line_without_lot_8218603,__import__.location_loc_EXL500,__import__.product_8218603,2
__import__.stock_inventory_line_without_lot_8363966,__import__.location_loc_EOA160,__import__.product_8363966,10
__import__.stock_inventory_line_without_lot_8210079,__import__.location_loc_EXF600,__import__.product_8210079,1
__import__.stock_inventory_line_without_lot_8210352,__import__.location_loc_EXF600,__import__.product_8210352,1
__import__.stock_inventory_line_without_lot_8203056,__import__.location_loc_GK14B4,__import__.product_8203056,14
__import__.stock_inventory_line_without_lot_8293148,__import__.location_loc_EXK900,__import__.product_8293148,4
__import__.stock_inventory_line_without_lot_5157395,__import__.location_loc_GC14D3,__import__.product_5157395,0
__import__.stock_inventory_line_without_lot_8218394,__import__.location_loc_GG23B4,__import__.product_8218394,267
__import__.stock_inventory_line_without_lot_8210062,__import__.location_loc_GE10A1,__import__.product_8210062,66
__import__.stock_inventory_line_without_lot_8389687,__import__.location_loc_GF31D2,__import__.product_8389687,2
__import__.stock_inventory_line_without_lot_8389776,__import__.location_loc_GE20A2,__import__.product_8389776,0
__import__.stock_inventory_line_without_lot_8486539,__import__.location_loc_GF19B5,__import__.product_8486539,0
__import__.stock_inventory_line_without_lot_8336165,__import__.location_loc_GD24F6,__import__.product_8336165,4
__import__.stock_inventory_line_without_lot_8336107,__import__.location_loc_GF28H2,__import__.product_8336107,12
__import__.stock_inventory_line_without_lot_8336159,__import__.location_loc_GF28D7,__import__.product_8336159,8
__import__.stock_inventory_line_without_lot_8336113,__import__.location_loc_GE03D4,__import__.product_8336113,19
__import__.stock_inventory_line_without_lot_5044020,__import__.location_loc_EXB600,__import__.product_5044020,0
__import__.stock_inventory_line_without_lot_8203317,__import__.location_loc_EXJ300,__import__.product_8203317,1
__import__.stock_inventory_line_without_lot_8363943,__import__.location_loc_EOD183,__import__.product_8363943,19
__import__.stock_inventory_line_without_lot_8021793,__import__.location_loc_EOC152,__import__.product_8021793,32
__import__.stock_inventory_line_without_lot_5032400,__import__.location_loc_EXT524,__import__.product_5032400,0
__import__.stock_inventory_line_without_lot_5014729,__import__.location_loc_EXB400,__import__.product_5014729,2
__import__.stock_inventory_line_without_lot_8363363,__import__.location_loc_EOH163,__import__.product_8363363,1
__import__.stock_inventory_line_without_lot_8389718,__import__.location_loc_GF19B7,__import__.product_8389718,20
__import__.stock_inventory_line_without_lot_8049053,__import__.location_loc_EXQ100,__import__.product_8049053,0
__import__.stock_inventory_line_without_lot_5000035,__import__.location_loc_GA09E2,__import__.product_5000035,0
__import__.stock_inventory_line_without_lot_8225632,__import__.location_loc_EOB171,__import__.product_8225632,0
__import__.stock_inventory_line_without_lot_5901896,__import__.location_loc_EOG105,__import__.product_5901896,12
__import__.stock_inventory_line_without_lot_8358020,__import__.location_loc_EXF300,__import__.product_8358020,3
__import__.stock_inventory_line_without_lot_5774677,__import__.location_loc_GC01C1,__import__.product_5774677,3
__import__.stock_inventory_line_without_lot_8203079,__import__.location_loc_EXJ300,__import__.product_8203079,1
__import__.stock_inventory_line_without_lot_8198970,__import__.location_loc_EXJ300,__import__.product_8198970,1
__import__.stock_inventory_line_without_lot_8203323,__import__.location_loc_EXJ300,__import__.product_8203323,1
__import__.stock_inventory_line_without_lot_8198987,__import__.location_loc_EXJ300,__import__.product_8198987,1
__import__.stock_inventory_line_without_lot_8203346,__import__.location_loc_EXJ300,__import__.product_8203346,1
__import__.stock_inventory_line_without_lot_5645001,__import__.location_loc_EXL600,__import__.product_5645001,1
__import__.stock_inventory_line_without_lot_8211335,__import__.location_loc_EXJ400,__import__.product_8211335,1
__import__.stock_inventory_line_without_lot_5942063,__import__.location_loc_GC30C2,__import__.product_5942063,12
__import__.stock_inventory_line_without_lot_8389799,__import__.location_loc_GF21B5,__import__.product_8389799,11
__import__.stock_inventory_line_without_lot_5749175,__import__.location_loc_GF28A5,__import__.product_5749175,28
__import__.stock_inventory_line_without_lot_5702004,__import__.location_loc_EXT310,__import__.product_5702004,8
__import__.stock_inventory_line_without_lot_5078032,__import__.location_loc_GK16F1,__import__.product_5078032,2
__import__.stock_inventory_line_without_lot_5341354,__import__.location_loc_GE12D2,__import__.product_5341354,5
__import__.stock_inventory_line_without_lot_8388794,__import__.location_loc_EXP000,__import__.product_8388794,0
__import__.stock_inventory_line_without_lot_5740261,__import__.location_loc_EXJ200,__import__.product_5740261,1
__import__.stock_inventory_line_without_lot_8205552,__import__.location_loc_GE11C6,__import__.product_8205552,2
__import__.stock_inventory_line_without_lot_8213072,__import__.location_loc_GF29A5,__import__.product_8213072,25
__import__.stock_inventory_line_without_lot_8214189,__import__.location_loc_GE14C2,__import__.product_8214189,461
__import__.stock_inventory_line_without_lot_1202900,__import__.location_loc_GF20A3,__import__.product_1202900,8
__import__.stock_inventory_line_without_lot_1202899,__import__.location_loc_GF24A3,__import__.product_1202899,1
__import__.stock_inventory_line_without_lot_5188599,__import__.location_loc_GE05B7,__import__.product_5188599,6
__import__.stock_inventory_line_without_lot_5157696,__import__.location_loc_EOB234,__import__.product_5157696,4
__import__.stock_inventory_line_without_lot_5091004,__import__.location_loc_EOG186,__import__.product_5091004,0
__import__.stock_inventory_line_without_lot_5745501,__import__.location_loc_EXP000,__import__.product_5745501,0
__import__.stock_inventory_line_without_lot_5021016,__import__.location_loc_EXB600,__import__.product_5021016,1
__import__.stock_inventory_line_without_lot_5131415,__import__.location_loc_EXF200,__import__.product_5131415,9
__import__.stock_inventory_line_without_lot_8231325,__import__.location_loc_GF17D1,__import__.product_8231325,1
__import__.stock_inventory_line_without_lot_5232640,__import__.location_loc_EXD200,__import__.product_5232640,0
__import__.stock_inventory_line_without_lot_8231644,__import__.location_loc_GD28A1,__import__.product_8231644,21
__import__.stock_inventory_line_without_lot_5116021,__import__.location_loc_EXP000,__import__.product_5116021,2
__import__.stock_inventory_line_without_lot_5650520,__import__.location_loc_EXJ400,__import__.product_5650520,1
__import__.stock_inventory_line_without_lot_5650525,__import__.location_loc_EXL400,__import__.product_5650525,2
__import__.stock_inventory_line_without_lot_5650545,__import__.location_loc_EXJ100,__import__.product_5650545,1
__import__.stock_inventory_line_without_lot_5296161,__import__.location_loc_EXP000,__import__.product_5296161,0
__import__.stock_inventory_line_without_lot_5620006,__import__.location_loc_GL05B5,__import__.product_5620006,139
__import__.stock_inventory_line_without_lot_8232632,__import__.location_loc_EXP200,__import__.product_8232632,1
__import__.stock_inventory_line_without_lot_5740019,__import__.location_loc_EOF173,__import__.product_5740019,2
__import__.stock_inventory_line_without_lot_5102760,__import__.location_loc_EOH222,__import__.product_5102760,1
__import__.stock_inventory_line_without_lot_8233152,__import__.location_loc_EOC124,__import__.product_8233152,6
__import__.stock_inventory_line_without_lot_5850515,__import__.location_loc_EOB238,__import__.product_5850515,0
__import__.stock_inventory_line_without_lot_5240713,__import__.location_loc_EOB173,__import__.product_5240713,1
__import__.stock_inventory_line_without_lot_1202901,__import__.location_loc_GE12D3,__import__.product_1202901,0
__import__.stock_inventory_line_without_lot_5000191,__import__.location_loc_EOB164,__import__.product_5000191,6
__import__.stock_inventory_line_without_lot_5000192,__import__.location_loc_EOB230,__import__.product_5000192,5
__import__.stock_inventory_line_without_lot_8229222,__import__.location_loc_GG01A5,__import__.product_8229222,7
__import__.stock_inventory_line_without_lot_8229239,__import__.location_loc_GB30A2,__import__.product_8229239,4
__import__.stock_inventory_line_without_lot_8229245,__import__.location_loc_GH31C2,__import__.product_8229245,0
__import__.stock_inventory_line_without_lot_8229251,__import__.location_loc_GC19C4,__import__.product_8229251,3
__import__.stock_inventory_line_without_lot_8229268,__import__.location_loc_GD13B1,__import__.product_8229268,16
__import__.stock_inventory_line_without_lot_8229274,__import__.location_loc_GD25B2,__import__.product_8229274,12
__import__.stock_inventory_line_without_lot_8229280,__import__.location_loc_GC16B1,__import__.product_8229280,4
__import__.stock_inventory_line_without_lot_8229297,__import__.location_loc_GL15B3,__import__.product_8229297,0
__import__.stock_inventory_line_without_lot_8229305,__import__.location_loc_GD32D3,__import__.product_8229305,4
__import__.stock_inventory_line_without_lot_8229311,__import__.location_loc_GG12A2,__import__.product_8229311,32
__import__.stock_inventory_line_without_lot_8229328,__import__.location_loc_GF29C3,__import__.product_8229328,11
__import__.stock_inventory_line_without_lot_8229334,__import__.location_loc_GC24A1,__import__.product_8229334,21
__import__.stock_inventory_line_without_lot_8229340,__import__.location_loc_GF27B2,__import__.product_8229340,0
__import__.stock_inventory_line_without_lot_8229357,__import__.location_loc_GE24C5,__import__.product_8229357,18
__import__.stock_inventory_line_without_lot_5942205,__import__.location_loc_GC22B2,__import__.product_5942205,3
__import__.stock_inventory_line_without_lot_8389724,__import__.location_loc_GF30H3,__import__.product_8389724,6
__import__.stock_inventory_line_without_lot_8389747,__import__.location_loc_GK17C2,__import__.product_8389747,0
__import__.stock_inventory_line_without_lot_8389807,__import__.location_loc_GF22D5,__import__.product_8389807,0
__import__.stock_inventory_line_without_lot_8231495,__import__.location_loc_GH33B4,__import__.product_8231495,2
__import__.stock_inventory_line_without_lot_5439192,__import__.location_loc_EOB226,__import__.product_5439192,1
__import__.stock_inventory_line_without_lot_5210523,__import__.location_loc_EOF193,__import__.product_5210523,5
__import__.stock_inventory_line_without_lot_5742906,__import__.location_loc_EXB100,__import__.product_5742906,4
__import__.stock_inventory_line_without_lot_5639610,__import__.location_loc_GF22E4,__import__.product_5639610,1
__import__.stock_inventory_line_without_lot_5632401,__import__.location_loc_PO02D2,__import__.product_5632401,0
__import__.stock_inventory_line_without_lot_7805132,__import__.location_loc_GG02D2,__import__.product_7805132,3
__import__.stock_inventory_line_without_lot_5211199,__import__.location_loc_EOC177,__import__.product_5211199,0
__import__.stock_inventory_line_without_lot_5740400,__import__.location_loc_EXB302,__import__.product_5740400,10
__import__.stock_inventory_line_without_lot_5531022,__import__.location_loc_EXP000,__import__.product_5531022,4
__import__.stock_inventory_line_without_lot_5021232,__import__.location_loc_EXO101,__import__.product_5021232,6
__import__.stock_inventory_line_without_lot_5021217,__import__.location_loc_EOF185,__import__.product_5021217,8
__import__.stock_inventory_line_without_lot_5460054,__import__.location_loc_GE32A2,__import__.product_5460054,291
__import__.stock_inventory_line_without_lot_5460055,__import__.location_loc_GE26C4,__import__.product_5460055,134
__import__.stock_inventory_line_without_lot_5900123,__import__.location_loc_EXP000,__import__.product_5900123,0
__import__.stock_inventory_line_without_lot_8292781,__import__.location_loc_EZZ927,__import__.product_8292781,5
__import__.stock_inventory_line_without_lot_5791756,__import__.location_loc_GD22G1,__import__.product_5791756,36
__import__.stock_inventory_line_without_lot_2966430,__import__.location_loc_GD30B4,__import__.product_2966430,40
__import__.stock_inventory_line_without_lot_8389670,__import__.location_loc_GK18B2,__import__.product_8389670,8
__import__.stock_inventory_line_without_lot_5410130,__import__.location_loc_GF27A2,__import__.product_5410130,0
__import__.stock_inventory_line_without_lot_5943100,__import__.location_loc_EOC193,__import__.product_5943100,1
__import__.stock_inventory_line_without_lot_8188977,__import__.location_loc_GE21D4,__import__.product_8188977,1
__import__.stock_inventory_line_without_lot_8077137,__import__.location_loc_EXJ100,__import__.product_8077137,1
__import__.stock_inventory_line_without_lot_5290502,__import__.location_loc_EXP000,__import__.product_5290502,0
__import__.stock_inventory_line_without_lot_5290503,__import__.location_loc_GE23B2,__import__.product_5290503,2
__import__.stock_inventory_line_without_lot_5340831,__import__.location_loc_EXI600,__import__.product_5340831,0
__import__.stock_inventory_line_without_lot_5244041,__import__.location_loc_PE07D3,__import__.product_5244041,6
__import__.stock_inventory_line_without_lot_5912801,__import__.location_loc_GD24B3,__import__.product_5912801,6
__import__.stock_inventory_line_without_lot_8366339,__import__.location_loc_EOG132,__import__.product_8366339,1
__import__.stock_inventory_line_without_lot_4100008,__import__.location_loc_EXQ101,__import__.product_4100008,0
__import__.stock_inventory_line_without_lot_8188345,__import__.location_loc_EOF221,__import__.product_8188345,0
__import__.stock_inventory_line_without_lot_5236350,__import__.location_loc_EXF100,__import__.product_5236350,0
__import__.stock_inventory_line_without_lot_5244043,__import__.location_loc_PE09D3,__import__.product_5244043,4
__import__.stock_inventory_line_without_lot_8205569,__import__.location_loc_EXE200,__import__.product_8205569,0
__import__.stock_inventory_line_without_lot_8210056,__import__.location_loc_GK16C4,__import__.product_8210056,21
__import__.stock_inventory_line_without_lot_8222941,__import__.location_loc_GH09E2,__import__.product_8222941,7
__import__.stock_inventory_line_without_lot_5278082,__import__.location_loc_EXP000,__import__.product_5278082,2
__import__.stock_inventory_line_without_lot_5278084,__import__.location_loc_EXP000,__import__.product_5278084,2
__import__.stock_inventory_line_without_lot_5278085,__import__.location_loc_EXP000,__import__.product_5278085,1
__import__.stock_inventory_line_without_lot_5278086,__import__.location_loc_EXP000,__import__.product_5278086,1
__import__.stock_inventory_line_without_lot_5278087,__import__.location_loc_EXP000,__import__.product_5278087,2
__import__.stock_inventory_line_without_lot_5278088,__import__.location_loc_EXP000,__import__.product_5278088,3
__import__.stock_inventory_line_without_lot_5660654,__import__.location_loc_EXL400,__import__.product_5660654,0
__import__.stock_inventory_line_without_lot_5104609,__import__.location_loc_GF32D4,__import__.product_5104609,6
__import__.stock_inventory_line_without_lot_5263017,__import__.location_loc_GK17E1,__import__.product_5263017,2
__import__.stock_inventory_line_without_lot_5263013,__import__.location_loc_GK18C2,__import__.product_5263013,0
__import__.stock_inventory_line_without_lot_5307958,__import__.location_loc_EXO100,__import__.product_5307958,1
__import__.stock_inventory_line_without_lot_8389701,__import__.location_loc_GF29A2,__import__.product_8389701,5
__import__.stock_inventory_line_without_lot_8385502,__import__.location_loc_GL11A0,__import__.product_8385502,0
__import__.stock_inventory_line_without_lot_8214203,__import__.location_loc_GL01B5,__import__.product_8214203,179
__import__.stock_inventory_line_without_lot_5027953,__import__.location_loc_EOF226,__import__.product_5027953,8
__import__.stock_inventory_line_without_lot_5649701,__import__.location_loc_EXB100,__import__.product_5649701,2
__import__.stock_inventory_line_without_lot_8219985,__import__.location_loc_EXP000,__import__.product_8219985,0
__import__.stock_inventory_line_without_lot_8217437,__import__.location_loc_EXP000,__import__.product_8217437,0
__import__.stock_inventory_line_without_lot_5017450,__import__.location_loc_GD32C4,__import__.product_5017450,0
__import__.stock_inventory_line_without_lot_5017452,__import__.location_loc_GE10B3,__import__.product_5017452,1
__import__.stock_inventory_line_without_lot_5017396,__import__.location_loc_GD12C2,__import__.product_5017396,0
__import__.stock_inventory_line_without_lot_8193808,__import__.location_loc_EXP000,__import__.product_8193808,0
__import__.stock_inventory_line_without_lot_5439195,__import__.location_loc_GE09D2,__import__.product_5439195,7
__import__.stock_inventory_line_without_lot_5439196,__import__.location_loc_GE09F6,__import__.product_5439196,4
__import__.stock_inventory_line_without_lot_5715062,__import__.location_loc_EXJ200,__import__.product_5715062,1
__import__.stock_inventory_line_without_lot_5601097,__import__.location_loc_EOE191,__import__.product_5601097,63
__import__.stock_inventory_line_without_lot_8226755,__import__.location_loc_GD22D7,__import__.product_8226755,1
__import__.stock_inventory_line_without_lot_8299375,__import__.location_loc_EOE103,__import__.product_8299375,1
__import__.stock_inventory_line_without_lot_6444912,__import__.location_loc_GL13B4,__import__.product_6444912,6
__import__.stock_inventory_line_without_lot_5307640,__import__.location_loc_GF19B6,__import__.product_5307640,7
__import__.stock_inventory_line_without_lot_5227302,__import__.location_loc_EXI800,__import__.product_5227302,1
__import__.stock_inventory_line_without_lot_5222020,__import__.location_loc_EXG100,__import__.product_5222020,0
__import__.stock_inventory_line_without_lot_5271406,__import__.location_loc_EXP100,__import__.product_5271406,1
__import__.stock_inventory_line_without_lot_8222390,__import__.location_loc_EXP000,__import__.product_8222390,3
__import__.stock_inventory_line_without_lot_8222415,__import__.location_loc_EXP000,__import__.product_8222415,0
__import__.stock_inventory_line_without_lot_5439193,__import__.location_loc_EOI180,__import__.product_5439193,3
__import__.stock_inventory_line_without_lot_8349251,__import__.location_loc_EOC216,__import__.product_8349251,0
__import__.stock_inventory_line_without_lot_5150190,__import__.location_loc_EOG127,__import__.product_5150190,3
__import__.stock_inventory_line_without_lot_8290055,__import__.location_loc_GL03A2,__import__.product_8290055,4
__import__.stock_inventory_line_without_lot_8384135,__import__.location_loc_EOG124,__import__.product_8384135,4
__import__.stock_inventory_line_without_lot_8425058,__import__.location_loc_EOA114,__import__.product_8425058,5
__import__.stock_inventory_line_without_lot_8219643,__import__.location_loc_EXC400,__import__.product_8219643,0
__import__.stock_inventory_line_without_lot_6342173,__import__.location_loc_GF26F3,__import__.product_6342173,0
__import__.stock_inventory_line_without_lot_8243096,__import__.location_loc_EXF300,__import__.product_8243096,4
__import__.stock_inventory_line_without_lot_8243104,__import__.location_loc_EOG195,__import__.product_8243104,1
__import__.stock_inventory_line_without_lot_5605135,__import__.location_loc_EXT343,__import__.product_5605135,1
__import__.stock_inventory_line_without_lot_5660500,__import__.location_loc_AI01A2,__import__.product_5660500,42
__import__.stock_inventory_line_without_lot_5661500,__import__.location_loc_AI12A1,__import__.product_5661500,33
__import__.stock_inventory_line_without_lot_5662500,__import__.location_loc_AH08A4,__import__.product_5662500,63
__import__.stock_inventory_line_without_lot_8387168,__import__.location_loc_EXG300,__import__.product_8387168,1
__import__.stock_inventory_line_without_lot_5202902,__import__.location_loc_GD17C5,__import__.product_5202902,2
__import__.stock_inventory_line_without_lot_5106046,__import__.location_loc_EOG141,__import__.product_5106046,2
__import__.stock_inventory_line_without_lot_8243618,__import__.location_loc_GF11D4,__import__.product_8243618,1
__import__.stock_inventory_line_without_lot_8243682,__import__.location_loc_EXT541,__import__.product_8243682,0
__import__.stock_inventory_line_without_lot_5433109,__import__.location_loc_GF28A1,__import__.product_5433109,0
__import__.stock_inventory_line_without_lot_8293869,__import__.location_loc_GF25A4,__import__.product_8293869,12
__import__.stock_inventory_line_without_lot_5203041,__import__.location_loc_EXK200,__import__.product_5203041,1
__import__.stock_inventory_line_without_lot_8224727,__import__.location_loc_GD28D1,__import__.product_8224727,0
__import__.stock_inventory_line_without_lot_8224911,__import__.location_loc_GE09B4,__import__.product_8224911,1
__import__.stock_inventory_line_without_lot_5920561,__import__.location_loc_EOC118,__import__.product_5920561,1
__import__.stock_inventory_line_without_lot_5409755,__import__.location_loc_GL02A4,__import__.product_5409755,74
__import__.stock_inventory_line_without_lot_8365681,__import__.location_loc_EOG161,__import__.product_8365681,4
__import__.stock_inventory_line_without_lot_5252430,__import__.location_loc_EOB138,__import__.product_5252430,6
__import__.stock_inventory_line_without_lot_5175145,__import__.location_loc_EXH400,__import__.product_5175145,1
__import__.stock_inventory_line_without_lot_8068693,__import__.location_loc_GL05B3,__import__.product_8068693,3
__import__.stock_inventory_line_without_lot_8222958,__import__.location_loc_GE09G3,__import__.product_8222958,12
__import__.stock_inventory_line_without_lot_8222935,__import__.location_loc_GF20C5,__import__.product_8222935,11
__import__.stock_inventory_line_without_lot_5610560,__import__.location_loc_GF25C4,__import__.product_5610560,1
__import__.stock_inventory_line_without_lot_5051479,__import__.location_loc_GD23B1,__import__.product_5051479,1
__import__.stock_inventory_line_without_lot_5691165,__import__.location_loc_PF02D3,__import__.product_5691165,0
__import__.stock_inventory_line_without_lot_5310123,__import__.location_loc_GG08D2,__import__.product_5310123,18
__import__.stock_inventory_line_without_lot_5035230,__import__.location_loc_GF11A1,__import__.product_5035230,5
__import__.stock_inventory_line_without_lot_8219092,__import__.location_loc_EXP000,__import__.product_8219092,1
__import__.stock_inventory_line_without_lot_8219100,__import__.location_loc_EXP000,__import__.product_8219100,1
__import__.stock_inventory_line_without_lot_8236937,__import__.location_loc_GD03D1,__import__.product_8236937,11
__import__.stock_inventory_line_without_lot_5244033,__import__.location_loc_EXT235,__import__.product_5244033,1
__import__.stock_inventory_line_without_lot_8241950,__import__.location_loc_EXP000,__import__.product_8241950,1
__import__.stock_inventory_line_without_lot_5332025,__import__.location_loc_EOG167,__import__.product_5332025,0
__import__.stock_inventory_line_without_lot_8019826,__import__.location_loc_EOB128,__import__.product_8019826,6
__import__.stock_inventory_line_without_lot_8019832,__import__.location_loc_EOC165,__import__.product_8019832,7
__import__.stock_inventory_line_without_lot_8363860,__import__.location_loc_GF28G5,__import__.product_8363860,19
__import__.stock_inventory_line_without_lot_8350722,__import__.location_loc_EXL400,__import__.product_8350722,5
__import__.stock_inventory_line_without_lot_8220480,__import__.location_loc_EXP000,__import__.product_8220480,0
__import__.stock_inventory_line_without_lot_5381601,__import__.location_loc_EXP000,__import__.product_5381601,1
__import__.stock_inventory_line_without_lot_5001901,__import__.location_loc_EXF500,__import__.product_5001901,2
__import__.stock_inventory_line_without_lot_5470047,__import__.location_loc_EXJ300,__import__.product_5470047,0
__import__.stock_inventory_line_without_lot_5011838,__import__.location_loc_EXD100,__import__.product_5011838,6
__import__.stock_inventory_line_without_lot_5634634,__import__.location_loc_EXP100,__import__.product_5634634,1
__import__.stock_inventory_line_without_lot_3035231,__import__.location_loc_EXB100,__import__.product_3035231,4
__import__.stock_inventory_line_without_lot_8380108,__import__.location_loc_EXI527,__import__.product_8380108,0
__import__.stock_inventory_line_without_lot_8379973,__import__.location_loc_EOE145,__import__.product_8379973,0
__import__.stock_inventory_line_without_lot_5283610,__import__.location_loc_AG01A4,__import__.product_5283610,48
__import__.stock_inventory_line_without_lot_5620009,__import__.location_loc_GD32F2,__import__.product_5620009,2
__import__.stock_inventory_line_without_lot_5011840,__import__.location_loc_EXG100,__import__.product_5011840,3
__import__.stock_inventory_line_without_lot_8243073,__import__.location_loc_GD19A2,__import__.product_8243073,3
__import__.stock_inventory_line_without_lot_8389813,__import__.location_loc_GD29B2,__import__.product_8389813,56
__import__.stock_inventory_line_without_lot_8239031,__import__.location_loc_EXP000,__import__.product_8239031,0
__import__.stock_inventory_line_without_lot_8380002,__import__.location_loc_EOC199,__import__.product_8380002,6
__import__.stock_inventory_line_without_lot_5197008,__import__.location_loc_GF24A2,__import__.product_5197008,5
__import__.stock_inventory_line_without_lot_5197002,__import__.location_loc_GD08D2,__import__.product_5197002,27
__import__.stock_inventory_line_without_lot_8063678,__import__.location_loc_GC01A4,__import__.product_8063678,149
__import__.stock_inventory_line_without_lot_8063684,__import__.location_loc_GK13B2,__import__.product_8063684,353
__import__.stock_inventory_line_without_lot_8063690,__import__.location_loc_GI03B3,__import__.product_8063690,263
__import__.stock_inventory_line_without_lot_8197189,__import__.location_loc_EXP000,__import__.product_8197189,0
__import__.stock_inventory_line_without_lot_5240251,__import__.location_loc_EXF400,__import__.product_5240251,0
__import__.stock_inventory_line_without_lot_5283609,__import__.location_loc_AD01A0,__import__.product_5283609,24
__import__.stock_inventory_line_without_lot_5283608,__import__.location_loc_AK02A3,__import__.product_5283608,43
__import__.stock_inventory_line_without_lot_5016390,__import__.location_loc_EOI164,__import__.product_5016390,0
__import__.stock_inventory_line_without_lot_8401974,__import__.location_loc_EOA162,__import__.product_8401974,5
__import__.stock_inventory_line_without_lot_8402436,__import__.location_loc_EOB143,__import__.product_8402436,14
__import__.stock_inventory_line_without_lot_8403269,__import__.location_loc_EOG208,__import__.product_8403269,5
__import__.stock_inventory_line_without_lot_8349357,__import__.location_loc_EOG207,__import__.product_8349357,3
__import__.stock_inventory_line_without_lot_8349363,__import__.location_loc_EOB116,__import__.product_8349363,10
__import__.stock_inventory_line_without_lot_8408522,__import__.location_loc_EOB127,__import__.product_8408522,2
__import__.stock_inventory_line_without_lot_8408539,__import__.location_loc_EOA228,__import__.product_8408539,1
__import__.stock_inventory_line_without_lot_8408924,__import__.location_loc_EOG209,__import__.product_8408924,2
__import__.stock_inventory_line_without_lot_8409504,__import__.location_loc_EOG177,__import__.product_8409504,17
__import__.stock_inventory_line_without_lot_8410281,__import__.location_loc_EOG176,__import__.product_8410281,15
__import__.stock_inventory_line_without_lot_8410973,__import__.location_loc_EOA202,__import__.product_8410973,16
__import__.stock_inventory_line_without_lot_8410950,__import__.location_loc_EOG182,__import__.product_8410950,19
__import__.stock_inventory_line_without_lot_8411085,__import__.location_loc_EOI184,__import__.product_8411085,2
__import__.stock_inventory_line_without_lot_8411903,__import__.location_loc_EOC174,__import__.product_8411903,3
__import__.stock_inventory_line_without_lot_8416734,__import__.location_loc_EOC202,__import__.product_8416734,10
__import__.stock_inventory_line_without_lot_8416786,__import__.location_loc_EOA204,__import__.product_8416786,10
__import__.stock_inventory_line_without_lot_8416763,__import__.location_loc_EOA233,__import__.product_8416763,3
__import__.stock_inventory_line_without_lot_8417001,__import__.location_loc_EOG183,__import__.product_8417001,18
__import__.stock_inventory_line_without_lot_8347683,__import__.location_loc_EOB121,__import__.product_8347683,6
__import__.stock_inventory_line_without_lot_8419856,__import__.location_loc_EOC203,__import__.product_8419856,13
__import__.stock_inventory_line_without_lot_8409740,__import__.location_loc_EOG181,__import__.product_8409740,9
__import__.stock_inventory_line_without_lot_5351009,__import__.location_loc_EXL600,__import__.product_5351009,0
__import__.stock_inventory_line_without_lot_8389664,__import__.location_loc_GF32A3,__import__.product_8389664,11
__import__.stock_inventory_line_without_lot_8385471,__import__.location_loc_GH31G2,__import__.product_8385471,5
__import__.stock_inventory_line_without_lot_8385459,__import__.location_loc_GH33D3,__import__.product_8385459,6
__import__.stock_inventory_line_without_lot_8385442,__import__.location_loc_GE03F9,__import__.product_8385442,5
__import__.stock_inventory_line_without_lot_8385465,__import__.location_loc_GH33F2,__import__.product_8385465,1
__import__.stock_inventory_line_without_lot_8385488,__import__.location_loc_GH31E3,__import__.product_8385488,2
__import__.stock_inventory_line_without_lot_8385494,__import__.location_loc_GL09A0,__import__.product_8385494,1
__import__.stock_inventory_line_without_lot_8385436,__import__.location_loc_GE13G8,__import__.product_8385436,2
__import__.stock_inventory_line_without_lot_3037751,__import__.location_loc_GA07C3,__import__.product_3037751,2
__import__.stock_inventory_line_without_lot_8040448,__import__.location_loc_EXD300,__import__.product_8040448,1
__import__.stock_inventory_line_without_lot_8237121,__import__.location_loc_GF18F3,__import__.product_8237121,1
__import__.stock_inventory_line_without_lot_5336162,__import__.location_loc_GE16D3,__import__.product_5336162,3
__import__.stock_inventory_line_without_lot_5166101,__import__.location_loc_EXQ100,__import__.product_5166101,1
__import__.stock_inventory_line_without_lot_5105066,__import__.location_loc_EXJ200,__import__.product_5105066,0
__import__.stock_inventory_line_without_lot_5105067,__import__.location_loc_EXJ200,__import__.product_5105067,2
__import__.stock_inventory_line_without_lot_5105068,__import__.location_loc_EXK301,__import__.product_5105068,3
__import__.stock_inventory_line_without_lot_5070015,__import__.location_loc_EOD195,__import__.product_5070015,3
__import__.stock_inventory_line_without_lot_5304048,__import__.location_loc_PO06D3,__import__.product_5304048,0
__import__.stock_inventory_line_without_lot_8233778,__import__.location_loc_GD08B6,__import__.product_8233778,14
__import__.stock_inventory_line_without_lot_5211212,__import__.location_loc_EOI141,__import__.product_5211212,1
__import__.stock_inventory_line_without_lot_8233784,__import__.location_loc_GF21D4,__import__.product_8233784,15
__import__.stock_inventory_line_without_lot_8389693,__import__.location_loc_GH33E6,__import__.product_8389693,8
__import__.stock_inventory_line_without_lot_8389753,__import__.location_loc_GD17B2,__import__.product_8389753,0
__import__.stock_inventory_line_without_lot_8378985,__import__.location_loc_EZZ837,__import__.product_8378985,0
__import__.stock_inventory_line_without_lot_5270977,__import__.location_loc_EOI143,__import__.product_5270977,1
__import__.stock_inventory_line_without_lot_8365209,__import__.location_loc_GF12D5,__import__.product_8365209,98
__import__.stock_inventory_line_without_lot_8216254,__import__.location_loc_EOE184,__import__.product_8216254,3
__import__.stock_inventory_line_without_lot_8181076,__import__.location_loc_EOF176,__import__.product_8181076,21
__import__.stock_inventory_line_without_lot_5051421,__import__.location_loc_EOE110,__import__.product_5051421,4
__import__.stock_inventory_line_without_lot_8007243,__import__.location_loc_GF11D3,__import__.product_8007243,1
__import__.stock_inventory_line_without_lot_4790105,__import__.location_loc_EXC300,__import__.product_4790105,1
__import__.stock_inventory_line_without_lot_8354200,__import__.location_loc_EXE600,__import__.product_8354200,0
__import__.stock_inventory_line_without_lot_8209627,__import__.location_loc_EXG200,__import__.product_8209627,4
__import__.stock_inventory_line_without_lot_8245037,__import__.location_loc_EOB163,__import__.product_8245037,0
__import__.stock_inventory_line_without_lot_8245043,__import__.location_loc_EOA154,__import__.product_8245043,0
__import__.stock_inventory_line_without_lot_5273288,__import__.location_loc_EXT321,__import__.product_5273288,1
__import__.stock_inventory_line_without_lot_8382774,__import__.location_loc_EXR100,__import__.product_8382774,0
__import__.stock_inventory_line_without_lot_8471064,__import__.location_loc_GF13B3,__import__.product_8471064,0
__import__.stock_inventory_line_without_lot_8257968,__import__.location_loc_EXE100,__import__.product_8257968,8
__import__.stock_inventory_line_without_lot_8257974,__import__.location_loc_EXT265,__import__.product_8257974,4
__import__.stock_inventory_line_without_lot_5027050,__import__.location_loc_EXF200,__import__.product_5027050,1
__import__.stock_inventory_line_without_lot_8258092,__import__.location_loc_EXG200,__import__.product_8258092,0
__import__.stock_inventory_line_without_lot_8185565,__import__.location_loc_EOA163,__import__.product_8185565,3
__import__.stock_inventory_line_without_lot_8224928,__import__.location_loc_EOG152,__import__.product_8224928,0
__import__.stock_inventory_line_without_lot_5227039,__import__.location_loc_EZZ039,__import__.product_5227039,1
__import__.stock_inventory_line_without_lot_8361909,__import__.location_loc_EOB134,__import__.product_8361909,0
__import__.stock_inventory_line_without_lot_5801000,__import__.location_loc_EOF111,__import__.product_5801000,0
__import__.stock_inventory_line_without_lot_5475470,__import__.location_loc_EXJ200,__import__.product_5475470,1
__import__.stock_inventory_line_without_lot_5942201,__import__.location_loc_GC12C2,__import__.product_5942201,5
__import__.stock_inventory_line_without_lot_5942202,__import__.location_loc_GC04A1,__import__.product_5942202,28
__import__.stock_inventory_line_without_lot_5942203,__import__.location_loc_GK18A4,__import__.product_5942203,19
__import__.stock_inventory_line_without_lot_5258514,__import__.location_loc_EOA147,__import__.product_5258514,4
__import__.stock_inventory_line_without_lot_5241756,__import__.location_loc_EOA146,__import__.product_5241756,2
__import__.stock_inventory_line_without_lot_5326221,__import__.location_loc_EXI300,__import__.product_5326221,4
__import__.stock_inventory_line_without_lot_5326222,__import__.location_loc_EXI300,__import__.product_5326222,4
__import__.stock_inventory_line_without_lot_5031944,__import__.location_loc_EXK100,__import__.product_5031944,1
__import__.stock_inventory_line_without_lot_5113020,__import__.location_loc_EXL200,__import__.product_5113020,564
__import__.stock_inventory_line_without_lot_5203048,__import__.location_loc_EOE166,__import__.product_5203048,1
__import__.stock_inventory_line_without_lot_5180375,__import__.location_loc_EXP000,__import__.product_5180375,1
__import__.stock_inventory_line_without_lot_8020011,__import__.location_loc_EXZ100,__import__.product_8020011,0
__import__.stock_inventory_line_without_lot_5227013,__import__.location_loc_EXF600,__import__.product_5227013,1
__import__.stock_inventory_line_without_lot_8343685,__import__.location_loc_EOH221,__import__.product_8343685,1
__import__.stock_inventory_line_without_lot_8207864,__import__.location_loc_EXT336,__import__.product_8207864,1
__import__.stock_inventory_line_without_lot_5006565,__import__.location_loc_EOB229,__import__.product_5006565,1
__import__.stock_inventory_line_without_lot_2413367,__import__.location_loc_EOI122,__import__.product_2413367,1
__import__.stock_inventory_line_without_lot_2413375,__import__.location_loc_EOI108,__import__.product_2413375,2
__import__.stock_inventory_line_without_lot_2413391,__import__.location_loc_EOI105,__import__.product_2413391,1
__import__.stock_inventory_line_without_lot_2413417,__import__.location_loc_EOI121,__import__.product_2413417,0
__import__.stock_inventory_line_without_lot_2413466,__import__.location_loc_EOI100,__import__.product_2413466,1
__import__.stock_inventory_line_without_lot_2413508,__import__.location_loc_EOI114,__import__.product_2413508,3
__import__.stock_inventory_line_without_lot_2413524,__import__.location_loc_EOI110,__import__.product_2413524,0
__import__.stock_inventory_line_without_lot_2413557,__import__.location_loc_EOI113,__import__.product_2413557,1
__import__.stock_inventory_line_without_lot_2413607,__import__.location_loc_EOI109,__import__.product_2413607,2
__import__.stock_inventory_line_without_lot_5332106,__import__.location_loc_GH11F8,__import__.product_5332106,3
__import__.stock_inventory_line_without_lot_8006769,__import__.location_loc_GE07B8,__import__.product_8006769,29
__import__.stock_inventory_line_without_lot_8212670,__import__.location_loc_EXT331,__import__.product_8212670,0
__import__.stock_inventory_line_without_lot_8254384,__import__.location_loc_EXP000,__import__.product_8254384,5
__import__.stock_inventory_line_without_lot_8254409,__import__.location_loc_EXP000,__import__.product_8254409,0
__import__.stock_inventory_line_without_lot_3011293,__import__.location_loc_EOI103,__import__.product_3011293,4
__import__.stock_inventory_line_without_lot_8363593,__import__.location_loc_EXJ100,__import__.product_8363593,1
__import__.stock_inventory_line_without_lot_3011327,__import__.location_loc_EOI116,__import__.product_3011327,1
__import__.stock_inventory_line_without_lot_3011350,__import__.location_loc_EOI120,__import__.product_3011350,2
__import__.stock_inventory_line_without_lot_3011335,__import__.location_loc_EOI118,__import__.product_3011335,2
__import__.stock_inventory_line_without_lot_3011343,__import__.location_loc_EOI102,__import__.product_3011343,1
__import__.stock_inventory_line_without_lot_5942204,__import__.location_loc_GK15C1,__import__.product_5942204,8
__import__.stock_inventory_line_without_lot_8198332,__import__.location_loc_EOA148,__import__.product_8198332,6
__import__.stock_inventory_line_without_lot_8173554,__import__.location_loc_EXJ200,__import__.product_8173554,0
__import__.stock_inventory_line_without_lot_8004026,__import__.location_loc_EXG200,__import__.product_8004026,1
__import__.stock_inventory_line_without_lot_8214568,__import__.location_loc_EOB141,__import__.product_8214568,4
__import__.stock_inventory_line_without_lot_8337213,__import__.location_loc_EOD106,__import__.product_8337213,7
__import__.stock_inventory_line_without_lot_5036024,__import__.location_loc_EOH237,__import__.product_5036024,10
__import__.stock_inventory_line_without_lot_5326223,__import__.location_loc_EXI300,__import__.product_5326223,0
__import__.stock_inventory_line_without_lot_5326220,__import__.location_loc_EXI300,__import__.product_5326220,5
__import__.stock_inventory_line_without_lot_8380781,__import__.location_loc_EOH224,__import__.product_8380781,3
__import__.stock_inventory_line_without_lot_8245558,__import__.location_loc_EXB200,__import__.product_8245558,4
__import__.stock_inventory_line_without_lot_2371813,__import__.location_loc_EOI117,__import__.product_2371813,1
__import__.stock_inventory_line_without_lot_5147936,__import__.location_loc_EOC212,__import__.product_5147936,5
__import__.stock_inventory_line_without_lot_2900146,__import__.location_loc_EXT401,__import__.product_2900146,0
__import__.stock_inventory_line_without_lot_1402593,__import__.location_loc_EXP000,__import__.product_1402593,2
__import__.stock_inventory_line_without_lot_2300212,__import__.location_loc_EXC400,__import__.product_2300212,0
__import__.stock_inventory_line_without_lot_2900173,__import__.location_loc_EXT600,__import__.product_2900173,1
__import__.stock_inventory_line_without_lot_6100691,__import__.location_loc_EXB200,__import__.product_6100691,0
__import__.stock_inventory_line_without_lot_2480801,__import__.location_loc_EXP100,__import__.product_2480801,0
__import__.stock_inventory_line_without_lot_5213600,__import__.location_loc_GD10E1,__import__.product_5213600,15
__import__.stock_inventory_line_without_lot_8246373,__import__.location_loc_EXE300,__import__.product_8246373,1
__import__.stock_inventory_line_without_lot_8214249,__import__.location_loc_EOC115,__import__.product_8214249,1
__import__.stock_inventory_line_without_lot_8228010,__import__.location_loc_EOC153,__import__.product_8228010,0
__import__.stock_inventory_line_without_lot_5052540,__import__.location_loc_EXP200,__import__.product_5052540,1
__import__.stock_inventory_line_without_lot_8228493,__import__.location_loc_GD30D1,__import__.product_8228493,5
__import__.stock_inventory_line_without_lot_8254390,__import__.location_loc_EXP000,__import__.product_8254390,3
__import__.stock_inventory_line_without_lot_8365758,__import__.location_loc_EOB196,__import__.product_8365758,2
__import__.stock_inventory_line_without_lot_8238557,__import__.location_loc_EXF400,__import__.product_8238557,2
__import__.stock_inventory_line_without_lot_5306158,__import__.location_loc_GK12B5,__import__.product_5306158,173
__import__.stock_inventory_line_without_lot_8105276,__import__.location_loc_GE08C1,__import__.product_8105276,6
__import__.stock_inventory_line_without_lot_8262047,__import__.location_loc_GF21D5,__import__.product_8262047,0
__import__.stock_inventory_line_without_lot_5147956,__import__.location_loc_EOC138,__import__.product_5147956,1
__import__.stock_inventory_line_without_lot_5148502,__import__.location_loc_GD25C3,__import__.product_5148502,4
__import__.stock_inventory_line_without_lot_5300605,__import__.location_loc_EXT341,__import__.product_5300605,34
__import__.stock_inventory_line_without_lot_5338680,__import__.location_loc_GD13D4,__import__.product_5338680,10
__import__.stock_inventory_line_without_lot_5156510,__import__.location_loc_EOC113,__import__.product_5156510,3
__import__.stock_inventory_line_without_lot_5147943,__import__.location_loc_EOA220,__import__.product_5147943,1
__import__.stock_inventory_line_without_lot_8257419,__import__.location_loc_EXC300,__import__.product_8257419,0
__import__.stock_inventory_line_without_lot_8257454,__import__.location_loc_EXD200,__import__.product_8257454,1
__import__.stock_inventory_line_without_lot_8257460,__import__.location_loc_EXD200,__import__.product_8257460,0
__import__.stock_inventory_line_without_lot_8257508,__import__.location_loc_EXE300,__import__.product_8257508,0
__import__.stock_inventory_line_without_lot_8257483,__import__.location_loc_EXG200,__import__.product_8257483,0
__import__.stock_inventory_line_without_lot_8185482,__import__.location_loc_GC08D1,__import__.product_8185482,0
__import__.stock_inventory_line_without_lot_8185499,__import__.location_loc_GE01D5,__import__.product_8185499,0
__import__.stock_inventory_line_without_lot_8185507,__import__.location_loc_GD32E3,__import__.product_8185507,0
__import__.stock_inventory_line_without_lot_8185536,__import__.location_loc_GC16C1,__import__.product_8185536,0
__import__.stock_inventory_line_without_lot_8234080,__import__.location_loc_PE12D1,__import__.product_8234080,3
__import__.stock_inventory_line_without_lot_8234097,__import__.location_loc_PE14D2,__import__.product_8234097,3
__import__.stock_inventory_line_without_lot_8234105,__import__.location_loc_PO05D1,__import__.product_8234105,3
__import__.stock_inventory_line_without_lot_8252540,__import__.location_loc_EXJ300,__import__.product_8252540,1
__import__.stock_inventory_line_without_lot_8351555,__import__.location_loc_EXT262,__import__.product_8351555,2
__import__.stock_inventory_line_without_lot_8351561,__import__.location_loc_GD28D6,__import__.product_8351561,2
__import__.stock_inventory_line_without_lot_8431219,__import__.location_loc_GF27C2,__import__.product_8431219,12
__import__.stock_inventory_line_without_lot_8040140,__import__.location_loc_EXC300,__import__.product_8040140,1
__import__.stock_inventory_line_without_lot_8181314,__import__.location_loc_GG18D2,__import__.product_8181314,0
__import__.stock_inventory_line_without_lot_8248521,__import__.location_loc_EZZ521,__import__.product_8248521,0
__import__.stock_inventory_line_without_lot_5003105,__import__.location_loc_EOB182,__import__.product_5003105,1
__import__.stock_inventory_line_without_lot_5307872,__import__.location_loc_GE10C2,__import__.product_5307872,12
__import__.stock_inventory_line_without_lot_8246404,__import__.location_loc_EXF200,__import__.product_8246404,3
__import__.stock_inventory_line_without_lot_5332271,__import__.location_loc_GL12B1,__import__.product_5332271,9
__import__.stock_inventory_line_without_lot_5332272,__import__.location_loc_GK06B1,__import__.product_5332272,19
__import__.stock_inventory_line_without_lot_8224779,__import__.location_loc_EXT344,__import__.product_8224779,0
__import__.stock_inventory_line_without_lot_8264299,__import__.location_loc_EXK200,__import__.product_8264299,0
__import__.stock_inventory_line_without_lot_5810032,__import__.location_loc_EXK300,__import__.product_5810032,0
__import__.stock_inventory_line_without_lot_8207120,__import__.location_loc_EZZ071,__import__.product_8207120,0
__import__.stock_inventory_line_without_lot_8207137,__import__.location_loc_EXC301,__import__.product_8207137,1
__import__.stock_inventory_line_without_lot_1201561,__import__.location_loc_EOC120,__import__.product_1201561,0
__import__.stock_inventory_line_without_lot_8388067,__import__.location_loc_EOI159,__import__.product_8388067,5
__import__.stock_inventory_line_without_lot_8181627,__import__.location_loc_GE26B4,__import__.product_8181627,5
__import__.stock_inventory_line_without_lot_8181610,__import__.location_loc_GC03F6,__import__.product_8181610,4
__import__.stock_inventory_line_without_lot_8365215,__import__.location_loc_GE23C1,__import__.product_8365215,217
__import__.stock_inventory_line_without_lot_8244440,__import__.location_loc_EZZ440,__import__.product_8244440,0
__import__.stock_inventory_line_without_lot_8246321,__import__.location_loc_EXP000,__import__.product_8246321,1
__import__.stock_inventory_line_without_lot_5107010,__import__.location_loc_GF29C2,__import__.product_5107010,0
__import__.stock_inventory_line_without_lot_5074564,__import__.location_loc_AI08A1,__import__.product_5074564,105
__import__.stock_inventory_line_without_lot_5794181,__import__.location_loc_EOE127,__import__.product_5794181,4
__import__.stock_inventory_line_without_lot_8019737,__import__.location_loc_EXS100,__import__.product_8019737,1
__import__.stock_inventory_line_without_lot_1760109,__import__.location_loc_EXT400,__import__.product_1760109,2
__import__.stock_inventory_line_without_lot_2232230,__import__.location_loc_EOE126,__import__.product_2232230,1
__import__.stock_inventory_line_without_lot_8208556,__import__.location_loc_GF28D4,__import__.product_8208556,13
__import__.stock_inventory_line_without_lot_8198094,__import__.location_loc_EOE144,__import__.product_8198094,0
__import__.stock_inventory_line_without_lot_5227970,__import__.location_loc_EXK400,__import__.product_5227970,27
__import__.stock_inventory_line_without_lot_5640100,__import__.location_loc_EXQ201,__import__.product_5640100,0
__import__.stock_inventory_line_without_lot_5611001,__import__.location_loc_EXQ200,__import__.product_5611001,6
__import__.stock_inventory_line_without_lot_5611103,__import__.location_loc_EXT222,__import__.product_5611103,0
__import__.stock_inventory_line_without_lot_8246427,__import__.location_loc_EXD200,__import__.product_8246427,4
__import__.stock_inventory_line_without_lot_8214077,__import__.location_loc_GF21D6,__import__.product_8214077,645
__import__.stock_inventory_line_without_lot_8262975,__import__.location_loc_GE05E3,__import__.product_8262975,9
__import__.stock_inventory_line_without_lot_8214083,__import__.location_loc_GH31A5,__import__.product_8214083,142
__import__.stock_inventory_line_without_lot_8214172,__import__.location_loc_GF31E2,__import__.product_8214172,184
__import__.stock_inventory_line_without_lot_5429040,__import__.location_loc_EOD120,__import__.product_5429040,17
__import__.stock_inventory_line_without_lot_8203174,__import__.location_loc_EZZ174,__import__.product_8203174,1
__import__.stock_inventory_line_without_lot_8223863,__import__.location_loc_EOC133,__import__.product_8223863,1
__import__.stock_inventory_line_without_lot_5299902,__import__.location_loc_EXG100,__import__.product_5299902,0
__import__.stock_inventory_line_without_lot_5630504,__import__.location_loc_EOB207,__import__.product_5630504,0
__import__.stock_inventory_line_without_lot_8269865,__import__.location_loc_EZZ865,__import__.product_8269865,1
__import__.stock_inventory_line_without_lot_5215040,__import__.location_loc_EXE200,__import__.product_5215040,0
__import__.stock_inventory_line_without_lot_5227280,__import__.location_loc_EXL600,__import__.product_5227280,3
__import__.stock_inventory_line_without_lot_1031049,__import__.location_loc_EXP100,__import__.product_1031049,1
__import__.stock_inventory_line_without_lot_5141775,__import__.location_loc_GD12A1,__import__.product_5141775,15
__import__.stock_inventory_line_without_lot_8223343,__import__.location_loc_GE07F5,__import__.product_8223343,2
__import__.stock_inventory_line_without_lot_8242398,__import__.location_loc_EOA145,__import__.product_8242398,4
__import__.stock_inventory_line_without_lot_5157397,__import__.location_loc_GC16B2,__import__.product_5157397,0
__import__.stock_inventory_line_without_lot_8251227,__import__.location_loc_GZZ408,__import__.product_8251227,1
__import__.stock_inventory_line_without_lot_8251658,__import__.location_loc_GD24C3,__import__.product_8251658,0
__import__.stock_inventory_line_without_lot_5121825,__import__.location_loc_GB28B1,__import__.product_5121825,20
__import__.stock_inventory_line_without_lot_8251339,__import__.location_loc_GC02E6,__import__.product_8251339,0
__import__.stock_inventory_line_without_lot_5170714,__import__.location_loc_PO05D2,__import__.product_5170714,0
__import__.stock_inventory_line_without_lot_5270000,__import__.location_loc_EXF600,__import__.product_5270000,1
__import__.stock_inventory_line_without_lot_8247504,__import__.location_loc_EOA152,__import__.product_8247504,1
__import__.stock_inventory_line_without_lot_8258034,__import__.location_loc_EOF177,__import__.product_8258034,1
__import__.stock_inventory_line_without_lot_8245184,__import__.location_loc_EXF500,__import__.product_8245184,0
__import__.stock_inventory_line_without_lot_8206439,__import__.location_loc_GK17E2,__import__.product_8206439,0
__import__.stock_inventory_line_without_lot_8209426,__import__.location_loc_EOA150,__import__.product_8209426,1
__import__.stock_inventory_line_without_lot_5113884,__import__.location_loc_GF32F2,__import__.product_5113884,1
__import__.stock_inventory_line_without_lot_5271028,__import__.location_loc_EXP100,__import__.product_5271028,2
__import__.stock_inventory_line_without_lot_5271047,__import__.location_loc_EXQ100,__import__.product_5271047,3
__import__.stock_inventory_line_without_lot_7104300,__import__.location_loc_EXT543,__import__.product_7104300,2
__import__.stock_inventory_line_without_lot_5722000,__import__.location_loc_EXQ200,__import__.product_5722000,3
__import__.stock_inventory_line_without_lot_5702100,__import__.location_loc_EXL500,__import__.product_5702100,4
__import__.stock_inventory_line_without_lot_5722200,__import__.location_loc_EXL300,__import__.product_5722200,2
__import__.stock_inventory_line_without_lot_5710012,__import__.location_loc_GL10A4,__import__.product_5710012,6
__import__.stock_inventory_line_without_lot_5246000,__import__.location_loc_EXP000,__import__.product_5246000,5
__import__.stock_inventory_line_without_lot_8359321,__import__.location_loc_EXH200,__import__.product_8359321,1
__import__.stock_inventory_line_without_lot_5011734,__import__.location_loc_GD08B4,__import__.product_5011734,98
__import__.stock_inventory_line_without_lot_5307137,__import__.location_loc_EOD174,__import__.product_5307137,1
__import__.stock_inventory_line_without_lot_5021024,__import__.location_loc_EOA199,__import__.product_5021024,6
__import__.stock_inventory_line_without_lot_5652021,__import__.location_loc_EXP000,__import__.product_5652021,1
__import__.stock_inventory_line_without_lot_8194328,__import__.location_loc_EOI183,__import__.product_8194328,1
__import__.stock_inventory_line_without_lot_5180037,__import__.location_loc_EXP000,__import__.product_5180037,1
__import__.stock_inventory_line_without_lot_5180038,__import__.location_loc_EXP000,__import__.product_5180038,0
__import__.stock_inventory_line_without_lot_5179207,__import__.location_loc_GD20A1,__import__.product_5179207,49
__import__.stock_inventory_line_without_lot_8246456,__import__.location_loc_EXD400,__import__.product_8246456,0
__import__.stock_inventory_line_without_lot_8032181,__import__.location_loc_GD08C3,__import__.product_8032181,18
__import__.stock_inventory_line_without_lot_5171201,__import__.location_loc_EXT520,__import__.product_5171201,1
__import__.stock_inventory_line_without_lot_4332615,__import__.location_loc_EXT502,__import__.product_4332615,1
__import__.stock_inventory_line_without_lot_8380798,__import__.location_loc_EOC189,__import__.product_8380798,0
__import__.stock_inventory_line_without_lot_1703201,__import__.location_loc_EZZ201,__import__.product_1703201,0
__import__.stock_inventory_line_without_lot_7464500,__import__.location_loc_EXN100,__import__.product_7464500,1
__import__.stock_inventory_line_without_lot_7517510,__import__.location_loc_EOI124,__import__.product_7517510,3
__import__.stock_inventory_line_without_lot_7517530,__import__.location_loc_EOF183,__import__.product_7517530,1
__import__.stock_inventory_line_without_lot_5746690,__import__.location_loc_EXB526,__import__.product_5746690,4
__import__.stock_inventory_line_without_lot_5742499,__import__.location_loc_EXP000,__import__.product_5742499,1
__import__.stock_inventory_line_without_lot_5012284,__import__.location_loc_EXN100,__import__.product_5012284,0
__import__.stock_inventory_line_without_lot_8242487,__import__.location_loc_GD11C4,__import__.product_8242487,9
__import__.stock_inventory_line_without_lot_5711040,__import__.location_loc_EOD136,__import__.product_5711040,2
__import__.stock_inventory_line_without_lot_8214278,__import__.location_loc_EXP100,__import__.product_8214278,0
__import__.stock_inventory_line_without_lot_5711085,__import__.location_loc_EXN123,__import__.product_5711085,3
__import__.stock_inventory_line_without_lot_8270584,__import__.location_loc_EXP000,__import__.product_8270584,2
__import__.stock_inventory_line_without_lot_8268558,__import__.location_loc_GK17B7,__import__.product_8268558,0
__import__.stock_inventory_line_without_lot_8222409,__import__.location_loc_EXF200,__import__.product_8222409,0
__import__.stock_inventory_line_without_lot_8251397,__import__.location_loc_EXJ300,__import__.product_8251397,3
__import__.stock_inventory_line_without_lot_8230231,__import__.location_loc_EOD167,__import__.product_8230231,1
__import__.stock_inventory_line_without_lot_5042212,__import__.location_loc_EXO299,__import__.product_5042212,4
__import__.stock_inventory_line_without_lot_5302253,__import__.location_loc_EXC300,__import__.product_5302253,1
__import__.stock_inventory_line_without_lot_5826438,__import__.location_loc_GD09B3,__import__.product_5826438,3
__import__.stock_inventory_line_without_lot_8243185,__import__.location_loc_EXD200,__import__.product_8243185,1
__import__.stock_inventory_line_without_lot_5225283,__import__.location_loc_GK13B3,__import__.product_5225283,10
__import__.stock_inventory_line_without_lot_8190402,__import__.location_loc_EOH204,__import__.product_8190402,0
__import__.stock_inventory_line_without_lot_8225460,__import__.location_loc_GD28E3,__import__.product_8225460,3
__import__.stock_inventory_line_without_lot_5222002,__import__.location_loc_EXF600,__import__.product_5222002,1
__import__.stock_inventory_line_without_lot_8279071,__import__.location_loc_EXR100,__import__.product_8279071,1
__import__.stock_inventory_line_without_lot_8275305,__import__.location_loc_EXQ100,__import__.product_8275305,2
__import__.stock_inventory_line_without_lot_5920563,__import__.location_loc_EOC117,__import__.product_5920563,4
__import__.stock_inventory_line_without_lot_5421930,__import__.location_loc_EXC400,__import__.product_5421930,1
__import__.stock_inventory_line_without_lot_5061005,__import__.location_loc_EXD500,__import__.product_5061005,7
__import__.stock_inventory_line_without_lot_5206510,__import__.location_loc_EOE185,__import__.product_5206510,4
__import__.stock_inventory_line_without_lot_8259401,__import__.location_loc_EXC300,__import__.product_8259401,2
__import__.stock_inventory_line_without_lot_3197530,__import__.location_loc_EXJ300,__import__.product_3197530,1
__import__.stock_inventory_line_without_lot_8248490,__import__.location_loc_EXP000,__import__.product_8248490,1
__import__.stock_inventory_line_without_lot_8272749,__import__.location_loc_EXP000,__import__.product_8272749,0
__import__.stock_inventory_line_without_lot_8272732,__import__.location_loc_EZZ732,__import__.product_8272732,1
__import__.stock_inventory_line_without_lot_8272755,__import__.location_loc_EXP000,__import__.product_8272755,2
__import__.stock_inventory_line_without_lot_8272778,__import__.location_loc_EZZ778,__import__.product_8272778,0
__import__.stock_inventory_line_without_lot_8248509,__import__.location_loc_EZZ509,__import__.product_8248509,0
__import__.stock_inventory_line_without_lot_8248515,__import__.location_loc_EXP000,__import__.product_8248515,0
__import__.stock_inventory_line_without_lot_8380137,__import__.location_loc_EOF112,__import__.product_8380137,0
__import__.stock_inventory_line_without_lot_7402626,__import__.location_loc_EXP000,__import__.product_7402626,1
__import__.stock_inventory_line_without_lot_8341249,__import__.location_loc_EXT400,__import__.product_8341249,2
__import__.stock_inventory_line_without_lot_5171200,__import__.location_loc_EXL100,__import__.product_5171200,0
__import__.stock_inventory_line_without_lot_8382981,__import__.location_loc_EOI179,__import__.product_8382981,2
__import__.stock_inventory_line_without_lot_7467520,__import__.location_loc_EOB120,__import__.product_7467520,1
__import__.stock_inventory_line_without_lot_7466900,__import__.location_loc_EOC128,__import__.product_7466900,1
__import__.stock_inventory_line_without_lot_5001075,__import__.location_loc_EXQ106,__import__.product_5001075,1
__import__.stock_inventory_line_without_lot_5001076,__import__.location_loc_EXP102,__import__.product_5001076,1
__import__.stock_inventory_line_without_lot_5130475,__import__.location_loc_GC23B3,__import__.product_5130475,175
__import__.stock_inventory_line_without_lot_8182058,__import__.location_loc_EXE300,__import__.product_8182058,1
__import__.stock_inventory_line_without_lot_8068351,__import__.location_loc_EOC132,__import__.product_8068351,2
__import__.stock_inventory_line_without_lot_5317136,__import__.location_loc_EXI900,__import__.product_5317136,1
__import__.stock_inventory_line_without_lot_5111330,__import__.location_loc_EXP000,__import__.product_5111330,3
__import__.stock_inventory_line_without_lot_5020132,__import__.location_loc_EOA173,__import__.product_5020132,4
__import__.stock_inventory_line_without_lot_8296230,__import__.location_loc_EXF600,__import__.product_8296230,1
__import__.stock_inventory_line_without_lot_5197001,__import__.location_loc_GF14E7,__import__.product_5197001,8
__import__.stock_inventory_line_without_lot_8252712,__import__.location_loc_EXP000,__import__.product_8252712,4
__import__.stock_inventory_line_without_lot_8241306,__import__.location_loc_EXI700,__import__.product_8241306,1
__import__.stock_inventory_line_without_lot_8006077,__import__.location_loc_GF30G8,__import__.product_8006077,15
__import__.stock_inventory_line_without_lot_8006114,__import__.location_loc_GF19C1,__import__.product_8006114,1
__import__.stock_inventory_line_without_lot_8006083,__import__.location_loc_GF30E4,__import__.product_8006083,4
__import__.stock_inventory_line_without_lot_8006108,__import__.location_loc_GF25C5,__import__.product_8006108,1
__import__.stock_inventory_line_without_lot_8250601,__import__.location_loc_EZZ601,__import__.product_8250601,0
__import__.stock_inventory_line_without_lot_8246344,__import__.location_loc_EZZ344,__import__.product_8246344,1
__import__.stock_inventory_line_without_lot_8232247,__import__.location_loc_EXE300,__import__.product_8232247,0
__import__.stock_inventory_line_without_lot_5010603,__import__.location_loc_GK15C3,__import__.product_5010603,6
__import__.stock_inventory_line_without_lot_8228027,__import__.location_loc_EXP000,__import__.product_8228027,0
__import__.stock_inventory_line_without_lot_5011500,__import__.location_loc_EXZ000,__import__.product_5011500,2
__import__.stock_inventory_line_without_lot_5630506,__import__.location_loc_EOE151,__import__.product_5630506,0
__import__.stock_inventory_line_without_lot_5038045,__import__.location_loc_EOC166,__import__.product_5038045,4
__import__.stock_inventory_line_without_lot_5241100,__import__.location_loc_EXR100,__import__.product_5241100,1
__import__.stock_inventory_line_without_lot_5001003,__import__.location_loc_EXP100,__import__.product_5001003,1
__import__.stock_inventory_line_without_lot_8248567,__import__.location_loc_EXP000,__import__.product_8248567,2
__import__.stock_inventory_line_without_lot_8248610,__import__.location_loc_EXP000,__import__.product_8248610,2
__import__.stock_inventory_line_without_lot_8248627,__import__.location_loc_EXP000,__import__.product_8248627,2
__import__.stock_inventory_line_without_lot_5021025,__import__.location_loc_EOD104,__import__.product_5021025,6
__import__.stock_inventory_line_without_lot_5338607,__import__.location_loc_GE01A4,__import__.product_5338607,2
__import__.stock_inventory_line_without_lot_8292835,__import__.location_loc_GG14C1,__import__.product_8292835,14
__import__.stock_inventory_line_without_lot_8433508,__import__.location_loc_GE03E7,__import__.product_8433508,12
__import__.stock_inventory_line_without_lot_8279728,__import__.location_loc_GG20B4,__import__.product_8279728,6
__import__.stock_inventory_line_without_lot_8279711,__import__.location_loc_GD32B5,__import__.product_8279711,4
__import__.stock_inventory_line_without_lot_5395360,__import__.location_loc_EXP000,__import__.product_5395360,0
__import__.stock_inventory_line_without_lot_8251032,__import__.location_loc_EXP000,__import__.product_8251032,0
__import__.stock_inventory_line_without_lot_8251061,__import__.location_loc_EXP000,__import__.product_8251061,0
__import__.stock_inventory_line_without_lot_5211261,__import__.location_loc_EXP000,__import__.product_5211261,0
__import__.stock_inventory_line_without_lot_1901791,__import__.location_loc_EXB200,__import__.product_1901791,0
__import__.stock_inventory_line_without_lot_8233525,__import__.location_loc_GE10D1,__import__.product_8233525,9
__import__.stock_inventory_line_without_lot_8241855,__import__.location_loc_EOC204,__import__.product_8241855,6
__import__.stock_inventory_line_without_lot_8214284,__import__.location_loc_EOA131,__import__.product_8214284,1
__import__.stock_inventory_line_without_lot_6400116,__import__.location_loc_EOG201,__import__.product_6400116,6
__import__.stock_inventory_line_without_lot_5031406,__import__.location_loc_EOA140,__import__.product_5031406,1
__import__.stock_inventory_line_without_lot_5100781,__import__.location_loc_EXB400,__import__.product_5100781,1
__import__.stock_inventory_line_without_lot_5712014,__import__.location_loc_EOA170,__import__.product_5712014,3
__import__.stock_inventory_line_without_lot_5240604,__import__.location_loc_EOG146,__import__.product_5240604,8
__import__.stock_inventory_line_without_lot_8288124,__import__.location_loc_EXK200,__import__.product_8288124,0
__import__.stock_inventory_line_without_lot_8229498,__import__.location_loc_EXQ100,__import__.product_8229498,0
__import__.stock_inventory_line_without_lot_5270170,__import__.location_loc_GG01A4,__import__.product_5270170,2
__import__.stock_inventory_line_without_lot_5156513,__import__.location_loc_EOC112,__import__.product_5156513,9
__import__.stock_inventory_line_without_lot_5156512,__import__.location_loc_EOC108,__import__.product_5156512,7
__import__.stock_inventory_line_without_lot_5156516,__import__.location_loc_EOG205,__import__.product_5156516,0
__import__.stock_inventory_line_without_lot_5156506,__import__.location_loc_EOC110,__import__.product_5156506,0
__import__.stock_inventory_line_without_lot_5156508,__import__.location_loc_EOC184,__import__.product_5156508,2
__import__.stock_inventory_line_without_lot_5172828,__import__.location_loc_EZZ828,__import__.product_5172828,0
__import__.stock_inventory_line_without_lot_7121100,__import__.location_loc_EXP000,__import__.product_7121100,0
__import__.stock_inventory_line_without_lot_8285841,__import__.location_loc_EOD101,__import__.product_8285841,19
__import__.stock_inventory_line_without_lot_1402594,__import__.location_loc_EXP000,__import__.product_1402594,1
__import__.stock_inventory_line_without_lot_5155804,__import__.location_loc_GE06A1,__import__.product_5155804,20
__import__.stock_inventory_line_without_lot_8278485,__import__.location_loc_GG06B1,__import__.product_8278485,1
__import__.stock_inventory_line_without_lot_8278479,__import__.location_loc_GE12C1,__import__.product_8278479,5
__import__.stock_inventory_line_without_lot_8343722,__import__.location_loc_EXK300,__import__.product_8343722,1
__import__.stock_inventory_line_without_lot_8430208,__import__.location_loc_EOC208,__import__.product_8430208,0
__import__.stock_inventory_line_without_lot_8358103,__import__.location_loc_EOD187,__import__.product_8358103,0
__import__.stock_inventory_line_without_lot_8269227,__import__.location_loc_EXT610,__import__.product_8269227,1
__import__.stock_inventory_line_without_lot_8359120,__import__.location_loc_GD32F1,__import__.product_8359120,22
__import__.stock_inventory_line_without_lot_5227286,__import__.location_loc_GE06D2,__import__.product_5227286,0
__import__.stock_inventory_line_without_lot_5621013,__import__.location_loc_EOD142,__import__.product_5621013,7
__import__.stock_inventory_line_without_lot_5621023,__import__.location_loc_EXS350,__import__.product_5621023,17
__import__.stock_inventory_line_without_lot_5621003,__import__.location_loc_EOD107,__import__.product_5621003,9
__import__.stock_inventory_line_without_lot_5621005,__import__.location_loc_EOD139,__import__.product_5621005,6
__import__.stock_inventory_line_without_lot_5621015,__import__.location_loc_EOD160,__import__.product_5621015,2
__import__.stock_inventory_line_without_lot_5621025,__import__.location_loc_EXS225,__import__.product_5621025,7
__import__.stock_inventory_line_without_lot_5621033,__import__.location_loc_EXN120,__import__.product_5621033,2
__import__.stock_inventory_line_without_lot_5621035,__import__.location_loc_EXS320,__import__.product_5621035,8
__import__.stock_inventory_line_without_lot_8226761,__import__.location_loc_GE07G9,__import__.product_8226761,6
__import__.stock_inventory_line_without_lot_2006228,__import__.location_loc_GZZ162,__import__.product_2006228,1
__import__.stock_inventory_line_without_lot_5373164,__import__.location_loc_EOD161,__import__.product_5373164,1
__import__.stock_inventory_line_without_lot_5607008,__import__.location_loc_EXN105,__import__.product_5607008,1
__import__.stock_inventory_line_without_lot_5101250,__import__.location_loc_GK06B5,__import__.product_5101250,1
__import__.stock_inventory_line_without_lot_8281369,__import__.location_loc_EXE400,__import__.product_8281369,0
__import__.stock_inventory_line_without_lot_5803001,__import__.location_loc_EXP100,__import__.product_5803001,0
__import__.stock_inventory_line_without_lot_8246433,__import__.location_loc_EXK300,__import__.product_8246433,1
__import__.stock_inventory_line_without_lot_8007409,__import__.location_loc_GL09B2,__import__.product_8007409,36
__import__.stock_inventory_line_without_lot_8006893,__import__.location_loc_GF20F4,__import__.product_8006893,7
__import__.stock_inventory_line_without_lot_5152601,__import__.location_loc_EOB107,__import__.product_5152601,1
__import__.stock_inventory_line_without_lot_5152600,__import__.location_loc_EOA165,__import__.product_5152600,2
__import__.stock_inventory_line_without_lot_8387576,__import__.location_loc_EOA177,__import__.product_8387576,2
__import__.stock_inventory_line_without_lot_5626100,__import__.location_loc_PE05D2,__import__.product_5626100,7
__import__.stock_inventory_line_without_lot_8267257,__import__.location_loc_EOA157,__import__.product_8267257,3
__import__.stock_inventory_line_without_lot_5056713,__import__.location_loc_GF32A5,__import__.product_5056713,3
__import__.stock_inventory_line_without_lot_8289916,__import__.location_loc_EXP000,__import__.product_8289916,2
__import__.stock_inventory_line_without_lot_8025689,__import__.location_loc_EXF600,__import__.product_8025689,0
__import__.stock_inventory_line_without_lot_5588470,__import__.location_loc_EXP200,__import__.product_5588470,3
__import__.stock_inventory_line_without_lot_5588462,__import__.location_loc_EOC197,__import__.product_5588462,3
__import__.stock_inventory_line_without_lot_8286177,__import__.location_loc_GD19A4,__import__.product_8286177,3
__import__.stock_inventory_line_without_lot_8286183,__import__.location_loc_EXT101,__import__.product_8286183,2
__import__.stock_inventory_line_without_lot_8286208,__import__.location_loc_GC08A1,__import__.product_8286208,1
__import__.stock_inventory_line_without_lot_8197002,__import__.location_loc_EZZ819,__import__.product_8197002,1
__import__.stock_inventory_line_without_lot_5699250,__import__.location_loc_EOA134,__import__.product_5699250,0
__import__.stock_inventory_line_without_lot_5720102,__import__.location_loc_GI01A4,__import__.product_5720102,144
__import__.stock_inventory_line_without_lot_5845840,__import__.location_loc_EOB111,__import__.product_5845840,1
__import__.stock_inventory_line_without_lot_5848974,__import__.location_loc_EOB112,__import__.product_5848974,1
__import__.stock_inventory_line_without_lot_5845794,__import__.location_loc_EOB109,__import__.product_5845794,1
__import__.stock_inventory_line_without_lot_5125250,__import__.location_loc_EXT800,__import__.product_5125250,2
__import__.stock_inventory_line_without_lot_5490221,__import__.location_loc_EOA223,__import__.product_5490221,5
__import__.stock_inventory_line_without_lot_8264572,__import__.location_loc_EOD105,__import__.product_8264572,2
__import__.stock_inventory_line_without_lot_5680100,__import__.location_loc_EXQ100,__import__.product_5680100,1
__import__.stock_inventory_line_without_lot_5690100,__import__.location_loc_EZZ099,__import__.product_5690100,0
__import__.stock_inventory_line_without_lot_5920610,__import__.location_loc_EOA110,__import__.product_5920610,1
__import__.stock_inventory_line_without_lot_5710101,__import__.location_loc_EXB200,__import__.product_5710101,0
__import__.stock_inventory_line_without_lot_5710121,__import__.location_loc_EXP000,__import__.product_5710121,1
__import__.stock_inventory_line_without_lot_5710105,__import__.location_loc_EXP000,__import__.product_5710105,1
__import__.stock_inventory_line_without_lot_5710145,__import__.location_loc_EXJ300,__import__.product_5710145,3
__import__.stock_inventory_line_without_lot_5560728,__import__.location_loc_GH09C8,__import__.product_5560728,0
__import__.stock_inventory_line_without_lot_5680002,__import__.location_loc_EXC202,__import__.product_5680002,2
__import__.stock_inventory_line_without_lot_5680003,__import__.location_loc_EXC203,__import__.product_5680003,3
__import__.stock_inventory_line_without_lot_5680004,__import__.location_loc_EXC204,__import__.product_5680004,3
__import__.stock_inventory_line_without_lot_5680005,__import__.location_loc_EXC205,__import__.product_5680005,3
__import__.stock_inventory_line_without_lot_5680007,__import__.location_loc_EXC207,__import__.product_5680007,4
__import__.stock_inventory_line_without_lot_8281027,__import__.location_loc_EXQ102,__import__.product_8281027,1
__import__.stock_inventory_line_without_lot_5727222,__import__.location_loc_EOC160,__import__.product_5727222,1
__import__.stock_inventory_line_without_lot_5727244,__import__.location_loc_EOC162,__import__.product_5727244,1
__import__.stock_inventory_line_without_lot_5727255,__import__.location_loc_EOC164,__import__.product_5727255,1
__import__.stock_inventory_line_without_lot_8336484,__import__.location_loc_GL06A1,__import__.product_8336484,72
__import__.stock_inventory_line_without_lot_5307350,__import__.location_loc_GD28A5,__import__.product_5307350,2
__import__.stock_inventory_line_without_lot_8288526,__import__.location_loc_PE14D1,__import__.product_8288526,2
__import__.stock_inventory_line_without_lot_8286378,__import__.location_loc_GE03F6,__import__.product_8286378,2
__import__.stock_inventory_line_without_lot_8291385,__import__.location_loc_EXG400,__import__.product_8291385,0
__import__.stock_inventory_line_without_lot_8264250,__import__.location_loc_EOD176,__import__.product_8264250,7
__import__.stock_inventory_line_without_lot_8275328,__import__.location_loc_EXR100,__import__.product_8275328,1
__import__.stock_inventory_line_without_lot_8278924,__import__.location_loc_EXB100,__import__.product_8278924,3
__import__.stock_inventory_line_without_lot_5729390,__import__.location_loc_EOB106,__import__.product_5729390,2
__import__.stock_inventory_line_without_lot_8289081,__import__.location_loc_EXK400,__import__.product_8289081,2
__import__.stock_inventory_line_without_lot_5721910,__import__.location_loc_EXL100,__import__.product_5721910,4
__import__.stock_inventory_line_without_lot_5021023,__import__.location_loc_EOB103,__import__.product_5021023,7
__import__.stock_inventory_line_without_lot_5722002,__import__.location_loc_EOB115,__import__.product_5722002,5
__import__.stock_inventory_line_without_lot_5722013,__import__.location_loc_EOB104,__import__.product_5722013,4
__import__.stock_inventory_line_without_lot_8378608,__import__.location_loc_EOI128,__import__.product_8378608,0
__import__.stock_inventory_line_without_lot_8276256,__import__.location_loc_EXP200,__import__.product_8276256,2
__import__.stock_inventory_line_without_lot_7040040,__import__.location_loc_GD21C5,__import__.product_7040040,0
__import__.stock_inventory_line_without_lot_5194000,__import__.location_loc_GB05E6,__import__.product_5194000,80
__import__.stock_inventory_line_without_lot_5194001,__import__.location_loc_GB29C6,__import__.product_5194001,39
__import__.stock_inventory_line_without_lot_5193000,__import__.location_loc_GB25E6,__import__.product_5193000,76
__import__.stock_inventory_line_without_lot_5196993,__import__.location_loc_AL03B1,__import__.product_5196993,2
__import__.stock_inventory_line_without_lot_5196995,__import__.location_loc_GI01A1,__import__.product_5196995,106
__import__.stock_inventory_line_without_lot_5196996,__import__.location_loc_GI03A5,__import__.product_5196996,193
__import__.stock_inventory_line_without_lot_5196997,__import__.location_loc_GB01B8,__import__.product_5196997,207
__import__.stock_inventory_line_without_lot_5196998,__import__.location_loc_GB25C7,__import__.product_5196998,152
__import__.stock_inventory_line_without_lot_5427970,__import__.location_loc_EXB100,__import__.product_5427970,13
__import__.stock_inventory_line_without_lot_5711050,__import__.location_loc_EXP100,__import__.product_5711050,1
__import__.stock_inventory_line_without_lot_5727600,__import__.location_loc_EXI100,__import__.product_5727600,4
__import__.stock_inventory_line_without_lot_5724212,__import__.location_loc_EXT544,__import__.product_5724212,1
__import__.stock_inventory_line_without_lot_5020949,__import__.location_loc_EOB125,__import__.product_5020949,12
__import__.stock_inventory_line_without_lot_5020939,__import__.location_loc_EOB123,__import__.product_5020939,14
__import__.stock_inventory_line_without_lot_5710200,__import__.location_loc_GK06A3,__import__.product_5710200,0
__import__.stock_inventory_line_without_lot_8248656,__import__.location_loc_GK03B6,__import__.product_8248656,14
__import__.stock_inventory_line_without_lot_8080801,__import__.location_loc_EOB105,__import__.product_8080801,6
__import__.stock_inventory_line_without_lot_5035335,__import__.location_loc_EOB118,__import__.product_5035335,0
__import__.stock_inventory_line_without_lot_8281582,__import__.location_loc_EXQ100,__import__.product_8281582,6
__import__.stock_inventory_line_without_lot_5729555,__import__.location_loc_EOB117,__import__.product_5729555,2
__import__.stock_inventory_line_without_lot_8238907,__import__.location_loc_EOI129,__import__.product_8238907,0
__import__.stock_inventory_line_without_lot_8214108,__import__.location_loc_GF14A2,__import__.product_8214108,163
__import__.stock_inventory_line_without_lot_8214166,__import__.location_loc_GI01B0,__import__.product_8214166,1783
__import__.stock_inventory_line_without_lot_8275044,__import__.location_loc_EXE300,__import__.product_8275044,2
__import__.stock_inventory_line_without_lot_5617242,__import__.location_loc_PE09D1,__import__.product_5617242,4
__import__.stock_inventory_line_without_lot_5710199,__import__.location_loc_GK04B3,__import__.product_5710199,251
__import__.stock_inventory_line_without_lot_5227052,__import__.location_loc_EOD169,__import__.product_5227052,1
__import__.stock_inventory_line_without_lot_8211914,__import__.location_loc_EXK100,__import__.product_8211914,6
__import__.stock_inventory_line_without_lot_8286384,__import__.location_loc_GD28C5,__import__.product_8286384,2
__import__.stock_inventory_line_without_lot_8389345,__import__.location_loc_EXC100,__import__.product_8389345,1
__import__.stock_inventory_line_without_lot_1004280,__import__.location_loc_EXP100,__import__.product_1004280,0
__import__.stock_inventory_line_without_lot_8281524,__import__.location_loc_EOF135,__import__.product_8281524,2
__import__.stock_inventory_line_without_lot_8275311,__import__.location_loc_EXQ100,__import__.product_8275311,2
__import__.stock_inventory_line_without_lot_8275038,__import__.location_loc_EXQ100,__import__.product_8275038,3
__import__.stock_inventory_line_without_lot_1004190,__import__.location_loc_EXP100,__import__.product_1004190,1
__import__.stock_inventory_line_without_lot_8279042,__import__.location_loc_EOI138,__import__.product_8279042,3
__import__.stock_inventory_line_without_lot_8280849,__import__.location_loc_EOC233,__import__.product_8280849,4
__import__.stock_inventory_line_without_lot_1004350,__import__.location_loc_EXP100,__import__.product_1004350,1
__import__.stock_inventory_line_without_lot_1004430,__import__.location_loc_EXN100,__import__.product_1004430,4
__import__.stock_inventory_line_without_lot_8231667,__import__.location_loc_EXQ100,__import__.product_8231667,3
__import__.stock_inventory_line_without_lot_8276397,__import__.location_loc_EXT160,__import__.product_8276397,4
__import__.stock_inventory_line_without_lot_8276405,__import__.location_loc_EOB174,__import__.product_8276405,5
__import__.stock_inventory_line_without_lot_8279272,__import__.location_loc_GD04E3,__import__.product_8279272,60
__import__.stock_inventory_line_without_lot_8230194,__import__.location_loc_EXP100,__import__.product_8230194,1
__import__.stock_inventory_line_without_lot_8279639,__import__.location_loc_EXP000,__import__.product_8279639,2
__import__.stock_inventory_line_without_lot_8277267,__import__.location_loc_EXP100,__import__.product_8277267,1
__import__.stock_inventory_line_without_lot_8286390,__import__.location_loc_GE01D6,__import__.product_8286390,2
__import__.stock_inventory_line_without_lot_5147660,__import__.location_loc_EOB225,__import__.product_5147660,1
__import__.stock_inventory_line_without_lot_1006240,__import__.location_loc_EXD205,__import__.product_1006240,1
__import__.stock_inventory_line_without_lot_5720520,__import__.location_loc_EOG210,__import__.product_5720520,5
__import__.stock_inventory_line_without_lot_1007110,__import__.location_loc_EXP100,__import__.product_1007110,1
__import__.stock_inventory_line_without_lot_8282127,__import__.location_loc_GE16C1,__import__.product_8282127,23
__import__.stock_inventory_line_without_lot_3035232,__import__.location_loc_GF22B5,__import__.product_3035232,3
__import__.stock_inventory_line_without_lot_8340468,__import__.location_loc_EXP000,__import__.product_8340468,1
__import__.stock_inventory_line_without_lot_8351242,__import__.location_loc_EOC186,__import__.product_8351242,2
__import__.stock_inventory_line_without_lot_8185358,__import__.location_loc_EXI300,__import__.product_8185358,3
__import__.stock_inventory_line_without_lot_5025329,__import__.location_loc_EXE300,__import__.product_5025329,2
__import__.stock_inventory_line_without_lot_5973625,__import__.location_loc_EXT521,__import__.product_5973625,1
__import__.stock_inventory_line_without_lot_5973626,__import__.location_loc_EOB129,__import__.product_5973626,0
__import__.stock_inventory_line_without_lot_7920143,__import__.location_loc_EOB152,__import__.product_7920143,17
__import__.stock_inventory_line_without_lot_5439904,__import__.location_loc_GG08D1,__import__.product_5439904,3
__import__.stock_inventory_line_without_lot_5439903,__import__.location_loc_GG12B1,__import__.product_5439903,5
__import__.stock_inventory_line_without_lot_5307104,__import__.location_loc_EOE122,__import__.product_5307104,5
__import__.stock_inventory_line_without_lot_8219821,__import__.location_loc_EZZ821,__import__.product_8219821,0
__import__.stock_inventory_line_without_lot_8279059,__import__.location_loc_EOD196,__import__.product_8279059,2
__import__.stock_inventory_line_without_lot_5720263,__import__.location_loc_EXJ200,__import__.product_5720263,1
__import__.stock_inventory_line_without_lot_2363503,__import__.location_loc_EXK200,__import__.product_2363503,0
__import__.stock_inventory_line_without_lot_8359108,__import__.location_loc_GF19B4,__import__.product_8359108,18
__import__.stock_inventory_line_without_lot_8222332,__import__.location_loc_GL10B6,__import__.product_8222332,5
__import__.stock_inventory_line_without_lot_8270578,__import__.location_loc_EXE200,__import__.product_8270578,0
__import__.stock_inventory_line_without_lot_5728500,__import__.location_loc_EZZ500,__import__.product_5728500,0
__import__.stock_inventory_line_without_lot_8257537,__import__.location_loc_EXB200,__import__.product_8257537,0
__import__.stock_inventory_line_without_lot_5151500,__import__.location_loc_EZZ515,__import__.product_5151500,0
__import__.stock_inventory_line_without_lot_5147665,__import__.location_loc_EOB231,__import__.product_5147665,0
__import__.stock_inventory_line_without_lot_5147670,__import__.location_loc_EOB228,__import__.product_5147670,0
__import__.stock_inventory_line_without_lot_8181426,__import__.location_loc_EZZ426,__import__.product_8181426,0
__import__.stock_inventory_line_without_lot_8273039,__import__.location_loc_EOF105,__import__.product_8273039,4
__import__.stock_inventory_line_without_lot_5000007,__import__.location_loc_EOB184,__import__.product_5000007,1
__import__.stock_inventory_line_without_lot_8274530,__import__.location_loc_GD06A1,__import__.product_8274530,26
__import__.stock_inventory_line_without_lot_1008620,__import__.location_loc_EXK200,__import__.product_1008620,3
__import__.stock_inventory_line_without_lot_1008640,__import__.location_loc_EXF400,__import__.product_1008640,1
__import__.stock_inventory_line_without_lot_1008680,__import__.location_loc_EXF100,__import__.product_1008680,6
__import__.stock_inventory_line_without_lot_5250002,__import__.location_loc_GK18C5,__import__.product_5250002,3
__import__.stock_inventory_line_without_lot_5275600,__import__.location_loc_GF32C6,__import__.product_5275600,3
__import__.stock_inventory_line_without_lot_1008190,__import__.location_loc_EXC300,__import__.product_1008190,3
__import__.stock_inventory_line_without_lot_8227039,__import__.location_loc_EXE200,__import__.product_8227039,2
__import__.stock_inventory_line_without_lot_5434310,__import__.location_loc_GZZ210,__import__.product_5434310,2
__import__.stock_inventory_line_without_lot_5300111,__import__.location_loc_EXE500,__import__.product_5300111,3
__import__.stock_inventory_line_without_lot_8272867,__import__.location_loc_EZZ867,__import__.product_8272867,0
__import__.stock_inventory_line_without_lot_5215432,__import__.location_loc_EXC432,__import__.product_5215432,100
__import__.stock_inventory_line_without_lot_5260511,__import__.location_loc_GIA604,__import__.product_5260511,0
__import__.stock_inventory_line_without_lot_8229392,__import__.location_loc_GC09F7,__import__.product_8229392,0
__import__.stock_inventory_line_without_lot_5307612,__import__.location_loc_GK16C6,__import__.product_5307612,6
__import__.stock_inventory_line_without_lot_5721086,__import__.location_loc_EXP108,__import__.product_5721086,0
__import__.stock_inventory_line_without_lot_5721087,__import__.location_loc_EXQ104,__import__.product_5721087,0
__import__.stock_inventory_line_without_lot_8256851,__import__.location_loc_EXP100,__import__.product_8256851,0
__import__.stock_inventory_line_without_lot_8382998,__import__.location_loc_EOC172,__import__.product_8382998,0
__import__.stock_inventory_line_without_lot_5270131,__import__.location_loc_EXE200,__import__.product_5270131,0
__import__.stock_inventory_line_without_lot_5270137,__import__.location_loc_EXH400,__import__.product_5270137,0
__import__.stock_inventory_line_without_lot_5039562,__import__.location_loc_EXJ100,__import__.product_5039562,1
__import__.stock_inventory_line_without_lot_5039563,__import__.location_loc_EXJ100,__import__.product_5039563,3
__import__.stock_inventory_line_without_lot_8280855,__import__.location_loc_EOI140,__import__.product_8280855,6
__import__.stock_inventory_line_without_lot_8280826,__import__.location_loc_EOB178,__import__.product_8280826,2
__import__.stock_inventory_line_without_lot_8286409,__import__.location_loc_GF10E5,__import__.product_8286409,5
__import__.stock_inventory_line_without_lot_8219152,__import__.location_loc_EXP000,__import__.product_8219152,1
__import__.stock_inventory_line_without_lot_8214120,__import__.location_loc_GC23A2,__import__.product_8214120,430
__import__.stock_inventory_line_without_lot_5920813,__import__.location_loc_EOI145,__import__.product_5920813,2
__import__.stock_inventory_line_without_lot_5001001,__import__.location_loc_EXP100,__import__.product_5001001,1
__import__.stock_inventory_line_without_lot_5101002,__import__.location_loc_EXP100,__import__.product_5101002,1
__import__.stock_inventory_line_without_lot_5211262,__import__.location_loc_EXP000,__import__.product_5211262,1
__import__.stock_inventory_line_without_lot_5192035,__import__.location_loc_EXP000,__import__.product_5192035,1
__import__.stock_inventory_line_without_lot_1004140,__import__.location_loc_GE13C6,__import__.product_1004140,3
__import__.stock_inventory_line_without_lot_1004130,__import__.location_loc_GF10E1,__import__.product_1004130,4
__import__.stock_inventory_line_without_lot_1004070,__import__.location_loc_GG08B5,__import__.product_1004070,5
__import__.stock_inventory_line_without_lot_1004120,__import__.location_loc_GG04D3,__import__.product_1004120,4
__import__.stock_inventory_line_without_lot_1004080,__import__.location_loc_GF17D6,__import__.product_1004080,5
__import__.stock_inventory_line_without_lot_1003930,__import__.location_loc_GG04D6,__import__.product_1003930,2
__import__.stock_inventory_line_without_lot_1003920,__import__.location_loc_GG23C4,__import__.product_1003920,2
__import__.stock_inventory_line_without_lot_1004090,__import__.location_loc_GG22D3,__import__.product_1004090,3
__import__.stock_inventory_line_without_lot_1003910,__import__.location_loc_GC20B1,__import__.product_1003910,3
__import__.stock_inventory_line_without_lot_1004100,__import__.location_loc_GC29E3,__import__.product_1004100,2
__import__.stock_inventory_line_without_lot_1003900,__import__.location_loc_GZZ103,__import__.product_1003900,2
__import__.stock_inventory_line_without_lot_1004110,__import__.location_loc_GB30B2,__import__.product_1004110,3
__import__.stock_inventory_line_without_lot_1003890,__import__.location_loc_GE28D5,__import__.product_1003890,1
__import__.stock_inventory_line_without_lot_8381409,__import__.location_loc_EOB119,__import__.product_8381409,1
__import__.stock_inventory_line_without_lot_8287030,__import__.location_loc_GK01B7,__import__.product_8287030,1
__import__.stock_inventory_line_without_lot_8243831,__import__.location_loc_EXP000,__import__.product_8243831,0
__import__.stock_inventory_line_without_lot_8276227,__import__.location_loc_EXT303,__import__.product_8276227,0
__import__.stock_inventory_line_without_lot_5978150,__import__.location_loc_EXP000,__import__.product_5978150,1
__import__.stock_inventory_line_without_lot_5105832,__import__.location_loc_EXB400,__import__.product_5105832,0
__import__.stock_inventory_line_without_lot_8287739,__import__.location_loc_EXN100,__import__.product_8287739,0
__import__.stock_inventory_line_without_lot_8352661,__import__.location_loc_EOD171,__import__.product_8352661,1
__import__.stock_inventory_line_without_lot_5230642,__import__.location_loc_EXK700,__import__.product_5230642,7
__import__.stock_inventory_line_without_lot_8364227,__import__.location_loc_EOB197,__import__.product_8364227,2
__import__.stock_inventory_line_without_lot_5332273,__import__.location_loc_EOI131,__import__.product_5332273,11
__import__.stock_inventory_line_without_lot_5332274,__import__.location_loc_EOI130,__import__.product_5332274,24
__import__.stock_inventory_line_without_lot_5332275,__import__.location_loc_EOI132,__import__.product_5332275,22
__import__.stock_inventory_line_without_lot_8046295,__import__.location_loc_GG01B6,__import__.product_8046295,9
__import__.stock_inventory_line_without_lot_8243311,__import__.location_loc_EXD200,__import__.product_8243311,1
__import__.stock_inventory_line_without_lot_8243305,__import__.location_loc_EXE200,__import__.product_8243305,1
__import__.stock_inventory_line_without_lot_5157000,__import__.location_loc_GK15C5,__import__.product_5157000,106
__import__.stock_inventory_line_without_lot_5157001,__import__.location_loc_GC28B3,__import__.product_5157001,116
__import__.stock_inventory_line_without_lot_5157002,__import__.location_loc_GK16C5,__import__.product_5157002,162
__import__.stock_inventory_line_without_lot_5217958,__import__.location_loc_EOC210,__import__.product_5217958,1
__import__.stock_inventory_line_without_lot_5702002,__import__.location_loc_EXC300,__import__.product_5702002,2
__import__.stock_inventory_line_without_lot_8256503,__import__.location_loc_EOF172,__import__.product_8256503,18
__import__.stock_inventory_line_without_lot_8168443,__import__.location_loc_EXD100,__import__.product_8168443,0
__import__.stock_inventory_line_without_lot_2321200,__import__.location_loc_EXB400,__import__.product_2321200,1
__import__.stock_inventory_line_without_lot_8220149,__import__.location_loc_EXT500,__import__.product_8220149,0
__import__.stock_inventory_line_without_lot_5721200,__import__.location_loc_EXP000,__import__.product_5721200,0
__import__.stock_inventory_line_without_lot_8286119,__import__.location_loc_EXT632,__import__.product_8286119,21
__import__.stock_inventory_line_without_lot_8259335,__import__.location_loc_EXT299,__import__.product_8259335,1
__import__.stock_inventory_line_without_lot_8250541,__import__.location_loc_EZZ541,__import__.product_8250541,0
__import__.stock_inventory_line_without_lot_5727815,__import__.location_loc_EZZ278,__import__.product_5727815,2
__import__.stock_inventory_line_without_lot_5920812,__import__.location_loc_EOC181,__import__.product_5920812,1
__import__.stock_inventory_line_without_lot_5000142,__import__.location_loc_EOD194,__import__.product_5000142,5
__import__.stock_inventory_line_without_lot_8223337,__import__.location_loc_GF28F8,__import__.product_8223337,2
__import__.stock_inventory_line_without_lot_8219146,__import__.location_loc_EXP000,__import__.product_8219146,1
__import__.stock_inventory_line_without_lot_5008115,__import__.location_loc_EXH300,__import__.product_5008115,2
__import__.stock_inventory_line_without_lot_5165011,__import__.location_loc_GB18A3,__import__.product_5165011,80
__import__.stock_inventory_line_without_lot_5165012,__import__.location_loc_GF13A2,__import__.product_5165012,111
__import__.stock_inventory_line_without_lot_1003240,__import__.location_loc_GF30E5,__import__.product_1003240,1
__import__.stock_inventory_line_without_lot_8264276,__import__.location_loc_EXB200,__import__.product_8264276,0
__import__.stock_inventory_line_without_lot_8280772,__import__.location_loc_EXE300,__import__.product_8280772,1
__import__.stock_inventory_line_without_lot_8244670,__import__.location_loc_EXB400,__import__.product_8244670,1
__import__.stock_inventory_line_without_lot_8244664,__import__.location_loc_EXJ400,__import__.product_8244664,1
__import__.stock_inventory_line_without_lot_8244687,__import__.location_loc_EXI400,__import__.product_8244687,1
__import__.stock_inventory_line_without_lot_8270383,__import__.location_loc_EXK400,__import__.product_8270383,1
__import__.stock_inventory_line_without_lot_8264282,__import__.location_loc_EXB200,__import__.product_8264282,1
__import__.stock_inventory_line_without_lot_4451042,__import__.location_loc_EOC130,__import__.product_4451042,3
__import__.stock_inventory_line_without_lot_5105809,__import__.location_loc_EXH200,__import__.product_5105809,0
__import__.stock_inventory_line_without_lot_8231466,__import__.location_loc_EXG400,__import__.product_8231466,0
__import__.stock_inventory_line_without_lot_5920706,__import__.location_loc_EOI169,__import__.product_5920706,1
__import__.stock_inventory_line_without_lot_5920710,__import__.location_loc_EOC100,__import__.product_5920710,2
__import__.stock_inventory_line_without_lot_3381332,__import__.location_loc_GE10B5,__import__.product_3381332,5
__import__.stock_inventory_line_without_lot_5801150,__import__.location_loc_EXS100,__import__.product_5801150,1
__import__.stock_inventory_line_without_lot_8289715,__import__.location_loc_EOE120,__import__.product_8289715,2
__import__.stock_inventory_line_without_lot_1019140,__import__.location_loc_EXE100,__import__.product_1019140,1
__import__.stock_inventory_line_without_lot_8270354,__import__.location_loc_GF29A4,__import__.product_8270354,11
__import__.stock_inventory_line_without_lot_5012004,__import__.location_loc_EXT211,__import__.product_5012004,0
__import__.stock_inventory_line_without_lot_5012011,__import__.location_loc_EXT222,__import__.product_5012011,1
__import__.stock_inventory_line_without_lot_8219755,__import__.location_loc_EXE200,__import__.product_8219755,0
__import__.stock_inventory_line_without_lot_5690604,__import__.location_loc_GE32C5,__import__.product_5690604,0
__import__.stock_inventory_line_without_lot_8199372,__import__.location_loc_EXJ800,__import__.product_8199372,10
__import__.stock_inventory_line_without_lot_5080462,__import__.location_loc_GE12B5,__import__.product_5080462,9
__import__.stock_inventory_line_without_lot_5105806,__import__.location_loc_EXC300,__import__.product_5105806,1
__import__.stock_inventory_line_without_lot_5740026,__import__.location_loc_EXK300,__import__.product_5740026,2
__import__.stock_inventory_line_without_lot_5001005,__import__.location_loc_EXP100,__import__.product_5001005,1
__import__.stock_inventory_line_without_lot_5157398,__import__.location_loc_GD18C5,__import__.product_5157398,3
__import__.stock_inventory_line_without_lot_5191052,__import__.location_loc_EOD128,__import__.product_5191052,5
__import__.stock_inventory_line_without_lot_5250061,__import__.location_loc_EZZ061,__import__.product_5250061,0
__import__.stock_inventory_line_without_lot_1020650,__import__.location_loc_EOC191,__import__.product_1020650,1
__import__.stock_inventory_line_without_lot_5301114,__import__.location_loc_GK02B7,__import__.product_5301114,16
__import__.stock_inventory_line_without_lot_5920810,__import__.location_loc_EOC211,__import__.product_5920810,1
__import__.stock_inventory_line_without_lot_3355112,__import__.location_loc_GE10D5,__import__.product_3355112,0
__import__.stock_inventory_line_without_lot_1010810,__import__.location_loc_GK02B2,__import__.product_1010810,2
__import__.stock_inventory_line_without_lot_1010600,__import__.location_loc_GK18E3,__import__.product_1010600,4
__import__.stock_inventory_line_without_lot_1010610,__import__.location_loc_GH31E4,__import__.product_1010610,4
__import__.stock_inventory_line_without_lot_1010620,__import__.location_loc_GE01E4,__import__.product_1010620,2
__import__.stock_inventory_line_without_lot_1010630,__import__.location_loc_GK17F3,__import__.product_1010630,6
__import__.stock_inventory_line_without_lot_1010640,__import__.location_loc_GK15F1,__import__.product_1010640,8
__import__.stock_inventory_line_without_lot_1010660,__import__.location_loc_GK18F3,__import__.product_1010660,3
__import__.stock_inventory_line_without_lot_1010670,__import__.location_loc_GL03B1,__import__.product_1010670,2
__import__.stock_inventory_line_without_lot_5306413,__import__.location_loc_EXJ999,__import__.product_5306413,13
__import__.stock_inventory_line_without_lot_5306414,__import__.location_loc_EXJ914,__import__.product_5306414,47
__import__.stock_inventory_line_without_lot_1010720,__import__.location_loc_GL03B4,__import__.product_1010720,0
__import__.stock_inventory_line_without_lot_5924126,__import__.location_loc_GE07F6,__import__.product_5924126,0
__import__.stock_inventory_line_without_lot_5697900,__import__.location_loc_AZZ975,__import__.product_5697900,5
__import__.stock_inventory_line_without_lot_5697901,__import__.location_loc_AZZ925,__import__.product_5697901,6
__import__.stock_inventory_line_without_lot_5697902,__import__.location_loc_AZZ950,__import__.product_5697902,70
__import__.stock_inventory_line_without_lot_5697903,__import__.location_loc_AZZ900,__import__.product_5697903,5
__import__.stock_inventory_line_without_lot_5225076,__import__.location_loc_EXT435,__import__.product_5225076,4
__import__.stock_inventory_line_without_lot_1016510,__import__.location_loc_EXD200,__import__.product_1016510,2
__import__.stock_inventory_line_without_lot_8269055,__import__.location_loc_EOA200,__import__.product_8269055,1
__import__.stock_inventory_line_without_lot_8269061,__import__.location_loc_EOB114,__import__.product_8269061,1
__import__.stock_inventory_line_without_lot_5700092,__import__.location_loc_EXC100,__import__.product_5700092,17
__import__.stock_inventory_line_without_lot_1015390,__import__.location_loc_EXC200,__import__.product_1015390,0
__import__.stock_inventory_line_without_lot_1015410,__import__.location_loc_EXC200,__import__.product_1015410,0
__import__.stock_inventory_line_without_lot_1015420,__import__.location_loc_EXC200,__import__.product_1015420,0
__import__.stock_inventory_line_without_lot_1015440,__import__.location_loc_EXC200,__import__.product_1015440,1
__import__.stock_inventory_line_without_lot_1015450,__import__.location_loc_EXC200,__import__.product_1015450,0
__import__.stock_inventory_line_without_lot_5601098,__import__.location_loc_EOE171,__import__.product_5601098,12
__import__.stock_inventory_line_without_lot_8237894,__import__.location_loc_EOA123,__import__.product_8237894,10
__import__.stock_inventory_line_without_lot_8288527,__import__.location_loc_PO05D4,__import__.product_8288527,0
__import__.stock_inventory_line_without_lot_5299912,__import__.location_loc_EOC224,__import__.product_5299912,2
__import__.stock_inventory_line_without_lot_1009600,__import__.location_loc_EXH300,__import__.product_1009600,1
__import__.stock_inventory_line_without_lot_1009610,__import__.location_loc_EXH300,__import__.product_1009610,1
__import__.stock_inventory_line_without_lot_1009590,__import__.location_loc_EXH300,__import__.product_1009590,1
__import__.stock_inventory_line_without_lot_1009740,__import__.location_loc_EXH300,__import__.product_1009740,1
__import__.stock_inventory_line_without_lot_8266772,__import__.location_loc_EOE133,__import__.product_8266772,2
__import__.stock_inventory_line_without_lot_1015040,__import__.location_loc_GC10B4,__import__.product_1015040,27
__import__.stock_inventory_line_without_lot_5244061,__import__.location_loc_EXP000,__import__.product_5244061,0
__import__.stock_inventory_line_without_lot_5130259,__import__.location_loc_GF24D7,__import__.product_5130259,12
__import__.stock_inventory_line_without_lot_5120259,__import__.location_loc_GF30E7,__import__.product_5120259,13
__import__.stock_inventory_line_without_lot_5009330,__import__.location_loc_EOA139,__import__.product_5009330,1
__import__.stock_inventory_line_without_lot_5007840,__import__.location_loc_EOB172,__import__.product_5007840,2
__import__.stock_inventory_line_without_lot_8224791,__import__.location_loc_EOE182,__import__.product_8224791,24
__import__.stock_inventory_line_without_lot_5364879,__import__.location_loc_GE21C4,__import__.product_5364879,344
__import__.stock_inventory_line_without_lot_5603992,__import__.location_loc_GH07B1,__import__.product_5603992,13
__import__.stock_inventory_line_without_lot_5306314,__import__.location_loc_EXP000,__import__.product_5306314,12
__import__.stock_inventory_line_without_lot_5306315,__import__.location_loc_GL02B5,__import__.product_5306315,3
__import__.stock_inventory_line_without_lot_6030001,__import__.location_loc_EOE143,__import__.product_6030001,14
__import__.stock_inventory_line_without_lot_5381675,__import__.location_loc_EXF100,__import__.product_5381675,74
__import__.stock_inventory_line_without_lot_1023430,__import__.location_loc_EOE155,__import__.product_1023430,22
__import__.stock_inventory_line_without_lot_1023450,__import__.location_loc_EOE159,__import__.product_1023450,21
__import__.stock_inventory_line_without_lot_8425147,__import__.location_loc_EOC150,__import__.product_8425147,6
__import__.stock_inventory_line_without_lot_8425259,__import__.location_loc_EOC116,__import__.product_8425259,5
__import__.stock_inventory_line_without_lot_8291563,__import__.location_loc_GZZ263,__import__.product_8291563,3
__import__.stock_inventory_line_without_lot_1023440,__import__.location_loc_EOE157,__import__.product_1023440,13
__import__.stock_inventory_line_without_lot_5105101,__import__.location_loc_EXP000,__import__.product_5105101,3
__import__.stock_inventory_line_without_lot_8246396,__import__.location_loc_EXB200,__import__.product_8246396,0
__import__.stock_inventory_line_without_lot_4005597,__import__.location_loc_EOA155,__import__.product_4005597,3
__import__.stock_inventory_line_without_lot_4004191,__import__.location_loc_EXE500,__import__.product_4004191,2
__import__.stock_inventory_line_without_lot_5211211,__import__.location_loc_EOI137,__import__.product_5211211,2
__import__.stock_inventory_line_without_lot_5211213,__import__.location_loc_EOI139,__import__.product_5211213,1
__import__.stock_inventory_line_without_lot_8289069,__import__.location_loc_EXB600,__import__.product_8289069,18
__import__.stock_inventory_line_without_lot_5338698,__import__.location_loc_EXJ400,__import__.product_5338698,10
__import__.stock_inventory_line_without_lot_5121218,__import__.location_loc_EOF162,__import__.product_5121218,18
__import__.stock_inventory_line_without_lot_8377454,__import__.location_loc_GZZ254,__import__.product_8377454,1
__import__.stock_inventory_line_without_lot_5082200,__import__.location_loc_EOC167,__import__.product_5082200,0
__import__.stock_inventory_line_without_lot_8286562,__import__.location_loc_EOB157,__import__.product_8286562,1
__import__.stock_inventory_line_without_lot_1017990,__import__.location_loc_EXP000,__import__.product_1017990,1
__import__.stock_inventory_line_without_lot_1020700,__import__.location_loc_EXP000,__import__.product_1020700,0
__import__.stock_inventory_line_without_lot_8279094,__import__.location_loc_EXB200,__import__.product_8279094,0
__import__.stock_inventory_line_without_lot_5257113,__import__.location_loc_GC20C1,__import__.product_5257113,0
__import__.stock_inventory_line_without_lot_8252713,__import__.location_loc_EXP000,__import__.product_8252713,7
__import__.stock_inventory_line_without_lot_8244693,__import__.location_loc_EXT522,__import__.product_8244693,0
__import__.stock_inventory_line_without_lot_5200102,__import__.location_loc_EXD100,__import__.product_5200102,0
__import__.stock_inventory_line_without_lot_8242116,__import__.location_loc_EXI900,__import__.product_8242116,1
__import__.stock_inventory_line_without_lot_8274524,__import__.location_loc_GF31D3,__import__.product_8274524,41
__import__.stock_inventory_line_without_lot_8189020,__import__.location_loc_EOB199,__import__.product_8189020,0
__import__.stock_inventory_line_without_lot_5306013,__import__.location_loc_EXP000,__import__.product_5306013,34
__import__.stock_inventory_line_without_lot_5250003,__import__.location_loc_GD32E6,__import__.product_5250003,2
__import__.stock_inventory_line_without_lot_5250004,__import__.location_loc_GF10F5,__import__.product_5250004,5
__import__.stock_inventory_line_without_lot_5740024,__import__.location_loc_EXC400,__import__.product_5740024,5
__import__.stock_inventory_line_without_lot_8274553,__import__.location_loc_GL06B3,__import__.product_8274553,23
__import__.stock_inventory_line_without_lot_8274547,__import__.location_loc_GK16B1,__import__.product_8274547,65
__import__.stock_inventory_line_without_lot_1023420,__import__.location_loc_EOE152,__import__.product_1023420,17
__import__.stock_inventory_line_without_lot_5700015,__import__.location_loc_GF19C6,__import__.product_5700015,255
__import__.stock_inventory_line_without_lot_5700016,__import__.location_loc_GF27D6,__import__.product_5700016,557
__import__.stock_inventory_line_without_lot_5700017,__import__.location_loc_GD30D7,__import__.product_5700017,189
__import__.stock_inventory_line_without_lot_5457199,__import__.location_loc_GF21C6,__import__.product_5457199,9
__import__.stock_inventory_line_without_lot_5700041,__import__.location_loc_GE23B1,__import__.product_5700041,31
__import__.stock_inventory_line_without_lot_5700042,__import__.location_loc_GG13E6,__import__.product_5700042,57
__import__.stock_inventory_line_without_lot_5700043,__import__.location_loc_GB26A1,__import__.product_5700043,72
__import__.stock_inventory_line_without_lot_5700045,__import__.location_loc_GC30A3,__import__.product_5700045,10
__import__.stock_inventory_line_without_lot_5700046,__import__.location_loc_GE22D1,__import__.product_5700046,36
__import__.stock_inventory_line_without_lot_5700047,__import__.location_loc_GE20C3,__import__.product_5700047,23
__import__.stock_inventory_line_without_lot_5700048,__import__.location_loc_GC12C5,__import__.product_5700048,2
__import__.stock_inventory_line_without_lot_5703002,__import__.location_loc_GL07A1,__import__.product_5703002,75
__import__.stock_inventory_line_without_lot_5904155,__import__.location_loc_GH33F1,__import__.product_5904155,19
__import__.stock_inventory_line_without_lot_1019380,__import__.location_loc_EOI142,__import__.product_1019380,1
__import__.stock_inventory_line_without_lot_5299914,__import__.location_loc_EOE193,__import__.product_5299914,1
__import__.stock_inventory_line_without_lot_5043961,__import__.location_loc_EXL200,__import__.product_5043961,0
__import__.stock_inventory_line_without_lot_8049649,__import__.location_loc_PO06D1,__import__.product_8049649,2
__import__.stock_inventory_line_without_lot_5355807,__import__.location_loc_EOB140,__import__.product_5355807,2
__import__.stock_inventory_line_without_lot_5355808,__import__.location_loc_EOB147,__import__.product_5355808,2
__import__.stock_inventory_line_without_lot_5355810,__import__.location_loc_EOB139,__import__.product_5355810,2
__import__.stock_inventory_line_without_lot_5600800,__import__.location_loc_EXP000,__import__.product_5600800,1
__import__.stock_inventory_line_without_lot_5160743,__import__.location_loc_GC16C4,__import__.product_5160743,4
__import__.stock_inventory_line_without_lot_1015030,__import__.location_loc_GF29D2,__import__.product_1015030,65
__import__.stock_inventory_line_without_lot_5700061,__import__.location_loc_GF09A2,__import__.product_5700061,134
__import__.stock_inventory_line_without_lot_5700062,__import__.location_loc_GE16A3,__import__.product_5700062,160
__import__.stock_inventory_line_without_lot_5700063,__import__.location_loc_GC04D7,__import__.product_5700063,124
__import__.stock_inventory_line_without_lot_5700093,__import__.location_loc_EOI136,__import__.product_5700093,8
__import__.stock_inventory_line_without_lot_5791730,__import__.location_loc_EXF500,__import__.product_5791730,1
__import__.stock_inventory_line_without_lot_8102295,__import__.location_loc_AO03A3,__import__.product_8102295,180
__import__.stock_inventory_line_without_lot_5420009,__import__.location_loc_GC30B3,__import__.product_5420009,0
__import__.stock_inventory_line_without_lot_1032030,__import__.location_loc_EOC194,__import__.product_1032030,2
__import__.stock_inventory_line_without_lot_1024170,__import__.location_loc_EXT334,__import__.product_1024170,1
__import__.stock_inventory_line_without_lot_8292829,__import__.location_loc_GE11E6,__import__.product_8292829,17
__import__.stock_inventory_line_without_lot_8238391,__import__.location_loc_EZZ391,__import__.product_8238391,0
__import__.stock_inventory_line_without_lot_8350828,__import__.location_loc_EOB185,__import__.product_8350828,4
__import__.stock_inventory_line_without_lot_7421500,__import__.location_loc_EXL400,__import__.product_7421500,3
__import__.stock_inventory_line_without_lot_5721440,__import__.location_loc_EXL400,__import__.product_5721440,1
__import__.stock_inventory_line_without_lot_8354252,__import__.location_loc_EOB159,__import__.product_8354252,0
__import__.stock_inventory_line_without_lot_5232300,__import__.location_loc_EZZ300,__import__.product_5232300,0
__import__.stock_inventory_line_without_lot_5760349,__import__.location_loc_GZZ349,__import__.product_5760349,1
__import__.stock_inventory_line_without_lot_5355119,__import__.location_loc_EOE164,__import__.product_5355119,4
__import__.stock_inventory_line_without_lot_8269551,__import__.location_loc_EXP000,__import__.product_8269551,1
__import__.stock_inventory_line_without_lot_5604289,__import__.location_loc_EOB190,__import__.product_5604289,0
__import__.stock_inventory_line_without_lot_1030340,__import__.location_loc_EXT423,__import__.product_1030340,4
__import__.stock_inventory_line_without_lot_1030350,__import__.location_loc_EXB600,__import__.product_1030350,1
__import__.stock_inventory_line_without_lot_5307240,__import__.location_loc_GF10D6,__import__.product_5307240,11
__import__.stock_inventory_line_without_lot_5990900,__import__.location_loc_AN08A1,__import__.product_5990900,62
__import__.stock_inventory_line_without_lot_5045148,__import__.location_loc_EXP000,__import__.product_5045148,3
__import__.stock_inventory_line_without_lot_5250131,__import__.location_loc_GF32B1,__import__.product_5250131,5
__import__.stock_inventory_line_without_lot_5203001,__import__.location_loc_EXB201,__import__.product_5203001,2
__import__.stock_inventory_line_without_lot_5791571,__import__.location_loc_EOB194,__import__.product_5791571,1
__import__.stock_inventory_line_without_lot_5227230,__import__.location_loc_GD32B2,__import__.product_5227230,0
__import__.stock_inventory_line_without_lot_8156708,__import__.location_loc_EXE300,__import__.product_8156708,1
__import__.stock_inventory_line_without_lot_5741741,__import__.location_loc_EOC151,__import__.product_5741741,5
__import__.stock_inventory_line_without_lot_8279504,__import__.location_loc_EXK700,__import__.product_8279504,0
__import__.stock_inventory_line_without_lot_5501000,__import__.location_loc_GI13B7,__import__.product_5501000,177
__import__.stock_inventory_line_without_lot_5033095,__import__.location_loc_GC26C4,__import__.product_5033095,15
__import__.stock_inventory_line_without_lot_1336528,__import__.location_loc_GE14B1,__import__.product_1336528,18
__import__.stock_inventory_line_without_lot_5616610,__import__.location_loc_EXT311,__import__.product_5616610,1
__import__.stock_inventory_line_without_lot_5105627,__import__.location_loc_EXF200,__import__.product_5105627,1
__import__.stock_inventory_line_without_lot_5105622,__import__.location_loc_EXF200,__import__.product_5105622,1
__import__.stock_inventory_line_without_lot_5840322,__import__.location_loc_GZZ103,__import__.product_5840322,1
__import__.stock_inventory_line_without_lot_8363587,__import__.location_loc_EOB213,__import__.product_8363587,0
__import__.stock_inventory_line_without_lot_8219117,__import__.location_loc_EXP000,__import__.product_8219117,2
__import__.stock_inventory_line_without_lot_8219123,__import__.location_loc_EXP000,__import__.product_8219123,2
__import__.stock_inventory_line_without_lot_1030330,__import__.location_loc_EXT411,__import__.product_1030330,2
__import__.stock_inventory_line_without_lot_1030410,__import__.location_loc_EXK100,__import__.product_1030410,2
__import__.stock_inventory_line_without_lot_5106307,__import__.location_loc_EXP000,__import__.product_5106307,1
__import__.stock_inventory_line_without_lot_8343662,__import__.location_loc_GD29A2,__import__.product_8343662,15
__import__.stock_inventory_line_without_lot_8185476,__import__.location_loc_EOC102,__import__.product_8185476,1
__import__.stock_inventory_line_without_lot_5061274,__import__.location_loc_GG13C2,__import__.product_5061274,17
__import__.stock_inventory_line_without_lot_8246410,__import__.location_loc_EZZ410,__import__.product_8246410,0
__import__.stock_inventory_line_without_lot_5620095,__import__.location_loc_GB20A3,__import__.product_5620095,20
__import__.stock_inventory_line_without_lot_5620096,__import__.location_loc_GB02B3,__import__.product_5620096,12
__import__.stock_inventory_line_without_lot_5610297,__import__.location_loc_GB29B1,__import__.product_5610297,0
__import__.stock_inventory_line_without_lot_5250031,__import__.location_loc_GC14D4,__import__.product_5250031,11
__import__.stock_inventory_line_without_lot_5227978,__import__.location_loc_EXG100,__import__.product_5227978,11
__import__.stock_inventory_line_without_lot_5105624,__import__.location_loc_EXB400,__import__.product_5105624,1
__import__.stock_inventory_line_without_lot_5105831,__import__.location_loc_EXE400,__import__.product_5105831,0
__import__.stock_inventory_line_without_lot_5105630,__import__.location_loc_EXB200,__import__.product_5105630,1
__import__.stock_inventory_line_without_lot_5105835,__import__.location_loc_EXF400,__import__.product_5105835,1
__import__.stock_inventory_line_without_lot_5105829,__import__.location_loc_EXE400,__import__.product_5105829,0
__import__.stock_inventory_line_without_lot_5105840,__import__.location_loc_EXB200,__import__.product_5105840,0
__import__.stock_inventory_line_without_lot_8280832,__import__.location_loc_EOI135,__import__.product_8280832,2
__import__.stock_inventory_line_without_lot_8033282,__import__.location_loc_GK06A4,__import__.product_8033282,255
__import__.stock_inventory_line_without_lot_2021963,__import__.location_loc_GK10A4,__import__.product_2021963,33
__import__.stock_inventory_line_without_lot_3507456,__import__.location_loc_GH07D8,__import__.product_3507456,1
__import__.stock_inventory_line_without_lot_5168070,__import__.location_loc_PO04D2,__import__.product_5168070,0
__import__.stock_inventory_line_without_lot_8355926,__import__.location_loc_EXI500,__import__.product_8355926,2
__import__.stock_inventory_line_without_lot_8205428,__import__.location_loc_EXK800,__import__.product_8205428,0
__import__.stock_inventory_line_without_lot_5021015,__import__.location_loc_EXB200,__import__.product_5021015,2
__import__.stock_inventory_line_without_lot_5501001,__import__.location_loc_GI09B2,__import__.product_5501001,201
__import__.stock_inventory_line_without_lot_5105839,__import__.location_loc_EXG300,__import__.product_5105839,2
__import__.stock_inventory_line_without_lot_5791731,__import__.location_loc_EXF600,__import__.product_5791731,0
__import__.stock_inventory_line_without_lot_5120980,__import__.location_loc_EXC300,__import__.product_5120980,19
__import__.stock_inventory_line_without_lot_8286303,__import__.location_loc_EXJ200,__import__.product_8286303,1
__import__.stock_inventory_line_without_lot_5289917,__import__.location_loc_EXT342,__import__.product_5289917,1
__import__.stock_inventory_line_without_lot_5105623,__import__.location_loc_EXF100,__import__.product_5105623,0
__import__.stock_inventory_line_without_lot_5105803,__import__.location_loc_EXE200,__import__.product_5105803,2
__import__.stock_inventory_line_without_lot_5272107,__import__.location_loc_EXG200,__import__.product_5272107,1
__import__.stock_inventory_line_without_lot_8168727,__import__.location_loc_EZZ727,__import__.product_8168727,0
__import__.stock_inventory_line_without_lot_8201985,__import__.location_loc_EXP000,__import__.product_8201985,1
__import__.stock_inventory_line_without_lot_5307241,__import__.location_loc_GE21D5,__import__.product_5307241,14
__import__.stock_inventory_line_without_lot_5307242,__import__.location_loc_GD25C4,__import__.product_5307242,10
__import__.stock_inventory_line_without_lot_5307243,__import__.location_loc_GD30A2,__import__.product_5307243,1
__import__.stock_inventory_line_without_lot_6342167,__import__.location_loc_GZZ521,__import__.product_6342167,1
__import__.stock_inventory_line_without_lot_8362352,__import__.location_loc_EXI800,__import__.product_8362352,4
__import__.stock_inventory_line_without_lot_8273306,__import__.location_loc_EXP000,__import__.product_8273306,0
__import__.stock_inventory_line_without_lot_5120981,__import__.location_loc_EXK400,__import__.product_5120981,14
__import__.stock_inventory_line_without_lot_5101004,__import__.location_loc_EXP100,__import__.product_5101004,1
__import__.stock_inventory_line_without_lot_5105102,__import__.location_loc_EXT337,__import__.product_5105102,5
__import__.stock_inventory_line_without_lot_5388432,__import__.location_loc_EOG213,__import__.product_5388432,1
__import__.stock_inventory_line_without_lot_1034880,__import__.location_loc_EXP001,__import__.product_1034880,11
__import__.stock_inventory_line_without_lot_5151515,__import__.location_loc_EOD172,__import__.product_5151515,2
__import__.stock_inventory_line_without_lot_5021516,__import__.location_loc_GH33E5,__import__.product_5021516,3
__import__.stock_inventory_line_without_lot_1016560,__import__.location_loc_EXT324,__import__.product_1016560,1
__import__.stock_inventory_line_without_lot_1030250,__import__.location_loc_EXP000,__import__.product_1030250,1
__import__.stock_inventory_line_without_lot_5338690,__import__.location_loc_EOC149,__import__.product_5338690,1
__import__.stock_inventory_line_without_lot_1001230,__import__.location_loc_GZZ112,__import__.product_1001230,1
__import__.stock_inventory_line_without_lot_5250255,__import__.location_loc_GF24F3,__import__.product_5250255,5
__import__.stock_inventory_line_without_lot_5307830,__import__.location_loc_GE16B5,__import__.product_5307830,5
__import__.stock_inventory_line_without_lot_5307832,__import__.location_loc_GD24A4,__import__.product_5307832,5
__import__.stock_inventory_line_without_lot_5307834,__import__.location_loc_GD30E4,__import__.product_5307834,5
__import__.stock_inventory_line_without_lot_5018869,__import__.location_loc_EOD186,__import__.product_5018869,5
__import__.stock_inventory_line_without_lot_5018870,__import__.location_loc_EXF600,__import__.product_5018870,12
__import__.stock_inventory_line_without_lot_1008830,__import__.location_loc_EXE200,__import__.product_1008830,2
__import__.stock_inventory_line_without_lot_1008840,__import__.location_loc_EXG400,__import__.product_1008840,2
__import__.stock_inventory_line_without_lot_5742907,__import__.location_loc_EXG100,__import__.product_5742907,2
__import__.stock_inventory_line_without_lot_8341924,__import__.location_loc_GE01A5,__import__.product_8341924,1
__import__.stock_inventory_line_without_lot_8297270,__import__.location_loc_GF17E5,__import__.product_8297270,1
__import__.stock_inventory_line_without_lot_8217696,__import__.location_loc_EOC105,__import__.product_8217696,10
__import__.stock_inventory_line_without_lot_1040230,__import__.location_loc_GC30D5,__import__.product_1040230,2
__import__.stock_inventory_line_without_lot_5207151,__import__.location_loc_PN01D2,__import__.product_5207151,2
__import__.stock_inventory_line_without_lot_5920511,__import__.location_loc_EOB177,__import__.product_5920511,4
__import__.stock_inventory_line_without_lot_5920662,__import__.location_loc_EOC213,__import__.product_5920662,2
__import__.stock_inventory_line_without_lot_5657052,__import__.location_loc_EOD179,__import__.product_5657052,4
__import__.stock_inventory_line_without_lot_1003640,__import__.location_loc_EZZ640,__import__.product_1003640,1
__import__.stock_inventory_line_without_lot_8268995,__import__.location_loc_EXP000,__import__.product_8268995,0
__import__.stock_inventory_line_without_lot_8242406,__import__.location_loc_EOG204,__import__.product_8242406,4
__import__.stock_inventory_line_without_lot_5190231,__import__.location_loc_EXF500,__import__.product_5190231,1
__import__.stock_inventory_line_without_lot_8196994,__import__.location_loc_EXP000,__import__.product_8196994,1
__import__.stock_inventory_line_without_lot_5859759,__import__.location_loc_GE12C5,__import__.product_5859759,0
__import__.stock_inventory_line_without_lot_5859760,__import__.location_loc_GK17C1,__import__.product_5859760,2
__import__.stock_inventory_line_without_lot_1021370,__import__.location_loc_GE12C3,__import__.product_1021370,1
__import__.stock_inventory_line_without_lot_1021360,__import__.location_loc_GG18A4,__import__.product_1021360,2
__import__.stock_inventory_line_without_lot_1021350,__import__.location_loc_GB18B2,__import__.product_1021350,2
__import__.stock_inventory_line_without_lot_1021380,__import__.location_loc_GD07D2,__import__.product_1021380,2
__import__.stock_inventory_line_without_lot_1021390,__import__.location_loc_GE04A3,__import__.product_1021390,4
__import__.stock_inventory_line_without_lot_1038990,__import__.location_loc_PE09D4,__import__.product_1038990,1
__import__.stock_inventory_line_without_lot_5210301,__import__.location_loc_EXK600,__import__.product_5210301,10
__import__.stock_inventory_line_without_lot_5038005,__import__.location_loc_EXQ200,__import__.product_5038005,6
__import__.stock_inventory_line_without_lot_5038052,__import__.location_loc_EOB169,__import__.product_5038052,27
__import__.stock_inventory_line_without_lot_5333444,__import__.location_loc_EXP000,__import__.product_5333444,1
__import__.stock_inventory_line_without_lot_5067070,__import__.location_loc_EXB300,__import__.product_5067070,1
__import__.stock_inventory_line_without_lot_5390255,__import__.location_loc_EXJ500,__import__.product_5390255,30
__import__.stock_inventory_line_without_lot_8232862,__import__.location_loc_GZZ125,__import__.product_8232862,1
__import__.stock_inventory_line_without_lot_5432004,__import__.location_loc_AE02A4,__import__.product_5432004,305
__import__.stock_inventory_line_without_lot_5432006,__import__.location_loc_AC13A5,__import__.product_5432006,336
__import__.stock_inventory_line_without_lot_1032230,__import__.location_loc_GK17C3,__import__.product_1032230,0
__import__.stock_inventory_line_without_lot_1032240,__import__.location_loc_GE30C3,__import__.product_1032240,47
__import__.stock_inventory_line_without_lot_5196991,__import__.location_loc_GD27D6,__import__.product_5196991,149
__import__.stock_inventory_line_without_lot_5196992,__import__.location_loc_GF29D7,__import__.product_5196992,204
__import__.stock_inventory_line_without_lot_5052033,__import__.location_loc_GF32B4,__import__.product_5052033,13
__import__.stock_inventory_line_without_lot_5865029,__import__.location_loc_AA11B1,__import__.product_5865029,136
__import__.stock_inventory_line_without_lot_8109800,__import__.location_loc_EXP000,__import__.product_8109800,1
__import__.stock_inventory_line_without_lot_5395362,__import__.location_loc_EXP000,__import__.product_5395362,1
__import__.stock_inventory_line_without_lot_8236481,__import__.location_loc_EXP000,__import__.product_8236481,2
__import__.stock_inventory_line_without_lot_8236498,__import__.location_loc_EXG400,__import__.product_8236498,3
__import__.stock_inventory_line_without_lot_8236506,__import__.location_loc_EXG400,__import__.product_8236506,4
__import__.stock_inventory_line_without_lot_8236512,__import__.location_loc_EXG400,__import__.product_8236512,5
__import__.stock_inventory_line_without_lot_8236529,__import__.location_loc_EXP000,__import__.product_8236529,1
__import__.stock_inventory_line_without_lot_5690605,__import__.location_loc_GL04B1,__import__.product_5690605,33
__import__.stock_inventory_line_without_lot_5395370,__import__.location_loc_EXI400,__import__.product_5395370,2
__import__.stock_inventory_line_without_lot_5010045,__import__.location_loc_EXR100,__import__.product_5010045,4
__import__.stock_inventory_line_without_lot_5250017,__import__.location_loc_GF31E6,__import__.product_5250017,1
__import__.stock_inventory_line_without_lot_8431544,__import__.location_loc_EOD123,__import__.product_8431544,0
__import__.stock_inventory_line_without_lot_5728222,__import__.location_loc_EOC136,__import__.product_5728222,1
__import__.stock_inventory_line_without_lot_8276220,__import__.location_loc_EXT432,__import__.product_8276220,5
__import__.stock_inventory_line_without_lot_8349630,__import__.location_loc_EOD137,__import__.product_8349630,0
__import__.stock_inventory_line_without_lot_5157766,__import__.location_loc_EOD131,__import__.product_5157766,13
__import__.stock_inventory_line_without_lot_5157764,__import__.location_loc_EOD132,__import__.product_5157764,8
__import__.stock_inventory_line_without_lot_5211260,__import__.location_loc_EXP000,__import__.product_5211260,1
__import__.stock_inventory_line_without_lot_5211263,__import__.location_loc_EXF300,__import__.product_5211263,1
__import__.stock_inventory_line_without_lot_5104005,__import__.location_loc_EXH500,__import__.product_5104005,8
__import__.stock_inventory_line_without_lot_5104012,__import__.location_loc_EXH500,__import__.product_5104012,9
__import__.stock_inventory_line_without_lot_5104013,__import__.location_loc_EXH500,__import__.product_5104013,8
__import__.stock_inventory_line_without_lot_5074578,__import__.location_loc_EXL600,__import__.product_5074578,1
__import__.stock_inventory_line_without_lot_5935496,__import__.location_loc_EOD191,__import__.product_5935496,1
__import__.stock_inventory_line_without_lot_5299920,__import__.location_loc_EXP000,__import__.product_5299920,0
__import__.stock_inventory_line_without_lot_5299922,__import__.location_loc_EXP000,__import__.product_5299922,0
__import__.stock_inventory_line_without_lot_5299925,__import__.location_loc_GD29D5,__import__.product_5299925,0
__import__.stock_inventory_line_without_lot_5299927,__import__.location_loc_GE24B3,__import__.product_5299927,0
__import__.stock_inventory_line_without_lot_5299929,__import__.location_loc_EOD170,__import__.product_5299929,0
__import__.stock_inventory_line_without_lot_5082199,__import__.location_loc_EOC205,__import__.product_5082199,0
__import__.stock_inventory_line_without_lot_4007607,__import__.location_loc_EOD157,__import__.product_4007607,1
__import__.stock_inventory_line_without_lot_4004275,__import__.location_loc_EOC127,__import__.product_4004275,5
__import__.stock_inventory_line_without_lot_5044770,__import__.location_loc_EXH200,__import__.product_5044770,1
__import__.stock_inventory_line_without_lot_5104016,__import__.location_loc_EOI165,__import__.product_5104016,8
__import__.stock_inventory_line_without_lot_5019337,__import__.location_loc_EXS100,__import__.product_5019337,0
__import__.stock_inventory_line_without_lot_5347743,__import__.location_loc_EOD135,__import__.product_5347743,0
__import__.stock_inventory_line_without_lot_5260575,__import__.location_loc_EXT541,__import__.product_5260575,1
__import__.stock_inventory_line_without_lot_5326225,__import__.location_loc_EXJ301,__import__.product_5326225,1
__import__.stock_inventory_line_without_lot_5326226,__import__.location_loc_EXJ302,__import__.product_5326226,1
__import__.stock_inventory_line_without_lot_5326227,__import__.location_loc_EXJ303,__import__.product_5326227,1
__import__.stock_inventory_line_without_lot_5326230,__import__.location_loc_EXJ305,__import__.product_5326230,1
__import__.stock_inventory_line_without_lot_5326232,__import__.location_loc_EXJ307,__import__.product_5326232,1
__import__.stock_inventory_line_without_lot_5326233,__import__.location_loc_EXJ308,__import__.product_5326233,1
__import__.stock_inventory_line_without_lot_5017945,__import__.location_loc_EXC607,__import__.product_5017945,19
__import__.stock_inventory_line_without_lot_5017960,__import__.location_loc_EXC608,__import__.product_5017960,9
__import__.stock_inventory_line_without_lot_5017970,__import__.location_loc_EXC611,__import__.product_5017970,21
__import__.stock_inventory_line_without_lot_5017975,__import__.location_loc_EXC612,__import__.product_5017975,1
__import__.stock_inventory_line_without_lot_5017980,__import__.location_loc_EXH601,__import__.product_5017980,4
__import__.stock_inventory_line_without_lot_5017985,__import__.location_loc_EXH602,__import__.product_5017985,26
__import__.stock_inventory_line_without_lot_5017990,__import__.location_loc_EXH603,__import__.product_5017990,24
__import__.stock_inventory_line_without_lot_5021219,__import__.location_loc_EXS100,__import__.product_5021219,2
__import__.stock_inventory_line_without_lot_5702003,__import__.location_loc_EXT200,__import__.product_5702003,4
__import__.stock_inventory_line_without_lot_1053610,__import__.location_loc_EXT601,__import__.product_1053610,2
__import__.stock_inventory_line_without_lot_1053611,__import__.location_loc_EXT602,__import__.product_1053611,5
__import__.stock_inventory_line_without_lot_5933501,__import__.location_loc_EXD600,__import__.product_5933501,1
__import__.stock_inventory_line_without_lot_5871312,__import__.location_loc_EXB200,__import__.product_5871312,0
__import__.stock_inventory_line_without_lot_1050400,__import__.location_loc_EXP000,__import__.product_1050400,4
__import__.stock_inventory_line_without_lot_1050410,__import__.location_loc_EXP000,__import__.product_1050410,3
__import__.stock_inventory_line_without_lot_5645002,__import__.location_loc_EXL600,__import__.product_5645002,0
__import__.stock_inventory_line_without_lot_5061275,__import__.location_loc_GK15B1,__import__.product_5061275,1
__import__.stock_inventory_line_without_lot_1040270,__import__.location_loc_EXH400,__import__.product_1040270,3
__import__.stock_inventory_line_without_lot_1040960,__import__.location_loc_EXH400,__import__.product_1040960,1
__import__.stock_inventory_line_without_lot_1820460,__import__.location_loc_GC02E5,__import__.product_1820460,0
__import__.stock_inventory_line_without_lot_8360330,__import__.location_loc_GG06D3,__import__.product_8360330,69
__import__.stock_inventory_line_without_lot_8181484,__import__.location_loc_EXL400,__import__.product_8181484,1
__import__.stock_inventory_line_without_lot_1029470,__import__.location_loc_EZZ470,__import__.product_1029470,0
__import__.stock_inventory_line_without_lot_1029500,__import__.location_loc_EZZ500,__import__.product_1029500,0
__import__.stock_inventory_line_without_lot_1028700,__import__.location_loc_EXP000,__import__.product_1028700,0
__import__.stock_inventory_line_without_lot_5250035,__import__.location_loc_GC08D7,__import__.product_5250035,2
__import__.stock_inventory_line_without_lot_5017965,__import__.location_loc_EXC605,__import__.product_5017965,16
__import__.stock_inventory_line_without_lot_5912802,__import__.location_loc_GF30C7,__import__.product_5912802,0
__import__.stock_inventory_line_without_lot_5749403,__import__.location_loc_EXP000,__import__.product_5749403,1
__import__.stock_inventory_line_without_lot_5920101,__import__.location_loc_GI05A0,__import__.product_5920101,318
__import__.stock_inventory_line_without_lot_1820470,__import__.location_loc_GF30G4,__import__.product_1820470,2
__import__.stock_inventory_line_without_lot_1034940,__import__.location_loc_EXH200,__import__.product_1034940,1
__import__.stock_inventory_line_without_lot_5106335,__import__.location_loc_EXP000,__import__.product_5106335,0
__import__.stock_inventory_line_without_lot_5948332,__import__.location_loc_EOA232,__import__.product_5948332,2
__import__.stock_inventory_line_without_lot_5007146,__import__.location_loc_EZZ215,__import__.product_5007146,0
__import__.stock_inventory_line_without_lot_5007147,__import__.location_loc_EZZ714,__import__.product_5007147,0
__import__.stock_inventory_line_without_lot_5020865,__import__.location_loc_EOI175,__import__.product_5020865,2
__import__.stock_inventory_line_without_lot_5234260,__import__.location_loc_GF28H3,__import__.product_5234260,2
__import__.stock_inventory_line_without_lot_8131635,__import__.location_loc_GD24G6,__import__.product_8131635,0
__import__.stock_inventory_line_without_lot_8256029,__import__.location_loc_EXP000,__import__.product_8256029,1
__import__.stock_inventory_line_without_lot_8256118,__import__.location_loc_EZZ118,__import__.product_8256118,1
__import__.stock_inventory_line_without_lot_1002190,__import__.location_loc_GD05C0,__import__.product_1002190,3
__import__.stock_inventory_line_without_lot_5306014,__import__.location_loc_EXP000,__import__.product_5306014,0
__import__.stock_inventory_line_without_lot_8197031,__import__.location_loc_EZZ031,__import__.product_8197031,1
__import__.stock_inventory_line_without_lot_8257017,__import__.location_loc_EXP000,__import__.product_8257017,1
__import__.stock_inventory_line_without_lot_5078001,__import__.location_loc_EXF101,__import__.product_5078001,1
__import__.stock_inventory_line_without_lot_5078002,__import__.location_loc_EXK310,__import__.product_5078002,2
__import__.stock_inventory_line_without_lot_5045149,__import__.location_loc_EXE400,__import__.product_5045149,2
__import__.stock_inventory_line_without_lot_5707847,__import__.location_loc_EOF165,__import__.product_5707847,9
__import__.stock_inventory_line_without_lot_1038030,__import__.location_loc_EXT330,__import__.product_1038030,0
__import__.stock_inventory_line_without_lot_5006220,__import__.location_loc_EXP000,__import__.product_5006220,1
__import__.stock_inventory_line_without_lot_5710106,__import__.location_loc_EZZ106,__import__.product_5710106,0
__import__.stock_inventory_line_without_lot_5020015,__import__.location_loc_EXP000,__import__.product_5020015,1
__import__.stock_inventory_line_without_lot_5027316,__import__.location_loc_GZZ316,__import__.product_5027316,1
__import__.stock_inventory_line_without_lot_5206250,__import__.location_loc_EXQ100,__import__.product_5206250,1
__import__.stock_inventory_line_without_lot_5033092,__import__.location_loc_GD19D3,__import__.product_5033092,20
__import__.stock_inventory_line_without_lot_5033091,__import__.location_loc_GB14D5,__import__.product_5033091,10
__import__.stock_inventory_line_without_lot_5033093,__import__.location_loc_GC28B4,__import__.product_5033093,10
__import__.stock_inventory_line_without_lot_5033094,__import__.location_loc_GE30B5,__import__.product_5033094,7
__import__.stock_inventory_line_without_lot_5033096,__import__.location_loc_GF25C6,__import__.product_5033096,11
__import__.stock_inventory_line_without_lot_5455282,__import__.location_loc_GD09D3,__import__.product_5455282,5
__import__.stock_inventory_line_without_lot_5017955,__import__.location_loc_EXC607,__import__.product_5017955,4
__import__.stock_inventory_line_without_lot_5010106,__import__.location_loc_EXR101,__import__.product_5010106,1
__import__.stock_inventory_line_without_lot_8131658,__import__.location_loc_GB10E2,__import__.product_8131658,0
__import__.stock_inventory_line_without_lot_5045147,__import__.location_loc_EXP000,__import__.product_5045147,4
__import__.stock_inventory_line_without_lot_5930100,__import__.location_loc_GB26C1,__import__.product_5930100,9
__import__.stock_inventory_line_without_lot_1060340,__import__.location_loc_EXP000,__import__.product_1060340,1
__import__.stock_inventory_line_without_lot_5835003,__import__.location_loc_EZZ003,__import__.product_5835003,3
__import__.stock_inventory_line_without_lot_5835004,__import__.location_loc_EZZ005,__import__.product_5835004,2
__import__.stock_inventory_line_without_lot_5049207,__import__.location_loc_GC24A3,__import__.product_5049207,14
__import__.stock_inventory_line_without_lot_5188607,__import__.location_loc_GF22C5,__import__.product_5188607,1
__import__.stock_inventory_line_without_lot_5707835,__import__.location_loc_EOI182,__import__.product_5707835,9
__import__.stock_inventory_line_without_lot_5025118,__import__.location_loc_EOI174,__import__.product_5025118,22
__import__.stock_inventory_line_without_lot_5025526,__import__.location_loc_EOI173,__import__.product_5025526,0
__import__.stock_inventory_line_without_lot_5271642,__import__.location_loc_EXB613,__import__.product_5271642,1
__import__.stock_inventory_line_without_lot_5105069,__import__.location_loc_EXK302,__import__.product_5105069,3
__import__.stock_inventory_line_without_lot_5470012,__import__.location_loc_EXJ200,__import__.product_5470012,1
__import__.stock_inventory_line_without_lot_5470021,__import__.location_loc_EXJ200,__import__.product_5470021,1
__import__.stock_inventory_line_without_lot_5470051,__import__.location_loc_EXJ200,__import__.product_5470051,1
__import__.stock_inventory_line_without_lot_8077166,__import__.location_loc_GD20E6,__import__.product_8077166,4
__import__.stock_inventory_line_without_lot_8076994,__import__.location_loc_GH09E3,__import__.product_8076994,1
__import__.stock_inventory_line_without_lot_5063962,__import__.location_loc_EXP100,__import__.product_5063962,2
__import__.stock_inventory_line_without_lot_5063963,__import__.location_loc_EXP100,__import__.product_5063963,0
__import__.stock_inventory_line_without_lot_5063965,__import__.location_loc_EZZ965,__import__.product_5063965,0
__import__.stock_inventory_line_without_lot_5063964,__import__.location_loc_EZZ964,__import__.product_5063964,0
__import__.stock_inventory_line_without_lot_5027525,__import__.location_loc_GD06E4,__import__.product_5027525,10
__import__.stock_inventory_line_without_lot_1040060,__import__.location_loc_EXP000,__import__.product_1040060,1
__import__.stock_inventory_line_without_lot_1020840,__import__.location_loc_EXP000,__import__.product_1020840,1
__import__.stock_inventory_line_without_lot_1007080,__import__.location_loc_EXP000,__import__.product_1007080,1
__import__.stock_inventory_line_without_lot_1007130,__import__.location_loc_EXD600,__import__.product_1007130,1
__import__.stock_inventory_line_without_lot_8455213,__import__.location_loc_EOC180,__import__.product_8455213,0
__import__.stock_inventory_line_without_lot_8425236,__import__.location_loc_EOC219,__import__.product_8425236,5
__import__.stock_inventory_line_without_lot_5727601,__import__.location_loc_EXL100,__import__.product_5727601,6
__import__.stock_inventory_line_without_lot_5764201,__import__.location_loc_GC03G7,__import__.product_5764201,2
__import__.stock_inventory_line_without_lot_5764202,__import__.location_loc_GC03F8,__import__.product_5764202,2
__import__.stock_inventory_line_without_lot_5764209,__import__.location_loc_GD27C7,__import__.product_5764209,2
__import__.stock_inventory_line_without_lot_5764224,__import__.location_loc_GC07G7,__import__.product_5764224,4
__import__.stock_inventory_line_without_lot_1020110,__import__.location_loc_EZZ110,__import__.product_1020110,2
__import__.stock_inventory_line_without_lot_5761016,__import__.location_loc_EOE142,__import__.product_5761016,5
__import__.stock_inventory_line_without_lot_1055360,__import__.location_loc_EXL600,__import__.product_1055360,6
__import__.stock_inventory_line_without_lot_5710202,__import__.location_loc_GC21B4,__import__.product_5710202,4
__import__.stock_inventory_line_without_lot_5505510,__import__.location_loc_EXF300,__import__.product_5505510,1
__import__.stock_inventory_line_without_lot_5000819,__import__.location_loc_EXF400,__import__.product_5000819,4
__import__.stock_inventory_line_without_lot_5000820,__import__.location_loc_EXE200,__import__.product_5000820,4
__import__.stock_inventory_line_without_lot_5000823,__import__.location_loc_EOE167,__import__.product_5000823,4
__import__.stock_inventory_line_without_lot_5000825,__import__.location_loc_EOE192,__import__.product_5000825,2
__import__.stock_inventory_line_without_lot_5000828,__import__.location_loc_EXF600,__import__.product_5000828,2
__import__.stock_inventory_line_without_lot_5000830,__import__.location_loc_EXE500,__import__.product_5000830,1
__import__.stock_inventory_line_without_lot_5000831,__import__.location_loc_EXF500,__import__.product_5000831,0
__import__.stock_inventory_line_without_lot_5000834,__import__.location_loc_EXF600,__import__.product_5000834,1
__import__.stock_inventory_line_without_lot_5000838,__import__.location_loc_EXF500,__import__.product_5000838,1
__import__.stock_inventory_line_without_lot_5000839,__import__.location_loc_EXF300,__import__.product_5000839,3
__import__.stock_inventory_line_without_lot_5109801,__import__.location_loc_EZZ801,__import__.product_5109801,0
__import__.stock_inventory_line_without_lot_5840402,__import__.location_loc_EOF166,__import__.product_5840402,1
__import__.stock_inventory_line_without_lot_5300500,__import__.location_loc_EZZ501,__import__.product_5300500,1
__import__.stock_inventory_line_without_lot_5207154,__import__.location_loc_EZZ153,__import__.product_5207154,1
__import__.stock_inventory_line_without_lot_5347313,__import__.location_loc_EOE125,__import__.product_5347313,1
__import__.stock_inventory_line_without_lot_5002003,__import__.location_loc_EXP100,__import__.product_5002003,0
__import__.stock_inventory_line_without_lot_5900006,__import__.location_loc_EXI800,__import__.product_5900006,1
__import__.stock_inventory_line_without_lot_5273454,__import__.location_loc_GGF303,__import__.product_5273454,16
__import__.stock_inventory_line_without_lot_5192049,__import__.location_loc_AF02B3,__import__.product_5192049,24
__import__.stock_inventory_line_without_lot_5029016,__import__.location_loc_GE06C1,__import__.product_5029016,1
__import__.stock_inventory_line_without_lot_1048020,__import__.location_loc_EZZ020,__import__.product_1048020,0
__import__.stock_inventory_line_without_lot_5010169,__import__.location_loc_EOE179,__import__.product_5010169,50
__import__.stock_inventory_line_without_lot_5010165,__import__.location_loc_EOE177,__import__.product_5010165,47
__import__.stock_inventory_line_without_lot_5660000,__import__.location_loc_AM03A4,__import__.product_5660000,26
__import__.stock_inventory_line_without_lot_5660001,__import__.location_loc_AE12A4,__import__.product_5660001,19
__import__.stock_inventory_line_without_lot_5660002,__import__.location_loc_AN06A5,__import__.product_5660002,48
__import__.stock_inventory_line_without_lot_5017950,__import__.location_loc_EXC602,__import__.product_5017950,38
__import__.stock_inventory_line_without_lot_5017950,__import__.location_loc_EXC602,__import__.product_5017950,0
__import__.stock_inventory_line_without_lot_5999150,__import__.location_loc_EOF115,__import__.product_5999150,0
__import__.stock_inventory_line_without_lot_1006630,__import__.location_loc_EZZ630,__import__.product_1006630,0
__import__.stock_inventory_line_without_lot_1034990,__import__.location_loc_EZZ990,__import__.product_1034990,0
__import__.stock_inventory_line_without_lot_1041050,__import__.location_loc_EXL400,__import__.product_1041050,1
__import__.stock_inventory_line_without_lot_5903189,__import__.location_loc_GI01A6,__import__.product_5903189,108
__import__.stock_inventory_line_without_lot_5270999,__import__.location_loc_GD24C7,__import__.product_5270999,39
__import__.stock_inventory_line_without_lot_5700094,__import__.location_loc_EOF117,__import__.product_5700094,10
__import__.stock_inventory_line_without_lot_5700095,__import__.location_loc_GD26A5,__import__.product_5700095,5
__import__.stock_inventory_line_without_lot_5700096,__import__.location_loc_EXE100,__import__.product_5700096,4
__import__.stock_inventory_line_without_lot_5338697,__import__.location_loc_GE08A4,__import__.product_5338697,7
__import__.stock_inventory_line_without_lot_5727936,__import__.location_loc_EOE196,__import__.product_5727936,1
__import__.stock_inventory_line_without_lot_5726580,__import__.location_loc_EOF107,__import__.product_5726580,3
__import__.stock_inventory_line_without_lot_1030320,__import__.location_loc_EXG400,__import__.product_1030320,3
__import__.stock_inventory_line_without_lot_1031820,__import__.location_loc_EXT646,__import__.product_1031820,0
__import__.stock_inventory_line_without_lot_4705138,__import__.location_loc_GB08B2,__import__.product_4705138,1
__import__.stock_inventory_line_without_lot_4705139,__import__.location_loc_GC01B3,__import__.product_4705139,2
__import__.stock_inventory_line_without_lot_4705140,__import__.location_loc_GF26G8,__import__.product_4705140,3
__import__.stock_inventory_line_without_lot_4705141,__import__.location_loc_EXC300,__import__.product_4705141,2
__import__.stock_inventory_line_without_lot_4705142,__import__.location_loc_GD26E8,__import__.product_4705142,2
__import__.stock_inventory_line_without_lot_5470060,__import__.location_loc_EXK200,__import__.product_5470060,1
__import__.stock_inventory_line_without_lot_5740404,__import__.location_loc_EZZ404,__import__.product_5740404,0
__import__.stock_inventory_line_without_lot_5470062,__import__.location_loc_EXK200,__import__.product_5470062,1
__import__.stock_inventory_line_without_lot_5470064,__import__.location_loc_EXK200,__import__.product_5470064,1
__import__.stock_inventory_line_without_lot_5470066,__import__.location_loc_EXK200,__import__.product_5470066,1
__import__.stock_inventory_line_without_lot_5470068,__import__.location_loc_EXK200,__import__.product_5470068,1
__import__.stock_inventory_line_without_lot_5470070,__import__.location_loc_EXK200,__import__.product_5470070,1
__import__.stock_inventory_line_without_lot_5470072,__import__.location_loc_EXK200,__import__.product_5470072,1
__import__.stock_inventory_line_without_lot_5250175,__import__.location_loc_GC06A6,__import__.product_5250175,2
__import__.stock_inventory_line_without_lot_5721001,__import__.location_loc_EXT145,__import__.product_5721001,16
__import__.stock_inventory_line_without_lot_5721002,__import__.location_loc_EXQ200,__import__.product_5721002,2
__import__.stock_inventory_line_without_lot_1007350,__import__.location_loc_GC31G8,__import__.product_1007350,5
__import__.stock_inventory_line_without_lot_5078003,__import__.location_loc_EXF103,__import__.product_5078003,2
__import__.stock_inventory_line_without_lot_5078004,__import__.location_loc_EXF102,__import__.product_5078004,2
__import__.stock_inventory_line_without_lot_5012395,__import__.location_loc_EXL100,__import__.product_5012395,3
__import__.stock_inventory_line_without_lot_5050192,__import__.location_loc_EXP000,__import__.product_5050192,1
__import__.stock_inventory_line_without_lot_5250021,__import__.location_loc_GF17B1,__import__.product_5250021,3
__import__.stock_inventory_line_without_lot_5973630,__import__.location_loc_EZZ637,__import__.product_5973630,5
__import__.stock_inventory_line_without_lot_5104022,__import__.location_loc_EZZ510,__import__.product_5104022,0
__import__.stock_inventory_line_without_lot_5410006,__import__.location_loc_EXF100,__import__.product_5410006,3
__import__.stock_inventory_line_without_lot_5301118,__import__.location_loc_GK18A6,__import__.product_5301118,7
__import__.stock_inventory_line_without_lot_5003783,__import__.location_loc_EZZ783,__import__.product_5003783,0
__import__.stock_inventory_line_without_lot_1065440,__import__.location_loc_EXC401,__import__.product_1065440,0
__import__.stock_inventory_line_without_lot_5203008,__import__.location_loc_EZZ008,__import__.product_5203008,1
__import__.stock_inventory_line_without_lot_1063650,__import__.location_loc_GC19C6,__import__.product_1063650,4
__import__.stock_inventory_line_without_lot_5865030,__import__.location_loc_AB04B1,__import__.product_5865030,135
__import__.stock_inventory_line_without_lot_1067700,__import__.location_loc_EZZ800,__import__.product_1067700,0
__import__.stock_inventory_line_without_lot_1067690,__import__.location_loc_EZZ690,__import__.product_1067690,0
