id,width,depth,list_price,length
__import__.product_1003119,0,0,260.00,0
__import__.product_1004032,0,0,35.20,0
__import__.product_1004180,0,0,20.00,0
__import__.product_1004280,0,0,16.00,0
__import__.product_1004290,0,0,16.00,0
__import__.product_1004340,0,0,21.00,0
__import__.product_1004420,0,0,18.00,0
__import__.product_1005050,0,0,8.30,0
__import__.product_1005110,0,0,8.30,0
__import__.product_1005820,0,0,1881.50,0
__import__.product_1006190,0,0,495.00,0
__import__.product_1007120,0,0,76.00,0
__import__.product_1008160,0,0,22.00,0
__import__.product_1008900,0,0,1500.00,0
__import__.product_1009280,0,0,3.60,0
__import__.product_1009506,0,0,142.50,0
__import__.product_1009570,0,0,142.50,0
__import__.product_1009580,0,0,142.50,0
__import__.product_1009780,0,0,202.50,0
__import__.product_1009800,0,0,115.20,0
__import__.product_1012003,0,0,40.00,0
__import__.product_1012996,0,0,458.00,0
__import__.product_1013028,0,0,150.00,0
__import__.product_1013101,0,0,11.10,0
__import__.product_1013473,0,0,26.70,0
__import__.product_1023360,0,0,25.00,0
__import__.product_1023370,0,0,1156.80,0
__import__.product_1025920,0,0,490.00,0
__import__.product_1026440,0,0,12.40,0
__import__.product_1027077,3.90,3.80,7.10,16.40
__import__.product_1030105,0,0,6500.00,0
__import__.product_1030740,0,0,120.90,0
__import__.product_1030750,0,0,120.90,0
__import__.product_1031012,5.40,10.30,6.90,5.40
__import__.product_1031039,0,0,72.00,0
__import__.product_1031049,0,0,105.00,0
__import__.product_1033610,0,0,6.40,0
__import__.product_1035030,0,0,305.50,0
__import__.product_1037720,0,0,110.40,0
__import__.product_1038000,0,0,5500.00,0
__import__.product_1050602,0,0,22.00,0
__import__.product_1053610,0,0,3200.00,0
__import__.product_1064740,0,0,6.40,0
__import__.product_1066530,0,0,38.00,0
__import__.product_1071364,0,0,3.10,0
__import__.product_1077502,0,0,3.00,0
__import__.product_1085224,3.80,9.40,8.60,3.80
__import__.product_1085232,3.90,9.30,8.60,3.90
__import__.product_1085240,3.80,9.40,8.60,3.80
__import__.product_1087873,7.70,3.30,36.40,10.30
__import__.product_1100250,0,0,24.50,0
__import__.product_1101724,7.20,14.70,53.70,7.20
__import__.product_1103367,0,0,10.30,0
__import__.product_1107440,0,0,2.70,0
__import__.product_1115534,11.40,2.10,18.30,14.80
__import__.product_1116614,0,0,1254.00,0
__import__.product_1118942,13.20,28.80,62.60,18.80
__import__.product_1118967,23.50,13.80,72.00,30.40
__import__.product_1119007,0,0,18.50,0
__import__.product_1126358,0,0,3.60,0
__import__.product_1141894,0,0,45.40,0
__import__.product_1148238,0,0,13.70,0
__import__.product_1148311,0,0,53.30,0
__import__.product_1151703,0,0,22.50,0
__import__.product_1151729,5.00,4.70,72.00,12.10
__import__.product_1151943,0,0,183.00,0
__import__.product_1157494,5.60,4.70,95.60,11.70
__import__.product_1162874,0,0,8.40,0
__import__.product_1163856,11.10,24.30,69.20,17.80
__import__.product_1177553,0,0,30.00,0
__import__.product_1178706,0,0,7.80,0
__import__.product_1180058,5.70,23.90,22.00,5.70
__import__.product_1183177,0,0,11.40,0
__import__.product_1188259,0,0,19.90,0
__import__.product_1193374,0,0,24.00,0
__import__.product_1196385,0,0,8.50,0
__import__.product_1196393,0,0,6.20,0
__import__.product_1200310,9.00,5.60,30.10,9.00
__import__.product_1200700,0,0,8.00,0
__import__.product_1200971,0,0,119.50,0
__import__.product_1201090,16.50,27.00,6.60,28.50
__import__.product_1201561,0,0,90.00,0
__import__.product_1202020,0,0,1.50,0
__import__.product_1202258,0,0,53.00,0
__import__.product_1202472,4.60,8.20,30.70,4.60
__import__.product_1202506,4.60,8.30,28.40,4.60
__import__.product_1202670,0,0,14.80,0
__import__.product_1202904,8.30,21.00,8.90,8.30
__import__.product_1202928,0,0,11.70,0
__import__.product_1203058,5.40,4.70,33.10,9.90
__import__.product_1203108,8.10,14.00,5.10,8.10
__import__.product_1203249,0,0,5.50,0
__import__.product_1220194,0,0,76.80,0
__import__.product_1246305,0,0,5.50,0
__import__.product_1246701,0,0,6.70,0
__import__.product_1246735,0,0,1.50,0
__import__.product_1257096,0,0,1.90,0
__import__.product_1257120,5.60,1.60,8.50,13.50
__import__.product_1257138,5.60,1.60,4.70,13.50
__import__.product_1257161,5.70,1.50,20.80,13.50
__import__.product_1257179,5.60,2.10,34.00,13.50
__import__.product_1257310,0,0,100.40,0
__import__.product_1261361,0,0,23.20,0
__import__.product_1261593,4.00,2.90,9.10,18.00
__import__.product_1265933,8.30,7.70,54.90,17.20
__import__.product_1270826,0,0,2.90,0
__import__.product_1270834,0,0,3.10,0
__import__.product_1271071,4.80,1.60,8.10,11.30
__import__.product_1274901,0,0,6.00,0
__import__.product_1275429,0,0,6.20,0
__import__.product_1277128,5.40,10.40,15.00,5.40
__import__.product_1279322,0,0,5.60,0
__import__.product_1279330,0,0,6.00,0
__import__.product_1300243,0,0,109.90,0
__import__.product_1300292,0,0,17.00,0
__import__.product_1300442,0,0,80.40,0
__import__.product_1302303,0,0,1400.00,0
__import__.product_1304001,0,0,1335.00,0
__import__.product_1308469,1.90,18.50,26.00,16.70
__import__.product_1334184,0,0,7.00,0
__import__.product_1336379,0,0,26.70,0
__import__.product_1336411,14.60,9.30,38.60,17.70
__import__.product_1337906,0,0,17.40,0
__import__.product_1350049,10.80,6.00,12.20,16.50
__import__.product_1350341,0,0,38.30,0
__import__.product_1351691,0,0,9.00,0
__import__.product_1351717,0,0,3.20,0
__import__.product_1351774,0,0,5.50,0
__import__.product_1351808,8.40,24.30,13.50,8.40
__import__.product_1351873,0,0,34.90,0
__import__.product_1354679,0,0,14.40,0
__import__.product_1354935,0,0,6.10,0
__import__.product_1357870,12.70,11.80,109.60,12.80
__import__.product_1370691,14.80,7.70,203.40,15.70
__import__.product_1385178,0,0,40.70,0
__import__.product_1385426,0,0,6.50,0
__import__.product_1388719,6.30,14.30,30.10,6.30
__import__.product_1389340,9.50,5.60,175.20,13.40
__import__.product_1389774,6.40,5.50,37.10,13.50
__import__.product_1394139,0,0,4.20,0
__import__.product_1400070,0,0,2317.00,0
__import__.product_1400100,0,0,892.00,0
__import__.product_1400333,0,0,694.10,0
__import__.product_1400412,0,0,364.80,0
__import__.product_1400500,0,0,24.70,0
__import__.product_1400508,0,0,11.70,0
__import__.product_1401397,4.30,4.80,24.60,9.90
__import__.product_1401562,0,0,14.60,0
__import__.product_1401971,0,0,2470.00,0
__import__.product_1402031,0,0,50.00,0
__import__.product_1402468,0,0,450.00,0
__import__.product_1402800,0,0,161.10,0
__import__.product_1404321,0,0,1040.90,0
__import__.product_1405022,0,0,40.00,0
__import__.product_1405075,0,0,0.50,0
__import__.product_1405077,0,0,115.00,0
__import__.product_1405407,0,0,69.00,0
__import__.product_1406503,9.70,21.40,25.30,9.70
__import__.product_1410123,0,0,114.90,0
__import__.product_1411370,26.00,26.40,115.00,29.00
__import__.product_1411800,0,0,6.30,0
__import__.product_1416438,36.00,25.30,301.50,46.70
__import__.product_1425149,0,0,8.80,0
__import__.product_1430784,0,0,5.00,0
__import__.product_1460116,0,0,1631.90,0
__import__.product_1466820,0,0,6.10,0
__import__.product_1484062,4.60,8.30,36.90,4.60
__import__.product_1488922,0,0,11.90,0
__import__.product_1500518,0,0,8.30,0
__import__.product_1501300,0,0,2972.00,0
__import__.product_1502100,0,0,2830.00,0
__import__.product_1503127,0,0,3713.00,0
__import__.product_1503130,0,0,3115.00,0
__import__.product_1504303,0,0,3569.00,0
__import__.product_1504313,0,0,2828.00,0
__import__.product_1505006,0,0,26.90,0
__import__.product_1507631,0,0,41.90,0
__import__.product_1507649,0,0,117.70,0
__import__.product_1515169,0,0,150.30,0
__import__.product_1527622,0,0,6130.00,0
__import__.product_1527649,0,0,6850.00,0
__import__.product_1529999,0,0,1440.00,0
__import__.product_1532290,5.00,13.70,19.80,5.00
__import__.product_1544295,15.20,9.50,29.20,17.80
__import__.product_1582022,0,0,116.40,0
__import__.product_1589463,0,0,54.00,0
__import__.product_1589969,0,0,8.80,0
__import__.product_1589985,0,0,6.20,0
__import__.product_1590500,0,0,42.50,0
__import__.product_1656453,10.70,0.80,9.10,12.70
__import__.product_1660778,3.80,2.80,2.80,15.70
__import__.product_1660794,3.80,2.90,2.80,15.70
__import__.product_1660802,0,0,6.10,0
__import__.product_1660851,0,0,3.40,0
__import__.product_1662048,0,0,12.90,0
__import__.product_1682962,0,0,20.50,0
__import__.product_1683713,0,0,21.00,0
__import__.product_1687522,0,0,225.00,0
__import__.product_1702810,0,0,20.00,0
__import__.product_1702891,0,0,255.60,0
__import__.product_1703201,0,0,1500.00,0
__import__.product_1703479,4.00,10.90,4.80,4.00
__import__.product_1704302,0,0,3048.00,0
__import__.product_1708134,0,0,570.00,0
__import__.product_1709823,0,0,17.10,0
__import__.product_1711100,0,0,89.00,0
__import__.product_1720507,2.60,5.60,4.50,5.30
__import__.product_1734201,0,0,12.00,0
__import__.product_1736401,0,0,4400.00,0
__import__.product_1738900,0,0,40.00,0
__import__.product_1741743,0,0,34.00,0
__import__.product_1741750,2.70,5.70,10.30,5.30
__import__.product_1743467,9.90,11.40,678.10,24.20
__import__.product_1763416,6.80,13.10,20.70,6.80
__import__.product_1773335,0,0,4.50,0
__import__.product_1778166,0,0,4.80,0
__import__.product_1800157,8.20,7.70,367.30,17.30
__import__.product_1800166,0,0,2700.00,0
__import__.product_1805050,0,0,17.00,0
__import__.product_1805270,0,0,115.00,0
__import__.product_1810018,0,0,70.00,0
__import__.product_1810460,0,0,11.80,0
__import__.product_1901791,0,0,159.60,0
__import__.product_1901931,0,0,107.00,0
__import__.product_2013080,0,0,2000.00,0
__import__.product_2024817,0,0,16.00,0
__import__.product_2028549,0,0,36.80,0
__import__.product_2028550,0,0,29.70,0
__import__.product_2060035,11.20,26.90,52.00,13.00
__import__.product_2060432,0,0,23.00,0
__import__.product_2061562,0,0,141.70,0
__import__.product_2070014,0,0,15.80,0
__import__.product_2101604,0,0,170.00,0
__import__.product_2102100,0,0,489.00,0
__import__.product_2140604,0,0,80.00,0
__import__.product_2157378,0,0,11.60,0
__import__.product_2167401,6.20,11.00,21.40,6.20
__import__.product_2177764,0,0,36.60,0
__import__.product_2194025,6.80,3.40,25.20,17.20
__import__.product_2214922,0,0,170.30,0
__import__.product_2221794,7.30,4.00,29.50,10.50
__import__.product_2222220,0,0,41.30,0
__import__.product_2228062,7.20,8.60,13.80,6.00
__import__.product_2237196,4.20,2.90,6.10,10.20
__import__.product_2241156,5.20,2.20,7.10,8.30
__import__.product_2247344,0,0,74.80,0
__import__.product_2247864,13.50,11.70,126.90,19.30
__import__.product_2251098,4.40,7.60,52.00,4.40
__import__.product_2252245,13.30,8.10,154.50,13.30
__import__.product_2256741,5.50,2.20,5.80,11.70
__import__.product_2262558,0,0,75.00,0
__import__.product_2271740,3.50,7.90,17.00,3.50
__import__.product_2277622,7.00,4.00,57.20,15.40
__import__.product_2289213,14.50,22.00,41.40,14.50
__import__.product_2300212,0,0,72.00,0
__import__.product_2303330,0,0,1617.00,0
__import__.product_2319531,10.00,22.40,8.30,10.00
__import__.product_2321200,0,0,59.00,0
__import__.product_2378149,13.10,2.50,20.30,14.40
__import__.product_2378164,13.10,2.50,23.90,14.50
__import__.product_2403267,0,0,250.00,0
__import__.product_2411296,9.70,3.10,11.60,12.00
__import__.product_2413326,0,0,10.20,0
__import__.product_2413359,0,0,6.00,0
__import__.product_2413540,0,0,6.40,0
__import__.product_2413565,0,0,7.90,0
__import__.product_2451888,8.90,24.00,120.40,8.90
__import__.product_2470441,7.60,2.30,5.20,12.90
__import__.product_2486001,0,0,52.50,0
__import__.product_2486002,0,0,52.50,0
__import__.product_2495495,0,0,603.60,0
__import__.product_2496002,0,0,52.50,0
__import__.product_2502500,0,0,142.00,0
__import__.product_2509917,20.40,7.80,118.30,21.70
__import__.product_2510137,0,0,400.00,0
__import__.product_2520212,0,0,14.80,0
__import__.product_2522047,0,0,29.70,0
__import__.product_2524777,0,0,26.00,0
__import__.product_2589557,0,0,42.30,0
__import__.product_2597951,4.70,8.90,51.30,4.70
__import__.product_2600649,14.20,22.00,16.40,9.00
__import__.product_2600655,12.30,17.30,7.50,7.30
__import__.product_2605046,3.50,7.00,14.00,3.50
__import__.product_2607033,0,0,399.00,0
__import__.product_2618965,5.70,10.60,53.60,5.70
__import__.product_2624294,11.70,4.10,10.60,6.90
__import__.product_2655256,5.30,11.50,29.50,5.20
__import__.product_2656494,0,0,32.50,0
__import__.product_2675684,0,0,47.40,0
__import__.product_2701548,5.00,2.50,7.80,10.00
__import__.product_2701700,0,0,27.50,0
__import__.product_2721157,14.30,9.90,53.00,9.80
__import__.product_2744480,5.70,2.20,6.10,11.00
__import__.product_2747640,4.00,8.00,70.90,4.00
__import__.product_2756740,16.50,3.80,17.80,7.90
__import__.product_2756773,17.50,6.60,42.50,8.00
__import__.product_2764975,15.30,11.70,152.00,10.70
__import__.product_2764983,7.50,6.00,46.40,14.00
__import__.product_2769115,5.20,10.20,27.60,5.20
__import__.product_2778447,15.00,1.70,8.10,11.00
__import__.product_2805125,5.60,11.60,24.60,5.60
__import__.product_2807975,0,0,48.00,0
__import__.product_2833929,7.30,8.20,29.50,11.70
__import__.product_2882629,14.80,1.80,26.80,11.10
__import__.product_2885473,3.50,20.50,10.30,7.00
__import__.product_2919942,7.10,11.20,6.10,1.70
__import__.product_2919959,7.10,11.30,34.50,5.20
__import__.product_2919975,7.10,11.50,60.50,6.30
__import__.product_2920064,8.70,7.50,18.10,13.20
__import__.product_2920437,13.70,25.80,133.90,12.50
__import__.product_2975753,0,0,21.90,0
__import__.product_2978963,0,0,6.10,0
__import__.product_3013019,0,0,4795.00,0
__import__.product_3015601,0,0,15.00,0
__import__.product_3030178,0,0,4.70,0
__import__.product_3032174,0,0,85.00,0
__import__.product_3035961,0,0,38.50,0
__import__.product_3035979,0,0,160.00,0
__import__.product_3035987,0,0,15.80,0
__import__.product_3036001,0,0,78.00,0
__import__.product_3044666,0,0,27.50,0
__import__.product_3044690,0,0,56.00,0
__import__.product_3044708,0,0,26.00,0
__import__.product_3045499,0,0,9.20,0
__import__.product_3045515,0,0,18.40,0
__import__.product_3050507,0,0,11.50,0
__import__.product_3051190,0,0,10.30,0
__import__.product_3074457,0,0,34.00,0
__import__.product_3075447,0,0,81.70,0
__import__.product_3195892,0,0,250.00,0
__import__.product_3195893,0,0,100.00,0
__import__.product_3205416,0,0,685.00,0
__import__.product_3206141,0,0,585.00,0
__import__.product_3206158,0,0,171.00,0
__import__.product_3206166,0,0,145.00,0
__import__.product_3206174,0,0,675.00,0
__import__.product_3206190,0,0,143.00,0
__import__.product_3206208,0,0,175.00,0
__import__.product_3213535,0,0,33.60,0
__import__.product_3241006,0,0,44.30,0
__import__.product_3241009,6.30,25.30,17.70,13.50
__import__.product_3241013,11.90,15.50,20.30,11.90
__import__.product_3241017,0,0,16.10,0
__import__.product_3241020,0,0,12.10,0
__import__.product_3241024,0,0,18.00,0
__import__.product_3265000,0,0,75.00,0
__import__.product_3280757,0,0,9.60,0
__import__.product_3301100,0,0,1250.00,0
__import__.product_3301300,0,0,1645.00,0
__import__.product_3302202,0,0,1537.00,0
__import__.product_3303330,0,0,1822.00,0
__import__.product_3308772,0,0,4.10,0
__import__.product_3327376,0,0,6.90,0
__import__.product_3455368,0,0,148.00,0
__import__.product_3621871,0,0,1.40,0
__import__.product_3621880,4.20,1.90,1.40,7.50
__import__.product_3621898,17.80,8.90,28.00,22.00
__import__.product_3680085,0,0,222.30,0
__import__.product_3704756,0,0,365.00,0
__import__.product_3723720,0,0,2748.40,0
__import__.product_3769070,0,0,40.00,0
__import__.product_3802844,0,0,380.00,0
__import__.product_3908259,0,0,96.50,0
__import__.product_4000038,0,0,250.00,0
__import__.product_4001277,0,0,1000.00,0
__import__.product_4002699,0,0,36.70,0
__import__.product_4002771,0,0,1940.00,0
__import__.product_4019969,0,0,60.00,0
__import__.product_4022752,0,0,2592.00,0
__import__.product_4026420,7.50,2.30,1.00,19.00
__import__.product_4103501,0,0,942.00,0
__import__.product_4111601,0,0,53.00,0
__import__.product_4200128,0,0,5.10,0
__import__.product_4201100,0,0,1142.00,0
__import__.product_4201300,0,0,1406.00,0
__import__.product_4201524,0,0,16.40,0
__import__.product_4251300,0,0,57.80,0
__import__.product_4301100,0,0,1557.00,0
__import__.product_4301821,0,0,6.60,0
__import__.product_4302202,0,0,1713.00,0
__import__.product_4303130,0,0,2971.00,0
__import__.product_4303330,0,0,1998.00,0
__import__.product_4394875,20.00,13.30,225.20,20.00
__import__.product_4444444,0,0,6000.00,0
__import__.product_4451042,0,0,20.40,0
__import__.product_4472173,0,0,7.70,0
__import__.product_4507782,27.00,25.00,53.00,27.00
__import__.product_4550005,0,0,74.00,0
__import__.product_4582312,0,0,42.30,0
__import__.product_4665643,0,0,15.00,0
__import__.product_4686098,3.70,8.70,9.50,2.80
__import__.product_4700763,17.00,16.80,234.00,25.60
__import__.product_4716037,14.40,9.90,114.60,6.70
__import__.product_4741265,16.30,12.20,47.90,19.90
__import__.product_4741325,14.40,12.90,124.10,14.50
__import__.product_4741609,19.00,16.00,27.50,19.00
__import__.product_4789817,17.20,0,43.60,17.20
__import__.product_5000034,0,0,10.30,0
__import__.product_5000040,0,0,160.00,0
__import__.product_5000123,0,0,15000.00,0
__import__.product_5000124,0,0,4500.00,0
__import__.product_5000310,0,0,197.70,0
__import__.product_5000412,0,0,50.00,0
__import__.product_5000503,0,0,355.00,0
__import__.product_5000616,0,0,197.70,0
__import__.product_5000803,0,0,1276.00,0
__import__.product_5000835,0,0,89.00,0
__import__.product_5000836,0,0,89.00,0
__import__.product_5000837,0,0,19.50,0
__import__.product_5000919,0,0,197.70,0
__import__.product_5001020,0,0,65.00,0
__import__.product_5001022,0,0,148.00,0
__import__.product_5001060,0,0,114.00,0
__import__.product_5001107,0,0,89.60,0
__import__.product_5001113,0,0,153.00,0
__import__.product_5001162,0,0,399.00,0
__import__.product_5001201,0,0,70.00,0
__import__.product_5001203,0,0,105.00,0
__import__.product_5001268,0,0,86.00,0
__import__.product_5001320,0,0,46.60,0
__import__.product_5001323,0,0,46.60,0
__import__.product_5001445,0,0,163.10,0
__import__.product_5001446,0,0,163.10,0
__import__.product_5001465,0,0,47.00,0
__import__.product_5001523,0,0,30.40,0
__import__.product_5001537,0,0,400.00,0
__import__.product_5001619,0,0,40.00,0
__import__.product_5001620,0,0,40.00,0
__import__.product_5001708,0,0,570.00,0
__import__.product_5001982,0,0,5500.00,0
__import__.product_5001985,0,0,351.30,0
__import__.product_5001986,0,0,196.30,0
__import__.product_5001994,0,0,41.70,0
__import__.product_5001995,0,0,930.00,0
__import__.product_5002012,0,0,5500.00,0
__import__.product_5002013,0,0,1500.00,0
__import__.product_5002035,0,0,11.10,0
__import__.product_5002212,0,0,327.70,0
__import__.product_5002313,0,0,63.40,0
__import__.product_5002314,0,0,66.40,0
__import__.product_5002420,0,0,50.00,0
__import__.product_5002445,0,0,3.60,0
__import__.product_5002590,0,0,10.00,0
__import__.product_5002618,0,0,10.00,0
__import__.product_5002634,0,0,50.00,0
__import__.product_5003000,0,0,4500.00,0
__import__.product_5003017,0,0,640.00,0
__import__.product_5003197,0,0,9.20,0
__import__.product_5003480,0,0,10.50,0
__import__.product_5003482,0,0,10.50,0
__import__.product_5004000,0,0,18.00,0
__import__.product_5004010,0,0,114.00,0
__import__.product_5004260,0,0,365.00,0
__import__.product_5004261,0,0,74.00,0
__import__.product_5005002,0,0,42.00,0
__import__.product_5005057,0,0,130.00,0
__import__.product_5005093,0,0,26.00,0
__import__.product_5005105,15.30,10.50,32.30,19.80
__import__.product_5005129,0,0,372.80,0
__import__.product_5005201,0,0,114.50,0
__import__.product_5005211,0,0,341.80,0
__import__.product_5005215,0,0,45.00,0
__import__.product_5006500,0,0,29.00,0
__import__.product_5006565,0,0,68.00,0
__import__.product_5006700,0,0,15.40,0
__import__.product_5007006,0,0,119.00,0
__import__.product_5007116,0,0,2101.90,0
__import__.product_5007143,0,0,81.90,0
__import__.product_5007144,0,0,81.90,0
__import__.product_5007145,0,0,81.90,0
__import__.product_5008104,0,0,2.50,0
__import__.product_5008105,0,0,2.50,0
__import__.product_5008106,0,0,2.50,0
__import__.product_5008107,0,0,2.50,0
__import__.product_5008185,0,0,59.00,0
__import__.product_5009003,0,0,26.50,0
__import__.product_5009290,0,0,15.00,0
__import__.product_5010013,0,0,67.00,0
__import__.product_5010034,0,0,53.30,0
__import__.product_5010075,0,0,125.00,0
__import__.product_5010085,0,0,125.00,0
__import__.product_5010090,0,0,125.00,0
__import__.product_5010100,0,0,430.00,0
__import__.product_5010115,0,0,65.00,0
__import__.product_5010120,0,0,25.50,0
__import__.product_5010201,0,0,75.00,0
__import__.product_5010205,0,0,250.00,0
__import__.product_5010208,0,0,55.00,0
__import__.product_5010209,0,0,55.00,0
__import__.product_5010430,0,0,53.00,0
__import__.product_5010611,0,0,450.00,0
__import__.product_5010638,13.20,23.20,16.80,7.50
__import__.product_5010645,12.90,22.80,21.00,7.60
__import__.product_5010669,10.70,22.10,16.80,7.10
__import__.product_5010670,0,0,100.80,0
__import__.product_5010680,1.40,5.00,0.80,1.40
__import__.product_5010684,1.10,4.50,0.80,1.10
__import__.product_5011004,0,0,36.40,0
__import__.product_5011025,0,0,2992.00,0
__import__.product_5011030,0,0,2992.00,0
__import__.product_5011044,0,0,86.20,0
__import__.product_5011095,0,0,7.00,0
__import__.product_5011102,0,0,55.00,0
__import__.product_5012000,0,0,30.00,0
__import__.product_5012004,0,0,75.00,0
__import__.product_5012011,0,0,20.00,0
__import__.product_5012281,0,0,415.00,0
__import__.product_5012285,0,0,107.20,0
__import__.product_5012393,0,0,125.00,0
__import__.product_5012395,0,0,185.00,0
__import__.product_5012520,0,0,23.90,0
__import__.product_5013411,0,0,6.20,0
__import__.product_5013461,0,0,6.20,0
__import__.product_5013465,0,0,9.50,0
__import__.product_5014000,0,0,36.60,0
__import__.product_5014132,0,0,21.00,0
__import__.product_5016019,0,0,60.00,0
__import__.product_5016022,0,0,45.00,0
__import__.product_5016372,0,0,4.20,0
__import__.product_5016392,0,0,52.10,0
__import__.product_5016465,0,0,45.00,0
__import__.product_5016497,0,0,30.00,0
__import__.product_5018994,0,0,10.00,0
__import__.product_5019337,0,0,80.00,0
__import__.product_5019419,0,0,15.00,0
__import__.product_5019487,0,0,45.00,0
__import__.product_5019885,0,0,40.10,0
__import__.product_5020173,0,0,92.00,0
__import__.product_5020174,0,0,92.00,0
__import__.product_5020175,0,0,92.00,0
__import__.product_5020176,0,0,92.00,0
__import__.product_5020186,0,0,42.60,0
__import__.product_5020187,0,0,70.30,0
__import__.product_5020403,0,0,32.90,0
__import__.product_5020411,0,0,31.20,0
__import__.product_5020412,0,0,31.20,0
__import__.product_5020440,0,0,10.50,0
__import__.product_5020472,0,0,32.40,0
__import__.product_5020532,0,0,90.00,0
__import__.product_5020540,0,0,40.60,0
__import__.product_5020541,0,0,41.90,0
__import__.product_5020571,0,0,29.40,0
__import__.product_5020572,0,0,29.40,0
__import__.product_5020609,0,0,420.00,0
__import__.product_5021220,0,0,5.70,0
__import__.product_5021448,0,0,15.00,0
__import__.product_5021620,0,0,31.50,0
__import__.product_5021701,0,0,162.80,0
__import__.product_5021702,0,0,210.00,0
__import__.product_5022000,0,0,130.00,0
__import__.product_5022015,0,0,4.70,0
__import__.product_5022026,0,0,31.50,0
__import__.product_5022055,0,0,125.00,0
__import__.product_5022214,0,0,170.10,0
__import__.product_5022501,0,0,153.00,0
__import__.product_5023025,0,0,3312.00,0
__import__.product_5023030,0,0,3312.00,0
__import__.product_5023092,0,0,2.50,0
__import__.product_5023093,0,0,2.50,0
__import__.product_5023095,0,0,2.50,0
__import__.product_5023097,0,0,2.50,0
__import__.product_5023157,0,0,41.50,0
__import__.product_5023195,0,0,125.00,0
__import__.product_5023316,0,0,12.90,0
__import__.product_5023414,0,0,59.30,0
__import__.product_5023420,0,0,59.30,0
__import__.product_502465,0,0,36.50,0
__import__.product_5025001,0,0,100.00,0
__import__.product_5025105,0,0,39.00,0
__import__.product_5025440,0,0,17.70,0
__import__.product_5025442,0,0,36.50,0
__import__.product_5025444,0,0,59.30,0
__import__.product_5026602,0,0,295.00,0
__import__.product_5026604,0,0,295.00,0
__import__.product_5026610,0,0,370.00,0
__import__.product_5027057,0,0,70.00,0
__import__.product_5027177,0,0,41.10,0
__import__.product_5027302,0,0,160.40,0
__import__.product_5027303,0,0,58.00,0
__import__.product_5027598,0,0,45.00,0
__import__.product_5028001,0,0,44.00,0
__import__.product_5029010,16.50,24.80,53.70,20.80
__import__.product_5029106,0,0,39.70,0
__import__.product_5029520,0,0,85.00,0
__import__.product_5030030,0,0,169.10,0
__import__.product_5030101,0,0,39.30,0
__import__.product_5030103,0,0,41.70,0
__import__.product_5030108,0,0,52.80,0
__import__.product_5030109,0,0,53.10,0
__import__.product_5030131,0,0,24.80,0
__import__.product_5030135,0,0,17.00,0
__import__.product_5030195,0,0,99.00,0
__import__.product_5030239,0,0,78.20,0
__import__.product_5030328,0,0,4.10,0
__import__.product_5030523,0,0,87.40,0
__import__.product_5030733,0,0,89.00,0
__import__.product_5030800,0,0,2300.00,0
__import__.product_5030801,0,0,150.00,0
__import__.product_5030802,0,0,2430.00,0
__import__.product_5030809,0,0,24777.00,0
__import__.product_5031151,0,0,3.40,0
__import__.product_5031222,0,0,38.80,0
__import__.product_5031242,0,0,10.40,0
__import__.product_5031406,0,0,13.10,0
__import__.product_5031777,0,0,50.00,0
__import__.product_5031944,0,0,98.50,0
__import__.product_5031950,0,0,98.50,0
__import__.product_5032164,0,0,236.00,0
__import__.product_5032167,0,0,236.00,0
__import__.product_5032176,0,0,263.00,0
__import__.product_5033010,0,0,65.60,0
__import__.product_5033148,0,0,192.00,0
__import__.product_5033159,0,0,245.00,0
__import__.product_5033160,0,0,245.00,0
__import__.product_5033161,0,0,245.00,0
__import__.product_5033162,0,0,245.00,0
__import__.product_5034023,0,0,150.00,0
__import__.product_5034085,0,0,89.50,0
__import__.product_5034921,0,0,1050.00,0
__import__.product_5035132,0,0,0.90,0
__import__.product_5035290,0,0,6.30,0
__import__.product_5035326,0,0,20.00,0
__import__.product_5038031,0,0,150.00,0
__import__.product_5038982,0,0,52.50,0
__import__.product_5039017,0,0,29.10,0
__import__.product_5039031,0,0,24.00,0
__import__.product_5039180,0,0,20.20,0
__import__.product_5039500,0,0,591.20,0
__import__.product_5039700,0,0,30.00,0
__import__.product_5039702,0,0,33.00,0
__import__.product_5039703,0,0,26.80,0
__import__.product_5039705,0,0,30.00,0
__import__.product_5039707,0,0,30.00,0
__import__.product_5039709,6.00,6.20,29.90,14.40
__import__.product_5039710,0,0,30.00,0
__import__.product_5039711,0,0,30.00,0
__import__.product_5039713,0,0,30.00,0
__import__.product_5039714,0,0,30.00,0
__import__.product_5039715,0,0,30.00,0
__import__.product_5039800,0,0,34.80,0
__import__.product_5039801,0,0,34.80,0
__import__.product_5039811,0,0,39.00,0
__import__.product_5039812,0,0,39.00,0
__import__.product_5039813,0,0,39.00,0
__import__.product_5039814,0,0,39.00,0
__import__.product_5039900,0,0,30.60,0
__import__.product_5039902,0,0,18.00,0
__import__.product_5039903,0,0,18.00,0
__import__.product_5039904,0,0,30.60,0
__import__.product_5039905,0,0,18.00,0
__import__.product_5040125,0,0,40.00,0
__import__.product_5040411,0,0,120.00,0
__import__.product_5040912,0,0,48.00,0
__import__.product_5041022,0,0,74.80,0
__import__.product_5041120,0,0,965.00,0
__import__.product_5041257,4.50,4.50,8.10,12.80
__import__.product_5041911,0,0,27.60,0
__import__.product_5042205,0,0,730.00,0
__import__.product_5042212,0,0,54.70,0
__import__.product_5042300,0,0,200.00,0
__import__.product_5042800,0,0,399.00,0
__import__.product_5042805,0,0,20.00,0
__import__.product_5042810,0,0,350.00,0
__import__.product_5042811,0,0,50.00,0
__import__.product_5043268,0,0,58.00,0
__import__.product_5043270,0,0,58.00,0
__import__.product_5043445,0,0,1.00,0
__import__.product_5043666,0,0,53.30,0
__import__.product_5046001,0,0,212.00,0
__import__.product_5046543,0,0,312.00,0
__import__.product_5046602,0,0,85.00,0
__import__.product_5046612,0,0,85.00,0
__import__.product_5046622,0,0,85.00,0
__import__.product_5046632,0,0,85.00,0
__import__.product_5046987,0,0,45.50,0
__import__.product_5048021,0,0,104.00,0
__import__.product_5048204,0,0,146.00,0
__import__.product_5048248,0,0,154.60,0
__import__.product_5048999,0,0,46.50,0
__import__.product_5052210,0,0,105.60,0
__import__.product_5052211,0,0,105.60,0
__import__.product_5052212,0,0,105.60,0
__import__.product_5052221,0,0,105.60,0
__import__.product_5052226,0,0,105.60,0
__import__.product_5052232,0,0,105.60,0
__import__.product_5052265,0,0,105.60,0
__import__.product_5052272,0,0,105.60,0
__import__.product_5052277,0,0,105.60,0
__import__.product_5052296,0,0,105.60,0
__import__.product_5052302,0,0,42.50,0
__import__.product_5052303,0,0,42.50,0
__import__.product_5052304,0,0,42.50,0
__import__.product_5052305,0,0,42.50,0
__import__.product_5052306,0,0,42.50,0
__import__.product_5052312,0,0,62.50,0
__import__.product_5052313,0,0,62.50,0
__import__.product_5052314,0,0,62.50,0
__import__.product_5052315,0,0,62.50,0
__import__.product_5052351,0,0,39.20,0
__import__.product_5052353,0,0,39.20,0
__import__.product_5052355,0,0,39.20,0
__import__.product_5052356,0,0,39.20,0
__import__.product_5052361,0,0,39.20,0
__import__.product_5052362,0,0,39.20,0
__import__.product_5052363,0,0,39.20,0
__import__.product_5052364,0,0,39.20,0
__import__.product_5052365,0,0,39.20,0
__import__.product_5052366,0,0,39.20,0
__import__.product_5052371,0,0,39.20,0
__import__.product_5052372,0,0,39.20,0
__import__.product_5052373,0,0,39.20,0
__import__.product_5052374,0,0,39.20,0
__import__.product_5052375,0,0,39.20,0
__import__.product_5052376,0,0,39.20,0
__import__.product_5052431,0,0,25.30,0
__import__.product_5052450,0,0,36.50,0
__import__.product_5052451,0,0,36.50,0
__import__.product_5052452,0,0,36.50,0
__import__.product_5052453,0,0,36.50,0
__import__.product_5052454,0,0,36.50,0
__import__.product_5052455,0,0,36.50,0
__import__.product_5052460,0,0,36.50,0
__import__.product_5052461,0,0,36.50,0
__import__.product_5052462,0,0,36.50,0
__import__.product_5052463,0,0,36.50,0
__import__.product_5052464,0,0,36.50,0
__import__.product_5052465,0,0,36.50,0
__import__.product_5054004,0,0,13.80,0
__import__.product_5054204,0,0,12.30,0
__import__.product_5055544,0,0,82.00,0
__import__.product_5058181,0,0,4.90,0
__import__.product_5058182,0,0,4.90,0
__import__.product_5058811,0,0,29.40,0
__import__.product_5058812,0,0,29.40,0
__import__.product_5058813,0,0,29.40,0
__import__.product_5058814,0,0,29.40,0
__import__.product_5058905,0,0,3.70,0
__import__.product_5059436,0,0,229.70,0
__import__.product_5060000,0,0,5.50,0
__import__.product_5060399,0,0,2.40,0
__import__.product_5060515,0,0,100.00,0
__import__.product_5061004,0,0,29.00,0
__import__.product_5061011,0,0,47.00,0
__import__.product_5061906,0,0,553.80,0
__import__.product_5062305,0,0,45.00,0
__import__.product_5062718,0,0,5.50,0
__import__.product_5063201,0,0,3.70,0
__import__.product_5063344,14.30,15.00,24.00,16.60
__import__.product_5063907,0,0,13.20,0
__import__.product_5063910,0,0,23.50,0
__import__.product_5063960,9.00,21.50,8.40,14.00
__import__.product_5064035,0,0,21.50,0
__import__.product_5067070,0,0,7.30,0
__import__.product_5067076,0,0,5.70,0
__import__.product_5067405,0,0,986.70,0
__import__.product_5070006,0,0,330.00,0
__import__.product_5070295,0,0,87.50,0
__import__.product_5070683,0,0,70.90,0
__import__.product_5070809,0,0,137.50,0
__import__.product_5073461,0,0,25.00,0
__import__.product_5074031,0,0,30.30,0
__import__.product_5077501,0,0,56.70,0
__import__.product_5077513,0,0,7.90,0
__import__.product_5078023,0,0,3.40,0
__import__.product_5080009,0,0,49.00,0
__import__.product_5080049,7.30,12.70,12.90,7.30
__import__.product_5080104,0,0,58.50,0
__import__.product_5080300,0,0,85.00,0
__import__.product_5080301,0,0,60.00,0
__import__.product_5080401,6.00,25.00,55.00,13.50
__import__.product_5080402,16.00,23.50,232.00,24.50
__import__.product_5080415,8.50,17.40,24.00,8.50
__import__.product_5080426,6.70,14.80,51.50,6.70
__import__.product_5080451,9.30,21.60,29.00,9.20
__import__.product_5080453,0,0,190.00,0
__import__.product_5080460,0,0,10.00,0
__import__.product_5080462,0,0,32.00,0
__import__.product_5080465,0,0,97.00,0
__import__.product_5080801,0,0,6.80,0
__import__.product_5081150,0,0,152.70,0
__import__.product_5081202,0,0,3.40,0
__import__.product_5081205,0,0,3.40,0
__import__.product_5081600,0,0,1735.00,0
__import__.product_5082199,0,0,20.00,0
__import__.product_5082200,0,0,20.00,0
__import__.product_5082201,0,0,27.00,0
__import__.product_5082202,0,0,27.00,0
__import__.product_5082205,0,0,27.00,0
__import__.product_5082206,0,0,27.00,0
__import__.product_5082301,0,0,50.00,0
__import__.product_5082303,0,0,56.00,0
__import__.product_5082305,0,0,60.00,0
__import__.product_5082422,0,0,250.00,0
__import__.product_5082523,0,0,250.00,0
__import__.product_5082524,0,0,250.00,0
__import__.product_5082525,0,0,250.00,0
__import__.product_5084013,0,0,10.30,0
__import__.product_5085003,0,0,6.80,0
__import__.product_5085231,0,0,5.30,0
__import__.product_5085250,12.40,10.20,18.60,8.40
__import__.product_5086015,0,0,73.00,0
__import__.product_5086075,0,0,639.00,0
__import__.product_5086241,0,0,709.00,0
__import__.product_5087104,6.50,5.60,0.50,6.50
__import__.product_5087206,8.20,23.30,0.80,8.20
__import__.product_5087210,0,0,0.10,0
__import__.product_5087235,0,0,4.10,0
__import__.product_5087240,0,0,0.30,0
__import__.product_5087308,6.00,11.50,0.80,6.00
__import__.product_5087344,3.30,8.00,0.40,3.30
__import__.product_5090909,0,0,1500.00,0
__import__.product_5091153,0,0,83.40,0
__import__.product_5091920,0,0,6.00,0
__import__.product_5093509,0,0,2.00,0
__import__.product_5093631,0,0,60.00,0
__import__.product_5097003,0,0,2500.00,0
__import__.product_5097275,6.00,15.50,16.70,5.80
__import__.product_5098711,0,0,3500.00,0
__import__.product_5100000,0,0,143.00,0
__import__.product_5100001,0,0,225.00,0
__import__.product_5100002,0,0,40.00,0
__import__.product_5100003,0,0,20.00,0
__import__.product_5100005,0,0,296.00,0
__import__.product_5100006,0,0,34.00,0
__import__.product_5100012,0,0,550.00,0
__import__.product_5100100,0,0,3500.00,0
__import__.product_5100200,0,0,3500.00,0
__import__.product_5100201,0,0,17.00,0
__import__.product_5100409,0,0,80.50,0
__import__.product_5100410,0,0,133.60,0
__import__.product_5100534,0,0,100.30,0
__import__.product_5100709,0,0,40.10,0
__import__.product_5100720,0,0,1150.00,0
__import__.product_5100721,0,0,100.00,0
__import__.product_5100771,0,0,495.00,0
__import__.product_5100781,0,0,898.80,0
__import__.product_5100980,0,0,765.00,0
__import__.product_5101066,0,0,29.00,0
__import__.product_5101067,0,0,29.00,0
__import__.product_5101411,0,0,50.00,0
__import__.product_5101512,0,0,26.80,0
__import__.product_5102064,0,0,2625.00,0
__import__.product_5102206,0,0,75.00,0
__import__.product_5103080,0,0,675.00,0
__import__.product_5103125,0,0,2051.00,0
__import__.product_5103130,0,0,2005.00,0
__import__.product_5103170,0,0,157.40,0
__import__.product_5103300,0,0,20.00,0
__import__.product_5103425,0,0,60.00,0
__import__.product_5104022,0,0,17.00,0
__import__.product_5104503,0,0,22.00,0
__import__.product_5104504,0,0,22.00,0
__import__.product_5104520,0,0,68.50,0
__import__.product_5105061,0,0,30.40,0
__import__.product_5105512,0,0,37.50,0
__import__.product_5105607,0,0,25.00,0
__import__.product_5105623,0,0,105.00,0
__import__.product_5105831,0,0,105.00,0
__import__.product_5105832,0,0,105.00,0
__import__.product_5105840,0,0,105.00,0
__import__.product_5106046,0,0,5.00,0
__import__.product_5106061,0,0,1212.00,0
__import__.product_5106320,0,0,14.50,0
__import__.product_5106321,0,0,390.00,0
__import__.product_5106322,0,0,305.00,0
__import__.product_5106323,0,0,25.00,0
__import__.product_5106324,0,0,97.90,0
__import__.product_5106330,0,0,250.00,0
__import__.product_5107000,0,0,430.00,0
__import__.product_5107509,0,0,13.40,0
__import__.product_5108000,0,0,1126.00,0
__import__.product_5109161,0,0,35.00,0
__import__.product_5109900,0,0,8900.00,0
__import__.product_5109901,0,0,1800.00,0
__import__.product_5110033,0,0,15.90,0
__import__.product_5110180,0,0,19.40,0
__import__.product_5110505,0,0,75.00,0
__import__.product_5111010,0,0,60.00,0
__import__.product_5111104,0,0,275.00,0
__import__.product_5111120,0,0,50.00,0
__import__.product_5111331,0,0,400.00,0
__import__.product_5111525,0,0,98.20,0
__import__.product_5111730,0,0,2800.00,0
__import__.product_5112012,0,0,13.00,0
__import__.product_5112013,0,0,16.00,0
__import__.product_5112233,0,0,10.00,0
__import__.product_5112344,0,0,78.50,0
__import__.product_5112345,0,0,78.50,0
__import__.product_5112500,0,0,52.00,0
__import__.product_5112510,0,0,52.00,0
__import__.product_5112515,0,0,56.00,0
__import__.product_5113020,0,0,2.00,0
__import__.product_5113582,10.30,14.50,22.80,6.40
__import__.product_5115022,0,0,1150.00,0
__import__.product_5115250,0,0,401.00,0
__import__.product_5116103,0,0,30.60,0
__import__.product_5117330,0,0,68.00,0
__import__.product_5117809,0,0,16.50,0
__import__.product_5117811,0,0,19.50,0
__import__.product_5117812,0,0,19.50,0
__import__.product_5118100,0,0,564.90,0
__import__.product_5118102,0,0,816.00,0
__import__.product_5119486,0,0,6.50,0
__import__.product_5120109,0,0,288.00,0
__import__.product_5120313,0,0,2134.00,0
__import__.product_5120614,0,0,69.00,0
__import__.product_5120615,0,0,69.00,0
__import__.product_5121208,0,0,20000.00,0
__import__.product_5121209,0,0,250.00,0
__import__.product_5121213,0,0,64.00,0
__import__.product_5121214,0,0,77.00,0
__import__.product_5121266,0,0,3.00,0
__import__.product_5121268,8.60,8.80,3.00,10.70
__import__.product_5121300,0,0,4786.00,0
__import__.product_5121310,0,0,288.50,0
__import__.product_5121908,0,0,1300.00,0
__import__.product_5122810,0,0,499.00,0
__import__.product_5123310,0,0,695.00,0
__import__.product_5123314,0,0,135.00,0
__import__.product_5123654,0,0,2500.00,0
__import__.product_5123789,0,0,380.00,0
__import__.product_5123810,0,0,271.00,0
__import__.product_5123816,0,0,101.50,0
__import__.product_5124000,0,0,35.00,0
__import__.product_5124003,0,0,48.10,0
__import__.product_5124081,0,0,135.50,0
__import__.product_5124180,0,0,24.00,0
__import__.product_5124242,0,0,42.00,0
__import__.product_5125211,8.70,4.50,8.80,15.50
__import__.product_5125250,0,0,250.00,0
__import__.product_5125272,0,0,482.50,0
__import__.product_5125446,0,0,190.00,0
__import__.product_5127000,0,0,80.00,0
__import__.product_5127512,0,0,10.00,0
__import__.product_5127524,0,0,25.70,0
__import__.product_5130309,0,0,49.50,0
__import__.product_5130310,0,0,49.50,0
__import__.product_5130311,0,0,49.50,0
__import__.product_5130312,0,0,49.50,0
__import__.product_5130403,0,0,58.00,0
__import__.product_5130404,0,0,58.00,0
__import__.product_5130405,0,0,58.00,0
__import__.product_5130413,0,0,39.50,0
__import__.product_5131871,0,0,156.30,0
__import__.product_5132400,0,0,66.00,0
__import__.product_5134016,5.90,6.40,31.40,14.10
__import__.product_5136390,0,0,755.00,0
__import__.product_5136418,0,0,160.40,0
__import__.product_5138101,0,0,426.00,0
__import__.product_5140000,0,0,150.00,0
__import__.product_5140011,0,0,8800.00,0
__import__.product_5140100,0,0,650.00,0
__import__.product_5140101,0,0,600.00,0
__import__.product_5140154,0,0,31.50,0
__import__.product_5140415,0,0,179.70,0
__import__.product_5140460,0,0,141.40,0
__import__.product_5140554,0,0,23.10,0
__import__.product_5142808,0,0,151.40,0
__import__.product_5143160,0,0,4.90,0
__import__.product_5143209,0,0,111.70,0
__import__.product_5145000,0,0,8.40,0
__import__.product_5145020,0,0,120.00,0
__import__.product_5145183,0,0,165.00,0
__import__.product_5145690,0,0,71.70,0
__import__.product_5145870,0,0,139.00,0
__import__.product_5145944,0,0,165.00,0
__import__.product_5147012,0,0,2.30,0
__import__.product_5147100,0,0,5.30,0
__import__.product_5147290,0,0,93.00,0
__import__.product_5147720,0,0,12.00,0
__import__.product_5147910,0,0,57.20,0
__import__.product_5148000,0,0,1.50,0
__import__.product_5148001,0,0,1.60,0
__import__.product_5148004,0,0,3.70,0
__import__.product_5148503,0,0,85.50,0
__import__.product_5150000,0,0,6000.00,0
__import__.product_5150109,0,0,440.00,0
__import__.product_5150122,0,0,27.20,0
__import__.product_5150270,0,0,82.50,0
__import__.product_5150409,0,0,36.50,0
__import__.product_5150464,0,0,67.00,0
__import__.product_5150509,0,0,148.80,0
__import__.product_5150609,0,0,28000.00,0
__import__.product_5150610,0,0,43537.00,0
__import__.product_5151009,0,0,5.50,0
__import__.product_5151010,0,0,5.50,0
__import__.product_5151011,0,0,5.50,0
__import__.product_5151014,0,0,47.60,0
__import__.product_5151341,0,0,500.00,0
__import__.product_5151674,0,0,330.00,0
__import__.product_5152210,0,0,25.00,0
__import__.product_5152211,0,0,32.00,0
__import__.product_5152912,0,0,114.30,0
__import__.product_5152913,0,0,114.30,0
__import__.product_5153525,0,0,15.20,0
__import__.product_5154500,0,0,1307.00,0
__import__.product_5156506,0,0,10.80,0
__import__.product_5158142,0,0,140.00,0
__import__.product_5158241,0,0,4.50,0
__import__.product_5158251,0,0,4.50,0
__import__.product_5159401,0,0,11.20,0
__import__.product_5159593,0,0,393.00,0
__import__.product_5160012,0,0,2500.00,0
__import__.product_5160013,0,0,2700.00,0
__import__.product_5160625,5.50,5.00,1.60,5.50
__import__.product_5160652,13.00,6.00,2.40,8.00
__import__.product_5160951,5.20,19.00,13.20,19.00
__import__.product_5162032,0,0,32.40,0
__import__.product_5164018,0,0,31.50,0
__import__.product_5165000,3.60,16.70,12.50,3.60
__import__.product_5165021,0,0,6.40,0
__import__.product_5165022,0,0,9.10,0
__import__.product_5166101,0,0,4.10,0
__import__.product_5170115,0,0,57.70,0
__import__.product_5170164,0,0,71.00,0
__import__.product_5170221,0,0,17.90,0
__import__.product_5170222,0,0,17.90,0
__import__.product_5170365,0,0,270.00,0
__import__.product_5170714,0,0,650.00,0
__import__.product_5170715,0,0,380.00,0
__import__.product_5171208,0,0,22.80,0
__import__.product_5171234,0,0,35.50,0
__import__.product_5171235,0,0,125.00,0
__import__.product_5172828,0,0,2500.00,0
__import__.product_5172829,0,0,140.00,0
__import__.product_5174300,0,0,810.00,0
__import__.product_5174311,0,0,133.60,0
__import__.product_5174400,7.50,26.50,320.00,32.50
__import__.product_5175145,0,0,11.00,0
__import__.product_5175499,28.30,22.90,37.00,12.00
__import__.product_5177600,0,0,45.00,0
__import__.product_5178385,0,0,299.00,0
__import__.product_5180030,0,0,20.00,0
__import__.product_5180038,0,0,70.00,0
__import__.product_5180209,0,0,165.00,0
__import__.product_5180310,0,0,19.00,0
__import__.product_5180515,0,0,995.00,0
__import__.product_5180592,0,0,10.50,0
__import__.product_5180593,0,0,10.50,0
__import__.product_5180594,0,0,10.50,0
__import__.product_5180595,0,0,10.50,0
__import__.product_5184010,4.30,4.30,1.60,10.00
__import__.product_5189085,0,0,18.40,0
__import__.product_5189086,0,0,18.40,0
__import__.product_5190221,0,0,8843.00,0
__import__.product_5190222,0,0,11155.00,0
__import__.product_5190225,0,0,145.00,0
__import__.product_5190226,0,0,387.00,0
__import__.product_5190227,0,0,213.00,0
__import__.product_5190228,0,0,172.00,0
__import__.product_5190277,0,0,30.10,0
__import__.product_5190690,0,0,463.00,0
__import__.product_5190921,0,0,260.00,0
__import__.product_5191208,0,0,138.00,0
__import__.product_5191212,0,0,185.00,0
__import__.product_5191308,0,0,12162.00,0
__import__.product_5191363,0,0,23.00,0
__import__.product_5191481,0,0,23.50,0
__import__.product_5191488,0,0,25.00,0
__import__.product_5192018,0,0,11.90,0
__import__.product_5192019,0,0,8.90,0
__import__.product_5192028,0,0,139.00,0
__import__.product_5192030,15.80,5.80,350.00,33.50
__import__.product_5192750,0,0,103.10,0
__import__.product_5197470,0,0,240.00,0
__import__.product_5200022,0,0,11.50,0
__import__.product_5200123,0,0,2800.00,0
__import__.product_5200127,0,0,15.00,0
__import__.product_5200409,2.70,11.00,34.00,9.20
__import__.product_5200812,0,0,4500.00,0
__import__.product_5201010,0,0,775.00,0
__import__.product_5201017,0,0,2183.00,0
__import__.product_5201115,0,0,67.50,0
__import__.product_5201300,0,0,2121.00,0
__import__.product_5201500,0,0,4513.00,0
__import__.product_5202051,0,0,45.00,0
__import__.product_5202055,0,0,1111.00,0
__import__.product_5202100,0,0,1965.00,0
__import__.product_5202200,0,0,250.00,0
__import__.product_5202260,0,0,2822.00,0
__import__.product_5202570,0,0,28.00,0
__import__.product_5203011,0,0,5.50,0
__import__.product_5203042,0,0,5.00,0
__import__.product_5203127,0,0,2288.00,0
__import__.product_5203130,0,0,2288.00,0
__import__.product_5205205,0,0,94.10,0
__import__.product_5206001,0,0,350.00,0
__import__.product_5206045,0,0,10.20,0
__import__.product_5206050,0,0,10.20,0
__import__.product_5206250,0,0,246.00,0
__import__.product_5206510,0,0,7.00,0
__import__.product_5209706,0,0,10.00,0
__import__.product_5210164,0,0,170.00,0
__import__.product_5210352,0,0,20.00,0
__import__.product_5210391,0,0,36.10,0
__import__.product_5211300,0,0,450.00,0
__import__.product_5211502,0,0,30.00,0
__import__.product_5211525,0,0,98.20,0
__import__.product_5212040,0,0,16.10,0
__import__.product_5212042,0,0,16.10,0
__import__.product_5212044,0,0,16.10,0
__import__.product_5212289,0,0,264.70,0
__import__.product_5213047,0,0,235.00,0
__import__.product_5213282,0,0,2250.00,0
__import__.product_5215040,0,0,49.30,0
__import__.product_5215530,0,0,580.00,0
__import__.product_5216100,0,0,228.00,0
__import__.product_5217305,0,0,212.00,0
__import__.product_5218005,0,0,6.10,0
__import__.product_5219600,0,0,135.00,0
__import__.product_5220040,0,0,27.00,0
__import__.product_5220257,0,0,40.00,0
__import__.product_5220410,0,0,4.50,0
__import__.product_5220411,0,0,4.50,0
__import__.product_5221000,0,0,20.00,0
__import__.product_5221012,0,0,63.50,0
__import__.product_5221410,0,0,320.00,0
__import__.product_5222500,0,0,62.00,0
__import__.product_5222501,0,0,50.00,0
__import__.product_5222502,0,0,36.00,0
__import__.product_5222505,0,0,58.00,0
__import__.product_5222511,0,0,52.00,0
__import__.product_5222943,0,0,47.00,0
__import__.product_5224890,0,0,76.30,0
__import__.product_5225224,0,0,176.00,0
__import__.product_5226002,0,0,1500.00,0
__import__.product_5230614,0,0,50.00,0
__import__.product_5230645,0,0,9.00,0
__import__.product_5231208,0,0,7000.00,0
__import__.product_5231209,0,0,5000.00,0
__import__.product_5231210,0,0,650.00,0
__import__.product_5236487,0,0,3000.00,0
__import__.product_5239951,0,0,15.00,0
__import__.product_5240253,0,0,27.00,0
__import__.product_5240609,0,0,8.50,0
__import__.product_5241113,0,0,6.20,0
__import__.product_5241320,0,0,22.80,0
__import__.product_5241330,0,0,22.80,0
__import__.product_5241340,0,0,22.80,0
__import__.product_5241350,0,0,22.80,0
__import__.product_5241524,0,0,15.80,0
__import__.product_5242012,0,0,1699.00,0
__import__.product_5242013,0,0,1350.00,0
__import__.product_5242310,0,0,24.70,0
__import__.product_5242320,0,0,24.70,0
__import__.product_5242330,0,0,24.70,0
__import__.product_5242340,0,0,23.30,0
__import__.product_5242410,0,0,24.70,0
__import__.product_5242500,6.90,9.40,26.10,7.20
__import__.product_5242501,12.50,7.50,119.50,18.70
__import__.product_5243018,0,0,300.00,0
__import__.product_5243310,0,0,25.90,0
__import__.product_5243320,0,0,25.90,0
__import__.product_5243330,0,0,25.90,0
__import__.product_5243340,0,0,25.90,0
__import__.product_5243410,0,0,25.90,0
__import__.product_5243550,0,0,46.40,0
__import__.product_5244000,0,0,849.00,0
__import__.product_5244001,0,0,999.00,0
__import__.product_5244002,0,0,999.00,0
__import__.product_5244003,0,0,1999.00,0
__import__.product_5244004,0,0,1649.00,0
__import__.product_5244005,0,0,1749.00,0
__import__.product_5244006,0,0,2399.00,0
__import__.product_5244007,0,0,2399.00,0
__import__.product_5244008,0,0,2299.00,0
__import__.product_5244009,0,0,2785.00,0
__import__.product_5244010,0,0,2299.00,0
__import__.product_5244013,0,0,1999.00,0
__import__.product_5244014,0,0,2250.00,0
__import__.product_5244017,0,0,140.00,0
__import__.product_5244018,0,0,65.00,0
__import__.product_5244019,0,0,105.00,0
__import__.product_5244021,0,0,250.00,0
__import__.product_5244022,0,0,249.00,0
__import__.product_5244023,0,0,2145.00,0
__import__.product_5244024,0,0,999.00,0
__import__.product_5244025,0,0,999.00,0
__import__.product_5244026,0,0,189.00,0
__import__.product_5244027,0,0,199.00,0
__import__.product_5244028,0,0,65.00,0
__import__.product_5244029,0,0,3049.00,0
__import__.product_5244031,0,0,1499.00,0
__import__.product_5244032,0,0,999.00,0
__import__.product_5244033,0,0,50.00,0
__import__.product_5244035,0,0,35.00,0
__import__.product_5244036,0,0,1012.00,0
__import__.product_5244037,0,0,100.00,0
__import__.product_5244038,0,0,150.00,0
__import__.product_5244042,0,0,1853.00,0
__import__.product_5244044,0,0,1625.00,0
__import__.product_5244050,0,0,44.40,0
__import__.product_5244060,0,0,44.40,0
__import__.product_5244061,0,0,45.00,0
__import__.product_5244066,0,0,1399.00,0
__import__.product_5244104,0,0,1249.00,0
__import__.product_5244143,0,0,1805.00,0
__import__.product_5244150,0,0,190.00,0
__import__.product_5244151,0,0,170.00,0
__import__.product_5244152,0,0,50.00,0
__import__.product_5244204,0,0,2401.50,0
__import__.product_5244205,0,0,30.50,0
__import__.product_5244206,0,0,207.50,0
__import__.product_5244243,0,0,1625.00,0
__import__.product_5244290,0,0,249.00,0
__import__.product_5245001,0,0,2065.00,0
__import__.product_5245500,0,0,14.40,0
__import__.product_5246802,0,0,163.00,0
__import__.product_5246810,0,0,60.00,0
__import__.product_5248050,0,0,45.90,0
__import__.product_5248070,0,0,45.90,0
__import__.product_5248120,0,0,73.10,0
__import__.product_5248258,0,0,35.00,0
__import__.product_5250333,0,0,12.50,0
__import__.product_5251307,0,0,1.60,0
__import__.product_5252012,0,0,38500.00,0
__import__.product_5253803,0,0,48.00,0
__import__.product_5256792,0,0,130.00,0
__import__.product_5259602,0,0,305.80,0
__import__.product_5259828,0,0,82.10,0
__import__.product_5260000,0,0,11.30,0
__import__.product_5260050,6.00,42.00,106.20,32.00
__import__.product_5260051,2.00,39.00,106.20,32.50
__import__.product_5260430,0,0,5.00,0
__import__.product_5260509,2.50,10.00,1.60,2.50
__import__.product_5260567,0,0,172.30,0
__import__.product_5260578,0,0,64.50,0
__import__.product_5260620,17.20,18.60,103.40,35.00
__import__.product_5260809,0,0,141.00,0
__import__.product_5262201,0,0,50.00,0
__import__.product_5263017,0,0,9.50,0
__import__.product_5265000,0,0,550.00,0
__import__.product_5265001,0,0,550.00,0
__import__.product_5268210,0,0,71.00,0
__import__.product_5268734,0,0,275.80,0
__import__.product_5270003,12.30,15.30,15.20,12.30
__import__.product_5270004,12.30,15.30,15.20,12.30
__import__.product_5270104,0,0,846.00,0
__import__.product_5270175,0,0,650.00,0
__import__.product_5270201,0,0,27.00,0
__import__.product_5270204,0,0,2.00,0
__import__.product_5270409,0,0,23000.00,0
__import__.product_5270601,0,0,23.00,0
__import__.product_5270602,0,0,124.00,0
__import__.product_5270620,0,0,95.20,0
__import__.product_5271000,0,0,12.00,0
__import__.product_5271004,0,0,17.50,0
__import__.product_5271036,0,0,179.00,0
__import__.product_5271044,0,0,550.00,0
__import__.product_5271091,0,0,7.90,0
__import__.product_5271121,0,0,15.60,0
__import__.product_5271200,0,0,179.00,0
__import__.product_5271298,0,0,20.00,0
__import__.product_5271299,0,0,18.00,0
__import__.product_5271300,0,0,20.00,0
__import__.product_5271301,0,0,18.00,0
__import__.product_5271302,0,0,20.00,0
__import__.product_5271303,0,0,20.00,0
__import__.product_5271304,0,0,16.00,0
__import__.product_5271306,0,0,15.00,0
__import__.product_5271308,0,0,22.00,0
__import__.product_5271310,0,0,29.00,0
__import__.product_5271311,0,0,16.00,0
__import__.product_5271362,0,0,4795.00,0
__import__.product_5271405,0,0,19.80,0
__import__.product_5271406,0,0,21.00,0
__import__.product_5271407,0,0,21.00,0
__import__.product_5271409,0,0,27.00,0
__import__.product_5271416,0,0,24.90,0
__import__.product_5271417,0,0,24.90,0
__import__.product_5271419,0,0,39.00,0
__import__.product_5271422,0,0,22.00,0
__import__.product_5271429,0,0,25.00,0
__import__.product_5271500,0,0,250.00,0
__import__.product_5271563,0,0,16.00,0
__import__.product_5271600,0,0,19.20,0
__import__.product_5271630,0,0,19.20,0
__import__.product_5271870,0,0,32.00,0
__import__.product_5271920,0,0,30.00,0
__import__.product_5271930,0,0,28.00,0
__import__.product_5271940,0,0,28.00,0
__import__.product_5272003,0,0,16.00,0
__import__.product_52722006,0,0,8.80,0
__import__.product_5273693,0,0,46.50,0
__import__.product_5273694,0,0,46.50,0
__import__.product_5274000,0,0,188.00,0
__import__.product_5275011,0,0,94.00,0
__import__.product_5275014,0,0,30.90,0
__import__.product_5275410,0,0,3.00,0
__import__.product_5275498,0,0,17.80,0
__import__.product_5279405,0,0,27.90,0
__import__.product_5279700,0,0,6.00,0
__import__.product_5279816,0,0,13.30,0
__import__.product_5280790,0,0,495.00,0
__import__.product_5280791,0,0,31.30,0
__import__.product_5280793,0,0,162.00,0
__import__.product_5281087,0,0,360.00,0
__import__.product_5285020,0,0,8.40,0
__import__.product_5290157,0,0,53.90,0
__import__.product_5290510,0,0,32.50,0
__import__.product_5291001,0,0,28.00,0
__import__.product_5291006,6.00,6.20,31.20,14.40
__import__.product_5291015,0,0,16.20,0
__import__.product_5291017,6.00,6.20,36.00,14.40
__import__.product_5291208,0,0,2248.00,0
__import__.product_5292820,0,0,9.60,0
__import__.product_5296161,0,0,11744.00,0
__import__.product_5299387,0,0,197.60,0
__import__.product_5300500,0,0,10000.00,0
__import__.product_5300614,0,0,2600.00,0
__import__.product_5301042,0,0,8100.00,0
__import__.product_5301108,15.50,22.00,24.00,28.00
__import__.product_5301109,15.00,22.00,24.00,27.00
__import__.product_5301208,0,0,1000.00,0
__import__.product_5301300,0,0,2568.00,0
__import__.product_5301500,0,0,4937.00,0
__import__.product_5301920,0,0,141.90,0
__import__.product_5302000,0,0,160.50,0
__import__.product_5302100,0,0,2411.00,0
__import__.product_5302252,0,0,10.00,0
__import__.product_5302254,0,0,100.80,0
__import__.product_5303125,0,0,2578.00,0
__import__.product_5303127,0,0,2735.00,0
__import__.product_5303130,0,0,2735.00,0
__import__.product_5303977,0,0,650.00,0
__import__.product_5303991,0,0,98.20,0
__import__.product_5304048,0,0,748.50,0
__import__.product_5305481,0,0,129.90,0
__import__.product_5306551,0,0,3.60,0
__import__.product_5307515,0,0,99.20,0
__import__.product_5307683,0,0,20.00,0
__import__.product_5308001,0,0,6552.00,0
__import__.product_5310120,0,0,768.00,0
__import__.product_5310206,0,0,15.00,0
__import__.product_5310268,0,0,365.00,0
__import__.product_5310270,0,0,17.70,0
__import__.product_5310380,0,0,28.80,0
__import__.product_5310450,0,0,23.40,0
__import__.product_5310490,0,0,28.80,0
__import__.product_5310500,0,0,71.50,0
__import__.product_5311260,0,0,65.30,0
__import__.product_5311330,0,0,38.30,0
__import__.product_5311460,0,0,28.00,0
__import__.product_5311480,0,0,75.90,0
__import__.product_5314280,0,0,265.60,0
__import__.product_5316418,0,0,250.00,0
__import__.product_5319127,0,0,4857.00,0
__import__.product_5319180,0,0,105.00,0
__import__.product_5319440,0,0,8.10,0
__import__.product_5321502,0,0,13.40,0
__import__.product_5322000,0,0,158.40,0
__import__.product_5323194,0,0,12.80,0
__import__.product_5329260,0,0,134.70,0
__import__.product_5330110,0,0,1381.00,0
__import__.product_5330191,0,0,193.00,0
__import__.product_5330214,0,0,226.00,0
__import__.product_5330632,0,0,193.00,0
__import__.product_5330665,0,0,100.00,0
__import__.product_5330761,0,0,100.00,0
__import__.product_5330763,0,0,99.60,0
__import__.product_5330875,0,0,93.00,0
__import__.product_5333070,0,0,13.90,0
__import__.product_5333071,0,0,13.90,0
__import__.product_5333333,0,0,8355.00,0
__import__.product_5333444,0,0,4200.00,0
__import__.product_5333997,0,0,25.80,0
__import__.product_5333998,0,0,31.60,0
__import__.product_5333999,0,0,35.10,0
__import__.product_5334019,0,0,1045.60,0
__import__.product_5335392,0,0,30.00,0
__import__.product_5335500,0,0,31.00,0
__import__.product_5335501,0,0,120.00,0
__import__.product_5335624,0,0,89.00,0
__import__.product_5335637,0,0,87.00,0
__import__.product_5338690,0,0,8.00,0
__import__.product_5340210,0,0,82.20,0
__import__.product_5340233,0,0,28.80,0
__import__.product_5340811,0,0,47.60,0
__import__.product_5340812,0,0,47.60,0
__import__.product_5340829,4.50,4.50,4.00,60.00
__import__.product_5340831,0,0,4.00,0
__import__.product_5341854,0,0,139.90,0
__import__.product_5342460,0,0,1790.00,0
__import__.product_5350015,0,0,26.50,0
__import__.product_5350024,0,0,15.80,0
__import__.product_5350050,0,0,85.00,0
__import__.product_5350666,0,0,48.00,0
__import__.product_5351000,0,0,2000.00,0
__import__.product_5351009,0,0,75.00,0
__import__.product_5351600,0,0,479.00,0
__import__.product_5352122,0,0,26.10,0
__import__.product_5352202,0,0,24.70,0
__import__.product_5353003,0,0,400.00,0
__import__.product_5353110,0,0,26.10,0
__import__.product_5353111,0,0,26.10,0
__import__.product_5353112,0,0,26.10,0
__import__.product_5353600,0,0,36.00,0
__import__.product_5355000,0,0,365.00,0
__import__.product_5355001,0,0,468.00,0
__import__.product_5355119,0,0,4.70,0
__import__.product_5355513,0,0,50.00,0
__import__.product_5355514,0,0,30.00,0
__import__.product_5356000,0,0,2.50,0
__import__.product_5356002,21.00,12.50,8.60,14.00
__import__.product_5356018,5.20,1.10,0.60,7.50
__import__.product_5360000,0,0,7.50,0
__import__.product_5360001,0,0,550.00,0
__import__.product_5365592,0,0,1429.00,0
__import__.product_5365593,0,0,1143.00,0
__import__.product_5367300,0,0,421.00,0
__import__.product_5367891,0,0,157.50,0
__import__.product_5373800,0,0,36.00,0
__import__.product_5381209,0,0,850.00,0
__import__.product_5382948,0,0,310.00,0
__import__.product_5383900,0,0,36.00,0
__import__.product_5384012,0,0,5200.00,0
__import__.product_5385050,0,0,123.00,0
__import__.product_5385204,0,0,77.50,0
__import__.product_5388400,0,0,6.00,0
__import__.product_5388401,0,0,5.00,0
__import__.product_5388425,0,0,8.00,0
__import__.product_5388426,0,0,4.00,0
__import__.product_5388427,0,0,8.00,0
__import__.product_5388428,0,0,8.00,0
__import__.product_5388429,0,0,80.00,0
__import__.product_5388430,0,0,16.00,0
__import__.product_5390001,0,0,2400.00,0
__import__.product_5391930,0,0,598.40,0
__import__.product_5392525,0,0,16.20,0
__import__.product_5393066,0,0,64.10,0
__import__.product_5394000,0,0,280.00,0
__import__.product_5394004,9.50,10.80,19.00,9.50
__import__.product_5394011,0,0,36.00,0
__import__.product_5394037,0,0,592.00,0
__import__.product_5394875,0,0,215.00,0
__import__.product_5395001,0,0,1270.00,0
__import__.product_5395002,4.00,1.30,2.90,6.80
__import__.product_5395003,0,0,11.80,0
__import__.product_5397500,0,0,58.00,0
__import__.product_5398980,0,0,105.30,0
__import__.product_5399340,0,0,64.50,0
__import__.product_5399940,0,0,185.60,0
__import__.product_5400027,0,0,23.60,0
__import__.product_5400059,0,0,180.00,0
__import__.product_5400115,0,0,51.00,0
__import__.product_5400708,0,0,17.20,0
__import__.product_5400710,0,0,17.20,0
__import__.product_5401001,4.90,11.50,0.90,4.90
__import__.product_5401004,0,0,1.10,0
__import__.product_5401997,0,0,1.00,0
__import__.product_5402009,0,0,5.20,0
__import__.product_5402065,0,0,1395.00,0
__import__.product_5402500,0,0,8.10,0
__import__.product_5404100,0,0,36.00,0
__import__.product_5405000,0,0,170.00,0
__import__.product_5408412,5.40,10.40,86.80,5.40
__import__.product_5409050,0,0,25.00,0
__import__.product_5410015,0,0,415.00,0
__import__.product_5410016,0,0,495.00,0
__import__.product_5410020,0,0,4000.00,0
__import__.product_5415122,0,0,99.00,0
__import__.product_5419000,0,0,3.00,0
__import__.product_5420075,0,0,10.50,0
__import__.product_5421354,0,0,3500.00,0
__import__.product_5421800,0,0,2950.00,0
__import__.product_5421801,0,0,3150.00,0
__import__.product_5421802,0,0,193.00,0
__import__.product_5421803,0,0,125.00,0
__import__.product_5421904,0,0,130.00,0
__import__.product_5424300,0,0,36.00,0
__import__.product_5425331,0,0,37.00,0
__import__.product_5426933,0,0,90.50,0
__import__.product_5427506,0,0,36.00,0
__import__.product_5429000,0,0,2.00,0
__import__.product_5429001,0,0,2.50,0
__import__.product_5429003,0,0,4.70,0
__import__.product_5429004,0,0,6.60,0
__import__.product_5429005,0,0,32.00,0
__import__.product_5430515,13.00,19.00,12.90,3.50
__import__.product_5430900,0,0,2.30,0
__import__.product_5431050,0,0,4.80,0
__import__.product_5431250,6.70,3.60,3.00,6.70
__import__.product_5433499,0,0,38.60,0
__import__.product_5433742,0,0,365.00,0
__import__.product_5435250,6.70,15.20,9.80,6.70
__import__.product_5435323,0,0,170.00,0
__import__.product_5437050,0,0,11000.00,0
__import__.product_5437227,0,0,9.30,0
__import__.product_5439066,0,0,9.40,0
__import__.product_5439069,0,0,8.10,0
__import__.product_5440630,0,0,40.00,0
__import__.product_5441052,0,0,12.50,0
__import__.product_5444500,0,0,36.00,0
__import__.product_5446000,0,0,58.00,0
__import__.product_5446001,0,0,30.00,0
__import__.product_5446002,0,0,34.00,0
__import__.product_5446003,0,0,26.00,0
__import__.product_5446004,0,0,36.00,0
__import__.product_5446005,0,0,40.00,0
__import__.product_5446131,0,0,20.00,0
__import__.product_5446132,0,0,20.00,0
__import__.product_5446133,0,0,20.00,0
__import__.product_5450000,0,0,300.00,0
__import__.product_5450001,0,0,53.00,0
__import__.product_5450004,0,0,95.00,0
__import__.product_5450005,0,0,8.00,0
__import__.product_5450006,0,0,8.00,0
__import__.product_5450007,0,0,8.00,0
__import__.product_5450009,0,0,2090.00,0
__import__.product_5450010,0,0,85.00,0
__import__.product_5450012,0,0,1200.00,0
__import__.product_5450104,0,0,5.00,0
__import__.product_5450105,0,0,5.00,0
__import__.product_5450107,0,0,5.00,0
__import__.product_5450201,0,0,245.00,0
__import__.product_5454480,0,0,38.70,0
__import__.product_5455000,0,0,885.00,0
__import__.product_5455001,0,0,1230.50,0
__import__.product_5455002,0,0,1850.00,0
__import__.product_5455011,0,0,802.50,0
__import__.product_5455013,0,0,802.50,0
__import__.product_5455014,0,0,1270.10,0
__import__.product_5455015,0,0,885.00,0
__import__.product_5455016,0,0,1715.00,0
__import__.product_5455017,0,0,885.00,0
__import__.product_5455018,0,0,1230.50,0
__import__.product_5455019,0,0,1230.50,0
__import__.product_5455020,0,0,1955.00,0
__import__.product_5455021,0,0,53.50,0
__import__.product_5455030,0,0,617.00,0
__import__.product_5463265,0,0,41.50,0
__import__.product_5467051,0,0,43.10,0
__import__.product_5467061,0,0,43.10,0
__import__.product_5470102,0,0,10.80,0
__import__.product_5471261,0,0,41.90,0
__import__.product_5473000,0,0,264.70,0
__import__.product_5473319,0,0,65.00,0
__import__.product_5473655,2.30,102.70,8.40,102.70
__import__.product_5479999,0,0,30.00,0
__import__.product_5490221,0,0,25.00,0
__import__.product_5490956,0,0,140.00,0
__import__.product_5500000,0,0,3.20,0
__import__.product_5500010,0,0,395.00,0
__import__.product_5501020,0,0,70.00,0
__import__.product_5502400,0,0,250.00,0
__import__.product_5502405,0,0,165.00,0
__import__.product_5503802,0,0,150.00,0
__import__.product_5503809,0,0,175.00,0
__import__.product_5503823,0,0,1731.00,0
__import__.product_5504150,0,0,1000.00,0
__import__.product_5505002,18.90,21.20,65.00,19.30
__import__.product_5506000,0,0,174.20,0
__import__.product_5508131,0,0,426.00,0
__import__.product_5509031,0,0,78.00,0
__import__.product_5510000,0,0,4300.00,0
__import__.product_5511012,0,0,439.00,0
__import__.product_5511021,0,0,388.00,0
__import__.product_5511730,0,0,389.80,0
__import__.product_5512003,0,0,218.40,0
__import__.product_5512011,0,0,47.90,0
__import__.product_5512019,0,0,9.70,0
__import__.product_5512020,0,0,15.00,0
__import__.product_5512025,0,0,14.10,0
__import__.product_5512026,13.40,9.30,240.00,8.80
__import__.product_5512036,0,0,10.00,0
__import__.product_5512038,0,0,56.00,0
__import__.product_5512050,0,0,58.00,0
__import__.product_5512051,0,0,109.00,0
__import__.product_5512052,0,0,109.00,0
__import__.product_5512053,0,0,58.00,0
__import__.product_5512103,0,0,543.50,0
__import__.product_5513200,0,0,71.10,0
__import__.product_5513250,0,0,71.10,0
__import__.product_5513460,0,0,71.10,0
__import__.product_5514552,0,0,83.50,0
__import__.product_5515067,0,0,6190.00,0
__import__.product_5515510,0,0,475.00,0
__import__.product_5516502,7.00,22.50,27.10,14.20
__import__.product_5517103,0,0,706.00,0
__import__.product_5517104,0,0,706.00,0
__import__.product_5517113,0,0,706.00,0
__import__.product_5517114,0,0,706.00,0
__import__.product_5517134,0,0,386.00,0
__import__.product_5519510,0,0,544.70,0
__import__.product_5519550,0,0,519.40,0
__import__.product_5519810,0,0,182.60,0
__import__.product_5520100,0,0,780.00,0
__import__.product_5520200,0,0,900.00,0
__import__.product_5525521,0,0,2500.00,0
__import__.product_5526000,0,0,75.00,0
__import__.product_5526213,0,0,10.50,0
__import__.product_5526225,0,0,10.50,0
__import__.product_5530103,0,0,690.00,0
__import__.product_5531821,0,0,7.00,0
__import__.product_5532002,0,0,718.80,0
__import__.product_5548000,0,0,0.90,0
__import__.product_5549021,0,0,13.20,0
__import__.product_5550000,0,0,4500.00,0
__import__.product_5551000,0,0,640.90,0
__import__.product_5555550,0,0,5500.00,0
__import__.product_5555666,0,0,2600.00,0
__import__.product_5555667,0,0,2000.00,0
__import__.product_5556677,0,0,15000.00,0
__import__.product_5556678,0,0,700.00,0
__import__.product_5558814,0,0,919.40,0
__import__.product_5580813,0,0,90.00,0
__import__.product_5580814,0,0,208.00,0
__import__.product_5580815,0,0,12.50,0
__import__.product_5580816,7.80,20.70,14.60,23.60
__import__.product_5590002,0,0,19.30,0
__import__.product_5591208,0,0,60.00,0
__import__.product_5600129,0,0,91.40,0
__import__.product_5600150,0,0,48.10,0
__import__.product_5600374,0,0,87.20,0
__import__.product_5600451,0,0,68.30,0
__import__.product_5600614,0,0,69.00,0
__import__.product_5600615,0,0,69.00,0
__import__.product_5600712,0,0,19.70,0
__import__.product_5600800,0,0,925.00,0
__import__.product_5600801,0,0,150.00,0
__import__.product_5600802,0,0,25.00,0
__import__.product_5601030,0,0,25.60,0
__import__.product_5604281,0,0,99.00,0
__import__.product_5604288,0,0,132.00,0
__import__.product_5607008,0,0,58.60,0
__import__.product_5610098,0,0,40.00,0
__import__.product_5610099,0,0,25.00,0
__import__.product_5610101,0,0,170.00,0
__import__.product_5610105,0,0,170.00,0
__import__.product_5610110,0,0,60.00,0
__import__.product_5610300,0,0,2200.00,0
__import__.product_5610303,0,0,320.00,0
__import__.product_5610514,0,0,352.80,0
__import__.product_5610521,0,0,45.00,0
__import__.product_5610551,28.30,14.40,142.30,19.70
__import__.product_5611103,0,0,60.00,0
__import__.product_5611500,0,0,2.00,0
__import__.product_5613201,0,0,170.00,0
__import__.product_5613600,0,0,79.80,0
__import__.product_5614040,0,0,17100.00,0
__import__.product_5615201,0,0,92.00,0
__import__.product_5617231,0,0,810.00,0
__import__.product_5617241,0,0,990.00,0
__import__.product_5617450,0,0,465.00,0
__import__.product_5617988,0,0,5.50,0
__import__.product_5617989,0,0,8.00,0
__import__.product_5619248,0,0,10.70,0
__import__.product_5620021,0,0,2076.00,0
__import__.product_5621005,0,0,58.80,0
__import__.product_5621015,0,0,60.20,0
__import__.product_5622067,0,0,250.00,0
__import__.product_5622093,0,0,185.00,0
__import__.product_5622205,0,0,170.10,0
__import__.product_5622384,0,0,102.00,0
__import__.product_5622396,0,0,102.00,0
__import__.product_5622401,0,0,27.80,0
__import__.product_5622425,0,0,21.00,0
__import__.product_5622437,0,0,21.00,0
__import__.product_5622607,0,0,35.40,0
__import__.product_5623351,0,0,188.00,0
__import__.product_5624128,0,0,217.00,0
__import__.product_5624990,0,0,259.90,0
__import__.product_5625801,0,0,103.20,0
__import__.product_5627651,0,0,13.90,0
__import__.product_5630110,0,0,1500.00,0
__import__.product_5630115,0,0,1500.00,0
__import__.product_5630121,0,0,420.00,0
__import__.product_5630204,0,0,110.00,0
__import__.product_5630205,0,0,130.00,0
__import__.product_5630207,0,0,110.00,0
__import__.product_5630210,0,0,1250.00,0
__import__.product_5630215,0,0,600.00,0
__import__.product_5630504,0,0,20.00,0
__import__.product_5630505,0,0,15.00,0
__import__.product_5632406,0,0,914.90,0
__import__.product_5634613,0,0,27.00,0
__import__.product_5634634,0,0,201.00,0
__import__.product_5635201,0,0,26.50,0
__import__.product_5635502,0,0,16.40,0
__import__.product_5635504,0,0,13.40,0
__import__.product_5635555,0,0,20.00,0
__import__.product_5635631,0,0,600.00,0
__import__.product_5637611,0,0,33.50,0
__import__.product_5639843,0,0,48.10,0
__import__.product_5640100,0,0,570.00,0
__import__.product_5640102,0,0,70.00,0
__import__.product_5640111,0,0,70.00,0
__import__.product_5640200,0,0,360.00,0
__import__.product_5640915,0,0,915.00,0
__import__.product_5640993,0,0,60.00,0
__import__.product_5645001,0,0,350.00,0
__import__.product_5645661,0,0,184.00,0
__import__.product_5646019,0,0,38.00,0
__import__.product_5646020,0,0,40.00,0
__import__.product_5646021,0,0,52.00,0
__import__.product_5646400,0,0,3200.00,0
__import__.product_5648060,0,0,720.00,0
__import__.product_5649701,0,0,99.00,0
__import__.product_5650012,0,0,23.30,0
__import__.product_5650100,0,0,487.00,0
__import__.product_5650101,0,0,14500.00,0
__import__.product_5650102,0,0,219.00,0
__import__.product_5650103,0,0,341.00,0
__import__.product_5650104,0,0,600.00,0
__import__.product_5650105,0,0,53.00,0
__import__.product_5650106,0,0,53.00,0
__import__.product_5650107,0,0,53.00,0
__import__.product_5650108,0,0,99.00,0
__import__.product_5650109,0,0,115.00,0
__import__.product_5650110,0,0,150.60,0
__import__.product_5650111,0,0,25.00,0
__import__.product_5650112,0,0,25.00,0
__import__.product_5650113,0,0,25.00,0
__import__.product_5650114,0,0,35.00,0
__import__.product_5650115,0,0,35.00,0
__import__.product_5650117,0,0,1300.00,0
__import__.product_5650118,0,0,690.00,0
__import__.product_5650119,0,0,1600.00,0
__import__.product_5650120,0,0,7830.00,0
__import__.product_5650121,0,0,128.00,0
__import__.product_5650122,0,0,128.00,0
__import__.product_5650123,0,0,237.00,0
__import__.product_5650124,0,0,144.00,0
__import__.product_5650125,0,0,160.00,0
__import__.product_5650126,0,0,23.00,0
__import__.product_5650127,0,0,27.00,0
__import__.product_5650129,0,0,33.00,0
__import__.product_5650130,5.30,7.60,41.00,13.40
__import__.product_5650131,0,0,18190.00,0
__import__.product_5650132,0,0,155.00,0
__import__.product_5650133,0,0,155.00,0
__import__.product_5650140,0,0,23950.00,0
__import__.product_5650141,0,0,1135.00,0
__import__.product_5650142,0,0,1760.00,0
__import__.product_5650150,0,0,265.00,0
__import__.product_5650155,0,0,72.50,0
__import__.product_5650306,0,0,100.00,0
__import__.product_5650507,0,0,100.00,0
__import__.product_5650603,0,0,100.00,0
__import__.product_5651030,0,0,2200.00,0
__import__.product_5651111,0,0,16000.00,0
__import__.product_5652020,0,0,8550.00,0
__import__.product_5652021,0,0,9137.00,0
__import__.product_5653001,0,0,3257.00,0
__import__.product_5653002,0,0,149.00,0
__import__.product_5653040,0,0,53.00,0
__import__.product_5654321,0,0,7.50,0
__import__.product_5654323,0,0,283.90,0
__import__.product_5655000,0,0,29.90,0
__import__.product_5655002,0,0,155.00,0
__import__.product_5655030,0,0,29.90,0
__import__.product_5658000,0,0,79.00,0
__import__.product_5660041,0,0,53.60,0
__import__.product_5660100,0,0,40.00,0
__import__.product_5660101,0,0,30.00,0
__import__.product_5660654,0,0,75.00,0
__import__.product_5661551,0,0,5.70,0
__import__.product_5661553,0,0,5.70,0
__import__.product_5661700,0,0,15000.00,0
__import__.product_5661841,0,0,188.00,0
__import__.product_5663212,0,0,15500.00,0
__import__.product_5665854,0,0,18.00,0
__import__.product_5666261,0,0,188.00,0
__import__.product_5667800,0,0,500.00,0
__import__.product_5668022,0,0,28.40,0
__import__.product_5671001,0,0,34.00,0
__import__.product_5671003,0,0,10.00,0
__import__.product_5671005,0,0,34.00,0
__import__.product_5671103,0,0,26.00,0
__import__.product_5671213,0,0,65.00,0
__import__.product_5671301,0,0,2.00,0
__import__.product_5675381,0,0,7900.00,0
__import__.product_5678987,0,0,7900.00,0
__import__.product_5680001,0,0,10.90,0
__import__.product_5680100,0,0,50.00,0
__import__.product_5680206,0,0,60.00,0
__import__.product_5680304,0,0,25.00,0
__import__.product_5680305,0,0,46.00,0
__import__.product_5680621,0,0,60.50,0
__import__.product_5685015,0,0,75.00,0
__import__.product_5690100,0,0,125.00,0
__import__.product_5690202,0,0,210.00,0
__import__.product_5690203,0,0,210.00,0
__import__.product_5690205,0,0,210.00,0
__import__.product_5690600,0,0,59.00,0
__import__.product_5696001,0,0,6960.00,0
__import__.product_5696501,0,0,57.00,0
__import__.product_5702003,0,0,150.00,0
__import__.product_5702004,0,0,30.00,0
__import__.product_5703231,0,0,97.20,0
__import__.product_5703241,0,0,139.20,0
__import__.product_5703554,0,0,63.30,0
__import__.product_5704737,0,0,1418.50,0
__import__.product_5704751,0,0,145.00,0
__import__.product_5707847,0,0,1.80,0
__import__.product_5710024,0,0,23.00,0
__import__.product_5710201,0,0,1.00,0
__import__.product_5710801,0,0,73.00,0
__import__.product_5711050,0,0,62.00,0
__import__.product_5711055,0,0,66.00,0
__import__.product_5711200,0,0,340.00,0
__import__.product_5711550,0,0,2800.00,0
__import__.product_5715061,0,0,30.40,0
__import__.product_5718322,0,0,17.50,0
__import__.product_5718379,0,0,29.00,0
__import__.product_5720177,0,0,119.00,0
__import__.product_5720178,0,0,135.00,0
__import__.product_5720201,0,0,11.00,0
__import__.product_5720263,0,0,35.00,0
__import__.product_5720520,0,0,36.00,0
__import__.product_5721000,0,0,3800.00,0
__import__.product_5721002,0,0,110.00,0
__import__.product_5721015,0,0,16.20,0
__import__.product_5721028,0,0,15.00,0
__import__.product_5721043,0,0,46.00,0
__import__.product_5721044,0,0,132.00,0
__import__.product_5721086,0,0,16.00,0
__import__.product_5721087,0,0,16.00,0
__import__.product_5721095,0,0,18.00,0
__import__.product_5721140,0,0,165.00,0
__import__.product_5721160,0,0,275.00,0
__import__.product_5721190,0,0,399.00,0
__import__.product_5721200,0,0,785.00,0
__import__.product_5721890,0,0,32.00,0
__import__.product_5721940,0,0,26.00,0
__import__.product_5722004,0,0,934.00,0
__import__.product_5722010,0,0,68.60,0
__import__.product_5723010,0,0,3010.00,0
__import__.product_5723500,0,0,7468.00,0
__import__.product_5724212,0,0,1574.00,0
__import__.product_5725100,0,0,476.00,0
__import__.product_5726480,0,0,220.00,0
__import__.product_5726767,0,0,50.00,0
__import__.product_5726860,0,0,44.00,0
__import__.product_5726869,0,0,7.40,0
__import__.product_5726875,0,0,7.40,0
__import__.product_5727200,0,0,594.00,0
__import__.product_5727222,0,0,21.50,0
__import__.product_5727244,0,0,23.00,0
__import__.product_5727255,0,0,26.00,0
__import__.product_5727256,0,0,50.00,0
__import__.product_5727400,0,0,267.00,0
__import__.product_5728000,0,0,1308.00,0
__import__.product_5728500,0,0,89.00,0
__import__.product_5729100,0,0,15.00,0
__import__.product_5729301,0,0,19700.00,0
__import__.product_5732500,0,0,184.50,0
__import__.product_5732501,0,0,43.10,0
__import__.product_5736880,0,0,108.00,0
__import__.product_5736882,0,0,119.00,0
__import__.product_5736890,0,0,2.00,0
__import__.product_5737447,0,0,50.00,0
__import__.product_5740402,0,0,15.90,0
__import__.product_5741070,0,0,69.00,0
__import__.product_5741401,0,0,335.10,0
__import__.product_5741501,0,0,13.50,0
__import__.product_5742901,0,0,26.00,0
__import__.product_5743143,0,0,19.90,0
__import__.product_5745201,0,0,250.00,0
__import__.product_5745502,0,0,2500.00,0
__import__.product_5745504,0,0,130.00,0
__import__.product_5748076,0,0,254.00,0
__import__.product_5753159,0,0,65.00,0
__import__.product_5758484,0,0,3570.00,0
__import__.product_5760051,0,0,753.00,0
__import__.product_5760202,4.90,11.20,18.50,4.90
__import__.product_5760210,0,0,199.00,0
__import__.product_5760325,0,0,13.10,0
__import__.product_5760333,0,0,55.10,0
__import__.product_5760884,0,0,197.90,0
__import__.product_5762000,0,0,1325.00,0
__import__.product_5768893,0,0,118.00,0
__import__.product_5770000,0,0,359.00,0
__import__.product_5774201,0,0,35.00,0
__import__.product_5775001,0,0,90.00,0
__import__.product_5776193,0,0,11.30,0
__import__.product_5776451,0,0,1985.00,0
__import__.product_5776869,0,0,21130.00,0
__import__.product_5785255,0,0,2750.00,0
__import__.product_5790001,0,0,2199.00,0
__import__.product_5790002,0,0,2449.00,0
__import__.product_5790003,0,0,2699.00,0
__import__.product_5790004,0,0,3199.00,0
__import__.product_5790005,0,0,999.00,0
__import__.product_5790006,0,0,779.00,0
__import__.product_5790007,0,0,699.00,0
__import__.product_5790008,0,0,500.00,0
__import__.product_5790009,0,0,1999.00,0
__import__.product_5790010,0,0,2149.00,0
__import__.product_5791330,0,0,83.00,0
__import__.product_57920056,0,0,37.90,0
__import__.product_5792055,0,0,54.70,0
__import__.product_5792261,0,0,5200.00,0
__import__.product_5794021,0,0,190.00,0
__import__.product_5800022,0,0,93.70,0
__import__.product_5800035,0,0,79.70,0
__import__.product_5800036,0,0,28.50,0
__import__.product_5800050,0,0,42.00,0
__import__.product_5800061,0,0,68.70,0
__import__.product_5801040,0,0,25.00,0
__import__.product_5801200,0,0,120.00,0
__import__.product_5801748,0,0,47.00,0
__import__.product_5803001,0,0,85.00,0
__import__.product_5803910,0,0,77.80,0
__import__.product_5805604,0,0,33.60,0
__import__.product_5807607,0,0,373.70,0
__import__.product_5808080,0,0,100.00,0
__import__.product_5809475,0,0,43.80,0
__import__.product_5809815,0,0,125.00,0
__import__.product_5815002,0,0,242.10,0
__import__.product_5824401,0,0,1399.00,0
__import__.product_5824461,0,0,1699.00,0
__import__.product_5824481,0,0,48589.00,0
__import__.product_5826123,0,0,12.70,0
__import__.product_5826124,0,0,12.70,0
__import__.product_5826125,0,0,12.70,0
__import__.product_5826445,0,0,521.00,0
__import__.product_5826546,0,0,89.50,0
__import__.product_5827015,0,0,35.90,0
__import__.product_5827016,0,0,35.90,0
__import__.product_5827017,0,0,37.90,0
__import__.product_5828051,0,0,618.00,0
__import__.product_5828053,0,0,582.00,0
__import__.product_5828054,0,0,21.00,0
__import__.product_5828055,0,0,118.00,0
__import__.product_5828481,0,0,29.60,0
__import__.product_5833301,0,0,16440.00,0
__import__.product_5835003,0,0,20.00,0
__import__.product_5835004,0,0,5.00,0
__import__.product_5836363,0,0,18900.00,0
__import__.product_5840247,0,0,37.80,0
__import__.product_5840248,0,0,37.80,0
__import__.product_5840264,0,0,26.80,0
__import__.product_5840267,0,0,26.80,0
__import__.product_5850512,0,0,760.00,0
__import__.product_5850519,0,0,31.00,0
__import__.product_5852500,0,0,93.00,0
__import__.product_5852502,0,0,14982.00,0
__import__.product_5852503,0,0,58567.00,0
__import__.product_5852504,0,0,14888.00,0
__import__.product_5852505,0,0,15565.00,0
__import__.product_5852506,0,0,165.00,0
__import__.product_5852507,0,0,2427.00,0
__import__.product_5852508,0,0,3000.00,0
__import__.product_5852509,0,0,525.00,0
__import__.product_5852510,0,0,2760.00,0
__import__.product_5852511,0,0,2000.00,0
__import__.product_5852512,0,0,51967.00,0
__import__.product_5852513,0,0,1342.00,0
__import__.product_5852514,0,0,464.00,0
__import__.product_5852515,0,0,223.00,0
__import__.product_5852516,0,0,162.00,0
__import__.product_5852517,0,0,10500.00,0
__import__.product_5852518,0,0,11500.00,0
__import__.product_5852519,0,0,6000.00,0
__import__.product_5852521,0,0,14062.00,0
__import__.product_5852522,0,0,8125.00,0
__import__.product_5852523,0,0,29000.00,0
__import__.product_5858500,0,0,117.70,0
__import__.product_5860411,0,0,555.00,0
__import__.product_5863910,0,0,1391.00,0
__import__.product_5863911,0,0,485.00,0
__import__.product_5865005,0,0,75.00,0
__import__.product_5865006,0,0,75.00,0
__import__.product_5865202,0,0,3200.00,0
__import__.product_5869001,0,0,124.60,0
__import__.product_5871311,0,0,117.00,0
__import__.product_5871312,0,0,166.60,0
__import__.product_5892850,0,0,38500.00,0
__import__.product_5892851,0,0,16000.00,0
__import__.product_5900000,0,0,48.70,0
__import__.product_5900001,0,0,15.00,0
__import__.product_5900005,0,0,107.10,0
__import__.product_5900021,0,0,185.00,0
__import__.product_5900123,0,0,5450.00,0
__import__.product_5900147,0,0,20.00,0
__import__.product_5900350,0,0,249.90,0
__import__.product_5900591,0,0,6.60,0
__import__.product_5900706,0,0,20.10,0
__import__.product_5900722,0,0,582.00,0
__import__.product_5900723,0,0,40.20,0
__import__.product_5900900,0,0,700.00,0
__import__.product_5900951,0,0,13400.00,0
__import__.product_5901050,0,0,40.00,0
__import__.product_5901812,0,0,1685.30,0
__import__.product_5905191,0,0,225.00,0
__import__.product_5905195,0,0,128.00,0
__import__.product_5905327,0,0,3554.00,0
__import__.product_5905330,0,0,3554.00,0
__import__.product_5906810,0,0,110.30,0
__import__.product_5908378,0,0,350.00,0
__import__.product_5909000,0,0,419.00,0
__import__.product_5909214,0,0,51.30,0
__import__.product_5910003,0,0,29.20,0
__import__.product_5911000,0,0,62.40,0
__import__.product_5913402,4.00,17.00,40.70,12.00
__import__.product_5915012,0,0,87.50,0
__import__.product_5915200,0,0,36000.00,0
__import__.product_5915201,0,0,26000.00,0
__import__.product_5915204,7.50,24.50,30.00,14.00
__import__.product_5915205,0,0,2700.00,0
__import__.product_5915700,0,0,25.90,0
__import__.product_5916402,0,0,41.30,0
__import__.product_5916526,0,0,30.00,0
__import__.product_5916872,0,0,2500.00,0
__import__.product_5917418,0,0,31.50,0
__import__.product_5917684,0,0,19900.00,0
__import__.product_5917820,0,0,34000.00,0
__import__.product_5919500,0,0,5.00,0
__import__.product_5920070,12.50,7.20,6.00,14.30
__import__.product_5920415,0,0,37.50,0
__import__.product_5920553,0,0,10.80,0
__import__.product_5920595,0,0,10.80,0
__import__.product_5920599,0,0,10.80,0
__import__.product_5920650,0,0,10.80,0
__import__.product_5920651,0,0,10.80,0
__import__.product_5921524,0,0,15.80,0
__import__.product_5922140,3.00,21.00,16.10,15.50
__import__.product_5923021,0,0,17.40,0
__import__.product_5923036,0,0,22.50,0
__import__.product_5924030,0,0,23.30,0
__import__.product_5924251,15.70,13.70,4.70,3.70
__import__.product_5924900,0,0,124.60,0
__import__.product_5929151,0,0,147.00,0
__import__.product_5930128,15.30,4.60,3.40,4.60
__import__.product_5932167,0,0,2.00,0
__import__.product_5933392,0,0,101.60,0
__import__.product_5940503,0,0,250.00,0
__import__.product_5940906,0,0,684.30,0
__import__.product_5940907,0,0,684.30,0
__import__.product_5941071,0,0,1439.00,0
__import__.product_5941320,0,0,76.00,0
__import__.product_5941340,0,0,155.00,0
__import__.product_5941350,0,0,95.00,0
__import__.product_5947756,0,0,486.00,0
__import__.product_5948331,0,0,15.00,0
__import__.product_5949440,0,0,15.00,0
__import__.product_5950030,0,0,25.00,0
__import__.product_5955545,0,0,64.00,0
__import__.product_5962009,15.10,13.40,38.90,15.10
__import__.product_5967006,0,0,192.00,0
__import__.product_5967007,0,0,192.00,0
__import__.product_5967008,0,0,150.00,0
__import__.product_5967009,0,0,150.00,0
__import__.product_5967010,2.80,1.30,2.50,10.70
__import__.product_5967011,2.80,1.30,2.50,11.40
__import__.product_5967012,0,0,52.00,0
__import__.product_5976535,0,0,2.50,0
__import__.product_5982000,0,0,185.00,0
__import__.product_5984000,0,0,370.00,0
__import__.product_5985051,0,0,40.90,0
__import__.product_5987124,0,0,39.50,0
__import__.product_5987654,0,0,19600.00,0
__import__.product_5989098,0,0,525.00,0
__import__.product_5992145,5.00,35.00,95.90,26.80
__import__.product_5992146,39.50,29.30,95.90,58.00
__import__.product_5999980,0,0,1350.00,0
__import__.product_5999991,0,0,1650.00,0
__import__.product_5999992,0,0,2000.00,0
__import__.product_5999996,0,0,250.00,0
__import__.product_5999999,0,0,6000.00,0
__import__.product_6020101,0,0,6.90,0
__import__.product_6020118,0,0,47.10,0
__import__.product_6020119,0,0,6.20,0
__import__.product_6023918,3.90,9.70,5.60,3.90
__import__.product_6028805,0,0,9.00,0
__import__.product_6039003,0,0,23.50,0
__import__.product_6039201,0,0,6.20,0
__import__.product_6039202,0,0,12.20,0
__import__.product_6040007,0,0,18.60,0
__import__.product_6040009,0,0,69.60,0
__import__.product_6040011,12.80,3.80,22.50,18.00
__import__.product_6040043,0,0,25.00,0
__import__.product_6040048,0,0,2.30,0
__import__.product_6040201,0,0,250.00,0
__import__.product_6042361,0,0,8.20,0
__import__.product_6042362,0,0,8.20,0
__import__.product_6042365,0,0,8.20,0
__import__.product_6042560,0,0,241.00,0
__import__.product_6042561,0,0,240.50,0
__import__.product_6043000,0,0,1250.00,0
__import__.product_6046801,0,0,24.30,0
__import__.product_6046802,0,0,24.30,0
__import__.product_6046803,0,0,24.30,0
__import__.product_6046804,0,0,24.30,0
__import__.product_6046805,0,0,24.30,0
__import__.product_6046806,0,0,24.30,0
__import__.product_6046807,0,0,24.30,0
__import__.product_6048410,12.60,6.70,5.50,24.20
__import__.product_6048430,12.50,6.80,5.50,24.30
__import__.product_6100691,0,0,438.00,0
__import__.product_6100811,0,0,603.60,0
__import__.product_6100852,0,0,1034.40,0
__import__.product_6100853,0,0,724.80,0
__import__.product_6105494,0,0,15.10,0
__import__.product_6123024,0,0,78.70,0
__import__.product_6130040,0,0,11.40,0
__import__.product_6140285,0,0,1684.00,0
__import__.product_6153532,0,0,441.70,0
__import__.product_6164401,0,0,13.50,0
__import__.product_6164402,7.00,6.60,28.70,14.80
__import__.product_6164403,7.00,6.60,45.60,14.80
__import__.product_6170004,0,0,15.60,0
__import__.product_6184813,0,0,90.00,0
__import__.product_6184817,0,0,54.60,0
__import__.product_6197012,4.00,10.60,10.00,4.00
__import__.product_6197021,0,0,9.50,0
__import__.product_6197022,0,0,10.50,0
__import__.product_6197024,7.30,30.40,10.50,11.40
__import__.product_6197027,14.30,14.20,17.90,14.30
__import__.product_6200003,0,0,40.00,0
__import__.product_6242046,0,0,17.00,0
__import__.product_6248030,0,0,4.50,0
__import__.product_6251307,0,0,37.00,0
__import__.product_6251321,0,0,51.00,0
__import__.product_6258002,13.40,1.00,5.20,24.60
__import__.product_6258009,19.00,5.60,6.50,25.00
__import__.product_6258029,0,0,42.00,0
__import__.product_6259611,39.30,20.30,189.00,39.60
__import__.product_6259676,0,0,217.00,0
__import__.product_6260007,0,0,1.90,0
__import__.product_6260012,0,0,6.00,0
__import__.product_6260042,0,0,7.00,0
__import__.product_6260718,0,0,27.20,0
__import__.product_6260719,0,0,23.80,0
__import__.product_6267001,0,0,199.00,0
__import__.product_6277003,20.40,26.70,23.10,36.70
__import__.product_6277005,0,0,5.10,0
__import__.product_6277007,0,0,57.80,0
__import__.product_6277010,0,0,57.80,0
__import__.product_6277017,0,0,84.00,0
__import__.product_6277018,0,0,115.60,0
__import__.product_6277024,0,0,74.50,0
__import__.product_6297107,0,0,8.00,0
__import__.product_6330127,0,0,143.00,0
__import__.product_6330213,0,0,189.00,0
__import__.product_6330611,0,0,4.50,0
__import__.product_6330622,0,0,174.00,0
__import__.product_6330633,0,0,227.00,0
__import__.product_6330691,0,0,6.20,0
__import__.product_6330790,0,0,102.50,0
__import__.product_6330816,0,0,246.60,0
__import__.product_6330917,13.90,6.80,201.00,14.30
__import__.product_6330922,14.20,6.30,222.00,14.20
__import__.product_6333094,0,0,9.50,0
__import__.product_6333095,0,0,11.60,0
__import__.product_6334715,0,0,6.00,0
__import__.product_6335687,0,0,89.00,0
__import__.product_6342173,0,0,6.40,0
__import__.product_6350307,0,0,1.70,0
__import__.product_6350308,0,0,39.90,0
__import__.product_6350333,5.20,6.30,15.40,5.20
__import__.product_6350351,0,0,10.30,0
__import__.product_6350534,0,0,46.60,0
__import__.product_6351832,0,0,53.30,0
__import__.product_6352008,0,0,2.60,0
__import__.product_6352009,0,0,6.20,0
__import__.product_6352014,0,0,10.50,0
__import__.product_6352043,0,0,1.20,0
__import__.product_6352098,0,0,6.30,0
__import__.product_6355000,0,0,30.00,0
__import__.product_6355008,0,0,3199.00,0
__import__.product_6355009,0,0,148.80,0
__import__.product_6355010,0,0,148.80,0
__import__.product_6355011,0,0,148.80,0
__import__.product_6355019,0,0,4.40,0
__import__.product_6355029,0,0,190.00,0
__import__.product_6355033,0,0,295.00,0
__import__.product_6355043,0,0,458.60,0
__import__.product_6355044,0,0,1482.50,0
__import__.product_6357324,0,0,62.50,0
__import__.product_6357877,0,0,148.80,0
__import__.product_6358105,0,0,25.00,0
__import__.product_6390018,0,0,77.60,0
__import__.product_6390028,0,0,162.90,0
__import__.product_6390030,0,0,94.10,0
__import__.product_6395004,0,0,225.00,0
__import__.product_6395005,0,0,17.30,0
__import__.product_6395022,0,0,5.70,0
__import__.product_6395067,0,0,54.70,0
__import__.product_6400012,12.70,3.50,63.50,18.10
__import__.product_6400021,12.80,3.60,56.10,18.00
__import__.product_6400116,0,0,19.00,0
__import__.product_6401052,5.00,14.30,80.40,5.00
__import__.product_6406912,13.00,3.50,67.00,18.10
__import__.product_6406913,12.80,3.90,69.30,18.30
__import__.product_6440350,0,0,76.00,0
__import__.product_6440525,0,0,63.00,0
__import__.product_6446001,0,0,22.00,0
__import__.product_6446005,0,0,22.00,0
__import__.product_6446014,3.00,17.80,56.00,24.50
__import__.product_6446015,17.90,3.00,55.00,24.70
__import__.product_6446019,6.90,6.00,48.00,13.80
__import__.product_6446023,0,0,44.00,0
__import__.product_6446024,6.90,6.00,41.00,13.80
__import__.product_6446025,0,0,41.00,0
__import__.product_6446026,17.90,3.00,54.00,24.80
__import__.product_6446027,17.90,3.00,53.00,24.80
__import__.product_6446028,0,0,47.00,0
__import__.product_6446029,0,0,45.00,0
__import__.product_6446030,6.90,6.00,45.00,13.80
__import__.product_6446031,6.90,6.00,45.00,13.80
__import__.product_6446032,0,0,28.00,0
__import__.product_6446033,6.90,6.00,45.00,13.80
__import__.product_6446034,0,0,40.00,0
__import__.product_6446035,0,0,45.00,0
__import__.product_6446037,6.90,6.00,41.00,13.80
__import__.product_6446038,0,0,24.00,0
__import__.product_6446039,0,0,36.10,0
__import__.product_6446051,0,0,42.00,0
__import__.product_6446052,0,0,47.00,0
__import__.product_6446053,5.90,6.50,47.00,13.50
__import__.product_6446054,0,0,42.00,0
__import__.product_6446130,0,0,66.00,0
__import__.product_6446443,0,0,40.00,0
__import__.product_6448742,0,0,50.10,0
__import__.product_6450010,0,0,1715.00,0
__import__.product_6450015,0,0,320.00,0
__import__.product_6450025,0,0,32.50,0
__import__.product_6450029,0,0,1686.00,0
__import__.product_6450030,0,0,1640.00,0
__import__.product_6450033,0,0,2200.00,0
__import__.product_6450085,0,0,24.00,0
__import__.product_6450086,0,0,8.00,0
__import__.product_6450089,0,0,32.00,0
__import__.product_6450090,0,0,43.00,0
__import__.product_6450645,0,0,10.00,0
__import__.product_6502214,0,0,399.00,0
__import__.product_6502224,0,0,30.00,0
__import__.product_6508011,0,0,369.00,0
__import__.product_6508051,0,0,369.00,0
__import__.product_6508151,0,0,406.00,0
__import__.product_6600800,9.90,13.00,16.10,18.80
__import__.product_6600806,13.00,19.00,31.40,13.50
__import__.product_6600848,0,0,16.00,0
__import__.product_6600858,0,0,147.30,0
__import__.product_6600865,0,0,77.40,0
__import__.product_6600903,0,0,80.50,0
__import__.product_6601081,0,0,14.50,0
__import__.product_6602760,0,0,439.80,0
__import__.product_6605000,0,0,45.00,0
__import__.product_6605002,0,0,12.50,0
__import__.product_6605003,0,0,9.30,0
__import__.product_6605005,0,0,315.00,0
__import__.product_6605006,0,0,11.50,0
__import__.product_6605008,0,0,62.50,0
__import__.product_6605010,0,0,19.50,0
__import__.product_6605050,0,0,61.10,0
__import__.product_6605052,0,0,11.90,0
__import__.product_6605058,0,0,11.90,0
__import__.product_6606002,0,0,19.50,0
__import__.product_6610010,0,0,157.80,0
__import__.product_6611110,0,0,394.80,0
__import__.product_6611140,0,0,23.30,0
__import__.product_6615000,0,0,464.00,0
__import__.product_6615001,0,0,335.00,0
__import__.product_6615011,0,0,235.50,0
__import__.product_6615012,0,0,6.20,0
__import__.product_6615013,0,0,20.90,0
__import__.product_6615017,0,0,76.50,0
__import__.product_6615018,0,0,1722.00,0
__import__.product_6615246,0,0,26.00,0
__import__.product_6623036,0,0,30.00,0
__import__.product_6623404,0,0,3.20,0
__import__.product_6627590,0,0,5.40,0
__import__.product_6628101,0,0,167.60,0
__import__.product_6650001,0,0,659.10,0
__import__.product_6655002,0,0,92.00,0
__import__.product_6655003,0,0,29.90,0
__import__.product_6660002,0,0,16.10,0
__import__.product_6660005,0,0,82.00,0
__import__.product_6660007,0,0,97.10,0
__import__.product_6660008,0,0,9975.00,0
__import__.product_6660025,0,0,162.00,0
__import__.product_6660090,0,0,3977.00,0
__import__.product_6660831,0,0,141.00,0
__import__.product_6662989,7.80,23.70,23.60,7.80
__import__.product_6683003,0,0,1165.10,0
__import__.product_6690101,0,0,123.70,0
__import__.product_6690601,0,0,62.00,0
__import__.product_6692654,0,0,32.50,0
__import__.product_6704550,0,0,48.00,0
__import__.product_6705750,0,0,66.00,0
__import__.product_6706008,0,0,48.70,0
__import__.product_6706037,5.30,14.70,5.10,5.30
__import__.product_6707692,4.70,8.30,4.10,4.70
__import__.product_6723630,0,0,3966.00,0
__import__.product_6728524,0,0,30.60,0
__import__.product_6730403,5.70,10.50,14.60,5.70
__import__.product_6732514,0,0,85.80,0
__import__.product_6739893,0,0,10.00,0
__import__.product_6741737,0,0,9.00,0
__import__.product_6742369,0,0,10.10,0
__import__.product_6755751,0,0,25.00,0
__import__.product_6756911,2.80,2.60,13.00,6.30
__import__.product_6759708,0,0,38.00,0
__import__.product_6763001,0,0,232.10,0
__import__.product_6764690,0,0,5.60,0
__import__.product_6765376,5.60,1.80,8.70,10.60
__import__.product_6765548,5.30,5.70,11.70,2.50
__import__.product_6767576,0,0,118.90,0
__import__.product_6768050,0,0,40.00,0
__import__.product_6768587,0,0,6.00,0
__import__.product_6771052,5.40,5.70,4.50,2.50
__import__.product_6771224,0,0,64.00,0
__import__.product_6777356,0,0,34.30,0
__import__.product_6781429,0,0,6.00,0
__import__.product_6782311,0,0,236.00,0
__import__.product_6784592,16.80,9.00,138.30,26.20
__import__.product_6789537,0,0,124.00,0
__import__.product_6808105,0,0,5.60,0
__import__.product_6815003,0,0,63.80,0
__import__.product_6815014,0,0,3291.00,0
__import__.product_6815801,0,0,16.20,0
__import__.product_6823754,3.10,9.40,6.60,3.10
__import__.product_6828556,5.20,5.70,5.50,2.50
__import__.product_6828630,0,0,5.50,0
__import__.product_6828800,0,0,20.80,0
__import__.product_6829538,7.30,7.10,55.90,17.00
__import__.product_6830002,0,0,3.00,0
__import__.product_6835740,5.30,1.40,4.50,10.50
__import__.product_6835757,5.30,10.60,6.00,1.80
__import__.product_6837710,0,0,8.80,0
__import__.product_6848441,7.00,13.80,15.80,7.00
__import__.product_6849156,5.00,15.60,9.60,5.00
__import__.product_6866860,0,0,119.00,0
__import__.product_6867993,4.60,7.00,3.30,1.80
__import__.product_6868277,0,0,5.10,0
__import__.product_6869058,5.40,11.60,4.70,5.40
__import__.product_6869242,5.50,3.80,8.90,11.80
__import__.product_6871641,0,0,20.90,0
__import__.product_6873887,0,0,8.40,0
__import__.product_6878241,0,0,6.00,0
__import__.product_6896871,9.00,9.30,37.60,23.20
__import__.product_6900060,18.80,19.00,36.50,21.70
__import__.product_6900065,18.90,19.20,36.50,21.80
__import__.product_6900070,19.00,18.90,36.50,21.80
__import__.product_6900075,19.00,19.00,36.50,21.80
__import__.product_6900080,19.00,18.90,36.50,21.80
__import__.product_6900085,18.90,19.00,36.50,21.70
__import__.product_6903200,0,0,22.00,0
__import__.product_6905222,7.10,13.70,15.70,7.10
__import__.product_6933715,0,0,9.50,0
__import__.product_6938690,7.30,14.00,10.10,7.30
__import__.product_6960001,0,0,107.90,0
__import__.product_6963113,0,0,18.20,0
__import__.product_6964070,4.60,8.90,9.20,4.60
__import__.product_6964265,0,0,6.00,0
__import__.product_6964472,4.70,8.70,4.70,3.70
__import__.product_6979634,0,0,39.00,0
__import__.product_6980400,0,0,165.00,0
__import__.product_6987303,0,0,7.10,0
__import__.product_6990410,0,0,2401.00,0
__import__.product_6994210,0,0,1073.00,0
__import__.product_6998809,0,0,67.00,0
__import__.product_7020036,0,0,89.00,0
__import__.product_7026250,0,0,10.10,0
__import__.product_7026267,0,0,30.20,0
__import__.product_7031972,1.70,7.70,8.20,10.60
__import__.product_7047184,0,0,205.00,0
__import__.product_7048127,0,0,199.00,0
__import__.product_7049127,3.00,2.10,6.40,10.90
__import__.product_7050171,0,0,5.80,0
__import__.product_7050248,0,0,21.10,0
__import__.product_7050260,0,0,8.70,0
__import__.product_7060606,0,0,199.00,0
__import__.product_7068490,0,0,12.30,0
__import__.product_7081220,10.00,12.00,12.00,10.00
__import__.product_7100486,0,0,267.90,0
__import__.product_7102001,0,0,42.00,0
__import__.product_7103619,0,0,24.00,0
__import__.product_7103625,0,0,8.70,0
__import__.product_7104502,0,0,22.00,0
__import__.product_7104503,0,0,171.00,0
__import__.product_7108000,0,0,10.00,0
__import__.product_7109802,0,0,90.50,0
__import__.product_7109803,0,0,14.60,0
__import__.product_7110008,0,0,33.30,0
__import__.product_7110012,0,0,72.50,0
__import__.product_7110018,0,0,65.10,0
__import__.product_7110019,0,0,67.50,0
__import__.product_7110032,4.40,9.00,37.40,4.40
__import__.product_7110033,0,0,1385.50,0
__import__.product_7116409,8.00,16.60,21.00,8.00
__import__.product_7121100,0,0,3534.00,0
__import__.product_7140005,0,0,5.30,0
__import__.product_7140307,0,0,82.60,0
__import__.product_7140536,0,0,47.00,0
__import__.product_7140537,0,0,35.60,0
__import__.product_7140545,0,0,280.90,0
__import__.product_7140788,0,0,131.20,0
__import__.product_7141018,0,0,1.60,0
__import__.product_7141020,3.50,2.10,1.60,14.00
__import__.product_7141022,3.50,2.00,1.60,14.00
__import__.product_7141058,0,0,267.90,0
__import__.product_7142503,0,0,3.40,0
__import__.product_7144502,0,0,64.00,0
__import__.product_7145006,0,0,4.40,0
__import__.product_7145063,2.90,1.30,67.00,13.00
__import__.product_7145122,0,0,165.00,0
__import__.product_7145225,0,0,7.00,0
__import__.product_7145637,0,0,64.00,0
__import__.product_7145644,0,0,98.00,0
__import__.product_7145689,0,0,101.60,0
__import__.product_7145722,0,0,187.00,0
__import__.product_7146824,0,0,90.20,0
__import__.product_7148402,0,0,42.30,0
__import__.product_7149359,0,0,6.50,0
__import__.product_7149474,0,0,6.70,0
__import__.product_7194088,0,0,5.60,0
__import__.product_7194289,0,0,5.60,0
__import__.product_7200003,0,0,33.00,0
__import__.product_7210201,0,0,5.20,0
__import__.product_7220057,0,0,6742.70,0
__import__.product_7239425,0,0,5.90,0
__import__.product_7250016,0,0,86.30,0
__import__.product_7253862,0,0,47.80,0
__import__.product_7253879,0,0,33.20,0
__import__.product_7307788,0,0,3.80,0
__import__.product_7311890,0,0,418.00,0
__import__.product_7311970,0,0,119.00,0
__import__.product_7329536,0,0,22.60,0
__import__.product_7334121,0,0,222.00,0
__import__.product_7402626,0,0,50.00,0
__import__.product_7405001,0,0,170.00,0
__import__.product_7405002,0,0,165.00,0
__import__.product_7405003,0,0,170.00,0
__import__.product_7405040,0,0,170.00,0
__import__.product_7405041,0,0,170.00,0
__import__.product_7405042,0,0,170.00,0
__import__.product_7405043,0,0,170.00,0
__import__.product_7405044,0,0,170.00,0
__import__.product_7405045,0,0,170.00,0
__import__.product_7405046,0,0,170.00,0
__import__.product_7405140,0,0,110.00,0
__import__.product_7405142,0,0,110.00,0
__import__.product_7405143,0,0,110.00,0
__import__.product_7405998,0,0,37.20,0
__import__.product_7406044,0,0,188.00,0
__import__.product_7411901,0,0,1427.10,0
__import__.product_7413002,0,0,38.80,0
__import__.product_7413007,0,0,28.00,0
__import__.product_7413022,15.80,13.10,41.50,29.80
__import__.product_7414801,0,0,8.20,0
__import__.product_7415025,0,0,40.00,0
__import__.product_7415144,0,0,110.00,0
__import__.product_7415302,0,0,53.00,0
__import__.product_7415303,0,0,17.00,0
__import__.product_7415316,9.50,10.80,26.20,9.50
__import__.product_7415319,0,0,169.00,0
__import__.product_7416002,0,0,450.00,0
__import__.product_7420001,0,0,7.20,0
__import__.product_7420010,7.20,28.80,110.40,19.30
__import__.product_7420016,0,0,30.50,0
__import__.product_7420041,0,0,317.10,0
__import__.product_7420042,0,0,142.90,0
__import__.product_7420043,0,0,133.50,0
__import__.product_7421901,0,0,6.40,0
__import__.product_7421902,0,0,1.10,0
__import__.product_7429002,0,0,150.00,0
__import__.product_7429004,0,0,40.90,0
__import__.product_7429005,0,0,5.10,0
__import__.product_7429013,0,0,25.50,0
__import__.product_7429014,0,0,43.00,0
__import__.product_7429018,0,0,6.20,0
__import__.product_7429024,0,0,3.10,0
__import__.product_7429032,0,0,5.70,0
__import__.product_7429033,0,0,5.70,0
__import__.product_7429045,0,0,2.60,0
__import__.product_7429050,0,0,6.50,0
__import__.product_7429056,0,0,16.50,0
__import__.product_7429060,0,0,11.90,0
__import__.product_7429064,0,0,90.00,0
__import__.product_7429075,0,0,5.20,0
__import__.product_7450797,0,0,838.80,0
__import__.product_7455000,0,0,885.00,0
__import__.product_7455050,0,0,695.00,0
__import__.product_7455066,0,0,1230.50,0
__import__.product_7455085,0,0,1391.00,0
__import__.product_7467465,0,0,69.00,0
__import__.product_7486272,0,0,29.40,0
__import__.product_7500904,0,0,8.10,0
__import__.product_7505845,0,0,84.80,0
__import__.product_7511810,0,0,126.90,0
__import__.product_7517530,0,0,53.00,0
__import__.product_7526107,0,0,10.50,0
__import__.product_7536979,7.60,11.30,7.60,7.60
__import__.product_7600504,0,0,78.00,0
__import__.product_7600505,0,0,89.00,0
__import__.product_7605490,0,0,40.00,0
__import__.product_7621731,12.20,6.60,188.00,13.80
__import__.product_7624001,0,0,11.50,0
__import__.product_7624010,0,0,12.00,0
__import__.product_7624212,22.50,12.50,75.40,24.90
__import__.product_7662661,0,0,235.50,0
__import__.product_7682267,0,0,31.40,0
__import__.product_7687649,0,0,7.20,0
__import__.product_7687655,8.70,16.40,8.80,4.20
__import__.product_7687678,0,0,9.00,0
__import__.product_7705000,0,0,32.00,0
__import__.product_7705003,0,0,18.00,0
__import__.product_7710002,0,0,450.00,0
__import__.product_7715290,0,0,79.00,0
__import__.product_7720500,0,0,1690.00,0
__import__.product_7723640,0,0,85.90,0
__import__.product_7735005,0,0,3.50,0
__import__.product_7735006,0,0,3.00,0
__import__.product_7737004,0,0,12.80,0
__import__.product_7737008,0,0,11.50,0
__import__.product_7737606,0,0,695.00,0
__import__.product_7750012,0,0,45.00,0
__import__.product_7750013,0,0,12.00,0
__import__.product_7760206,12.80,5.40,237.00,13.70
__import__.product_7760209,0,0,5.70,0
__import__.product_7760211,5.10,15.40,7.10,5.10
__import__.product_7760212,26.30,26.20,41.80,26.30
__import__.product_7760216,7.80,5.50,82.10,13.50
__import__.product_7760221,5.50,3.60,67.00,13.40
__import__.product_7760305,0,0,8.10,0
__import__.product_7760337,7.20,5.10,10.60,9.30
__import__.product_7760665,0,0,154.00,0
__import__.product_7764012,6.70,13.90,14.30,8.50
__import__.product_7764281,0,0,238.70,0
__import__.product_7764606,0,0,14.30,0
__import__.product_7769902,0,0,30.90,0
__import__.product_7769904,0,0,26.90,0
__import__.product_7787492,0,0,7.40,0
__import__.product_7836380,7.70,3.30,18.40,10.60
__import__.product_7852530,0,0,385.00,0
__import__.product_7886716,0,0,29.10,0
__import__.product_7900010,0,0,1150.00,0
__import__.product_7900029,0,0,3455.00,0
__import__.product_7900050,0,0,136.50,0
__import__.product_7900253,0,0,88.00,0
__import__.product_7900256,0,0,80.60,0
__import__.product_7905001,0,0,395.50,0
__import__.product_7910020,15.30,5.20,62.60,54.90
__import__.product_7910429,0,0,53.00,0
__import__.product_7911151,12.40,17.40,18.90,3.10
__import__.product_7912220,0,0,418.00,0
__import__.product_7912330,0,0,20.90,0
__import__.product_7912791,0,0,2600.00,0
__import__.product_7913201,12.40,3.00,24.40,17.30
__import__.product_7913301,12.40,3.00,26.50,17.30
__import__.product_7913351,12.40,3.00,27.40,17.30
__import__.product_7915800,0,0,59.90,0
__import__.product_7915820,0,0,44.70,0
__import__.product_7915830,0,0,48.40,0
__import__.product_7915840,0,0,59.30,0
__import__.product_7915850,0,0,59.30,0
__import__.product_7915860,0,0,38.80,0
__import__.product_7915920,0,0,59.70,0
__import__.product_7915960,0,0,43.10,0
__import__.product_7916001,0,0,23.50,0
__import__.product_7916872,0,0,6050.00,0
__import__.product_7916980,0,0,13.20,0
__import__.product_7917017,0,0,101.70,0
__import__.product_7917020,0,0,11400.00,0
__import__.product_7918100,0,0,9500.00,0
__import__.product_7918110,0,0,14.70,0
__import__.product_7918115,0,0,22.10,0
__import__.product_7918123,0,0,74.60,0
__import__.product_7918125,0,0,16.70,0
__import__.product_7918126,0,0,17.30,0
__import__.product_7918127,0,0,21.10,0
__import__.product_7918133,0,0,17.80,0
__import__.product_7918172,0,0,6.60,0
__import__.product_7920001,9.20,15.20,7.50,13.50
__import__.product_7920018,0,0,14.50,0
__import__.product_7920076,0,0,1.30,0
__import__.product_7920086,0,0,1.30,0
__import__.product_7920099,0,0,3.50,0
__import__.product_7922032,0,0,53.30,0
__import__.product_7923008,0,0,694.10,0
__import__.product_7924173,0,0,350.00,0
__import__.product_7924480,0,0,1419.30,0
__import__.product_7926488,0,0,60.50,0
__import__.product_7926678,0,0,59.00,0
__import__.product_7928030,0,0,18.70,0
__import__.product_7930127,7.20,7.00,14.20,15.60
__import__.product_7930535,9.50,3.30,42.70,14.30
__import__.product_7935311,11.30,18.20,21.40,18.70
__import__.product_7940503,0,0,250.00,0
__import__.product_7962225,16.00,14.20,53.30,18.70
__import__.product_7969000,12.00,0.80,4.00,17.00
__import__.product_7974031,0,0,40.60,0
__import__.product_8000583,4.50,1.20,11.10,70.80
__import__.product_8001708,0,0,72.20,0
__import__.product_8001830,0,0,250.00,0
__import__.product_8001855,13.10,10.50,6.30,22.80
__import__.product_8002010,0,0,13.80,0
__import__.product_8002079,0,0,12.30,0
__import__.product_8002760,0,0,18.50,0
__import__.product_8003179,10.00,4.40,23.70,18.60
__import__.product_8004167,0,0,160.00,0
__import__.product_8007131,5.40,5.40,3.20,5.70
__import__.product_8010392,0,0,27.70,0
__import__.product_8010612,0,0,465.00,0
__import__.product_8012530,0,0,12.50,0
__import__.product_8012810,0,0,104.00,0
__import__.product_8013290,0,0,30.00,0
__import__.product_8013309,0,0,15.00,0
__import__.product_8013338,0,0,50.00,0
__import__.product_8013480,0,0,180.00,0
__import__.product_8013901,31.60,3.10,106.50,41.40
__import__.product_8014970,0,0,13.80,0
__import__.product_8015389,0,0,2.30,0
__import__.product_8017158,0,0,32.80,0
__import__.product_8017164,0,0,32.80,0
__import__.product_8017187,0,0,25.80,0
__import__.product_8017193,6.00,1.50,25.80,11.30
__import__.product_8017448,0,0,11.60,0
__import__.product_8017655,0,0,64.50,0
__import__.product_8017744,0,0,180.00,0
__import__.product_8018259,13.50,28.70,14.00,18.50
__import__.product_8018270,0,0,21.50,0
__import__.product_8019074,0,0,330.00,0
__import__.product_8019571,0,0,5.50,0
__import__.product_8019588,0,0,6.60,0
__import__.product_8019594,0,0,5.40,0
__import__.product_8019773,0,0,35.00,0
__import__.product_8019849,11.30,5.40,20.80,14.80
__import__.product_8019938,0,0,75.20,0
__import__.product_8019996,0,0,30.00,0
__import__.product_8020503,0,0,6.20,0
__import__.product_8020982,0,0,5.30,0
__import__.product_8021002,0,0,76.80,0
__import__.product_8021177,0,0,6.50,0
__import__.product_8021378,0,0,584.90,0
__import__.product_8021450,0,0,5.70,0
__import__.product_8021504,0,0,1168.20,0
__import__.product_8021622,0,0,901.40,0
__import__.product_8022202,0,0,7.00,0
__import__.product_8022260,0,0,7.90,0
__import__.product_8022314,0,0,9.30,0
__import__.product_8022436,0,0,272.00,0
__import__.product_8022484,0,0,8.90,0
__import__.product_8024170,0,0,168.30,0
__import__.product_8024419,0,0,907.50,0
__import__.product_8024879,0,0,238.50,0
__import__.product_8025471,0,0,20.20,0
__import__.product_8025560,0,0,9.60,0
__import__.product_8025873,0,0,3.10,0
__import__.product_8025910,0,0,12.60,0
__import__.product_8026915,0,0,6.10,0
__import__.product_8027056,5.00,4.00,15.30,52.00
__import__.product_8028030,0,0,43.00,0
__import__.product_8028179,0,0,254.00,0
__import__.product_8028185,0,0,310.00,0
__import__.product_8028220,0,0,46.00,0
__import__.product_8028753,0,0,120.00,0
__import__.product_8028860,0,0,114.00,0
__import__.product_8029240,0,0,80.00,0
__import__.product_8029606,5.00,15.50,3.90,5.00
__import__.product_8029871,0,0,141.60,0
__import__.product_8030319,5.80,5.80,50.50,15.90
__import__.product_8030472,0,0,37.70,0
__import__.product_8030489,0,0,37.70,0
__import__.product_8030845,0,0,30.30,0
__import__.product_8030868,0,0,30.30,0
__import__.product_8030912,0,0,3.90,0
__import__.product_8030934,0,0,6900.00,0
__import__.product_8030963,4.60,13.00,43.10,4.60
__import__.product_8030992,4.60,13.00,78.20,4.60
__import__.product_8031046,4.60,13.00,86.30,4.60
__import__.product_8031052,4.60,13.00,86.30,4.60
__import__.product_8031069,4.60,13.00,86.30,4.60
__import__.product_8031410,0,0,75.00,0
__import__.product_8033476,0,0,234.50,0
__import__.product_8033507,0,0,4.90,0
__import__.product_8033683,0,0,9.60,0
__import__.product_8034031,0,0,450.00,0
__import__.product_8034203,0,0,209.50,0
__import__.product_8034731,0,0,19.20,0
__import__.product_8035222,0,0,69.50,0
__import__.product_8035446,0,0,211.30,0
__import__.product_8035570,0,0,1414.00,0
__import__.product_8035624,0,0,6.20,0
__import__.product_8035676,0,0,154.50,0
__import__.product_8036552,0,0,487.50,0
__import__.product_8036650,0,0,137.00,0
__import__.product_8039072,0,0,135.90,0
__import__.product_8039390,0,0,4.00,0
__import__.product_8039444,11.00,10.30,4.80,18.50
__import__.product_8040022,23.00,8.00,7.00,25.00
__import__.product_8040052,0,0,91.80,0
__import__.product_8040312,0,0,69.30,0
__import__.product_8040654,0,0,5.20,0
__import__.product_8040855,0,0,0.60,0
__import__.product_8041530,0,0,134.50,0
__import__.product_8041548,0,0,695.00,0
__import__.product_8042044,0,0,408.30,0
__import__.product_8042073,0,0,497.10,0
__import__.product_8042162,0,0,608.50,0
__import__.product_8042363,0,0,1814.20,0
__import__.product_8042848,0,0,637.80,0
__import__.product_8043227,0,0,102.00,0
__import__.product_8043374,0,0,1268.30,0
__import__.product_8043612,0,0,8.80,0
__import__.product_8043842,0,0,8.00,0
__import__.product_8043865,53.20,2.90,36.40,98.50
__import__.product_8044267,0,0,3.90,0
__import__.product_8044273,0,0,3.90,0
__import__.product_8044310,0,0,3.90,0
__import__.product_8044333,0,0,3.90,0
__import__.product_8044356,0,0,3.90,0
__import__.product_8044362,0,0,3.90,0
__import__.product_8044379,0,0,3.90,0
__import__.product_8044391,0,0,3.90,0
__import__.product_8044416,0,0,3.90,0
__import__.product_8044439,0,0,3.90,0
__import__.product_8044445,0,0,3.90,0
__import__.product_8044451,0,0,3.90,0
__import__.product_8044468,0,0,3.90,0
__import__.product_8044480,0,0,3.90,0
__import__.product_8044497,0,0,3.90,0
__import__.product_8044505,0,0,3.90,0
__import__.product_8044511,0,0,3.90,0
__import__.product_8044534,0,0,3.90,0
__import__.product_8044540,0,0,3.90,0
__import__.product_8044557,0,0,3.90,0
__import__.product_8044563,0,0,3.90,0
__import__.product_8044586,0,0,3.90,0
__import__.product_8044600,0,0,3.90,0
__import__.product_8044623,0,0,3.90,0
__import__.product_8044646,0,0,3.90,0
__import__.product_8044652,0,0,3.90,0
__import__.product_8044669,0,0,3.90,0
__import__.product_8044675,0,0,3.90,0
__import__.product_8044681,0,0,3.90,0
__import__.product_8044698,0,0,3.90,0
__import__.product_8044706,0,0,3.90,0
__import__.product_8044712,0,0,3.90,0
__import__.product_8044764,0,0,234.30,0
__import__.product_8045122,0,0,35.20,0
__import__.product_8045262,0,0,135.00,0
__import__.product_8045404,0,0,10.00,0
__import__.product_8046200,0,0,77.50,0
__import__.product_8046852,0,0,29.50,0
__import__.product_8046875,0,0,10.10,0
__import__.product_8047001,0,0,88.00,0
__import__.product_8047018,0,0,45.00,0
__import__.product_8047656,0,0,45.00,0
__import__.product_8047768,0,0,8.80,0
__import__.product_8048012,0,0,10.10,0
__import__.product_8050227,4.60,13.00,86.30,4.60
__import__.product_8050546,0,0,32.40,0
__import__.product_8051504,0,0,18.20,0
__import__.product_8051904,0,0,16.00,0
__import__.product_8052008,0,0,20.00,0
__import__.product_8054975,0,0,26.00,0
__import__.product_8055004,0,0,13.80,0
__import__.product_8055006,0,0,17.90,0
__import__.product_8055070,0,0,160.70,0
__import__.product_8055087,0,0,1458.60,0
__import__.product_8055204,0,0,17.00,0
__import__.product_8055354,0,0,79.00,0
__import__.product_8055414,0,0,20.00,0
__import__.product_8055437,0,0,40.80,0
__import__.product_8055443,0,0,145.60,0
__import__.product_8055928,0,0,319.50,0
__import__.product_8056388,0,0,3.60,0
__import__.product_8056394,0,0,3.60,0
__import__.product_8056402,0,0,3.60,0
__import__.product_8059091,0,0,20.70,0
__import__.product_8059174,0,0,39.50,0
__import__.product_8059211,0,0,1634.90,0
__import__.product_8059530,0,0,620.00,0
__import__.product_8059659,0,0,20.80,0
__import__.product_8062495,0,0,11.70,0
__import__.product_8062615,0,0,350.00,0
__import__.product_8062874,0,0,5.40,0
__import__.product_8063170,10.50,10.80,183.10,47.00
__import__.product_8063632,12.60,7.00,5.50,24.10
__import__.product_8063773,4.00,6.50,5.10,19.30
__import__.product_8063856,0,0,18.50,0
__import__.product_8064057,0,0,136.00,0
__import__.product_8065111,0,0,149.80,0
__import__.product_8065447,0,0,1.70,0
__import__.product_8066062,0,0,25.70,0
__import__.product_8066872,0,0,12.30,0
__import__.product_8067401,0,0,2.00,0
__import__.product_8067624,0,0,11.90,0
__import__.product_8068339,0,0,0.70,0
__import__.product_8068582,0,0,4.20,0
__import__.product_8068813,0,0,7.60,0
__import__.product_8069296,13.00,2.00,19.70,18.00
__import__.product_8069451,0,0,13.20,0
__import__.product_8069623,0,0,2.80,0
__import__.product_8069758,0,0,6.90,0
__import__.product_8070006,0,0,68.00,0
__import__.product_8070010,0,0,68.00,0
__import__.product_8070015,0,0,68.00,0
__import__.product_8070017,0,0,87.10,0
__import__.product_8070081,0,0,17.50,0
__import__.product_8070122,0,0,23.70,0
__import__.product_8070170,0,0,115.70,0
__import__.product_8070201,0,0,105.30,0
__import__.product_8070218,0,0,91.00,0
__import__.product_8070537,0,0,2.30,0
__import__.product_8070767,9.30,8.00,33.30,29.00
__import__.product_8071206,0,0,935.00,0
__import__.product_8071241,0,0,34.70,0
__import__.product_8071867,0,0,5278.00,0
__import__.product_8071904,0,0,28060.20,0
__import__.product_8071910,0,0,4158.00,0
__import__.product_8071927,0,0,687.50,0
__import__.product_8072269,0,0,1350.00,0
__import__.product_8072418,0,0,101.10,0
__import__.product_8072507,0,0,47.50,0
__import__.product_8072588,0,0,326.00,0
__import__.product_8072743,0,0,1925.00,0
__import__.product_8072997,0,0,13.30,0
__import__.product_8074587,22.90,31.50,28.30,19.50
__import__.product_8075428,0,0,656.80,0
__import__.product_8075517,0,0,138.00,0
__import__.product_8075552,0,0,664.60,0
__import__.product_8076505,0,0,4.10,0
__import__.product_8076511,0,0,3.20,0
__import__.product_8076592,0,0,6.90,0
__import__.product_8076600,0,0,4.70,0
__import__.product_8077752,0,0,44.50,0
__import__.product_8079567,0,0,55.00,0
__import__.product_8079573,0,0,55.00,0
__import__.product_8079604,0,0,55.00,0
__import__.product_8079610,0,0,55.00,0
__import__.product_8079627,0,0,55.00,0
__import__.product_8079685,0,0,55.00,0
__import__.product_8080006,0,0,34.00,0
__import__.product_8080010,0,0,34.00,0
__import__.product_8080014,0,0,34.00,0
__import__.product_8081274,0,0,2.20,0
__import__.product_8090729,29.40,24.70,35.40,8.10
__import__.product_8092516,0,0,210.00,0
__import__.product_8092562,0,0,5.50,0
__import__.product_8092869,0,0,9.10,0
__import__.product_8094058,0,0,1.50,0
__import__.product_8096034,0,0,5.50,0
__import__.product_8096057,0,0,5.50,0
__import__.product_8096063,0,0,5.50,0
__import__.product_8096086,0,0,5.50,0
__import__.product_8096092,0,0,5.50,0
__import__.product_8096100,0,0,5.50,0
__import__.product_8096117,0,0,5.50,0
__import__.product_8096123,0,0,5.50,0
__import__.product_8096146,0,0,5.50,0
__import__.product_8096152,0,0,5.50,0
__import__.product_8096169,0,0,5.50,0
__import__.product_8099924,0,0,406.50,0
__import__.product_8100116,0,0,13.00,0
__import__.product_8100385,0,0,74.90,0
__import__.product_8104727,0,0,96.00,0
__import__.product_8105052,0,0,9.00,0
__import__.product_8105218,0,0,103.00,0
__import__.product_8108381,0,0,129.00,0
__import__.product_8112121,0,0,149.50,0
__import__.product_8115642,0,0,18.00,0
__import__.product_8115725,0,0,195.00,0
__import__.product_8115731,0,0,259.00,0
__import__.product_8115820,0,0,112.70,0
__import__.product_8120614,0,0,29.00,0
__import__.product_8134220,0,0,73.00,0
__import__.product_8134504,0,0,7.20,0
__import__.product_8165001,0,0,95.00,0
__import__.product_8165005,1.50,21.00,3.50,10.20
__import__.product_8165011,0,0,5.60,0
__import__.product_8165019,0,0,3.10,0
__import__.product_8165028,0,0,4.80,0
__import__.product_8165038,0,0,149.00,0
__import__.product_8165048,0,0,6.20,0
__import__.product_8165051,0,0,2.70,0
__import__.product_8165054,13.50,28.00,28.00,18.40
__import__.product_8165055,0,0,130.00,0
__import__.product_8168012,0,0,108.90,0
__import__.product_8180005,0,0,5.30,0
__import__.product_8180378,0,0,1250.00,0
__import__.product_8180415,0,0,108.00,0
__import__.product_8182103,0,0,51.00,0
__import__.product_8182118,6.70,5.20,1.60,6.70
__import__.product_8182183,0,0,105.00,0
__import__.product_8182267,0,0,1085.00,0
__import__.product_8182268,0,0,92.00,0
__import__.product_8182269,0,0,92.00,0
__import__.product_8182270,0,0,92.00,0
__import__.product_8183112,0,0,114.00,0
__import__.product_8183129,0,0,114.00,0
__import__.product_8184347,0,0,21.90,0
__import__.product_8184353,0,0,21.90,0
__import__.product_8185625,0,0,509.70,0
__import__.product_8186056,0,0,17.80,0
__import__.product_8186694,0,0,74.90,0
__import__.product_8188345,0,0,16.80,0
__import__.product_8188894,0,0,8.30,0
__import__.product_8192855,0,0,45.00,0
__import__.product_8192884,0,0,24.50,0
__import__.product_8192890,0,0,62.50,0
__import__.product_8192950,0,0,1280.00,0
__import__.product_8193024,0,0,685.00,0
__import__.product_8193101,19.20,10.60,9.20,24.40
__import__.product_8193103,23.60,14.40,15.70,28.80
__import__.product_8193201,19.20,10.60,9.20,24.40
__import__.product_8193665,0,0,6100.00,0
__import__.product_8193671,0,0,7500.00,0
__import__.product_8193783,0,0,4300.00,0
__import__.product_8193808,0,0,11500.00,0
__import__.product_8193844,0,0,17500.00,0
__import__.product_8193867,0,0,2250.00,0
__import__.product_8193895,0,0,20097.00,0
__import__.product_8193904,0,0,22000.00,0
__import__.product_8194013,0,0,40.00,0
__import__.product_8194113,0,0,40.00,0
__import__.product_8194213,0,0,40.00,0
__import__.product_8194313,0,0,40.00,0
__import__.product_8195204,0,0,15.40,0
__import__.product_8197048,0,0,8.50,0
__import__.product_8197798,0,0,1148.00,0
__import__.product_8199573,0,0,2000.00,0
"__import__.product_8200224,",0,0,20.00,0
__import__.product_8200773,0,0,140.00,0
__import__.product_8200804,0,0,40.00,0
__import__.product_8200833,0,0,82.40,0
__import__.product_8200879,0,0,61.80,0
__import__.product_8200934,0,0,76.90,0
__import__.product_8201000,0,0,2.60,0
__import__.product_8201092,0,0,122.50,0
__import__.product_8201621,0,0,19.90,0
__import__.product_8205434,0,0,65.90,0
__import__.product_8207723,0,0,39.00,0
__import__.product_8209522,0,0,203.80,0
__import__.product_8210323,0,0,97.20,0
__import__.product_8210690,0,0,4.50,0
__import__.product_8211535,0,0,3314.00,0
__import__.product_8212092,0,0,2415.00,0
__import__.product_8212093,0,0,2415.00,0
__import__.product_8215065,0,0,2057.10,0
__import__.product_8215355,0,0,111.00,0
__import__.product_8215622,0,0,16.80,0
__import__.product_8216403,0,0,5160.00,0
__import__.product_8217051,0,0,1.00,0
__import__.product_8217673,0,0,90.00,0
__import__.product_8219150,0,0,1096.00,0
__import__.product_8220735,0,0,33.10,0
__import__.product_8222240,0,0,25.00,0
__import__.product_8223001,0,0,46.50,0
__import__.product_8224839,0,0,114.00,0
__import__.product_8224845,0,0,114.00,0
__import__.product_8224851,0,0,114.00,0
__import__.product_8224868,0,0,114.00,0
__import__.product_8224880,0,0,114.00,0
__import__.product_8224897,0,0,114.00,0
__import__.product_8225604,0,0,2990.00,0
__import__.product_8226442,0,0,67.50,0
__import__.product_8228671,0,0,219.60,0
__import__.product_8233933,0,0,156.00,0
__import__.product_8235168,0,0,31.20,0
__import__.product_8238907,0,0,11.60,0
__import__.product_8239031,0,0,1480.00,0
__import__.product_8239048,0,0,2172.00,0
__import__.product_8240202,0,0,445.00,0
__import__.product_8240896,0,0,51.50,0
__import__.product_8240962,0,0,16.00,0
__import__.product_8241540,0.90,7.00,15.50,9.00
__import__.product_8242030,0,0,9.30,0
__import__.product_8242050,0.90,8.20,47.30,9.00
__import__.product_8242292,0,0,376.00,0
__import__.product_8243682,0,0,50.00,0
__import__.product_8244888,0,0,75.60,0
__import__.product_8244919,0,0,75.60,0
__import__.product_8245000,0,0,2.00,0
__import__.product_8245002,0,0,4.00,0
__import__.product_8245011,0,0,21.70,0
__import__.product_8250000,13.70,7.00,4.50,25.00
__import__.product_8250003,13.70,6.90,4.50,25.30
__import__.product_8250357,0,0,54.60,0
__import__.product_8250914,0,0,9.80,0
__import__.product_8251486,0,0,61.10,0
__import__.product_8252250,0,0,2.30,0
__import__.product_8253864,0,0,7.00,0
__import__.product_8255551,0,0,5.00,0
__import__.product_8257834,0,0,3.20,0
__import__.product_8258034,0,0,598.00,0
__import__.product_8258287,0,0,462.00,0
__import__.product_8258293,0,0,141.70,0
__import__.product_8259815,0,0,42.60,0
__import__.product_8259826,0,0,42.60,0
__import__.product_8259829,0,0,41.60,0
__import__.product_8259838,0,0,45.40,0
__import__.product_8264552,0,0,152.40,0
__import__.product_8264553,0,0,152.40,0
__import__.product_8269810,0,0,12700.00,0
__import__.product_8269865,0,0,15500.00,0
__import__.product_8270008,0,0,9.20,0
__import__.product_8270010,0,0,21.00,0
__import__.product_8270015,0,0,47.00,0
__import__.product_8270027,0,0,9.70,0
__import__.product_8270030,0,0,9.70,0
__import__.product_8270038,0,0,111.30,0
__import__.product_8270045,0,0,6.20,0
__import__.product_8270047,0,0,16.00,0
__import__.product_8270068,16.90,11.70,6.50,18.30
__import__.product_8270087,16.90,11.70,35.00,18.30
__import__.product_8270088,0,0,47.10,0
__import__.product_8270094,0,0,252.80,0
__import__.product_8270124,0,0,9.00,0
__import__.product_8270130,0,0,9.60,0
__import__.product_8270132,0,0,19.10,0
__import__.product_8270147,0,0,29.00,0
__import__.product_8270148,0,0,4.10,0
__import__.product_8270166,0,0,16.00,0
__import__.product_8270179,22.40,19.00,67.00,23.80
__import__.product_8270185,0,0,8.30,0
__import__.product_8270190,0,0,73.00,0
__import__.product_8270200,0,0,47.60,0
__import__.product_8270204,0,0,36.00,0
__import__.product_8270205,0,0,6.90,0
__import__.product_8270211,0,0,5.20,0
__import__.product_8270220,0,0,3.80,0
__import__.product_8270233,0,0,3.60,0
__import__.product_8270234,0,0,26.00,0
__import__.product_8270253,6.80,12.90,25.40,6.80
__import__.product_8270275,0,0,8.30,0
__import__.product_8270278,0,0,9.10,0
__import__.product_8270300,0,0,21.00,0
__import__.product_8270513,0,0,56.10,0
__import__.product_8270525,0,0,35.10,0
__import__.product_8270537,0,0,44.00,0
__import__.product_8270542,0,0,42.00,0
__import__.product_8270543,0,0,6.30,0
__import__.product_8270546,0,0,25.00,0
__import__.product_8270674,0,0,27.10,0
__import__.product_8273306,0,0,12.40,0
__import__.product_8274027,0,0,155.00,0
__import__.product_8275389,0,0,5.00,0
__import__.product_8279510,0,0,47.60,0
__import__.product_8279645,0,0,4455.00,0
__import__.product_8279792,0,0,23.20,0
__import__.product_8280460,0,0,22.60,0
__import__.product_8280571,0,0,96.50,0
__import__.product_8280588,0,0,99.10,0
__import__.product_8280594,0,0,103.50,0
__import__.product_8280648,0,0,96.50,0
__import__.product_8280654,0,0,99.10,0
__import__.product_8280660,0,0,103.50,0
__import__.product_8281777,0,0,235.00,0
__import__.product_8285625,0,0,509.70,0
__import__.product_8288093,0,0,117.90,0
__import__.product_8288527,0,0,14500.00,0
__import__.product_8288590,0,0,28.00,0
__import__.product_8288615,0,0,1138.00,0
__import__.product_8289508,0,0,925.00,0
__import__.product_8290411,0,0,42.00,0
__import__.product_8290434,0,0,81.00,0
__import__.product_8290954,0,0,43.40,0
__import__.product_8290977,0,0,322.50,0
__import__.product_8290983,0,0,322.50,0
__import__.product_8291008,0,0,3.00,0
__import__.product_8291882,0,0,9990.00,0
__import__.product_8291942,0,0,24899.30,0
__import__.product_8292271,0,0,755.00,0
__import__.product_8292574,0,0,987.10,0
__import__.product_8292580,0,0,9427.60,0
__import__.product_8293094,0,0,1150.00,0
__import__.product_8293266,0,0,1038.40,0
__import__.product_8293416,0,0,231.50,0
__import__.product_8293527,0,0,104.00,0
__import__.product_8295087,0,0,543.90,0
__import__.product_8295325,0,0,27.60,0
__import__.product_8295437,0,0,75.60,0
__import__.product_8295578,0,0,95.40,0
__import__.product_8295727,0,0,33.50,0
__import__.product_8295733,0,0,33.50,0
__import__.product_8295756,0,0,33.50,0
__import__.product_8295762,0,0,33.50,0
__import__.product_8295779,0,0,33.50,0
__import__.product_8295785,0,0,33.50,0
__import__.product_8295791,0,0,33.50,0
__import__.product_8295816,0,0,33.50,0
__import__.product_8295822,0,0,35.50,0
__import__.product_8295839,0,0,35.50,0
__import__.product_8295845,0,0,35.50,0
__import__.product_8295851,0,0,35.50,0
__import__.product_8295868,0,0,35.50,0
__import__.product_8295874,0,0,35.50,0
__import__.product_8295880,0,0,35.50,0
__import__.product_8295897,0,0,35.50,0
__import__.product_8295905,0,0,36.00,0
__import__.product_8295911,0,0,36.00,0
__import__.product_8295928,0,0,36.00,0
__import__.product_8295934,0,0,36.00,0
__import__.product_8295940,0,0,36.00,0
__import__.product_8295957,0,0,36.00,0
__import__.product_8295963,0,0,36.00,0
__import__.product_8295986,0,0,36.00,0
__import__.product_8295992,0,0,36.00,0
__import__.product_8296000,0,0,36.00,0
__import__.product_8296017,0,0,36.00,0
__import__.product_8296023,0,0,36.00,0
__import__.product_8296052,0,0,13.60,0
__import__.product_8296069,0,0,13.60,0
__import__.product_8296075,0,0,13.60,0
__import__.product_8296081,0,0,13.60,0
__import__.product_8296098,0,0,13.60,0
__import__.product_8296106,0,0,13.60,0
__import__.product_8296112,0,0,18.40,0
__import__.product_8296129,0,0,18.40,0
__import__.product_8296135,0,0,18.40,0
__import__.product_8296141,0,0,18.40,0
__import__.product_8296158,0,0,18.40,0
__import__.product_8296164,0,0,18.40,0
__import__.product_8296715,0,0,39.00,0
__import__.product_8296721,0,0,24.90,0
__import__.product_8297933,0,0,44.80,0
__import__.product_8298111,0,0,8280.00,0
__import__.product_8298792,2.50,48.00,38.50,81.00
__import__.product_8299500,0,0,160.00,0
__import__.product_8299760,0,0,294.20,0
__import__.product_8300434,0,0,11.90,0
__import__.product_8330008,0,0,6.10,0
__import__.product_8330025,6.60,19.50,16.80,6.60
__import__.product_8330031,6.50,19.40,2.70,6.70
__import__.product_8330047,0,0,4.60,0
__import__.product_8330052,0,0,235.90,0
__import__.product_8330079,0,0,33.80,0
__import__.product_8330240,0,0,1.20,0
__import__.product_8330257,0,0,55.90,0
__import__.product_8330636,0,0,27.30,0
__import__.product_8332517,0,0,166.40,0
__import__.product_8332523,0,0,13.40,0
__import__.product_8332546,0,0,18.10,0
__import__.product_8332575,0,0,48.20,0
__import__.product_8332960,39.00,39.50,12.80,53.00
__import__.product_8333221,0,0,438.00,0
__import__.product_8333557,1.70,25.50,21.50,38.00
__import__.product_8333907,0,0,2047.50,0
__import__.product_8334520,0,0,655.00,0
__import__.product_8334746,0,0,27.30,0
__import__.product_8334752,0,0,27.30,0
__import__.product_8334769,0,0,35.70,0
__import__.product_8334775,0,0,35.70,0
__import__.product_8334806,0,0,14.70,0
__import__.product_8334812,0,0,18.90,0
__import__.product_8335154,0,0,745.20,0
__import__.product_8335160,0,0,1169.10,0
__import__.product_8335763,0,0,955.10,0
__import__.product_8335846,0,0,122.60,0
__import__.product_8335912,0,0,79.50,0
__import__.product_8335935,0,0,39.00,0
__import__.product_8336774,0,0,2965.00,0
__import__.product_8337058,0,0,16.10,0
__import__.product_8337584,0,0,3000.00,0
__import__.product_8338649,0,0,1150.00,0
__import__.product_8341462,0,0,12700.00,0
__import__.product_8341479,0,0,202.80,0
__import__.product_8341657,0,0,78182.00,0
__import__.product_8341717,0,0,67090.40,0
__import__.product_8341723,0,0,67870.40,0
__import__.product_8342266,0,0,7000.00,0
__import__.product_8342287,0,0,497.50,0
__import__.product_8342326,0,0,15.30,0
__import__.product_8342450,0,0,2200.00,0
__import__.product_8342533,0,0,1990.00,0
__import__.product_8342585,98.30,8.00,85.80,122.30
__import__.product_8343202,0,0,18.90,0
__import__.product_8345431,0,0,18.60,0
__import__.product_8345448,0,0,2.60,0
__import__.product_8345460,0,0,5.30,0
__import__.product_8345477,0,0,5.80,0
__import__.product_8345483,0,0,5.90,0
__import__.product_8346413,0,0,261.40,0
__import__.product_8346459,0,0,2184.00,0
__import__.product_8346465,0,0,1145.00,0
__import__.product_8354140,21.80,19.60,38.00,18.90
__import__.product_8358617,0,0,3.40,0
__import__.product_8361163,0,0,89.70,0
__import__.product_8362487,21.00,7.20,65.00,21.00
__import__.product_8363038,0,0,13.10,0
__import__.product_8363819,0,0,142.20,0
__import__.product_8364204,0,0,7.70,0
__import__.product_8364919,0,0,627.00,0
__import__.product_8365155,8.00,5.50,1.80,16.50
__import__.product_8365178,9.10,6.10,1.80,16.60
__import__.product_8365190,20.40,14.00,3.70,35.60
__import__.product_8365497,0,0,32143.00,0
__import__.product_8365505,0,0,373.00,0
__import__.product_8365511,0,0,330.00,0
__import__.product_8365534,0,0,679.00,0
__import__.product_8365592,0,0,429.00,0
__import__.product_8366339,0,0,95.00,0
__import__.product_8366924,0,0,187.20,0
__import__.product_8367668,0,0,4.60,0
__import__.product_8367697,0,0,4.80,0
__import__.product_8367711,0,0,4.80,0
__import__.product_8367728,0,0,4.60,0
__import__.product_8367734,0,0,4.60,0
__import__.product_8367740,0,0,4.60,0
__import__.product_8367757,0,0,4.60,0
__import__.product_8367763,0,0,4.60,0
__import__.product_8367817,0,0,5.40,0
__import__.product_8367823,0,0,5.40,0
__import__.product_8367846,0,0,5.40,0
__import__.product_8367929,0,0,7.80,0
__import__.product_8367958,0,0,11.70,0
__import__.product_8367964,0,0,11.70,0
__import__.product_8368277,0,0,37.50,0
__import__.product_8376202,0,0,9.30,0
__import__.product_8377000,0,0,36.40,0
__import__.product_8381289,0,0,0.60,0
__import__.product_8381591,0,0,3.30,0
__import__.product_8381616,0,0,2.10,0
__import__.product_8382627,0,0,10.50,0
__import__.product_8383638,14.00,4.00,31.20,19.50
__import__.product_8384141,0,0,12.10,0
__import__.product_8385034,0,0,209.70,0
__import__.product_8385838,0,0,2845.00,0
__import__.product_8386275,0,0,34.50,0
__import__.product_8386312,0,0,14.40,0
__import__.product_8388529,0,0,1150.00,0
__import__.product_8388698,0,0,39.00,0
__import__.product_8388937,0,0,1995.00,0
__import__.product_8388943,0,0,182.00,0
__import__.product_8389322,0,0,297.30,0
__import__.product_8402123,0,0,2.60,0
__import__.product_8404748,0,0,425.80,0
__import__.product_8412105,0,0,240.40,0
__import__.product_8412630,5.80,8.90,24.30,24.60
__import__.product_8422066,0,0,2.70,0
__import__.product_8425029,0,0,2.90,0
__import__.product_8425303,0,0,60.00,0
__import__.product_8426359,0,0,13.10,0
__import__.product_8427169,0,0,1.90,0
__import__.product_8427502,0,0,2.60,0
__import__.product_8427531,0,0,1.30,0
__import__.product_8427548,0,0,11.00,0
__import__.product_8427554,0,0,12.20,0
__import__.product_8428105,0,0,7.60,0
__import__.product_8428909,0,0,13.10,0
__import__.product_8429286,0,0,21.50,0
__import__.product_8430042,0,0,3.20,0
__import__.product_8430102,0,0,2.90,0
__import__.product_8430183,0,0,1244.00,0
__import__.product_8430326,0,0,644.00,0
__import__.product_8430763,0,0,122.60,0
__import__.product_8431490,0,0,5.40,0
__import__.product_8431544,0,0,75.00,0
__import__.product_8431811,0,0,7.80,0
__import__.product_8433576,0,0,8500.00,0
__import__.product_8433589,0,0,23.10,0
__import__.product_8452598,0,0,8.70,0
__import__.product_8455970,0,0,39.30,0
__import__.product_8457130,0,0,1.90,0
__import__.product_8457495,18.50,8.50,14.00,30.50
__import__.product_8463277,0,0,52.00,0
__import__.product_8477405,0,0,59.00,0
__import__.product_8477606,19.00,29.00,12.90,13.50
__import__.product_8479433,11.50,4.50,2.20,30.50
__import__.product_84801100,0,0,3534.00,0
__import__.product_8480169,5.80,9.00,24.30,24.50
__import__.product_8481513,0,0,152.00,0
__import__.product_8494409,0,0,1.60,0
__import__.product_8615265,0,0,2999.00,0
__import__.product_8680050,0,0,850.00,0
__import__.product_8687881,0,0,1575.00,0
__import__.product_8704919,0,0,96.20,0
__import__.product_8707332,0,0,34.50,0
__import__.product_8710001,0,0,61.80,0
__import__.product_8710013,0,0,314.00,0
__import__.product_8710020,0,0,298.70,0
__import__.product_8722960,0,0,84.30,0
__import__.product_8728828,0,0,193.00,0
__import__.product_8737281,0,0,3000.00,0
__import__.product_8804600,0,0,12.40,0
__import__.product_8841300,0,0,11.80,0
__import__.product_8928504,0,0,65380.00,0
__import__.product_9002029,0,0,70.00,0
__import__.product_9027500,0,0,4500.00,0
__import__.product_9027817,0,0,8500.00,0
__import__.product_9030104,0,0,47.50,0
__import__.product_9030105,0,0,47.50,0
__import__.product_9031124,0,0,665.00,0
__import__.product_9034022,0,0,80.00,0
__import__.product_9040510,0,0,114.50,0
__import__.product_9073104,0,0,324.00,0
__import__.product_9082404,0,0,75.00,0
__import__.product_9212089,0,0,1715.00,0
__import__.product_9212090,0,0,1395.00,0
__import__.product_9212091,0,0,2090.00,0
__import__.product_9402373,0,0,6.00,0
__import__.product_9500773,9.60,9.90,26.00,9.60
__import__.product_9504001,0,0,12.00,0
__import__.product_9507001,0,0,3.50,0
__import__.product_9507004,20.40,26.60,27.20,37.50
__import__.product_9510001,0,0,3.40,0
__import__.product_9512009,0,0,4.80,0
__import__.product_9512021,0,0,9.80,0
__import__.product_9721051,0,0,55.00,0
__import__.product_9931547,0,0,27.00,0
__import__.product_9980406,0,0,635.00,0
