id,width,depth,length,orderpoint_min,orderpoint_max
__import__.product_1007350,0,0,0,1.000,2.000
__import__.product_1010620,0,0,0,2.000,3.000
__import__.product_1010630,0,0,0,2.000,3.000
__import__.product_1010640,0,0,0,2.000,3.000
__import__.product_1010660,0,0,0,2.000,5.000
__import__.product_1013127,26.90,24.80,28.00,15.000,40.000
__import__.product_1013143,26.80,24.80,28.20,20.000,66.000
__import__.product_1013168,4.30,7.60,4.30,71.000,241.000
__import__.product_1013192,17.00,14.80,21.00,55.000,185.000
__import__.product_1013432,8.70,0,11.70,60.000,110.000
__import__.product_1013465,4.40,4.50,11.70,41.000,116.000
__import__.product_1021906,5.60,1.90,13.20,22.000,80.000
__import__.product_1021914,5.50,1.90,13.10,9.000,29.000
__import__.product_1023310,0,0,0,2.000,2.000
__import__.product_1036706,5.30,3.10,17.30,9.000,30.000
__import__.product_1038439,3.50,7.20,7.20,2.000,4.000
__import__.product_1038454,7.20,6.00,7.20,5.000,10.000
__import__.product_1040230,0,0,0,2.000,5.000
__import__.product_1053611,0,0,0,1.000,5.000
__import__.product_1064484,4.30,0,9.90,288.000,872.000
__import__.product_1067768,5.60,11.50,5.60,20.000,68.000
__import__.product_1069101,12.20,6.60,13.90,2.000,5.000
__import__.product_1070499,3.60,8.00,3.60,31.000,106.000
__import__.product_1071125,4.40,3.00,16.80,48.000,96.000
__import__.product_1073188,6.90,20.70,6.90,2.000,4.000
__import__.product_1073352,11.70,4.70,24.00,10.000,15.000
__import__.product_1073378,11.60,4.70,12.10,5.000,10.000
__import__.product_1073394,11.60,4.70,12.10,10.000,20.000
__import__.product_1074194,5.00,18.00,5.00,120.000,242.000
__import__.product_1074269,6.90,20.80,6.90,2.000,4.000
__import__.product_1074467,7.80,1.90,10.30,10.000,17.000
__import__.product_1074566,7.80,2.00,10.20,5.000,18.000
__import__.product_1077486,8.40,23.00,8.40,3.000,11.000
__import__.product_1091719,4.00,12.50,4.90,4.000,14.000
__import__.product_1091727,3.20,12.70,4.60,7.000,15.000
__import__.product_1112515,4.70,1.90,7.00,22.000,79.000
__import__.product_1112523,4.70,1.90,7.00,10.000,35.000
__import__.product_1114099,4.80,10.70,5.90,108.000,367.000
__import__.product_1118876,3.60,6.90,3.60,3.000,6.000
__import__.product_1120898,20.00,13.40,20.00,1.000,4.000
__import__.product_1122118,7.10,1.70,10.20,200.000,450.000
__import__.product_1122126,7.20,1.70,7.40,200.000,400.000
__import__.product_1124940,7.90,18.20,7.90,96.000,357.000
__import__.product_1126093,27.00,25.80,28.50,8.000,16.000
__import__.product_1128966,4.30,4.80,9.90,20.000,79.000
__import__.product_1128974,4.20,4.80,9.90,89.000,302.000
__import__.product_1146919,11.00,4.70,11.60,5.000,10.000
__import__.product_1148378,7.60,6.00,18.50,2.000,4.000
__import__.product_1154582,7.80,7.70,15.70,4.000,10.000
__import__.product_1154608,7.80,7.80,15.70,3.000,10.000
__import__.product_1156876,5.40,17.40,5.40,91.000,338.000
__import__.product_1157346,13.00,15.00,17.00,4.000,14.000
__import__.product_1164037,5.00,13.40,5.00,60.000,120.000
__import__.product_1164045,6.60,18.60,10.00,24.000,48.000
__import__.product_1179811,4.80,1.90,8.90,4.000,15.000
__import__.product_1179837,4.80,1.90,8.80,10.000,24.000
__import__.product_1180280,5.30,14.40,5.10,150.000,300.000
__import__.product_1180306,5.40,5.30,17.00,30.000,60.000
__import__.product_1180314,7.90,7.80,17.80,100.000,200.000
__import__.product_1180322,10.40,10.20,17.30,100.000,200.000
__import__.product_1180454,10.30,14.40,10.30,200.000,400.000
__import__.product_1181163,7.70,14.70,7.70,650.000,1300.000
__import__.product_1182567,3.30,7.60,3.30,80.000,160.000
__import__.product_1193457,5.40,17.40,5.40,10.000,32.000
__import__.product_1197292,5.70,10.50,5.70,30.000,70.000
__import__.product_1197300,7.30,14.00,7.30,30.000,50.000
__import__.product_1198068,5.20,3.50,22.30,258.000,671.000
__import__.product_1200060,12.00,22.00,12.00,48.000,96.000
__import__.product_1201092,16.50,27.00,28.50,2.000,4.000
__import__.product_1201519,6.60,6.00,13.90,13.000,26.000
__import__.product_1201524,6.60,6.00,13.90,20.000,40.000
__import__.product_1202218,3.60,7.10,3.60,4.000,6.000
__import__.product_1202225,4.60,8.20,4.60,3.000,5.000
__import__.product_1202266,3.00,9.30,4.60,13.000,32.000
__import__.product_1202787,4.30,7.90,4.30,30.000,80.000
__import__.product_1202860,4.10,8.60,4.50,17.000,68.000
__import__.product_1202886,7.20,9.50,7.20,28.000,116.000
__import__.product_1202897,5.40,22.70,9.80,12.000,42.000
__import__.product_1203074,5.40,4.80,9.90,158.000,535.000
__import__.product_1203199,3.90,7.20,3.90,37.000,126.000
__import__.product_1203223,6.70,14.00,6.70,240.000,480.000
__import__.product_1203231,4.30,7.50,4.30,12.000,24.000
__import__.product_1203264,5.40,22.20,11.30,30.000,60.000
__import__.product_1203280,6.00,13.00,6.00,8.000,14.000
__import__.product_1204783,16.70,5.20,18.00,18.000,40.000
__import__.product_1206895,11.80,12.60,11.80,29.000,97.000
__import__.product_1210186,3.90,10.10,6.70,3.000,12.000
__import__.product_1211200,5.20,15.10,6.50,3.000,6.000
__import__.product_1233014,9.60,7.50,14.30,10.000,37.000
__import__.product_1250026,5.50,9.20,5.50,20.000,40.000
__import__.product_1255066,6.60,1.60,15.70,30.000,60.000
__import__.product_1257369,2.90,2.30,9.80,162.000,547.000
__import__.product_1259806,0,0,0,40.000,70.000
__import__.product_1271741,3.60,8.00,3.60,8.000,19.000
__import__.product_1273176,19.30,5.10,21.70,71.000,239.000
__import__.product_1274059,6.30,3.00,9.40,3.000,5.000
__import__.product_1277136,7.00,13.80,7.00,2.000,5.000
__import__.product_1283209,7.00,15.20,7.00,40.000,80.000
__import__.product_1290204,12.50,11.00,18.50,5.000,10.000
__import__.product_1294461,4.30,7.80,4.30,90.000,180.000
__import__.product_1300015,0,0,0,3.000,6.000
__import__.product_1300185,3.70,8.00,3.70,13.000,43.000
__import__.product_1300227,11.60,4.60,24.00,15.000,40.000
__import__.product_1300235,11.60,4.70,24.00,20.000,42.000
__import__.product_1300318,11.60,4.70,24.00,10.000,20.000
__import__.product_1300573,20.00,13.90,21.80,2.000,3.000
__import__.product_1301524,6.60,6.00,13.90,30.000,60.000
__import__.product_1308320,25.40,12.80,33.90,1.000,3.000
__import__.product_1321355,3.20,11.30,3.20,59.000,218.000
__import__.product_1329614,5.20,4.10,7.10,21.000,79.000
__import__.product_1336924,11.50,1.80,15.00,60.000,120.000
__import__.product_1351469,6.40,13.50,9.40,2.000,4.000
__import__.product_1351524,6.60,6.00,13.90,5.000,10.000
__import__.product_1351530,6.60,6.00,13.90,10.000,20.000
__import__.product_1354307,7.20,19.90,14.10,11.000,35.000
__import__.product_1354349,7.40,24.70,13.80,22.000,75.000
__import__.product_1355890,8.90,18.50,8.90,23.000,95.000
__import__.product_1357201,10.80,2.60,16.70,200.000,479.000
__import__.product_1357219,10.80,2.60,16.70,350.000,740.000
__import__.product_1357276,12.20,2.70,12.20,15.000,45.000
__import__.product_1357284,12.30,2.60,12.30,20.000,40.000
__import__.product_1357292,11.20,2.20,11.40,15.000,59.000
__import__.product_1357896,12.00,11.00,17.20,1.000,3.000
__import__.product_1360528,3.50,12.20,3.50,30.000,64.000
__import__.product_1361179,5.20,9.80,5.20,7.000,27.000
__import__.product_1367754,6.50,19.50,6.50,194.000,657.000
__import__.product_1371814,9.70,4.30,18.70,18.000,60.000
__import__.product_1385236,19.60,5.40,23.40,3.000,9.000
__import__.product_1397140,11.50,1.80,14.80,80.000,140.000
__import__.product_1399518,12.00,5.50,17.50,3.000,7.000
__import__.product_1400514,5.40,10.40,5.40,10.000,24.000
__import__.product_1401389,4.30,4.80,9.90,164.000,675.000
__import__.product_1401536,0,0,0,3.000,6.000
__import__.product_1401694,6.90,20.80,6.90,3.000,6.000
__import__.product_1405179,0,0,0,15.000,30.000
__import__.product_1405476,10.30,9.10,15.50,3.000,11.000
__import__.product_1406412,5.20,4.40,8.00,30.000,80.000
__import__.product_1406420,5.20,4.30,8.00,60.000,130.000
__import__.product_1416437,11.80,9.40,23.40,141.000,400.000
__import__.product_1416700,15.30,7.00,17.20,25.000,85.000
__import__.product_1418276,4.40,14.40,4.40,2.000,4.000
__import__.product_1423763,3.40,9.80,3.40,50.000,100.000
__import__.product_1423771,3.20,6.80,7.50,10.000,20.000
__import__.product_1430297,6.60,14.30,6.60,111.000,240.000
__import__.product_1457498,5.00,2.70,11.00,115.000,389.000
__import__.product_1457506,5.00,4.40,11.10,102.000,379.000
__import__.product_1465814,7.40,11.40,7.40,5.000,16.000
__import__.product_1465830,0,0,0,30.000,72.000
__import__.product_1483957,4.80,2.10,9.20,5.000,20.000
__import__.product_1484047,5.40,10.40,5.40,70.000,130.000
__import__.product_1484054,7.00,13.80,7.00,120.000,384.000
__import__.product_1500025,6.60,6.00,13.90,3.000,6.000
__import__.product_1505010,10.20,9.10,15.50,1.000,2.000
__import__.product_1509025,8.00,3.60,11.50,33.000,123.000
__import__.product_1509033,8.10,3.60,11.50,14.000,52.000
__import__.product_1510627,13.50,2.30,17.90,49.000,120.000
__import__.product_1510643,13.50,2.40,17.80,35.000,80.000
__import__.product_1510650,13.50,2.40,18.00,80.000,272.000
__import__.product_1510668,13.50,2.40,18.00,26.000,70.000
__import__.product_1525641,7.00,29.00,18.50,25.000,70.000
__import__.product_1526680,3.60,18.00,7.20,24.000,60.000
__import__.product_1540855,17.80,4.80,18.00,66.000,244.000
__import__.product_1549500,3.80,6.90,3.80,150.000,400.000
__import__.product_1553379,26.00,22.50,26.00,2.000,8.000
__import__.product_1575315,30.00,14.30,37.00,2.000,4.000
__import__.product_1575323,30.00,14.10,37.50,1.000,2.000
__import__.product_1575331,30.00,14.30,37.10,4.000,8.000
__import__.product_1575398,6.20,14.20,6.20,6.000,17.000
__import__.product_1585215,8.30,12.70,8.60,3.000,6.000
__import__.product_1589944,5.10,19.50,5.10,8.000,15.000
__import__.product_1589977,12.30,3.00,26.70,24.000,60.000
__import__.product_1633163,5.40,12.30,5.40,9.000,28.000
__import__.product_1635952,4.00,10.90,4.00,12.000,30.000
__import__.product_1655828,6.90,13.90,6.90,40.000,149.000
__import__.product_1656222,6.70,2.80,13.00,20.000,40.000
__import__.product_1658699,4.70,8.80,4.70,7.000,21.000
__import__.product_1662873,2.20,2.10,10.10,52.000,194.000
__import__.product_1662881,4.00,9.90,4.00,9.000,30.000
__import__.product_1664119,14.20,10.00,21.00,15.000,33.000
__import__.product_1684364,3.50,10.00,3.50,124.000,461.000
__import__.product_1684372,3.90,10.70,3.90,110.000,411.000
__import__.product_1689074,18.70,7.90,20.20,1.000,2.000
__import__.product_1705557,5.10,5.10,12.40,2.000,4.000
__import__.product_1727346,15.40,11.70,19.30,1.000,5.000
__import__.product_1731322,8.00,2.20,10.20,1.000,2.000
__import__.product_1731645,0,0,0,1.000,2.000
__import__.product_1731652,10.20,9.10,15.50,1.000,2.000
__import__.product_1745017,4.20,2.90,16.60,100.000,220.000
__import__.product_1745033,12.80,20.70,7.10,80.000,210.000
__import__.product_1745041,12.80,7.30,20.80,41.000,101.000
__import__.product_1745058,12.80,7.10,20.80,35.000,75.000
__import__.product_1751577,4.90,12.90,4.90,27.000,100.000
__import__.product_1754688,3.10,11.20,10.20,2.000,6.000
__import__.product_1761865,3.00,2.30,9.30,218.000,898.000
__import__.product_1778133,4.50,17.70,10.60,1.000,2.000
__import__.product_1778158,7.00,35.30,23.10,100.000,200.000
__import__.product_1791698,6.20,18.80,6.20,15.000,53.000
__import__.product_1796291,8.10,2.20,10.20,2.000,6.000
__import__.product_1813620,0,0,0,1.000,2.000
__import__.product_2054807,2.60,5.60,5.30,25.000,59.000
__import__.product_2060424,8.30,12.60,8.70,4.000,6.000
__import__.product_2061265,6.70,4.60,11.90,16.000,25.000
__import__.product_2061273,6.70,4.70,11.90,15.000,30.000
__import__.product_2061299,6.80,2.10,11.90,82.000,278.000
__import__.product_2064525,7.30,7.20,7.30,20.000,30.000
__import__.product_2064533,7.00,7.10,7.40,5.000,10.000
__import__.product_2064541,7.00,7.20,7.20,30.000,60.000
__import__.product_2064558,12.90,14.50,13.50,10.000,20.000
__import__.product_2065688,5.00,11.90,5.00,27.000,67.000
__import__.product_2081784,4.50,7.00,4.50,23.000,94.000
__import__.product_2085397,14.30,10.50,14.30,3.000,10.000
__import__.product_2087088,10.80,2.10,19.20,656.000,1184.000
__import__.product_2087146,5.70,2.00,10.70,5.000,10.000
__import__.product_2094316,5.40,11.50,5.40,14.000,51.000
__import__.product_2094324,5.40,11.60,5.40,4.000,9.000
__import__.product_2099919,16.00,16.20,33.70,22.000,50.000
__import__.product_2099927,16.00,13.00,17.20,13.000,44.000
__import__.product_2104941,5.20,15.20,8.10,11.000,22.000
__import__.product_2114981,5.40,11.50,5.30,46.000,171.000
__import__.product_2123420,4.60,8.40,4.60,30.000,36.000
__import__.product_2139178,6.60,27.00,14.00,25.000,40.000
__import__.product_2152445,7.10,2.30,13.50,10.000,20.000
__import__.product_2163459,4.40,12.10,5.80,32.000,90.000
__import__.product_2164374,4.70,4.60,7.00,70.000,150.000
__import__.product_2171874,9.70,9.30,24.90,8.000,15.000
__import__.product_2176089,4.50,10.70,4.50,62.000,157.000
__import__.product_2186849,13.50,3.20,18.00,250.000,583.000
__import__.product_2187078,9.30,6.00,14.70,60.000,246.000
__import__.product_2200483,3.70,8.70,4.70,7.000,14.000
__import__.product_2200491,5.20,8.70,5.20,11.000,33.000
__import__.product_2223535,5.40,2.70,24.70,93.000,383.000
__import__.product_2228450,7.30,21.40,9.00,9.000,31.000
__import__.product_2247898,9.70,2.30,10.60,16.000,34.000
__import__.product_2248870,8.10,2.20,11.80,10.000,20.000
__import__.product_2249589,8.20,4.10,12.20,10.000,20.000
__import__.product_2249613,5.70,1.90,13.10,11.000,37.000
__import__.product_2249621,5.80,4.10,13.20,20.000,40.000
__import__.product_2249639,13.90,6.00,20.70,4.000,12.000
__import__.product_2251841,8.40,4.70,9.90,36.000,122.000
__import__.product_2251858,8.40,4.70,9.90,30.000,56.000
__import__.product_2251866,8.50,4.70,9.90,37.000,123.000
__import__.product_2252252,6.30,2.90,23.30,96.000,170.000
__import__.product_2252310,10.00,5.70,19.00,5.000,19.000
__import__.product_2261998,4.80,8.90,4.80,7.000,16.000
__import__.product_2262061,5.00,9.40,5.00,6.000,14.000
__import__.product_2263267,5.40,4.70,9.90,25.000,82.000
__import__.product_2266781,4.00,7.50,4.00,23.000,77.000
__import__.product_2269009,4.20,11.20,8.90,12.000,14.000
__import__.product_2269017,6.50,12.80,10.50,3.000,6.000
__import__.product_2269876,7.70,5.00,22.20,10.000,20.000
__import__.product_2271096,4.00,6.80,4.00,75.000,255.000
__import__.product_2271765,5.00,5.10,6.20,12.000,24.000
__import__.product_2276574,6.30,13.20,6.30,12.000,40.000
__import__.product_2281046,5.70,10.60,5.70,72.000,120.000
__import__.product_2281053,4.80,8.40,4.80,35.000,82.000
__import__.product_2281061,10.30,22.00,10.30,6.000,22.000
__import__.product_2287878,8.80,7.60,10.80,4.000,14.000
__import__.product_2288876,8.90,7.60,10.80,22.000,79.000
__import__.product_2288983,14.30,22.20,14.30,2.000,5.000
__import__.product_2289122,9.00,6.10,10.90,8.000,18.000
__import__.product_2289171,14.80,22.00,14.80,1.000,2.000
__import__.product_2289304,14.30,0,14.30,3.000,9.000
__import__.product_2289892,14.20,22.10,14.20,6.000,12.000
__import__.product_2310399,4.20,4.80,9.90,10.000,21.000
__import__.product_2314425,6.20,3.60,11.30,120.000,220.000
__import__.product_2318483,4.10,7.70,4.10,16.000,63.000
__import__.product_2321602,5.40,2.70,24.60,106.000,435.000
__import__.product_2325751,11.50,1.90,14.90,8.000,20.000
__import__.product_2328854,4.30,16.60,4.30,14.000,25.000
__import__.product_2328862,3.50,17.80,9.80,3.000,9.000
__import__.product_2328896,8.50,5.80,16.90,2.000,4.000
__import__.product_2329605,5.00,4.80,7.00,10.000,33.000
__import__.product_2340453,4.10,9.20,4.00,31.000,113.000
__import__.product_2342095,4.80,20.30,8.20,5.000,10.000
__import__.product_2342111,8.10,25.40,11.30,4.000,6.000
__import__.product_2342129,4.40,4.50,11.70,10.000,20.000
__import__.product_2342160,6.00,23.40,10.80,6.000,20.000
__import__.product_2342186,8.00,35.30,23.90,30.000,60.000
__import__.product_2342194,7.60,30.00,15.90,10.000,20.000
__import__.product_2343952,4.00,7.70,8.00,18.000,60.000
__import__.product_2352284,3.20,6.90,3.20,30.000,50.000
__import__.product_2356731,5.40,11.30,5.40,3.000,5.000
__import__.product_2371813,0,0,0,1.000,2.000
__import__.product_2372753,4.00,3.90,6.00,11.000,37.000
__import__.product_2372787,6.00,3.80,11.10,16.000,52.000
__import__.product_2372803,6.00,3.90,11.00,10.000,34.000
__import__.product_2377323,9.50,32.70,16.40,35.000,117.000
__import__.product_2379741,5.30,11.50,8.30,16.000,52.000
__import__.product_2379766,3.70,9.20,6.60,109.000,370.000
__import__.product_2379782,7.00,2.00,9.20,86.000,321.000
__import__.product_2379790,4.40,7.60,4.40,43.000,159.000
__import__.product_2379816,6.90,2.10,9.20,48.000,177.000
__import__.product_2379824,7.60,2.20,10.70,19.000,65.000
__import__.product_2384949,4.30,6.50,9.90,68.000,281.000
__import__.product_2386001,8.00,11.70,24.20,4.000,11.000
__import__.product_2389153,6.00,5.00,12.00,3.000,10.000
__import__.product_2389161,6.60,5.00,12.00,8.000,20.000
__import__.product_2389179,7.70,4.90,12.00,8.000,29.000
__import__.product_2398469,4.70,23.70,7.60,40.000,148.000
__import__.product_2401677,3.10,7.10,3.30,12.000,20.000
__import__.product_2401685,3.10,7.00,3.30,4.000,10.000
__import__.product_2404341,5.50,10.60,5.50,31.000,104.000
__import__.product_2404358,6.90,15.20,6.90,29.000,97.000
__import__.product_2407351,11.50,1.80,15.00,11.000,21.000
__import__.product_2407385,11.40,2.70,14.90,4.000,12.000
__import__.product_2407419,11.40,1.80,14.90,5.000,20.000
__import__.product_2410959,3.30,14.00,5.70,70.000,204.000
__import__.product_2413557,0,0,0,2.000,3.000
__import__.product_2413607,0,0,0,1.000,2.000
__import__.product_2420685,13.80,24.70,7.40,10.000,18.000
__import__.product_2433779,9.20,6.70,23.70,15.000,51.000
__import__.product_2433787,5.60,2.10,13.50,23.000,78.000
__import__.product_2433795,7.00,4.30,14.30,36.000,121.000
__import__.product_2433811,9.00,6.80,23.20,18.000,60.000
__import__.product_2433829,9.50,2.20,13.80,14.000,35.000
__import__.product_2433878,4.10,8.40,4.10,51.000,171.000
__import__.product_2433894,8.70,23.40,8.70,4.000,12.000
__import__.product_2435105,7.00,2.50,17.10,20.000,44.000
__import__.product_2435360,5.60,10.60,5.60,22.000,59.000
__import__.product_2435873,3.60,6.70,3.60,30.000,60.000
__import__.product_2436905,3.30,3.10,13.70,38.000,140.000
__import__.product_2436913,4.00,4.00,16.00,26.000,96.000
__import__.product_2437325,3.50,17.70,9.90,5.000,11.000
__import__.product_2441376,3.20,10.00,3.20,8.000,24.000
__import__.product_2445161,8.70,6.50,8.70,40.000,108.000
__import__.product_2445179,10.50,6.50,10.70,15.000,53.000
__import__.product_2446045,3.40,6.90,3.40,14.000,47.000
__import__.product_2446532,5.00,5.30,12.00,10.000,30.000
__import__.product_2447936,11.00,3.70,15.40,9.000,30.000
__import__.product_2451623,6.50,2.00,12.30,8.000,18.000
__import__.product_2451631,6.50,2.00,12.30,12.000,27.000
__import__.product_2451656,6.50,2.00,12.30,12.000,40.000
__import__.product_2451862,4.00,7.40,4.20,35.000,117.000
__import__.product_2451870,3.10,7.00,3.30,19.000,64.000
__import__.product_2457752,16.70,13.50,16.00,4.000,12.000
__import__.product_2461325,9.20,5.50,12.60,2.000,6.000
__import__.product_2461333,13.30,6.50,14.70,4.000,12.000
__import__.product_2470565,4.50,8.30,4.80,21.000,69.000
__import__.product_2472488,21.50,23.70,34.20,6.000,12.000
__import__.product_2475846,4.60,7.10,4.60,31.000,115.000
__import__.product_2477479,9.30,2.30,13.90,30.000,99.000
__import__.product_2477495,9.00,2.50,13.90,41.000,137.000
__import__.product_2477503,6.50,1.90,12.30,29.000,84.000
__import__.product_2478477,0,0,0,1.000,2.000
__import__.product_2479129,0,0,0,34.000,137.000
__import__.product_2488013,4.60,1.50,11.20,11.000,44.000
__import__.product_2488021,4.60,3.70,11.30,10.000,20.000
__import__.product_2488039,4.60,2.00,11.10,7.000,29.000
__import__.product_2502722,10.80,8.30,4.50,113.000,420.000
__import__.product_2504911,30.10,14.30,17.10,15.000,30.000
__import__.product_2506038,3.00,2.50,16.00,281.000,1159.000
__import__.product_2509776,13.50,5.50,2.00,19.000,64.000
__import__.product_2509784,9.40,5.60,13.40,5.000,17.000
__import__.product_2509800,14.00,5.50,7.50,11.000,35.000
__import__.product_2509826,13.50,5.50,6.50,7.000,24.000
__import__.product_2510469,6.20,5.20,13.60,8.000,15.000
__import__.product_2510485,0,0,0,2.000,4.000
__import__.product_2510493,6.10,2.50,14.00,30.000,58.000
__import__.product_2518827,8.10,12.20,4.20,20.000,40.000
__import__.product_2518835,16.50,12.90,8.40,20.000,55.000
__import__.product_2520872,4.80,18.00,4.80,60.000,223.000
__import__.product_2542942,6.50,17.30,9.90,6.000,20.000
__import__.product_2543031,5.60,1.90,10.10,10.000,20.000
__import__.product_2543073,30.00,14.20,37.50,2.000,4.000
__import__.product_2545267,26.30,42.40,10.70,8.000,20.000
__import__.product_2548626,9.80,12.40,9.80,2.000,5.000
__import__.product_2552271,4.90,6.40,5.20,120.000,180.000
__import__.product_2553196,7.30,6.40,10.60,6.000,20.000
__import__.product_2553212,7.20,6.30,10.60,6.000,22.000
__import__.product_2553238,9.20,10.60,14.10,3.000,5.000
__import__.product_2554509,19.20,11.80,7.00,3.000,7.000
__import__.product_2555183,3.50,6.70,3.50,90.000,160.000
__import__.product_2561165,6.90,15.00,6.90,10.000,20.000
__import__.product_2561173,5.70,10.50,5.70,10.000,20.000
__import__.product_2564730,10.00,17.20,10.00,10.000,27.000
__import__.product_2565596,4.20,8.40,4.10,12.000,34.000
__import__.product_2568798,35.10,23.00,48.10,7.000,24.000
__import__.product_2568822,8.20,15.70,8.20,2.000,6.000
__import__.product_2573434,11.50,5.80,22.50,5.000,17.000
__import__.product_2575421,4.50,11.00,5.00,56.000,208.000
__import__.product_2575439,4.80,11.00,2.70,59.000,198.000
__import__.product_2576874,3.50,13.00,6.50,203.000,755.000
__import__.product_2580652,0,0,0,20.000,40.000
__import__.product_2582385,4.20,7.40,3.60,5.000,21.000
__import__.product_2582578,18.70,14.00,19.20,6.000,12.000
__import__.product_2582740,7.00,16.00,7.00,7.000,27.000
__import__.product_2582823,0,0,0,14.000,56.000
__import__.product_2583953,4.00,15.00,7.00,20.000,30.000
__import__.product_2583979,14.70,3.80,6.90,40.000,64.000
__import__.product_2583987,14.80,3.80,6.90,40.000,60.000
__import__.product_2586683,5.50,10.80,5.50,12.000,30.000
__import__.product_2586717,13.00,19.00,13.00,2.000,4.000
__import__.product_2591766,5.50,10.50,5.50,15.000,34.000
__import__.product_2595502,3.50,7.00,3.50,24.000,48.000
__import__.product_2595759,0,0,0,16.000,52.000
__import__.product_2599827,18.60,14.90,13.60,7.000,23.000
__import__.product_2599850,14.50,18.50,16.00,7.000,23.000
__import__.product_2601243,10.80,11.10,10.30,6.000,12.000
__import__.product_2604957,5.70,11.80,5.70,10.000,20.000
__import__.product_2604981,4.20,11.80,4.20,7.000,14.000
__import__.product_2617256,15.30,2.10,10.80,10.000,20.000
__import__.product_2617272,15.30,2.10,10.70,3.000,13.000
__import__.product_2617330,15.20,10.80,2.00,56.000,100.000
__import__.product_2617348,18.80,11.60,5.20,25.000,70.000
__import__.product_2617371,7.80,25.80,12.50,7.000,28.000
__import__.product_2617389,4.80,14.00,4.80,79.000,324.000
__import__.product_2620573,7.00,14.00,7.00,20.000,82.000
__import__.product_2620581,5.20,10.70,5.10,18.000,74.000
__import__.product_2623627,4.50,8.70,4.50,20.000,36.000
__import__.product_2624237,14.30,3.60,8.10,20.000,74.000
__import__.product_2624286,3.50,7.00,3.50,24.000,60.000
__import__.product_2626885,10.80,8.70,5.20,6.000,12.000
__import__.product_2626927,3.70,7.20,3.70,20.000,40.000
__import__.product_2627263,5.00,22.00,3.00,11.000,36.000
__import__.product_2627271,2.50,18.00,3.50,14.000,46.000
__import__.product_2630929,5.10,8.90,3.20,41.000,140.000
__import__.product_2634657,6.50,14.50,6.50,10.000,32.000
__import__.product_2637551,1.50,8.00,12.00,40.000,80.000
__import__.product_2637569,6.00,11.50,8.00,8.000,27.000
__import__.product_2646300,3.70,15.20,3.60,24.000,48.000
__import__.product_2648079,3.50,6.50,3.50,19.000,70.000
__import__.product_2648962,4.80,8.90,4.80,3.000,7.000
__import__.product_2655280,5.30,10.00,5.30,7.000,23.000
__import__.product_2656742,20.00,9.00,10.00,3.000,12.000
__import__.product_2656759,6.70,2.30,7.70,300.000,500.000
__import__.product_2656783,5.50,9.30,4.10,80.000,165.000
__import__.product_2658615,4.90,8.40,4.90,4.000,10.000
__import__.product_2663573,4.50,14.50,4.50,3.000,11.000
__import__.product_2664480,3.60,2.50,19.30,60.000,179.000
__import__.product_2664498,23.10,2.90,5.10,28.000,103.000
__import__.product_2669612,3.00,9.00,5.50,2.000,6.000
__import__.product_2669620,3.00,9.00,5.50,2.000,4.000
__import__.product_2669638,3.00,9.00,5.50,2.000,6.000
__import__.product_2672418,4.60,6.90,4.60,100.000,200.000
__import__.product_2673929,12.40,22.30,9.10,8.000,15.000
__import__.product_2673973,24.50,27.80,24.50,2.000,4.000
__import__.product_2675270,4.80,11.00,2.10,10.000,34.000
__import__.product_2675288,4.90,0,5.60,12.000,41.000
__import__.product_2675981,2.00,5.00,8.00,72.000,180.000
__import__.product_2679215,7.20,15.80,5.20,3.000,8.000
__import__.product_2680544,7.00,12.00,11.00,15.000,51.000
__import__.product_2684884,21.20,2.90,4.60,50.000,100.000
__import__.product_2685030,5.00,11.00,4.00,252.000,938.000
__import__.product_2686533,0,0,0,10.000,20.000
__import__.product_2687291,6.00,16.00,6.00,2.000,4.000
__import__.product_2687937,15.00,6.50,21.00,41.000,96.000
__import__.product_2691368,5.30,8.60,3.00,81.000,275.000
__import__.product_2691723,21.50,9.00,11.90,20.000,42.000
__import__.product_2703239,14.50,5.80,5.80,15.000,30.000
__import__.product_2703262,14.60,5.80,5.80,5.000,10.000
__import__.product_2709707,21.40,9.00,11.40,30.000,62.000
__import__.product_2709715,0,0,0,51.000,90.000
__import__.product_2710507,8.90,16.50,8.80,7.000,16.000
__import__.product_2710804,7.40,10.50,1.10,10.000,20.000
__import__.product_2712370,7.00,10.00,7.00,1.000,2.000
__import__.product_2717429,2.00,9.60,6.70,6.000,18.000
__import__.product_2717437,9.00,16.00,15.00,1.000,2.000
__import__.product_2718229,6.70,12.80,6.70,24.000,70.000
__import__.product_2719110,32.10,10.80,10.80,1.000,2.000
__import__.product_2725166,6.00,12.00,6.00,7.000,28.000
__import__.product_2725216,5.70,10.50,5.50,3.000,6.000
__import__.product_2725711,4.10,6.70,4.10,12.000,24.000
__import__.product_2727253,4.30,12.00,4.20,46.000,100.000
__import__.product_2727600,10.50,11.00,10.00,4.000,14.000
__import__.product_2727626,9.50,11.00,17.00,5.000,15.000
__import__.product_2735983,5.00,10.00,5.00,5.000,10.000
__import__.product_2736106,6.00,1.00,13.00,12.000,38.000
__import__.product_2737609,2.10,15.50,7.00,1.000,2.000
__import__.product_2737682,6.90,15.60,5.90,2.000,3.000
__import__.product_2744498,5.80,2.30,11.00,12.000,22.000
__import__.product_2745305,14.50,21.70,25.00,6.000,24.000
__import__.product_2746485,7.20,18.00,14.00,140.000,320.000
__import__.product_2746501,18.00,26.00,6.80,80.000,160.000
__import__.product_2749299,8.50,23.00,8.50,20.000,45.000
__import__.product_2761427,2.70,18.00,12.00,10.000,36.000
__import__.product_2761435,2.50,18.00,12.00,15.000,53.000
__import__.product_2764090,10.40,2.20,19.50,40.000,133.000
__import__.product_2764108,2.70,19.60,10.60,17.000,70.000
__import__.product_2766079,0,0,0,20.000,70.000
__import__.product_2768752,0,0,0,10.000,20.000
__import__.product_2769032,5.60,10.50,5.60,6.000,10.000
__import__.product_2769388,14.00,12.00,21.00,18.000,66.000
__import__.product_2783363,16.50,13.00,23.00,15.000,53.000
__import__.product_2786853,11.00,5.40,4.40,34.000,100.000
__import__.product_2788917,9.80,13.90,3.70,16.000,54.000
__import__.product_2788958,3.80,13.80,9.70,85.000,240.000
__import__.product_2788966,3.80,13.80,9.70,12.000,44.000
__import__.product_2788982,9.70,13.90,3.80,12.000,25.000
__import__.product_2789030,9.80,13.80,3.80,64.000,238.000
__import__.product_2789048,0,0,0,17.000,57.000
__import__.product_2794212,3.40,7.50,3.40,10.000,20.000
__import__.product_2797231,6.00,10.50,6.00,13.000,24.000
__import__.product_2797249,4.00,7.50,4.00,40.000,134.000
__import__.product_2811404,5.10,7.80,2.10,20.000,40.000
__import__.product_2811412,7.00,9.50,8.50,40.000,133.000
__import__.product_2811420,7.10,11.10,3.70,17.000,55.000
__import__.product_2811438,11.10,14.20,16.20,13.000,30.000
__import__.product_2814986,4.60,14.00,4.60,8.000,27.000
__import__.product_2815017,6.00,13.50,6.00,11.000,38.000
__import__.product_2816395,7.20,9.90,7.20,44.000,223.000
__import__.product_2816403,7.30,9.90,7.30,56.000,288.000
__import__.product_2816411,7.20,9.80,7.20,80.000,131.000
__import__.product_2816429,7.20,9.90,7.20,86.000,442.000
__import__.product_2816437,7.20,9.90,7.20,58.000,297.000
__import__.product_2816452,7.20,9.80,7.20,203.000,782.000
__import__.product_2828440,5.50,10.50,5.50,10.000,22.000
__import__.product_2829695,17.60,3.00,13.20,18.000,45.000
__import__.product_2829703,17.60,2.90,13.20,11.000,36.000
__import__.product_2829737,17.60,2.90,13.20,12.000,40.000
__import__.product_2833614,0,0,0,17.000,57.000
__import__.product_2836492,7.20,22.30,18.50,5.000,10.000
__import__.product_2837078,8.60,3.10,14.20,23.000,95.000
__import__.product_2837243,16.60,22.60,28.90,12.000,35.000
__import__.product_2837581,4.50,9.00,4.50,23.000,76.000
__import__.product_2838878,2.00,7.50,11.60,20.000,38.000
__import__.product_2838886,2.30,7.50,11.70,28.000,49.000
__import__.product_2848877,5.50,13.50,3.50,10.000,20.000
__import__.product_2849065,4.50,14.00,9.00,30.000,89.000
__import__.product_2849339,3.50,13.00,5.50,18.000,61.000
__import__.product_2849891,5.60,10.00,3.60,40.000,80.000
__import__.product_2853224,11.40,8.60,5.00,2.000,5.000
__import__.product_2853232,11.40,8.50,4.80,2.000,8.000
__import__.product_2853257,0,0,0,6.000,18.000
__import__.product_2853265,6.50,37.50,24.00,8.000,15.000
__import__.product_2853299,4.60,5.50,9.00,31.000,104.000
__import__.product_2859122,0,0,0,10.000,20.000
__import__.product_2864189,0,0,0,30.000,50.000
__import__.product_2864262,3.60,7.00,3.60,28.000,94.000
__import__.product_2871564,2.00,13.00,9.00,80.000,150.000
__import__.product_2871572,0,0,0,30.000,90.000
__import__.product_2874840,9.50,8.50,10.60,3.000,7.000
__import__.product_2874857,4.20,10.00,7.50,14.000,52.000
__import__.product_2874865,9.50,8.50,15.00,4.000,13.000
__import__.product_2875250,9.00,4.00,12.80,30.000,55.000
__import__.product_2876050,6.10,17.70,5.90,24.000,48.000
__import__.product_2876597,6.50,15.40,6.50,8.000,31.000
__import__.product_2876605,5.60,10.50,5.60,20.000,66.000
__import__.product_2879534,5.00,10.50,9.00,47.000,125.000
__import__.product_2879542,6.00,15.00,8.50,37.000,100.000
__import__.product_2879559,8.00,13.50,9.00,31.000,115.000
__import__.product_2881548,5.00,14.00,8.00,14.000,35.000
__import__.product_2882173,4.60,8.20,4.60,4.000,10.000
__import__.product_2885481,10.60,9.60,3.30,30.000,60.000
__import__.product_2885499,10.60,9.70,4.20,15.000,35.000
__import__.product_2886877,2.30,5.00,2.30,21.000,50.000
__import__.product_2886885,7.00,14.50,7.00,6.000,18.000
__import__.product_2886943,5.50,9.00,3.40,250.000,450.000
__import__.product_2888980,19.60,0,7.00,45.000,184.000
__import__.product_2890184,12.30,3.80,12.30,400.000,900.000
__import__.product_2890192,12.30,3.80,12.30,94.000,318.000
__import__.product_2890200,12.10,3.80,12.10,500.000,1000.000
__import__.product_2901197,19.50,2.90,5.30,31.000,76.000
__import__.product_2907327,0,0,0,13.000,49.000
__import__.product_2907335,3.00,10.00,3.50,140.000,400.000
__import__.product_2909000,0,0,0,10.000,36.000
__import__.product_2909091,5.70,10.50,5.70,26.000,41.000
__import__.product_2910321,0,0,0,2.000,4.000
__import__.product_2910339,0,0,0,1.000,3.000
__import__.product_2912517,8.80,15.00,10.00,5.000,17.000
__import__.product_2912541,8.60,15.00,10.20,7.000,21.000
__import__.product_2913689,5.00,6.20,5.20,14.000,24.000
__import__.product_2914216,3.90,7.30,3.80,20.000,40.000
__import__.product_2917011,0,0,0,10.000,18.000
__import__.product_2917029,9.60,13.70,3.60,15.000,30.000
__import__.product_2917037,0,0,0,10.000,20.000
__import__.product_2917045,9.60,13.60,3.60,5.000,14.000
__import__.product_2917052,9.70,13.70,3.60,8.000,16.000
__import__.product_2920114,4.00,7.50,13.20,1.000,3.000
__import__.product_2924850,20.80,15.70,11.80,28.000,93.000
__import__.product_2924868,20.80,15.70,11.70,10.000,15.000
__import__.product_2924892,20.70,15.70,11.80,1.000,2.000
__import__.product_2924900,20.70,15.60,11.80,6.000,10.000
__import__.product_2926251,0,0,0,2.000,4.000
__import__.product_2930089,3.50,12.70,7.00,10.000,38.000
__import__.product_2931129,1.70,1.70,15.00,10.000,20.000
__import__.product_2931137,6.50,7.00,15.00,5.000,15.000
__import__.product_2931145,2.00,6.50,15.00,20.000,40.000
__import__.product_2932549,0,0,0,30.000,70.000
__import__.product_2932754,2.70,6.90,2.70,43.000,218.000
__import__.product_2932762,3.30,11.60,3.30,43.000,199.000
__import__.product_2934800,0,0,0,2.000,4.000
__import__.product_2935161,9.00,2.30,11.50,6.000,15.000
__import__.product_2935252,5.20,10.20,5.20,6.000,12.000
__import__.product_2935773,0,0,0,2.000,4.000
__import__.product_2936706,7.00,15.00,7.00,10.000,25.000
__import__.product_2941086,6.80,9.30,6.80,20.000,45.000
__import__.product_2941094,4.60,8.70,4.60,24.000,65.000
__import__.product_2943264,4.80,11.40,8.40,2.000,4.000
__import__.product_2945590,21.70,2.50,5.20,150.000,320.000
__import__.product_2947760,10.30,5.00,4.70,6.000,20.000
__import__.product_2947778,11.90,3.10,5.20,20.000,67.000
__import__.product_2947786,0,0,0,10.000,38.000
__import__.product_2948396,0,0,0,8.000,18.000
__import__.product_2948412,18.00,7.60,8.20,7.000,21.000
__import__.product_2949980,0,0,0,19.000,65.000
__import__.product_2951481,3.30,11.20,3.40,75.000,308.000
__import__.product_2951499,3.30,11.10,3.20,100.000,240.000
__import__.product_2951515,5.60,8.10,3.00,25.000,100.000
__import__.product_2951523,4.20,12.20,4.20,30.000,60.000
__import__.product_2951531,5.10,12.60,5.20,5.000,15.000
__import__.product_2954386,5.10,12.30,4.00,11.000,37.000
__import__.product_2954444,0,0,0,27.000,100.000
__import__.product_2954568,0,0,0,2.000,4.000
__import__.product_2954584,0,0,0,2.000,5.000
__import__.product_2954600,21.20,11.80,7.50,6.000,20.000
__import__.product_2956175,10.60,2.00,10.50,26.000,97.000
__import__.product_2956183,0,0,0,10.000,20.000
__import__.product_2956191,0,0,0,28.000,67.000
__import__.product_2956209,0,0,0,10.000,20.000
__import__.product_2957041,0,0,0,1.000,4.000
__import__.product_2960359,11.30,7.30,6.20,6.000,12.000
__import__.product_2960367,11.30,7.50,6.20,12.000,25.000
__import__.product_2960375,11.20,7.30,6.20,10.000,20.000
__import__.product_2962645,0,0,0,35.000,178.000
__import__.product_2963767,12.00,5.00,6.50,10.000,25.000
__import__.product_2963783,6.70,12.80,5.20,20.000,40.000
__import__.product_2967107,5.90,10.40,4.90,42.000,142.000
__import__.product_2967115,5.20,9.00,3.20,80.000,204.000
__import__.product_2970812,12.50,4.20,11.30,8.000,20.000
__import__.product_2970846,0,0,0,3.000,8.000
__import__.product_2970853,0,0,0,2.000,4.000
__import__.product_2972289,4.20,6.70,4.20,75.000,200.000
__import__.product_2972297,4.20,8.30,4.20,57.000,211.000
__import__.product_2972305,4.20,9.60,4.20,30.000,65.000
__import__.product_2975613,17.30,11.20,9.70,2.000,8.000
__import__.product_2978187,12.80,4.20,8.70,12.000,43.000
__import__.product_2978989,0,0,0,4.000,8.000
__import__.product_2979854,0,0,0,1.000,2.000
__import__.product_2987691,18.30,2.90,3.80,16.000,40.000
__import__.product_2990679,0,0,0,3.000,8.000
__import__.product_2990687,0,0,0,10.000,20.000
__import__.product_2990695,0,0,0,2.000,5.000
__import__.product_2995033,0,0,0,2.000,4.000
__import__.product_2997674,17.00,22.70,29.30,10.000,20.000
__import__.product_3002813,6.80,15.50,7.00,12.000,50.000
__import__.product_3002821,5.60,10.50,5.70,11.000,37.000
__import__.product_3002847,14.80,2.60,2.60,98.000,364.000
__import__.product_3002912,5.40,16.30,5.50,6.000,12.000
__import__.product_3004413,0,0,0,30.000,60.000
__import__.product_3004421,0,0,0,8.000,16.000
__import__.product_3004447,0,0,0,12.000,36.000
__import__.product_3008455,21.60,4.30,42.10,10.000,20.000
__import__.product_3011293,0,0,0,3.000,9.000
__import__.product_3011301,0,0,0,1.000,2.000
__import__.product_3011327,0,0,0,1.000,2.000
__import__.product_3011335,0,0,0,1.000,2.000
__import__.product_3011350,0,0,0,2.000,3.000
__import__.product_3014313,0,0,0,38.000,60.000
__import__.product_3016003,0,0,0,6.000,12.000
__import__.product_3019163,7.30,20.70,7.30,15.000,33.000
__import__.product_3022182,0,0,0,31.000,105.000
__import__.product_3022621,0,0,0,3.000,11.000
__import__.product_3023140,20.00,16.00,29.00,10.000,20.000
__import__.product_3023157,10.00,13.00,20.00,10.000,28.000
__import__.product_3023553,0,0,0,10.000,20.000
__import__.product_3025848,5.60,8.30,3.00,97.000,360.000
__import__.product_3026069,10.80,14.70,12.50,1.000,2.000
__import__.product_3026770,0,0,0,10.000,20.000
__import__.product_3031895,0,0,0,5.000,10.000
__import__.product_3031978,0,0,0,4.000,12.000
__import__.product_3031986,0,0,0,24.000,48.000
__import__.product_3031994,0,0,0,7.000,21.000
__import__.product_3032877,5.40,9.20,5.40,42.000,90.000
__import__.product_3033768,0,0,0,32.000,118.000
__import__.product_3035232,0,0,0,1.000,2.000
__import__.product_3035938,0,0,0,56.000,230.000
__import__.product_3038825,0,0,0,15.000,40.000
__import__.product_3039740,5.40,11.20,3.90,10.000,21.000
__import__.product_3039989,25.80,9.70,16.40,6.000,12.000
__import__.product_3039997,0,0,0,5.000,8.000
__import__.product_3041282,19.60,9.90,14.90,20.000,63.000
__import__.product_3041829,0,0,0,20.000,65.000
__import__.product_3045119,0,0,0,23.000,84.000
__import__.product_3045523,0,0,0,2.000,4.000
__import__.product_3045580,0,0,0,2.000,4.000
__import__.product_3047271,0,0,0,4.000,10.000
__import__.product_3047289,0,0,0,20.000,40.000
__import__.product_3047305,0,0,0,12.000,30.000
__import__.product_3048741,0,0,0,144.000,420.000
__import__.product_3049848,0,0,0,2.000,3.000
__import__.product_3050499,0,0,0,3.000,6.000
__import__.product_3051257,0,0,0,3.000,9.000
__import__.product_3052115,0,0,0,10.000,20.000
__import__.product_3052388,0,0,0,10.000,32.000
__import__.product_3052685,0,0,0,6.000,12.000
__import__.product_3052693,0,0,0,2.000,6.000
__import__.product_3056852,23.00,2.80,28.50,3.000,6.000
__import__.product_3057213,0,0,0,10.000,18.000
__import__.product_3074234,0,0,0,10.000,35.000
__import__.product_3074440,0,0,0,20.000,65.000
__import__.product_3074465,0,0,0,4.000,12.000
__import__.product_3074473,0,0,0,2.000,6.000
__import__.product_3079662,0,0,0,2.000,5.000
__import__.product_3080058,0,0,0,10.000,20.000
__import__.product_3080066,0,0,0,10.000,20.000
__import__.product_3080272,18.50,13.00,31.50,2.000,4.000
__import__.product_3084092,0,0,0,51.000,110.000
__import__.product_3085628,0,0,0,25.000,55.000
__import__.product_3085867,0,0,0,3.000,6.000
__import__.product_3086121,0,0,0,50.000,90.000
__import__.product_3086147,0,0,0,120.000,300.000
__import__.product_3087301,0,0,0,20.000,50.000
__import__.product_3087319,0,0,0,3.000,4.000
__import__.product_3087335,0,0,0,100.000,180.000
__import__.product_3087343,0,0,0,35.000,75.000
__import__.product_3087350,0,0,0,7.000,12.000
__import__.product_3087368,0,0,0,30.000,60.000
__import__.product_3087376,0,0,0,5.000,10.000
__import__.product_3087384,0,0,0,100.000,210.000
__import__.product_3087392,0,0,0,10.000,20.000
__import__.product_3089067,0,0,0,41.000,168.000
__import__.product_3089075,0,0,0,20.000,40.000
__import__.product_3089083,0,0,0,34.000,140.000
__import__.product_3089091,0,0,0,26.000,105.000
__import__.product_3089109,0,0,0,12.000,24.000
__import__.product_3091576,0,0,0,20.000,40.000
__import__.product_3092178,0,0,0,10.000,20.000
__import__.product_3094307,0,0,0,11.000,37.000
__import__.product_3096355,27.00,4.00,24.00,1.000,2.000
__import__.product_3103801,0,0,0,20.000,82.000
__import__.product_3103819,0,0,0,200.000,500.000
__import__.product_3103827,0,0,0,39.000,131.000
__import__.product_3103835,0,0,0,200.000,400.000
__import__.product_3103843,0,0,0,150.000,300.000
__import__.product_3103868,0,0,0,50.000,100.000
__import__.product_3103876,0,0,0,100.000,200.000
__import__.product_3103884,0,0,0,200.000,460.000
__import__.product_3103892,0,0,0,150.000,400.000
__import__.product_3109634,0,0,0,10.000,20.000
__import__.product_3109907,0,0,0,10.000,20.000
__import__.product_3111622,0,0,0,48.000,96.000
__import__.product_3113198,0,0,0,3.000,7.000
__import__.product_3113412,0,0,0,400.000,1284.000
__import__.product_3113776,0,0,0,41.000,150.000
__import__.product_3116183,0,0,0,8.000,25.000
__import__.product_3116480,0,0,0,10.000,20.000
__import__.product_3120060,0,0,0,100.000,200.000
__import__.product_3120250,0,0,0,30.000,89.000
__import__.product_3126687,0,0,0,5.000,10.000
__import__.product_3127958,0,0,0,75.000,309.000
__import__.product_3129657,0,0,0,63.000,140.000
__import__.product_3129665,0,0,0,15.000,30.000
__import__.product_3129673,0,0,0,30.000,101.000
__import__.product_3129681,0,0,0,36.000,87.000
__import__.product_3129707,0,0,0,30.000,60.000
__import__.product_3129715,0,0,0,100.000,200.000
__import__.product_3130655,0,0,0,48.000,150.000
__import__.product_3130663,0,0,0,24.000,50.000
__import__.product_3133162,0,0,0,13.000,52.000
__import__.product_3133212,0,0,0,7.000,15.000
__import__.product_3134160,0,0,0,10.000,20.000
__import__.product_3138120,0,0,0,7.000,12.000
__import__.product_3142619,0,0,0,10.000,22.000
__import__.product_3142718,0,0,0,64.000,150.000
__import__.product_3142726,0,0,0,60.000,148.000
__import__.product_3145026,0,0,0,100.000,200.000
__import__.product_3145125,0,0,0,240.000,480.000
__import__.product_3150869,0,0,0,3.000,6.000
__import__.product_3152667,0,0,0,11.000,27.000
__import__.product_3154754,0,0,0,38.000,157.000
__import__.product_3157476,0,0,0,1.000,2.000
__import__.product_3164605,0,0,0,51.000,126.000
__import__.product_3179181,0,0,0,24.000,87.000
__import__.product_3179207,0,0,0,20.000,50.000
__import__.product_3187051,0,0,0,10.000,40.000
__import__.product_3187069,0,0,0,1.000,3.000
__import__.product_3203411,0,0,0,20.000,80.000
__import__.product_3204047,0,0,0,12.000,24.000
__import__.product_3204500,0,0,0,6.000,12.000
__import__.product_3204526,0,0,0,48.000,96.000
__import__.product_3204609,0,0,0,24.000,48.000
__import__.product_3204625,0,0,0,36.000,84.000
__import__.product_3204906,0,0,0,48.000,72.000
__import__.product_3213806,0,0,0,8.000,27.000
__import__.product_3228855,0,0,0,27.000,55.000
__import__.product_3233798,0,0,0,1.000,2.000
__import__.product_3237765,0,0,0,20.000,44.000
__import__.product_3254570,0,0,0,20.000,40.000
__import__.product_3267945,3.20,13.20,5.30,18.000,36.000
__import__.product_3268018,9.00,15.00,11.00,8.000,15.000
__import__.product_3269461,3.50,13.20,5.30,10.000,20.000
__import__.product_3272440,0,0,0,3.000,5.000
__import__.product_3272457,0,0,0,3.000,5.000
__import__.product_3276631,0,0,0,2.000,4.000
__import__.product_3277126,6.20,14.00,26.50,12.000,24.000
__import__.product_3277159,0,0,0,3.000,9.000
__import__.product_3281946,9.00,15.00,11.00,2.000,5.000
__import__.product_3294015,0,0,0,10.000,25.000
__import__.product_3296308,0,0,0,120.000,210.000
__import__.product_3296407,0,0,0,10.000,20.000
__import__.product_3296415,0,0,0,60.000,140.000
__import__.product_3296423,0,0,0,30.000,60.000
__import__.product_3308731,0,0,0,2.000,5.000
__import__.product_3309184,0,0,0,10.000,22.000
__import__.product_3317104,0,0,0,120.000,200.000
__import__.product_3319324,2.00,9.00,6.00,2.000,5.000
__import__.product_3319357,0,0,0,1.000,2.000
__import__.product_3319860,0,0,0,6.000,10.000
__import__.product_3319878,0,0,0,2.000,4.000
__import__.product_3327384,0,0,0,12.000,24.000
__import__.product_3338951,0,0,0,24.000,60.000
__import__.product_3350113,0,0,0,14.000,26.000
__import__.product_3355815,0,0,0,4.000,8.000
__import__.product_3364346,0,0,0,20.000,50.000
__import__.product_3364361,0,0,0,20.000,40.000
__import__.product_3367620,0,0,0,10.000,20.000
__import__.product_3380433,0,0,0,6.000,12.000
__import__.product_3380458,0,0,0,6.000,12.000
__import__.product_3380466,0,0,0,6.000,12.000
__import__.product_3381829,0,0,0,100.000,200.000
__import__.product_3384005,0,0,0,20.000,45.000
__import__.product_3401825,0,0,0,40.000,80.000
__import__.product_3407400,0,0,0,12.000,24.000
__import__.product_3410156,5.30,10.40,5.40,10.000,20.000
__import__.product_3412889,0,0,0,20.000,40.000
__import__.product_3414620,0,0,0,40.000,70.000
__import__.product_3415759,0,0,0,3.000,6.000
__import__.product_3420452,0,0,0,30.000,60.000
__import__.product_3420478,0,0,0,25.000,50.000
__import__.product_3426970,0,0,0,6.000,12.000
__import__.product_3430238,0,0,0,20.000,40.000
__import__.product_3439460,11.00,31.00,20.00,2.000,4.000
__import__.product_3443181,0,0,0,6.000,12.000
__import__.product_3443199,0,0,0,6.000,12.000
__import__.product_3443249,0,0,0,12.000,24.000
__import__.product_3455390,9.60,3.50,9.80,2.000,4.000
__import__.product_3455394,9.50,3.50,9.90,4.000,6.000
__import__.product_3455395,9.50,3.50,9.90,2.000,4.000
__import__.product_3455870,0,0,0,6.000,12.000
__import__.product_3491453,0,0,0,20.000,48.000
__import__.product_3491743,0,0,0,24.000,36.000
__import__.product_3495157,0,0,0,14.000,30.000
__import__.product_3501244,23.00,6.00,31.00,1.000,2.000
__import__.product_3508223,0,0,0,10.000,20.000
__import__.product_3510518,0,0,0,3.000,6.000
__import__.product_3535580,0,0,0,6.000,10.000
__import__.product_3535846,0,0,0,6.000,10.000
__import__.product_3541463,5.30,14.00,5.30,12.000,22.000
__import__.product_3541737,0,0,0,6.000,12.000
__import__.product_3550506,0,0,0,36.000,60.000
__import__.product_3577095,0,0,0,1.000,2.000
__import__.product_3587268,0,0,0,20.000,40.000
__import__.product_3597267,0,0,0,15.000,35.000
__import__.product_3606761,0,0,0,6.000,10.000
__import__.product_3607702,6.00,14.00,20.00,40.000,70.000
__import__.product_3607710,20.00,14.00,6.00,60.000,120.000
__import__.product_3611449,0,0,0,3.000,6.000
__import__.product_3612025,6.00,33.00,18.00,1.000,2.000
__import__.product_3612363,6.00,33.00,18.00,1.000,2.000
__import__.product_3612397,6.00,33.00,18.00,1.000,2.000
__import__.product_3614765,4.00,12.00,5.00,48.000,96.000
__import__.product_3632676,0,0,0,4.000,12.000
__import__.product_3640695,0,0,0,120.000,240.000
__import__.product_3641867,0,0,0,6.000,10.000
__import__.product_3641909,0,0,0,6.000,12.000
__import__.product_3642915,0,0,0,12.000,24.000
__import__.product_3642923,3.00,14.00,6.00,60.000,120.000
__import__.product_3659406,0,0,0,6.000,12.000
__import__.product_3664471,0,0,0,2.000,4.000
__import__.product_3676178,0,0,0,300.000,500.000
__import__.product_3679727,0,0,0,2.000,4.000
__import__.product_3695756,0,0,0,24.000,48.000
__import__.product_4004130,0,0,0,300.000,500.000
__import__.product_4007221,0,0,0,6.000,20.000
__import__.product_4097173,8.70,1.30,12.00,500.000,700.000
__import__.product_4116755,6.50,2.70,21.40,10.000,30.000
__import__.product_4140102,10.00,23.00,21.00,7.000,14.000
__import__.product_4140112,0,0,0,38.000,70.000
__import__.product_4200130,12.80,10.30,57.90,30.000,48.000
__import__.product_4215095,14.10,12.40,8.60,2.000,6.000
__import__.product_4218313,5.50,5.50,17.00,24.000,48.000
__import__.product_4218331,8.00,8.00,19.00,120.000,240.000
__import__.product_4219104,9.00,12.60,14.50,1.000,3.000
__import__.product_4241806,0,0,0,36.000,60.000
__import__.product_4263111,4.00,2.20,13.00,50.000,150.000
__import__.product_4290045,23.00,11.00,30.00,2.000,5.000
__import__.product_4321557,4.20,16.00,4.20,4.000,12.000
__import__.product_4327790,18.50,28.90,13.00,8.000,16.000
__import__.product_4344073,7.20,23.80,7.20,6.000,18.000
__import__.product_4344096,26.00,37.00,29.70,3.000,5.000
__import__.product_4367921,4.90,0,8.40,40.000,133.000
__import__.product_4373726,4.90,4.70,8.40,126.000,468.000
__import__.product_4379752,7.20,23.70,7.20,7.000,17.000
__import__.product_4388254,3.20,8.50,3.20,10.000,35.000
__import__.product_4391049,5.00,15.30,5.00,14.000,39.000
__import__.product_4427161,4.50,7.40,4.50,2.000,5.000
__import__.product_4447086,4.50,7.40,4.50,10.000,24.000
__import__.product_4447092,5.00,15.30,5.00,17.000,57.000
__import__.product_4449582,24.00,27.00,34.00,18.000,45.000
__import__.product_4456576,9.00,25.00,9.00,18.000,37.000
__import__.product_4461838,4.40,17.90,4.40,27.000,100.000
__import__.product_4461844,4.00,16.50,4.00,8.000,32.000
__import__.product_4483403,7.40,16.30,7.40,2.000,6.000
__import__.product_4484644,4.50,8.80,4.50,10.000,35.000
__import__.product_4484650,4.50,7.40,4.50,8.000,26.000
__import__.product_4494200,8.00,21.00,5.00,16.000,33.000
__import__.product_4527891,3.60,15.50,3.60,3.000,9.000
__import__.product_4527916,4.50,7.40,4.50,15.000,35.000
__import__.product_4550242,18.60,17.00,19.20,1.000,50.000
__import__.product_4582737,3.70,7.20,3.70,7.000,22.000
__import__.product_4635244,10.30,13.20,18.00,2.000,3.000
__import__.product_4665512,4.70,8.40,4.70,25.000,85.000
__import__.product_4665759,8.50,25.00,8.50,12.000,24.000
__import__.product_4665791,0,0,0,10.000,20.000
__import__.product_4696760,8.00,20.80,4.90,6.000,13.000
__import__.product_4705138,0,0,0,1.000,2.000
__import__.product_4705139,0,0,0,1.000,2.000
__import__.product_4705140,0,0,0,1.000,2.000
__import__.product_4705141,0,0,0,1.000,2.000
__import__.product_4705142,0,0,0,1.000,2.000
__import__.product_4789711,4.60,8.80,3.70,4.000,13.000
__import__.product_4896708,0,0,0,2.000,5.000
__import__.product_4901408,0,0,0,800.000,1400.000
__import__.product_4901409,0,0,0,556.000,1201.000
__import__.product_4901607,0,0,0,10.000,20.000
__import__.product_4922543,23.00,11.20,31.00,19.000,40.000
__import__.product_4950052,0,0,0,12.000,24.000
__import__.product_4970041,23.50,11.10,31.00,41.000,130.000
__import__.product_4980040,23.00,11.00,30.00,40.000,87.000
__import__.product_4990043,23.40,6.00,31.00,87.000,161.000
__import__.product_5000002,15.10,22.70,18.80,12.000,18.000
__import__.product_5000003,4.00,16.00,4.00,24.000,36.000
__import__.product_5000004,6.60,26.00,8.90,6.000,9.000
__import__.product_5000031,4.60,13.50,4.60,6.000,9.000
__import__.product_5000032,4.50,12.10,4.50,2.000,9.000
__import__.product_5000190,0,0,0,2.000,12.000
__import__.product_5000717,0,0,0,1.000,2.000
__import__.product_5000819,0,0,0,1.000,6.000
__import__.product_5000823,0,0,0,1.000,6.000
__import__.product_5001010,1.00,5.40,9.20,3.000,6.000
__import__.product_5001035,0,0,0,5.000,10.000
__import__.product_5001036,0,0,0,5.000,10.000
__import__.product_5001037,0,0,0,5.000,10.000
__import__.product_5001038,0,0,0,5.000,10.000
__import__.product_5001621,0,0,0,4.000,8.000
__import__.product_5001919,5.00,1.00,8.20,33.000,44.000
__import__.product_5002016,5.80,5.80,12.50,1.000,2.000
__import__.product_5002534,7.00,0.50,11.50,200.000,400.000
__import__.product_5003061,3.00,17.00,12.00,10.000,15.000
__import__.product_5003580,0,0,0,2.000,15.000
__import__.product_5003590,0,0,0,5.000,15.000
__import__.product_5008455,0,0,0,2.000,4.000
__import__.product_5010001,0,0,0,1.000,2.000
__import__.product_5010002,0,0,0,1.000,2.000
__import__.product_5010005,0,0,0,1.000,2.000
__import__.product_5010030,0,0,0,1.000,2.000
__import__.product_5010031,0,0,0,1.000,2.000
__import__.product_5010032,0,0,0,1.000,2.000
__import__.product_5010048,0,0,0,2.000,4.000
__import__.product_5010102,0,0,0,2.000,4.000
__import__.product_5010281,5.00,5.00,34.00,5.000,10.000
__import__.product_5010282,5.50,7.50,25.00,3.000,6.000
__import__.product_5010683,1.70,5.00,2.50,20.000,40.000
__import__.product_5011801,0,0,0,2.000,5.000
__import__.product_5011838,24.70,8.20,8.50,2.000,5.000
__import__.product_5015019,0,0,0,1.000,10.000
__import__.product_5017452,0,0,0,1.000,2.000
__import__.product_5017920,0,0,0,2.000,4.000
__import__.product_5017935,0,0,0,2.000,12.000
__import__.product_5017945,0,0,0,1.000,10.000
__import__.product_5017955,0,0,0,2.000,10.000
__import__.product_5020021,0,0,0,4.000,8.000
__import__.product_5020691,0,0,0,2.000,4.000
__import__.product_5020939,0,0,0,10.000,20.000
__import__.product_5020949,0,0,0,10.000,20.000
__import__.product_5021237,0,0,0,1.000,5.000
__import__.product_5023315,0,0,0,1.000,2.000
__import__.product_5023326,0,0,0,1.000,12.000
__import__.product_5023698,0,0,0,1.000,12.000
__import__.product_5025294,7.30,7.00,31.50,1.000,2.000
__import__.product_5026627,0,0,0,2.000,4.000
__import__.product_5027050,0,0,0,1.000,2.000
__import__.product_5027101,5.50,17.50,5.50,4.000,6.000
__import__.product_5030600,0,0,0,2.000,15.000
__import__.product_5031200,0,0,0,3.000,6.000
__import__.product_5031270,0,0,0,1.000,2.000
__import__.product_5031421,1.00,3.70,18.50,10.000,20.000
__import__.product_5035037,40.00,6.00,13.50,50.000,150.000
__import__.product_5036001,0,0,0,1.000,2.000
__import__.product_5036024,0,0,0,1.000,2.000
__import__.product_5036989,5.50,0.80,6.60,4.000,15.000
__import__.product_5039000,12.80,18.20,3.60,10.000,10.000
__import__.product_5039008,4.80,7.40,4.80,2.000,4.000
__import__.product_5039009,3.90,7.50,3.90,5.000,10.000
__import__.product_5039010,3.90,7.50,3.90,5.000,10.000
__import__.product_5039012,3.90,7.50,3.90,50.000,100.000
__import__.product_5039022,12.60,3.60,18.00,3.000,6.000
__import__.product_5039023,12.80,4.00,18.00,5.000,5.000
__import__.product_5039032,0,0,0,10.000,13.000
__import__.product_5039033,0,0,0,10.000,20.000
__import__.product_5039810,6.00,6.20,14.40,2.000,4.000
__import__.product_5040035,0,0,0,2.000,4.000
__import__.product_5040093,9.10,10.70,9.10,3.000,6.000
__import__.product_5040095,9.10,4.70,9.10,2.000,4.000
__import__.product_5040098,9.20,6.80,9.20,3.000,6.000
__import__.product_5042051,6.20,12.20,15.80,100.000,200.000
__import__.product_5042506,3.50,2.30,19.80,25.000,74.000
__import__.product_5043278,4.00,1.60,13.50,50.000,100.000
__import__.product_5043280,4.00,1.80,13.20,75.000,100.000
__import__.product_5043282,3.80,2.00,13.20,33.000,44.000
__import__.product_5043556,3.50,1.00,13.50,255.000,340.000
__import__.product_5043801,0,0,0,100.000,200.000
__import__.product_5043955,2.50,0.20,80.00,5.000,10.000
__import__.product_5044142,5.90,10.40,4.70,27.000,50.000
__import__.product_5044143,6.70,12.80,5.10,5.000,10.000
__import__.product_5044876,0,0,0,1.000,2.000
__import__.product_5047500,0,0,0,12.000,24.000
__import__.product_5050197,34.00,30.00,50.00,1.000,2.000
__import__.product_5051041,18.80,10.90,10.40,5.000,10.000
__import__.product_5054025,1.00,20.00,28.50,1.000,2.000
__import__.product_5054055,7.70,0.90,7.70,12.000,24.000
__import__.product_5055127,0,0,0,6.000,10.000
__import__.product_5055143,0,0,0,20.000,220.000
__import__.product_5056374,0,0,0,4.000,8.000
__import__.product_5058113,0,0,0,180.000,360.000
__import__.product_5062016,0,0,0,1.000,2.000
__import__.product_5064464,3.50,2.10,14.40,25.000,55.000
__import__.product_5064465,0,0,0,10.000,20.000
__import__.product_5065361,0,0,0,60.000,100.000
__import__.product_5068577,0,0,0,1.000,5.000
__import__.product_5070003,0,0,0,8.000,12.000
__import__.product_5076650,2.50,19.00,11.50,15.000,30.000
__import__.product_5080025,5.70,5.40,5.40,12.000,48.000
__import__.product_5080026,8.00,5.10,5.10,30.000,60.000
__import__.product_5080027,11.40,5.50,5.50,20.000,60.000
__import__.product_5080102,30.40,36.90,14.00,2.000,4.000
__import__.product_5087101,3.00,5.50,3.00,100.000,200.000
__import__.product_5091155,0,0,0,4.000,6.000
__import__.product_5091156,0,0,0,1.000,2.000
__import__.product_5091157,0,0,0,1.000,2.000
__import__.product_5091158,0,0,0,1.000,2.000
__import__.product_5100533,0,0,0,1.000,2.000
__import__.product_5101250,0,0,0,2.000,4.000
__import__.product_5101624,3.00,19.80,10.00,200.000,400.000
__import__.product_5102120,7.00,8.00,8.00,5.000,10.000
__import__.product_5102121,10.50,10.50,13.80,5.000,10.000
__import__.product_5102122,14.00,13.00,15.00,5.000,10.000
__import__.product_5107142,0,0,0,5.000,10.000
__import__.product_5107148,0,0,0,1.000,2.000
__import__.product_5110004,4.20,4.80,9.90,10.000,20.000
__import__.product_5110008,6.90,13.80,11.40,5.000,10.000
__import__.product_5110009,0,0,0,14.000,55.000
__import__.product_5110011,0,0,0,12.000,31.000
__import__.product_5110012,0,0,0,3.000,6.000
__import__.product_5110019,11.00,24.00,25.00,30.000,60.000
__import__.product_5110036,0,0,0,100.000,200.000
__import__.product_5110200,9.00,7.50,16.00,4.000,10.000
__import__.product_5110205,9.00,7.50,16.00,6.000,12.000
__import__.product_5110210,9.00,7.50,16.00,3.000,6.000
__import__.product_5112395,6.50,1.80,8.70,3.000,5.000
__import__.product_5112480,0,0,0,10.000,20.000
__import__.product_5113153,6.00,6.50,13.80,2.000,4.000
__import__.product_5115820,0,0,0,100.000,250.000
__import__.product_5118510,0,0,0,100.000,200.000
__import__.product_5119091,7.30,18.50,6.50,12.000,24.000
__import__.product_5120017,0,0,0,4.000,12.000
__import__.product_5120020,14.30,21.50,17.40,11.000,38.000
__import__.product_5121825,0,0,0,5.000,15.000
__import__.product_5123320,0,0,0,1.000,2.000
__import__.product_5130024,6.00,6.40,14.00,2.000,4.000
__import__.product_5131305,5.00,1.60,17.00,4.000,6.000
__import__.product_5131415,0,0,0,2.000,3.000
__import__.product_5132105,5.00,10.80,33.00,10.000,20.000
__import__.product_5132107,0,0,0,16.000,32.000
__import__.product_5132110,0,0,0,20.000,40.000
__import__.product_5132115,5.30,31.00,33.50,1.000,3.000
__import__.product_5132322,6.00,5.60,3.50,10.000,30.000
__import__.product_5140416,0,0,0,13.000,26.000
__import__.product_5140452,0,0,0,72.000,108.000
__import__.product_5140519,0,0,0,18.000,36.000
__import__.product_5140709,12.30,17.50,3.00,10.000,20.000
__import__.product_5140909,22.00,14.60,17.90,8.000,10.000
__import__.product_5140912,22.30,13.80,17.50,6.000,8.000
__import__.product_5142035,13.50,5.40,10.60,8.000,12.000
__import__.product_5143170,0,0,0,36.000,72.000
__import__.product_5145370,11.50,20.00,11.50,14.000,24.000
__import__.product_5150909,9.00,27.50,21.00,1.000,8.000
__import__.product_5156512,0,0,0,6.000,10.000
__import__.product_5156513,0,0,0,6.000,12.000
__import__.product_5156516,0,0,0,1.000,2.000
__import__.product_5157000,0,0,0,20.000,40.000
__import__.product_5157001,0,0,0,20.000,60.000
__import__.product_5157002,0,0,0,10.000,30.000
__import__.product_5157696,0,0,0,2.000,4.000
__import__.product_5160209,9.50,23.00,16.80,2.000,4.000
__import__.product_5164259,8.70,9.30,12.90,1.000,2.000
__import__.product_5165011,0,0,0,2.000,5.000
__import__.product_5169900,0,0,0,30.000,60.000
__import__.product_5169901,0.20,0,0,10.000,20.000
__import__.product_5170000,4.60,2.30,11.20,200.000,413.000
__import__.product_5170002,7.50,5.00,17.50,10.000,20.000
__import__.product_5170004,6.70,1.00,13.00,60.000,120.000
__import__.product_5170005,1.00,13.00,6.50,10.000,20.000
__import__.product_5170275,1.00,8.00,8.70,6.000,8.000
__import__.product_5171566,6.00,3.80,9.00,12.000,24.000
__import__.product_5180324,20.30,18.30,10.00,15.000,30.000
__import__.product_5183105,0,0,0,2.000,4.000
__import__.product_5184006,4.50,4.50,6.00,2400.000,4800.000
__import__.product_5184008,4.50,4.50,8.00,100.000,200.000
__import__.product_5184102,9.20,10.80,9.20,80.000,160.000
__import__.product_5191052,0,0,0,2.000,4.000
__import__.product_5192005,8.80,25.00,8.80,18.000,36.000
__import__.product_5192006,13.90,28.40,19.00,3.000,8.000
__import__.product_5192007,5.50,5.00,22.50,7.000,15.000
__import__.product_5192016,4.50,8.20,4.50,4.000,14.000
__import__.product_5192022,5.50,5.50,22.60,12.000,20.000
__import__.product_5192023,8.60,25.00,8.60,4.000,8.000
__import__.product_5192027,0,0,0,1.000,3.000
__import__.product_5192032,0,0,0,5.000,12.000
__import__.product_5192162,0,0,0,7.000,15.000
__import__.product_5192703,0,0,0,1.000,2.000
__import__.product_5192723,0,0,0,4.000,7.000
__import__.product_5192727,0,0,0,1.000,2.000
__import__.product_5193000,8.00,7.00,7.00,50.000,80.000
__import__.product_5194000,11.00,9.00,9.00,50.000,80.000
__import__.product_5194001,11.00,9.00,9.00,20.000,40.000
__import__.product_5196000,40.00,20.00,12.00,15.000,25.000
__import__.product_5196004,40.00,12.00,20.00,15.000,25.000
__import__.product_5196008,40.00,20.00,12.00,15.000,25.000
__import__.product_5196012,40.00,20.00,12.00,15.000,25.000
__import__.product_5196016,40.00,20.00,12.00,15.000,25.000
__import__.product_5196020,40.00,20.00,12.00,15.000,25.000
__import__.product_5196023,40.00,20.00,12.00,12.000,25.000
__import__.product_5196028,40.00,20.00,12.00,15.000,25.000
__import__.product_5196032,40.00,20.00,12.00,15.000,25.000
__import__.product_5196036,40.00,20.00,12.00,15.000,25.000
__import__.product_5196040,40.00,20.00,12.00,15.000,25.000
__import__.product_5196044,40.00,20.00,12.00,15.000,25.000
__import__.product_5196048,40.00,20.00,12.00,15.000,25.000
__import__.product_5196052,40.00,20.00,12.00,15.000,25.000
__import__.product_5196057,40.00,20.00,12.00,15.000,30.000
__import__.product_5196063,40.00,20.00,12.00,15.000,25.000
__import__.product_5196068,40.00,20.00,12.00,15.000,25.000
__import__.product_5196991,11.00,9.00,9.00,100.000,220.000
__import__.product_5196992,8.00,7.00,7.00,100.000,200.000
__import__.product_5196996,38.00,39.00,39.00,100.000,200.000
__import__.product_5196997,11.00,9.00,9.00,150.000,350.000
__import__.product_5196998,8.00,7.00,7.00,150.000,350.000
__import__.product_5199825,34.50,27.00,25.00,13.000,25.000
__import__.product_5199826,34.50,27.00,25.00,15.000,25.000
__import__.product_5200045,20.70,5.40,7.50,3.000,6.000
__import__.product_5202689,8.50,4.20,52.00,5.000,10.000
__import__.product_5202902,0,0,0,2.000,4.000
__import__.product_5211109,1.80,12.30,11.50,20.000,40.000
__import__.product_5211130,0,0,0,2.000,4.000
__import__.product_5211135,0,0,0,2.000,4.000
__import__.product_5213600,0,0,0,4.000,8.000
__import__.product_5215035,0,0,0,3.000,6.000
__import__.product_5215431,0,0,0,250.000,500.000
__import__.product_5215432,0,0,0,20.000,120.000
__import__.product_5224001,5.00,1.00,49.00,5.000,10.000
__import__.product_5224002,5.00,1.00,51.00,5.000,10.000
__import__.product_5224003,5.00,1.00,50.00,5.000,10.000
__import__.product_5224004,5.00,1.00,51.00,5.000,10.000
__import__.product_5224005,2.00,2.00,50.00,5.000,10.000
__import__.product_5225076,0,0,0,2.000,4.000
__import__.product_5228443,0,0,0,11.000,43.000
__import__.product_5230740,1.00,10.00,54.00,20.000,30.000
__import__.product_5241615,0.80,8.20,9.00,6.000,12.000
__import__.product_5242015,0.90,8.20,9.20,12.000,24.000
__import__.product_5247880,10.30,6.40,15.10,20.000,40.000
__import__.product_5248000,2.50,19.00,34.00,15.000,30.000
__import__.product_5248001,3.00,22.00,40.00,15.000,30.000
__import__.product_5250017,0,0,0,1.000,2.000
__import__.product_5250172,0,0,0,1.000,5.000
__import__.product_5259777,0,0,0,2.000,4.000
__import__.product_5260048,10.80,2.90,16.80,34.000,115.000
__import__.product_5260049,10.70,2.90,16.80,40.000,89.000
__import__.product_5262884,0,0,0,1.000,2.000
__import__.product_5267000,6.10,10.20,6.50,3.000,6.000
__import__.product_5267012,9.40,7.50,12.30,1.000,2.000
__import__.product_5268505,0,0,0,1.000,5.000
__import__.product_5270000,0,0,0,1.000,2.000
__import__.product_5270100,5.30,17.30,5.30,3.000,10.000
__import__.product_5270101,19.00,11.00,19.30,1.000,2.000
__import__.product_5270105,16.90,11.60,18.30,4.000,6.000
__import__.product_5270107,8.80,26.70,12.90,5.000,10.000
__import__.product_5270108,7.00,34.30,23.00,5.000,20.000
__import__.product_5270109,4.90,18.60,4.90,12.000,29.000
__import__.product_5270121,4.80,8.40,4.90,5.000,12.000
__import__.product_5270185,6.50,18.00,3.50,9.000,29.000
__import__.product_5270215,4.90,18.50,4.90,5.000,16.000
__import__.product_5270403,2.00,11.00,11.00,40.000,140.000
__import__.product_5270998,2.00,15.00,11.00,10.000,20.000
__import__.product_5271434,0,0,0,2.000,5.000
__import__.product_5271838,8.50,9.00,11.00,20.000,20.000
__import__.product_5272460,0,0,0,1.000,5.000
__import__.product_5273384,17.60,7.00,36.70,12.000,24.000
__import__.product_5273404,0,0,0,1.000,2.000
__import__.product_5276495,14.00,10.00,14.00,5.000,10.000
__import__.product_5277507,29.60,37.10,14.10,1.000,2.000
__import__.product_5277510,29.70,36.80,14.10,2.000,4.000
__import__.product_5279325,0,0,0,1.000,2.000
__import__.product_5279804,3.00,22.00,23.00,4.000,6.000
__import__.product_5279806,4.60,30.50,32.50,4.000,8.000
__import__.product_5279807,0,0,0,4.000,6.000
__import__.product_5290609,0,0,0,1.000,2.000
__import__.product_5291000,0,0,0,1.000,2.000
__import__.product_5291004,6.00,6.20,14.40,2.000,3.000
__import__.product_5292125,0,0,0,2.000,4.000
__import__.product_5293595,5.30,4.60,5.30,2.000,6.000
__import__.product_5293600,5.50,6.60,5.50,10.000,20.000
__import__.product_5294279,18.00,29.00,14.00,3.000,6.000
__import__.product_5300015,0,0,0,10.000,15.000
__import__.product_5300243,0,0,0,1000.000,2200.000
__import__.product_5300635,0,0,0,15.000,30.000
__import__.product_5304100,0,0,0,4.000,8.000
__import__.product_5305501,0,0,0,4.000,6.000
__import__.product_5306308,0,0,0,1.000,2.000
__import__.product_5306413,0,0,0,12.000,24.000
__import__.product_5306414,0,0,0,12.000,24.000
__import__.product_5307240,0,0,0,2.000,4.000
__import__.product_5307241,0,0,0,1.000,3.000
__import__.product_5307242,0,0,0,1.000,3.000
__import__.product_5307612,0,0,0,1.000,5.000
__import__.product_5310101,1.80,14.00,10.40,60.000,240.000
__import__.product_5310131,4.70,14.60,18.50,1.000,2.000
__import__.product_5310133,18.50,15.00,6.80,2.000,4.000
__import__.product_5310134,18.50,14.90,8.90,3.000,6.000
__import__.product_5310135,11.00,15.00,18.50,3.000,6.000
__import__.product_5310136,12.50,14.50,18.40,2.000,4.000
__import__.product_5311529,0,0,0,1.000,2.000
__import__.product_5311542,0,0,0,6.000,12.000
__import__.product_5311543,0,0,0,10.000,22.000
__import__.product_5317440,0,0,0,2.000,4.000
__import__.product_5320524,0,0,0,1.000,2.000
__import__.product_5326220,0,0,0,2.000,5.000
__import__.product_5326221,0,0,0,1.000,2.000
__import__.product_5326222,0,0,0,2.000,5.000
__import__.product_5326223,0,0,0,2.000,5.000
__import__.product_5330000,10.50,5.00,13.30,14.000,46.000
__import__.product_5330001,4.90,11.40,5.60,30.000,90.000
__import__.product_5330361,0,0,0,1.000,2.000
__import__.product_5332273,0,0,0,1.000,2.000
__import__.product_5332274,0,0,0,2.000,4.000
__import__.product_5332275,0,0,0,2.000,4.000
__import__.product_5336030,0,0,0,50.000,100.000
__import__.product_5338600,7.20,24.00,7.20,6.000,12.000
__import__.product_5338699,0,0,0,1.000,5.000
__import__.product_5340830,0,0,0,10.000,15.000
__import__.product_5341020,0,0,0,2.000,4.000
__import__.product_5341030,0,0,0,2.000,4.000
__import__.product_5341050,0,0,0,6.000,10.000
__import__.product_5341354,0,0,0,2.000,4.000
__import__.product_5342105,0,0,0,1.000,2.000
__import__.product_5342111,15.80,4.00,20.00,5.000,10.000
__import__.product_5342186,19.50,7.00,42.00,10.000,15.000
__import__.product_5350301,5.60,10.30,5.60,11.000,38.000
__import__.product_5350302,6.60,15.10,6.60,60.000,96.000
__import__.product_5352044,0,0,0,2.000,5.000
__import__.product_5352805,6.00,24.00,44.00,3.000,8.000
__import__.product_5354605,0,0,0,1.000,2.000
__import__.product_5356003,17.90,16.50,28.00,2.000,3.000
__import__.product_5356004,20.80,12.30,13.70,8.000,10.000
__import__.product_5380473,0,0,0,2.000,8.000
__import__.product_5381670,0,0,0,10.000,20.000
__import__.product_5381675,0,0,0,20.000,40.000
__import__.product_5395000,34.00,30.50,45.50,6.000,9.000
__import__.product_5397501,10.80,8.90,16.80,2.000,6.000
__import__.product_5400015,0,0,0,1.000,2.000
__import__.product_5400016,0,0,0,1.000,2.000
__import__.product_5400500,7.30,20.70,7.30,1.000,4.000
__import__.product_5401000,4.70,5.90,4.70,40.000,80.000
__import__.product_5402250,6.70,15.30,6.60,2.000,4.000
__import__.product_5404091,0,0,0,25.000,50.000
__import__.product_5405253,0,0,0,3.000,6.000
__import__.product_5405254,6.70,6.90,15.60,4.000,6.000
__import__.product_5405256,6.30,6.60,15.50,2.000,4.000
__import__.product_5409755,0,0,0,50.000,350.000
__import__.product_5410011,0,0,0,2.000,4.000
__import__.product_5415057,26.50,50.40,11.80,2.000,6.000
__import__.product_5415740,0,0,0,10.000,135.000
__import__.product_5419600,0,0,0,10.000,40.000
__import__.product_5419670,0,0,0,10.000,45.000
__import__.product_5419710,0,0,0,10.000,35.000
__import__.product_5419740,0,0,0,10.000,45.000
__import__.product_5420000,5.40,4.70,9.90,7.000,26.000
__import__.product_5420002,4.90,2.40,11.10,7.000,23.000
__import__.product_5420004,3.60,7.70,3.60,10.000,30.000
__import__.product_5421724,7.50,7.40,12.70,10.000,20.000
__import__.product_5421827,10.80,13.50,20.50,1.000,2.000
__import__.product_5426809,4.00,2.50,14.70,125.000,375.000
__import__.product_5430050,3.60,0,3.60,6.000,12.000
__import__.product_5430113,0,0,0,3.000,6.000
__import__.product_5430150,3.90,2.60,19.50,3.000,7.000
__import__.product_5430270,3.90,2.70,19.50,3.000,6.000
__import__.product_5430390,3.90,2.70,19.50,2.000,5.000
__import__.product_5430505,5.10,2.50,12.10,5.000,10.000
__import__.product_5430802,5.80,6.00,26.60,4.000,10.000
__import__.product_5430807,4.40,10.80,4.40,11.000,31.000
__import__.product_5430889,4.70,10.70,4.70,1.000,2.000
__import__.product_5431268,6.00,5.30,62.00,6.000,12.000
__import__.product_5432000,5.90,25.40,10.10,2.000,6.000
__import__.product_5432008,7.30,9.90,7.30,240.000,360.000
__import__.product_5432009,7.30,9.90,7.30,120.000,240.000
__import__.product_5432740,6.20,4.10,18.00,6.000,18.000
__import__.product_5434113,0,0,0,25.000,50.000
__import__.product_5435040,0,0,0,10.000,75.000
__import__.product_5436226,0,0,0,10.000,20.000
__import__.product_5436543,14.50,2.70,18.00,80.000,160.000
__import__.product_5436545,12.00,3.00,17.50,40.000,120.000
__import__.product_5436547,14.00,2.80,18.50,15.000,30.000
__import__.product_5436548,13.00,3.00,18.50,20.000,40.000
__import__.product_5436580,1.10,15.10,21.00,2.000,4.000
__import__.product_5437173,13.50,3.20,15.40,15.000,30.000
__import__.product_5438012,0,0,0,8.000,12.000
__import__.product_5438024,10.50,15.80,21.40,4.000,8.000
__import__.product_5438250,6.80,15.30,6.80,3.000,9.000
__import__.product_5438431,7.50,13.00,7.50,1.000,2.000
__import__.product_5438805,6.80,0,6.80,2.000,5.000
__import__.product_5439964,11.00,4.00,32.00,8.000,12.000
__import__.product_5450013,4.50,8.90,4.50,17.000,62.000
__import__.product_5450021,7.20,10.80,4.00,16.000,58.000
__import__.product_5450022,4.50,7.50,4.50,3.000,9.000
__import__.product_5450024,4.00,15.00,7.00,3.000,9.000
__import__.product_5450025,6.80,13.10,3.60,3.000,11.000
__import__.product_5450028,11.50,5.50,18.50,45.000,100.000
__import__.product_5450029,21.00,0.50,30.00,10.000,50.000
__import__.product_5450030,5.00,21.20,5.00,8.000,18.000
__import__.product_5450031,4.00,7.20,18.70,12.000,24.000
__import__.product_5450033,6.20,12.70,6.20,12.000,29.000
__import__.product_5450034,0,0,0,3.000,12.000
__import__.product_5450035,0,0,0,14.000,24.000
__import__.product_5450040,0,0,0,24.000,48.000
__import__.product_5450046,0,0,0,30.000,60.000
__import__.product_5455282,0,0,0,3.000,5.000
__import__.product_5461312,0,0,0,7.000,26.000
__import__.product_5461316,0,0,0,1.000,3.000
__import__.product_5461328,0,0,0,11.000,32.000
__import__.product_5461525,2.50,10.00,6.80,2.000,4.000
__import__.product_5461526,7.20,1.30,10.00,10.000,20.000
__import__.product_5495101,13.80,5.80,12.20,20.000,40.000
__import__.product_5498218,3.00,18.50,8.00,50.000,100.000
__import__.product_5500445,8.70,21.50,6.70,1.000,2.000
__import__.product_5500450,15.20,25.00,19.20,1.000,2.000
__import__.product_5505001,12.00,12.60,12.00,1.000,3.000
__import__.product_5512000,22.90,15.80,24.50,2.000,4.000
__import__.product_5512006,8.60,7.50,15.30,8.000,14.000
__import__.product_5512015,3.80,10.00,3.80,10.000,20.000
__import__.product_5519099,4.00,2.50,17.50,67.000,225.000
__import__.product_5525641,4.00,17.00,14.00,2.000,4.000
__import__.product_5540855,9.60,4.40,57.00,1.000,3.000
__import__.product_5541464,1.00,1.30,14.50,54.000,72.000
__import__.product_5551027,0,0,0,15.000,30.000
__import__.product_5551028,0,0,0,10.000,15.000
__import__.product_5551029,0,0,0,10.000,20.000
__import__.product_5551030,0,0,0,10.000,20.000
__import__.product_5551031,0,0,0,10.000,15.000
__import__.product_5551032,0,0,0,10.000,15.000
__import__.product_5560453,16.10,4.40,10.90,8.000,16.000
__import__.product_5590006,0,0,0,1.000,2.000
__import__.product_5601094,0,0,0,18.000,36.000
__import__.product_5601097,0,0,0,20.000,40.000
__import__.product_5601098,0,0,0,10.000,20.000
__import__.product_5605005,0,0,0,1.000,2.000
__import__.product_5605022,6.00,16.20,20.00,10.000,20.000
__import__.product_5610502,13.50,24.60,9.30,5.000,15.000
__import__.product_5610509,18.50,38.80,13.00,2.000,4.000
__import__.product_5610510,28.20,14.30,20.00,1.000,3.000
__import__.product_5610518,19.50,14.00,28.00,2.000,4.000
__import__.product_5610519,19.10,29.80,14.00,3.000,6.000
__import__.product_5610525,19.30,14.00,27.80,7.000,16.000
__import__.product_5610528,12.00,12.90,12.00,1.000,2.000
__import__.product_5610540,4.60,7.40,4.60,3.000,6.000
__import__.product_5620000,7.00,15.00,7.00,51.000,173.000
__import__.product_5620001,13.00,2.30,10.00,151.000,270.000
__import__.product_5620002,13.00,2.30,10.00,90.000,120.000
__import__.product_5620003,13.00,2.30,10.00,30.000,60.000
__import__.product_5620004,13.10,2.30,10.00,41.000,60.000
__import__.product_5620005,13.00,2.30,10.00,40.000,60.000
__import__.product_5620006,6.00,40.00,25.00,10.000,20.000
__import__.product_5620008,5.60,10.40,5.60,2.000,4.000
__import__.product_5621160,0,0,0,5.000,10.000
__import__.product_5621162,0,0,0,2.000,5.000
__import__.product_5624005,19.00,25.00,15.00,2.000,6.000
__import__.product_5632145,0,0,0,10.000,20.000
__import__.product_5634628,0,0,0,2.000,4.000
__import__.product_5642167,24.20,7.40,13.00,1.000,2.000
__import__.product_5642168,13.00,7.00,24.00,1.000,2.000
__import__.product_5650525,0,0,0,1.000,2.000
__import__.product_5660002,0,0,0,24.000,48.000
__import__.product_5660500,0,0,0,15.000,30.000
__import__.product_5661821,0,0,0,2.000,4.000
__import__.product_5662500,0,0,0,50.000,100.000
__import__.product_5680003,0,0,0,1.000,2.000
__import__.product_5680004,0,0,0,1.000,2.000
__import__.product_5680005,0,0,0,1.000,2.000
__import__.product_5680007,0,0,0,1.000,2.000
__import__.product_5690602,4.30,2.60,21.80,248.000,841.000
__import__.product_5691941,4.50,7.40,4.50,30.000,60.000
__import__.product_5700001,0,0,0,5.000,10.000
__import__.product_5700003,0,0,0,25.000,50.000
__import__.product_5700004,0,0,0,1.000,3.000
__import__.product_5700008,0,0,0,20.000,40.000
__import__.product_5700009,0,0,0,150.000,300.000
__import__.product_5700010,0,0,0,80.000,160.000
__import__.product_5700029,0,0,0,25.000,50.000
__import__.product_5700036,0,0,0,10.000,20.000
__import__.product_5700037,0,0,0,10.000,20.000
__import__.product_5700038,0,0,0,10.000,15.000
__import__.product_5700039,0,0,0,10.000,20.000
__import__.product_5700040,0,0,0,2.000,7.000
__import__.product_5700051,0,0,0,5.000,10.000
__import__.product_5700062,0,0,0,100.000,200.000
__import__.product_5700063,0,0,0,100.000,100.000
__import__.product_5700093,0,0,0,2.000,5.000
__import__.product_5703000,19.00,11.80,11.20,60.000,120.000
__import__.product_5707835,0,0,0,1.000,2.000
__import__.product_5749000,0,0,0,3.000,5.000
__import__.product_5760306,0,0,0,1.000,2.000
__import__.product_5760307,0,0,0,2.000,4.000
__import__.product_5760308,0,0,0,3.000,6.000
__import__.product_5760309,0,0,0,1.000,2.000
__import__.product_5760318,0,0,0,1.000,2.000
__import__.product_5760331,0,0,0,1.000,2.000
__import__.product_5760332,0,0,0,1.000,2.000
__import__.product_5760336,0,0,0,1.000,2.000
__import__.product_5760337,0,0,0,2.000,3.000
__import__.product_5760338,0,0,0,1.000,2.000
__import__.product_5760339,0,0,0,3.000,6.000
__import__.product_5760342,2.00,9.50,5.70,6.000,10.000
__import__.product_5760344,5.90,9.70,4.20,20.000,40.000
__import__.product_5760346,0,0,0,1.000,2.000
__import__.product_5760362,0,0,0,2.000,4.000
__import__.product_5760364,0,0,0,2.000,4.000
__import__.product_5760365,0,0,0,2.000,4.000
__import__.product_5760370,0,0,0,5.000,10.000
__import__.product_5760391,0,0,0,1.000,2.000
__import__.product_5760401,0,0,0,3.000,6.000
__import__.product_5764003,17.00,13.10,17.00,1.000,2.000
__import__.product_5764005,5.00,8.00,5.00,5.000,11.000
__import__.product_5764007,6.30,11.40,6.30,2.000,4.000
__import__.product_5764237,0,0,0,6.000,12.000
__import__.product_5764284,0,0,0,9.000,22.000
__import__.product_5764285,0,0,0,4.000,10.000
__import__.product_5764286,0,0,0,2.000,5.000
__import__.product_5764407,8.80,22.00,10.80,3.000,8.000
__import__.product_5764463,6.00,15.50,11.20,8.000,19.000
__import__.product_5764466,8.30,13.20,8.50,2.000,4.000
__import__.product_5764467,0,0,0,1.000,3.000
__import__.product_5764469,8.40,19.90,9.30,5.000,10.000
__import__.product_5764941,0,0,0,3.000,6.000
__import__.product_5764946,6.40,11.20,6.40,2.000,5.000
__import__.product_5776185,10.00,7.50,16.00,4.000,8.000
__import__.product_5776186,16.50,8.00,10.50,1.000,2.000
__import__.product_5776187,10.00,7.50,16.00,3.000,6.000
__import__.product_5776189,16.50,8.00,10.90,2.000,4.000
__import__.product_5776190,0,0,0,1.000,2.000
__import__.product_5776192,0,0,0,3.000,8.000
__import__.product_5792017,1.80,1.80,15.00,2.000,5.000
__import__.product_5812308,5.20,2.10,8.20,36.000,90.000
__import__.product_5816395,7.20,9.90,7.20,72.000,144.000
__import__.product_5816403,7.30,9.90,7.30,36.000,144.000
__import__.product_5816411,0,0,0,50.000,100.000
__import__.product_5816429,7.20,9.90,7.20,144.000,216.000
__import__.product_5816437,7.20,9.90,7.20,120.000,240.000
__import__.product_5816445,7.20,9.80,7.20,144.000,216.000
__import__.product_5816452,7.20,9.80,7.20,144.000,216.000
__import__.product_5822115,0,0,0,12.000,20.000
__import__.product_5822116,0,0,0,10.000,22.000
__import__.product_5823229,0,0,0,20.000,40.000
__import__.product_5823231,0,0,0,18.000,30.000
__import__.product_5823400,0,0,0,30.000,50.000
__import__.product_5823403,0,0,0,1.000,2.000
__import__.product_5826438,0,0,0,5.000,10.000
__import__.product_5832482,0,0,0,2.000,5.000
__import__.product_5855100,0,0,0,5.000,15.000
__import__.product_5900873,0,0,0,3.000,5.000
__import__.product_5901891,0,0,0,2.000,10.000
__import__.product_5901892,0,0,0,6.000,26.000
__import__.product_5901896,0,0,0,6.000,12.000
__import__.product_5909799,0,0,0,7.000,15.000
__import__.product_5910011,9.00,16.00,11.00,2.000,4.000
__import__.product_5910024,6.00,6.40,14.20,10.000,20.000
__import__.product_5910500,10.50,17.80,10.50,5.000,10.000
__import__.product_5911023,0,0,0,2.000,4.000
__import__.product_5911352,12.40,3.00,17.30,5.000,10.000
__import__.product_5911405,12.40,3.00,17.30,1.000,2.000
__import__.product_5913405,12.40,3.00,17.30,15.000,30.000
__import__.product_5916501,0,0,0,3.000,6.000
__import__.product_5916505,12.10,3.00,17.30,25.000,50.000
__import__.product_5920060,6.00,6.50,14.00,1.000,2.000
__import__.product_5920081,0,0,0,1.000,2.000
__import__.product_5920083,0,0,0,2.000,4.000
__import__.product_5920119,6.00,6.40,14.00,1.000,2.000
__import__.product_5920124,0,0,0,1.000,2.000
__import__.product_5920405,0,0,0,2.000,5.000
__import__.product_5920461,0,0,0,12.000,24.000
__import__.product_5920462,0,0,0,12.000,24.000
__import__.product_5920463,0,0,0,12.000,36.000
__import__.product_5920464,0,0,0,12.000,24.000
__import__.product_5920468,0,0,0,12.000,12.000
__import__.product_5920563,0,0,0,2.000,4.000
__import__.product_5920710,0,0,0,1.000,2.000
__import__.product_5921120,6.90,20.00,6.90,1.000,3.000
__import__.product_5921505,0,0,0,2.000,4.000
__import__.product_5921510,0,0,0,1.000,5.000
__import__.product_5923031,0,0,0,1.000,2.000
__import__.product_5924050,2.90,17.00,12.00,5.000,10.000
__import__.product_5924500,16.50,13.60,29.50,2.000,4.000
__import__.product_5927035,2.90,17.00,12.00,2.000,4.000
__import__.product_5941000,5.50,16.00,5.50,10.000,60.000
__import__.product_5942196,23.90,6.30,12.50,50.000,100.000
__import__.product_5942197,12.80,7.00,24.00,100.000,150.000
__import__.product_5942198,6.70,12.50,24.00,50.000,100.000
__import__.product_5942199,23.90,6.80,12.50,5.000,10.000
__import__.product_5942546,29.50,14.30,15.60,1.000,2.000
__import__.product_5942547,15.70,14.00,29.40,1.000,2.000
__import__.product_5942548,15.50,14.00,29.00,1.000,2.000
__import__.product_5961100,0,0,0,12.000,24.000
__import__.product_5962003,19.00,17.50,19.00,2.000,3.000
__import__.product_5962005,23.00,17.50,23.00,4.000,7.000
__import__.product_5967001,0,0,0,5.000,10.000
__import__.product_5992463,18.30,18.00,27.50,2.000,4.000
__import__.product_5992465,27.60,10.10,27.90,8.000,16.000
__import__.product_5992530,11.00,12.20,18.40,1.000,2.000
__import__.product_6000449,8.70,25.50,8.70,10.000,22.000
__import__.product_6008859,18.50,4.00,28.50,11.000,37.000
__import__.product_6039000,12.60,18.00,3.60,40.000,60.000
__import__.product_6040042,14.50,11.20,22.40,120.000,240.000
__import__.product_6040044,11.90,6.70,42.00,25.000,30.000
__import__.product_6040051,9.50,8.50,11.60,140.000,280.000
__import__.product_6040055,10.70,9.50,11.30,14.000,28.000
__import__.product_6040057,7.90,2.00,12.50,12.000,24.000
__import__.product_6131482,5.00,20.50,5.00,3.000,9.000
__import__.product_6170001,6.80,1.50,16.70,1.000,2.000
__import__.product_6170002,7.00,1.40,16.70,3.000,10.000
__import__.product_6203000,0,0,0,3.000,6.000
__import__.product_6279500,6.00,10.30,6.00,40.000,80.000
__import__.product_6330226,0,0,0,6.000,12.000
__import__.product_6342084,5.20,5.20,31.00,1.000,2.000
__import__.product_6350305,8.30,10.90,8.70,16.000,26.000
__import__.product_6350306,8.10,10.90,8.40,10.000,25.000
__import__.product_6350319,6.70,14.10,6.70,120.000,240.000
__import__.product_6350331,6.00,26.00,13.50,3.000,11.000
__import__.product_6350340,4.50,17.90,4.50,2.000,4.000
__import__.product_6350430,0,0,0,1.000,2.000
__import__.product_6350532,9.10,20.60,9.00,4.000,8.000
__import__.product_6350536,16.40,26.10,19.50,6.000,12.000
__import__.product_6350556,7.20,29.00,14.00,2.000,4.000
__import__.product_6350563,16.30,11.90,17.00,12.000,30.000
__import__.product_6352225,1.30,1.30,11.10,1500.000,3000.000
__import__.product_6352419,1.30,1.30,11.20,1000.000,2000.000
__import__.product_6354880,11.80,2.00,8.60,3.000,6.000
__import__.product_6355020,2.50,3.50,14.80,5.000,10.000
__import__.product_6356043,3.20,3.60,3.20,2.000,3.000
__import__.product_6390002,9.60,0.80,12.00,4.000,8.000
__import__.product_6395001,10.20,4.70,10.20,5.000,10.000
__import__.product_6420006,5.60,10.40,5.60,25.000,84.000
__import__.product_6420010,22.40,33.20,24.90,8.000,33.000
__import__.product_6441260,13.50,1.70,17.50,1.000,2.000
__import__.product_6445001,0,0,0,120.000,1120.000
__import__.product_6450016,30.70,28.00,46.00,1.000,3.000
__import__.product_6508254,0,0,0,4.000,8.000
__import__.product_6532032,1.60,1.30,11.10,150.000,300.000
__import__.product_6532033,1.50,1.30,11.20,50.000,100.000
__import__.product_6541651,1.40,1.40,14.50,16.000,22.000
__import__.product_6600801,6.00,25.80,13.60,9.000,30.000
__import__.product_6600802,17.40,24.70,36.90,5.000,10.000
__import__.product_6600805,10.00,25.50,10.00,12.000,24.000
__import__.product_6600809,24.00,45.90,28.00,17.000,68.000
__import__.product_6600810,7.30,23.50,7.30,6.000,12.000
__import__.product_6600811,5.10,18.70,5.10,18.000,24.000
__import__.product_6600813,3.40,10.80,3.40,14.000,24.000
__import__.product_6600814,4.80,13.70,4.80,2.000,4.000
__import__.product_6600818,6.30,21.70,6.30,15.000,35.000
__import__.product_6600820,4.20,17.20,4.20,10.000,16.000
__import__.product_6600828,26.00,26.50,28.00,8.000,16.000
__import__.product_6600835,8.20,16.30,8.20,4.000,8.000
__import__.product_6600836,11.60,9.40,11.60,5.000,15.000
__import__.product_6600837,13.20,28.40,18.40,3.000,10.000
__import__.product_6600838,12.70,14.40,13.60,2.000,4.000
__import__.product_6600841,14.80,24.80,18.70,2.000,5.000
__import__.product_6600856,18.40,3.00,26.40,25.000,92.000
__import__.product_6600859,4.30,7.80,4.30,5.000,8.000
__import__.product_6600861,6.80,13.10,6.80,14.000,45.000
__import__.product_6600866,6.30,6.50,6.60,23.000,83.000
__import__.product_6600868,12.80,11.60,13.50,4.000,16.000
__import__.product_6600870,6.40,7.50,6.20,26.000,95.000
__import__.product_6600871,6.40,0,6.40,20.000,50.000
__import__.product_6600872,8.40,22.20,8.40,2.000,4.000
__import__.product_6600873,14.80,24.80,19.20,2.000,7.000
__import__.product_6600874,5.80,5.60,10.80,6.000,13.000
__import__.product_6600876,11.20,10.60,11.20,10.000,22.000
__import__.product_6600883,10.70,22.80,6.80,9.000,18.000
__import__.product_6600884,5.10,18.00,5.10,13.000,45.000
__import__.product_6600885,6.30,21.70,6.30,16.000,53.000
__import__.product_6600886,14.70,24.60,18.70,5.000,17.000
__import__.product_6600890,5.30,17.00,18.30,3.000,6.000
__import__.product_6600899,6.00,28.10,6.00,2.000,8.000
__import__.product_6600901,6.80,13.10,6.80,163.000,553.000
__import__.product_6600904,14.00,1.40,17.80,1.000,2.000
__import__.product_6605004,0,0,0,1.000,2.000
__import__.product_6605034,0,0,0,20.000,40.000
__import__.product_6605061,0,0,0,10.000,20.000
__import__.product_6615613,0,0,0,1.000,2.000
__import__.product_6620003,8.90,22.10,8.90,21.000,72.000
__import__.product_6621006,0,0,0,10.000,20.000
__import__.product_6621040,0,0,0,5.000,10.000
__import__.product_6621113,0,0,0,2.000,5.000
__import__.product_6621121,0,0,0,2.000,5.000
__import__.product_6655564,10.00,13.50,10.00,6.000,20.000
__import__.product_6690604,4.50,10.60,4.50,100.000,200.000
__import__.product_6690609,5.20,9.70,5.20,36.000,72.000
__import__.product_6695954,5.50,13.70,5.50,1.000,6.000
__import__.product_6701692,13.40,6.00,20.20,30.000,90.000
__import__.product_6704096,0,0,0,1.000,2.000
__import__.product_6705434,0,0,0,15.000,25.000
__import__.product_6705440,4.80,8.40,4.80,3.000,6.000
__import__.product_6707858,3.50,7.80,3.50,15.000,27.000
__import__.product_6710352,4.70,2.40,7.00,6.000,12.000
__import__.product_6710926,5.70,2.70,11.00,45.000,85.000
__import__.product_6711297,7.20,14.50,7.20,60.000,120.000
__import__.product_6711601,9.80,1.80,10.50,2.000,5.000
__import__.product_6716892,5.20,9.70,5.20,10.000,22.000
__import__.product_6719643,6.90,14.40,7.00,6.000,18.000
__import__.product_6721433,13.00,24.50,29.13,1.000,2.000
__import__.product_6722214,7.10,13.80,7.10,26.000,46.000
__import__.product_6724414,0,0,0,3.000,7.000
__import__.product_6725767,11.80,10.40,23.80,40.000,80.000
__import__.product_6726347,6.70,6.50,15.20,120.000,260.000
__import__.product_6729021,4.50,8.30,4.50,41.000,80.000
__import__.product_6735145,3.50,7.80,3.50,20.000,40.000
__import__.product_6738155,5.10,1.80,11.20,2.000,4.000
__import__.product_6738327,3.50,3.40,5.70,20.000,40.000
__import__.product_6741163,5.80,1.70,11.10,5.000,10.000
__import__.product_6741217,12.00,4.00,4.90,2.000,4.000
__import__.product_6741223,4.90,4.10,11.90,6.000,16.000
__import__.product_6742642,6.50,11.80,4.00,100.000,200.000
__import__.product_6745008,0,0,0,2.000,5.000
__import__.product_6745095,0,0,0,5.000,10.000
__import__.product_6757342,5.80,1.60,11.10,80.000,160.000
__import__.product_6760628,0,0,0,10.000,23.000
__import__.product_6760723,14.90,13.00,17.10,1.000,3.000
__import__.product_6764974,0,0,0,8.000,18.000
__import__.product_6783279,9.00,23.00,13.00,5.000,9.000
__import__.product_6791675,3.90,2.10,10.30,5.000,10.000
__import__.product_6795002,9.20,0.60,18.30,2.000,4.000
__import__.product_6795003,6.00,1.80,8.90,1.000,2.000
__import__.product_6795004,5.90,1.80,8.90,10.000,50.000
__import__.product_6795005,8.80,2.00,18.30,5.000,10.000
__import__.product_6795006,5.90,1.90,9.00,7.000,14.000
__import__.product_6795408,0,0,0,1.000,3.000
__import__.product_6799866,9.30,2.60,14.60,4.000,8.000
__import__.product_6805020,9.50,3.40,9.80,2.000,4.000
__import__.product_6810510,0,0,0,5.000,10.000
__import__.product_6819273,3.20,6.80,3.20,50.000,100.000
__import__.product_6820750,4.00,7.80,4.00,4.000,8.000
__import__.product_6833416,10.20,12.20,22.50,2.000,4.000
__import__.product_6835792,5.70,10.60,5.70,16.000,36.000
__import__.product_6835800,5.30,4.90,13.70,50.000,86.000
__import__.product_6838922,5.30,11.30,5.30,8.000,20.000
__import__.product_6839123,6.00,7.00,3.60,6.000,18.000
__import__.product_6840758,4.10,14.40,4.10,4.000,6.000
__import__.product_6846910,4.60,8.20,4.60,16.000,28.000
__import__.product_6847588,6.90,18.30,6.90,50.000,110.000
__import__.product_6847855,5.40,10.40,5.40,4.000,8.000
__import__.product_6850113,0,0,0,4.000,8.000
__import__.product_6857859,5.60,1.90,11.70,14.000,26.000
__import__.product_6861683,5.50,10.60,5.50,2.000,5.000
__import__.product_6867303,5.70,1.60,11.10,40.000,70.000
__import__.product_6867740,4.60,8.20,4.60,48.000,96.000
__import__.product_6867786,0,0,0,4.000,8.000
__import__.product_6868231,2.90,2.40,13.60,400.000,700.000
__import__.product_6868490,4.70,1.80,7.00,18.000,30.000
__import__.product_6869029,5.40,11.70,5.30,3.000,6.000
__import__.product_6869101,4.60,8.20,4.60,30.000,72.000
__import__.product_6871351,0,0,0,16.000,26.000
__import__.product_6878577,9.50,4.10,12.40,6.000,10.000
__import__.product_6885979,5.40,10.40,5.40,60.000,96.000
__import__.product_6886016,8.70,21.80,8.70,3.000,6.000
__import__.product_6889055,10.30,5.30,22.50,4.000,9.000
__import__.product_6889115,7.00,13.80,7.00,40.000,80.000
__import__.product_6891595,5.60,1.90,13.10,40.000,90.000
__import__.product_6895133,5.30,19.80,7.20,50.000,110.000
__import__.product_6899071,4.80,2.00,8.90,30.000,60.000
__import__.product_6900001,0,0,0,2.000,4.000
__import__.product_6913888,3.50,13.00,6.60,30.000,60.000
__import__.product_6913894,4.90,16.90,9.40,25.000,45.000
__import__.product_6920032,4.60,8.30,4.60,3.000,6.000
__import__.product_6940170,0,0,0,1.000,3.000
__import__.product_6940230,7.10,18.30,7.10,260.000,540.000
__import__.product_6941063,5.60,1.50,11.10,4.000,10.000
__import__.product_6941347,0,0,0,120.000,240.000
__import__.product_6943464,5.10,12.90,5.30,10.000,20.000
__import__.product_6943524,7.50,1.70,14.30,6.000,10.000
__import__.product_6943576,8.20,1.50,11.30,80.000,160.000
__import__.product_6943725,5.90,1.60,11.10,60.000,132.000
__import__.product_6943731,5.60,1.60,11.00,2.000,5.000
__import__.product_6943754,2.70,11.00,4.70,20.000,40.000
__import__.product_6943760,9.60,2.10,2.80,30.000,70.000
__import__.product_6944245,2.80,11.20,4.50,50.000,110.000
__import__.product_6946818,7.80,18.30,7.80,40.000,80.000
__import__.product_6957147,4.60,8.20,4.50,5.000,11.000
__import__.product_6957615,3.50,6.90,3.50,2.000,4.000
__import__.product_6964331,0,0,0,2.000,4.000
__import__.product_6966169,0,0,0,2.000,4.000
__import__.product_6969624,5.10,16.50,5.10,24.000,48.000
__import__.product_6969759,3.50,7.00,2.50,120.000,240.000
__import__.product_6969765,3.50,7.00,2.50,84.000,156.000
__import__.product_6975116,3.20,6.80,3.20,13.000,23.000
__import__.product_6978089,10.70,6.00,17.60,1.000,3.000
__import__.product_6980985,16.60,13.90,18.40,2.000,4.000
__import__.product_6984954,0,0,0,2.000,4.000
__import__.product_6985310,19.00,3.80,5.10,4.000,8.000
__import__.product_6987869,4.00,2.90,16.60,5.000,11.000
__import__.product_6988892,8.40,17.70,8.40,7.000,19.000
__import__.product_6989437,1.70,7.00,4.50,2.000,5.000
__import__.product_6989443,3.80,7.00,1.80,8.000,20.000
__import__.product_6993002,11.80,25.00,16.00,1.000,2.000
__import__.product_6994065,7.00,14.00,7.00,12.000,24.000
__import__.product_6996124,0,0,0,2.000,5.000
__import__.product_7040132,3.50,13.00,3.50,2.000,6.000
__import__.product_7080657,11.00,17.00,11.00,10.000,20.000
__import__.product_7102302,7.70,5.30,20.70,6.000,12.000
__import__.product_7105275,6.40,5.20,20.70,10.000,20.000
__import__.product_7110003,4.20,4.80,9.90,30.000,101.000
__import__.product_7110007,3.10,6.90,3.10,20.000,30.000
__import__.product_7110014,4.70,8.80,4.70,600.000,1000.000
__import__.product_7110036,0,0,0,80.000,120.000
__import__.product_7116438,13.00,3.00,21.00,60.000,120.000
__import__.product_7116450,8.80,8.50,32.00,24.000,48.000
__import__.product_7140032,0,0,0,36.000,72.000
__import__.product_7140310,0,0,0,6.000,12.000
__import__.product_7140320,0,0,0,36.000,72.000
__import__.product_7140442,0,0,0,36.000,72.000
__import__.product_7140451,0,0,0,15.000,30.000
__import__.product_7143115,0,0,0,10.000,15.000
__import__.product_7146604,9.90,5.50,14.80,100.000,200.000
__import__.product_7146605,9.90,5.50,16.00,25.000,75.000
__import__.product_7146652,10.00,5.00,12.50,20.000,60.000
__import__.product_7149358,0,0,0,1.000,2.000
__import__.product_7149423,0,0,0,3.000,6.000
__import__.product_7260218,4.60,8.80,3.70,3.000,11.000
__import__.product_7330172,0,0,0,4.000,8.000
__import__.product_7368001,9.50,3.50,9.80,6.000,8.000
__import__.product_7368012,9.50,3.50,9.80,1.000,2.000
__import__.product_7368944,6.50,7.60,6.50,8.000,20.000
__import__.product_7368950,4.50,7.40,4.50,40.000,80.000
__import__.product_7369004,4.30,15.10,4.30,26.000,88.000
__import__.product_7384001,4.00,19.40,7.30,1.000,2.000
__import__.product_7420008,0,0,0,4.000,10.000
__import__.product_7420014,6.80,10.30,13.50,1.000,2.000
__import__.product_7420017,7.50,28.90,19.40,12.000,26.000
__import__.product_7420018,9.30,33.00,20.90,14.000,39.000
__import__.product_7420020,11.50,1.80,14.80,4.000,5.000
__import__.product_7420021,11.40,1.80,14.80,5.000,20.000
__import__.product_7420022,11.60,1.80,15.00,15.000,25.000
__import__.product_7420023,4.50,2.90,9.70,4.000,8.000
__import__.product_7420025,4.50,2.90,9.70,5.000,16.000
__import__.product_7420026,4.50,2.90,9.60,2.000,6.000
__import__.product_7420027,6.20,2.70,11.70,2.000,6.000
__import__.product_7420029,11.50,1.80,14.90,12.000,22.000
__import__.product_7420032,4.70,12.60,5.70,3.000,8.000
__import__.product_7420036,11.60,1.90,14.80,10.000,20.000
__import__.product_7420037,11.50,1.90,15.00,10.000,20.000
__import__.product_7420038,11.50,1.80,14.90,10.000,20.000
__import__.product_7420039,11.50,1.90,14.80,7.000,17.000
__import__.product_7421500,0,0,0,1.000,5.000
__import__.product_7429006,0,0,0,2.000,5.000
__import__.product_7429008,0,0,0,12.000,24.000
__import__.product_7429030,0,0,0,10.000,20.000
__import__.product_7429054,0,0,0,25.000,50.000
__import__.product_7429055,0,0,0,5.000,10.000
__import__.product_7429068,0,0,0,50.000,100.000
__import__.product_7429072,0,0,0,15.000,30.000
__import__.product_7445032,6.50,1.50,60.00,8.000,16.000
__import__.product_7483993,39.40,19.80,39.50,400.000,800.000
__import__.product_7505842,5.70,10.50,5.70,60.000,120.000
__import__.product_7517918,3.50,12.00,3.50,9.000,38.000
__import__.product_7565633,11.60,20.30,11.60,10.000,16.000
__import__.product_7640240,9.50,9.90,9.50,3.000,8.000
__import__.product_7693360,3.00,8.70,3.00,22.000,50.000
__import__.product_7735000,9.90,8.80,9.90,30.000,60.000
__import__.product_7735010,6.10,6.50,6.10,80.000,160.000
__import__.product_7745012,6.30,13.30,6.30,5.000,15.000
__import__.product_7745013,4.80,10.00,4.80,1.000,2.000
__import__.product_7745015,4.90,10.00,4.90,1.000,2.000
__import__.product_7745017,9.80,12.90,9.80,4.000,12.000
__import__.product_7752447,14.20,26.60,14.20,30.000,54.000
__import__.product_7760203,4.80,2.40,7.00,36.000,119.000
__import__.product_7760217,15.00,2.90,22.10,24.000,81.000
__import__.product_7760218,22.40,15.10,35.30,48.000,161.000
__import__.product_7760300,4.30,7.70,4.30,45.000,150.000
__import__.product_7760306,15.00,4.00,15.50,20.000,40.000
__import__.product_7760307,13.50,4.40,17.00,4.000,8.000
__import__.product_7760336,7.90,3.80,11.40,15.000,30.000
__import__.product_7760338,7.90,3.80,11.30,15.000,30.000
__import__.product_7760339,7.90,3.90,11.30,4.000,8.000
__import__.product_7760340,7.90,3.90,11.30,8.000,16.000
__import__.product_7760341,7.90,3.90,11.30,4.000,8.000
__import__.product_7760342,20.00,13.80,22.00,2.000,5.000
__import__.product_7760344,16.50,4.00,17.00,3.000,6.000
__import__.product_7760345,16.00,4.50,16.00,8.000,16.000
__import__.product_7761015,0,0,0,20.000,40.000
__import__.product_7762262,5.40,11.50,5.40,31.000,50.000
__import__.product_7764001,8.00,15.70,14.00,4.000,8.000
__import__.product_7764006,8.80,17.00,8.80,3.000,5.000
__import__.product_7764009,4.80,9.70,14.00,3.000,7.000
__import__.product_7764010,12.50,16.10,8.00,2.000,4.000
__import__.product_7764014,7.80,15.80,12.50,2.000,4.000
__import__.product_7764016,9.50,10.80,9.50,10.000,20.000
__import__.product_7764018,8.00,15.60,12.80,2.000,3.000
__import__.product_7764022,17.50,13.20,19.00,10.000,20.000
__import__.product_7764030,7.90,15.70,12.70,3.000,7.000
__import__.product_7764031,17.50,7.80,21.00,15.000,35.000
__import__.product_7764033,6.90,9.50,7.30,9.000,19.000
__import__.product_7764035,8.00,15.50,9.90,5.000,9.000
__import__.product_7764042,7.90,15.50,9.80,3.000,6.000
__import__.product_7764044,7.90,15.60,12.70,2.000,4.000
__import__.product_7764058,8.10,13.10,8.30,3.000,6.000
__import__.product_7764059,12.30,14.30,12.30,2.000,4.000
__import__.product_7764061,17.50,15.70,19.00,1.000,2.000
__import__.product_7764063,8.00,15.60,13.00,2.000,4.000
__import__.product_7764066,6.40,11.40,6.40,6.000,13.000
__import__.product_7764067,4.80,17.30,4.80,2.000,5.000
__import__.product_7764070,7.80,15.80,12.50,2.000,4.000
__import__.product_7764072,4.90,9.90,7.40,4.000,8.000
__import__.product_7764073,7.00,9.50,7.30,4.000,9.000
__import__.product_7764078,5.40,23.00,20.00,2.000,3.000
__import__.product_7764079,14.00,15.20,8.50,2.000,4.000
__import__.product_7764416,0,0,0,5.000,10.000
__import__.product_7764520,5.80,11.90,8.40,11.000,23.000
__import__.product_7810943,6.70,7.70,6.70,20.000,40.000
__import__.product_7865046,23.00,11.00,31.00,61.000,125.000
__import__.product_7865048,23.50,11.10,31.00,23.000,43.000
__import__.product_7910032,1.90,2.30,22.50,12.000,24.000
__import__.product_7910047,3.90,2.50,17.80,37.000,135.000
__import__.product_7911305,12.40,3.00,17.30,8.000,16.000
__import__.product_7911402,3.00,17.00,12.00,2.000,4.000
__import__.product_7913505,12.40,3.00,17.30,15.000,30.000
__import__.product_7920000,0,0,0,12.000,18.000
__import__.product_7920007,12.40,3.00,17.30,5.000,10.000
__import__.product_7920010,12.40,3.00,17.30,1.000,2.000
__import__.product_7920011,12.40,3.00,17.30,4.000,8.000
__import__.product_7920012,12.40,3.00,17.30,6.000,12.000
__import__.product_7920014,12.40,3.00,17.30,25.000,50.000
__import__.product_7920015,12.00,2.80,17.30,20.000,40.000
__import__.product_7920016,12.40,3.00,17.30,3.000,6.000
__import__.product_7920020,12.40,3.00,17.30,2.000,4.000
__import__.product_7920021,12.40,0,17.30,50.000,100.000
__import__.product_7920022,12.40,3.00,17.30,15.000,30.000
__import__.product_7920023,12.40,3.00,17.30,4.000,8.000
__import__.product_7920033,0,0,0,2.000,4.000
__import__.product_7920035,12.40,3.00,17.30,10.000,20.000
__import__.product_7920036,12.40,3.00,17.30,15.000,30.000
__import__.product_7920038,12.00,3.00,17.40,1.000,2.000
__import__.product_7920040,12.40,3.00,17.30,2.000,4.000
__import__.product_7920042,0,0,0,2.000,4.000
__import__.product_7920044,4.90,14.60,5.50,1.000,2.000
__import__.product_7920046,12.40,3.00,17.30,25.000,50.000
__import__.product_7920048,3.70,3.70,6.40,6.000,12.000
__import__.product_7920050,12.40,3.00,17.30,1.000,2.000
__import__.product_7920056,12.40,3.00,17.30,50.000,100.000
__import__.product_7920057,0,0,0,2.000,4.000
__import__.product_7920603,0,0,0,2.000,4.000
__import__.product_7923020,12.40,3.00,17.30,2.000,4.000
__import__.product_7923070,12.00,2.70,17.00,7.000,14.000
__import__.product_7924058,6.50,9.20,6.50,12.000,36.000
__import__.product_7930117,10.00,10.00,21.00,30.000,60.000
__import__.product_7930121,15.00,9.80,28.50,1.000,2.000
__import__.product_7930129,6.50,6.50,17.00,250.000,500.000
__import__.product_7930131,18.50,11.90,22.60,1.000,2.000
__import__.product_7939967,6.70,14.50,6.70,7.000,25.000
__import__.product_7969001,12.00,1.40,16.90,31.000,50.000
__import__.product_7969005,12.10,0.50,17.00,30.000,60.000
__import__.product_7969006,22.00,19.80,22.00,2.000,4.000
__import__.product_7976371,5.00,15.30,5.00,6.000,20.000
__import__.product_8000034,9.50,8.50,11.60,60.000,120.000
__import__.product_8000040,9.50,8.50,11.60,20.000,40.000
__import__.product_8000063,9.50,8.50,11.60,8.000,16.000
__import__.product_8000092,9.50,8.50,11.60,12.000,24.000
__import__.product_8000100,9.50,8.50,11.60,12.000,24.000
__import__.product_8000117,9.50,8.50,11.60,40.000,80.000
__import__.product_8000123,8.70,9.50,11.50,4.000,6.000
__import__.product_8000146,9.50,8.50,11.60,5.000,10.000
__import__.product_8000152,9.50,8.50,11.60,4.000,8.000
__import__.product_8000154,9.20,10.50,11.20,1.000,2.000
__import__.product_8000169,8.70,9.50,11.50,200.000,400.000
__import__.product_8000175,8.70,9.50,11.50,120.000,240.000
__import__.product_8000181,9.50,8.50,11.60,30.000,60.000
__import__.product_8000198,9.50,8.50,11.60,30.000,60.000
__import__.product_8000206,10.70,9.50,11.30,2.000,4.000
__import__.product_8000620,3.00,1.20,16.50,50.000,100.000
__import__.product_8000637,3.70,1.20,15.00,400.000,800.000
__import__.product_8000689,3.90,1.20,15.00,50.000,200.000
__import__.product_8000896,3.00,0.90,17.50,10.000,20.000
__import__.product_8000927,3.00,0.90,16.50,15.000,50.000
__import__.product_8001281,9.50,9.00,11.50,1.000,2.000
__import__.product_8001878,12.00,3.50,12.50,6.000,12.000
__import__.product_8001909,19.30,1.20,38.10,2.000,5.000
__import__.product_8001915,19.40,1.40,38.40,10.000,10.000
__import__.product_8001938,12.00,1.00,18.00,75.000,100.000
__import__.product_8001944,4.20,1.90,7.50,400.000,800.000
__import__.product_8002263,11.90,6.70,41.90,120.000,240.000
__import__.product_8002286,13.40,9.80,41.90,24.000,48.000
__import__.product_8002292,14.90,13.20,42.10,20.000,40.000
__import__.product_8002300,14.90,13.20,42.30,24.000,48.000
__import__.product_8002369,22.20,16.50,39.50,20.000,40.000
__import__.product_8002381,23.00,16.50,39.40,12.000,24.000
__import__.product_8002470,12.70,14.00,21.70,200.000,400.000
__import__.product_8002501,18.40,13.20,28.30,150.000,200.000
__import__.product_8002518,19.30,20.40,28.40,8.000,10.000
__import__.product_8002524,22.40,16.40,30.70,30.000,40.000
__import__.product_8002582,0.90,8.20,9.10,12.000,24.000
__import__.product_8002599,0.80,8.20,9.00,12.000,24.000
__import__.product_8002671,0.80,8.20,9.00,60.000,120.000
__import__.product_8002702,0.90,8.20,9.10,3.000,6.000
__import__.product_8002719,0.80,8.20,9.00,24.000,48.000
__import__.product_8002731,0.90,8.20,9.10,6.000,12.000
__import__.product_8003073,12.90,10.60,8.90,3.000,6.000
__import__.product_8003096,9.30,10.60,13.30,6.000,8.000
__import__.product_8003104,9.80,4.80,18.80,1.000,2.000
__import__.product_8003127,9.70,4.30,18.70,3.000,10.000
__import__.product_8003222,7.80,5.30,20.80,5.000,10.000
__import__.product_8003392,3.10,10.00,3.10,3.000,6.000
__import__.product_8003481,6.80,3.20,21.00,140.000,280.000
__import__.product_8005735,7.60,5.30,7.60,25.000,50.000
__import__.product_8005741,7.50,7.50,7.80,20.000,30.000
__import__.product_8005758,7.60,7.40,9.70,10.000,20.000
__import__.product_8005770,7.60,7.50,12.00,20.000,40.000
__import__.product_8005793,7.20,17.00,7.20,2.000,4.000
__import__.product_8006002,6.40,3.50,6.40,3.000,6.000
__import__.product_8006019,6.00,7.00,6.00,2.000,5.000
__import__.product_8006611,30.50,13.00,44.30,3.000,6.000
__import__.product_8007148,3.00,14.30,17.20,3.000,6.000
__import__.product_8007154,4.20,3.20,14.30,5.000,10.000
__import__.product_8007183,16.70,13.30,23.60,30.000,50.000
__import__.product_8007378,8.00,8.00,14.00,120.000,240.000
__import__.product_8007473,7.00,3.60,16.00,50.000,100.000
__import__.product_8007616,1.80,0.90,50.00,1.000,2.000
__import__.product_8007622,2.30,1.00,49.70,1.000,2.000
__import__.product_8007697,3.30,1.90,20.50,12.000,24.000
__import__.product_8007705,4.50,2.50,31.00,8.000,16.000
__import__.product_8007728,13.00,6.00,40.50,1.000,2.000
__import__.product_8007734,4.30,30.00,12.40,1.000,2.000
__import__.product_8007740,8.00,3.00,23.00,2.000,3.000
__import__.product_8007757,17.00,50.00,8.00,1.000,2.000
__import__.product_8007786,10.00,4.50,30.20,2.000,3.000
__import__.product_8008001,7.60,7.20,8.40,5.000,20.000
__import__.product_8008018,7.60,7.00,10.50,10.000,20.000
__import__.product_8008165,21.00,4.40,21.00,2.000,4.000
__import__.product_8008171,20.00,6.30,20.00,2.000,4.000
__import__.product_8008188,21.50,7.90,21.50,2.000,3.000
__import__.product_8008194,20.50,11.50,20.50,1.000,3.000
__import__.product_8008260,10.50,2.20,17.80,24.000,48.000
__import__.product_8008337,10.40,2.00,17.80,48.000,96.000
__import__.product_8011374,0,0,0,6.000,12.000
__import__.product_8011380,0,0,0,36.000,36.000
__import__.product_8012020,0,0,0,18.000,36.000
__import__.product_8012296,0,0,0,360.000,720.000
__import__.product_8012333,0,0,0,60.000,120.000
__import__.product_8014740,1.50,1.30,14.40,400.000,800.000
__import__.product_8014935,16.00,2.70,29.00,25.000,50.000
__import__.product_8017895,0,0,0,2.000,4.000
__import__.product_8020870,0,0,0,2.000,4.000
__import__.product_8020947,0,0,0,150.000,300.000
__import__.product_8021817,7.60,3.50,11.20,3.000,6.000
__import__.product_8021823,7.60,2.90,8.50,12.000,18.000
__import__.product_8021875,7.60,3.50,9.80,8.000,12.000
__import__.product_8021881,7.60,3.60,9.90,5.000,6.000
__import__.product_8021898,7.50,3.50,9.90,12.000,18.000
__import__.product_8021906,7.60,3.50,9.90,12.000,18.000
__import__.product_8021912,8.60,3.50,9.90,160.000,240.000
__import__.product_8021929,9.50,3.50,9.90,50.000,75.000
__import__.product_8021935,9.50,3.50,10.00,90.000,135.000
__import__.product_8024052,14.40,1.00,14.40,5.000,10.000
__import__.product_8024164,29.00,2.00,82.00,1.000,2.000
__import__.product_8024307,10.80,6.50,56.40,2.000,3.000
__import__.product_8025494,1.00,9.00,9.00,2.000,6.000
__import__.product_8025815,6.50,2.50,7.00,3.000,6.000
__import__.product_8026186,3.90,3.70,8.80,15.000,22.000
__import__.product_8026507,7.60,2.70,7.60,4.000,8.000
__import__.product_8026921,10.70,7.50,17.50,500.000,1000.000
__import__.product_8026996,9.60,8.90,17.90,6.000,22.000
__import__.product_8027010,26.00,8.50,44.00,5.000,10.000
__import__.product_8027061,0,0,0,5.000,10.000
__import__.product_8027524,5.30,2.30,11.30,100.000,150.000
__import__.product_8027553,9.30,18.00,9.30,1.000,2.000
__import__.product_8027576,10.00,23.90,10.00,2.000,4.000
__import__.product_8027777,5.40,17.30,5.40,2.000,4.000
__import__.product_8027783,5.40,17.30,5.40,3.000,6.000
__import__.product_8027808,5.40,17.30,5.40,3.000,6.000
__import__.product_8027814,7.00,20.00,7.00,3.000,6.000
__import__.product_8027837,6.80,19.80,6.80,4.000,8.000
__import__.product_8028268,3.50,3.50,10.60,12.000,24.000
__import__.product_8028340,11.20,0.70,14.50,4.000,6.000
__import__.product_8028475,9.20,1.30,9.20,20.000,40.000
__import__.product_8028535,5.30,13.60,13.30,10.000,20.000
__import__.product_8028541,6.00,9.00,12.00,3.000,6.000
__import__.product_8028558,8.00,3.00,8.00,3.000,6.000
__import__.product_8028570,6.60,20.90,6.60,5.000,6.000
__import__.product_8028972,3.00,3.20,9.00,5.000,10.000
__import__.product_8029055,4.00,4.30,13.90,15.000,30.000
__import__.product_8030288,21.90,12.80,7.10,1.000,2.000
__import__.product_8030503,6.40,7.00,6.40,150.000,300.000
__import__.product_8030609,10.00,3.00,10.00,5.000,10.000
__import__.product_8030615,3.70,2.90,7.40,12.000,18.000
__import__.product_8031201,0,0,0,30.000,45.000
__import__.product_8031224,13.00,1.00,22.00,4.000,6.000
__import__.product_8031566,0,0,0,15.000,25.000
__import__.product_8031572,0,0,0,15.000,25.000
__import__.product_8032028,0,0,0,2.000,12.000
__import__.product_8033282,0,0,0,1.000,320.000
__import__.product_8033370,6.00,14.00,31.20,2.000,5.000
__import__.product_8033832,7.20,1.50,7.20,1.000,10.000
__import__.product_8035073,4.60,21.00,4.60,2.000,4.000
__import__.product_8035096,6.10,28.60,6.10,7.000,12.000
__import__.product_8035104,7.50,32.00,7.50,5.000,8.000
__import__.product_8035191,20.60,11.10,7.90,1.000,2.000
__import__.product_8035966,15.00,6.70,14.00,1.000,2.000
__import__.product_8038012,19.10,29.10,25.10,3.000,5.000
__import__.product_8038025,13.50,6.20,21.30,10.000,20.000
__import__.product_8038052,24.90,25.10,33.90,2.000,4.000
__import__.product_8038077,4.50,17.80,4.50,15.000,30.000
__import__.product_8038114,13.00,0.50,17.30,160.000,200.000
__import__.product_8038120,13.50,1.00,16.00,200.000,300.000
__import__.product_8038137,15.50,0.90,22.80,90.000,120.000
__import__.product_8038309,14.80,13.80,33.20,3.000,7.000
__import__.product_8038315,14.70,13.80,33.30,12.000,20.000
__import__.product_8038321,14.90,14.80,33.20,8.000,16.000
__import__.product_8038338,14.70,13.80,33.20,16.000,32.000
__import__.product_8038344,14.70,13.80,33.20,12.000,24.000
__import__.product_8038367,14.80,13.90,33.20,4.000,8.000
__import__.product_8038373,13.50,14.00,33.00,2.000,4.000
__import__.product_8038568,10.50,11.50,27.40,480.000,960.000
__import__.product_8038580,11.80,10.40,27.50,10.000,15.000
__import__.product_8038605,20.30,5.20,29.70,6.000,12.000
__import__.product_8039415,20.00,9.00,20.00,2.000,5.000
__import__.product_8039557,0,0,0,2.000,5.000
__import__.product_8039558,0,0,0,2.000,5.000
__import__.product_8039559,0,0,0,2.000,6.000
__import__.product_8039560,0,0,0,2.000,5.000
__import__.product_8039561,0,0,0,2.000,5.000
__import__.product_8039734,33.60,1.90,41.00,2.000,4.000
__import__.product_8040105,26.00,4.00,41.00,10.000,20.000
__import__.product_8040298,0,0,0,10.000,20.000
__import__.product_8040708,6.60,23.90,6.60,12.000,24.000
__import__.product_8040861,4.20,3.40,10.50,10.000,20.000
__import__.product_8042819,14.00,3.00,22.00,2.000,4.000
__import__.product_8043061,5.50,14.00,53.50,1.000,5.000
__import__.product_8043670,20.60,0.10,33.30,24.000,36.000
__import__.product_8043687,22.60,0.10,38.10,90.000,135.000
__import__.product_8043693,27.40,0.10,46.70,50.000,75.000
__import__.product_8043701,32.20,0.10,56.70,70.000,105.000
__import__.product_8043718,38.30,0.10,69.30,60.000,90.000
__import__.product_8043724,45.60,0.10,33.80,70.000,105.000
__import__.product_8043871,20.60,0.10,33.10,40.000,60.000
__import__.product_8043888,22.80,0.10,38.30,80.000,120.000
__import__.product_8043894,32.30,0.10,46.80,80.000,120.000
__import__.product_8043919,45.90,0.10,83.40,70.000,105.000
__import__.product_8043925,51.40,0.10,99.10,50.000,75.000
__import__.product_8043931,2.50,2.50,35.00,10.000,20.000
__import__.product_8043948,1.30,1.30,43.40,10.000,20.000
__import__.product_8043954,3.50,21.00,16.00,20.000,50.000
__import__.product_8043977,18.30,3.00,18.30,2.000,4.000
__import__.product_8044770,4.20,14.50,4.20,1.000,2.000
__import__.product_8044787,5.40,23.70,5.40,8.000,12.000
__import__.product_8044818,1.60,16.50,6.00,20.000,40.000
__import__.product_8045172,1.70,11.70,9.00,6.000,12.000
__import__.product_8045189,9.00,1.70,11.70,48.000,96.000
__import__.product_8046289,7.60,0.20,7.60,2.000,4.000
__import__.product_8046326,7.60,0.20,15.10,10.000,20.000
__import__.product_8046450,2.80,0.50,3.80,5.000,10.000
__import__.product_8046467,1.30,1.30,1.60,10.000,20.000
__import__.product_8048696,0,0,0,1.000,2.000
__import__.product_8048880,27.20,0.10,46.80,60.000,90.000
__import__.product_8050196,28.50,33.00,46.50,3.000,6.000
__import__.product_8050204,1.50,12.00,8.80,6.000,9.000
__import__.product_8050256,9.50,1.00,16.90,100.000,200.000
__import__.product_8050263,1.00,1.00,29.50,12.000,24.000
__import__.product_8051416,10.50,2.30,18.90,3.000,6.000
__import__.product_8051563,6.30,6.30,5.40,80.000,160.000
__import__.product_8051586,6.00,6.00,5.50,100.000,200.000
__import__.product_8051592,6.00,6.00,8.00,36.000,72.000
__import__.product_8051617,6.00,6.00,8.00,50.000,200.000
__import__.product_8051623,6.00,6.00,10.80,100.000,200.000
__import__.product_8051646,6.00,6.00,10.80,80.000,160.000
__import__.product_8051669,6.00,6.00,10.80,100.000,200.000
__import__.product_8053013,3.50,2.10,14.00,600.000,900.000
__import__.product_8053036,3.30,1.90,14.40,100.000,150.000
__import__.product_8053059,3.50,2.10,14.00,50.000,75.000
__import__.product_8053617,10.00,1.50,20.00,600.000,800.000
__import__.product_8053618,9.80,1.60,19.80,400.000,600.000
__import__.product_8053639,16.00,2.20,28.00,10.000,20.000
__import__.product_8053680,2.50,11.50,11.00,4.000,8.000
__import__.product_8053740,8.70,9.50,11.50,300.000,600.000
__import__.product_8054053,7.50,0.90,7.50,4.000,6.000
__import__.product_8054254,0,0,0,3.000,5.000
__import__.product_8055212,7.80,40.60,15.00,1.000,2.000
__import__.product_8058269,9.00,15.00,21.00,150.000,250.000
__import__.product_8058298,7.50,25.90,9.40,5.000,10.000
__import__.product_8058393,0.60,0.60,42.50,1.000,2.000
__import__.product_8058683,18.00,14.00,21.90,6.000,12.000
__import__.product_8058708,22.30,14.20,17.70,6.000,8.000
__import__.product_8060562,3.00,25.50,15.80,1.000,2.000
__import__.product_8061662,0,0,0,5.000,10.000
__import__.product_8061857,2.50,20.20,31.00,4.000,6.000
__import__.product_8062124,0,0,0,2.000,3.000
__import__.product_8062130,0,0,0,2.000,3.000
__import__.product_8062294,0,0,0,24.000,48.000
__import__.product_8062466,0,0,0,1.000,2.000
__import__.product_8062472,23.50,4.50,42.00,1.000,2.000
__import__.product_8062555,11.00,11.00,50.00,24.000,36.000
__import__.product_8062710,11.30,11.20,14.30,2.000,12.000
__import__.product_8062727,12.20,17.80,12.20,2.000,4.000
__import__.product_8063359,2.00,12.00,22.50,10.000,25.000
__import__.product_8063508,7.40,4.00,12.00,25.000,35.000
__import__.product_8063514,7.30,4.40,12.50,50.000,100.000
__import__.product_8063520,7.30,4.40,12.40,25.000,50.000
__import__.product_8063684,0,0,0,100.000,200.000
__import__.product_8063715,1.30,1.30,11.10,300.000,600.000
__import__.product_8063721,1.40,1.30,11.20,1500.000,3000.000
__import__.product_8063744,0,0,0,1.000,2.000
__import__.product_8063767,4.00,4.00,8.50,10.000,20.000
__import__.product_8067848,0,0,0,2.000,4.000
__import__.product_8068598,7.90,16.80,7.90,6.000,17.000
__import__.product_8069250,12.50,2.00,18.20,30.000,36.000
__import__.product_8069267,13.90,1.90,18.50,12.000,24.000
__import__.product_8069273,13.80,1.90,18.00,60.000,120.000
__import__.product_8069304,13.00,2.00,18.00,2.000,5.000
__import__.product_8070765,6.50,6.50,26.00,1.000,2.000
__import__.product_8071991,4.90,4.50,4.90,10.000,20.000
__import__.product_8072683,25.00,9.50,50.00,12.000,24.000
__import__.product_8075084,12.40,42.80,18.80,3.000,5.000
__import__.product_8075687,13.80,12.40,17.60,14.000,21.000
__import__.product_8076652,3.10,2.90,7.60,24.000,48.000
__import__.product_8090913,22.30,10.90,17.00,4.000,8.000
__import__.product_8092243,9.10,15.50,5.20,8.000,17.000
__import__.product_8096465,1.80,11.50,5.50,40.000,120.000
__import__.product_8097275,0,0,0,100.000,200.000
__import__.product_8101539,9.50,15.90,5.50,16.000,33.000
__import__.product_8101545,18.80,29.80,14.00,10.000,18.000
__import__.product_8104621,16.50,12.30,16.50,1.000,2.000
__import__.product_8110610,0,0,0,1.000,3.000
__import__.product_8110679,0,0,0,5.000,10.000
__import__.product_8110685,0,0,0,3.000,6.000
__import__.product_8112796,0,0,0,60.000,130.000
__import__.product_8113749,0,0,0,6.000,15.000
__import__.product_8113778,0,0,0,7.000,19.000
__import__.product_8113815,0,0,0,5.000,13.000
__import__.product_8120000,3.20,8.50,3.20,119.000,350.000
__import__.product_8120001,11.50,4.40,4.10,46.000,180.000
__import__.product_8120002,8.70,4.60,11.80,64.000,216.000
__import__.product_8120007,16.70,5.20,18.00,20.000,68.000
__import__.product_8150003,10.70,2.70,19.30,2.000,4.000
__import__.product_8165004,1.50,21.00,10.30,15.000,30.000
__import__.product_8165008,1.50,21.00,10.50,10.000,20.000
__import__.product_8165009,1.50,21.00,10.20,10.000,20.000
__import__.product_8165020,1.50,21.00,10.20,10.000,20.000
__import__.product_8165032,6.60,5.20,20.80,3.000,6.000
__import__.product_8181610,0,0,0,2.000,3.000
__import__.product_8186642,13.50,26.00,24.00,2.000,5.000
__import__.product_8188569,14.50,0.70,14.50,2.000,4.000
__import__.product_8188575,1.40,17.00,21.00,6.000,12.000
__import__.product_8188581,1.00,23.00,16.60,8.000,16.000
__import__.product_8188598,19.00,1.50,25.00,8.000,16.000
__import__.product_8188606,1.50,18.50,24.00,10.000,20.000
__import__.product_8188629,2.00,23.00,29.00,4.000,8.000
__import__.product_8188635,1.50,27.00,32.50,2.000,4.000
__import__.product_8188641,17.00,1.80,22.00,10.000,15.000
__import__.product_8188658,16.00,0.60,21.00,10.000,15.000
__import__.product_8188664,20.30,21.30,20.30,2.000,3.000
__import__.product_8189103,0,0,0,5.000,10.000
__import__.product_8196468,0,0,0,2.000,4.000
__import__.product_8202803,0,0,0,8.000,16.000
__import__.product_8207143,24.90,4.00,15.20,2.000,10.000
__import__.product_8208119,0,0,0,3.000,6.000
__import__.product_8209490,2.20,7.50,8.00,20.000,40.000
__import__.product_8214114,6.00,5.50,6.00,252.000,504.000
__import__.product_8214143,6.30,13.00,9.30,240.000,480.000
__import__.product_8214195,5.80,10.00,5.80,396.000,792.000
__import__.product_8214203,5.50,10.00,5.50,36.000,72.000
__import__.product_8216337,11.50,11.30,26.50,3.000,5.000
__import__.product_8217058,0,0,0,8.000,16.000
__import__.product_8217128,3.50,0.50,4.20,50.000,100.000
__import__.product_8224058,15.50,4.00,25.00,1.000,2.000
__import__.product_8225081,10.00,11.50,27.50,200.000,400.000
__import__.product_8229251,0,0,0,4.000,8.000
__import__.product_8230730,10.00,9.70,63.80,3.000,6.000
__import__.product_8241620,0.80,8.20,9.00,9.000,18.000
__import__.product_8241630,0.90,8.20,9.00,12.000,24.000
__import__.product_8241830,6.80,12.90,6.80,9.000,18.000
__import__.product_8242025,0.90,8.20,9.00,12.000,24.000
__import__.product_8242130,0.80,8.20,9.00,18.000,36.000
__import__.product_8242230,0.90,8.20,9.10,18.000,36.000
__import__.product_8245005,2.70,13.50,5.50,250.000,500.000
__import__.product_8245008,8.40,4.10,92.10,2.000,3.000
__import__.product_8250004,7.70,7.50,24.20,100.000,150.000
__import__.product_8250005,12.70,7.50,24.40,150.000,200.000
__import__.product_8250006,7.50,12.50,24.00,150.000,200.000
__import__.product_8250629,0,0,0,1.000,2.000
__import__.product_8255000,7.50,10.50,7.50,11.000,27.000
__import__.product_8259393,0,0,0,5.000,10.000
__import__.product_8259801,4.70,3.70,19.90,3.000,6.000
__import__.product_8259802,4.70,3.70,19.90,3.000,8.000
__import__.product_8259803,4.30,7.40,4.30,12.000,25.000
__import__.product_8259804,5.50,6.30,5.90,2.000,4.000
__import__.product_8259805,6.70,9.50,6.70,1.000,3.000
__import__.product_8259812,16.00,3.90,18.50,5.000,10.000
__import__.product_8259817,8.80,25.50,8.80,2.000,8.000
__import__.product_8259820,22.00,19.80,22.80,1.000,3.000
__import__.product_8259855,5.30,3.90,23.00,5.000,15.000
__import__.product_8259857,4.30,7.40,4.30,18.000,38.000
__import__.product_8260245,16.90,10.50,24.50,4.000,9.000
__import__.product_8266772,0,0,0,1.000,2.000
__import__.product_8270002,7.10,21.80,8.80,27.000,38.000
__import__.product_8270005,15.00,7.00,18.70,4.000,14.000
__import__.product_8270017,4.30,7.70,4.30,12.000,24.000
__import__.product_8270021,4.50,18.00,16.70,20.000,30.000
__import__.product_8270032,4.30,7.50,4.30,10.000,20.000
__import__.product_8270040,4.60,1.60,4.40,50.000,100.000
__import__.product_8270046,18.80,10.50,19.00,2.000,4.000
__import__.product_8270052,16.90,11.70,18.20,2.000,4.000
__import__.product_8270056,7.50,8.20,7.50,10.000,20.000
__import__.product_8270063,6.80,12.90,6.80,300.000,600.000
__import__.product_8270065,14.90,12.40,25.30,188.000,250.000
__import__.product_8270066,18.00,13.90,22.00,250.000,500.000
__import__.product_8270069,5.10,1.20,7.50,240.000,320.000
__import__.product_8270070,5.00,1.10,7.00,100.000,200.000
__import__.product_8270073,1.20,1.20,14.40,50.000,100.000
__import__.product_8270074,1.30,1.30,14.40,50.000,100.000
__import__.product_8270100,9.50,3.50,9.90,12.000,18.000
__import__.product_8270128,3.10,3.10,7.30,10.000,20.000
__import__.product_8270131,5.20,9.80,5.20,6.000,12.000
__import__.product_8270136,15.50,2.40,15.50,10.000,20.000
__import__.product_8270156,5.30,1.30,8.00,120.000,160.000
__import__.product_8270157,5.20,1.20,7.50,50.000,100.000
__import__.product_8270160,1.50,1.30,14.40,250.000,500.000
__import__.product_8270161,1.40,1.20,11.30,60.000,120.000
__import__.product_8270168,12.80,19.50,13.50,15.000,30.000
__import__.product_8270178,8.50,1.80,10.60,50.000,100.000
__import__.product_8270189,7.60,21.90,7.60,25.000,84.000
__import__.product_8270201,4.80,4.70,6.70,24.000,48.000
__import__.product_8270206,21.00,21.20,30.30,2.000,3.000
__import__.product_8270208,6.80,12.90,6.80,20.000,38.000
__import__.product_8270213,19.10,25.40,19.30,2.000,4.000
__import__.product_8270252,6.80,13.00,6.80,7.000,26.000
__import__.product_8270263,5.70,10.60,5.70,20.000,40.000
__import__.product_8270281,8.50,4.70,11.30,42.000,141.000
__import__.product_8270282,8.50,4.70,11.30,19.000,70.000
__import__.product_8270284,8.50,4.70,11.20,15.000,45.000
__import__.product_8270500,13.00,1.30,18.00,10.000,20.000
__import__.product_8270501,23.70,17.30,24.00,5.000,8.000
__import__.product_8270502,13.00,15.80,13.50,1.000,2.000
__import__.product_8270510,12.80,0.80,7.90,18.000,29.000
__import__.product_8270520,8.60,22.30,8.60,10.000,15.000
__import__.product_8270529,5.50,13.00,7.00,2.000,3.000
__import__.product_8270532,13.00,15.50,13.50,3.000,6.000
__import__.product_8270539,10.00,10.70,10.00,3.000,5.000
__import__.product_8271250,19.20,31.10,23.50,2.000,8.000
__import__.product_8274547,0,0,0,16.000,24.000
__import__.product_8285887,0,0,0,4.000,8.000
__import__.product_8287372,0,0,0,2.000,4.000
__import__.product_8288928,0,0,0,36.000,72.000
__import__.product_8290055,0,0,0,5.000,10.000
__import__.product_8290150,13.50,28.50,18.80,2.000,6.000
__import__.product_8290687,155.00,2.50,28.00,25.000,50.000
__import__.product_8291132,1.30,1.30,11.20,600.000,1200.000
__import__.product_8291505,1.10,9.80,19.60,100.000,200.000
__import__.product_8292752,5.90,5.30,6.20,216.000,432.000
__import__.product_8292769,6.20,9.50,6.20,120.000,240.000
__import__.product_8292775,6.20,11.00,6.20,36.000,72.000
__import__.product_8294099,0.80,10.50,16.80,4.000,6.000
__import__.product_8294107,2.00,12.00,22.50,4.000,6.000
__import__.product_8294254,8.60,22.00,8.60,6.000,12.000
__import__.product_8294277,8.70,21.90,8.70,6.000,12.000
__import__.product_8295288,8.50,18.00,8.50,10.000,20.000
__import__.product_8298039,10.30,24.00,15.20,1.000,2.000
__import__.product_8299694,0,0,0,1.000,2.000
__import__.product_8315002,0,0,0,2.000,12.000
__import__.product_8330012,6.60,14.10,6.60,3000.000,4800.000
__import__.product_8330038,18.00,10.00,18.00,21.000,79.000
__import__.product_8330039,18.70,10.10,13.90,4.000,8.000
__import__.product_8330044,10.10,6.40,10.10,21.000,69.000
__import__.product_8330046,7.50,2.80,10.40,10.000,34.000
__import__.product_8331452,10.60,5.00,12.90,2.000,4.000
__import__.product_8333764,4.00,25.00,16.60,1.000,2.000
__import__.product_8334410,10.10,20.60,10.10,5.000,10.000
__import__.product_8334841,13.00,5.00,13.00,5.000,10.000
__import__.product_8335438,4.60,17.90,4.60,4.000,6.000
__import__.product_8338827,0,0,0,72.000,108.000
__import__.product_8341568,28.00,12.50,20.70,50.000,250.000
__import__.product_8342131,4.90,17.90,4.90,5.000,8.000
__import__.product_8350722,0,0,0,5.000,10.000
__import__.product_8352336,0,0,0,1.000,2.000
__import__.product_8352337,0,0,0,2.000,5.000
__import__.product_8352343,0,0,0,2.000,5.000
__import__.product_8352360,0,0,0,2.000,5.000
__import__.product_8352422,0,0,0,5.000,10.000
__import__.product_8352424,0,0,0,5.000,10.000
__import__.product_8359367,3.00,9.50,25.00,10.000,20.000
__import__.product_8359410,1.70,1.50,8.30,50.000,100.000
__import__.product_8365304,5.00,20.00,15.00,5.000,10.000
__import__.product_8366083,5.00,0.20,47.30,2.000,10.000
__import__.product_8368745,0,0,0,1.000,2.000
__import__.product_8371345,0,0,0,3.000,6.000
__import__.product_8371546,0,0,0,12.000,24.000
__import__.product_8371569,0,0,0,20.000,30.000
__import__.product_8371724,0,0,0,6.000,12.000
__import__.product_8371730,0,0,0,8.000,12.000
__import__.product_8371747,0,0,0,10.000,20.000
__import__.product_8371753,0,0,0,10.000,20.000
__import__.product_8371776,0,0,0,5.000,10.000
__import__.product_8371782,0,0,0,8.000,16.000
__import__.product_8371799,0,0,0,5.000,10.000
__import__.product_8371813,0,0,0,2.000,4.000
__import__.product_8371836,0,0,0,2.000,4.000
__import__.product_8376064,0,0,0,9.000,18.000
__import__.product_8376070,0,0,0,20.000,40.000
__import__.product_8376087,0,0,0,20.000,30.000
__import__.product_8376093,0,0,0,15.000,30.000
__import__.product_8376101,0,0,0,15.000,30.000
__import__.product_8376118,0,0,0,8.000,16.000
__import__.product_8376124,0,0,0,4.000,8.000
__import__.product_8376130,0,0,0,5.000,10.000
__import__.product_8376147,0,0,0,3.000,6.000
__import__.product_8376153,0,0,0,5.000,10.000
__import__.product_8376182,0,0,0,3.000,6.000
__import__.product_8376199,0,0,0,2.000,4.000
__import__.product_8376466,0,0,0,3.000,6.000
__import__.product_8376472,0,0,0,6.000,12.000
__import__.product_8376489,0,0,0,10.000,20.000
__import__.product_8376495,0,0,0,9.000,18.000
__import__.product_8376503,0,0,0,3.000,6.000
__import__.product_8376526,0,0,0,1.000,2.000
__import__.product_8377891,0,0,0,1.000,2.000
__import__.product_8379855,0,0,0,4.000,8.000
__import__.product_8379861,0,0,0,4.000,8.000
__import__.product_8379884,0,0,0,3.000,6.000
__import__.product_8379890,0,0,0,2.000,4.000
__import__.product_8379909,0,0,0,2.000,4.000
__import__.product_8384247,12.30,18.70,15.20,2.000,3.000
__import__.product_8384282,21.00,4.00,26.00,24.000,36.000
__import__.product_8387659,26.00,6.50,31.00,4.000,6.000
__import__.product_8387926,1.70,29.50,46.00,1.000,2.000
__import__.product_8387932,1.80,34.50,56.50,1.000,2.000
__import__.product_8387949,2.00,41.00,69.50,1.000,2.000
__import__.product_8387955,2.00,48.20,83.50,1.000,2.000
__import__.product_8426916,12.80,28.60,19.00,8.000,12.000
__import__.product_8427086,12.00,17.90,12.00,20.000,40.000
__import__.product_8427092,12.00,12.00,17.70,10.000,20.000
__import__.product_8429228,35.50,33.00,55.00,12.000,18.000
__import__.product_8429955,13.90,8.70,15.60,7.000,14.000
__import__.product_8429956,13.60,15.50,8.80,20.000,40.000
__import__.product_8430094,10.50,2.40,18.80,1.000,2.000
__import__.product_8432012,11.50,5.00,23.00,40.000,80.000
__import__.product_8433075,6.00,15.00,10.80,2.000,3.000
__import__.product_8433388,10.70,1.20,14.00,2.000,3.000
__import__.product_8433394,11.30,2.00,15.00,3.000,5.000
__import__.product_8433402,11.00,1.50,16.00,1.000,2.000
__import__.product_8433419,18.30,14.10,40.00,4.000,8.000
__import__.product_8459092,13.00,25.00,17.00,55.000,95.000
__import__.product_8477658,8.00,25.60,8.70,5.000,20.000
__import__.product_8482429,0,0,0,30.000,60.000
__import__.product_8486752,11.80,6.60,11.90,4.000,6.000
__import__.product_8493309,19.00,29.20,14.00,39.000,92.000
__import__.product_8540017,0,0,0,1.000,2.000
__import__.product_8825728,1.30,20.00,15.00,6.000,10.000
__import__.product_9006031,8.90,18.60,10.50,1.000,2.000
__import__.product_9040237,0,0,0,2.000,4.000
__import__.product_9052510,8.00,2.20,10.20,2.000,4.000
__import__.product_9250331,0,0,0,20.000,40.000
__import__.product_9501100,14.00,26.80,14.00,8.000,15.000
__import__.product_9501117,6.40,24.20,6.40,36.000,72.000
__import__.product_9501521,5.90,2.10,5.90,18.000,54.000
__import__.product_9501693,13.20,6.00,20.20,8.000,24.000
__import__.product_9512005,2.90,7.00,3.30,6.000,12.000
__import__.product_9512008,4.00,7.20,4.00,16.000,28.000
__import__.product_9512010,9.20,2.20,10.60,4.000,8.000
__import__.product_9512026,4.70,14.10,4.70,5.000,12.000
__import__.product_9512035,29.10,22.50,31.10,3.000,7.000
__import__.product_9512036,11.20,2.50,12.10,24.000,36.000
__import__.product_9512045,12.00,7.40,18.70,3.000,6.000
__import__.product_9512052,4.70,3.60,8.70,6.000,17.000
__import__.product_9512053,3.70,8.60,4.70,27.000,99.000
__import__.product_9512054,4.70,3.70,8.70,5.000,20.000
__import__.product_9512055,3.80,8.60,4.70,33.000,122.000
__import__.product_9512056,3.70,8.70,4.70,7.000,20.000
__import__.product_9687002,11.70,13.50,11.70,4.000,8.000
__import__.product_9694895,11.00,15.50,11.00,2.000,5.000
__import__.product_9695015,11.70,20.30,11.70,15.000,27.000
__import__.product_9695021,4.50,8.20,4.50,48.000,96.000
__import__.product_9700868,11.80,15.50,11.80,5.000,11.000
__import__.product_9833948,7.50,16.20,7.50,3.000,6.000
