id,name,location_id/id
__init.stock_location_G,G,__init.stock_location_medoc
__init.stock_location_GAA11094,GAA11094,__init.stock_location_G
__init.stock_location_GAA21033,GAA21033,__init.stock_location_G
__init.stock_location_GAA22023,GAA22023,__init.stock_location_G
__init.stock_location_GAB11097,GAB11097,__init.stock_location_G
__init.stock_location_GAB12087,GAB12087,__init.stock_location_G
__init.stock_location_GAB20000,GAB20000,__init.stock_location_G
__init.stock_location_GAB21003,GAB21003,__init.stock_location_G
__init.stock_location_GAB22033,GAB22033,__init.stock_location_G
__init.stock_location_GAB23048,GAB23048,__init.stock_location_G
__init.stock_location_GAB30081,GAB30081,__init.stock_location_G
__init.stock_location_GAB31024,GAB31024,__init.stock_location_G
__init.stock_location_GAB32070,GAB32070,__init.stock_location_G
__init.stock_location_GAB40086,GAB40086,__init.stock_location_G
__init.stock_location_GAB41067,GAB41067,__init.stock_location_G
__init.stock_location_GAB42071,GAB42071,__init.stock_location_G
__init.stock_location_GAB50066,GAB50066,__init.stock_location_G
__init.stock_location_GAC10025,GAC10025,__init.stock_location_G
__init.stock_location_GAC11066,GAC11066,__init.stock_location_G
__init.stock_location_GAC12008,GAC12008,__init.stock_location_G
__init.stock_location_GAC13015,GAC13015,__init.stock_location_G
__init.stock_location_GAC20077,GAC20077,__init.stock_location_G
__init.stock_location_GAC21083,GAC21083,__init.stock_location_G
__init.stock_location_GAC22063,GAC22063,__init.stock_location_G
__init.stock_location_GAC23011,GAC23011,__init.stock_location_G
__init.stock_location_GAC25085,GAC25085,__init.stock_location_G
__init.stock_location_GAC30012,GAC30012,__init.stock_location_G
__init.stock_location_GAC32057,GAC32057,__init.stock_location_G
__init.stock_location_GAC34020,GAC34020,__init.stock_location_G
__init.stock_location_GAC35057,GAC35057,__init.stock_location_G
__init.stock_location_GAC36066,GAC36066,__init.stock_location_G
__init.stock_location_GAC41008,GAC41008,__init.stock_location_G
__init.stock_location_GAC42064,GAC42064,__init.stock_location_G
__init.stock_location_GAC44046,GAC44046,__init.stock_location_G
__init.stock_location_GAC45035,GAC45035,__init.stock_location_G
__init.stock_location_GAC50003,GAC50003,__init.stock_location_G
__init.stock_location_GAC51053,GAC51053,__init.stock_location_G
__init.stock_location_GAC52083,GAC52083,__init.stock_location_G
__init.stock_location_GAC53045,GAC53045,__init.stock_location_G
__init.stock_location_GAD10098,GAD10098,__init.stock_location_G
__init.stock_location_GAD11038,GAD11038,__init.stock_location_G
__init.stock_location_GAD13008,GAD13008,__init.stock_location_G
__init.stock_location_GAD21077,GAD21077,__init.stock_location_G
__init.stock_location_GAD22000,GAD22000,__init.stock_location_G
__init.stock_location_GAD23050,GAD23050,__init.stock_location_G
__init.stock_location_GAD25001,GAD25001,__init.stock_location_G
__init.stock_location_GAD31075,GAD31075,__init.stock_location_G
__init.stock_location_GAD32528,GAD32528,__init.stock_location_G
__init.stock_location_GAD33051,GAD33051,__init.stock_location_G
__init.stock_location_GAD41014,GAD41014,__init.stock_location_G
__init.stock_location_GAD42037,GAD42037,__init.stock_location_G
__init.stock_location_GAD43002,GAD43002,__init.stock_location_G
__init.stock_location_GAD44040,GAD44040,__init.stock_location_G
__init.stock_location_GAD45091,GAD45091,__init.stock_location_G
__init.stock_location_GAD46032,GAD46032,__init.stock_location_G
__init.stock_location_GAD47023,GAD47023,__init.stock_location_G
__init.stock_location_GAD50020,GAD50020,__init.stock_location_G
__init.stock_location_GAD51002,GAD51002,__init.stock_location_G
__init.stock_location_GAD51513,GAD51513,__init.stock_location_G
__init.stock_location_GAD52029,GAD52029,__init.stock_location_G
__init.stock_location_GAE10035,GAE10035,__init.stock_location_G
__init.stock_location_GAE11064,GAE11064,__init.stock_location_G
__init.stock_location_GAE12086,GAE12086,__init.stock_location_G
__init.stock_location_GAE20056,GAE20056,__init.stock_location_G
__init.stock_location_GAE21033,GAE21033,__init.stock_location_G
__init.stock_location_GAE22073,GAE22073,__init.stock_location_G
__init.stock_location_GAE31000,GAE31000,__init.stock_location_G
__init.stock_location_GAE32022,GAE32022,__init.stock_location_G
__init.stock_location_GAE33030,GAE33030,__init.stock_location_G
__init.stock_location_GAE35000,GAE35000,__init.stock_location_G
__init.stock_location_GAE40089,GAE40089,__init.stock_location_G
__init.stock_location_GAE41094,GAE41094,__init.stock_location_G
__init.stock_location_GAE42031,GAE42031,__init.stock_location_G
__init.stock_location_GAE50060,GAE50060,__init.stock_location_G
__init.stock_location_GAE50135,GAE50135,__init.stock_location_G
__init.stock_location_GAE50252,GAE50252,__init.stock_location_G
__init.stock_location_GAF11006,GAF11006,__init.stock_location_G
__init.stock_location_GAF12078,GAF12078,__init.stock_location_G
__init.stock_location_GAF13022,GAF13022,__init.stock_location_G
__init.stock_location_GAF20007,GAF20007,__init.stock_location_G
__init.stock_location_GAF20277,GAF20277,__init.stock_location_G
__init.stock_location_GAF20512,GAF20512,__init.stock_location_G
__init.stock_location_GAF30091,GAF30091,__init.stock_location_G
__init.stock_location_GAF30146,GAF30146,__init.stock_location_G
__init.stock_location_GAF30232,GAF30232,__init.stock_location_G
__init.stock_location_GAF40001,GAF40001,__init.stock_location_G
__init.stock_location_GAF40191,GAF40191,__init.stock_location_G
__init.stock_location_GAF50117,GAF50117,__init.stock_location_G
__init.stock_location_GAF50301,GAF50301,__init.stock_location_G
__init.stock_location_GAG10178,GAG10178,__init.stock_location_G
__init.stock_location_GAG20126,GAG20126,__init.stock_location_G
__init.stock_location_GAG30379,GAG30379,__init.stock_location_G
__init.stock_location_GAG40127,GAG40127,__init.stock_location_G
__init.stock_location_GAG40372,GAG40372,__init.stock_location_G
__init.stock_location_GAG40588,GAG40588,__init.stock_location_G
__init.stock_location_GAH11026,GAH11026,__init.stock_location_G
__init.stock_location_GAH11564,GAH11564,__init.stock_location_G
__init.stock_location_GAH12090,GAH12090,__init.stock_location_G
__init.stock_location_GAH12523,GAH12523,__init.stock_location_G
__init.stock_location_GAH13594,GAH13594,__init.stock_location_G
__init.stock_location_GAH21073,GAH21073,__init.stock_location_G
__init.stock_location_GAH21516,GAH21516,__init.stock_location_G
__init.stock_location_GAH22078,GAH22078,__init.stock_location_G
__init.stock_location_GAH23013,GAH23013,__init.stock_location_G
__init.stock_location_GAH24591,GAH24591,__init.stock_location_G
__init.stock_location_GAI11071,GAI11071,__init.stock_location_G
__init.stock_location_GAI12083,GAI12083,__init.stock_location_G
__init.stock_location_GAI13010,GAI13010,__init.stock_location_G
__init.stock_location_GAI13579,GAI13579,__init.stock_location_G
__init.stock_location_GAI14065,GAI14065,__init.stock_location_G
__init.stock_location_GAI14515,GAI14515,__init.stock_location_G
__init.stock_location_GAI21021,GAI21021,__init.stock_location_G
__init.stock_location_GAI22041,GAI22041,__init.stock_location_G
__init.stock_location_GAI22588,GAI22588,__init.stock_location_G
__init.stock_location_GAI23022,GAI23022,__init.stock_location_G
__init.stock_location_GAI24594,GAI24594,__init.stock_location_G
__init.stock_location_GAI25028,GAI25028,__init.stock_location_G
__init.stock_location_GAK11026,GAK11026,__init.stock_location_G
__init.stock_location_GAK12078,GAK12078,__init.stock_location_G
__init.stock_location_GAK13073,GAK13073,__init.stock_location_G
__init.stock_location_GAK14017,GAK14017,__init.stock_location_G
__init.stock_location_GAK16086,GAK16086,__init.stock_location_G
__init.stock_location_GAK17062,GAK17062,__init.stock_location_G
__init.stock_location_GAK21062,GAK21062,__init.stock_location_G
__init.stock_location_GAK21562,GAK21562,__init.stock_location_G
__init.stock_location_GAK22596,GAK22596,__init.stock_location_G
__init.stock_location_GAK23047,GAK23047,__init.stock_location_G
__init.stock_location_GBA10137,GBA10137,__init.stock_location_G
__init.stock_location_GBA10520,GBA10520,__init.stock_location_G
__init.stock_location_GBA10734,GBA10734,__init.stock_location_G
__init.stock_location_GBA10903,GBA10903,__init.stock_location_G
__init.stock_location_GBA11100,GBA11100,__init.stock_location_G
__init.stock_location_GBA11309,GBA11309,__init.stock_location_G
__init.stock_location_GBA11543,GBA11543,__init.stock_location_G
__init.stock_location_GBA11768,GBA11768,__init.stock_location_G
__init.stock_location_GBA20115,GBA20115,__init.stock_location_G
__init.stock_location_GBA20356,GBA20356,__init.stock_location_G
__init.stock_location_GBA20533,GBA20533,__init.stock_location_G
__init.stock_location_GBA20777,GBA20777,__init.stock_location_G
__init.stock_location_GBA20934,GBA20934,__init.stock_location_G
__init.stock_location_GBA21133,GBA21133,__init.stock_location_G
__init.stock_location_GBA21314,GBA21314,__init.stock_location_G
__init.stock_location_GBA21597,GBA21597,__init.stock_location_G
__init.stock_location_GBA30177,GBA30177,__init.stock_location_G
__init.stock_location_GBA30314,GBA30314,__init.stock_location_G
__init.stock_location_GBA30526,GBA30526,__init.stock_location_G
__init.stock_location_GBA30993,GBA30993,__init.stock_location_G
__init.stock_location_GBA31187,GBA31187,__init.stock_location_G
__init.stock_location_GBA31339,GBA31339,__init.stock_location_G
__init.stock_location_GBA31505,GBA31505,__init.stock_location_G
__init.stock_location_GBA40170,GBA40170,__init.stock_location_G
__init.stock_location_GBA40389,GBA40389,__init.stock_location_G
__init.stock_location_GBA40553,GBA40553,__init.stock_location_G
__init.stock_location_GBA40742,GBA40742,__init.stock_location_G
__init.stock_location_GBA40958,GBA40958,__init.stock_location_G
__init.stock_location_GBA41321,GBA41321,__init.stock_location_G
__init.stock_location_GBA41516,GBA41516,__init.stock_location_G
__init.stock_location_GBA50184,GBA50184,__init.stock_location_G
__init.stock_location_GBA50338,GBA50338,__init.stock_location_G
__init.stock_location_GBA50542,GBA50542,__init.stock_location_G
__init.stock_location_GBA50745,GBA50745,__init.stock_location_G
__init.stock_location_GBA50975,GBA50975,__init.stock_location_G
__init.stock_location_GBA51159,GBA51159,__init.stock_location_G
__init.stock_location_GBA51387,GBA51387,__init.stock_location_G
__init.stock_location_GBA51595,GBA51595,__init.stock_location_G
__init.stock_location_GBA51774,GBA51774,__init.stock_location_G
__init.stock_location_GBB10115,GBB10115,__init.stock_location_G
__init.stock_location_GBB10242,GBB10242,__init.stock_location_G
__init.stock_location_GBB10398,GBB10398,__init.stock_location_G
__init.stock_location_GBB10466,GBB10466,__init.stock_location_G
__init.stock_location_GBB10576,GBB10576,__init.stock_location_G
__init.stock_location_GBB20113,GBB20113,__init.stock_location_G
__init.stock_location_GBB20288,GBB20288,__init.stock_location_G
__init.stock_location_GBB20365,GBB20365,__init.stock_location_G
__init.stock_location_GBB20421,GBB20421,__init.stock_location_G
__init.stock_location_GBB30126,GBB30126,__init.stock_location_G
__init.stock_location_GBB30250,GBB30250,__init.stock_location_G
__init.stock_location_GBB30335,GBB30335,__init.stock_location_G
__init.stock_location_GBB30466,GBB30466,__init.stock_location_G
__init.stock_location_GBB40165,GBB40165,__init.stock_location_G
__init.stock_location_GBB40200,GBB40200,__init.stock_location_G
__init.stock_location_GBB40321,GBB40321,__init.stock_location_G
__init.stock_location_GBB40495,GBB40495,__init.stock_location_G
__init.stock_location_GBB40531,GBB40531,__init.stock_location_G
__init.stock_location_GBB50182,GBB50182,__init.stock_location_G
__init.stock_location_GBB50247,GBB50247,__init.stock_location_G
__init.stock_location_GBB50345,GBB50345,__init.stock_location_G
__init.stock_location_GBB50451,GBB50451,__init.stock_location_G
__init.stock_location_GBB50518,GBB50518,__init.stock_location_G
__init.stock_location_GBC10120,GBC10120,__init.stock_location_G
__init.stock_location_GBC10211,GBC10211,__init.stock_location_G
__init.stock_location_GBC10489,GBC10489,__init.stock_location_G
__init.stock_location_GBC20144,GBC20144,__init.stock_location_G
__init.stock_location_GBC20231,GBC20231,__init.stock_location_G
__init.stock_location_GBC20343,GBC20343,__init.stock_location_G
__init.stock_location_GBC20488,GBC20488,__init.stock_location_G
__init.stock_location_GBC30174,GBC30174,__init.stock_location_G
__init.stock_location_GBC30266,GBC30266,__init.stock_location_G
__init.stock_location_GBC30353,GBC30353,__init.stock_location_G
__init.stock_location_GBC30467,GBC30467,__init.stock_location_G
__init.stock_location_GBC30502,GBC30502,__init.stock_location_G
__init.stock_location_GBC30636,GBC30636,__init.stock_location_G
__init.stock_location_GBC40117,GBC40117,__init.stock_location_G
__init.stock_location_GBC40216,GBC40216,__init.stock_location_G
__init.stock_location_GBC40352,GBC40352,__init.stock_location_G
__init.stock_location_GBC40401,GBC40401,__init.stock_location_G
__init.stock_location_GBC40500,GBC40500,__init.stock_location_G
__init.stock_location_GBC50135,GBC50135,__init.stock_location_G
__init.stock_location_GBC50259,GBC50259,__init.stock_location_G
__init.stock_location_GBC50306,GBC50306,__init.stock_location_G
__init.stock_location_GBC50473,GBC50473,__init.stock_location_G
__init.stock_location_GBD10104,GBD10104,__init.stock_location_G
__init.stock_location_GBD10335,GBD10335,__init.stock_location_G
__init.stock_location_GBD10516,GBD10516,__init.stock_location_G
__init.stock_location_GBD10767,GBD10767,__init.stock_location_G
__init.stock_location_GBD11194,GBD11194,__init.stock_location_G
__init.stock_location_GBD11398,GBD11398,__init.stock_location_G
__init.stock_location_GBD11522,GBD11522,__init.stock_location_G
__init.stock_location_GBD20186,GBD20186,__init.stock_location_G
__init.stock_location_GBD20524,GBD20524,__init.stock_location_G
__init.stock_location_GBD20799,GBD20799,__init.stock_location_G
__init.stock_location_GBD20941,GBD20941,__init.stock_location_G
__init.stock_location_GBD21105,GBD21105,__init.stock_location_G
__init.stock_location_GBD21329,GBD21329,__init.stock_location_G
__init.stock_location_GBD21576,GBD21576,__init.stock_location_G
__init.stock_location_GBD30191,GBD30191,__init.stock_location_G
__init.stock_location_GBD30368,GBD30368,__init.stock_location_G
__init.stock_location_GBD30508,GBD30508,__init.stock_location_G
__init.stock_location_GBD30757,GBD30757,__init.stock_location_G
__init.stock_location_GBD30982,GBD30982,__init.stock_location_G
__init.stock_location_GBD31149,GBD31149,__init.stock_location_G
__init.stock_location_GBD31343,GBD31343,__init.stock_location_G
__init.stock_location_GBD31509,GBD31509,__init.stock_location_G
__init.stock_location_GBD31722,GBD31722,__init.stock_location_G
__init.stock_location_GBD40127,GBD40127,__init.stock_location_G
__init.stock_location_GBD40345,GBD40345,__init.stock_location_G
__init.stock_location_GBD40512,GBD40512,__init.stock_location_G
__init.stock_location_GBD40734,GBD40734,__init.stock_location_G
__init.stock_location_GBD40961,GBD40961,__init.stock_location_G
__init.stock_location_GBD41177,GBD41177,__init.stock_location_G
__init.stock_location_GBD41356,GBD41356,__init.stock_location_G
__init.stock_location_GBD41589,GBD41589,__init.stock_location_G
__init.stock_location_GBD41735,GBD41735,__init.stock_location_G
__init.stock_location_GBD50118,GBD50118,__init.stock_location_G
__init.stock_location_GBD50327,GBD50327,__init.stock_location_G
__init.stock_location_GBD50592,GBD50592,__init.stock_location_G
__init.stock_location_GBD50798,GBD50798,__init.stock_location_G
__init.stock_location_GBD50905,GBD50905,__init.stock_location_G
__init.stock_location_GBD51100,GBD51100,__init.stock_location_G
__init.stock_location_GBD51358,GBD51358,__init.stock_location_G
__init.stock_location_GBD51576,GBD51576,__init.stock_location_G
__init.stock_location_GBE10147,GBE10147,__init.stock_location_G
__init.stock_location_GBE10276,GBE10276,__init.stock_location_G
__init.stock_location_GBE10306,GBE10306,__init.stock_location_G
__init.stock_location_GBE20176,GBE20176,__init.stock_location_G
__init.stock_location_GBE20210,GBE20210,__init.stock_location_G
__init.stock_location_GBE20381,GBE20381,__init.stock_location_G
__init.stock_location_GBE20415,GBE20415,__init.stock_location_G
__init.stock_location_GBE20531,GBE20531,__init.stock_location_G
__init.stock_location_GBE30152,GBE30152,__init.stock_location_G
__init.stock_location_GBE30210,GBE30210,__init.stock_location_G
__init.stock_location_GBE30325,GBE30325,__init.stock_location_G
__init.stock_location_GBE30433,GBE30433,__init.stock_location_G
__init.stock_location_GBE40191,GBE40191,__init.stock_location_G
__init.stock_location_GBE40285,GBE40285,__init.stock_location_G
__init.stock_location_GBE40333,GBE40333,__init.stock_location_G
__init.stock_location_GBE40550,GBE40550,__init.stock_location_G
__init.stock_location_GBE50192,GBE50192,__init.stock_location_G
__init.stock_location_GBE50204,GBE50204,__init.stock_location_G
__init.stock_location_GBE50332,GBE50332,__init.stock_location_G
__init.stock_location_GBE50412,GBE50412,__init.stock_location_G
__init.stock_location_GBF10117,GBF10117,__init.stock_location_G
__init.stock_location_GBF10220,GBF10220,__init.stock_location_G
__init.stock_location_GBF10332,GBF10332,__init.stock_location_G
__init.stock_location_GBF20168,GBF20168,__init.stock_location_G
__init.stock_location_GBF20211,GBF20211,__init.stock_location_G
__init.stock_location_GBF20399,GBF20399,__init.stock_location_G
__init.stock_location_GBF20438,GBF20438,__init.stock_location_G
__init.stock_location_GBF30113,GBF30113,__init.stock_location_G
__init.stock_location_GBF30276,GBF30276,__init.stock_location_G
__init.stock_location_GBF30370,GBF30370,__init.stock_location_G
__init.stock_location_GBF30423,GBF30423,__init.stock_location_G
__init.stock_location_GBF40108,GBF40108,__init.stock_location_G
__init.stock_location_GBF40210,GBF40210,__init.stock_location_G
__init.stock_location_GBF40312,GBF40312,__init.stock_location_G
__init.stock_location_GBF40409,GBF40409,__init.stock_location_G
__init.stock_location_GBF40543,GBF40543,__init.stock_location_G
__init.stock_location_GBF50191,GBF50191,__init.stock_location_G
__init.stock_location_GBF50247,GBF50247,__init.stock_location_G
__init.stock_location_GBF50327,GBF50327,__init.stock_location_G
__init.stock_location_GBF50482,GBF50482,__init.stock_location_G
__init.stock_location_GBG10117,GBG10117,__init.stock_location_G
__init.stock_location_GBG10329,GBG10329,__init.stock_location_G
__init.stock_location_GBG10551,GBG10551,__init.stock_location_G
__init.stock_location_GBG10762,GBG10762,__init.stock_location_G
__init.stock_location_GBG10917,GBG10917,__init.stock_location_G
__init.stock_location_GBG11168,GBG11168,__init.stock_location_G
__init.stock_location_GBG11381,GBG11381,__init.stock_location_G
__init.stock_location_GBG11555,GBG11555,__init.stock_location_G
__init.stock_location_GBG20102,GBG20102,__init.stock_location_G
__init.stock_location_GBG20314,GBG20314,__init.stock_location_G
__init.stock_location_GBG20548,GBG20548,__init.stock_location_G
__init.stock_location_GBG20769,GBG20769,__init.stock_location_G
__init.stock_location_GBG20954,GBG20954,__init.stock_location_G
__init.stock_location_GBG21136,GBG21136,__init.stock_location_G
__init.stock_location_GBG21352,GBG21352,__init.stock_location_G
__init.stock_location_GBG21586,GBG21586,__init.stock_location_G
__init.stock_location_GBG21713,GBG21713,__init.stock_location_G
__init.stock_location_GBG30135,GBG30135,__init.stock_location_G
__init.stock_location_GBG30396,GBG30396,__init.stock_location_G
__init.stock_location_GBG30530,GBG30530,__init.stock_location_G
__init.stock_location_GBG30767,GBG30767,__init.stock_location_G
__init.stock_location_GBG30955,GBG30955,__init.stock_location_G
__init.stock_location_GBG31111,GBG31111,__init.stock_location_G
__init.stock_location_GBG31351,GBG31351,__init.stock_location_G
__init.stock_location_GBG31583,GBG31583,__init.stock_location_G
__init.stock_location_GBG40158,GBG40158,__init.stock_location_G
__init.stock_location_GBG40322,GBG40322,__init.stock_location_G
__init.stock_location_GBG40566,GBG40566,__init.stock_location_G
__init.stock_location_GBG40731,GBG40731,__init.stock_location_G
__init.stock_location_GBG40944,GBG40944,__init.stock_location_G
__init.stock_location_GBG41119,GBG41119,__init.stock_location_G
__init.stock_location_GBG41358,GBG41358,__init.stock_location_G
__init.stock_location_GBG41506,GBG41506,__init.stock_location_G
__init.stock_location_GBG50191,GBG50191,__init.stock_location_G
__init.stock_location_GBG50334,GBG50334,__init.stock_location_G
__init.stock_location_GBG50508,GBG50508,__init.stock_location_G
__init.stock_location_GBG50749,GBG50749,__init.stock_location_G
__init.stock_location_GBG50955,GBG50955,__init.stock_location_G
__init.stock_location_GBG51145,GBG51145,__init.stock_location_G
__init.stock_location_GBG51323,GBG51323,__init.stock_location_G
__init.stock_location_GBG51511,GBG51511,__init.stock_location_G
__init.stock_location_GBH10181,GBH10181,__init.stock_location_G
__init.stock_location_GBH10200,GBH10200,__init.stock_location_G
__init.stock_location_GBH10336,GBH10336,__init.stock_location_G
__init.stock_location_GBH10495,GBH10495,__init.stock_location_G
__init.stock_location_GBH20171,GBH20171,__init.stock_location_G
__init.stock_location_GBH20218,GBH20218,__init.stock_location_G
__init.stock_location_GBH20367,GBH20367,__init.stock_location_G
__init.stock_location_GBH20436,GBH20436,__init.stock_location_G
__init.stock_location_GBH20581,GBH20581,__init.stock_location_G
__init.stock_location_GBH30222,GBH30222,__init.stock_location_G
__init.stock_location_GBH30440,GBH30440,__init.stock_location_G
__init.stock_location_GBH30500,GBH30500,__init.stock_location_G
__init.stock_location_GBH40149,GBH40149,__init.stock_location_G
__init.stock_location_GBH40273,GBH40273,__init.stock_location_G
__init.stock_location_GBH40306,GBH40306,__init.stock_location_G
__init.stock_location_GBH40450,GBH40450,__init.stock_location_G
__init.stock_location_GBH40524,GBH40524,__init.stock_location_G
__init.stock_location_GBH50104,GBH50104,__init.stock_location_G
__init.stock_location_GBH50214,GBH50214,__init.stock_location_G
__init.stock_location_GBH50380,GBH50380,__init.stock_location_G
__init.stock_location_GBH50477,GBH50477,__init.stock_location_G
__init.stock_location_GBH50552,GBH50552,__init.stock_location_G
__init.stock_location_GBH60107,GBH60107,__init.stock_location_G
__init.stock_location_GBH60257,GBH60257,__init.stock_location_G
__init.stock_location_GBH60352,GBH60352,__init.stock_location_G
__init.stock_location_GBI10117,GBI10117,__init.stock_location_G
__init.stock_location_GBI10244,GBI10244,__init.stock_location_G
__init.stock_location_GBI10382,GBI10382,__init.stock_location_G
__init.stock_location_GBI10401,GBI10401,__init.stock_location_G
__init.stock_location_GBI10587,GBI10587,__init.stock_location_G
__init.stock_location_GBI20102,GBI20102,__init.stock_location_G
__init.stock_location_GBI20232,GBI20232,__init.stock_location_G
__init.stock_location_GBI20320,GBI20320,__init.stock_location_G
__init.stock_location_GBI20435,GBI20435,__init.stock_location_G
__init.stock_location_GBI20513,GBI20513,__init.stock_location_G
__init.stock_location_GBI30196,GBI30196,__init.stock_location_G
__init.stock_location_GBI30208,GBI30208,__init.stock_location_G
__init.stock_location_GBI30351,GBI30351,__init.stock_location_G
__init.stock_location_GBI30437,GBI30437,__init.stock_location_G
__init.stock_location_GBI30516,GBI30516,__init.stock_location_G
__init.stock_location_GBI40168,GBI40168,__init.stock_location_G
__init.stock_location_GBI40282,GBI40282,__init.stock_location_G
__init.stock_location_GBI40399,GBI40399,__init.stock_location_G
__init.stock_location_GBI40410,GBI40410,__init.stock_location_G
__init.stock_location_GBI40574,GBI40574,__init.stock_location_G
__init.stock_location_GBI40654,GBI40654,__init.stock_location_G
__init.stock_location_GBI50245,GBI50245,__init.stock_location_G
__init.stock_location_GBI50396,GBI50396,__init.stock_location_G
__init.stock_location_GBI50455,GBI50455,__init.stock_location_G
__init.stock_location_GBI50577,GBI50577,__init.stock_location_G
__init.stock_location_GBK10114,GBK10114,__init.stock_location_G
__init.stock_location_GBK10359,GBK10359,__init.stock_location_G
__init.stock_location_GBK10544,GBK10544,__init.stock_location_G
__init.stock_location_GBK10705,GBK10705,__init.stock_location_G
__init.stock_location_GBK10976,GBK10976,__init.stock_location_G
__init.stock_location_GBK11164,GBK11164,__init.stock_location_G
__init.stock_location_GBK11306,GBK11306,__init.stock_location_G
__init.stock_location_GBK11591,GBK11591,__init.stock_location_G
__init.stock_location_GBK11750,GBK11750,__init.stock_location_G
__init.stock_location_GBK20150,GBK20150,__init.stock_location_G
__init.stock_location_GBK20348,GBK20348,__init.stock_location_G
__init.stock_location_GBK20762,GBK20762,__init.stock_location_G
__init.stock_location_GBK20958,GBK20958,__init.stock_location_G
__init.stock_location_GBK21106,GBK21106,__init.stock_location_G
__init.stock_location_GBK21397,GBK21397,__init.stock_location_G
__init.stock_location_GBK21584,GBK21584,__init.stock_location_G
__init.stock_location_GBK21703,GBK21703,__init.stock_location_G
__init.stock_location_GBK30127,GBK30127,__init.stock_location_G
__init.stock_location_GBK30363,GBK30363,__init.stock_location_G
__init.stock_location_GBK30512,GBK30512,__init.stock_location_G
__init.stock_location_GBK30734,GBK30734,__init.stock_location_G
__init.stock_location_GBK31177,GBK31177,__init.stock_location_G
__init.stock_location_GBK31309,GBK31309,__init.stock_location_G
__init.stock_location_GBK40156,GBK40156,__init.stock_location_G
__init.stock_location_GBK40375,GBK40375,__init.stock_location_G
__init.stock_location_GBK40503,GBK40503,__init.stock_location_G
__init.stock_location_GBK40700,GBK40700,__init.stock_location_G
__init.stock_location_GBK40941,GBK40941,__init.stock_location_G
__init.stock_location_GBK41193,GBK41193,__init.stock_location_G
__init.stock_location_GBK41345,GBK41345,__init.stock_location_G
__init.stock_location_GBK41539,GBK41539,__init.stock_location_G
__init.stock_location_GBK50104,GBK50104,__init.stock_location_G
__init.stock_location_GBK50395,GBK50395,__init.stock_location_G
__init.stock_location_GBK50584,GBK50584,__init.stock_location_G
__init.stock_location_GBK50798,GBK50798,__init.stock_location_G
__init.stock_location_GBK50973,GBK50973,__init.stock_location_G
__init.stock_location_GBK51145,GBK51145,__init.stock_location_G
__init.stock_location_GBK51749,GBK51749,__init.stock_location_G
__init.stock_location_GBK51963,GBK51963,__init.stock_location_G
__init.stock_location_GBL10124,GBL10124,__init.stock_location_G
__init.stock_location_GBL10241,GBL10241,__init.stock_location_G
__init.stock_location_GBL10304,GBL10304,__init.stock_location_G
__init.stock_location_GBL10498,GBL10498,__init.stock_location_G
__init.stock_location_GBL20192,GBL20192,__init.stock_location_G
__init.stock_location_GBL20291,GBL20291,__init.stock_location_G
__init.stock_location_GBL20301,GBL20301,__init.stock_location_G
__init.stock_location_GBL20442,GBL20442,__init.stock_location_G
__init.stock_location_GBL20569,GBL20569,__init.stock_location_G
__init.stock_location_GBL30138,GBL30138,__init.stock_location_G
__init.stock_location_GBL30295,GBL30295,__init.stock_location_G
__init.stock_location_GBL30355,GBL30355,__init.stock_location_G
__init.stock_location_GBL30450,GBL30450,__init.stock_location_G
__init.stock_location_GBL40137,GBL40137,__init.stock_location_G
__init.stock_location_GBL40273,GBL40273,__init.stock_location_G
__init.stock_location_GBL40307,GBL40307,__init.stock_location_G
__init.stock_location_GBL40440,GBL40440,__init.stock_location_G
__init.stock_location_GBM10193,GBM10193,__init.stock_location_G
__init.stock_location_GBM10387,GBM10387,__init.stock_location_G
__init.stock_location_GBM10567,GBM10567,__init.stock_location_G
__init.stock_location_GBM10743,GBM10743,__init.stock_location_G
__init.stock_location_GBM10931,GBM10931,__init.stock_location_G
__init.stock_location_GBM11142,GBM11142,__init.stock_location_G
__init.stock_location_GBM11315,GBM11315,__init.stock_location_G
__init.stock_location_GBM11581,GBM11581,__init.stock_location_G
__init.stock_location_GBM20113,GBM20113,__init.stock_location_G
__init.stock_location_GBM20316,GBM20316,__init.stock_location_G
__init.stock_location_GBM20563,GBM20563,__init.stock_location_G
__init.stock_location_GBM20780,GBM20780,__init.stock_location_G
__init.stock_location_GBM20948,GBM20948,__init.stock_location_G
__init.stock_location_GBM21117,GBM21117,__init.stock_location_G
__init.stock_location_GBM21550,GBM21550,__init.stock_location_G
__init.stock_location_GBM21763,GBM21763,__init.stock_location_G
__init.stock_location_GBM30159,GBM30159,__init.stock_location_G
__init.stock_location_GBM30354,GBM30354,__init.stock_location_G
__init.stock_location_GBM30514,GBM30514,__init.stock_location_G
__init.stock_location_GBM30780,GBM30780,__init.stock_location_G
__init.stock_location_GBM30955,GBM30955,__init.stock_location_G
__init.stock_location_GBM31138,GBM31138,__init.stock_location_G
__init.stock_location_GBM31347,GBM31347,__init.stock_location_G
__init.stock_location_GBM31540,GBM31540,__init.stock_location_G
__init.stock_location_GBM40121,GBM40121,__init.stock_location_G
__init.stock_location_GBM40302,GBM40302,__init.stock_location_G
__init.stock_location_GBM40573,GBM40573,__init.stock_location_G
__init.stock_location_GBM40744,GBM40744,__init.stock_location_G
__init.stock_location_GBM40941,GBM40941,__init.stock_location_G
__init.stock_location_GBM41199,GBM41199,__init.stock_location_G
__init.stock_location_GBM41366,GBM41366,__init.stock_location_G
__init.stock_location_GBM41563,GBM41563,__init.stock_location_G
__init.stock_location_GBM50142,GBM50142,__init.stock_location_G
__init.stock_location_GBM50354,GBM50354,__init.stock_location_G
__init.stock_location_GBM50592,GBM50592,__init.stock_location_G
__init.stock_location_GBM50709,GBM50709,__init.stock_location_G
__init.stock_location_GBM50998,GBM50998,__init.stock_location_G
__init.stock_location_GBM51151,GBM51151,__init.stock_location_G
__init.stock_location_GBM51581,GBM51581,__init.stock_location_G
__init.stock_location_GBM51792,GBM51792,__init.stock_location_G
__init.stock_location_GBN10171,GBN10171,__init.stock_location_G
__init.stock_location_GBN10247,GBN10247,__init.stock_location_G
__init.stock_location_GBN10397,GBN10397,__init.stock_location_G
__init.stock_location_GBN10445,GBN10445,__init.stock_location_G
__init.stock_location_GBN20283,GBN20283,__init.stock_location_G
__init.stock_location_GBN20335,GBN20335,__init.stock_location_G
__init.stock_location_GBN20497,GBN20497,__init.stock_location_G
__init.stock_location_GBN30156,GBN30156,__init.stock_location_G
__init.stock_location_GBN30257,GBN30257,__init.stock_location_G
__init.stock_location_GBN30339,GBN30339,__init.stock_location_G
__init.stock_location_GBN30475,GBN30475,__init.stock_location_G
__init.stock_location_GBN40181,GBN40181,__init.stock_location_G
__init.stock_location_GBN40235,GBN40235,__init.stock_location_G
__init.stock_location_GBN40300,GBN40300,__init.stock_location_G
__init.stock_location_GBN40404,GBN40404,__init.stock_location_G
__init.stock_location_GBN40539,GBN40539,__init.stock_location_G
__init.stock_location_GBO10141,GBO10141,__init.stock_location_G
__init.stock_location_GBO10205,GBO10205,__init.stock_location_G
__init.stock_location_GBO10371,GBO10371,__init.stock_location_G
__init.stock_location_GBO10478,GBO10478,__init.stock_location_G
__init.stock_location_GBO20101,GBO20101,__init.stock_location_G
__init.stock_location_GBO20289,GBO20289,__init.stock_location_G
__init.stock_location_GBO20355,GBO20355,__init.stock_location_G
__init.stock_location_GBO20451,GBO20451,__init.stock_location_G
__init.stock_location_GBO20545,GBO20545,__init.stock_location_G
__init.stock_location_GBO30178,GBO30178,__init.stock_location_G
__init.stock_location_GBO30295,GBO30295,__init.stock_location_G
__init.stock_location_GBO30388,GBO30388,__init.stock_location_G
__init.stock_location_GBO30484,GBO30484,__init.stock_location_G
__init.stock_location_GBO30571,GBO30571,__init.stock_location_G
__init.stock_location_GBO40151,GBO40151,__init.stock_location_G
__init.stock_location_GBO40274,GBO40274,__init.stock_location_G
__init.stock_location_GBO40304,GBO40304,__init.stock_location_G
__init.stock_location_GBO40437,GBO40437,__init.stock_location_G
__init.stock_location_GBP10137,GBP10137,__init.stock_location_G
__init.stock_location_GBP10362,GBP10362,__init.stock_location_G
__init.stock_location_GBP10903,GBP10903,__init.stock_location_G
__init.stock_location_GBP11181,GBP11181,__init.stock_location_G
__init.stock_location_GBP11391,GBP11391,__init.stock_location_G
__init.stock_location_GBP11526,GBP11526,__init.stock_location_G
__init.stock_location_GBP11727,GBP11727,__init.stock_location_G
__init.stock_location_GBP20115,GBP20115,__init.stock_location_G
__init.stock_location_GBP20380,GBP20380,__init.stock_location_G
__init.stock_location_GBP20533,GBP20533,__init.stock_location_G
__init.stock_location_GBP20777,GBP20777,__init.stock_location_G
__init.stock_location_GBP21166,GBP21166,__init.stock_location_G
__init.stock_location_GBP21314,GBP21314,__init.stock_location_G
__init.stock_location_GBP21570,GBP21570,__init.stock_location_G
__init.stock_location_GBP21689,GBP21689,__init.stock_location_G
__init.stock_location_GBP21704,GBP21704,__init.stock_location_G
__init.stock_location_GBP30112,GBP30112,__init.stock_location_G
__init.stock_location_GBP30371,GBP30371,__init.stock_location_G
__init.stock_location_GBP30526,GBP30526,__init.stock_location_G
__init.stock_location_GBP30710,GBP30710,__init.stock_location_G
__init.stock_location_GBP30993,GBP30993,__init.stock_location_G
__init.stock_location_GBP31187,GBP31187,__init.stock_location_G
__init.stock_location_GBP31339,GBP31339,__init.stock_location_G
__init.stock_location_GBP31505,GBP31505,__init.stock_location_G
__init.stock_location_GBP31728,GBP31728,__init.stock_location_G
__init.stock_location_GBP31927,GBP31927,__init.stock_location_G
__init.stock_location_GBP40186,GBP40186,__init.stock_location_G
__init.stock_location_GBP40389,GBP40389,__init.stock_location_G
__init.stock_location_GBP40561,GBP40561,__init.stock_location_G
__init.stock_location_GBP40764,GBP40764,__init.stock_location_G
__init.stock_location_GBP40930,GBP40930,__init.stock_location_G
__init.stock_location_GBP41119,GBP41119,__init.stock_location_G
__init.stock_location_GBP41302,GBP41302,__init.stock_location_G
__init.stock_location_GBP41521,GBP41521,__init.stock_location_G
__init.stock_location_GBP50103,GBP50103,__init.stock_location_G
__init.stock_location_GBP50322,GBP50322,__init.stock_location_G
__init.stock_location_GBP50545,GBP50545,__init.stock_location_G
__init.stock_location_GBP50790,GBP50790,__init.stock_location_G
__init.stock_location_GBP50994,GBP50994,__init.stock_location_G
__init.stock_location_GBP51136,GBP51136,__init.stock_location_G
__init.stock_location_GBP51392,GBP51392,__init.stock_location_G
__init.stock_location_GBP51594,GBP51594,__init.stock_location_G
__init.stock_location_GBR10106,GBR10106,__init.stock_location_G
__init.stock_location_GBR10237,GBR10237,__init.stock_location_G
__init.stock_location_GBR10326,GBR10326,__init.stock_location_G
__init.stock_location_GBR10478,GBR10478,__init.stock_location_G
__init.stock_location_GBR20170,GBR20170,__init.stock_location_G
__init.stock_location_GBR20281,GBR20281,__init.stock_location_G
__init.stock_location_GBR20325,GBR20325,__init.stock_location_G
__init.stock_location_GBR20479,GBR20479,__init.stock_location_G
__init.stock_location_GBR20503,GBR20503,__init.stock_location_G
__init.stock_location_GBR30128,GBR30128,__init.stock_location_G
__init.stock_location_GBR30206,GBR30206,__init.stock_location_G
__init.stock_location_GBR30396,GBR30396,__init.stock_location_G
__init.stock_location_GBR30479,GBR30479,__init.stock_location_G
__init.stock_location_GBR30590,GBR30590,__init.stock_location_G
__init.stock_location_GBR40160,GBR40160,__init.stock_location_G
__init.stock_location_GBR40219,GBR40219,__init.stock_location_G
__init.stock_location_GBR40305,GBR40305,__init.stock_location_G
__init.stock_location_GBR40467,GBR40467,__init.stock_location_G
__init.stock_location_GBR40522,GBR40522,__init.stock_location_G
__init.stock_location_GBS10127,GBS10127,__init.stock_location_G
__init.stock_location_GBS10224,GBS10224,__init.stock_location_G
__init.stock_location_GBS10306,GBS10306,__init.stock_location_G
__init.stock_location_GBS10418,GBS10418,__init.stock_location_G
__init.stock_location_GBS10550,GBS10550,__init.stock_location_G
__init.stock_location_GBS20100,GBS20100,__init.stock_location_G
__init.stock_location_GBS20232,GBS20232,__init.stock_location_G
__init.stock_location_GBS20334,GBS20334,__init.stock_location_G
__init.stock_location_GBS20481,GBS20481,__init.stock_location_G
__init.stock_location_GBS20524,GBS20524,__init.stock_location_G
__init.stock_location_GBS30120,GBS30120,__init.stock_location_G
__init.stock_location_GBS30276,GBS30276,__init.stock_location_G
__init.stock_location_GBS30304,GBS30304,__init.stock_location_G
__init.stock_location_GBS30420,GBS30420,__init.stock_location_G
__init.stock_location_GBS30504,GBS30504,__init.stock_location_G
__init.stock_location_GBS40180,GBS40180,__init.stock_location_G
__init.stock_location_GBS40229,GBS40229,__init.stock_location_G
__init.stock_location_GBS40385,GBS40385,__init.stock_location_G
__init.stock_location_GBS40454,GBS40454,__init.stock_location_G
__init.stock_location_GBT10158,GBT10158,__init.stock_location_G
__init.stock_location_GBT10566,GBT10566,__init.stock_location_G
__init.stock_location_GBT10731,GBT10731,__init.stock_location_G
__init.stock_location_GBT10949,GBT10949,__init.stock_location_G
__init.stock_location_GBT11155,GBT11155,__init.stock_location_G
__init.stock_location_GBT11387,GBT11387,__init.stock_location_G
__init.stock_location_GBT11527,GBT11527,__init.stock_location_G
__init.stock_location_GBT11711,GBT11711,__init.stock_location_G
__init.stock_location_GBT11959,GBT11959,__init.stock_location_G
__init.stock_location_GBT20127,GBT20127,__init.stock_location_G
__init.stock_location_GBT20348,GBT20348,__init.stock_location_G
__init.stock_location_GBT20575,GBT20575,__init.stock_location_G
__init.stock_location_GBT20762,GBT20762,__init.stock_location_G
__init.stock_location_GBT20914,GBT20914,__init.stock_location_G
__init.stock_location_GBT21108,GBT21108,__init.stock_location_G
__init.stock_location_GBT21397,GBT21397,__init.stock_location_G
__init.stock_location_GBT21584,GBT21584,__init.stock_location_G
__init.stock_location_GBT21703,GBT21703,__init.stock_location_G
__init.stock_location_GBT30191,GBT30191,__init.stock_location_G
__init.stock_location_GBT30334,GBT30334,__init.stock_location_G
__init.stock_location_GBT30504,GBT30504,__init.stock_location_G
__init.stock_location_GBT30738,GBT30738,__init.stock_location_G
__init.stock_location_GBT30949,GBT30949,__init.stock_location_G
__init.stock_location_GBT31168,GBT31168,__init.stock_location_G
__init.stock_location_GBT31398,GBT31398,__init.stock_location_G
__init.stock_location_GBT31587,GBT31587,__init.stock_location_G
__init.stock_location_GBT31780,GBT31780,__init.stock_location_G
__init.stock_location_GBT40104,GBT40104,__init.stock_location_G
__init.stock_location_GBT40297,GBT40297,__init.stock_location_G
__init.stock_location_GBT40368,GBT40368,__init.stock_location_G
__init.stock_location_GBT40780,GBT40780,__init.stock_location_G
__init.stock_location_GBT40934,GBT40934,__init.stock_location_G
__init.stock_location_GBT41164,GBT41164,__init.stock_location_G
__init.stock_location_GBT41392,GBT41392,__init.stock_location_G
__init.stock_location_GBT41520,GBT41520,__init.stock_location_G
__init.stock_location_GBT41798,GBT41798,__init.stock_location_G
__init.stock_location_GBT50131,GBT50131,__init.stock_location_G
__init.stock_location_GBT50309,GBT50309,__init.stock_location_G
__init.stock_location_GBT50524,GBT50524,__init.stock_location_G
__init.stock_location_GBT50799,GBT50799,__init.stock_location_G
__init.stock_location_GBT50941,GBT50941,__init.stock_location_G
__init.stock_location_GBT51100,GBT51100,__init.stock_location_G
__init.stock_location_GBT51312,GBT51312,__init.stock_location_G
__init.stock_location_GBT51552,GBT51552,__init.stock_location_G
__init.stock_location_GBT51751,GBT51751,__init.stock_location_G
__init.stock_location_GBU10237,GBU10237,__init.stock_location_G
__init.stock_location_GBU10353,GBU10353,__init.stock_location_G
__init.stock_location_GBU10416,GBU10416,__init.stock_location_G
__init.stock_location_GBU20155,GBU20155,__init.stock_location_G
__init.stock_location_GBU20292,GBU20292,__init.stock_location_G
__init.stock_location_GBU20367,GBU20367,__init.stock_location_G
__init.stock_location_GBU20403,GBU20403,__init.stock_location_G
__init.stock_location_GBU20563,GBU20563,__init.stock_location_G
__init.stock_location_GBU30186,GBU30186,__init.stock_location_G
__init.stock_location_GBU30231,GBU30231,__init.stock_location_G
__init.stock_location_GBU30316,GBU30316,__init.stock_location_G
__init.stock_location_GBU30465,GBU30465,__init.stock_location_G
__init.stock_location_GBU30572,GBU30572,__init.stock_location_G
__init.stock_location_GBU40163,GBU40163,__init.stock_location_G
__init.stock_location_GBU40201,GBU40201,__init.stock_location_G
__init.stock_location_GBU40337,GBU40337,__init.stock_location_G
__init.stock_location_GBU40426,GBU40426,__init.stock_location_G
__init.stock_location_GBU40535,GBU40535,__init.stock_location_G
__init.stock_location_GBV10108,GBV10108,__init.stock_location_G
__init.stock_location_GBV10246,GBV10246,__init.stock_location_G
__init.stock_location_GBV10305,GBV10305,__init.stock_location_G
__init.stock_location_GBV10417,GBV10417,__init.stock_location_G
__init.stock_location_GBV20125,GBV20125,__init.stock_location_G
__init.stock_location_GBV20212,GBV20212,__init.stock_location_G
__init.stock_location_GBV20338,GBV20338,__init.stock_location_G
__init.stock_location_GBV20405,GBV20405,__init.stock_location_G
__init.stock_location_GBV20562,GBV20562,__init.stock_location_G
__init.stock_location_GBV30109,GBV30109,__init.stock_location_G
__init.stock_location_GBV30260,GBV30260,__init.stock_location_G
__init.stock_location_GBV30361,GBV30361,__init.stock_location_G
__init.stock_location_GBV30403,GBV30403,__init.stock_location_G
__init.stock_location_GBV30581,GBV30581,__init.stock_location_G
__init.stock_location_GBV40154,GBV40154,__init.stock_location_G
__init.stock_location_GBV40277,GBV40277,__init.stock_location_G
__init.stock_location_GBV40360,GBV40360,__init.stock_location_G
__init.stock_location_GBV40401,GBV40401,__init.stock_location_G
__init.stock_location_GBV40587,GBV40587,__init.stock_location_G
__init.stock_location_GBX10191,GBX10191,__init.stock_location_G
__init.stock_location_GBX10370,GBX10370,__init.stock_location_G
__init.stock_location_GBX10502,GBX10502,__init.stock_location_G
__init.stock_location_GBX10757,GBX10757,__init.stock_location_G
__init.stock_location_GBX10830,GBX10830,__init.stock_location_G
__init.stock_location_GBX10940,GBX10940,__init.stock_location_G
__init.stock_location_GBX11109,GBX11109,__init.stock_location_G
__init.stock_location_GBX11322,GBX11322,__init.stock_location_G
__init.stock_location_GBX11516,GBX11516,__init.stock_location_G
__init.stock_location_GBX20345,GBX20345,__init.stock_location_G
__init.stock_location_GBX20512,GBX20512,__init.stock_location_G
__init.stock_location_GBX20734,GBX20734,__init.stock_location_G
__init.stock_location_GBX20961,GBX20961,__init.stock_location_G
__init.stock_location_GBX21182,GBX21182,__init.stock_location_G
__init.stock_location_GBX21345,GBX21345,__init.stock_location_G
__init.stock_location_GBX21518,GBX21518,__init.stock_location_G
__init.stock_location_GBX30118,GBX30118,__init.stock_location_G
__init.stock_location_GBX30330,GBX30330,__init.stock_location_G
__init.stock_location_GBX30576,GBX30576,__init.stock_location_G
__init.stock_location_GBX30786,GBX30786,__init.stock_location_G
__init.stock_location_GBX30918,GBX30918,__init.stock_location_G
__init.stock_location_GBX31101,GBX31101,__init.stock_location_G
__init.stock_location_GBX31313,GBX31313,__init.stock_location_G
__init.stock_location_GBX31541,GBX31541,__init.stock_location_G
__init.stock_location_GBX31769,GBX31769,__init.stock_location_G
__init.stock_location_GBX40164,GBX40164,__init.stock_location_G
__init.stock_location_GBX40350,GBX40350,__init.stock_location_G
__init.stock_location_GBX40551,GBX40551,__init.stock_location_G
__init.stock_location_GBX40757,GBX40757,__init.stock_location_G
__init.stock_location_GBX40917,GBX40917,__init.stock_location_G
__init.stock_location_GBX41168,GBX41168,__init.stock_location_G
__init.stock_location_GBX41319,GBX41319,__init.stock_location_G
__init.stock_location_GBX41555,GBX41555,__init.stock_location_G
__init.stock_location_GBX41761,GBX41761,__init.stock_location_G
__init.stock_location_GBX50157,GBX50157,__init.stock_location_G
__init.stock_location_GBX50335,GBX50335,__init.stock_location_G
__init.stock_location_GBX50548,GBX50548,__init.stock_location_G
__init.stock_location_GBX50769,GBX50769,__init.stock_location_G
__init.stock_location_GBX50954,GBX50954,__init.stock_location_G
__init.stock_location_GBX51169,GBX51169,__init.stock_location_G
__init.stock_location_GBX51370,GBX51370,__init.stock_location_G
__init.stock_location_GBX51537,GBX51537,__init.stock_location_G
__init.stock_location_GBY10179,GBY10179,__init.stock_location_G
__init.stock_location_GBY10239,GBY10239,__init.stock_location_G
__init.stock_location_GBY10324,GBY10324,__init.stock_location_G
__init.stock_location_GBY10446,GBY10446,__init.stock_location_G
__init.stock_location_GBY20129,GBY20129,__init.stock_location_G
__init.stock_location_GBY20263,GBY20263,__init.stock_location_G
__init.stock_location_GBY20326,GBY20326,__init.stock_location_G
__init.stock_location_GBY20414,GBY20414,__init.stock_location_G
__init.stock_location_GBY30120,GBY30120,__init.stock_location_G
__init.stock_location_GBY30272,GBY30272,__init.stock_location_G
__init.stock_location_GBY30315,GBY30315,__init.stock_location_G
__init.stock_location_GBY30459,GBY30459,__init.stock_location_G
__init.stock_location_GBY30561,GBY30561,__init.stock_location_G
__init.stock_location_GBY40155,GBY40155,__init.stock_location_G
__init.stock_location_GBY40275,GBY40275,__init.stock_location_G
__init.stock_location_GBY40344,GBY40344,__init.stock_location_G
__init.stock_location_GBY40474,GBY40474,__init.stock_location_G
__init.stock_location_GC01A104,GC01A104,__init.stock_location_G
__init.stock_location_GC01A200,GC01A200,__init.stock_location_G
__init.stock_location_GC01A325,GC01A325,__init.stock_location_G
__init.stock_location_GC01A478,GC01A478,__init.stock_location_G
__init.stock_location_GC01A596,GC01A596,__init.stock_location_G
__init.stock_location_GC01B153,GC01B153,__init.stock_location_G
__init.stock_location_GC01B200,GC01B200,__init.stock_location_G
__init.stock_location_GC01B320,GC01B320,__init.stock_location_G
__init.stock_location_GC01B495,GC01B495,__init.stock_location_G
__init.stock_location_GC01B578,GC01B578,__init.stock_location_G
__init.stock_location_GC01C177,GC01C177,__init.stock_location_G
__init.stock_location_GC01C231,GC01C231,__init.stock_location_G
__init.stock_location_GC01C349,GC01C349,__init.stock_location_G
__init.stock_location_GC01C458,GC01C458,__init.stock_location_G
__init.stock_location_GC01C515,GC01C515,__init.stock_location_G
__init.stock_location_GC01D189,GC01D189,__init.stock_location_G
__init.stock_location_GC01D220,GC01D220,__init.stock_location_G
__init.stock_location_GC01D378,GC01D378,__init.stock_location_G
__init.stock_location_GC01D443,GC01D443,__init.stock_location_G
__init.stock_location_GC01D591,GC01D591,__init.stock_location_G
__init.stock_location_GC02A111,GC02A111,__init.stock_location_G
__init.stock_location_GC02A243,GC02A243,__init.stock_location_G
__init.stock_location_GC02A335,GC02A335,__init.stock_location_G
__init.stock_location_GC02A440,GC02A440,__init.stock_location_G
__init.stock_location_GC02A552,GC02A552,__init.stock_location_G
__init.stock_location_GC02B127,GC02B127,__init.stock_location_G
__init.stock_location_GC02B204,GC02B204,__init.stock_location_G
__init.stock_location_GC02B351,GC02B351,__init.stock_location_G
__init.stock_location_GC02B451,GC02B451,__init.stock_location_G
__init.stock_location_GC02C103,GC02C103,__init.stock_location_G
__init.stock_location_GC02C240,GC02C240,__init.stock_location_G
__init.stock_location_GC02C335,GC02C335,__init.stock_location_G
__init.stock_location_GC02C436,GC02C436,__init.stock_location_G
__init.stock_location_GC02C521,GC02C521,__init.stock_location_G
__init.stock_location_GC02D152,GC02D152,__init.stock_location_G
__init.stock_location_GC02D205,GC02D205,__init.stock_location_G
__init.stock_location_GC02D308,GC02D308,__init.stock_location_G
__init.stock_location_GC02D474,GC02D474,__init.stock_location_G
__init.stock_location_GC02D543,GC02D543,__init.stock_location_G
__init.stock_location_GC02D613,GC02D613,__init.stock_location_G
__init.stock_location_GC02E120,GC02E120,__init.stock_location_G
__init.stock_location_GC02E214,GC02E214,__init.stock_location_G
__init.stock_location_GC03A219,GC03A219,__init.stock_location_G
__init.stock_location_GC03A351,GC03A351,__init.stock_location_G
__init.stock_location_GC03A474,GC03A474,__init.stock_location_G
__init.stock_location_GC03B234,GC03B234,__init.stock_location_G
__init.stock_location_GC03B375,GC03B375,__init.stock_location_G
__init.stock_location_GC03B405,GC03B405,__init.stock_location_G
__init.stock_location_GC03B502,GC03B502,__init.stock_location_G
__init.stock_location_GC03B709,GC03B709,__init.stock_location_G
__init.stock_location_GC03C113,GC03C113,__init.stock_location_G
__init.stock_location_GC03C227,GC03C227,__init.stock_location_G
__init.stock_location_GC03C302,GC03C302,__init.stock_location_G
__init.stock_location_GC03C421,GC03C421,__init.stock_location_G
__init.stock_location_GC03C589,GC03C589,__init.stock_location_G
__init.stock_location_GC03C718,GC03C718,__init.stock_location_G
__init.stock_location_GC03D150,GC03D150,__init.stock_location_G
__init.stock_location_GC03D368,GC03D368,__init.stock_location_G
__init.stock_location_GC03D470,GC03D470,__init.stock_location_G
__init.stock_location_GC03D551,GC03D551,__init.stock_location_G
__init.stock_location_GC03D605,GC03D605,__init.stock_location_G
__init.stock_location_GC03D781,GC03D781,__init.stock_location_G
__init.stock_location_GC03E163,GC03E163,__init.stock_location_G
__init.stock_location_GC03E268,GC03E268,__init.stock_location_G
__init.stock_location_GC03E316,GC03E316,__init.stock_location_G
__init.stock_location_GC03E481,GC03E481,__init.stock_location_G
__init.stock_location_GC03E565,GC03E565,__init.stock_location_G
__init.stock_location_GC03E610,GC03E610,__init.stock_location_G
__init.stock_location_GC03E725,GC03E725,__init.stock_location_G
__init.stock_location_GC03F135,GC03F135,__init.stock_location_G
__init.stock_location_GC03F275,GC03F275,__init.stock_location_G
__init.stock_location_GC03F378,GC03F378,__init.stock_location_G
__init.stock_location_GC03F428,GC03F428,__init.stock_location_G
__init.stock_location_GC03F610,GC03F610,__init.stock_location_G
__init.stock_location_GC03G102,GC03G102,__init.stock_location_G
__init.stock_location_GC03G213,GC03G213,__init.stock_location_G
__init.stock_location_GC03G371,GC03G371,__init.stock_location_G
__init.stock_location_GC03G475,GC03G475,__init.stock_location_G
__init.stock_location_GC03G569,GC03G569,__init.stock_location_G
__init.stock_location_GC03G621,GC03G621,__init.stock_location_G
__init.stock_location_GC04A102,GC04A102,__init.stock_location_G
__init.stock_location_GC04A205,GC04A205,__init.stock_location_G
__init.stock_location_GC04B181,GC04B181,__init.stock_location_G
__init.stock_location_GC04B245,GC04B245,__init.stock_location_G
__init.stock_location_GC04B325,GC04B325,__init.stock_location_G
__init.stock_location_GC04B418,GC04B418,__init.stock_location_G
__init.stock_location_GC04B543,GC04B543,__init.stock_location_G
__init.stock_location_GC04C131,GC04C131,__init.stock_location_G
__init.stock_location_GC04C243,GC04C243,__init.stock_location_G
__init.stock_location_GC04C322,GC04C322,__init.stock_location_G
__init.stock_location_GC04C400,GC04C400,__init.stock_location_G
__init.stock_location_GC04C523,GC04C523,__init.stock_location_G
__init.stock_location_GC04D119,GC04D119,__init.stock_location_G
__init.stock_location_GC04D253,GC04D253,__init.stock_location_G
__init.stock_location_GC04D368,GC04D368,__init.stock_location_G
__init.stock_location_GC04D402,GC04D402,__init.stock_location_G
__init.stock_location_GC04D510,GC04D510,__init.stock_location_G
__init.stock_location_GC05A155,GC05A155,__init.stock_location_G
__init.stock_location_GC05A235,GC05A235,__init.stock_location_G
__init.stock_location_GC05A318,GC05A318,__init.stock_location_G
__init.stock_location_GC05A452,GC05A452,__init.stock_location_G
__init.stock_location_GC05A560,GC05A560,__init.stock_location_G
__init.stock_location_GC05B135,GC05B135,__init.stock_location_G
__init.stock_location_GC05B232,GC05B232,__init.stock_location_G
__init.stock_location_GC05B303,GC05B303,__init.stock_location_G
__init.stock_location_GC05B420,GC05B420,__init.stock_location_G
__init.stock_location_GC05B613,GC05B613,__init.stock_location_G
__init.stock_location_GC05C145,GC05C145,__init.stock_location_G
__init.stock_location_GC05C292,GC05C292,__init.stock_location_G
__init.stock_location_GC05C369,GC05C369,__init.stock_location_G
__init.stock_location_GC05C404,GC05C404,__init.stock_location_G
__init.stock_location_GC05C505,GC05C505,__init.stock_location_G
__init.stock_location_GC05D122,GC05D122,__init.stock_location_G
__init.stock_location_GC05D278,GC05D278,__init.stock_location_G
__init.stock_location_GC05D340,GC05D340,__init.stock_location_G
__init.stock_location_GC05D428,GC05D428,__init.stock_location_G
__init.stock_location_GC05D545,GC05D545,__init.stock_location_G
__init.stock_location_GC05E123,GC05E123,__init.stock_location_G
__init.stock_location_GC05E205,GC05E205,__init.stock_location_G
__init.stock_location_GC05E352,GC05E352,__init.stock_location_G
__init.stock_location_GC05E417,GC05E417,__init.stock_location_G
__init.stock_location_GC05E506,GC05E506,__init.stock_location_G
__init.stock_location_GC05E667,GC05E667,__init.stock_location_G
__init.stock_location_GC05F106,GC05F106,__init.stock_location_G
__init.stock_location_GC05F223,GC05F223,__init.stock_location_G
__init.stock_location_GC05F325,GC05F325,__init.stock_location_G
__init.stock_location_GC05F452,GC05F452,__init.stock_location_G
__init.stock_location_GC05F505,GC05F505,__init.stock_location_G
__init.stock_location_GC05F616,GC05F616,__init.stock_location_G
__init.stock_location_GC05F734,GC05F734,__init.stock_location_G
__init.stock_location_GC05G127,GC05G127,__init.stock_location_G
__init.stock_location_GC05G293,GC05G293,__init.stock_location_G
__init.stock_location_GC05G398,GC05G398,__init.stock_location_G
__init.stock_location_GC05G416,GC05G416,__init.stock_location_G
__init.stock_location_GC05G504,GC05G504,__init.stock_location_G
__init.stock_location_GC05G609,GC05G609,__init.stock_location_G
__init.stock_location_GC05G712,GC05G712,__init.stock_location_G
__init.stock_location_GC06A155,GC06A155,__init.stock_location_G
__init.stock_location_GC06A225,GC06A225,__init.stock_location_G
__init.stock_location_GC06A352,GC06A352,__init.stock_location_G
__init.stock_location_GC06A429,GC06A429,__init.stock_location_G
__init.stock_location_GC06B100,GC06B100,__init.stock_location_G
__init.stock_location_GC06B215,GC06B215,__init.stock_location_G
__init.stock_location_GC06B390,GC06B390,__init.stock_location_G
__init.stock_location_GC06B418,GC06B418,__init.stock_location_G
__init.stock_location_GC06B542,GC06B542,__init.stock_location_G
__init.stock_location_GC06C144,GC06C144,__init.stock_location_G
__init.stock_location_GC06C208,GC06C208,__init.stock_location_G
__init.stock_location_GC06D130,GC06D130,__init.stock_location_G
__init.stock_location_GC06D297,GC06D297,__init.stock_location_G
__init.stock_location_GC06D305,GC06D305,__init.stock_location_G
__init.stock_location_GC06D403,GC06D403,__init.stock_location_G
__init.stock_location_GC06D506,GC06D506,__init.stock_location_G
__init.stock_location_GC07A120,GC07A120,__init.stock_location_G
__init.stock_location_GC07A235,GC07A235,__init.stock_location_G
__init.stock_location_GC07A326,GC07A326,__init.stock_location_G
__init.stock_location_GC07A457,GC07A457,__init.stock_location_G
__init.stock_location_GC07A571,GC07A571,__init.stock_location_G
__init.stock_location_GC07B122,GC07B122,__init.stock_location_G
__init.stock_location_GC07B217,GC07B217,__init.stock_location_G
__init.stock_location_GC07B338,GC07B338,__init.stock_location_G
__init.stock_location_GC07B427,GC07B427,__init.stock_location_G
__init.stock_location_GC07B523,GC07B523,__init.stock_location_G
__init.stock_location_GC07B637,GC07B637,__init.stock_location_G
__init.stock_location_GC07C114,GC07C114,__init.stock_location_G
__init.stock_location_GC07C240,GC07C240,__init.stock_location_G
__init.stock_location_GC07C320,GC07C320,__init.stock_location_G
__init.stock_location_GC07C410,GC07C410,__init.stock_location_G
__init.stock_location_GC07C505,GC07C505,__init.stock_location_G
__init.stock_location_GC07D144,GC07D144,__init.stock_location_G
__init.stock_location_GC07D214,GC07D214,__init.stock_location_G
__init.stock_location_GC07D317,GC07D317,__init.stock_location_G
__init.stock_location_GC07D406,GC07D406,__init.stock_location_G
__init.stock_location_GC07D563,GC07D563,__init.stock_location_G
__init.stock_location_GC07D643,GC07D643,__init.stock_location_G
__init.stock_location_GC07D759,GC07D759,__init.stock_location_G
__init.stock_location_GC07D811,GC07D811,__init.stock_location_G
__init.stock_location_GC07E101,GC07E101,__init.stock_location_G
__init.stock_location_GC07E223,GC07E223,__init.stock_location_G
__init.stock_location_GC07E305,GC07E305,__init.stock_location_G
__init.stock_location_GC07E409,GC07E409,__init.stock_location_G
__init.stock_location_GC07E559,GC07E559,__init.stock_location_G
__init.stock_location_GC07E604,GC07E604,__init.stock_location_G
__init.stock_location_GC07F120,GC07F120,__init.stock_location_G
__init.stock_location_GC07F204,GC07F204,__init.stock_location_G
__init.stock_location_GC07F310,GC07F310,__init.stock_location_G
__init.stock_location_GC07F431,GC07F431,__init.stock_location_G
__init.stock_location_GC07F598,GC07F598,__init.stock_location_G
__init.stock_location_GC07F629,GC07F629,__init.stock_location_G
__init.stock_location_GC07G161,GC07G161,__init.stock_location_G
__init.stock_location_GC07G263,GC07G263,__init.stock_location_G
__init.stock_location_GC07G364,GC07G364,__init.stock_location_G
__init.stock_location_GC07G467,GC07G467,__init.stock_location_G
__init.stock_location_GC07G509,GC07G509,__init.stock_location_G
__init.stock_location_GC07G671,GC07G671,__init.stock_location_G
__init.stock_location_GC08A108,GC08A108,__init.stock_location_G
__init.stock_location_GC08A271,GC08A271,__init.stock_location_G
__init.stock_location_GC08A333,GC08A333,__init.stock_location_G
__init.stock_location_GC08A450,GC08A450,__init.stock_location_G
__init.stock_location_GC08B192,GC08B192,__init.stock_location_G
__init.stock_location_GC08B298,GC08B298,__init.stock_location_G
__init.stock_location_GC08B383,GC08B383,__init.stock_location_G
__init.stock_location_GC08B496,GC08B496,__init.stock_location_G
__init.stock_location_GC08B515,GC08B515,__init.stock_location_G
__init.stock_location_GC08C103,GC08C103,__init.stock_location_G
__init.stock_location_GC08C247,GC08C247,__init.stock_location_G
__init.stock_location_GC08C329,GC08C329,__init.stock_location_G
__init.stock_location_GC08C583,GC08C583,__init.stock_location_G
__init.stock_location_GC08C651,GC08C651,__init.stock_location_G
__init.stock_location_GC08D182,GC08D182,__init.stock_location_G
__init.stock_location_GC08D254,GC08D254,__init.stock_location_G
__init.stock_location_GC08D300,GC08D300,__init.stock_location_G
__init.stock_location_GC08D409,GC08D409,__init.stock_location_G
__init.stock_location_GC08D513,GC08D513,__init.stock_location_G
__init.stock_location_GC09A137,GC09A137,__init.stock_location_G
__init.stock_location_GC09A290,GC09A290,__init.stock_location_G
__init.stock_location_GC09A336,GC09A336,__init.stock_location_G
__init.stock_location_GC09A420,GC09A420,__init.stock_location_G
__init.stock_location_GC09A534,GC09A534,__init.stock_location_G
__init.stock_location_GC09A611,GC09A611,__init.stock_location_G
__init.stock_location_GC09A791,GC09A791,__init.stock_location_G
__init.stock_location_GC09B100,GC09B100,__init.stock_location_G
__init.stock_location_GC09B324,GC09B324,__init.stock_location_G
__init.stock_location_GC09B463,GC09B463,__init.stock_location_G
__init.stock_location_GC09B557,GC09B557,__init.stock_location_G
__init.stock_location_GC09B652,GC09B652,__init.stock_location_G
__init.stock_location_GC09B716,GC09B716,__init.stock_location_G
__init.stock_location_GC09C115,GC09C115,__init.stock_location_G
__init.stock_location_GC09C202,GC09C202,__init.stock_location_G
__init.stock_location_GC09C305,GC09C305,__init.stock_location_G
__init.stock_location_GC09C406,GC09C406,__init.stock_location_G
__init.stock_location_GC09C507,GC09C507,__init.stock_location_G
__init.stock_location_GC09C646,GC09C646,__init.stock_location_G
__init.stock_location_GC09C707,GC09C707,__init.stock_location_G
__init.stock_location_GC09D161,GC09D161,__init.stock_location_G
__init.stock_location_GC09D226,GC09D226,__init.stock_location_G
__init.stock_location_GC09D305,GC09D305,__init.stock_location_G
__init.stock_location_GC09D402,GC09D402,__init.stock_location_G
__init.stock_location_GC09D531,GC09D531,__init.stock_location_G
__init.stock_location_GC09D606,GC09D606,__init.stock_location_G
__init.stock_location_GC09D740,GC09D740,__init.stock_location_G
__init.stock_location_GC09E156,GC09E156,__init.stock_location_G
__init.stock_location_GC09E277,GC09E277,__init.stock_location_G
__init.stock_location_GC09E300,GC09E300,__init.stock_location_G
__init.stock_location_GC09E464,GC09E464,__init.stock_location_G
__init.stock_location_GC09E505,GC09E505,__init.stock_location_G
__init.stock_location_GC09E636,GC09E636,__init.stock_location_G
__init.stock_location_GC09F103,GC09F103,__init.stock_location_G
__init.stock_location_GC09F293,GC09F293,__init.stock_location_G
__init.stock_location_GC09F329,GC09F329,__init.stock_location_G
__init.stock_location_GC09F436,GC09F436,__init.stock_location_G
__init.stock_location_GC09F555,GC09F555,__init.stock_location_G
__init.stock_location_GC09F644,GC09F644,__init.stock_location_G
__init.stock_location_GC09F792,GC09F792,__init.stock_location_G
__init.stock_location_GC10A192,GC10A192,__init.stock_location_G
__init.stock_location_GC10A294,GC10A294,__init.stock_location_G
__init.stock_location_GC10A330,GC10A330,__init.stock_location_G
__init.stock_location_GC10B188,GC10B188,__init.stock_location_G
__init.stock_location_GC10B245,GC10B245,__init.stock_location_G
__init.stock_location_GC10B357,GC10B357,__init.stock_location_G
__init.stock_location_GC10B415,GC10B415,__init.stock_location_G
__init.stock_location_GC10C101,GC10C101,__init.stock_location_G
__init.stock_location_GC10C260,GC10C260,__init.stock_location_G
__init.stock_location_GC10C308,GC10C308,__init.stock_location_G
__init.stock_location_GC10C427,GC10C427,__init.stock_location_G
__init.stock_location_GC10D147,GC10D147,__init.stock_location_G
__init.stock_location_GC10D267,GC10D267,__init.stock_location_G
__init.stock_location_GC10D421,GC10D421,__init.stock_location_G
__init.stock_location_GC10D520,GC10D520,__init.stock_location_G
__init.stock_location_GC11A196,GC11A196,__init.stock_location_G
__init.stock_location_GC11A239,GC11A239,__init.stock_location_G
__init.stock_location_GC11A356,GC11A356,__init.stock_location_G
__init.stock_location_GC11A409,GC11A409,__init.stock_location_G
__init.stock_location_GC11A539,GC11A539,__init.stock_location_G
__init.stock_location_GC11B157,GC11B157,__init.stock_location_G
__init.stock_location_GC11B219,GC11B219,__init.stock_location_G
__init.stock_location_GC11B382,GC11B382,__init.stock_location_G
__init.stock_location_GC11B437,GC11B437,__init.stock_location_G
__init.stock_location_GC11B525,GC11B525,__init.stock_location_G
__init.stock_location_GC11B619,GC11B619,__init.stock_location_G
__init.stock_location_GC11C172,GC11C172,__init.stock_location_G
__init.stock_location_GC11C274,GC11C274,__init.stock_location_G
__init.stock_location_GC11C339,GC11C339,__init.stock_location_G
__init.stock_location_GC11C455,GC11C455,__init.stock_location_G
__init.stock_location_GC11C500,GC11C500,__init.stock_location_G
__init.stock_location_GC11C670,GC11C670,__init.stock_location_G
__init.stock_location_GC11D122,GC11D122,__init.stock_location_G
__init.stock_location_GC11D253,GC11D253,__init.stock_location_G
__init.stock_location_GC11D376,GC11D376,__init.stock_location_G
__init.stock_location_GC11D478,GC11D478,__init.stock_location_G
__init.stock_location_GC11D572,GC11D572,__init.stock_location_G
__init.stock_location_GC11D610,GC11D610,__init.stock_location_G
__init.stock_location_GC11D751,GC11D751,__init.stock_location_G
__init.stock_location_GC11E183,GC11E183,__init.stock_location_G
__init.stock_location_GC11E209,GC11E209,__init.stock_location_G
__init.stock_location_GC11E302,GC11E302,__init.stock_location_G
__init.stock_location_GC11E495,GC11E495,__init.stock_location_G
__init.stock_location_GC11E501,GC11E501,__init.stock_location_G
__init.stock_location_GC11E643,GC11E643,__init.stock_location_G
__init.stock_location_GC11F175,GC11F175,__init.stock_location_G
__init.stock_location_GC11F264,GC11F264,__init.stock_location_G
__init.stock_location_GC11F321,GC11F321,__init.stock_location_G
__init.stock_location_GC11F471,GC11F471,__init.stock_location_G
__init.stock_location_GC11F552,GC11F552,__init.stock_location_G
__init.stock_location_GC11F608,GC11F608,__init.stock_location_G
__init.stock_location_GC11G140,GC11G140,__init.stock_location_G
__init.stock_location_GC11G258,GC11G258,__init.stock_location_G
__init.stock_location_GC11G377,GC11G377,__init.stock_location_G
__init.stock_location_GC11G409,GC11G409,__init.stock_location_G
__init.stock_location_GC11G526,GC11G526,__init.stock_location_G
__init.stock_location_GC12A110,GC12A110,__init.stock_location_G
__init.stock_location_GC12A224,GC12A224,__init.stock_location_G
__init.stock_location_GC12A312,GC12A312,__init.stock_location_G
__init.stock_location_GC12A438,GC12A438,__init.stock_location_G
__init.stock_location_GC12B120,GC12B120,__init.stock_location_G
__init.stock_location_GC12B260,GC12B260,__init.stock_location_G
__init.stock_location_GC12C137,GC12C137,__init.stock_location_G
__init.stock_location_GC12C201,GC12C201,__init.stock_location_G
__init.stock_location_GC12C304,GC12C304,__init.stock_location_G
__init.stock_location_GC12C420,GC12C420,__init.stock_location_G
__init.stock_location_GC12D187,GC12D187,__init.stock_location_G
__init.stock_location_GC12D260,GC12D260,__init.stock_location_G
__init.stock_location_GC12D344,GC12D344,__init.stock_location_G
__init.stock_location_GC13A141,GC13A141,__init.stock_location_G
__init.stock_location_GC13A238,GC13A238,__init.stock_location_G
__init.stock_location_GC13A360,GC13A360,__init.stock_location_G
__init.stock_location_GC13A401,GC13A401,__init.stock_location_G
__init.stock_location_GC13B180,GC13B180,__init.stock_location_G
__init.stock_location_GC13B257,GC13B257,__init.stock_location_G
__init.stock_location_GC13B393,GC13B393,__init.stock_location_G
__init.stock_location_GC13B440,GC13B440,__init.stock_location_G
__init.stock_location_GC13B556,GC13B556,__init.stock_location_G
__init.stock_location_GC13B673,GC13B673,__init.stock_location_G
__init.stock_location_GC13C177,GC13C177,__init.stock_location_G
__init.stock_location_GC13C219,GC13C219,__init.stock_location_G
__init.stock_location_GC13C333,GC13C333,__init.stock_location_G
__init.stock_location_GC13C464,GC13C464,__init.stock_location_G
__init.stock_location_GC13C510,GC13C510,__init.stock_location_G
__init.stock_location_GC13C693,GC13C693,__init.stock_location_G
__init.stock_location_GC13D174,GC13D174,__init.stock_location_G
__init.stock_location_GC13D270,GC13D270,__init.stock_location_G
__init.stock_location_GC13D371,GC13D371,__init.stock_location_G
__init.stock_location_GC13D420,GC13D420,__init.stock_location_G
__init.stock_location_GC13D545,GC13D545,__init.stock_location_G
__init.stock_location_GC13D603,GC13D603,__init.stock_location_G
__init.stock_location_GC13E193,GC13E193,__init.stock_location_G
__init.stock_location_GC13E289,GC13E289,__init.stock_location_G
__init.stock_location_GC13E373,GC13E373,__init.stock_location_G
__init.stock_location_GC13E466,GC13E466,__init.stock_location_G
__init.stock_location_GC13E556,GC13E556,__init.stock_location_G
__init.stock_location_GC13E675,GC13E675,__init.stock_location_G
__init.stock_location_GC13F163,GC13F163,__init.stock_location_G
__init.stock_location_GC13F317,GC13F317,__init.stock_location_G
__init.stock_location_GC13F439,GC13F439,__init.stock_location_G
__init.stock_location_GC13F514,GC13F514,__init.stock_location_G
__init.stock_location_GC13F652,GC13F652,__init.stock_location_G
__init.stock_location_GC13F787,GC13F787,__init.stock_location_G
__init.stock_location_GC13F862,GC13F862,__init.stock_location_G
__init.stock_location_GC13G130,GC13G130,__init.stock_location_G
__init.stock_location_GC13G210,GC13G210,__init.stock_location_G
__init.stock_location_GC13G301,GC13G301,__init.stock_location_G
__init.stock_location_GC13G410,GC13G410,__init.stock_location_G
__init.stock_location_GC13G542,GC13G542,__init.stock_location_G
__init.stock_location_GC13G640,GC13G640,__init.stock_location_G
__init.stock_location_GC13G727,GC13G727,__init.stock_location_G
__init.stock_location_GC13G869,GC13G869,__init.stock_location_G
__init.stock_location_GC14A121,GC14A121,__init.stock_location_G
__init.stock_location_GC14A252,GC14A252,__init.stock_location_G
__init.stock_location_GC14A367,GC14A367,__init.stock_location_G
__init.stock_location_GC14A436,GC14A436,__init.stock_location_G
__init.stock_location_GC14B117,GC14B117,__init.stock_location_G
__init.stock_location_GC14B237,GC14B237,__init.stock_location_G
__init.stock_location_GC14B311,GC14B311,__init.stock_location_G
__init.stock_location_GC14B419,GC14B419,__init.stock_location_G
__init.stock_location_GC14C182,GC14C182,__init.stock_location_G
__init.stock_location_GC14C267,GC14C267,__init.stock_location_G
__init.stock_location_GC14C309,GC14C309,__init.stock_location_G
__init.stock_location_GC14C413,GC14C413,__init.stock_location_G
__init.stock_location_GC14D159,GC14D159,__init.stock_location_G
__init.stock_location_GC14D234,GC14D234,__init.stock_location_G
__init.stock_location_GC14D395,GC14D395,__init.stock_location_G
__init.stock_location_GC14D430,GC14D430,__init.stock_location_G
__init.stock_location_GC15A156,GC15A156,__init.stock_location_G
__init.stock_location_GC15A238,GC15A238,__init.stock_location_G
__init.stock_location_GC15A356,GC15A356,__init.stock_location_G
__init.stock_location_GC15A595,GC15A595,__init.stock_location_G
__init.stock_location_GC15B179,GC15B179,__init.stock_location_G
__init.stock_location_GC15B228,GC15B228,__init.stock_location_G
__init.stock_location_GC15B306,GC15B306,__init.stock_location_G
__init.stock_location_GC15B444,GC15B444,__init.stock_location_G
__init.stock_location_GC15B508,GC15B508,__init.stock_location_G
__init.stock_location_GC15C195,GC15C195,__init.stock_location_G
__init.stock_location_GC15C215,GC15C215,__init.stock_location_G
__init.stock_location_GC15C352,GC15C352,__init.stock_location_G
__init.stock_location_GC15C400,GC15C400,__init.stock_location_G
__init.stock_location_GC15C553,GC15C553,__init.stock_location_G
__init.stock_location_GC15C630,GC15C630,__init.stock_location_G
__init.stock_location_GC15C720,GC15C720,__init.stock_location_G
__init.stock_location_GC15D123,GC15D123,__init.stock_location_G
__init.stock_location_GC15D226,GC15D226,__init.stock_location_G
__init.stock_location_GC15D377,GC15D377,__init.stock_location_G
__init.stock_location_GC15D423,GC15D423,__init.stock_location_G
__init.stock_location_GC15D518,GC15D518,__init.stock_location_G
__init.stock_location_GC15D609,GC15D609,__init.stock_location_G
__init.stock_location_GC15E111,GC15E111,__init.stock_location_G
__init.stock_location_GC15E282,GC15E282,__init.stock_location_G
__init.stock_location_GC15E315,GC15E315,__init.stock_location_G
__init.stock_location_GC15E401,GC15E401,__init.stock_location_G
__init.stock_location_GC15E502,GC15E502,__init.stock_location_G
__init.stock_location_GC15E623,GC15E623,__init.stock_location_G
__init.stock_location_GC16A163,GC16A163,__init.stock_location_G
__init.stock_location_GC16A226,GC16A226,__init.stock_location_G
__init.stock_location_GC16A337,GC16A337,__init.stock_location_G
__init.stock_location_GC16B180,GC16B180,__init.stock_location_G
__init.stock_location_GC16B297,GC16B297,__init.stock_location_G
__init.stock_location_GC16B346,GC16B346,__init.stock_location_G
__init.stock_location_GC16C136,GC16C136,__init.stock_location_G
__init.stock_location_GC16C371,GC16C371,__init.stock_location_G
__init.stock_location_GC16C486,GC16C486,__init.stock_location_G
__init.stock_location_GC16C500,GC16C500,__init.stock_location_G
__init.stock_location_GC16D110,GC16D110,__init.stock_location_G
__init.stock_location_GC16D206,GC16D206,__init.stock_location_G
__init.stock_location_GC16D355,GC16D355,__init.stock_location_G
__init.stock_location_GC16D421,GC16D421,__init.stock_location_G
__init.stock_location_GC19A175,GC19A175,__init.stock_location_G
__init.stock_location_GC19A213,GC19A213,__init.stock_location_G
__init.stock_location_GC19B117,GC19B117,__init.stock_location_G
__init.stock_location_GC19B200,GC19B200,__init.stock_location_G
__init.stock_location_GC19B316,GC19B316,__init.stock_location_G
__init.stock_location_GC19C140,GC19C140,__init.stock_location_G
__init.stock_location_GC19C212,GC19C212,__init.stock_location_G
__init.stock_location_GC19C336,GC19C336,__init.stock_location_G
__init.stock_location_GC19C451,GC19C451,__init.stock_location_G
__init.stock_location_GC19D169,GC19D169,__init.stock_location_G
__init.stock_location_GC19D237,GC19D237,__init.stock_location_G
__init.stock_location_GC19D378,GC19D378,__init.stock_location_G
__init.stock_location_GC19D465,GC19D465,__init.stock_location_G
__init.stock_location_GC20A169,GC20A169,__init.stock_location_G
__init.stock_location_GC20A203,GC20A203,__init.stock_location_G
__init.stock_location_GC20B124,GC20B124,__init.stock_location_G
__init.stock_location_GC20B244,GC20B244,__init.stock_location_G
__init.stock_location_GC20B390,GC20B390,__init.stock_location_G
__init.stock_location_GC20B412,GC20B412,__init.stock_location_G
__init.stock_location_GC20C190,GC20C190,__init.stock_location_G
__init.stock_location_GC20C240,GC20C240,__init.stock_location_G
__init.stock_location_GC20C315,GC20C315,__init.stock_location_G
__init.stock_location_GC20D124,GC20D124,__init.stock_location_G
__init.stock_location_GC20D203,GC20D203,__init.stock_location_G
__init.stock_location_GC20D322,GC20D322,__init.stock_location_G
__init.stock_location_GC20D454,GC20D454,__init.stock_location_G
__init.stock_location_GC21A108,GC21A108,__init.stock_location_G
__init.stock_location_GC21A249,GC21A249,__init.stock_location_G
__init.stock_location_GC21B152,GC21B152,__init.stock_location_G
__init.stock_location_GC21B291,GC21B291,__init.stock_location_G
__init.stock_location_GC21B391,GC21B391,__init.stock_location_G
__init.stock_location_GC21C144,GC21C144,__init.stock_location_G
__init.stock_location_GC21C240,GC21C240,__init.stock_location_G
__init.stock_location_GC21C308,GC21C308,__init.stock_location_G
__init.stock_location_GC21D174,GC21D174,__init.stock_location_G
__init.stock_location_GC21D220,GC21D220,__init.stock_location_G
__init.stock_location_GC22A183,GC22A183,__init.stock_location_G
__init.stock_location_GC22A298,GC22A298,__init.stock_location_G
__init.stock_location_GC22A301,GC22A301,__init.stock_location_G
__init.stock_location_GC22A440,GC22A440,__init.stock_location_G
__init.stock_location_GC22B169,GC22B169,__init.stock_location_G
__init.stock_location_GC22B205,GC22B205,__init.stock_location_G
__init.stock_location_GC22B331,GC22B331,__init.stock_location_G
__init.stock_location_GC22B414,GC22B414,__init.stock_location_G
__init.stock_location_GC22B586,GC22B586,__init.stock_location_G
__init.stock_location_GC22C138,GC22C138,__init.stock_location_G
__init.stock_location_GC22C234,GC22C234,__init.stock_location_G
__init.stock_location_GC22C323,GC22C323,__init.stock_location_G
__init.stock_location_GC22C451,GC22C451,__init.stock_location_G
__init.stock_location_GC22D181,GC22D181,__init.stock_location_G
__init.stock_location_GC22D225,GC22D225,__init.stock_location_G
__init.stock_location_GC22D317,GC22D317,__init.stock_location_G
__init.stock_location_GC23A113,GC23A113,__init.stock_location_G
__init.stock_location_GC23A220,GC23A220,__init.stock_location_G
__init.stock_location_GC23B114,GC23B114,__init.stock_location_G
__init.stock_location_GC23B232,GC23B232,__init.stock_location_G
__init.stock_location_GC23B375,GC23B375,__init.stock_location_G
__init.stock_location_GC23B468,GC23B468,__init.stock_location_G
__init.stock_location_GC23C121,GC23C121,__init.stock_location_G
__init.stock_location_GC23C203,GC23C203,__init.stock_location_G
__init.stock_location_GC23C390,GC23C390,__init.stock_location_G
__init.stock_location_GC23D113,GC23D113,__init.stock_location_G
__init.stock_location_GC23D256,GC23D256,__init.stock_location_G
__init.stock_location_GC23D321,GC23D321,__init.stock_location_G
__init.stock_location_GC23D441,GC23D441,__init.stock_location_G
__init.stock_location_GC24A134,GC24A134,__init.stock_location_G
__init.stock_location_GC24A297,GC24A297,__init.stock_location_G
__init.stock_location_GC24B173,GC24B173,__init.stock_location_G
__init.stock_location_GC24B207,GC24B207,__init.stock_location_G
__init.stock_location_GC24B437,GC24B437,__init.stock_location_G
__init.stock_location_GC24C156,GC24C156,__init.stock_location_G
__init.stock_location_GC24C224,GC24C224,__init.stock_location_G
__init.stock_location_GC24C303,GC24C303,__init.stock_location_G
__init.stock_location_GC24D119,GC24D119,__init.stock_location_G
__init.stock_location_GC24D218,GC24D218,__init.stock_location_G
__init.stock_location_GC24D351,GC24D351,__init.stock_location_G
__init.stock_location_GC24D483,GC24D483,__init.stock_location_G
__init.stock_location_GC25A119,GC25A119,__init.stock_location_G
__init.stock_location_GC25A214,GC25A214,__init.stock_location_G
__init.stock_location_GC25A306,GC25A306,__init.stock_location_G
__init.stock_location_GC25B146,GC25B146,__init.stock_location_G
__init.stock_location_GC25B207,GC25B207,__init.stock_location_G
__init.stock_location_GC25B300,GC25B300,__init.stock_location_G
__init.stock_location_GC25C182,GC25C182,__init.stock_location_G
__init.stock_location_GC25C202,GC25C202,__init.stock_location_G
__init.stock_location_GC25C346,GC25C346,__init.stock_location_G
__init.stock_location_GC25C461,GC25C461,__init.stock_location_G
__init.stock_location_GC25D190,GC25D190,__init.stock_location_G
__init.stock_location_GC25D268,GC25D268,__init.stock_location_G
__init.stock_location_GC25D301,GC25D301,__init.stock_location_G
__init.stock_location_GC25D413,GC25D413,__init.stock_location_G
__init.stock_location_GC26A143,GC26A143,__init.stock_location_G
__init.stock_location_GC26A238,GC26A238,__init.stock_location_G
__init.stock_location_GC26A314,GC26A314,__init.stock_location_G
__init.stock_location_GC26B107,GC26B107,__init.stock_location_G
__init.stock_location_GC26B281,GC26B281,__init.stock_location_G
__init.stock_location_GC26B302,GC26B302,__init.stock_location_G
__init.stock_location_GC26C137,GC26C137,__init.stock_location_G
__init.stock_location_GC26C220,GC26C220,__init.stock_location_G
__init.stock_location_GC26C331,GC26C331,__init.stock_location_G
__init.stock_location_GC26D150,GC26D150,__init.stock_location_G
__init.stock_location_GC26D274,GC26D274,__init.stock_location_G
__init.stock_location_GC26D316,GC26D316,__init.stock_location_G
__init.stock_location_GC26D413,GC26D413,__init.stock_location_G
__init.stock_location_GC27A119,GC27A119,__init.stock_location_G
__init.stock_location_GC27A293,GC27A293,__init.stock_location_G
__init.stock_location_GC27B146,GC27B146,__init.stock_location_G
__init.stock_location_GC27B288,GC27B288,__init.stock_location_G
__init.stock_location_GC27B314,GC27B314,__init.stock_location_G
__init.stock_location_GC27C171,GC27C171,__init.stock_location_G
__init.stock_location_GC27C218,GC27C218,__init.stock_location_G
__init.stock_location_GC27D194,GC27D194,__init.stock_location_G
__init.stock_location_GC27D222,GC27D222,__init.stock_location_G
__init.stock_location_GC27D325,GC27D325,__init.stock_location_G
__init.stock_location_GC27E139,GC27E139,__init.stock_location_G
__init.stock_location_GC27E218,GC27E218,__init.stock_location_G
__init.stock_location_GC27E331,GC27E331,__init.stock_location_G
__init.stock_location_GC27E490,GC27E490,__init.stock_location_G
__init.stock_location_GC28A129,GC28A129,__init.stock_location_G
__init.stock_location_GC28A268,GC28A268,__init.stock_location_G
__init.stock_location_GC28A311,GC28A311,__init.stock_location_G
__init.stock_location_GC28B137,GC28B137,__init.stock_location_G
__init.stock_location_GC28B240,GC28B240,__init.stock_location_G
__init.stock_location_GC28B371,GC28B371,__init.stock_location_G
__init.stock_location_GC28C138,GC28C138,__init.stock_location_G
__init.stock_location_GC28C266,GC28C266,__init.stock_location_G
__init.stock_location_GC28C322,GC28C322,__init.stock_location_G
__init.stock_location_GC28D167,GC28D167,__init.stock_location_G
__init.stock_location_GC28D203,GC28D203,__init.stock_location_G
__init.stock_location_GC28D301,GC28D301,__init.stock_location_G
__init.stock_location_GC29A187,GC29A187,__init.stock_location_G
__init.stock_location_GC29A225,GC29A225,__init.stock_location_G
__init.stock_location_GC29B102,GC29B102,__init.stock_location_G
__init.stock_location_GC29B201,GC29B201,__init.stock_location_G
__init.stock_location_GC29C103,GC29C103,__init.stock_location_G
__init.stock_location_GC29C270,GC29C270,__init.stock_location_G
__init.stock_location_GC29D124,GC29D124,__init.stock_location_G
__init.stock_location_GC29D280,GC29D280,__init.stock_location_G
__init.stock_location_GC29E184,GC29E184,__init.stock_location_G
__init.stock_location_GC29E273,GC29E273,__init.stock_location_G
__init.stock_location_GC30A135,GC30A135,__init.stock_location_G
__init.stock_location_GC30A234,GC30A234,__init.stock_location_G
__init.stock_location_GC30B150,GC30B150,__init.stock_location_G
__init.stock_location_GC30B223,GC30B223,__init.stock_location_G
__init.stock_location_GC30C145,GC30C145,__init.stock_location_G
__init.stock_location_GC30C263,GC30C263,__init.stock_location_G
__init.stock_location_GC30C423,GC30C423,__init.stock_location_G
__init.stock_location_GC30D166,GC30D166,__init.stock_location_G
__init.stock_location_GC30D321,GC30D321,__init.stock_location_G
__init.stock_location_GC30D410,GC30D410,__init.stock_location_G
__init.stock_location_GC31A120,GC31A120,__init.stock_location_G
__init.stock_location_GC31A230,GC31A230,__init.stock_location_G
__init.stock_location_GC31A360,GC31A360,__init.stock_location_G
__init.stock_location_GC31A453,GC31A453,__init.stock_location_G
__init.stock_location_GC31A588,GC31A588,__init.stock_location_G
__init.stock_location_GC31A624,GC31A624,__init.stock_location_G
__init.stock_location_GC31A726,GC31A726,__init.stock_location_G
__init.stock_location_GC31B120,GC31B120,__init.stock_location_G
__init.stock_location_GC31B313,GC31B313,__init.stock_location_G
__init.stock_location_GC31B405,GC31B405,__init.stock_location_G
__init.stock_location_GC31B567,GC31B567,__init.stock_location_G
__init.stock_location_GC31B698,GC31B698,__init.stock_location_G
__init.stock_location_GC31B758,GC31B758,__init.stock_location_G
__init.stock_location_GC31C105,GC31C105,__init.stock_location_G
__init.stock_location_GC31C232,GC31C232,__init.stock_location_G
__init.stock_location_GC31C323,GC31C323,__init.stock_location_G
__init.stock_location_GC31C403,GC31C403,__init.stock_location_G
__init.stock_location_GC31C527,GC31C527,__init.stock_location_G
__init.stock_location_GC31C621,GC31C621,__init.stock_location_G
__init.stock_location_GC31C776,GC31C776,__init.stock_location_G
__init.stock_location_GC31D183,GC31D183,__init.stock_location_G
__init.stock_location_GC31D273,GC31D273,__init.stock_location_G
__init.stock_location_GC31D340,GC31D340,__init.stock_location_G
__init.stock_location_GC31D480,GC31D480,__init.stock_location_G
__init.stock_location_GC31D583,GC31D583,__init.stock_location_G
__init.stock_location_GC31D649,GC31D649,__init.stock_location_G
__init.stock_location_GC31D751,GC31D751,__init.stock_location_G
__init.stock_location_GC31E176,GC31E176,__init.stock_location_G
__init.stock_location_GC31E290,GC31E290,__init.stock_location_G
__init.stock_location_GC31E322,GC31E322,__init.stock_location_G
__init.stock_location_GC31E463,GC31E463,__init.stock_location_G
__init.stock_location_GC31E541,GC31E541,__init.stock_location_G
__init.stock_location_GC31E682,GC31E682,__init.stock_location_G
__init.stock_location_GC31E717,GC31E717,__init.stock_location_G
__init.stock_location_GC31F183,GC31F183,__init.stock_location_G
__init.stock_location_GC31F252,GC31F252,__init.stock_location_G
__init.stock_location_GC31F308,GC31F308,__init.stock_location_G
__init.stock_location_GC31F404,GC31F404,__init.stock_location_G
__init.stock_location_GC31F580,GC31F580,__init.stock_location_G
__init.stock_location_GC31F646,GC31F646,__init.stock_location_G
__init.stock_location_GC31F720,GC31F720,__init.stock_location_G
__init.stock_location_GC31G197,GC31G197,__init.stock_location_G
__init.stock_location_GC31G228,GC31G228,__init.stock_location_G
__init.stock_location_GC31G315,GC31G315,__init.stock_location_G
__init.stock_location_GC31G477,GC31G477,__init.stock_location_G
__init.stock_location_GC31G539,GC31G539,__init.stock_location_G
__init.stock_location_GC31G610,GC31G610,__init.stock_location_G
__init.stock_location_GC31G797,GC31G797,__init.stock_location_G
__init.stock_location_GC32A174,GC32A174,__init.stock_location_G
__init.stock_location_GC32A286,GC32A286,__init.stock_location_G
__init.stock_location_GC32A309,GC32A309,__init.stock_location_G
__init.stock_location_GC32B107,GC32B107,__init.stock_location_G
__init.stock_location_GC32B237,GC32B237,__init.stock_location_G
__init.stock_location_GC32B381,GC32B381,__init.stock_location_G
__init.stock_location_GC32C112,GC32C112,__init.stock_location_G
__init.stock_location_GC32C225,GC32C225,__init.stock_location_G
__init.stock_location_GC32D114,GC32D114,__init.stock_location_G
__init.stock_location_GC32D206,GC32D206,__init.stock_location_G
__init.stock_location_GD01A167,GD01A167,__init.stock_location_G
__init.stock_location_GD01A251,GD01A251,__init.stock_location_G
__init.stock_location_GD01A344,GD01A344,__init.stock_location_G
__init.stock_location_GD01A430,GD01A430,__init.stock_location_G
__init.stock_location_GD01B197,GD01B197,__init.stock_location_G
__init.stock_location_GD01B244,GD01B244,__init.stock_location_G
__init.stock_location_GD01B333,GD01B333,__init.stock_location_G
__init.stock_location_GD01B488,GD01B488,__init.stock_location_G
__init.stock_location_GD01C100,GD01C100,__init.stock_location_G
__init.stock_location_GD01C276,GD01C276,__init.stock_location_G
__init.stock_location_GD01C336,GD01C336,__init.stock_location_G
__init.stock_location_GD01C451,GD01C451,__init.stock_location_G
__init.stock_location_GD01D122,GD01D122,__init.stock_location_G
__init.stock_location_GD01D225,GD01D225,__init.stock_location_G
__init.stock_location_GD01D348,GD01D348,__init.stock_location_G
__init.stock_location_GD01D465,GD01D465,__init.stock_location_G
__init.stock_location_GD02A128,GD02A128,__init.stock_location_G
__init.stock_location_GD02A254,GD02A254,__init.stock_location_G
__init.stock_location_GD02A359,GD02A359,__init.stock_location_G
__init.stock_location_GD02A471,GD02A471,__init.stock_location_G
__init.stock_location_GD02A582,GD02A582,__init.stock_location_G
__init.stock_location_GD02A630,GD02A630,__init.stock_location_G
__init.stock_location_GD02A705,GD02A705,__init.stock_location_G
__init.stock_location_GD02B116,GD02B116,__init.stock_location_G
__init.stock_location_GD02B290,GD02B290,__init.stock_location_G
__init.stock_location_GD02B334,GD02B334,__init.stock_location_G
__init.stock_location_GD02B424,GD02B424,__init.stock_location_G
__init.stock_location_GD02B513,GD02B513,__init.stock_location_G
__init.stock_location_GD02B710,GD02B710,__init.stock_location_G
__init.stock_location_GD02C131,GD02C131,__init.stock_location_G
__init.stock_location_GD02C258,GD02C258,__init.stock_location_G
__init.stock_location_GD02C347,GD02C347,__init.stock_location_G
__init.stock_location_GD02C439,GD02C439,__init.stock_location_G
__init.stock_location_GD02C591,GD02C591,__init.stock_location_G
__init.stock_location_GD02C692,GD02C692,__init.stock_location_G
__init.stock_location_GD02C763,GD02C763,__init.stock_location_G
__init.stock_location_GD02C886,GD02C886,__init.stock_location_G
__init.stock_location_GD02C945,GD02C945,__init.stock_location_G
__init.stock_location_GD02D164,GD02D164,__init.stock_location_G
__init.stock_location_GD02D260,GD02D260,__init.stock_location_G
__init.stock_location_GD02D358,GD02D358,__init.stock_location_G
__init.stock_location_GD02D494,GD02D494,__init.stock_location_G
__init.stock_location_GD02D505,GD02D505,__init.stock_location_G
__init.stock_location_GD02D663,GD02D663,__init.stock_location_G
__init.stock_location_GD02D723,GD02D723,__init.stock_location_G
__init.stock_location_GD02E192,GD02E192,__init.stock_location_G
__init.stock_location_GD02E227,GD02E227,__init.stock_location_G
__init.stock_location_GD02E317,GD02E317,__init.stock_location_G
__init.stock_location_GD02E452,GD02E452,__init.stock_location_G
__init.stock_location_GD02E549,GD02E549,__init.stock_location_G
__init.stock_location_GD02E620,GD02E620,__init.stock_location_G
__init.stock_location_GD02E752,GD02E752,__init.stock_location_G
__init.stock_location_GD02E859,GD02E859,__init.stock_location_G
__init.stock_location_GD02F101,GD02F101,__init.stock_location_G
__init.stock_location_GD02F223,GD02F223,__init.stock_location_G
__init.stock_location_GD02F332,GD02F332,__init.stock_location_G
__init.stock_location_GD02F414,GD02F414,__init.stock_location_G
__init.stock_location_GD02F539,GD02F539,__init.stock_location_G
__init.stock_location_GD02F679,GD02F679,__init.stock_location_G
__init.stock_location_GD02F746,GD02F746,__init.stock_location_G
__init.stock_location_GD02G137,GD02G137,__init.stock_location_G
__init.stock_location_GD02G269,GD02G269,__init.stock_location_G
__init.stock_location_GD02G331,GD02G331,__init.stock_location_G
__init.stock_location_GD02G460,GD02G460,__init.stock_location_G
__init.stock_location_GD02G551,GD02G551,__init.stock_location_G
__init.stock_location_GD02G652,GD02G652,__init.stock_location_G
__init.stock_location_GD03A194,GD03A194,__init.stock_location_G
__init.stock_location_GD03A218,GD03A218,__init.stock_location_G
__init.stock_location_GD03A390,GD03A390,__init.stock_location_G
__init.stock_location_GD03B100,GD03B100,__init.stock_location_G
__init.stock_location_GD03B257,GD03B257,__init.stock_location_G
__init.stock_location_GD03B314,GD03B314,__init.stock_location_G
__init.stock_location_GD03B441,GD03B441,__init.stock_location_G
__init.stock_location_GD03C177,GD03C177,__init.stock_location_G
__init.stock_location_GD03C292,GD03C292,__init.stock_location_G
__init.stock_location_GD03C389,GD03C389,__init.stock_location_G
__init.stock_location_GD03C420,GD03C420,__init.stock_location_G
__init.stock_location_GD03C556,GD03C556,__init.stock_location_G
__init.stock_location_GD03D137,GD03D137,__init.stock_location_G
__init.stock_location_GD03D244,GD03D244,__init.stock_location_G
__init.stock_location_GD03D307,GD03D307,__init.stock_location_G
__init.stock_location_GD04A112,GD04A112,__init.stock_location_G
__init.stock_location_GD04A278,GD04A278,__init.stock_location_G
__init.stock_location_GD04A342,GD04A342,__init.stock_location_G
__init.stock_location_GD04A427,GD04A427,__init.stock_location_G
__init.stock_location_GD04A545,GD04A545,__init.stock_location_G
__init.stock_location_GD04A615,GD04A615,__init.stock_location_G
__init.stock_location_GD04B108,GD04B108,__init.stock_location_G
__init.stock_location_GD04B232,GD04B232,__init.stock_location_G
__init.stock_location_GD04B371,GD04B371,__init.stock_location_G
__init.stock_location_GD04B445,GD04B445,__init.stock_location_G
__init.stock_location_GD04B579,GD04B579,__init.stock_location_G
__init.stock_location_GD04B695,GD04B695,__init.stock_location_G
__init.stock_location_GD04C274,GD04C274,__init.stock_location_G
__init.stock_location_GD04C340,GD04C340,__init.stock_location_G
__init.stock_location_GD04C408,GD04C408,__init.stock_location_G
__init.stock_location_GD04C578,GD04C578,__init.stock_location_G
__init.stock_location_GD04C632,GD04C632,__init.stock_location_G
__init.stock_location_GD04D164,GD04D164,__init.stock_location_G
__init.stock_location_GD04D258,GD04D258,__init.stock_location_G
__init.stock_location_GD04D343,GD04D343,__init.stock_location_G
__init.stock_location_GD04D455,GD04D455,__init.stock_location_G
__init.stock_location_GD04D515,GD04D515,__init.stock_location_G
__init.stock_location_GD04D626,GD04D626,__init.stock_location_G
__init.stock_location_GD04E101,GD04E101,__init.stock_location_G
__init.stock_location_GD04E284,GD04E284,__init.stock_location_G
__init.stock_location_GD04E372,GD04E372,__init.stock_location_G
__init.stock_location_GD04E466,GD04E466,__init.stock_location_G
__init.stock_location_GD04E581,GD04E581,__init.stock_location_G
__init.stock_location_GD04E643,GD04E643,__init.stock_location_G
__init.stock_location_GD04F163,GD04F163,__init.stock_location_G
__init.stock_location_GD04F212,GD04F212,__init.stock_location_G
__init.stock_location_GD04F341,GD04F341,__init.stock_location_G
__init.stock_location_GD04F409,GD04F409,__init.stock_location_G
__init.stock_location_GD04F553,GD04F553,__init.stock_location_G
__init.stock_location_GD04F694,GD04F694,__init.stock_location_G
__init.stock_location_GD04F767,GD04F767,__init.stock_location_G
__init.stock_location_GD04G109,GD04G109,__init.stock_location_G
__init.stock_location_GD04G262,GD04G262,__init.stock_location_G
__init.stock_location_GD04G305,GD04G305,__init.stock_location_G
__init.stock_location_GD04G436,GD04G436,__init.stock_location_G
__init.stock_location_GD04G544,GD04G544,__init.stock_location_G
__init.stock_location_GD04G620,GD04G620,__init.stock_location_G
__init.stock_location_GD04G701,GD04G701,__init.stock_location_G
__init.stock_location_GD05A101,GD05A101,__init.stock_location_G
__init.stock_location_GD05A258,GD05A258,__init.stock_location_G
__init.stock_location_GD05A316,GD05A316,__init.stock_location_G
__init.stock_location_GD05B179,GD05B179,__init.stock_location_G
__init.stock_location_GD05B264,GD05B264,__init.stock_location_G
__init.stock_location_GD05B338,GD05B338,__init.stock_location_G
__init.stock_location_GD05B444,GD05B444,__init.stock_location_G
__init.stock_location_GD05C111,GD05C111,__init.stock_location_G
__init.stock_location_GD05C251,GD05C251,__init.stock_location_G
__init.stock_location_GD05C316,GD05C316,__init.stock_location_G
__init.stock_location_GD05C439,GD05C439,__init.stock_location_G
__init.stock_location_GD05D173,GD05D173,__init.stock_location_G
__init.stock_location_GD05D205,GD05D205,__init.stock_location_G
__init.stock_location_GD05D378,GD05D378,__init.stock_location_G
__init.stock_location_GD05D450,GD05D450,__init.stock_location_G
__init.stock_location_GD06A123,GD06A123,__init.stock_location_G
__init.stock_location_GD06A269,GD06A269,__init.stock_location_G
__init.stock_location_GD06A308,GD06A308,__init.stock_location_G
__init.stock_location_GD06B159,GD06B159,__init.stock_location_G
__init.stock_location_GD06B216,GD06B216,__init.stock_location_G
__init.stock_location_GD06B301,GD06B301,__init.stock_location_G
__init.stock_location_GD06C141,GD06C141,__init.stock_location_G
__init.stock_location_GD06C273,GD06C273,__init.stock_location_G
__init.stock_location_GD06C300,GD06C300,__init.stock_location_G
__init.stock_location_GD06C429,GD06C429,__init.stock_location_G
__init.stock_location_GD06D110,GD06D110,__init.stock_location_G
__init.stock_location_GD06D213,GD06D213,__init.stock_location_G
__init.stock_location_GD06D367,GD06D367,__init.stock_location_G
__init.stock_location_GD06D476,GD06D476,__init.stock_location_G
__init.stock_location_GD06D524,GD06D524,__init.stock_location_G
__init.stock_location_GD06D621,GD06D621,__init.stock_location_G
__init.stock_location_GD06E135,GD06E135,__init.stock_location_G
__init.stock_location_GD06E225,GD06E225,__init.stock_location_G
__init.stock_location_GD06E379,GD06E379,__init.stock_location_G
__init.stock_location_GD06E476,GD06E476,__init.stock_location_G
__init.stock_location_GD06E595,GD06E595,__init.stock_location_G
__init.stock_location_GD07A182,GD07A182,__init.stock_location_G
__init.stock_location_GD07A229,GD07A229,__init.stock_location_G
__init.stock_location_GD07A352,GD07A352,__init.stock_location_G
__init.stock_location_GD07A442,GD07A442,__init.stock_location_G
__init.stock_location_GD07B174,GD07B174,__init.stock_location_G
__init.stock_location_GD07B264,GD07B264,__init.stock_location_G
__init.stock_location_GD07B335,GD07B335,__init.stock_location_G
__init.stock_location_GD07B444,GD07B444,__init.stock_location_G
__init.stock_location_GD07C192,GD07C192,__init.stock_location_G
__init.stock_location_GD07C205,GD07C205,__init.stock_location_G
__init.stock_location_GD07C460,GD07C460,__init.stock_location_G
__init.stock_location_GD07C590,GD07C590,__init.stock_location_G
__init.stock_location_GD07D141,GD07D141,__init.stock_location_G
__init.stock_location_GD07D340,GD07D340,__init.stock_location_G
__init.stock_location_GD07D430,GD07D430,__init.stock_location_G
__init.stock_location_GD07D539,GD07D539,__init.stock_location_G
__init.stock_location_GD08A110,GD08A110,__init.stock_location_G
__init.stock_location_GD08A236,GD08A236,__init.stock_location_G
__init.stock_location_GD08B128,GD08B128,__init.stock_location_G
__init.stock_location_GD08B201,GD08B201,__init.stock_location_G
__init.stock_location_GD08B337,GD08B337,__init.stock_location_G
__init.stock_location_GD08B434,GD08B434,__init.stock_location_G
__init.stock_location_GD08B500,GD08B500,__init.stock_location_G
__init.stock_location_GD08B678,GD08B678,__init.stock_location_G
__init.stock_location_GD08C153,GD08C153,__init.stock_location_G
__init.stock_location_GD08C203,GD08C203,__init.stock_location_G
__init.stock_location_GD08C381,GD08C381,__init.stock_location_G
__init.stock_location_GD08C435,GD08C435,__init.stock_location_G
__init.stock_location_GD08C592,GD08C592,__init.stock_location_G
__init.stock_location_GD08C654,GD08C654,__init.stock_location_G
__init.stock_location_GD08D168,GD08D168,__init.stock_location_G
__init.stock_location_GD08D202,GD08D202,__init.stock_location_G
__init.stock_location_GD08D328,GD08D328,__init.stock_location_G
__init.stock_location_GD08D494,GD08D494,__init.stock_location_G
__init.stock_location_GD08D575,GD08D575,__init.stock_location_G
__init.stock_location_GD08D645,GD08D645,__init.stock_location_G
__init.stock_location_GD08D701,GD08D701,__init.stock_location_G
__init.stock_location_GD08E101,GD08E101,__init.stock_location_G
__init.stock_location_GD08E268,GD08E268,__init.stock_location_G
__init.stock_location_GD08E315,GD08E315,__init.stock_location_G
__init.stock_location_GD08E479,GD08E479,__init.stock_location_G
__init.stock_location_GD08E590,GD08E590,__init.stock_location_G
__init.stock_location_GD08E633,GD08E633,__init.stock_location_G
__init.stock_location_GD09A102,GD09A102,__init.stock_location_G
__init.stock_location_GD09A233,GD09A233,__init.stock_location_G
__init.stock_location_GD09A343,GD09A343,__init.stock_location_G
__init.stock_location_GD09A480,GD09A480,__init.stock_location_G
__init.stock_location_GD09B131,GD09B131,__init.stock_location_G
__init.stock_location_GD09B255,GD09B255,__init.stock_location_G
__init.stock_location_GD09B313,GD09B313,__init.stock_location_G
__init.stock_location_GD09B474,GD09B474,__init.stock_location_G
__init.stock_location_GD09C165,GD09C165,__init.stock_location_G
__init.stock_location_GD09C266,GD09C266,__init.stock_location_G
__init.stock_location_GD09C306,GD09C306,__init.stock_location_G
__init.stock_location_GD09C443,GD09C443,__init.stock_location_G
__init.stock_location_GD09C542,GD09C542,__init.stock_location_G
__init.stock_location_GD09D167,GD09D167,__init.stock_location_G
__init.stock_location_GD09D243,GD09D243,__init.stock_location_G
__init.stock_location_GD09D332,GD09D332,__init.stock_location_G
__init.stock_location_GD09D410,GD09D410,__init.stock_location_G
__init.stock_location_GD09D522,GD09D522,__init.stock_location_G
__init.stock_location_GD10A165,GD10A165,__init.stock_location_G
__init.stock_location_GD10A244,GD10A244,__init.stock_location_G
__init.stock_location_GD10A311,GD10A311,__init.stock_location_G
__init.stock_location_GD10B134,GD10B134,__init.stock_location_G
__init.stock_location_GD10B270,GD10B270,__init.stock_location_G
__init.stock_location_GD10B300,GD10B300,__init.stock_location_G
__init.stock_location_GD10B486,GD10B486,__init.stock_location_G
__init.stock_location_GD10C135,GD10C135,__init.stock_location_G
__init.stock_location_GD10C281,GD10C281,__init.stock_location_G
__init.stock_location_GD10C310,GD10C310,__init.stock_location_G
__init.stock_location_GD10C490,GD10C490,__init.stock_location_G
__init.stock_location_GD10C503,GD10C503,__init.stock_location_G
__init.stock_location_GD10D146,GD10D146,__init.stock_location_G
__init.stock_location_GD10D215,GD10D215,__init.stock_location_G
__init.stock_location_GD10D336,GD10D336,__init.stock_location_G
__init.stock_location_GD10D415,GD10D415,__init.stock_location_G
__init.stock_location_GD10D553,GD10D553,__init.stock_location_G
__init.stock_location_GD10D601,GD10D601,__init.stock_location_G
__init.stock_location_GD10E100,GD10E100,__init.stock_location_G
__init.stock_location_GD10E221,GD10E221,__init.stock_location_G
__init.stock_location_GD10E327,GD10E327,__init.stock_location_G
__init.stock_location_GD10E454,GD10E454,__init.stock_location_G
__init.stock_location_GD10E555,GD10E555,__init.stock_location_G
__init.stock_location_GD10E624,GD10E624,__init.stock_location_G
__init.stock_location_GD11A199,GD11A199,__init.stock_location_G
__init.stock_location_GD11A287,GD11A287,__init.stock_location_G
__init.stock_location_GD11A391,GD11A391,__init.stock_location_G
__init.stock_location_GD11A446,GD11A446,__init.stock_location_G
__init.stock_location_GD11B115,GD11B115,__init.stock_location_G
__init.stock_location_GD11B297,GD11B297,__init.stock_location_G
__init.stock_location_GD11B357,GD11B357,__init.stock_location_G
__init.stock_location_GD11B420,GD11B420,__init.stock_location_G
__init.stock_location_GD11C140,GD11C140,__init.stock_location_G
__init.stock_location_GD11C258,GD11C258,__init.stock_location_G
__init.stock_location_GD11C307,GD11C307,__init.stock_location_G
__init.stock_location_GD11C487,GD11C487,__init.stock_location_G
__init.stock_location_GD11C585,GD11C585,__init.stock_location_G
__init.stock_location_GD11D123,GD11D123,__init.stock_location_G
__init.stock_location_GD11D244,GD11D244,__init.stock_location_G
__init.stock_location_GD11D308,GD11D308,__init.stock_location_G
__init.stock_location_GD12A175,GD12A175,__init.stock_location_G
__init.stock_location_GD12A215,GD12A215,__init.stock_location_G
__init.stock_location_GD12A364,GD12A364,__init.stock_location_G
__init.stock_location_GD12B176,GD12B176,__init.stock_location_G
__init.stock_location_GD12B224,GD12B224,__init.stock_location_G
__init.stock_location_GD12B340,GD12B340,__init.stock_location_G
__init.stock_location_GD12B479,GD12B479,__init.stock_location_G
__init.stock_location_GD12C151,GD12C151,__init.stock_location_G
__init.stock_location_GD12C252,GD12C252,__init.stock_location_G
__init.stock_location_GD12C313,GD12C313,__init.stock_location_G
__init.stock_location_GD12C418,GD12C418,__init.stock_location_G
__init.stock_location_GD12D182,GD12D182,__init.stock_location_G
__init.stock_location_GD12D240,GD12D240,__init.stock_location_G
__init.stock_location_GD12D305,GD12D305,__init.stock_location_G
__init.stock_location_GD12D446,GD12D446,__init.stock_location_G
__init.stock_location_GD13A187,GD13A187,__init.stock_location_G
__init.stock_location_GD13A240,GD13A240,__init.stock_location_G
__init.stock_location_GD13A305,GD13A305,__init.stock_location_G
__init.stock_location_GD13A472,GD13A472,__init.stock_location_G
__init.stock_location_GD13B168,GD13B168,__init.stock_location_G
__init.stock_location_GD13B252,GD13B252,__init.stock_location_G
__init.stock_location_GD13B305,GD13B305,__init.stock_location_G
__init.stock_location_GD13B486,GD13B486,__init.stock_location_G
__init.stock_location_GD13C199,GD13C199,__init.stock_location_G
__init.stock_location_GD13C293,GD13C293,__init.stock_location_G
__init.stock_location_GD13C404,GD13C404,__init.stock_location_G
__init.stock_location_GD13C540,GD13C540,__init.stock_location_G
__init.stock_location_GD13C659,GD13C659,__init.stock_location_G
__init.stock_location_GD13D174,GD13D174,__init.stock_location_G
__init.stock_location_GD13D215,GD13D215,__init.stock_location_G
__init.stock_location_GD13D364,GD13D364,__init.stock_location_G
__init.stock_location_GD13D480,GD13D480,__init.stock_location_G
__init.stock_location_GD14A260,GD14A260,__init.stock_location_G
__init.stock_location_GD14A347,GD14A347,__init.stock_location_G
__init.stock_location_GD14A450,GD14A450,__init.stock_location_G
__init.stock_location_GD14B108,GD14B108,__init.stock_location_G
__init.stock_location_GD14B230,GD14B230,__init.stock_location_G
__init.stock_location_GD14C147,GD14C147,__init.stock_location_G
__init.stock_location_GD14C299,GD14C299,__init.stock_location_G
__init.stock_location_GD14C336,GD14C336,__init.stock_location_G
__init.stock_location_GD14C430,GD14C430,__init.stock_location_G
__init.stock_location_GD14C545,GD14C545,__init.stock_location_G
__init.stock_location_GD14C657,GD14C657,__init.stock_location_G
__init.stock_location_GD14D134,GD14D134,__init.stock_location_G
__init.stock_location_GD14D257,GD14D257,__init.stock_location_G
__init.stock_location_GD14D365,GD14D365,__init.stock_location_G
__init.stock_location_GD14D478,GD14D478,__init.stock_location_G
__init.stock_location_GD14D523,GD14D523,__init.stock_location_G
__init.stock_location_GD17A169,GD17A169,__init.stock_location_G
__init.stock_location_GD17A226,GD17A226,__init.stock_location_G
__init.stock_location_GD17A302,GD17A302,__init.stock_location_G
__init.stock_location_GD17A415,GD17A415,__init.stock_location_G
__init.stock_location_GD17B149,GD17B149,__init.stock_location_G
__init.stock_location_GD17B209,GD17B209,__init.stock_location_G
__init.stock_location_GD17B351,GD17B351,__init.stock_location_G
__init.stock_location_GD17B450,GD17B450,__init.stock_location_G
__init.stock_location_GD17B594,GD17B594,__init.stock_location_G
__init.stock_location_GD17C197,GD17C197,__init.stock_location_G
__init.stock_location_GD17C282,GD17C282,__init.stock_location_G
__init.stock_location_GD17C316,GD17C316,__init.stock_location_G
__init.stock_location_GD17C406,GD17C406,__init.stock_location_G
__init.stock_location_GD17C502,GD17C502,__init.stock_location_G
__init.stock_location_GD17C686,GD17C686,__init.stock_location_G
__init.stock_location_GD17D102,GD17D102,__init.stock_location_G
__init.stock_location_GD17D279,GD17D279,__init.stock_location_G
__init.stock_location_GD17D312,GD17D312,__init.stock_location_G
__init.stock_location_GD17D410,GD17D410,__init.stock_location_G
__init.stock_location_GD17D526,GD17D526,__init.stock_location_G
__init.stock_location_GD17D634,GD17D634,__init.stock_location_G
__init.stock_location_GD18A169,GD18A169,__init.stock_location_G
__init.stock_location_GD18A263,GD18A263,__init.stock_location_G
__init.stock_location_GD18A306,GD18A306,__init.stock_location_G
__init.stock_location_GD18B105,GD18B105,__init.stock_location_G
__init.stock_location_GD18B224,GD18B224,__init.stock_location_G
__init.stock_location_GD18B330,GD18B330,__init.stock_location_G
__init.stock_location_GD18B452,GD18B452,__init.stock_location_G
__init.stock_location_GD18B526,GD18B526,__init.stock_location_G
__init.stock_location_GD18C162,GD18C162,__init.stock_location_G
__init.stock_location_GD18C219,GD18C219,__init.stock_location_G
__init.stock_location_GD18C389,GD18C389,__init.stock_location_G
__init.stock_location_GD18C491,GD18C491,__init.stock_location_G
__init.stock_location_GD18C598,GD18C598,__init.stock_location_G
__init.stock_location_GD18D254,GD18D254,__init.stock_location_G
__init.stock_location_GD18D323,GD18D323,__init.stock_location_G
__init.stock_location_GD18D488,GD18D488,__init.stock_location_G
__init.stock_location_GD18D561,GD18D561,__init.stock_location_G
__init.stock_location_GD18D677,GD18D677,__init.stock_location_G
__init.stock_location_GD18D779,GD18D779,__init.stock_location_G
__init.stock_location_GD18E144,GD18E144,__init.stock_location_G
__init.stock_location_GD18E234,GD18E234,__init.stock_location_G
__init.stock_location_GD18E373,GD18E373,__init.stock_location_G
__init.stock_location_GD18E497,GD18E497,__init.stock_location_G
__init.stock_location_GD18E546,GD18E546,__init.stock_location_G
__init.stock_location_GD18E621,GD18E621,__init.stock_location_G
__init.stock_location_GD19A136,GD19A136,__init.stock_location_G
__init.stock_location_GD19A273,GD19A273,__init.stock_location_G
__init.stock_location_GD19A302,GD19A302,__init.stock_location_G
__init.stock_location_GD19A477,GD19A477,__init.stock_location_G
__init.stock_location_GD19A512,GD19A512,__init.stock_location_G
__init.stock_location_GD19B145,GD19B145,__init.stock_location_G
__init.stock_location_GD19B242,GD19B242,__init.stock_location_G
__init.stock_location_GD19B395,GD19B395,__init.stock_location_G
__init.stock_location_GD19B526,GD19B526,__init.stock_location_G
__init.stock_location_GD19C113,GD19C113,__init.stock_location_G
__init.stock_location_GD19C258,GD19C258,__init.stock_location_G
__init.stock_location_GD19C316,GD19C316,__init.stock_location_G
__init.stock_location_GD19C425,GD19C425,__init.stock_location_G
__init.stock_location_GD19C526,GD19C526,__init.stock_location_G
__init.stock_location_GD19C608,GD19C608,__init.stock_location_G
__init.stock_location_GD19D107,GD19D107,__init.stock_location_G
__init.stock_location_GD19D224,GD19D224,__init.stock_location_G
__init.stock_location_GD19D336,GD19D336,__init.stock_location_G
__init.stock_location_GD19D419,GD19D419,__init.stock_location_G
__init.stock_location_GD20A107,GD20A107,__init.stock_location_G
__init.stock_location_GD20A219,GD20A219,__init.stock_location_G
__init.stock_location_GD20A318,GD20A318,__init.stock_location_G
__init.stock_location_GD20A404,GD20A404,__init.stock_location_G
__init.stock_location_GD20B188,GD20B188,__init.stock_location_G
__init.stock_location_GD20B209,GD20B209,__init.stock_location_G
__init.stock_location_GD20B378,GD20B378,__init.stock_location_G
__init.stock_location_GD20B414,GD20B414,__init.stock_location_G
__init.stock_location_GD20B532,GD20B532,__init.stock_location_G
__init.stock_location_GD20C116,GD20C116,__init.stock_location_G
__init.stock_location_GD20C298,GD20C298,__init.stock_location_G
__init.stock_location_GD20C392,GD20C392,__init.stock_location_G
__init.stock_location_GD20C402,GD20C402,__init.stock_location_G
__init.stock_location_GD20C593,GD20C593,__init.stock_location_G
__init.stock_location_GD20D142,GD20D142,__init.stock_location_G
__init.stock_location_GD20D292,GD20D292,__init.stock_location_G
__init.stock_location_GD20D357,GD20D357,__init.stock_location_G
__init.stock_location_GD20D471,GD20D471,__init.stock_location_G
__init.stock_location_GD20D592,GD20D592,__init.stock_location_G
__init.stock_location_GD20D697,GD20D697,__init.stock_location_G
__init.stock_location_GD20E112,GD20E112,__init.stock_location_G
__init.stock_location_GD20E206,GD20E206,__init.stock_location_G
__init.stock_location_GD20E326,GD20E326,__init.stock_location_G
__init.stock_location_GD20E462,GD20E462,__init.stock_location_G
__init.stock_location_GD20E515,GD20E515,__init.stock_location_G
__init.stock_location_GD20E634,GD20E634,__init.stock_location_G
__init.stock_location_GD21A119,GD21A119,__init.stock_location_G
__init.stock_location_GD21A203,GD21A203,__init.stock_location_G
__init.stock_location_GD21A334,GD21A334,__init.stock_location_G
__init.stock_location_GD21A430,GD21A430,__init.stock_location_G
__init.stock_location_GD21B133,GD21B133,__init.stock_location_G
__init.stock_location_GD21B271,GD21B271,__init.stock_location_G
__init.stock_location_GD21B306,GD21B306,__init.stock_location_G
__init.stock_location_GD21B417,GD21B417,__init.stock_location_G
__init.stock_location_GD21B509,GD21B509,__init.stock_location_G
__init.stock_location_GD21C183,GD21C183,__init.stock_location_G
__init.stock_location_GD21C243,GD21C243,__init.stock_location_G
__init.stock_location_GD21C358,GD21C358,__init.stock_location_G
__init.stock_location_GD21C413,GD21C413,__init.stock_location_G
__init.stock_location_GD21C540,GD21C540,__init.stock_location_G
__init.stock_location_GD21D110,GD21D110,__init.stock_location_G
__init.stock_location_GD21D212,GD21D212,__init.stock_location_G
__init.stock_location_GD21D385,GD21D385,__init.stock_location_G
__init.stock_location_GD21D475,GD21D475,__init.stock_location_G
__init.stock_location_GD22A107,GD22A107,__init.stock_location_G
__init.stock_location_GD22A271,GD22A271,__init.stock_location_G
__init.stock_location_GD22A308,GD22A308,__init.stock_location_G
__init.stock_location_GD22A470,GD22A470,__init.stock_location_G
__init.stock_location_GD22A507,GD22A507,__init.stock_location_G
__init.stock_location_GD22A600,GD22A600,__init.stock_location_G
__init.stock_location_GD22B176,GD22B176,__init.stock_location_G
__init.stock_location_GD22B207,GD22B207,__init.stock_location_G
__init.stock_location_GD22B313,GD22B313,__init.stock_location_G
__init.stock_location_GD22B443,GD22B443,__init.stock_location_G
__init.stock_location_GD22B548,GD22B548,__init.stock_location_G
__init.stock_location_GD22B664,GD22B664,__init.stock_location_G
__init.stock_location_GD22B871,GD22B871,__init.stock_location_G
__init.stock_location_GD22C161,GD22C161,__init.stock_location_G
__init.stock_location_GD22C281,GD22C281,__init.stock_location_G
__init.stock_location_GD22C314,GD22C314,__init.stock_location_G
__init.stock_location_GD22C415,GD22C415,__init.stock_location_G
__init.stock_location_GD22C555,GD22C555,__init.stock_location_G
__init.stock_location_GD22C675,GD22C675,__init.stock_location_G
__init.stock_location_GD22C770,GD22C770,__init.stock_location_G
__init.stock_location_GD22D148,GD22D148,__init.stock_location_G
__init.stock_location_GD22D287,GD22D287,__init.stock_location_G
__init.stock_location_GD22D321,GD22D321,__init.stock_location_G
__init.stock_location_GD22D424,GD22D424,__init.stock_location_G
__init.stock_location_GD22D503,GD22D503,__init.stock_location_G
__init.stock_location_GD22D631,GD22D631,__init.stock_location_G
__init.stock_location_GD22D755,GD22D755,__init.stock_location_G
__init.stock_location_GD22E129,GD22E129,__init.stock_location_G
__init.stock_location_GD22E256,GD22E256,__init.stock_location_G
__init.stock_location_GD22E354,GD22E354,__init.stock_location_G
__init.stock_location_GD22E430,GD22E430,__init.stock_location_G
__init.stock_location_GD22E570,GD22E570,__init.stock_location_G
__init.stock_location_GD22E663,GD22E663,__init.stock_location_G
__init.stock_location_GD22E707,GD22E707,__init.stock_location_G
__init.stock_location_GD22F120,GD22F120,__init.stock_location_G
__init.stock_location_GD22F287,GD22F287,__init.stock_location_G
__init.stock_location_GD22F322,GD22F322,__init.stock_location_G
__init.stock_location_GD22F457,GD22F457,__init.stock_location_G
__init.stock_location_GD22F544,GD22F544,__init.stock_location_G
__init.stock_location_GD22F652,GD22F652,__init.stock_location_G
__init.stock_location_GD22F755,GD22F755,__init.stock_location_G
__init.stock_location_GD22F880,GD22F880,__init.stock_location_G
__init.stock_location_GD22G117,GD22G117,__init.stock_location_G
__init.stock_location_GD22G270,GD22G270,__init.stock_location_G
__init.stock_location_GD22G404,GD22G404,__init.stock_location_G
__init.stock_location_GD22G536,GD22G536,__init.stock_location_G
__init.stock_location_GD22G608,GD22G608,__init.stock_location_G
__init.stock_location_GD22G745,GD22G745,__init.stock_location_G
__init.stock_location_GD23A148,GD23A148,__init.stock_location_G
__init.stock_location_GD23A200,GD23A200,__init.stock_location_G
__init.stock_location_GD23A346,GD23A346,__init.stock_location_G
__init.stock_location_GD23A470,GD23A470,__init.stock_location_G
__init.stock_location_GD23B245,GD23B245,__init.stock_location_G
__init.stock_location_GD23B368,GD23B368,__init.stock_location_G
__init.stock_location_GD23B432,GD23B432,__init.stock_location_G
__init.stock_location_GD23C126,GD23C126,__init.stock_location_G
__init.stock_location_GD23C245,GD23C245,__init.stock_location_G
__init.stock_location_GD23C397,GD23C397,__init.stock_location_G
__init.stock_location_GD23C412,GD23C412,__init.stock_location_G
__init.stock_location_GD23D257,GD23D257,__init.stock_location_G
__init.stock_location_GD23D382,GD23D382,__init.stock_location_G
__init.stock_location_GD23D451,GD23D451,__init.stock_location_G
__init.stock_location_GD23D513,GD23D513,__init.stock_location_G
__init.stock_location_GD23D620,GD23D620,__init.stock_location_G
__init.stock_location_GD24A155,GD24A155,__init.stock_location_G
__init.stock_location_GD24A289,GD24A289,__init.stock_location_G
__init.stock_location_GD24A393,GD24A393,__init.stock_location_G
__init.stock_location_GD24A433,GD24A433,__init.stock_location_G
__init.stock_location_GD24A588,GD24A588,__init.stock_location_G
__init.stock_location_GD24B162,GD24B162,__init.stock_location_G
__init.stock_location_GD24B295,GD24B295,__init.stock_location_G
__init.stock_location_GD24B301,GD24B301,__init.stock_location_G
__init.stock_location_GD24B423,GD24B423,__init.stock_location_G
__init.stock_location_GD24B515,GD24B515,__init.stock_location_G
__init.stock_location_GD24C140,GD24C140,__init.stock_location_G
__init.stock_location_GD24C261,GD24C261,__init.stock_location_G
__init.stock_location_GD24C311,GD24C311,__init.stock_location_G
__init.stock_location_GD24C463,GD24C463,__init.stock_location_G
__init.stock_location_GD24C550,GD24C550,__init.stock_location_G
__init.stock_location_GD24C600,GD24C600,__init.stock_location_G
__init.stock_location_GD24D190,GD24D190,__init.stock_location_G
__init.stock_location_GD24D215,GD24D215,__init.stock_location_G
__init.stock_location_GD24D364,GD24D364,__init.stock_location_G
__init.stock_location_GD24D435,GD24D435,__init.stock_location_G
__init.stock_location_GD24D550,GD24D550,__init.stock_location_G
__init.stock_location_GD24D604,GD24D604,__init.stock_location_G
__init.stock_location_GD24D772,GD24D772,__init.stock_location_G
__init.stock_location_GD24E138,GD24E138,__init.stock_location_G
__init.stock_location_GD24E286,GD24E286,__init.stock_location_G
__init.stock_location_GD24E424,GD24E424,__init.stock_location_G
__init.stock_location_GD24E572,GD24E572,__init.stock_location_G
__init.stock_location_GD24E687,GD24E687,__init.stock_location_G
__init.stock_location_GD24F164,GD24F164,__init.stock_location_G
__init.stock_location_GD24F223,GD24F223,__init.stock_location_G
__init.stock_location_GD24F311,GD24F311,__init.stock_location_G
__init.stock_location_GD24F489,GD24F489,__init.stock_location_G
__init.stock_location_GD24F527,GD24F527,__init.stock_location_G
__init.stock_location_GD24F665,GD24F665,__init.stock_location_G
__init.stock_location_GD24F767,GD24F767,__init.stock_location_G
__init.stock_location_GD24G130,GD24G130,__init.stock_location_G
__init.stock_location_GD24G260,GD24G260,__init.stock_location_G
__init.stock_location_GD24G323,GD24G323,__init.stock_location_G
__init.stock_location_GD24G418,GD24G418,__init.stock_location_G
__init.stock_location_GD24G585,GD24G585,__init.stock_location_G
__init.stock_location_GD24G645,GD24G645,__init.stock_location_G
__init.stock_location_GD24G716,GD24G716,__init.stock_location_G
__init.stock_location_GD25A103,GD25A103,__init.stock_location_G
__init.stock_location_GD25A218,GD25A218,__init.stock_location_G
__init.stock_location_GD25A317,GD25A317,__init.stock_location_G
__init.stock_location_GD25A492,GD25A492,__init.stock_location_G
__init.stock_location_GD25B141,GD25B141,__init.stock_location_G
__init.stock_location_GD25B274,GD25B274,__init.stock_location_G
__init.stock_location_GD25B303,GD25B303,__init.stock_location_G
__init.stock_location_GD25B421,GD25B421,__init.stock_location_G
__init.stock_location_GD25B509,GD25B509,__init.stock_location_G
__init.stock_location_GD25C164,GD25C164,__init.stock_location_G
__init.stock_location_GD25C211,GD25C211,__init.stock_location_G
__init.stock_location_GD25C302,GD25C302,__init.stock_location_G
__init.stock_location_GD25C494,GD25C494,__init.stock_location_G
__init.stock_location_GD25C544,GD25C544,__init.stock_location_G
__init.stock_location_GD25C645,GD25C645,__init.stock_location_G
__init.stock_location_GD25D113,GD25D113,__init.stock_location_G
__init.stock_location_GD25D202,GD25D202,__init.stock_location_G
__init.stock_location_GD25D307,GD25D307,__init.stock_location_G
__init.stock_location_GD25D449,GD25D449,__init.stock_location_G
__init.stock_location_GD25D512,GD25D512,__init.stock_location_G
__init.stock_location_GD25D619,GD25D619,__init.stock_location_G
__init.stock_location_GD26A182,GD26A182,__init.stock_location_G
__init.stock_location_GD26A209,GD26A209,__init.stock_location_G
__init.stock_location_GD26A336,GD26A336,__init.stock_location_G
__init.stock_location_GD26A493,GD26A493,__init.stock_location_G
__init.stock_location_GD26B134,GD26B134,__init.stock_location_G
__init.stock_location_GD26B273,GD26B273,__init.stock_location_G
__init.stock_location_GD26B358,GD26B358,__init.stock_location_G
__init.stock_location_GD26B473,GD26B473,__init.stock_location_G
__init.stock_location_GD26B586,GD26B586,__init.stock_location_G
__init.stock_location_GD26B635,GD26B635,__init.stock_location_G
__init.stock_location_GD26C105,GD26C105,__init.stock_location_G
__init.stock_location_GD26C282,GD26C282,__init.stock_location_G
__init.stock_location_GD26C319,GD26C319,__init.stock_location_G
__init.stock_location_GD26C538,GD26C538,__init.stock_location_G
__init.stock_location_GD26D166,GD26D166,__init.stock_location_G
__init.stock_location_GD26D332,GD26D332,__init.stock_location_G
__init.stock_location_GD26D409,GD26D409,__init.stock_location_G
__init.stock_location_GD26E146,GD26E146,__init.stock_location_G
__init.stock_location_GD26E269,GD26E269,__init.stock_location_G
__init.stock_location_GD26E363,GD26E363,__init.stock_location_G
__init.stock_location_GD26E423,GD26E423,__init.stock_location_G
__init.stock_location_GD26E515,GD26E515,__init.stock_location_G
__init.stock_location_GD26E665,GD26E665,__init.stock_location_G
__init.stock_location_GD26E798,GD26E798,__init.stock_location_G
__init.stock_location_GD27A152,GD27A152,__init.stock_location_G
__init.stock_location_GD27A257,GD27A257,__init.stock_location_G
__init.stock_location_GD27A334,GD27A334,__init.stock_location_G
__init.stock_location_GD27A461,GD27A461,__init.stock_location_G
__init.stock_location_GD27A532,GD27A532,__init.stock_location_G
__init.stock_location_GD27B118,GD27B118,__init.stock_location_G
__init.stock_location_GD27B210,GD27B210,__init.stock_location_G
__init.stock_location_GD27B332,GD27B332,__init.stock_location_G
__init.stock_location_GD27B401,GD27B401,__init.stock_location_G
__init.stock_location_GD27B529,GD27B529,__init.stock_location_G
__init.stock_location_GD27B690,GD27B690,__init.stock_location_G
__init.stock_location_GD27C103,GD27C103,__init.stock_location_G
__init.stock_location_GD27C257,GD27C257,__init.stock_location_G
__init.stock_location_GD27C325,GD27C325,__init.stock_location_G
__init.stock_location_GD27C464,GD27C464,__init.stock_location_G
__init.stock_location_GD27C561,GD27C561,__init.stock_location_G
__init.stock_location_GD27D131,GD27D131,__init.stock_location_G
__init.stock_location_GD27D239,GD27D239,__init.stock_location_G
__init.stock_location_GD27D352,GD27D352,__init.stock_location_G
__init.stock_location_GD27D402,GD27D402,__init.stock_location_G
__init.stock_location_GD27D584,GD27D584,__init.stock_location_G
__init.stock_location_GD28A144,GD28A144,__init.stock_location_G
__init.stock_location_GD28A206,GD28A206,__init.stock_location_G
__init.stock_location_GD28A301,GD28A301,__init.stock_location_G
__init.stock_location_GD28A436,GD28A436,__init.stock_location_G
__init.stock_location_GD28A550,GD28A550,__init.stock_location_G
__init.stock_location_GD28B183,GD28B183,__init.stock_location_G
__init.stock_location_GD28B247,GD28B247,__init.stock_location_G
__init.stock_location_GD28B464,GD28B464,__init.stock_location_G
__init.stock_location_GD28B562,GD28B562,__init.stock_location_G
__init.stock_location_GD28C122,GD28C122,__init.stock_location_G
__init.stock_location_GD28C280,GD28C280,__init.stock_location_G
__init.stock_location_GD28C354,GD28C354,__init.stock_location_G
__init.stock_location_GD28C418,GD28C418,__init.stock_location_G
__init.stock_location_GD28C584,GD28C584,__init.stock_location_G
__init.stock_location_GD28C641,GD28C641,__init.stock_location_G
__init.stock_location_GD28D127,GD28D127,__init.stock_location_G
__init.stock_location_GD28D240,GD28D240,__init.stock_location_G
__init.stock_location_GD28D380,GD28D380,__init.stock_location_G
__init.stock_location_GD28D445,GD28D445,__init.stock_location_G
__init.stock_location_GD28D565,GD28D565,__init.stock_location_G
__init.stock_location_GD28D661,GD28D661,__init.stock_location_G
__init.stock_location_GD28D740,GD28D740,__init.stock_location_G
__init.stock_location_GD28E157,GD28E157,__init.stock_location_G
__init.stock_location_GD28E279,GD28E279,__init.stock_location_G
__init.stock_location_GD28E360,GD28E360,__init.stock_location_G
__init.stock_location_GD28E431,GD28E431,__init.stock_location_G
__init.stock_location_GD28E507,GD28E507,__init.stock_location_G
__init.stock_location_GD28E684,GD28E684,__init.stock_location_G
__init.stock_location_GD28E760,GD28E760,__init.stock_location_G
__init.stock_location_GD29A166,GD29A166,__init.stock_location_G
__init.stock_location_GD29A241,GD29A241,__init.stock_location_G
__init.stock_location_GD29A406,GD29A406,__init.stock_location_G
__init.stock_location_GD29A520,GD29A520,__init.stock_location_G
__init.stock_location_GD29B140,GD29B140,__init.stock_location_G
__init.stock_location_GD29B213,GD29B213,__init.stock_location_G
__init.stock_location_GD29B307,GD29B307,__init.stock_location_G
__init.stock_location_GD29B476,GD29B476,__init.stock_location_G
__init.stock_location_GD29C105,GD29C105,__init.stock_location_G
__init.stock_location_GD29C287,GD29C287,__init.stock_location_G
__init.stock_location_GD29C319,GD29C319,__init.stock_location_G
__init.stock_location_GD29C449,GD29C449,__init.stock_location_G
__init.stock_location_GD29C554,GD29C554,__init.stock_location_G
__init.stock_location_GD29C674,GD29C674,__init.stock_location_G
__init.stock_location_GD29D105,GD29D105,__init.stock_location_G
__init.stock_location_GD29D209,GD29D209,__init.stock_location_G
__init.stock_location_GD29D371,GD29D371,__init.stock_location_G
__init.stock_location_GD29D429,GD29D429,__init.stock_location_G
__init.stock_location_GD29D566,GD29D566,__init.stock_location_G
__init.stock_location_GD30A187,GD30A187,__init.stock_location_G
__init.stock_location_GD30A204,GD30A204,__init.stock_location_G
__init.stock_location_GD30A314,GD30A314,__init.stock_location_G
__init.stock_location_GD30A405,GD30A405,__init.stock_location_G
__init.stock_location_GD30B113,GD30B113,__init.stock_location_G
__init.stock_location_GD30B277,GD30B277,__init.stock_location_G
__init.stock_location_GD30B326,GD30B326,__init.stock_location_G
__init.stock_location_GD30B430,GD30B430,__init.stock_location_G
__init.stock_location_GD30B503,GD30B503,__init.stock_location_G
__init.stock_location_GD30C102,GD30C102,__init.stock_location_G
__init.stock_location_GD30C298,GD30C298,__init.stock_location_G
__init.stock_location_GD30C367,GD30C367,__init.stock_location_G
__init.stock_location_GD30C450,GD30C450,__init.stock_location_G
__init.stock_location_GD30D193,GD30D193,__init.stock_location_G
__init.stock_location_GD30D212,GD30D212,__init.stock_location_G
__init.stock_location_GD30D353,GD30D353,__init.stock_location_G
__init.stock_location_GD30D413,GD30D413,__init.stock_location_G
__init.stock_location_GD30D564,GD30D564,__init.stock_location_G
__init.stock_location_GD30D657,GD30D657,__init.stock_location_G
__init.stock_location_GD30E109,GD30E109,__init.stock_location_G
__init.stock_location_GD30E248,GD30E248,__init.stock_location_G
__init.stock_location_GD30E371,GD30E371,__init.stock_location_G
__init.stock_location_GD30E425,GD30E425,__init.stock_location_G
__init.stock_location_GD30E503,GD30E503,__init.stock_location_G
__init.stock_location_GD30E662,GD30E662,__init.stock_location_G
__init.stock_location_GD30E710,GD30E710,__init.stock_location_G
__init.stock_location_GD32A110,GD32A110,__init.stock_location_G
__init.stock_location_GD32A287,GD32A287,__init.stock_location_G
__init.stock_location_GD32A356,GD32A356,__init.stock_location_G
__init.stock_location_GD32A497,GD32A497,__init.stock_location_G
__init.stock_location_GD32A507,GD32A507,__init.stock_location_G
__init.stock_location_GD32B106,GD32B106,__init.stock_location_G
__init.stock_location_GD32B233,GD32B233,__init.stock_location_G
__init.stock_location_GD32B343,GD32B343,__init.stock_location_G
__init.stock_location_GD32B449,GD32B449,__init.stock_location_G
__init.stock_location_GD32B511,GD32B511,__init.stock_location_G
__init.stock_location_GD32C173,GD32C173,__init.stock_location_G
__init.stock_location_GD32C242,GD32C242,__init.stock_location_G
__init.stock_location_GD32C332,GD32C332,__init.stock_location_G
__init.stock_location_GD32C450,GD32C450,__init.stock_location_G
__init.stock_location_GD32C552,GD32C552,__init.stock_location_G
__init.stock_location_GD32C628,GD32C628,__init.stock_location_G
__init.stock_location_GD32D195,GD32D195,__init.stock_location_G
__init.stock_location_GD32D239,GD32D239,__init.stock_location_G
__init.stock_location_GD32D305,GD32D305,__init.stock_location_G
__init.stock_location_GD32D404,GD32D404,__init.stock_location_G
__init.stock_location_GD32D560,GD32D560,__init.stock_location_G
__init.stock_location_GD32D657,GD32D657,__init.stock_location_G
__init.stock_location_GD32E135,GD32E135,__init.stock_location_G
__init.stock_location_GD32E224,GD32E224,__init.stock_location_G
__init.stock_location_GD32E307,GD32E307,__init.stock_location_G
__init.stock_location_GD32E437,GD32E437,__init.stock_location_G
__init.stock_location_GD32F120,GD32F120,__init.stock_location_G
__init.stock_location_GD32F209,GD32F209,__init.stock_location_G
__init.stock_location_GE01A190,GE01A190,__init.stock_location_G
__init.stock_location_GE01A205,GE01A205,__init.stock_location_G
__init.stock_location_GE01A350,GE01A350,__init.stock_location_G
__init.stock_location_GE01A407,GE01A407,__init.stock_location_G
__init.stock_location_GE01A510,GE01A510,__init.stock_location_G
__init.stock_location_GE01B206,GE01B206,__init.stock_location_G
__init.stock_location_GE01B391,GE01B391,__init.stock_location_G
__init.stock_location_GE01B417,GE01B417,__init.stock_location_G
__init.stock_location_GE01B559,GE01B559,__init.stock_location_G
__init.stock_location_GE01B626,GE01B626,__init.stock_location_G
__init.stock_location_GE01B777,GE01B777,__init.stock_location_G
__init.stock_location_GE01C175,GE01C175,__init.stock_location_G
__init.stock_location_GE01C210,GE01C210,__init.stock_location_G
__init.stock_location_GE01C308,GE01C308,__init.stock_location_G
__init.stock_location_GE01C468,GE01C468,__init.stock_location_G
__init.stock_location_GE01C529,GE01C529,__init.stock_location_G
__init.stock_location_GE01D117,GE01D117,__init.stock_location_G
__init.stock_location_GE01D200,GE01D200,__init.stock_location_G
__init.stock_location_GE01D331,GE01D331,__init.stock_location_G
__init.stock_location_GE01D448,GE01D448,__init.stock_location_G
__init.stock_location_GE01D599,GE01D599,__init.stock_location_G
__init.stock_location_GE01D690,GE01D690,__init.stock_location_G
__init.stock_location_GE01D774,GE01D774,__init.stock_location_G
__init.stock_location_GE01E195,GE01E195,__init.stock_location_G
__init.stock_location_GE01E212,GE01E212,__init.stock_location_G
__init.stock_location_GE01E373,GE01E373,__init.stock_location_G
__init.stock_location_GE01E420,GE01E420,__init.stock_location_G
__init.stock_location_GE01F341,GE01F341,__init.stock_location_G
__init.stock_location_GE03A132,GE03A132,__init.stock_location_G
__init.stock_location_GE03A239,GE03A239,__init.stock_location_G
__init.stock_location_GE03A312,GE03A312,__init.stock_location_G
__init.stock_location_GE03A495,GE03A495,__init.stock_location_G
__init.stock_location_GE03A505,GE03A505,__init.stock_location_G
__init.stock_location_GE03B145,GE03B145,__init.stock_location_G
__init.stock_location_GE03B266,GE03B266,__init.stock_location_G
__init.stock_location_GE03B360,GE03B360,__init.stock_location_G
__init.stock_location_GE03B441,GE03B441,__init.stock_location_G
__init.stock_location_GE03B608,GE03B608,__init.stock_location_G
__init.stock_location_GE03C104,GE03C104,__init.stock_location_G
__init.stock_location_GE03C221,GE03C221,__init.stock_location_G
__init.stock_location_GE03C394,GE03C394,__init.stock_location_G
__init.stock_location_GE03C414,GE03C414,__init.stock_location_G
__init.stock_location_GE03C504,GE03C504,__init.stock_location_G
__init.stock_location_GE03D134,GE03D134,__init.stock_location_G
__init.stock_location_GE03D298,GE03D298,__init.stock_location_G
__init.stock_location_GE03D326,GE03D326,__init.stock_location_G
__init.stock_location_GE03D413,GE03D413,__init.stock_location_G
__init.stock_location_GE03D553,GE03D553,__init.stock_location_G
__init.stock_location_GE03D616,GE03D616,__init.stock_location_G
__init.stock_location_GE03E196,GE03E196,__init.stock_location_G
__init.stock_location_GE03E242,GE03E242,__init.stock_location_G
__init.stock_location_GE03E328,GE03E328,__init.stock_location_G
__init.stock_location_GE03E404,GE03E404,__init.stock_location_G
__init.stock_location_GE03E592,GE03E592,__init.stock_location_G
__init.stock_location_GE03E627,GE03E627,__init.stock_location_G
__init.stock_location_GE03E708,GE03E708,__init.stock_location_G
__init.stock_location_GE03F127,GE03F127,__init.stock_location_G
__init.stock_location_GE03F200,GE03F200,__init.stock_location_G
__init.stock_location_GE03F393,GE03F393,__init.stock_location_G
__init.stock_location_GE03F477,GE03F477,__init.stock_location_G
__init.stock_location_GE03F572,GE03F572,__init.stock_location_G
__init.stock_location_GE03F678,GE03F678,__init.stock_location_G
__init.stock_location_GE03F852,GE03F852,__init.stock_location_G
__init.stock_location_GE03G162,GE03G162,__init.stock_location_G
__init.stock_location_GE03G294,GE03G294,__init.stock_location_G
__init.stock_location_GE03G395,GE03G395,__init.stock_location_G
__init.stock_location_GE03G449,GE03G449,__init.stock_location_G
__init.stock_location_GE03G510,GE03G510,__init.stock_location_G
__init.stock_location_GE03G601,GE03G601,__init.stock_location_G
__init.stock_location_GE03G749,GE03G749,__init.stock_location_G
__init.stock_location_GE04A108,GE04A108,__init.stock_location_G
__init.stock_location_GE04A204,GE04A204,__init.stock_location_G
__init.stock_location_GE04A306,GE04A306,__init.stock_location_G
__init.stock_location_GE04B193,GE04B193,__init.stock_location_G
__init.stock_location_GE04B200,GE04B200,__init.stock_location_G
__init.stock_location_GE04B390,GE04B390,__init.stock_location_G
__init.stock_location_GE04B416,GE04B416,__init.stock_location_G
__init.stock_location_GE04C114,GE04C114,__init.stock_location_G
__init.stock_location_GE04C281,GE04C281,__init.stock_location_G
__init.stock_location_GE04C365,GE04C365,__init.stock_location_G
__init.stock_location_GE04C440,GE04C440,__init.stock_location_G
__init.stock_location_GE04D158,GE04D158,__init.stock_location_G
__init.stock_location_GE04D287,GE04D287,__init.stock_location_G
__init.stock_location_GE04D306,GE04D306,__init.stock_location_G
__init.stock_location_GE04D457,GE04D457,__init.stock_location_G
__init.stock_location_GE04D561,GE04D561,__init.stock_location_G
__init.stock_location_GE05A125,GE05A125,__init.stock_location_G
__init.stock_location_GE05A235,GE05A235,__init.stock_location_G
__init.stock_location_GE05A354,GE05A354,__init.stock_location_G
__init.stock_location_GE05A471,GE05A471,__init.stock_location_G
__init.stock_location_GE05A513,GE05A513,__init.stock_location_G
__init.stock_location_GE05B101,GE05B101,__init.stock_location_G
__init.stock_location_GE05B217,GE05B217,__init.stock_location_G
__init.stock_location_GE05B397,GE05B397,__init.stock_location_G
__init.stock_location_GE05B512,GE05B512,__init.stock_location_G
__init.stock_location_GE05B672,GE05B672,__init.stock_location_G
__init.stock_location_GE05B799,GE05B799,__init.stock_location_G
__init.stock_location_GE05C188,GE05C188,__init.stock_location_G
__init.stock_location_GE05C232,GE05C232,__init.stock_location_G
__init.stock_location_GE05C322,GE05C322,__init.stock_location_G
__init.stock_location_GE05C419,GE05C419,__init.stock_location_G
__init.stock_location_GE05C503,GE05C503,__init.stock_location_G
__init.stock_location_GE05C642,GE05C642,__init.stock_location_G
__init.stock_location_GE05D145,GE05D145,__init.stock_location_G
__init.stock_location_GE05D231,GE05D231,__init.stock_location_G
__init.stock_location_GE05D365,GE05D365,__init.stock_location_G
__init.stock_location_GE05D401,GE05D401,__init.stock_location_G
__init.stock_location_GE05D544,GE05D544,__init.stock_location_G
__init.stock_location_GE05D631,GE05D631,__init.stock_location_G
__init.stock_location_GE05D762,GE05D762,__init.stock_location_G
__init.stock_location_GE05E154,GE05E154,__init.stock_location_G
__init.stock_location_GE05E205,GE05E205,__init.stock_location_G
__init.stock_location_GE05E375,GE05E375,__init.stock_location_G
__init.stock_location_GE05E478,GE05E478,__init.stock_location_G
__init.stock_location_GE05E516,GE05E516,__init.stock_location_G
__init.stock_location_GE05E650,GE05E650,__init.stock_location_G
__init.stock_location_GE05F198,GE05F198,__init.stock_location_G
__init.stock_location_GE05F225,GE05F225,__init.stock_location_G
__init.stock_location_GE05F358,GE05F358,__init.stock_location_G
__init.stock_location_GE05F443,GE05F443,__init.stock_location_G
__init.stock_location_GE05F503,GE05F503,__init.stock_location_G
__init.stock_location_GE05F625,GE05F625,__init.stock_location_G
__init.stock_location_GE05F722,GE05F722,__init.stock_location_G
__init.stock_location_GE05F898,GE05F898,__init.stock_location_G
__init.stock_location_GE05G123,GE05G123,__init.stock_location_G
__init.stock_location_GE05G214,GE05G214,__init.stock_location_G
__init.stock_location_GE05G320,GE05G320,__init.stock_location_G
__init.stock_location_GE05G424,GE05G424,__init.stock_location_G
__init.stock_location_GE05G525,GE05G525,__init.stock_location_G
__init.stock_location_GE06A104,GE06A104,__init.stock_location_G
__init.stock_location_GE06A324,GE06A324,__init.stock_location_G
__init.stock_location_GE06A419,GE06A419,__init.stock_location_G
__init.stock_location_GE06A536,GE06A536,__init.stock_location_G
__init.stock_location_GE06B264,GE06B264,__init.stock_location_G
__init.stock_location_GE06B328,GE06B328,__init.stock_location_G
__init.stock_location_GE06B495,GE06B495,__init.stock_location_G
__init.stock_location_GE06B509,GE06B509,__init.stock_location_G
__init.stock_location_GE06C262,GE06C262,__init.stock_location_G
__init.stock_location_GE06C302,GE06C302,__init.stock_location_G
__init.stock_location_GE06C472,GE06C472,__init.stock_location_G
__init.stock_location_GE06D126,GE06D126,__init.stock_location_G
__init.stock_location_GE06D286,GE06D286,__init.stock_location_G
__init.stock_location_GE06D403,GE06D403,__init.stock_location_G
__init.stock_location_GE06D514,GE06D514,__init.stock_location_G
__init.stock_location_GE06D684,GE06D684,__init.stock_location_G
__init.stock_location_GE07A155,GE07A155,__init.stock_location_G
__init.stock_location_GE07A232,GE07A232,__init.stock_location_G
__init.stock_location_GE07A381,GE07A381,__init.stock_location_G
__init.stock_location_GE07A419,GE07A419,__init.stock_location_G
__init.stock_location_GE07A591,GE07A591,__init.stock_location_G
__init.stock_location_GE07A756,GE07A756,__init.stock_location_G
__init.stock_location_GE07A825,GE07A825,__init.stock_location_G
__init.stock_location_GE07B141,GE07B141,__init.stock_location_G
__init.stock_location_GE07B220,GE07B220,__init.stock_location_G
__init.stock_location_GE07B315,GE07B315,__init.stock_location_G
__init.stock_location_GE07B475,GE07B475,__init.stock_location_G
__init.stock_location_GE07B582,GE07B582,__init.stock_location_G
__init.stock_location_GE07B607,GE07B607,__init.stock_location_G
__init.stock_location_GE07B869,GE07B869,__init.stock_location_G
__init.stock_location_GE07C164,GE07C164,__init.stock_location_G
__init.stock_location_GE07C207,GE07C207,__init.stock_location_G
__init.stock_location_GE07C316,GE07C316,__init.stock_location_G
__init.stock_location_GE07C406,GE07C406,__init.stock_location_G
__init.stock_location_GE07C545,GE07C545,__init.stock_location_G
__init.stock_location_GE07C786,GE07C786,__init.stock_location_G
__init.stock_location_GE07D252,GE07D252,__init.stock_location_G
__init.stock_location_GE07D317,GE07D317,__init.stock_location_G
__init.stock_location_GE07D448,GE07D448,__init.stock_location_G
__init.stock_location_GE07D506,GE07D506,__init.stock_location_G
__init.stock_location_GE07D622,GE07D622,__init.stock_location_G
__init.stock_location_GE07D704,GE07D704,__init.stock_location_G
__init.stock_location_GE07E146,GE07E146,__init.stock_location_G
__init.stock_location_GE07E201,GE07E201,__init.stock_location_G
__init.stock_location_GE07E388,GE07E388,__init.stock_location_G
__init.stock_location_GE07E499,GE07E499,__init.stock_location_G
__init.stock_location_GE07E533,GE07E533,__init.stock_location_G
__init.stock_location_GE07E678,GE07E678,__init.stock_location_G
__init.stock_location_GE07E792,GE07E792,__init.stock_location_G
__init.stock_location_GE07F127,GE07F127,__init.stock_location_G
__init.stock_location_GE07F259,GE07F259,__init.stock_location_G
__init.stock_location_GE07F307,GE07F307,__init.stock_location_G
__init.stock_location_GE07F441,GE07F441,__init.stock_location_G
__init.stock_location_GE07F576,GE07F576,__init.stock_location_G
__init.stock_location_GE07F626,GE07F626,__init.stock_location_G
__init.stock_location_GE07G110,GE07G110,__init.stock_location_G
__init.stock_location_GE07G250,GE07G250,__init.stock_location_G
__init.stock_location_GE07G371,GE07G371,__init.stock_location_G
__init.stock_location_GE07G476,GE07G476,__init.stock_location_G
__init.stock_location_GE07G581,GE07G581,__init.stock_location_G
__init.stock_location_GE07G667,GE07G667,__init.stock_location_G
__init.stock_location_GE07G703,GE07G703,__init.stock_location_G
__init.stock_location_GE07G961,GE07G961,__init.stock_location_G
__init.stock_location_GE08A139,GE08A139,__init.stock_location_G
__init.stock_location_GE08A290,GE08A290,__init.stock_location_G
__init.stock_location_GE08A302,GE08A302,__init.stock_location_G
__init.stock_location_GE08A480,GE08A480,__init.stock_location_G
__init.stock_location_GE08A501,GE08A501,__init.stock_location_G
__init.stock_location_GE08B105,GE08B105,__init.stock_location_G
__init.stock_location_GE08B281,GE08B281,__init.stock_location_G
__init.stock_location_GE08B308,GE08B308,__init.stock_location_G
__init.stock_location_GE08B428,GE08B428,__init.stock_location_G
__init.stock_location_GE08B546,GE08B546,__init.stock_location_G
__init.stock_location_GE08C176,GE08C176,__init.stock_location_G
__init.stock_location_GE08C215,GE08C215,__init.stock_location_G
__init.stock_location_GE08C395,GE08C395,__init.stock_location_G
__init.stock_location_GE08C643,GE08C643,__init.stock_location_G
__init.stock_location_GE08D125,GE08D125,__init.stock_location_G
__init.stock_location_GE08D245,GE08D245,__init.stock_location_G
__init.stock_location_GE08D330,GE08D330,__init.stock_location_G
__init.stock_location_GE08D400,GE08D400,__init.stock_location_G
__init.stock_location_GE09A191,GE09A191,__init.stock_location_G
__init.stock_location_GE09A220,GE09A220,__init.stock_location_G
__init.stock_location_GE09A312,GE09A312,__init.stock_location_G
__init.stock_location_GE09A442,GE09A442,__init.stock_location_G
__init.stock_location_GE09A555,GE09A555,__init.stock_location_G
__init.stock_location_GE09A660,GE09A660,__init.stock_location_G
__init.stock_location_GE09B153,GE09B153,__init.stock_location_G
__init.stock_location_GE09B212,GE09B212,__init.stock_location_G
__init.stock_location_GE09B350,GE09B350,__init.stock_location_G
__init.stock_location_GE09B411,GE09B411,__init.stock_location_G
__init.stock_location_GE09B522,GE09B522,__init.stock_location_G
__init.stock_location_GE09C189,GE09C189,__init.stock_location_G
__init.stock_location_GE09C267,GE09C267,__init.stock_location_G
__init.stock_location_GE09C354,GE09C354,__init.stock_location_G
__init.stock_location_GE09C402,GE09C402,__init.stock_location_G
__init.stock_location_GE09C586,GE09C586,__init.stock_location_G
__init.stock_location_GE09C663,GE09C663,__init.stock_location_G
__init.stock_location_GE09C738,GE09C738,__init.stock_location_G
__init.stock_location_GE09D109,GE09D109,__init.stock_location_G
__init.stock_location_GE09D295,GE09D295,__init.stock_location_G
__init.stock_location_GE09D458,GE09D458,__init.stock_location_G
__init.stock_location_GE09D570,GE09D570,__init.stock_location_G
__init.stock_location_GE09D735,GE09D735,__init.stock_location_G
__init.stock_location_GE09E124,GE09E124,__init.stock_location_G
__init.stock_location_GE09E280,GE09E280,__init.stock_location_G
__init.stock_location_GE09E392,GE09E392,__init.stock_location_G
__init.stock_location_GE09E477,GE09E477,__init.stock_location_G
__init.stock_location_GE09E548,GE09E548,__init.stock_location_G
__init.stock_location_GE09E610,GE09E610,__init.stock_location_G
__init.stock_location_GE09E760,GE09E760,__init.stock_location_G
__init.stock_location_GE09F142,GE09F142,__init.stock_location_G
__init.stock_location_GE09F223,GE09F223,__init.stock_location_G
__init.stock_location_GE09F357,GE09F357,__init.stock_location_G
__init.stock_location_GE09F483,GE09F483,__init.stock_location_G
__init.stock_location_GE09F568,GE09F568,__init.stock_location_G
__init.stock_location_GE09F696,GE09F696,__init.stock_location_G
__init.stock_location_GE09G113,GE09G113,__init.stock_location_G
__init.stock_location_GE09G265,GE09G265,__init.stock_location_G
__init.stock_location_GE09G358,GE09G358,__init.stock_location_G
__init.stock_location_GE09G483,GE09G483,__init.stock_location_G
__init.stock_location_GE09G535,GE09G535,__init.stock_location_G
__init.stock_location_GE09G650,GE09G650,__init.stock_location_G
__init.stock_location_GE09G724,GE09G724,__init.stock_location_G
__init.stock_location_GE10A162,GE10A162,__init.stock_location_G
__init.stock_location_GE10A204,GE10A204,__init.stock_location_G
__init.stock_location_GE10A334,GE10A334,__init.stock_location_G
__init.stock_location_GE10A442,GE10A442,__init.stock_location_G
__init.stock_location_GE10B109,GE10B109,__init.stock_location_G
__init.stock_location_GE10B270,GE10B270,__init.stock_location_G
__init.stock_location_GE10B352,GE10B352,__init.stock_location_G
__init.stock_location_GE10B420,GE10B420,__init.stock_location_G
__init.stock_location_GE10B532,GE10B532,__init.stock_location_G
__init.stock_location_GE10C148,GE10C148,__init.stock_location_G
__init.stock_location_GE10C261,GE10C261,__init.stock_location_G
__init.stock_location_GE10C300,GE10C300,__init.stock_location_G
__init.stock_location_GE10C444,GE10C444,__init.stock_location_G
__init.stock_location_GE10C573,GE10C573,__init.stock_location_G
__init.stock_location_GE10C670,GE10C670,__init.stock_location_G
__init.stock_location_GE10D125,GE10D125,__init.stock_location_G
__init.stock_location_GE10D220,GE10D220,__init.stock_location_G
__init.stock_location_GE10D313,GE10D313,__init.stock_location_G
__init.stock_location_GE10D445,GE10D445,__init.stock_location_G
__init.stock_location_GE10D512,GE10D512,__init.stock_location_G
__init.stock_location_GE11A185,GE11A185,__init.stock_location_G
__init.stock_location_GE11A387,GE11A387,__init.stock_location_G
__init.stock_location_GE11A430,GE11A430,__init.stock_location_G
__init.stock_location_GE11A566,GE11A566,__init.stock_location_G
__init.stock_location_GE11A609,GE11A609,__init.stock_location_G
__init.stock_location_GE11A794,GE11A794,__init.stock_location_G
__init.stock_location_GE11B188,GE11B188,__init.stock_location_G
__init.stock_location_GE11B290,GE11B290,__init.stock_location_G
__init.stock_location_GE11B378,GE11B378,__init.stock_location_G
__init.stock_location_GE11B425,GE11B425,__init.stock_location_G
__init.stock_location_GE11B560,GE11B560,__init.stock_location_G
__init.stock_location_GE11B608,GE11B608,__init.stock_location_G
__init.stock_location_GE11B740,GE11B740,__init.stock_location_G
__init.stock_location_GE11C161,GE11C161,__init.stock_location_G
__init.stock_location_GE11C245,GE11C245,__init.stock_location_G
__init.stock_location_GE11C320,GE11C320,__init.stock_location_G
__init.stock_location_GE11C430,GE11C430,__init.stock_location_G
__init.stock_location_GE11C506,GE11C506,__init.stock_location_G
__init.stock_location_GE11C797,GE11C797,__init.stock_location_G
__init.stock_location_GE11D174,GE11D174,__init.stock_location_G
__init.stock_location_GE11D220,GE11D220,__init.stock_location_G
__init.stock_location_GE11D382,GE11D382,__init.stock_location_G
__init.stock_location_GE11D415,GE11D415,__init.stock_location_G
__init.stock_location_GE11D504,GE11D504,__init.stock_location_G
__init.stock_location_GE11D671,GE11D671,__init.stock_location_G
__init.stock_location_GE11D719,GE11D719,__init.stock_location_G
__init.stock_location_GE11E109,GE11E109,__init.stock_location_G
__init.stock_location_GE11E288,GE11E288,__init.stock_location_G
__init.stock_location_GE11E309,GE11E309,__init.stock_location_G
__init.stock_location_GE11E499,GE11E499,__init.stock_location_G
__init.stock_location_GE11E519,GE11E519,__init.stock_location_G
__init.stock_location_GE11E605,GE11E605,__init.stock_location_G
__init.stock_location_GE11F109,GE11F109,__init.stock_location_G
__init.stock_location_GE11F289,GE11F289,__init.stock_location_G
__init.stock_location_GE11F335,GE11F335,__init.stock_location_G
__init.stock_location_GE11F400,GE11F400,__init.stock_location_G
__init.stock_location_GE11F525,GE11F525,__init.stock_location_G
__init.stock_location_GE11F653,GE11F653,__init.stock_location_G
__init.stock_location_GE11G186,GE11G186,__init.stock_location_G
__init.stock_location_GE11G283,GE11G283,__init.stock_location_G
__init.stock_location_GE11G375,GE11G375,__init.stock_location_G
__init.stock_location_GE11G471,GE11G471,__init.stock_location_G
__init.stock_location_GE11G548,GE11G548,__init.stock_location_G
__init.stock_location_GE11G620,GE11G620,__init.stock_location_G
__init.stock_location_GE12A136,GE12A136,__init.stock_location_G
__init.stock_location_GE12A257,GE12A257,__init.stock_location_G
__init.stock_location_GE12A305,GE12A305,__init.stock_location_G
__init.stock_location_GE12B148,GE12B148,__init.stock_location_G
__init.stock_location_GE12B241,GE12B241,__init.stock_location_G
__init.stock_location_GE12B307,GE12B307,__init.stock_location_G
__init.stock_location_GE12B434,GE12B434,__init.stock_location_G
__init.stock_location_GE12B562,GE12B562,__init.stock_location_G
__init.stock_location_GE12C179,GE12C179,__init.stock_location_G
__init.stock_location_GE12C265,GE12C265,__init.stock_location_G
__init.stock_location_GE12C312,GE12C312,__init.stock_location_G
__init.stock_location_GE12C411,GE12C411,__init.stock_location_G
__init.stock_location_GE12C509,GE12C509,__init.stock_location_G
__init.stock_location_GE12C665,GE12C665,__init.stock_location_G
__init.stock_location_GE12D113,GE12D113,__init.stock_location_G
__init.stock_location_GE12D254,GE12D254,__init.stock_location_G
__init.stock_location_GE12D311,GE12D311,__init.stock_location_G
__init.stock_location_GE12D493,GE12D493,__init.stock_location_G
__init.stock_location_GE12D553,GE12D553,__init.stock_location_G
__init.stock_location_GE12D623,GE12D623,__init.stock_location_G
__init.stock_location_GE13A198,GE13A198,__init.stock_location_G
__init.stock_location_GE13A207,GE13A207,__init.stock_location_G
__init.stock_location_GE13A341,GE13A341,__init.stock_location_G
__init.stock_location_GE13A440,GE13A440,__init.stock_location_G
__init.stock_location_GE13A504,GE13A504,__init.stock_location_G
__init.stock_location_GE13A611,GE13A611,__init.stock_location_G
__init.stock_location_GE13B128,GE13B128,__init.stock_location_G
__init.stock_location_GE13B299,GE13B299,__init.stock_location_G
__init.stock_location_GE13B373,GE13B373,__init.stock_location_G
__init.stock_location_GE13B429,GE13B429,__init.stock_location_G
__init.stock_location_GE13B554,GE13B554,__init.stock_location_G
__init.stock_location_GE13B603,GE13B603,__init.stock_location_G
__init.stock_location_GE13B707,GE13B707,__init.stock_location_G
__init.stock_location_GE13C155,GE13C155,__init.stock_location_G
__init.stock_location_GE13C281,GE13C281,__init.stock_location_G
__init.stock_location_GE13C314,GE13C314,__init.stock_location_G
__init.stock_location_GE13C469,GE13C469,__init.stock_location_G
__init.stock_location_GE13C563,GE13C563,__init.stock_location_G
__init.stock_location_GE13D168,GE13D168,__init.stock_location_G
__init.stock_location_GE13D269,GE13D269,__init.stock_location_G
__init.stock_location_GE13D392,GE13D392,__init.stock_location_G
__init.stock_location_GE13D431,GE13D431,__init.stock_location_G
__init.stock_location_GE13D535,GE13D535,__init.stock_location_G
__init.stock_location_GE13D658,GE13D658,__init.stock_location_G
__init.stock_location_GE13E178,GE13E178,__init.stock_location_G
__init.stock_location_GE13E265,GE13E265,__init.stock_location_G
__init.stock_location_GE13E314,GE13E314,__init.stock_location_G
__init.stock_location_GE13E448,GE13E448,__init.stock_location_G
__init.stock_location_GE13E587,GE13E587,__init.stock_location_G
__init.stock_location_GE13E641,GE13E641,__init.stock_location_G
__init.stock_location_GE13F130,GE13F130,__init.stock_location_G
__init.stock_location_GE13F238,GE13F238,__init.stock_location_G
__init.stock_location_GE13F370,GE13F370,__init.stock_location_G
__init.stock_location_GE13F434,GE13F434,__init.stock_location_G
__init.stock_location_GE13F597,GE13F597,__init.stock_location_G
__init.stock_location_GE13F635,GE13F635,__init.stock_location_G
__init.stock_location_GE13F747,GE13F747,__init.stock_location_G
__init.stock_location_GE13G100,GE13G100,__init.stock_location_G
__init.stock_location_GE13G263,GE13G263,__init.stock_location_G
__init.stock_location_GE13G394,GE13G394,__init.stock_location_G
__init.stock_location_GE13G414,GE13G414,__init.stock_location_G
__init.stock_location_GE13G572,GE13G572,__init.stock_location_G
__init.stock_location_GE13G711,GE13G711,__init.stock_location_G
__init.stock_location_GE14A190,GE14A190,__init.stock_location_G
__init.stock_location_GE14A307,GE14A307,__init.stock_location_G
__init.stock_location_GE14A400,GE14A400,__init.stock_location_G
__init.stock_location_GE14A595,GE14A595,__init.stock_location_G
__init.stock_location_GE14B173,GE14B173,__init.stock_location_G
__init.stock_location_GE14B210,GE14B210,__init.stock_location_G
__init.stock_location_GE14B339,GE14B339,__init.stock_location_G
__init.stock_location_GE14B400,GE14B400,__init.stock_location_G
__init.stock_location_GE14C125,GE14C125,__init.stock_location_G
__init.stock_location_GE14C289,GE14C289,__init.stock_location_G
__init.stock_location_GE14C335,GE14C335,__init.stock_location_G
__init.stock_location_GE14C485,GE14C485,__init.stock_location_G
__init.stock_location_GE14D112,GE14D112,__init.stock_location_G
__init.stock_location_GE14D241,GE14D241,__init.stock_location_G
__init.stock_location_GE14D380,GE14D380,__init.stock_location_G
__init.stock_location_GE14D449,GE14D449,__init.stock_location_G
__init.stock_location_GE14D580,GE14D580,__init.stock_location_G
__init.stock_location_GE14D666,GE14D666,__init.stock_location_G
__init.stock_location_GE15A101,GE15A101,__init.stock_location_G
__init.stock_location_GE15A273,GE15A273,__init.stock_location_G
__init.stock_location_GE15A386,GE15A386,__init.stock_location_G
__init.stock_location_GE15A471,GE15A471,__init.stock_location_G
__init.stock_location_GE15A576,GE15A576,__init.stock_location_G
__init.stock_location_GE15B102,GE15B102,__init.stock_location_G
__init.stock_location_GE15B227,GE15B227,__init.stock_location_G
__init.stock_location_GE15B338,GE15B338,__init.stock_location_G
__init.stock_location_GE15B420,GE15B420,__init.stock_location_G
__init.stock_location_GE15B511,GE15B511,__init.stock_location_G
__init.stock_location_GE15B632,GE15B632,__init.stock_location_G
__init.stock_location_GE15C106,GE15C106,__init.stock_location_G
__init.stock_location_GE15C254,GE15C254,__init.stock_location_G
__init.stock_location_GE15C393,GE15C393,__init.stock_location_G
__init.stock_location_GE15C400,GE15C400,__init.stock_location_G
__init.stock_location_GE15C544,GE15C544,__init.stock_location_G
__init.stock_location_GE15C688,GE15C688,__init.stock_location_G
__init.stock_location_GE15C761,GE15C761,__init.stock_location_G
__init.stock_location_GE15D123,GE15D123,__init.stock_location_G
__init.stock_location_GE15D237,GE15D237,__init.stock_location_G
__init.stock_location_GE15D330,GE15D330,__init.stock_location_G
__init.stock_location_GE15D467,GE15D467,__init.stock_location_G
__init.stock_location_GE15D508,GE15D508,__init.stock_location_G
__init.stock_location_GE15D634,GE15D634,__init.stock_location_G
__init.stock_location_GE15D797,GE15D797,__init.stock_location_G
__init.stock_location_GE15E170,GE15E170,__init.stock_location_G
__init.stock_location_GE15E240,GE15E240,__init.stock_location_G
__init.stock_location_GE15E323,GE15E323,__init.stock_location_G
__init.stock_location_GE15E472,GE15E472,__init.stock_location_G
__init.stock_location_GE15E504,GE15E504,__init.stock_location_G
__init.stock_location_GE15E658,GE15E658,__init.stock_location_G
__init.stock_location_GE15F114,GE15F114,__init.stock_location_G
__init.stock_location_GE15F297,GE15F297,__init.stock_location_G
__init.stock_location_GE15F364,GE15F364,__init.stock_location_G
__init.stock_location_GE15F433,GE15F433,__init.stock_location_G
__init.stock_location_GE15F515,GE15F515,__init.stock_location_G
__init.stock_location_GE15F649,GE15F649,__init.stock_location_G
__init.stock_location_GE15F702,GE15F702,__init.stock_location_G
__init.stock_location_GE15G136,GE15G136,__init.stock_location_G
__init.stock_location_GE15G235,GE15G235,__init.stock_location_G
__init.stock_location_GE15G316,GE15G316,__init.stock_location_G
__init.stock_location_GE15G484,GE15G484,__init.stock_location_G
__init.stock_location_GE15G505,GE15G505,__init.stock_location_G
__init.stock_location_GE15G620,GE15G620,__init.stock_location_G
__init.stock_location_GE15G710,GE15G710,__init.stock_location_G
__init.stock_location_GE16A192,GE16A192,__init.stock_location_G
__init.stock_location_GE16A264,GE16A264,__init.stock_location_G
__init.stock_location_GE16A304,GE16A304,__init.stock_location_G
__init.stock_location_GE16A480,GE16A480,__init.stock_location_G
__init.stock_location_GE16B181,GE16B181,__init.stock_location_G
__init.stock_location_GE16B201,GE16B201,__init.stock_location_G
__init.stock_location_GE16B336,GE16B336,__init.stock_location_G
__init.stock_location_GE16B457,GE16B457,__init.stock_location_G
__init.stock_location_GE16B508,GE16B508,__init.stock_location_G
__init.stock_location_GE16C242,GE16C242,__init.stock_location_G
__init.stock_location_GE16C302,GE16C302,__init.stock_location_G
__init.stock_location_GE16C414,GE16C414,__init.stock_location_G
__init.stock_location_GE16C519,GE16C519,__init.stock_location_G
__init.stock_location_GE16D150,GE16D150,__init.stock_location_G
__init.stock_location_GE16D257,GE16D257,__init.stock_location_G
__init.stock_location_GE16D362,GE16D362,__init.stock_location_G
__init.stock_location_GE16D400,GE16D400,__init.stock_location_G
__init.stock_location_GE16D502,GE16D502,__init.stock_location_G
__init.stock_location_GE19A117,GE19A117,__init.stock_location_G
__init.stock_location_GE19A263,GE19A263,__init.stock_location_G
__init.stock_location_GE19B197,GE19B197,__init.stock_location_G
__init.stock_location_GE19B292,GE19B292,__init.stock_location_G
__init.stock_location_GE19B313,GE19B313,__init.stock_location_G
__init.stock_location_GE19C169,GE19C169,__init.stock_location_G
__init.stock_location_GE19C252,GE19C252,__init.stock_location_G
__init.stock_location_GE19C357,GE19C357,__init.stock_location_G
__init.stock_location_GE19D186,GE19D186,__init.stock_location_G
__init.stock_location_GE19D242,GE19D242,__init.stock_location_G
__init.stock_location_GE19D398,GE19D398,__init.stock_location_G
__init.stock_location_GE19D475,GE19D475,__init.stock_location_G
__init.stock_location_GE20A109,GE20A109,__init.stock_location_G
__init.stock_location_GE20A276,GE20A276,__init.stock_location_G
__init.stock_location_GE20A300,GE20A300,__init.stock_location_G
__init.stock_location_GE20A405,GE20A405,__init.stock_location_G
__init.stock_location_GE20B130,GE20B130,__init.stock_location_G
__init.stock_location_GE20B277,GE20B277,__init.stock_location_G
__init.stock_location_GE20B311,GE20B311,__init.stock_location_G
__init.stock_location_GE20B455,GE20B455,__init.stock_location_G
__init.stock_location_GE20B586,GE20B586,__init.stock_location_G
__init.stock_location_GE20B612,GE20B612,__init.stock_location_G
__init.stock_location_GE20C181,GE20C181,__init.stock_location_G
__init.stock_location_GE20C284,GE20C284,__init.stock_location_G
__init.stock_location_GE20C307,GE20C307,__init.stock_location_G
__init.stock_location_GE20C459,GE20C459,__init.stock_location_G
__init.stock_location_GE20C553,GE20C553,__init.stock_location_G
__init.stock_location_GE20D119,GE20D119,__init.stock_location_G
__init.stock_location_GE20D281,GE20D281,__init.stock_location_G
__init.stock_location_GE20D335,GE20D335,__init.stock_location_G
__init.stock_location_GE20D456,GE20D456,__init.stock_location_G
__init.stock_location_GE20D573,GE20D573,__init.stock_location_G
__init.stock_location_GE21A174,GE21A174,__init.stock_location_G
__init.stock_location_GE21A246,GE21A246,__init.stock_location_G
__init.stock_location_GE21A320,GE21A320,__init.stock_location_G
__init.stock_location_GE21B145,GE21B145,__init.stock_location_G
__init.stock_location_GE21B223,GE21B223,__init.stock_location_G
__init.stock_location_GE21B383,GE21B383,__init.stock_location_G
__init.stock_location_GE21B405,GE21B405,__init.stock_location_G
__init.stock_location_GE21C165,GE21C165,__init.stock_location_G
__init.stock_location_GE21C206,GE21C206,__init.stock_location_G
__init.stock_location_GE21C330,GE21C330,__init.stock_location_G
__init.stock_location_GE21C479,GE21C479,__init.stock_location_G
__init.stock_location_GE21C542,GE21C542,__init.stock_location_G
__init.stock_location_GE21C645,GE21C645,__init.stock_location_G
__init.stock_location_GE21D105,GE21D105,__init.stock_location_G
__init.stock_location_GE21D299,GE21D299,__init.stock_location_G
__init.stock_location_GE21D330,GE21D330,__init.stock_location_G
__init.stock_location_GE21D477,GE21D477,__init.stock_location_G
__init.stock_location_GE21D509,GE21D509,__init.stock_location_G
__init.stock_location_GE22A104,GE22A104,__init.stock_location_G
__init.stock_location_GE22A200,GE22A200,__init.stock_location_G
__init.stock_location_GE22A339,GE22A339,__init.stock_location_G
__init.stock_location_GE22A489,GE22A489,__init.stock_location_G
__init.stock_location_GE22B176,GE22B176,__init.stock_location_G
__init.stock_location_GE22B259,GE22B259,__init.stock_location_G
__init.stock_location_GE22B308,GE22B308,__init.stock_location_G
__init.stock_location_GE22B468,GE22B468,__init.stock_location_G
__init.stock_location_GE22C118,GE22C118,__init.stock_location_G
__init.stock_location_GE22C256,GE22C256,__init.stock_location_G
__init.stock_location_GE22C332,GE22C332,__init.stock_location_G
__init.stock_location_GE22C488,GE22C488,__init.stock_location_G
__init.stock_location_GE22C575,GE22C575,__init.stock_location_G
__init.stock_location_GE22D182,GE22D182,__init.stock_location_G
__init.stock_location_GE22D247,GE22D247,__init.stock_location_G
__init.stock_location_GE22D332,GE22D332,__init.stock_location_G
__init.stock_location_GE22D452,GE22D452,__init.stock_location_G
__init.stock_location_GE22D503,GE22D503,__init.stock_location_G
__init.stock_location_GE22E410,GE22E410,__init.stock_location_G
__init.stock_location_GE23A107,GE23A107,__init.stock_location_G
__init.stock_location_GE23A234,GE23A234,__init.stock_location_G
__init.stock_location_GE23A314,GE23A314,__init.stock_location_G
__init.stock_location_GE23A415,GE23A415,__init.stock_location_G
__init.stock_location_GE23B102,GE23B102,__init.stock_location_G
__init.stock_location_GE23B203,GE23B203,__init.stock_location_G
__init.stock_location_GE23B354,GE23B354,__init.stock_location_G
__init.stock_location_GE23B401,GE23B401,__init.stock_location_G
__init.stock_location_GE23B537,GE23B537,__init.stock_location_G
__init.stock_location_GE23C115,GE23C115,__init.stock_location_G
__init.stock_location_GE23C289,GE23C289,__init.stock_location_G
__init.stock_location_GE23C304,GE23C304,__init.stock_location_G
__init.stock_location_GE23C440,GE23C440,__init.stock_location_G
__init.stock_location_GE23C570,GE23C570,__init.stock_location_G
__init.stock_location_GE23D141,GE23D141,__init.stock_location_G
__init.stock_location_GE23D230,GE23D230,__init.stock_location_G
__init.stock_location_GE23D373,GE23D373,__init.stock_location_G
__init.stock_location_GE23D440,GE23D440,__init.stock_location_G
__init.stock_location_GE23D511,GE23D511,__init.stock_location_G
__init.stock_location_GE23D624,GE23D624,__init.stock_location_G
__init.stock_location_GE23D784,GE23D784,__init.stock_location_G
__init.stock_location_GE24A182,GE24A182,__init.stock_location_G
__init.stock_location_GE24A222,GE24A222,__init.stock_location_G
__init.stock_location_GE24A394,GE24A394,__init.stock_location_G
__init.stock_location_GE24A429,GE24A429,__init.stock_location_G
__init.stock_location_GE24B197,GE24B197,__init.stock_location_G
__init.stock_location_GE24B251,GE24B251,__init.stock_location_G
__init.stock_location_GE24B321,GE24B321,__init.stock_location_G
__init.stock_location_GE24B414,GE24B414,__init.stock_location_G
__init.stock_location_GE24B571,GE24B571,__init.stock_location_G
__init.stock_location_GE24C171,GE24C171,__init.stock_location_G
__init.stock_location_GE24C236,GE24C236,__init.stock_location_G
__init.stock_location_GE24C303,GE24C303,__init.stock_location_G
__init.stock_location_GE24C476,GE24C476,__init.stock_location_G
__init.stock_location_GE24C557,GE24C557,__init.stock_location_G
__init.stock_location_GE24D190,GE24D190,__init.stock_location_G
__init.stock_location_GE24D215,GE24D215,__init.stock_location_G
__init.stock_location_GE24D322,GE24D322,__init.stock_location_G
__init.stock_location_GE24D407,GE24D407,__init.stock_location_G
__init.stock_location_GE24D501,GE24D501,__init.stock_location_G
__init.stock_location_GE26A150,GE26A150,__init.stock_location_G
__init.stock_location_GE26A255,GE26A255,__init.stock_location_G
__init.stock_location_GE26A333,GE26A333,__init.stock_location_G
__init.stock_location_GE26A425,GE26A425,__init.stock_location_G
__init.stock_location_GE26B197,GE26B197,__init.stock_location_G
__init.stock_location_GE26B245,GE26B245,__init.stock_location_G
__init.stock_location_GE26B376,GE26B376,__init.stock_location_G
__init.stock_location_GE26B427,GE26B427,__init.stock_location_G
__init.stock_location_GE26B560,GE26B560,__init.stock_location_G
__init.stock_location_GE26C192,GE26C192,__init.stock_location_G
__init.stock_location_GE26C263,GE26C263,__init.stock_location_G
__init.stock_location_GE26C333,GE26C333,__init.stock_location_G
__init.stock_location_GE26C455,GE26C455,__init.stock_location_G
__init.stock_location_GE26C543,GE26C543,__init.stock_location_G
__init.stock_location_GE26D122,GE26D122,__init.stock_location_G
__init.stock_location_GE26D225,GE26D225,__init.stock_location_G
__init.stock_location_GE26D397,GE26D397,__init.stock_location_G
__init.stock_location_GE26D403,GE26D403,__init.stock_location_G
__init.stock_location_GE26D581,GE26D581,__init.stock_location_G
__init.stock_location_GE28A162,GE28A162,__init.stock_location_G
__init.stock_location_GE28A298,GE28A298,__init.stock_location_G
__init.stock_location_GE28A399,GE28A399,__init.stock_location_G
__init.stock_location_GE28A470,GE28A470,__init.stock_location_G
__init.stock_location_GE28B193,GE28B193,__init.stock_location_G
__init.stock_location_GE28B240,GE28B240,__init.stock_location_G
__init.stock_location_GE28B332,GE28B332,__init.stock_location_G
__init.stock_location_GE28B585,GE28B585,__init.stock_location_G
__init.stock_location_GE28C173,GE28C173,__init.stock_location_G
__init.stock_location_GE28C202,GE28C202,__init.stock_location_G
__init.stock_location_GE28C342,GE28C342,__init.stock_location_G
__init.stock_location_GE28C484,GE28C484,__init.stock_location_G
__init.stock_location_GE28C536,GE28C536,__init.stock_location_G
__init.stock_location_GE28D179,GE28D179,__init.stock_location_G
__init.stock_location_GE28D221,GE28D221,__init.stock_location_G
__init.stock_location_GE28D386,GE28D386,__init.stock_location_G
__init.stock_location_GE28D415,GE28D415,__init.stock_location_G
__init.stock_location_GE30A126,GE30A126,__init.stock_location_G
__init.stock_location_GE30A250,GE30A250,__init.stock_location_G
__init.stock_location_GE30A381,GE30A381,__init.stock_location_G
__init.stock_location_GE30A441,GE30A441,__init.stock_location_G
__init.stock_location_GE30B121,GE30B121,__init.stock_location_G
__init.stock_location_GE30B285,GE30B285,__init.stock_location_G
__init.stock_location_GE30B319,GE30B319,__init.stock_location_G
__init.stock_location_GE30B439,GE30B439,__init.stock_location_G
__init.stock_location_GE30C194,GE30C194,__init.stock_location_G
__init.stock_location_GE30C290,GE30C290,__init.stock_location_G
__init.stock_location_GE30C345,GE30C345,__init.stock_location_G
__init.stock_location_GE30D102,GE30D102,__init.stock_location_G
__init.stock_location_GE30D296,GE30D296,__init.stock_location_G
__init.stock_location_GE30D329,GE30D329,__init.stock_location_G
__init.stock_location_GE30D459,GE30D459,__init.stock_location_G
__init.stock_location_GE32A181,GE32A181,__init.stock_location_G
__init.stock_location_GE32A254,GE32A254,__init.stock_location_G
__init.stock_location_GE32A316,GE32A316,__init.stock_location_G
__init.stock_location_GE32A428,GE32A428,__init.stock_location_G
__init.stock_location_GE32B185,GE32B185,__init.stock_location_G
__init.stock_location_GE32B205,GE32B205,__init.stock_location_G
__init.stock_location_GE32B321,GE32B321,__init.stock_location_G
__init.stock_location_GE32B465,GE32B465,__init.stock_location_G
__init.stock_location_GE32C170,GE32C170,__init.stock_location_G
__init.stock_location_GE32C289,GE32C289,__init.stock_location_G
__init.stock_location_GE32C325,GE32C325,__init.stock_location_G
__init.stock_location_GE32C470,GE32C470,__init.stock_location_G
__init.stock_location_GE32C504,GE32C504,__init.stock_location_G
__init.stock_location_GE32D179,GE32D179,__init.stock_location_G
__init.stock_location_GE32D224,GE32D224,__init.stock_location_G
__init.stock_location_GE32D382,GE32D382,__init.stock_location_G
__init.stock_location_GF09A166,GF09A166,__init.stock_location_G
__init.stock_location_GF09A210,GF09A210,__init.stock_location_G
__init.stock_location_GF09A352,GF09A352,__init.stock_location_G
__init.stock_location_GF09A433,GF09A433,__init.stock_location_G
__init.stock_location_GF09B160,GF09B160,__init.stock_location_G
__init.stock_location_GF09B201,GF09B201,__init.stock_location_G
__init.stock_location_GF09B306,GF09B306,__init.stock_location_G
__init.stock_location_GF09C136,GF09C136,__init.stock_location_G
__init.stock_location_GF09C235,GF09C235,__init.stock_location_G
__init.stock_location_GF09C355,GF09C355,__init.stock_location_G
__init.stock_location_GF09C478,GF09C478,__init.stock_location_G
__init.stock_location_GF09C515,GF09C515,__init.stock_location_G
__init.stock_location_GF09D160,GF09D160,__init.stock_location_G
__init.stock_location_GF09D246,GF09D246,__init.stock_location_G
__init.stock_location_GF09D366,GF09D366,__init.stock_location_G
__init.stock_location_GF09D483,GF09D483,__init.stock_location_G
__init.stock_location_GF10A152,GF10A152,__init.stock_location_G
__init.stock_location_GF10A201,GF10A201,__init.stock_location_G
__init.stock_location_GF10A381,GF10A381,__init.stock_location_G
__init.stock_location_GF10A428,GF10A428,__init.stock_location_G
__init.stock_location_GF10A592,GF10A592,__init.stock_location_G
__init.stock_location_GF10B154,GF10B154,__init.stock_location_G
__init.stock_location_GF10B206,GF10B206,__init.stock_location_G
__init.stock_location_GF10B333,GF10B333,__init.stock_location_G
__init.stock_location_GF10B414,GF10B414,__init.stock_location_G
__init.stock_location_GF10B532,GF10B532,__init.stock_location_G
__init.stock_location_GF10C109,GF10C109,__init.stock_location_G
__init.stock_location_GF10C208,GF10C208,__init.stock_location_G
__init.stock_location_GF10C369,GF10C369,__init.stock_location_G
__init.stock_location_GF10C433,GF10C433,__init.stock_location_G
__init.stock_location_GF10C598,GF10C598,__init.stock_location_G
__init.stock_location_GF10C643,GF10C643,__init.stock_location_G
__init.stock_location_GF10D150,GF10D150,__init.stock_location_G
__init.stock_location_GF10D200,GF10D200,__init.stock_location_G
__init.stock_location_GF10D359,GF10D359,__init.stock_location_G
__init.stock_location_GF10D473,GF10D473,__init.stock_location_G
__init.stock_location_GF10D517,GF10D517,__init.stock_location_G
__init.stock_location_GF10D686,GF10D686,__init.stock_location_G
__init.stock_location_GF10E190,GF10E190,__init.stock_location_G
__init.stock_location_GF10E285,GF10E285,__init.stock_location_G
__init.stock_location_GF10E397,GF10E397,__init.stock_location_G
__init.stock_location_GF10E401,GF10E401,__init.stock_location_G
__init.stock_location_GF10E509,GF10E509,__init.stock_location_G
__init.stock_location_GF10F159,GF10F159,__init.stock_location_G
__init.stock_location_GF10F200,GF10F200,__init.stock_location_G
__init.stock_location_GF10F383,GF10F383,__init.stock_location_G
__init.stock_location_GF11A130,GF11A130,__init.stock_location_G
__init.stock_location_GF11A289,GF11A289,__init.stock_location_G
__init.stock_location_GF11A368,GF11A368,__init.stock_location_G
__init.stock_location_GF11A446,GF11A446,__init.stock_location_G
__init.stock_location_GF11B140,GF11B140,__init.stock_location_G
__init.stock_location_GF11B229,GF11B229,__init.stock_location_G
__init.stock_location_GF11B304,GF11B304,__init.stock_location_G
__init.stock_location_GF11B429,GF11B429,__init.stock_location_G
__init.stock_location_GF11C161,GF11C161,__init.stock_location_G
__init.stock_location_GF11C285,GF11C285,__init.stock_location_G
__init.stock_location_GF11C329,GF11C329,__init.stock_location_G
__init.stock_location_GF11C487,GF11C487,__init.stock_location_G
__init.stock_location_GF11D137,GF11D137,__init.stock_location_G
__init.stock_location_GF11D221,GF11D221,__init.stock_location_G
__init.stock_location_GF11D343,GF11D343,__init.stock_location_G
__init.stock_location_GF11D418,GF11D418,__init.stock_location_G
__init.stock_location_GF11D553,GF11D553,__init.stock_location_G
__init.stock_location_GF11D659,GF11D659,__init.stock_location_G
__init.stock_location_GF12A136,GF12A136,__init.stock_location_G
__init.stock_location_GF12A215,GF12A215,__init.stock_location_G
__init.stock_location_GF12A329,GF12A329,__init.stock_location_G
__init.stock_location_GF12A427,GF12A427,__init.stock_location_G
__init.stock_location_GF12A569,GF12A569,__init.stock_location_G
__init.stock_location_GF12A607,GF12A607,__init.stock_location_G
__init.stock_location_GF12B146,GF12B146,__init.stock_location_G
__init.stock_location_GF12B387,GF12B387,__init.stock_location_G
__init.stock_location_GF12B441,GF12B441,__init.stock_location_G
__init.stock_location_GF12B509,GF12B509,__init.stock_location_G
__init.stock_location_GF12C199,GF12C199,__init.stock_location_G
__init.stock_location_GF12C243,GF12C243,__init.stock_location_G
__init.stock_location_GF12C391,GF12C391,__init.stock_location_G
__init.stock_location_GF12C418,GF12C418,__init.stock_location_G
__init.stock_location_GF12C553,GF12C553,__init.stock_location_G
__init.stock_location_GF12C665,GF12C665,__init.stock_location_G
__init.stock_location_GF12D153,GF12D153,__init.stock_location_G
__init.stock_location_GF12D283,GF12D283,__init.stock_location_G
__init.stock_location_GF12D317,GF12D317,__init.stock_location_G
__init.stock_location_GF12D495,GF12D495,__init.stock_location_G
__init.stock_location_GF12D509,GF12D509,__init.stock_location_G
__init.stock_location_GF12E113,GF12E113,__init.stock_location_G
__init.stock_location_GF12E267,GF12E267,__init.stock_location_G
__init.stock_location_GF12E328,GF12E328,__init.stock_location_G
__init.stock_location_GF12E497,GF12E497,__init.stock_location_G
__init.stock_location_GF12E513,GF12E513,__init.stock_location_G
__init.stock_location_GF12F137,GF12F137,__init.stock_location_G
__init.stock_location_GF12F275,GF12F275,__init.stock_location_G
__init.stock_location_GF12F325,GF12F325,__init.stock_location_G
__init.stock_location_GF12F484,GF12F484,__init.stock_location_G
__init.stock_location_GF12F599,GF12F599,__init.stock_location_G
__init.stock_location_GF12F730,GF12F730,__init.stock_location_G
__init.stock_location_GF13A147,GF13A147,__init.stock_location_G
__init.stock_location_GF13A242,GF13A242,__init.stock_location_G
__init.stock_location_GF13A372,GF13A372,__init.stock_location_G
__init.stock_location_GF13A425,GF13A425,__init.stock_location_G
__init.stock_location_GF13B101,GF13B101,__init.stock_location_G
__init.stock_location_GF13B244,GF13B244,__init.stock_location_G
__init.stock_location_GF13B364,GF13B364,__init.stock_location_G
__init.stock_location_GF13B412,GF13B412,__init.stock_location_G
__init.stock_location_GF13B517,GF13B517,__init.stock_location_G
__init.stock_location_GF13C101,GF13C101,__init.stock_location_G
__init.stock_location_GF13C273,GF13C273,__init.stock_location_G
__init.stock_location_GF13C344,GF13C344,__init.stock_location_G
__init.stock_location_GF13C442,GF13C442,__init.stock_location_G
__init.stock_location_GF13C515,GF13C515,__init.stock_location_G
__init.stock_location_GF13C635,GF13C635,__init.stock_location_G
__init.stock_location_GF13C757,GF13C757,__init.stock_location_G
__init.stock_location_GF13D154,GF13D154,__init.stock_location_G
__init.stock_location_GF13D290,GF13D290,__init.stock_location_G
__init.stock_location_GF13D398,GF13D398,__init.stock_location_G
__init.stock_location_GF13D400,GF13D400,__init.stock_location_G
__init.stock_location_GF13D583,GF13D583,__init.stock_location_G
__init.stock_location_GF13D691,GF13D691,__init.stock_location_G
__init.stock_location_GF13D752,GF13D752,__init.stock_location_G
__init.stock_location_GF13E153,GF13E153,__init.stock_location_G
__init.stock_location_GF13E240,GF13E240,__init.stock_location_G
__init.stock_location_GF13E374,GF13E374,__init.stock_location_G
__init.stock_location_GF13E445,GF13E445,__init.stock_location_G
__init.stock_location_GF13E500,GF13E500,__init.stock_location_G
__init.stock_location_GF13E664,GF13E664,__init.stock_location_G
__init.stock_location_GF13E725,GF13E725,__init.stock_location_G
__init.stock_location_GF14A122,GF14A122,__init.stock_location_G
__init.stock_location_GF14A208,GF14A208,__init.stock_location_G
__init.stock_location_GF14A309,GF14A309,__init.stock_location_G
__init.stock_location_GF14A450,GF14A450,__init.stock_location_G
__init.stock_location_GF14A571,GF14A571,__init.stock_location_G
__init.stock_location_GF14B167,GF14B167,__init.stock_location_G
__init.stock_location_GF14B299,GF14B299,__init.stock_location_G
__init.stock_location_GF14B384,GF14B384,__init.stock_location_G
__init.stock_location_GF14B456,GF14B456,__init.stock_location_G
__init.stock_location_GF14B573,GF14B573,__init.stock_location_G
__init.stock_location_GF14B623,GF14B623,__init.stock_location_G
__init.stock_location_GF14C184,GF14C184,__init.stock_location_G
__init.stock_location_GF14C225,GF14C225,__init.stock_location_G
__init.stock_location_GF14C305,GF14C305,__init.stock_location_G
__init.stock_location_GF14C407,GF14C407,__init.stock_location_G
__init.stock_location_GF14C555,GF14C555,__init.stock_location_G
__init.stock_location_GF14C614,GF14C614,__init.stock_location_G
__init.stock_location_GF14D134,GF14D134,__init.stock_location_G
__init.stock_location_GF14D217,GF14D217,__init.stock_location_G
__init.stock_location_GF14D368,GF14D368,__init.stock_location_G
__init.stock_location_GF14D466,GF14D466,__init.stock_location_G
__init.stock_location_GF14D587,GF14D587,__init.stock_location_G
__init.stock_location_GF14D689,GF14D689,__init.stock_location_G
__init.stock_location_GF14E104,GF14E104,__init.stock_location_G
__init.stock_location_GF14E227,GF14E227,__init.stock_location_G
__init.stock_location_GF14E385,GF14E385,__init.stock_location_G
__init.stock_location_GF14E428,GF14E428,__init.stock_location_G
__init.stock_location_GF14E559,GF14E559,__init.stock_location_G
__init.stock_location_GF14E621,GF14E621,__init.stock_location_G
__init.stock_location_GF14F143,GF14F143,__init.stock_location_G
__init.stock_location_GF14F297,GF14F297,__init.stock_location_G
__init.stock_location_GF14F346,GF14F346,__init.stock_location_G
__init.stock_location_GF14F477,GF14F477,__init.stock_location_G
__init.stock_location_GF14F676,GF14F676,__init.stock_location_G
__init.stock_location_GF14F799,GF14F799,__init.stock_location_G
__init.stock_location_GF17A152,GF17A152,__init.stock_location_G
__init.stock_location_GF17A274,GF17A274,__init.stock_location_G
__init.stock_location_GF17A325,GF17A325,__init.stock_location_G
__init.stock_location_GF17A405,GF17A405,__init.stock_location_G
__init.stock_location_GF17B255,GF17B255,__init.stock_location_G
__init.stock_location_GF17B339,GF17B339,__init.stock_location_G
__init.stock_location_GF17B448,GF17B448,__init.stock_location_G
__init.stock_location_GF17B506,GF17B506,__init.stock_location_G
__init.stock_location_GF17C196,GF17C196,__init.stock_location_G
__init.stock_location_GF17C201,GF17C201,__init.stock_location_G
__init.stock_location_GF17C302,GF17C302,__init.stock_location_G
__init.stock_location_GF17C451,GF17C451,__init.stock_location_G
__init.stock_location_GF17C572,GF17C572,__init.stock_location_G
__init.stock_location_GF17D125,GF17D125,__init.stock_location_G
__init.stock_location_GF17D212,GF17D212,__init.stock_location_G
__init.stock_location_GF17D382,GF17D382,__init.stock_location_G
__init.stock_location_GF17D462,GF17D462,__init.stock_location_G
__init.stock_location_GF17E100,GF17E100,__init.stock_location_G
__init.stock_location_GF17E245,GF17E245,__init.stock_location_G
__init.stock_location_GF17E327,GF17E327,__init.stock_location_G
__init.stock_location_GF17E400,GF17E400,__init.stock_location_G
__init.stock_location_GF17E509,GF17E509,__init.stock_location_G
__init.stock_location_GF18A118,GF18A118,__init.stock_location_G
__init.stock_location_GF18A273,GF18A273,__init.stock_location_G
__init.stock_location_GF18A394,GF18A394,__init.stock_location_G
__init.stock_location_GF18A434,GF18A434,__init.stock_location_G
__init.stock_location_GF18A501,GF18A501,__init.stock_location_G
__init.stock_location_GF18A615,GF18A615,__init.stock_location_G
__init.stock_location_GF18B129,GF18B129,__init.stock_location_G
__init.stock_location_GF18B243,GF18B243,__init.stock_location_G
__init.stock_location_GF18B311,GF18B311,__init.stock_location_G
__init.stock_location_GF18B446,GF18B446,__init.stock_location_G
__init.stock_location_GF18B530,GF18B530,__init.stock_location_G
__init.stock_location_GF18B602,GF18B602,__init.stock_location_G
__init.stock_location_GF18B766,GF18B766,__init.stock_location_G
__init.stock_location_GF18B810,GF18B810,__init.stock_location_G
__init.stock_location_GF18C105,GF18C105,__init.stock_location_G
__init.stock_location_GF18C291,GF18C291,__init.stock_location_G
__init.stock_location_GF18C350,GF18C350,__init.stock_location_G
__init.stock_location_GF18C454,GF18C454,__init.stock_location_G
__init.stock_location_GF18C506,GF18C506,__init.stock_location_G
__init.stock_location_GF18C654,GF18C654,__init.stock_location_G
__init.stock_location_GF18D117,GF18D117,__init.stock_location_G
__init.stock_location_GF18D214,GF18D214,__init.stock_location_G
__init.stock_location_GF18D309,GF18D309,__init.stock_location_G
__init.stock_location_GF18D476,GF18D476,__init.stock_location_G
__init.stock_location_GF18D543,GF18D543,__init.stock_location_G
__init.stock_location_GF18D693,GF18D693,__init.stock_location_G
__init.stock_location_GF18E108,GF18E108,__init.stock_location_G
__init.stock_location_GF18E220,GF18E220,__init.stock_location_G
__init.stock_location_GF18E356,GF18E356,__init.stock_location_G
__init.stock_location_GF18E432,GF18E432,__init.stock_location_G
__init.stock_location_GF18E574,GF18E574,__init.stock_location_G
__init.stock_location_GF18E659,GF18E659,__init.stock_location_G
__init.stock_location_GF18E730,GF18E730,__init.stock_location_G
__init.stock_location_GF18E837,GF18E837,__init.stock_location_G
__init.stock_location_GF18E904,GF18E904,__init.stock_location_G
__init.stock_location_GF18F100,GF18F100,__init.stock_location_G
__init.stock_location_GF18F264,GF18F264,__init.stock_location_G
__init.stock_location_GF18F321,GF18F321,__init.stock_location_G
__init.stock_location_GF18F461,GF18F461,__init.stock_location_G
__init.stock_location_GF18F595,GF18F595,__init.stock_location_G
__init.stock_location_GF18F678,GF18F678,__init.stock_location_G
__init.stock_location_GF19A120,GF19A120,__init.stock_location_G
__init.stock_location_GF19A219,GF19A219,__init.stock_location_G
__init.stock_location_GF19A397,GF19A397,__init.stock_location_G
__init.stock_location_GF19A408,GF19A408,__init.stock_location_G
__init.stock_location_GF19B124,GF19B124,__init.stock_location_G
__init.stock_location_GF19B201,GF19B201,__init.stock_location_G
__init.stock_location_GF19B408,GF19B408,__init.stock_location_G
__init.stock_location_GF19B539,GF19B539,__init.stock_location_G
__init.stock_location_GF19B640,GF19B640,__init.stock_location_G
__init.stock_location_GF19C148,GF19C148,__init.stock_location_G
__init.stock_location_GF19C261,GF19C261,__init.stock_location_G
__init.stock_location_GF19C435,GF19C435,__init.stock_location_G
__init.stock_location_GF19D120,GF19D120,__init.stock_location_G
__init.stock_location_GF19D227,GF19D227,__init.stock_location_G
__init.stock_location_GF19D331,GF19D331,__init.stock_location_G
__init.stock_location_GF19D469,GF19D469,__init.stock_location_G
__init.stock_location_GF19D526,GF19D526,__init.stock_location_G
__init.stock_location_GF19D642,GF19D642,__init.stock_location_G
__init.stock_location_GF20A169,GF20A169,__init.stock_location_G
__init.stock_location_GF20A260,GF20A260,__init.stock_location_G
__init.stock_location_GF20A300,GF20A300,__init.stock_location_G
__init.stock_location_GF20A453,GF20A453,__init.stock_location_G
__init.stock_location_GF20A504,GF20A504,__init.stock_location_G
__init.stock_location_GF20A683,GF20A683,__init.stock_location_G
__init.stock_location_GF20B128,GF20B128,__init.stock_location_G
__init.stock_location_GF20B254,GF20B254,__init.stock_location_G
__init.stock_location_GF20B472,GF20B472,__init.stock_location_G
__init.stock_location_GF20B544,GF20B544,__init.stock_location_G
__init.stock_location_GF20B656,GF20B656,__init.stock_location_G
__init.stock_location_GF20B719,GF20B719,__init.stock_location_G
__init.stock_location_GF20C192,GF20C192,__init.stock_location_G
__init.stock_location_GF20C259,GF20C259,__init.stock_location_G
__init.stock_location_GF20C355,GF20C355,__init.stock_location_G
__init.stock_location_GF20C494,GF20C494,__init.stock_location_G
__init.stock_location_GF20C535,GF20C535,__init.stock_location_G
__init.stock_location_GF20C627,GF20C627,__init.stock_location_G
__init.stock_location_GF20D156,GF20D156,__init.stock_location_G
__init.stock_location_GF20D295,GF20D295,__init.stock_location_G
__init.stock_location_GF20D340,GF20D340,__init.stock_location_G
__init.stock_location_GF20D431,GF20D431,__init.stock_location_G
__init.stock_location_GF20D512,GF20D512,__init.stock_location_G
__init.stock_location_GF20D667,GF20D667,__init.stock_location_G
__init.stock_location_GF20D754,GF20D754,__init.stock_location_G
__init.stock_location_GF20D846,GF20D846,__init.stock_location_G
__init.stock_location_GF20D957,GF20D957,__init.stock_location_G
__init.stock_location_GF20E144,GF20E144,__init.stock_location_G
__init.stock_location_GF20E231,GF20E231,__init.stock_location_G
__init.stock_location_GF20E311,GF20E311,__init.stock_location_G
__init.stock_location_GF20E557,GF20E557,__init.stock_location_G
__init.stock_location_GF20E683,GF20E683,__init.stock_location_G
__init.stock_location_GF20E718,GF20E718,__init.stock_location_G
__init.stock_location_GF20F154,GF20F154,__init.stock_location_G
__init.stock_location_GF20F257,GF20F257,__init.stock_location_G
__init.stock_location_GF20F361,GF20F361,__init.stock_location_G
__init.stock_location_GF20F418,GF20F418,__init.stock_location_G
__init.stock_location_GF20F523,GF20F523,__init.stock_location_G
__init.stock_location_GF20F699,GF20F699,__init.stock_location_G
__init.stock_location_GF20F779,GF20F779,__init.stock_location_G
__init.stock_location_GF20G116,GF20G116,__init.stock_location_G
__init.stock_location_GF20G230,GF20G230,__init.stock_location_G
__init.stock_location_GF20G332,GF20G332,__init.stock_location_G
__init.stock_location_GF20G441,GF20G441,__init.stock_location_G
__init.stock_location_GF20G594,GF20G594,__init.stock_location_G
__init.stock_location_GF20G640,GF20G640,__init.stock_location_G
__init.stock_location_GF20G716,GF20G716,__init.stock_location_G
__init.stock_location_GF20G813,GF20G813,__init.stock_location_G
__init.stock_location_GF21A111,GF21A111,__init.stock_location_G
__init.stock_location_GF21A203,GF21A203,__init.stock_location_G
__init.stock_location_GF21A361,GF21A361,__init.stock_location_G
__init.stock_location_GF21A452,GF21A452,__init.stock_location_G
__init.stock_location_GF21B122,GF21B122,__init.stock_location_G
__init.stock_location_GF21B228,GF21B228,__init.stock_location_G
__init.stock_location_GF21B315,GF21B315,__init.stock_location_G
__init.stock_location_GF21B456,GF21B456,__init.stock_location_G
__init.stock_location_GF21B599,GF21B599,__init.stock_location_G
__init.stock_location_GF21B688,GF21B688,__init.stock_location_G
__init.stock_location_GF21C155,GF21C155,__init.stock_location_G
__init.stock_location_GF21C220,GF21C220,__init.stock_location_G
__init.stock_location_GF21C301,GF21C301,__init.stock_location_G
__init.stock_location_GF21C428,GF21C428,__init.stock_location_G
__init.stock_location_GF21C549,GF21C549,__init.stock_location_G
__init.stock_location_GF21D115,GF21D115,__init.stock_location_G
__init.stock_location_GF21D263,GF21D263,__init.stock_location_G
__init.stock_location_GF21D353,GF21D353,__init.stock_location_G
__init.stock_location_GF21D484,GF21D484,__init.stock_location_G
__init.stock_location_GF21D508,GF21D508,__init.stock_location_G
__init.stock_location_GF21D677,GF21D677,__init.stock_location_G
__init.stock_location_GF22A100,GF22A100,__init.stock_location_G
__init.stock_location_GF22A298,GF22A298,__init.stock_location_G
__init.stock_location_GF22A350,GF22A350,__init.stock_location_G
__init.stock_location_GF22A463,GF22A463,__init.stock_location_G
__init.stock_location_GF22B104,GF22B104,__init.stock_location_G
__init.stock_location_GF22B269,GF22B269,__init.stock_location_G
__init.stock_location_GF22B388,GF22B388,__init.stock_location_G
__init.stock_location_GF22B486,GF22B486,__init.stock_location_G
__init.stock_location_GF22B514,GF22B514,__init.stock_location_G
__init.stock_location_GF22B613,GF22B613,__init.stock_location_G
__init.stock_location_GF22C139,GF22C139,__init.stock_location_G
__init.stock_location_GF22C232,GF22C232,__init.stock_location_G
__init.stock_location_GF22C311,GF22C311,__init.stock_location_G
__init.stock_location_GF22C430,GF22C430,__init.stock_location_G
__init.stock_location_GF22D111,GF22D111,__init.stock_location_G
__init.stock_location_GF22D231,GF22D231,__init.stock_location_G
__init.stock_location_GF22D315,GF22D315,__init.stock_location_G
__init.stock_location_GF22D454,GF22D454,__init.stock_location_G
__init.stock_location_GF22D507,GF22D507,__init.stock_location_G
__init.stock_location_GF22D652,GF22D652,__init.stock_location_G
__init.stock_location_GF22D779,GF22D779,__init.stock_location_G
__init.stock_location_GF22E138,GF22E138,__init.stock_location_G
__init.stock_location_GF22E253,GF22E253,__init.stock_location_G
__init.stock_location_GF22E367,GF22E367,__init.stock_location_G
__init.stock_location_GF22E561,GF22E561,__init.stock_location_G
__init.stock_location_GF22E671,GF22E671,__init.stock_location_G
__init.stock_location_GF22F114,GF22F114,__init.stock_location_G
__init.stock_location_GF22F222,GF22F222,__init.stock_location_G
__init.stock_location_GF22F387,GF22F387,__init.stock_location_G
__init.stock_location_GF22F467,GF22F467,__init.stock_location_G
__init.stock_location_GF22F549,GF22F549,__init.stock_location_G
__init.stock_location_GF22F687,GF22F687,__init.stock_location_G
__init.stock_location_GF22F708,GF22F708,__init.stock_location_G
__init.stock_location_GF22G100,GF22G100,__init.stock_location_G
__init.stock_location_GF22G246,GF22G246,__init.stock_location_G
__init.stock_location_GF22G331,GF22G331,__init.stock_location_G
__init.stock_location_GF22G444,GF22G444,__init.stock_location_G
__init.stock_location_GF22G524,GF22G524,__init.stock_location_G
__init.stock_location_GF22G674,GF22G674,__init.stock_location_G
__init.stock_location_GF23A107,GF23A107,__init.stock_location_G
__init.stock_location_GF23A205,GF23A205,__init.stock_location_G
__init.stock_location_GF23A337,GF23A337,__init.stock_location_G
__init.stock_location_GF23B155,GF23B155,__init.stock_location_G
__init.stock_location_GF23B240,GF23B240,__init.stock_location_G
__init.stock_location_GF23B323,GF23B323,__init.stock_location_G
__init.stock_location_GF23B489,GF23B489,__init.stock_location_G
__init.stock_location_GF23B523,GF23B523,__init.stock_location_G
__init.stock_location_GF23C195,GF23C195,__init.stock_location_G
__init.stock_location_GF23C208,GF23C208,__init.stock_location_G
__init.stock_location_GF23C303,GF23C303,__init.stock_location_G
__init.stock_location_GF23C482,GF23C482,__init.stock_location_G
__init.stock_location_GF23C599,GF23C599,__init.stock_location_G
__init.stock_location_GF23D121,GF23D121,__init.stock_location_G
__init.stock_location_GF23D255,GF23D255,__init.stock_location_G
__init.stock_location_GF23D332,GF23D332,__init.stock_location_G
__init.stock_location_GF23D492,GF23D492,__init.stock_location_G
__init.stock_location_GF23D508,GF23D508,__init.stock_location_G
__init.stock_location_GF23D696,GF23D696,__init.stock_location_G
__init.stock_location_GF24A137,GF24A137,__init.stock_location_G
__init.stock_location_GF24A208,GF24A208,__init.stock_location_G
__init.stock_location_GF24A399,GF24A399,__init.stock_location_G
__init.stock_location_GF24A461,GF24A461,__init.stock_location_G
__init.stock_location_GF24A509,GF24A509,__init.stock_location_G
__init.stock_location_GF24A621,GF24A621,__init.stock_location_G
__init.stock_location_GF24A717,GF24A717,__init.stock_location_G
__init.stock_location_GF24B109,GF24B109,__init.stock_location_G
__init.stock_location_GF24B276,GF24B276,__init.stock_location_G
__init.stock_location_GF24B329,GF24B329,__init.stock_location_G
__init.stock_location_GF24B432,GF24B432,__init.stock_location_G
__init.stock_location_GF24B505,GF24B505,__init.stock_location_G
__init.stock_location_GF24B665,GF24B665,__init.stock_location_G
__init.stock_location_GF24B716,GF24B716,__init.stock_location_G
__init.stock_location_GF24C101,GF24C101,__init.stock_location_G
__init.stock_location_GF24C238,GF24C238,__init.stock_location_G
__init.stock_location_GF24C337,GF24C337,__init.stock_location_G
__init.stock_location_GF24C470,GF24C470,__init.stock_location_G
__init.stock_location_GF24C510,GF24C510,__init.stock_location_G
__init.stock_location_GF24C791,GF24C791,__init.stock_location_G
__init.stock_location_GF24D120,GF24D120,__init.stock_location_G
__init.stock_location_GF24D251,GF24D251,__init.stock_location_G
__init.stock_location_GF24D393,GF24D393,__init.stock_location_G
__init.stock_location_GF24D466,GF24D466,__init.stock_location_G
__init.stock_location_GF24D584,GF24D584,__init.stock_location_G
__init.stock_location_GF24D631,GF24D631,__init.stock_location_G
__init.stock_location_GF24D759,GF24D759,__init.stock_location_G
__init.stock_location_GF24E152,GF24E152,__init.stock_location_G
__init.stock_location_GF24E227,GF24E227,__init.stock_location_G
__init.stock_location_GF24E385,GF24E385,__init.stock_location_G
__init.stock_location_GF24E440,GF24E440,__init.stock_location_G
__init.stock_location_GF24E516,GF24E516,__init.stock_location_G
__init.stock_location_GF24E621,GF24E621,__init.stock_location_G
__init.stock_location_GF24F137,GF24F137,__init.stock_location_G
__init.stock_location_GF24F215,GF24F215,__init.stock_location_G
__init.stock_location_GF24F318,GF24F318,__init.stock_location_G
__init.stock_location_GF24F476,GF24F476,__init.stock_location_G
__init.stock_location_GF24F570,GF24F570,__init.stock_location_G
__init.stock_location_GF24F671,GF24F671,__init.stock_location_G
__init.stock_location_GF25A189,GF25A189,__init.stock_location_G
__init.stock_location_GF25A247,GF25A247,__init.stock_location_G
__init.stock_location_GF25A303,GF25A303,__init.stock_location_G
__init.stock_location_GF25A469,GF25A469,__init.stock_location_G
__init.stock_location_GF25A514,GF25A514,__init.stock_location_G
__init.stock_location_GF25B150,GF25B150,__init.stock_location_G
__init.stock_location_GF25B205,GF25B205,__init.stock_location_G
__init.stock_location_GF25B360,GF25B360,__init.stock_location_G
__init.stock_location_GF25B517,GF25B517,__init.stock_location_G
__init.stock_location_GF25B648,GF25B648,__init.stock_location_G
__init.stock_location_GF25C145,GF25C145,__init.stock_location_G
__init.stock_location_GF25C392,GF25C392,__init.stock_location_G
__init.stock_location_GF25C460,GF25C460,__init.stock_location_G
__init.stock_location_GF25C576,GF25C576,__init.stock_location_G
__init.stock_location_GF25D145,GF25D145,__init.stock_location_G
__init.stock_location_GF25D279,GF25D279,__init.stock_location_G
__init.stock_location_GF25D343,GF25D343,__init.stock_location_G
__init.stock_location_GF25D401,GF25D401,__init.stock_location_G
__init.stock_location_GF25D555,GF25D555,__init.stock_location_G
__init.stock_location_GF25D674,GF25D674,__init.stock_location_G
__init.stock_location_GF26A166,GF26A166,__init.stock_location_G
__init.stock_location_GF26A228,GF26A228,__init.stock_location_G
__init.stock_location_GF26A332,GF26A332,__init.stock_location_G
__init.stock_location_GF26A461,GF26A461,__init.stock_location_G
__init.stock_location_GF26A572,GF26A572,__init.stock_location_G
__init.stock_location_GF26B157,GF26B157,__init.stock_location_G
__init.stock_location_GF26B292,GF26B292,__init.stock_location_G
__init.stock_location_GF26B341,GF26B341,__init.stock_location_G
__init.stock_location_GF26B431,GF26B431,__init.stock_location_G
__init.stock_location_GF26B539,GF26B539,__init.stock_location_G
__init.stock_location_GF26B609,GF26B609,__init.stock_location_G
__init.stock_location_GF26B778,GF26B778,__init.stock_location_G
__init.stock_location_GF26C122,GF26C122,__init.stock_location_G
__init.stock_location_GF26C270,GF26C270,__init.stock_location_G
__init.stock_location_GF26C463,GF26C463,__init.stock_location_G
__init.stock_location_GF26C502,GF26C502,__init.stock_location_G
__init.stock_location_GF26C616,GF26C616,__init.stock_location_G
__init.stock_location_GF26C756,GF26C756,__init.stock_location_G
__init.stock_location_GF26D127,GF26D127,__init.stock_location_G
__init.stock_location_GF26D242,GF26D242,__init.stock_location_G
__init.stock_location_GF26D358,GF26D358,__init.stock_location_G
__init.stock_location_GF26D423,GF26D423,__init.stock_location_G
__init.stock_location_GF26D521,GF26D521,__init.stock_location_G
__init.stock_location_GF26D650,GF26D650,__init.stock_location_G
__init.stock_location_GF26E158,GF26E158,__init.stock_location_G
__init.stock_location_GF26E248,GF26E248,__init.stock_location_G
__init.stock_location_GF26E359,GF26E359,__init.stock_location_G
__init.stock_location_GF26E425,GF26E425,__init.stock_location_G
__init.stock_location_GF26E585,GF26E585,__init.stock_location_G
__init.stock_location_GF26E667,GF26E667,__init.stock_location_G
__init.stock_location_GF26E740,GF26E740,__init.stock_location_G
__init.stock_location_GF26E863,GF26E863,__init.stock_location_G
__init.stock_location_GF26F143,GF26F143,__init.stock_location_G
__init.stock_location_GF26F240,GF26F240,__init.stock_location_G
__init.stock_location_GF26F373,GF26F373,__init.stock_location_G
__init.stock_location_GF26F460,GF26F460,__init.stock_location_G
__init.stock_location_GF26F598,GF26F598,__init.stock_location_G
__init.stock_location_GF26F605,GF26F605,__init.stock_location_G
__init.stock_location_GF26F745,GF26F745,__init.stock_location_G
__init.stock_location_GF26G102,GF26G102,__init.stock_location_G
__init.stock_location_GF26G285,GF26G285,__init.stock_location_G
__init.stock_location_GF26G379,GF26G379,__init.stock_location_G
__init.stock_location_GF26G412,GF26G412,__init.stock_location_G
__init.stock_location_GF26G538,GF26G538,__init.stock_location_G
__init.stock_location_GF26G722,GF26G722,__init.stock_location_G
__init.stock_location_GF27A140,GF27A140,__init.stock_location_G
__init.stock_location_GF27A339,GF27A339,__init.stock_location_G
__init.stock_location_GF27A410,GF27A410,__init.stock_location_G
__init.stock_location_GF27A510,GF27A510,__init.stock_location_G
__init.stock_location_GF27B125,GF27B125,__init.stock_location_G
__init.stock_location_GF27B240,GF27B240,__init.stock_location_G
__init.stock_location_GF27B358,GF27B358,__init.stock_location_G
__init.stock_location_GF27B484,GF27B484,__init.stock_location_G
__init.stock_location_GF27B509,GF27B509,__init.stock_location_G
__init.stock_location_GF27C168,GF27C168,__init.stock_location_G
__init.stock_location_GF27C219,GF27C219,__init.stock_location_G
__init.stock_location_GF27C344,GF27C344,__init.stock_location_G
__init.stock_location_GF27C457,GF27C457,__init.stock_location_G
__init.stock_location_GF27C588,GF27C588,__init.stock_location_G
__init.stock_location_GF27C620,GF27C620,__init.stock_location_G
__init.stock_location_GF27D120,GF27D120,__init.stock_location_G
__init.stock_location_GF27D208,GF27D208,__init.stock_location_G
__init.stock_location_GF27D358,GF27D358,__init.stock_location_G
__init.stock_location_GF27D483,GF27D483,__init.stock_location_G
__init.stock_location_GF27D569,GF27D569,__init.stock_location_G
__init.stock_location_GF28A109,GF28A109,__init.stock_location_G
__init.stock_location_GF28A254,GF28A254,__init.stock_location_G
__init.stock_location_GF28A389,GF28A389,__init.stock_location_G
__init.stock_location_GF28A575,GF28A575,__init.stock_location_G
__init.stock_location_GF28A616,GF28A616,__init.stock_location_G
__init.stock_location_GF28B113,GF28B113,__init.stock_location_G
__init.stock_location_GF28B257,GF28B257,__init.stock_location_G
__init.stock_location_GF28B330,GF28B330,__init.stock_location_G
__init.stock_location_GF28B411,GF28B411,__init.stock_location_G
__init.stock_location_GF28B500,GF28B500,__init.stock_location_G
__init.stock_location_GF28B641,GF28B641,__init.stock_location_G
__init.stock_location_GF28B705,GF28B705,__init.stock_location_G
__init.stock_location_GF28B864,GF28B864,__init.stock_location_G
__init.stock_location_GF28C101,GF28C101,__init.stock_location_G
__init.stock_location_GF28C223,GF28C223,__init.stock_location_G
__init.stock_location_GF28C341,GF28C341,__init.stock_location_G
__init.stock_location_GF28C465,GF28C465,__init.stock_location_G
__init.stock_location_GF28C507,GF28C507,__init.stock_location_G
__init.stock_location_GF28C690,GF28C690,__init.stock_location_G
__init.stock_location_GF28C726,GF28C726,__init.stock_location_G
__init.stock_location_GF28D102,GF28D102,__init.stock_location_G
__init.stock_location_GF28D200,GF28D200,__init.stock_location_G
__init.stock_location_GF28D333,GF28D333,__init.stock_location_G
__init.stock_location_GF28D438,GF28D438,__init.stock_location_G
__init.stock_location_GF28D522,GF28D522,__init.stock_location_G
__init.stock_location_GF28D688,GF28D688,__init.stock_location_G
__init.stock_location_GF28D759,GF28D759,__init.stock_location_G
__init.stock_location_GF28E148,GF28E148,__init.stock_location_G
__init.stock_location_GF28E235,GF28E235,__init.stock_location_G
__init.stock_location_GF28E382,GF28E382,__init.stock_location_G
__init.stock_location_GF28E408,GF28E408,__init.stock_location_G
__init.stock_location_GF28E537,GF28E537,__init.stock_location_G
__init.stock_location_GF28E693,GF28E693,__init.stock_location_G
__init.stock_location_GF28E713,GF28E713,__init.stock_location_G
__init.stock_location_GF28E815,GF28E815,__init.stock_location_G
__init.stock_location_GF28E913,GF28E913,__init.stock_location_G
__init.stock_location_GF28F101,GF28F101,__init.stock_location_G
__init.stock_location_GF28F252,GF28F252,__init.stock_location_G
__init.stock_location_GF28F311,GF28F311,__init.stock_location_G
__init.stock_location_GF28F414,GF28F414,__init.stock_location_G
__init.stock_location_GF28F632,GF28F632,__init.stock_location_G
__init.stock_location_GF28F788,GF28F788,__init.stock_location_G
__init.stock_location_GF28F823,GF28F823,__init.stock_location_G
__init.stock_location_GF28G145,GF28G145,__init.stock_location_G
__init.stock_location_GF28G217,GF28G217,__init.stock_location_G
__init.stock_location_GF28G341,GF28G341,__init.stock_location_G
__init.stock_location_GF28G407,GF28G407,__init.stock_location_G
__init.stock_location_GF28G646,GF28G646,__init.stock_location_G
__init.stock_location_GF28G702,GF28G702,__init.stock_location_G
__init.stock_location_GF28G816,GF28G816,__init.stock_location_G
__init.stock_location_GF28H163,GF28H163,__init.stock_location_G
__init.stock_location_GF28H207,GF28H207,__init.stock_location_G
__init.stock_location_GF28H381,GF28H381,__init.stock_location_G
__init.stock_location_GF28H416,GF28H416,__init.stock_location_G
__init.stock_location_GF28H571,GF28H571,__init.stock_location_G
__init.stock_location_GF28H646,GF28H646,__init.stock_location_G
__init.stock_location_GF28H715,GF28H715,__init.stock_location_G
__init.stock_location_GF28H841,GF28H841,__init.stock_location_G
__init.stock_location_GF29A122,GF29A122,__init.stock_location_G
__init.stock_location_GF29A279,GF29A279,__init.stock_location_G
__init.stock_location_GF29A337,GF29A337,__init.stock_location_G
__init.stock_location_GF29A454,GF29A454,__init.stock_location_G
__init.stock_location_GF29A572,GF29A572,__init.stock_location_G
__init.stock_location_GF29B150,GF29B150,__init.stock_location_G
__init.stock_location_GF29B210,GF29B210,__init.stock_location_G
__init.stock_location_GF29B320,GF29B320,__init.stock_location_G
__init.stock_location_GF29B409,GF29B409,__init.stock_location_G
__init.stock_location_GF29B501,GF29B501,__init.stock_location_G
__init.stock_location_GF29B604,GF29B604,__init.stock_location_G
__init.stock_location_GF29C133,GF29C133,__init.stock_location_G
__init.stock_location_GF29C210,GF29C210,__init.stock_location_G
__init.stock_location_GF29C328,GF29C328,__init.stock_location_G
__init.stock_location_GF29C416,GF29C416,__init.stock_location_G
__init.stock_location_GF29C519,GF29C519,__init.stock_location_G
__init.stock_location_GF29C606,GF29C606,__init.stock_location_G
__init.stock_location_GF29D141,GF29D141,__init.stock_location_G
__init.stock_location_GF29D220,GF29D220,__init.stock_location_G
__init.stock_location_GF29D375,GF29D375,__init.stock_location_G
__init.stock_location_GF29D496,GF29D496,__init.stock_location_G
__init.stock_location_GF29D527,GF29D527,__init.stock_location_G
__init.stock_location_GF29D653,GF29D653,__init.stock_location_G
__init.stock_location_GF30A120,GF30A120,__init.stock_location_G
__init.stock_location_GF30A272,GF30A272,__init.stock_location_G
__init.stock_location_GF30A399,GF30A399,__init.stock_location_G
__init.stock_location_GF30A414,GF30A414,__init.stock_location_G
__init.stock_location_GF30A596,GF30A596,__init.stock_location_G
__init.stock_location_GF30A688,GF30A688,__init.stock_location_G
__init.stock_location_GF30A734,GF30A734,__init.stock_location_G
__init.stock_location_GF30B104,GF30B104,__init.stock_location_G
__init.stock_location_GF30B260,GF30B260,__init.stock_location_G
__init.stock_location_GF30B417,GF30B417,__init.stock_location_G
__init.stock_location_GF30B551,GF30B551,__init.stock_location_G
__init.stock_location_GF30C199,GF30C199,__init.stock_location_G
__init.stock_location_GF30C237,GF30C237,__init.stock_location_G
__init.stock_location_GF30C354,GF30C354,__init.stock_location_G
__init.stock_location_GF30C568,GF30C568,__init.stock_location_G
__init.stock_location_GF30C685,GF30C685,__init.stock_location_G
__init.stock_location_GF30D005,GF30D005,__init.stock_location_G
__init.stock_location_GF30D130,GF30D130,__init.stock_location_G
__init.stock_location_GF30D211,GF30D211,__init.stock_location_G
__init.stock_location_GF30D370,GF30D370,__init.stock_location_G
__init.stock_location_GF30D495,GF30D495,__init.stock_location_G
__init.stock_location_GF30D504,GF30D504,__init.stock_location_G
__init.stock_location_GF30D625,GF30D625,__init.stock_location_G
__init.stock_location_GF30D784,GF30D784,__init.stock_location_G
__init.stock_location_GF30D976,GF30D976,__init.stock_location_G
__init.stock_location_GF30E167,GF30E167,__init.stock_location_G
__init.stock_location_GF30E230,GF30E230,__init.stock_location_G
__init.stock_location_GF30E302,GF30E302,__init.stock_location_G
__init.stock_location_GF30E450,GF30E450,__init.stock_location_G
__init.stock_location_GF30E540,GF30E540,__init.stock_location_G
__init.stock_location_GF30E684,GF30E684,__init.stock_location_G
__init.stock_location_GF30E751,GF30E751,__init.stock_location_G
__init.stock_location_GF30F146,GF30F146,__init.stock_location_G
__init.stock_location_GF30F201,GF30F201,__init.stock_location_G
__init.stock_location_GF30F389,GF30F389,__init.stock_location_G
__init.stock_location_GF30F418,GF30F418,__init.stock_location_G
__init.stock_location_GF30F507,GF30F507,__init.stock_location_G
__init.stock_location_GF30F667,GF30F667,__init.stock_location_G
__init.stock_location_GF30F717,GF30F717,__init.stock_location_G
__init.stock_location_GF30F815,GF30F815,__init.stock_location_G
__init.stock_location_GF30G140,GF30G140,__init.stock_location_G
__init.stock_location_GF30G292,GF30G292,__init.stock_location_G
__init.stock_location_GF30G301,GF30G301,__init.stock_location_G
__init.stock_location_GF30G489,GF30G489,__init.stock_location_G
__init.stock_location_GF30G515,GF30G515,__init.stock_location_G
__init.stock_location_GF30G667,GF30G667,__init.stock_location_G
__init.stock_location_GF30G729,GF30G729,__init.stock_location_G
__init.stock_location_GF30G809,GF30G809,__init.stock_location_G
__init.stock_location_GF30G907,GF30G907,__init.stock_location_G
__init.stock_location_GF30H031,GF30H031,__init.stock_location_G
__init.stock_location_GF30H165,GF30H165,__init.stock_location_G
__init.stock_location_GF30H324,GF30H324,__init.stock_location_G
__init.stock_location_GF30H400,GF30H400,__init.stock_location_G
__init.stock_location_GF30H536,GF30H536,__init.stock_location_G
__init.stock_location_GF30H608,GF30H608,__init.stock_location_G
__init.stock_location_GF30H712,GF30H712,__init.stock_location_G
__init.stock_location_GF30H843,GF30H843,__init.stock_location_G
__init.stock_location_GF30H936,GF30H936,__init.stock_location_G
__init.stock_location_GF31A107,GF31A107,__init.stock_location_G
__init.stock_location_GF31A299,GF31A299,__init.stock_location_G
__init.stock_location_GF31A306,GF31A306,__init.stock_location_G
__init.stock_location_GF31A465,GF31A465,__init.stock_location_G
__init.stock_location_GF31B122,GF31B122,__init.stock_location_G
__init.stock_location_GF31B237,GF31B237,__init.stock_location_G
__init.stock_location_GF31B416,GF31B416,__init.stock_location_G
__init.stock_location_GF31B558,GF31B558,__init.stock_location_G
__init.stock_location_GF31B648,GF31B648,__init.stock_location_G
__init.stock_location_GF31C196,GF31C196,__init.stock_location_G
__init.stock_location_GF31C205,GF31C205,__init.stock_location_G
__init.stock_location_GF31C342,GF31C342,__init.stock_location_G
__init.stock_location_GF31C430,GF31C430,__init.stock_location_G
__init.stock_location_GF31C569,GF31C569,__init.stock_location_G
__init.stock_location_GF31D130,GF31D130,__init.stock_location_G
__init.stock_location_GF31D287,GF31D287,__init.stock_location_G
__init.stock_location_GF31D350,GF31D350,__init.stock_location_G
__init.stock_location_GF31D483,GF31D483,__init.stock_location_G
__init.stock_location_GF31D540,GF31D540,__init.stock_location_G
__init.stock_location_GF31D663,GF31D663,__init.stock_location_G
__init.stock_location_GF31D775,GF31D775,__init.stock_location_G
__init.stock_location_GF31E170,GF31E170,__init.stock_location_G
__init.stock_location_GF31E272,GF31E272,__init.stock_location_G
__init.stock_location_GF31E313,GF31E313,__init.stock_location_G
__init.stock_location_GF31E455,GF31E455,__init.stock_location_G
__init.stock_location_GF32A173,GF32A173,__init.stock_location_G
__init.stock_location_GF32A201,GF32A201,__init.stock_location_G
__init.stock_location_GF32A364,GF32A364,__init.stock_location_G
__init.stock_location_GF32A491,GF32A491,__init.stock_location_G
__init.stock_location_GF32A513,GF32A513,__init.stock_location_G
__init.stock_location_GF32B130,GF32B130,__init.stock_location_G
__init.stock_location_GF32B231,GF32B231,__init.stock_location_G
__init.stock_location_GF32B341,GF32B341,__init.stock_location_G
__init.stock_location_GF32B561,GF32B561,__init.stock_location_G
__init.stock_location_GF32B616,GF32B616,__init.stock_location_G
__init.stock_location_GF32C158,GF32C158,__init.stock_location_G
__init.stock_location_GF32C202,GF32C202,__init.stock_location_G
__init.stock_location_GF32C301,GF32C301,__init.stock_location_G
__init.stock_location_GF32C491,GF32C491,__init.stock_location_G
__init.stock_location_GF32C538,GF32C538,__init.stock_location_G
__init.stock_location_GF32D151,GF32D151,__init.stock_location_G
__init.stock_location_GF32D277,GF32D277,__init.stock_location_G
__init.stock_location_GF32D305,GF32D305,__init.stock_location_G
__init.stock_location_GF32D409,GF32D409,__init.stock_location_G
__init.stock_location_GF32E105,GF32E105,__init.stock_location_G
__init.stock_location_GF32E286,GF32E286,__init.stock_location_G
__init.stock_location_GF32E307,GF32E307,__init.stock_location_G
__init.stock_location_GF32F492,GF32F492,__init.stock_location_G
__init.stock_location_GGA10187,GGA10187,__init.stock_location_G
__init.stock_location_GGA10202,GGA10202,__init.stock_location_G
__init.stock_location_GGA10380,GGA10380,__init.stock_location_G
__init.stock_location_GGA10470,GGA10470,__init.stock_location_G
__init.stock_location_GGA10522,GGA10522,__init.stock_location_G
__init.stock_location_GGA20149,GGA20149,__init.stock_location_G
__init.stock_location_GGA20208,GGA20208,__init.stock_location_G
__init.stock_location_GGA20367,GGA20367,__init.stock_location_G
__init.stock_location_GGA20475,GGA20475,__init.stock_location_G
__init.stock_location_GGA20500,GGA20500,__init.stock_location_G
__init.stock_location_GGA20695,GGA20695,__init.stock_location_G
__init.stock_location_GGA30189,GGA30189,__init.stock_location_G
__init.stock_location_GGA30219,GGA30219,__init.stock_location_G
__init.stock_location_GGA30303,GGA30303,__init.stock_location_G
__init.stock_location_GGA30477,GGA30477,__init.stock_location_G
__init.stock_location_GGA30526,GGA30526,__init.stock_location_G
__init.stock_location_GGA30609,GGA30609,__init.stock_location_G
__init.stock_location_GGA30750,GGA30750,__init.stock_location_G
__init.stock_location_GGA40132,GGA40132,__init.stock_location_G
__init.stock_location_GGA40215,GGA40215,__init.stock_location_G
__init.stock_location_GGA40355,GGA40355,__init.stock_location_G
__init.stock_location_GGA40496,GGA40496,__init.stock_location_G
__init.stock_location_GGA40511,GGA40511,__init.stock_location_G
__init.stock_location_GGA40624,GGA40624,__init.stock_location_G
__init.stock_location_GGA40770,GGA40770,__init.stock_location_G
__init.stock_location_GGA40885,GGA40885,__init.stock_location_G
__init.stock_location_GGA50144,GGA50144,__init.stock_location_G
__init.stock_location_GGA50205,GGA50205,__init.stock_location_G
__init.stock_location_GGA60197,GGA60197,__init.stock_location_G
__init.stock_location_GGA60225,GGA60225,__init.stock_location_G
__init.stock_location_GGA70101,GGA70101,__init.stock_location_G
__init.stock_location_GGB10143,GGB10143,__init.stock_location_G
__init.stock_location_GGB10229,GGB10229,__init.stock_location_G
__init.stock_location_GGB10301,GGB10301,__init.stock_location_G
__init.stock_location_GGB10422,GGB10422,__init.stock_location_G
__init.stock_location_GGB10572,GGB10572,__init.stock_location_G
__init.stock_location_GGB10669,GGB10669,__init.stock_location_G
__init.stock_location_GGB10778,GGB10778,__init.stock_location_G
__init.stock_location_GGB10800,GGB10800,__init.stock_location_G
__init.stock_location_GGB20140,GGB20140,__init.stock_location_G
__init.stock_location_GGB20275,GGB20275,__init.stock_location_G
__init.stock_location_GGB20303,GGB20303,__init.stock_location_G
__init.stock_location_GGB20448,GGB20448,__init.stock_location_G
__init.stock_location_GGB20566,GGB20566,__init.stock_location_G
__init.stock_location_GGB20618,GGB20618,__init.stock_location_G
__init.stock_location_GGB20717,GGB20717,__init.stock_location_G
__init.stock_location_GGB20847,GGB20847,__init.stock_location_G
__init.stock_location_GGB30135,GGB30135,__init.stock_location_G
__init.stock_location_GGB30213,GGB30213,__init.stock_location_G
__init.stock_location_GGB30372,GGB30372,__init.stock_location_G
__init.stock_location_GGB30422,GGB30422,__init.stock_location_G
__init.stock_location_GGB30500,GGB30500,__init.stock_location_G
__init.stock_location_GGB30625,GGB30625,__init.stock_location_G
__init.stock_location_GGB30794,GGB30794,__init.stock_location_G
__init.stock_location_GGB40180,GGB40180,__init.stock_location_G
__init.stock_location_GGB40261,GGB40261,__init.stock_location_G
__init.stock_location_GGB40343,GGB40343,__init.stock_location_G
__init.stock_location_GGB40436,GGB40436,__init.stock_location_G
__init.stock_location_GGB40530,GGB40530,__init.stock_location_G
__init.stock_location_GGB40648,GGB40648,__init.stock_location_G
__init.stock_location_GGB40771,GGB40771,__init.stock_location_G
__init.stock_location_GGB40812,GGB40812,__init.stock_location_G
__init.stock_location_GGB40906,GGB40906,__init.stock_location_G
__init.stock_location_GGB50199,GGB50199,__init.stock_location_G
__init.stock_location_GGB50219,GGB50219,__init.stock_location_G
__init.stock_location_GGB50330,GGB50330,__init.stock_location_G
__init.stock_location_GGB50402,GGB50402,__init.stock_location_G
__init.stock_location_GGB50534,GGB50534,__init.stock_location_G
__init.stock_location_GGB50650,GGB50650,__init.stock_location_G
__init.stock_location_GGB50714,GGB50714,__init.stock_location_G
__init.stock_location_GGB50818,GGB50818,__init.stock_location_G
__init.stock_location_GGC10126,GGC10126,__init.stock_location_G
__init.stock_location_GGC10220,GGC10220,__init.stock_location_G
__init.stock_location_GGC10305,GGC10305,__init.stock_location_G
__init.stock_location_GGC10401,GGC10401,__init.stock_location_G
__init.stock_location_GGC10593,GGC10593,__init.stock_location_G
__init.stock_location_GGC20120,GGC20120,__init.stock_location_G
__init.stock_location_GGC20279,GGC20279,__init.stock_location_G
__init.stock_location_GGC20303,GGC20303,__init.stock_location_G
__init.stock_location_GGC20406,GGC20406,__init.stock_location_G
__init.stock_location_GGC30194,GGC30194,__init.stock_location_G
__init.stock_location_GGC30288,GGC30288,__init.stock_location_G
__init.stock_location_GGC30346,GGC30346,__init.stock_location_G
__init.stock_location_GGC30404,GGC30404,__init.stock_location_G
__init.stock_location_GGC30517,GGC30517,__init.stock_location_G
__init.stock_location_GGC30638,GGC30638,__init.stock_location_G
__init.stock_location_GGC40101,GGC40101,__init.stock_location_G
__init.stock_location_GGC40232,GGC40232,__init.stock_location_G
__init.stock_location_GGC40374,GGC40374,__init.stock_location_G
__init.stock_location_GGC40437,GGC40437,__init.stock_location_G
__init.stock_location_GGC40508,GGC40508,__init.stock_location_G
__init.stock_location_GGD10186,GGD10186,__init.stock_location_G
__init.stock_location_GGD10249,GGD10249,__init.stock_location_G
__init.stock_location_GGD10373,GGD10373,__init.stock_location_G
__init.stock_location_GGD10459,GGD10459,__init.stock_location_G
__init.stock_location_GGD10568,GGD10568,__init.stock_location_G
__init.stock_location_GGD20109,GGD20109,__init.stock_location_G
__init.stock_location_GGD20243,GGD20243,__init.stock_location_G
__init.stock_location_GGD20301,GGD20301,__init.stock_location_G
__init.stock_location_GGD20405,GGD20405,__init.stock_location_G
__init.stock_location_GGD30170,GGD30170,__init.stock_location_G
__init.stock_location_GGD30208,GGD30208,__init.stock_location_G
__init.stock_location_GGD30348,GGD30348,__init.stock_location_G
__init.stock_location_GGD30401,GGD30401,__init.stock_location_G
__init.stock_location_GGD30504,GGD30504,__init.stock_location_G
__init.stock_location_GGD40165,GGD40165,__init.stock_location_G
__init.stock_location_GGD40202,GGD40202,__init.stock_location_G
__init.stock_location_GGD40316,GGD40316,__init.stock_location_G
__init.stock_location_GGD40494,GGD40494,__init.stock_location_G
__init.stock_location_GGD40598,GGD40598,__init.stock_location_G
__init.stock_location_GGD40665,GGD40665,__init.stock_location_G
__init.stock_location_GGE10153,GGE10153,__init.stock_location_G
__init.stock_location_GGE10216,GGE10216,__init.stock_location_G
__init.stock_location_GGE10354,GGE10354,__init.stock_location_G
__init.stock_location_GGE10441,GGE10441,__init.stock_location_G
__init.stock_location_GGE10581,GGE10581,__init.stock_location_G
__init.stock_location_GGE10677,GGE10677,__init.stock_location_G
__init.stock_location_GGE10797,GGE10797,__init.stock_location_G
__init.stock_location_GGE10852,GGE10852,__init.stock_location_G
__init.stock_location_GGE20142,GGE20142,__init.stock_location_G
__init.stock_location_GGE20279,GGE20279,__init.stock_location_G
__init.stock_location_GGE20342,GGE20342,__init.stock_location_G
__init.stock_location_GGE20412,GGE20412,__init.stock_location_G
__init.stock_location_GGE20658,GGE20658,__init.stock_location_G
__init.stock_location_GGE20773,GGE20773,__init.stock_location_G
__init.stock_location_GGE20816,GGE20816,__init.stock_location_G
__init.stock_location_GGE30103,GGE30103,__init.stock_location_G
__init.stock_location_GGE30278,GGE30278,__init.stock_location_G
__init.stock_location_GGE30324,GGE30324,__init.stock_location_G
__init.stock_location_GGE30471,GGE30471,__init.stock_location_G
__init.stock_location_GGE30555,GGE30555,__init.stock_location_G
__init.stock_location_GGE30636,GGE30636,__init.stock_location_G
__init.stock_location_GGE30799,GGE30799,__init.stock_location_G
__init.stock_location_GGE30800,GGE30800,__init.stock_location_G
__init.stock_location_GGE40147,GGE40147,__init.stock_location_G
__init.stock_location_GGE40288,GGE40288,__init.stock_location_G
__init.stock_location_GGE40353,GGE40353,__init.stock_location_G
__init.stock_location_GGE40425,GGE40425,__init.stock_location_G
__init.stock_location_GGE40566,GGE40566,__init.stock_location_G
__init.stock_location_GGE40605,GGE40605,__init.stock_location_G
__init.stock_location_GGE40792,GGE40792,__init.stock_location_G
__init.stock_location_GGE40890,GGE40890,__init.stock_location_G
__init.stock_location_GGE40920,GGE40920,__init.stock_location_G
__init.stock_location_GGE50183,GGE50183,__init.stock_location_G
__init.stock_location_GGE50200,GGE50200,__init.stock_location_G
__init.stock_location_GGE50307,GGE50307,__init.stock_location_G
__init.stock_location_GGE50451,GGE50451,__init.stock_location_G
__init.stock_location_GGE50520,GGE50520,__init.stock_location_G
__init.stock_location_GGE50680,GGE50680,__init.stock_location_G
__init.stock_location_GGE50729,GGE50729,__init.stock_location_G
__init.stock_location_GGE50806,GGE50806,__init.stock_location_G
__init.stock_location_GGF10165,GGF10165,__init.stock_location_G
__init.stock_location_GGF10288,GGF10288,__init.stock_location_G
__init.stock_location_GGF10323,GGF10323,__init.stock_location_G
__init.stock_location_GGF10478,GGF10478,__init.stock_location_G
__init.stock_location_GGF20185,GGF20185,__init.stock_location_G
__init.stock_location_GGF20202,GGF20202,__init.stock_location_G
__init.stock_location_GGF20354,GGF20354,__init.stock_location_G
__init.stock_location_GGF20449,GGF20449,__init.stock_location_G
__init.stock_location_GGF20504,GGF20504,__init.stock_location_G
__init.stock_location_GGF30117,GGF30117,__init.stock_location_G
__init.stock_location_GGF30269,GGF30269,__init.stock_location_G
__init.stock_location_GGF30380,GGF30380,__init.stock_location_G
__init.stock_location_GGF30456,GGF30456,__init.stock_location_G
__init.stock_location_GGF30522,GGF30522,__init.stock_location_G
__init.stock_location_GGF30782,GGF30782,__init.stock_location_G
__init.stock_location_GGF40148,GGF40148,__init.stock_location_G
__init.stock_location_GGF40252,GGF40252,__init.stock_location_G
__init.stock_location_GGF40300,GGF40300,__init.stock_location_G
__init.stock_location_GGF40445,GGF40445,__init.stock_location_G
__init.stock_location_GGF40502,GGF40502,__init.stock_location_G
__init.stock_location_GGG10175,GGG10175,__init.stock_location_G
__init.stock_location_GGG10294,GGG10294,__init.stock_location_G
__init.stock_location_GGG10343,GGG10343,__init.stock_location_G
__init.stock_location_GGG10467,GGG10467,__init.stock_location_G
__init.stock_location_GGG20148,GGG20148,__init.stock_location_G
__init.stock_location_GGG20200,GGG20200,__init.stock_location_G
__init.stock_location_GGG20399,GGG20399,__init.stock_location_G
__init.stock_location_GGG20417,GGG20417,__init.stock_location_G
__init.stock_location_GGG20520,GGG20520,__init.stock_location_G
__init.stock_location_GGG30129,GGG30129,__init.stock_location_G
__init.stock_location_GGG30278,GGG30278,__init.stock_location_G
__init.stock_location_GGG30458,GGG30458,__init.stock_location_G
__init.stock_location_GGG30555,GGG30555,__init.stock_location_G
__init.stock_location_GGG30610,GGG30610,__init.stock_location_G
__init.stock_location_GGG40104,GGG40104,__init.stock_location_G
__init.stock_location_GGG40223,GGG40223,__init.stock_location_G
__init.stock_location_GGG40319,GGG40319,__init.stock_location_G
__init.stock_location_GGG40414,GGG40414,__init.stock_location_G
__init.stock_location_GGH10119,GGH10119,__init.stock_location_G
__init.stock_location_GGH10209,GGH10209,__init.stock_location_G
__init.stock_location_GGH10390,GGH10390,__init.stock_location_G
__init.stock_location_GGH10468,GGH10468,__init.stock_location_G
__init.stock_location_GGH10528,GGH10528,__init.stock_location_G
__init.stock_location_GGH10639,GGH10639,__init.stock_location_G
__init.stock_location_GGH10704,GGH10704,__init.stock_location_G
__init.stock_location_GGH10823,GGH10823,__init.stock_location_G
__init.stock_location_GGH20195,GGH20195,__init.stock_location_G
__init.stock_location_GGH20228,GGH20228,__init.stock_location_G
__init.stock_location_GGH20380,GGH20380,__init.stock_location_G
__init.stock_location_GGH20442,GGH20442,__init.stock_location_G
__init.stock_location_GGH20576,GGH20576,__init.stock_location_G
__init.stock_location_GGH20646,GGH20646,__init.stock_location_G
__init.stock_location_GGH20739,GGH20739,__init.stock_location_G
__init.stock_location_GGH30193,GGH30193,__init.stock_location_G
__init.stock_location_GGH30292,GGH30292,__init.stock_location_G
__init.stock_location_GGH30364,GGH30364,__init.stock_location_G
__init.stock_location_GGH30484,GGH30484,__init.stock_location_G
__init.stock_location_GGH30575,GGH30575,__init.stock_location_G
__init.stock_location_GGH30685,GGH30685,__init.stock_location_G
__init.stock_location_GGH30710,GGH30710,__init.stock_location_G
__init.stock_location_GGH30810,GGH30810,__init.stock_location_G
__init.stock_location_GGH30977,GGH30977,__init.stock_location_G
__init.stock_location_GGH40136,GGH40136,__init.stock_location_G
__init.stock_location_GGH40264,GGH40264,__init.stock_location_G
__init.stock_location_GGH40348,GGH40348,__init.stock_location_G
__init.stock_location_GGH40487,GGH40487,__init.stock_location_G
__init.stock_location_GGH40526,GGH40526,__init.stock_location_G
__init.stock_location_GGH40665,GGH40665,__init.stock_location_G
__init.stock_location_GGH40781,GGH40781,__init.stock_location_G
__init.stock_location_GGH40801,GGH40801,__init.stock_location_G
__init.stock_location_GGH50141,GGH50141,__init.stock_location_G
__init.stock_location_GGH50259,GGH50259,__init.stock_location_G
__init.stock_location_GGH50340,GGH50340,__init.stock_location_G
__init.stock_location_GGH50416,GGH50416,__init.stock_location_G
__init.stock_location_GGH50598,GGH50598,__init.stock_location_G
__init.stock_location_GGH50646,GGH50646,__init.stock_location_G
__init.stock_location_GGH50733,GGH50733,__init.stock_location_G
__init.stock_location_GGH50883,GGH50883,__init.stock_location_G
__init.stock_location_GGH50941,GGH50941,__init.stock_location_G
__init.stock_location_GGI10178,GGI10178,__init.stock_location_G
__init.stock_location_GGI10290,GGI10290,__init.stock_location_G
__init.stock_location_GGI10302,GGI10302,__init.stock_location_G
__init.stock_location_GGI10426,GGI10426,__init.stock_location_G
__init.stock_location_GGI20111,GGI20111,__init.stock_location_G
__init.stock_location_GGI20213,GGI20213,__init.stock_location_G
__init.stock_location_GGI20301,GGI20301,__init.stock_location_G
__init.stock_location_GGI20400,GGI20400,__init.stock_location_G
__init.stock_location_GGI20505,GGI20505,__init.stock_location_G
__init.stock_location_GGI30210,GGI30210,__init.stock_location_G
__init.stock_location_GGI30332,GGI30332,__init.stock_location_G
__init.stock_location_GGI30452,GGI30452,__init.stock_location_G
__init.stock_location_GGI30541,GGI30541,__init.stock_location_G
__init.stock_location_GGI30621,GGI30621,__init.stock_location_G
__init.stock_location_GGI40110,GGI40110,__init.stock_location_G
__init.stock_location_GGI40296,GGI40296,__init.stock_location_G
__init.stock_location_GGI40323,GGI40323,__init.stock_location_G
__init.stock_location_GGI40400,GGI40400,__init.stock_location_G
__init.stock_location_GGK10186,GGK10186,__init.stock_location_G
__init.stock_location_GGK10211,GGK10211,__init.stock_location_G
__init.stock_location_GGK10303,GGK10303,__init.stock_location_G
__init.stock_location_GGK10439,GGK10439,__init.stock_location_G
__init.stock_location_GGK10502,GGK10502,__init.stock_location_G
__init.stock_location_GGK20103,GGK20103,__init.stock_location_G
__init.stock_location_GGK20201,GGK20201,__init.stock_location_G
__init.stock_location_GGK20387,GGK20387,__init.stock_location_G
__init.stock_location_GGK20450,GGK20450,__init.stock_location_G
__init.stock_location_GGK30180,GGK30180,__init.stock_location_G
__init.stock_location_GGK30262,GGK30262,__init.stock_location_G
__init.stock_location_GGK30327,GGK30327,__init.stock_location_G
__init.stock_location_GGK30429,GGK30429,__init.stock_location_G
__init.stock_location_GGK30504,GGK30504,__init.stock_location_G
__init.stock_location_GGK40148,GGK40148,__init.stock_location_G
__init.stock_location_GGK40200,GGK40200,__init.stock_location_G
__init.stock_location_GGK40303,GGK40303,__init.stock_location_G
__init.stock_location_GGK40599,GGK40599,__init.stock_location_G
__init.stock_location_GGL10126,GGL10126,__init.stock_location_G
__init.stock_location_GGL10234,GGL10234,__init.stock_location_G
__init.stock_location_GGL10393,GGL10393,__init.stock_location_G
__init.stock_location_GGL10481,GGL10481,__init.stock_location_G
__init.stock_location_GGL10537,GGL10537,__init.stock_location_G
__init.stock_location_GGL10695,GGL10695,__init.stock_location_G
__init.stock_location_GGL10713,GGL10713,__init.stock_location_G
__init.stock_location_GGL10891,GGL10891,__init.stock_location_G
__init.stock_location_GGL10905,GGL10905,__init.stock_location_G
__init.stock_location_GGL20164,GGL20164,__init.stock_location_G
__init.stock_location_GGL20293,GGL20293,__init.stock_location_G
__init.stock_location_GGL20352,GGL20352,__init.stock_location_G
__init.stock_location_GGL20441,GGL20441,__init.stock_location_G
__init.stock_location_GGL20581,GGL20581,__init.stock_location_G
__init.stock_location_GGL20676,GGL20676,__init.stock_location_G
__init.stock_location_GGL20765,GGL20765,__init.stock_location_G
__init.stock_location_GGL30161,GGL30161,__init.stock_location_G
__init.stock_location_GGL30246,GGL30246,__init.stock_location_G
__init.stock_location_GGL30382,GGL30382,__init.stock_location_G
__init.stock_location_GGL30404,GGL30404,__init.stock_location_G
__init.stock_location_GGL30501,GGL30501,__init.stock_location_G
__init.stock_location_GGL30673,GGL30673,__init.stock_location_G
__init.stock_location_GGL30772,GGL30772,__init.stock_location_G
__init.stock_location_GGL30880,GGL30880,__init.stock_location_G
__init.stock_location_GGL30997,GGL30997,__init.stock_location_G
__init.stock_location_GGL40195,GGL40195,__init.stock_location_G
__init.stock_location_GGL40269,GGL40269,__init.stock_location_G
__init.stock_location_GGL40398,GGL40398,__init.stock_location_G
__init.stock_location_GGL40413,GGL40413,__init.stock_location_G
__init.stock_location_GGL40539,GGL40539,__init.stock_location_G
__init.stock_location_GGL40680,GGL40680,__init.stock_location_G
__init.stock_location_GGL40733,GGL40733,__init.stock_location_G
__init.stock_location_GGL40818,GGL40818,__init.stock_location_G
__init.stock_location_GGL50151,GGL50151,__init.stock_location_G
__init.stock_location_GGL50265,GGL50265,__init.stock_location_G
__init.stock_location_GGL50388,GGL50388,__init.stock_location_G
__init.stock_location_GGL50473,GGL50473,__init.stock_location_G
__init.stock_location_GGL50591,GGL50591,__init.stock_location_G
__init.stock_location_GGL50603,GGL50603,__init.stock_location_G
__init.stock_location_GGL50711,GGL50711,__init.stock_location_G
__init.stock_location_GGL50844,GGL50844,__init.stock_location_G
__init.stock_location_GGM10194,GGM10194,__init.stock_location_G
__init.stock_location_GGM10245,GGM10245,__init.stock_location_G
__init.stock_location_GGM10327,GGM10327,__init.stock_location_G
__init.stock_location_GGM10471,GGM10471,__init.stock_location_G
__init.stock_location_GGM20149,GGM20149,__init.stock_location_G
__init.stock_location_GGM20238,GGM20238,__init.stock_location_G
__init.stock_location_GGM20312,GGM20312,__init.stock_location_G
__init.stock_location_GGM20481,GGM20481,__init.stock_location_G
__init.stock_location_GGM30135,GGM30135,__init.stock_location_G
__init.stock_location_GGM30216,GGM30216,__init.stock_location_G
__init.stock_location_GGM30358,GGM30358,__init.stock_location_G
__init.stock_location_GGM30445,GGM30445,__init.stock_location_G
__init.stock_location_GGM30518,GGM30518,__init.stock_location_G
__init.stock_location_GGM40131,GGM40131,__init.stock_location_G
__init.stock_location_GGM40264,GGM40264,__init.stock_location_G
__init.stock_location_GGM40313,GGM40313,__init.stock_location_G
__init.stock_location_GGP10199,GGP10199,__init.stock_location_G
__init.stock_location_GGP10205,GGP10205,__init.stock_location_G
__init.stock_location_GGP10303,GGP10303,__init.stock_location_G
__init.stock_location_GGP10558,GGP10558,__init.stock_location_G
__init.stock_location_GGP10653,GGP10653,__init.stock_location_G
__init.stock_location_GGP20156,GGP20156,__init.stock_location_G
__init.stock_location_GGP20357,GGP20357,__init.stock_location_G
__init.stock_location_GGP20424,GGP20424,__init.stock_location_G
__init.stock_location_GGP20542,GGP20542,__init.stock_location_G
__init.stock_location_GGP20661,GGP20661,__init.stock_location_G
__init.stock_location_GGP30190,GGP30190,__init.stock_location_G
__init.stock_location_GGP30256,GGP30256,__init.stock_location_G
__init.stock_location_GGP30375,GGP30375,__init.stock_location_G
__init.stock_location_GGP30428,GGP30428,__init.stock_location_G
__init.stock_location_GGP30517,GGP30517,__init.stock_location_G
__init.stock_location_GGP30614,GGP30614,__init.stock_location_G
__init.stock_location_GGP30764,GGP30764,__init.stock_location_G
__init.stock_location_GGP40112,GGP40112,__init.stock_location_G
__init.stock_location_GGP40214,GGP40214,__init.stock_location_G
__init.stock_location_GGP40339,GGP40339,__init.stock_location_G
__init.stock_location_GGP40460,GGP40460,__init.stock_location_G
__init.stock_location_GGP40572,GGP40572,__init.stock_location_G
__init.stock_location_GGP40627,GGP40627,__init.stock_location_G
__init.stock_location_GGP40715,GGP40715,__init.stock_location_G
__init.stock_location_GGP40806,GGP40806,__init.stock_location_G
__init.stock_location_GGR10268,GGR10268,__init.stock_location_G
__init.stock_location_GGR10394,GGR10394,__init.stock_location_G
__init.stock_location_GGR10401,GGR10401,__init.stock_location_G
__init.stock_location_GGR10583,GGR10583,__init.stock_location_G
__init.stock_location_GGR10632,GGR10632,__init.stock_location_G
__init.stock_location_GGR20120,GGR20120,__init.stock_location_G
__init.stock_location_GGR20223,GGR20223,__init.stock_location_G
__init.stock_location_GGR20308,GGR20308,__init.stock_location_G
__init.stock_location_GGR20450,GGR20450,__init.stock_location_G
__init.stock_location_GGR20526,GGR20526,__init.stock_location_G
__init.stock_location_GGR20606,GGR20606,__init.stock_location_G
__init.stock_location_GGR20781,GGR20781,__init.stock_location_G
__init.stock_location_GGR30113,GGR30113,__init.stock_location_G
__init.stock_location_GGR30253,GGR30253,__init.stock_location_G
__init.stock_location_GGR30300,GGR30300,__init.stock_location_G
__init.stock_location_GGR30406,GGR30406,__init.stock_location_G
__init.stock_location_GGR30591,GGR30591,__init.stock_location_G
__init.stock_location_GGR30662,GGR30662,__init.stock_location_G
__init.stock_location_GGR30757,GGR30757,__init.stock_location_G
__init.stock_location_GGR40140,GGR40140,__init.stock_location_G
__init.stock_location_GGR40223,GGR40223,__init.stock_location_G
__init.stock_location_GGR40398,GGR40398,__init.stock_location_G
__init.stock_location_GGR40411,GGR40411,__init.stock_location_G
__init.stock_location_GGR40512,GGR40512,__init.stock_location_G
__init.stock_location_GGR40609,GGR40609,__init.stock_location_G
__init.stock_location_GGR40767,GGR40767,__init.stock_location_G
__init.stock_location_GGR50126,GGR50126,__init.stock_location_G
__init.stock_location_GGR50204,GGR50204,__init.stock_location_G
__init.stock_location_GGR50365,GGR50365,__init.stock_location_G
__init.stock_location_GGR50405,GGR50405,__init.stock_location_G
__init.stock_location_GGR50553,GGR50553,__init.stock_location_G
__init.stock_location_GGR50669,GGR50669,__init.stock_location_G
__init.stock_location_GGR60153,GGR60153,__init.stock_location_G
__init.stock_location_GGR60202,GGR60202,__init.stock_location_G
__init.stock_location_GGR60301,GGR60301,__init.stock_location_G
__init.stock_location_GGR60418,GGR60418,__init.stock_location_G
__init.stock_location_GGR60503,GGR60503,__init.stock_location_G
__init.stock_location_GGR60696,GGR60696,__init.stock_location_G
__init.stock_location_GGR70131,GGR70131,__init.stock_location_G
__init.stock_location_GGR70201,GGR70201,__init.stock_location_G
__init.stock_location_GGR70392,GGR70392,__init.stock_location_G
__init.stock_location_GGR70485,GGR70485,__init.stock_location_G
__init.stock_location_GGR70561,GGR70561,__init.stock_location_G
__init.stock_location_GGR70688,GGR70688,__init.stock_location_G
__init.stock_location_GGS10146,GGS10146,__init.stock_location_G
__init.stock_location_GGS10220,GGS10220,__init.stock_location_G
__init.stock_location_GGS10300,GGS10300,__init.stock_location_G
__init.stock_location_GGS10440,GGS10440,__init.stock_location_G
__init.stock_location_GGS20186,GGS20186,__init.stock_location_G
__init.stock_location_GGS20215,GGS20215,__init.stock_location_G
__init.stock_location_GGS20318,GGS20318,__init.stock_location_G
__init.stock_location_GGS20428,GGS20428,__init.stock_location_G
__init.stock_location_GGS20546,GGS20546,__init.stock_location_G
__init.stock_location_GGS30199,GGS30199,__init.stock_location_G
__init.stock_location_GGS30247,GGS30247,__init.stock_location_G
__init.stock_location_GGS30305,GGS30305,__init.stock_location_G
__init.stock_location_GGS30414,GGS30414,__init.stock_location_G
__init.stock_location_GGS30549,GGS30549,__init.stock_location_G
__init.stock_location_GGS30670,GGS30670,__init.stock_location_G
__init.stock_location_GGS40198,GGS40198,__init.stock_location_G
__init.stock_location_GGS40288,GGS40288,__init.stock_location_G
__init.stock_location_GGS40396,GGS40396,__init.stock_location_G
__init.stock_location_GGS40464,GGS40464,__init.stock_location_G
__init.stock_location_GGS40543,GGS40543,__init.stock_location_G
__init.stock_location_GGS40615,GGS40615,__init.stock_location_G
__init.stock_location_GGT10131,GGT10131,__init.stock_location_G
__init.stock_location_GGT10215,GGT10215,__init.stock_location_G
__init.stock_location_GGT10361,GGT10361,__init.stock_location_G
__init.stock_location_GGT10428,GGT10428,__init.stock_location_G
__init.stock_location_GGT20100,GGT20100,__init.stock_location_G
__init.stock_location_GGT20206,GGT20206,__init.stock_location_G
__init.stock_location_GGT20311,GGT20311,__init.stock_location_G
__init.stock_location_GGT20439,GGT20439,__init.stock_location_G
__init.stock_location_GGT30200,GGT30200,__init.stock_location_G
__init.stock_location_GGT30312,GGT30312,__init.stock_location_G
__init.stock_location_GGT30459,GGT30459,__init.stock_location_G
__init.stock_location_GGT30547,GGT30547,__init.stock_location_G
__init.stock_location_GGT40100,GGT40100,__init.stock_location_G
__init.stock_location_GGT40231,GGT40231,__init.stock_location_G
__init.stock_location_GGT40301,GGT40301,__init.stock_location_G
__init.stock_location_GGT40406,GGT40406,__init.stock_location_G
__init.stock_location_GGT50116,GGT50116,__init.stock_location_G
__init.stock_location_GGT50226,GGT50226,__init.stock_location_G
__init.stock_location_GGT50389,GGT50389,__init.stock_location_G
__init.stock_location_GGT50409,GGT50409,__init.stock_location_G
__init.stock_location_GGT50517,GGT50517,__init.stock_location_G
__init.stock_location_GGT50639,GGT50639,__init.stock_location_G
__init.stock_location_GGU10135,GGU10135,__init.stock_location_G
__init.stock_location_GGU10217,GGU10217,__init.stock_location_G
__init.stock_location_GGU10370,GGU10370,__init.stock_location_G
__init.stock_location_GGU10481,GGU10481,__init.stock_location_G
__init.stock_location_GGU20198,GGU20198,__init.stock_location_G
__init.stock_location_GGU20242,GGU20242,__init.stock_location_G
__init.stock_location_GGU20303,GGU20303,__init.stock_location_G
__init.stock_location_GGU20499,GGU20499,__init.stock_location_G
__init.stock_location_GGU20538,GGU20538,__init.stock_location_G
__init.stock_location_GGU30165,GGU30165,__init.stock_location_G
__init.stock_location_GGU30261,GGU30261,__init.stock_location_G
__init.stock_location_GGU30363,GGU30363,__init.stock_location_G
__init.stock_location_GGU30487,GGU30487,__init.stock_location_G
__init.stock_location_GGU30531,GGU30531,__init.stock_location_G
__init.stock_location_GGU30673,GGU30673,__init.stock_location_G
__init.stock_location_GGU40133,GGU40133,__init.stock_location_G
__init.stock_location_GGU40207,GGU40207,__init.stock_location_G
__init.stock_location_GGU40383,GGU40383,__init.stock_location_G
__init.stock_location_GGU40496,GGU40496,__init.stock_location_G
__init.stock_location_GGU40598,GGU40598,__init.stock_location_G
__init.stock_location_GGU40612,GGU40612,__init.stock_location_G
__init.stock_location_GGU40799,GGU40799,__init.stock_location_G
__init.stock_location_GGV10105,GGV10105,__init.stock_location_G
__init.stock_location_GGV10247,GGV10247,__init.stock_location_G
__init.stock_location_GGV10303,GGV10303,__init.stock_location_G
__init.stock_location_GGV10454,GGV10454,__init.stock_location_G
__init.stock_location_GGV20107,GGV20107,__init.stock_location_G
__init.stock_location_GGV20204,GGV20204,__init.stock_location_G
__init.stock_location_GGV20397,GGV20397,__init.stock_location_G
__init.stock_location_GGV20494,GGV20494,__init.stock_location_G
__init.stock_location_GGV20545,GGV20545,__init.stock_location_G
__init.stock_location_GGV30154,GGV30154,__init.stock_location_G
__init.stock_location_GGV30260,GGV30260,__init.stock_location_G
__init.stock_location_GGV30314,GGV30314,__init.stock_location_G
__init.stock_location_GGV30423,GGV30423,__init.stock_location_G
__init.stock_location_GGV30525,GGV30525,__init.stock_location_G
__init.stock_location_GGV30650,GGV30650,__init.stock_location_G
__init.stock_location_GGV30799,GGV30799,__init.stock_location_G
__init.stock_location_GGV30819,GGV30819,__init.stock_location_G
__init.stock_location_GGV40195,GGV40195,__init.stock_location_G
__init.stock_location_GGV40221,GGV40221,__init.stock_location_G
__init.stock_location_GGV40390,GGV40390,__init.stock_location_G
__init.stock_location_GGV40419,GGV40419,__init.stock_location_G
__init.stock_location_GGV40536,GGV40536,__init.stock_location_G
__init.stock_location_GGV40629,GGV40629,__init.stock_location_G
__init.stock_location_GH07A259,GH07A259,__init.stock_location_G
__init.stock_location_GH07A381,GH07A381,__init.stock_location_G
__init.stock_location_GH07A479,GH07A479,__init.stock_location_G
__init.stock_location_GH07A564,GH07A564,__init.stock_location_G
__init.stock_location_GH07B142,GH07B142,__init.stock_location_G
__init.stock_location_GH07B239,GH07B239,__init.stock_location_G
__init.stock_location_GH07B334,GH07B334,__init.stock_location_G
__init.stock_location_GH07B473,GH07B473,__init.stock_location_G
__init.stock_location_GH07B513,GH07B513,__init.stock_location_G
__init.stock_location_GH07B649,GH07B649,__init.stock_location_G
__init.stock_location_GH07B761,GH07B761,__init.stock_location_G
__init.stock_location_GH07C103,GH07C103,__init.stock_location_G
__init.stock_location_GH07C210,GH07C210,__init.stock_location_G
__init.stock_location_GH07C390,GH07C390,__init.stock_location_G
__init.stock_location_GH07C489,GH07C489,__init.stock_location_G
__init.stock_location_GH07C503,GH07C503,__init.stock_location_G
__init.stock_location_GH07D173,GH07D173,__init.stock_location_G
__init.stock_location_GH07D281,GH07D281,__init.stock_location_G
__init.stock_location_GH07D378,GH07D378,__init.stock_location_G
__init.stock_location_GH07D403,GH07D403,__init.stock_location_G
__init.stock_location_GH07D532,GH07D532,__init.stock_location_G
__init.stock_location_GH07D654,GH07D654,__init.stock_location_G
__init.stock_location_GH07D752,GH07D752,__init.stock_location_G
__init.stock_location_GH07E266,GH07E266,__init.stock_location_G
__init.stock_location_GH07E394,GH07E394,__init.stock_location_G
__init.stock_location_GH07E491,GH07E491,__init.stock_location_G
__init.stock_location_GH07E559,GH07E559,__init.stock_location_G
__init.stock_location_GH07E647,GH07E647,__init.stock_location_G
__init.stock_location_GH07E730,GH07E730,__init.stock_location_G
__init.stock_location_GH09A110,GH09A110,__init.stock_location_G
__init.stock_location_GH09A295,GH09A295,__init.stock_location_G
__init.stock_location_GH09A344,GH09A344,__init.stock_location_G
__init.stock_location_GH09A412,GH09A412,__init.stock_location_G
__init.stock_location_GH09A586,GH09A586,__init.stock_location_G
__init.stock_location_GH09B106,GH09B106,__init.stock_location_G
__init.stock_location_GH09B218,GH09B218,__init.stock_location_G
__init.stock_location_GH09B392,GH09B392,__init.stock_location_G
__init.stock_location_GH09B413,GH09B413,__init.stock_location_G
__init.stock_location_GH09B533,GH09B533,__init.stock_location_G
__init.stock_location_GH09B638,GH09B638,__init.stock_location_G
__init.stock_location_GH09C144,GH09C144,__init.stock_location_G
__init.stock_location_GH09C305,GH09C305,__init.stock_location_G
__init.stock_location_GH09C426,GH09C426,__init.stock_location_G
__init.stock_location_GH09C531,GH09C531,__init.stock_location_G
__init.stock_location_GH09C643,GH09C643,__init.stock_location_G
__init.stock_location_GH09C828,GH09C828,__init.stock_location_G
__init.stock_location_GH09D179,GH09D179,__init.stock_location_G
__init.stock_location_GH09D217,GH09D217,__init.stock_location_G
__init.stock_location_GH09D356,GH09D356,__init.stock_location_G
__init.stock_location_GH09D457,GH09D457,__init.stock_location_G
__init.stock_location_GH09D530,GH09D530,__init.stock_location_G
__init.stock_location_GH09D698,GH09D698,__init.stock_location_G
__init.stock_location_GH09D724,GH09D724,__init.stock_location_G
__init.stock_location_GH09D884,GH09D884,__init.stock_location_G
__init.stock_location_GH09E116,GH09E116,__init.stock_location_G
__init.stock_location_GH09E241,GH09E241,__init.stock_location_G
__init.stock_location_GH09E340,GH09E340,__init.stock_location_G
__init.stock_location_GH09E432,GH09E432,__init.stock_location_G
__init.stock_location_GH09E622,GH09E622,__init.stock_location_G
__init.stock_location_GH09E790,GH09E790,__init.stock_location_G
__init.stock_location_GH09E866,GH09E866,__init.stock_location_G
__init.stock_location_GH11A191,GH11A191,__init.stock_location_G
__init.stock_location_GH11A286,GH11A286,__init.stock_location_G
__init.stock_location_GH11A305,GH11A305,__init.stock_location_G
__init.stock_location_GH11A413,GH11A413,__init.stock_location_G
__init.stock_location_GH11A550,GH11A550,__init.stock_location_G
__init.stock_location_GH11A667,GH11A667,__init.stock_location_G
__init.stock_location_GH11A737,GH11A737,__init.stock_location_G
__init.stock_location_GH11A847,GH11A847,__init.stock_location_G
__init.stock_location_GH11A950,GH11A950,__init.stock_location_G
__init.stock_location_GH11B166,GH11B166,__init.stock_location_G
__init.stock_location_GH11B240,GH11B240,__init.stock_location_G
__init.stock_location_GH11B366,GH11B366,__init.stock_location_G
__init.stock_location_GH11B419,GH11B419,__init.stock_location_G
__init.stock_location_GH11B509,GH11B509,__init.stock_location_G
__init.stock_location_GH11B600,GH11B600,__init.stock_location_G
__init.stock_location_GH11B750,GH11B750,__init.stock_location_G
__init.stock_location_GH11B816,GH11B816,__init.stock_location_G
__init.stock_location_GH11B972,GH11B972,__init.stock_location_G
__init.stock_location_GH11C130,GH11C130,__init.stock_location_G
__init.stock_location_GH11C233,GH11C233,__init.stock_location_G
__init.stock_location_GH11C396,GH11C396,__init.stock_location_G
__init.stock_location_GH11C495,GH11C495,__init.stock_location_G
__init.stock_location_GH11C517,GH11C517,__init.stock_location_G
__init.stock_location_GH11C644,GH11C644,__init.stock_location_G
__init.stock_location_GH11C718,GH11C718,__init.stock_location_G
__init.stock_location_GH11D112,GH11D112,__init.stock_location_G
__init.stock_location_GH11D296,GH11D296,__init.stock_location_G
__init.stock_location_GH11D326,GH11D326,__init.stock_location_G
__init.stock_location_GH11D408,GH11D408,__init.stock_location_G
__init.stock_location_GH11D541,GH11D541,__init.stock_location_G
__init.stock_location_GH11D606,GH11D606,__init.stock_location_G
__init.stock_location_GH11D750,GH11D750,__init.stock_location_G
__init.stock_location_GH11D858,GH11D858,__init.stock_location_G
__init.stock_location_GH11E149,GH11E149,__init.stock_location_G
__init.stock_location_GH11E203,GH11E203,__init.stock_location_G
__init.stock_location_GH11E344,GH11E344,__init.stock_location_G
__init.stock_location_GH11E471,GH11E471,__init.stock_location_G
__init.stock_location_GH11E582,GH11E582,__init.stock_location_G
__init.stock_location_GH11E627,GH11E627,__init.stock_location_G
__init.stock_location_GH11E713,GH11E713,__init.stock_location_G
__init.stock_location_GH11F142,GH11F142,__init.stock_location_G
__init.stock_location_GH11F231,GH11F231,__init.stock_location_G
__init.stock_location_GH11F357,GH11F357,__init.stock_location_G
__init.stock_location_GH11F465,GH11F465,__init.stock_location_G
__init.stock_location_GH11F567,GH11F567,__init.stock_location_G
__init.stock_location_GH11F663,GH11F663,__init.stock_location_G
__init.stock_location_GH11F729,GH11F729,__init.stock_location_G
__init.stock_location_GH11F806,GH11F806,__init.stock_location_G
__init.stock_location_GH31A168,GH31A168,__init.stock_location_G
__init.stock_location_GH31A225,GH31A225,__init.stock_location_G
__init.stock_location_GH31A337,GH31A337,__init.stock_location_G
__init.stock_location_GH31B144,GH31B144,__init.stock_location_G
__init.stock_location_GH31B220,GH31B220,__init.stock_location_G
__init.stock_location_GH31C245,GH31C245,__init.stock_location_G
__init.stock_location_GH31C307,GH31C307,__init.stock_location_G
__init.stock_location_GH31D117,GH31D117,__init.stock_location_G
__init.stock_location_GH31D255,GH31D255,__init.stock_location_G
__init.stock_location_GH31E271,GH31E271,__init.stock_location_G
__init.stock_location_GH31E410,GH31E410,__init.stock_location_G
__init.stock_location_GH31F188,GH31F188,__init.stock_location_G
__init.stock_location_GH31F249,GH31F249,__init.stock_location_G
__init.stock_location_GH31F455,GH31F455,__init.stock_location_G
__init.stock_location_GH31G161,GH31G161,__init.stock_location_G
__init.stock_location_GH33A161,GH33A161,__init.stock_location_G
__init.stock_location_GH33A254,GH33A254,__init.stock_location_G
__init.stock_location_GH33A311,GH33A311,__init.stock_location_G
__init.stock_location_GH33A472,GH33A472,__init.stock_location_G
__init.stock_location_GH33B178,GH33B178,__init.stock_location_G
__init.stock_location_GH33B495,GH33B495,__init.stock_location_G
__init.stock_location_GH33C188,GH33C188,__init.stock_location_G
__init.stock_location_GH33C221,GH33C221,__init.stock_location_G
__init.stock_location_GH33D138,GH33D138,__init.stock_location_G
__init.stock_location_GH33D208,GH33D208,__init.stock_location_G
__init.stock_location_GH33E153,GH33E153,__init.stock_location_G
__init.stock_location_GH33E283,GH33E283,__init.stock_location_G
__init.stock_location_GH33E389,GH33E389,__init.stock_location_G
__init.stock_location_GH33E412,GH33E412,__init.stock_location_G
__init.stock_location_GH33E500,GH33E500,__init.stock_location_G
__init.stock_location_GI01A195,GI01A195,__init.stock_location_G
__init.stock_location_GI01A235,GI01A235,__init.stock_location_G
__init.stock_location_GI01A396,GI01A396,__init.stock_location_G
__init.stock_location_GI01A402,GI01A402,__init.stock_location_G
__init.stock_location_GI01A554,GI01A554,__init.stock_location_G
__init.stock_location_GI01B150,GI01B150,__init.stock_location_G
__init.stock_location_GI01B273,GI01B273,__init.stock_location_G
__init.stock_location_GI01B328,GI01B328,__init.stock_location_G
__init.stock_location_GI01B489,GI01B489,__init.stock_location_G
__init.stock_location_GI01B537,GI01B537,__init.stock_location_G
__init.stock_location_GI01B615,GI01B615,__init.stock_location_G
__init.stock_location_GI01B795,GI01B795,__init.stock_location_G
__init.stock_location_GI03A193,GI03A193,__init.stock_location_G
__init.stock_location_GI03A223,GI03A223,__init.stock_location_G
__init.stock_location_GI03A360,GI03A360,__init.stock_location_G
__init.stock_location_GI03A445,GI03A445,__init.stock_location_G
__init.stock_location_GI03A596,GI03A596,__init.stock_location_G
__init.stock_location_GI03B112,GI03B112,__init.stock_location_G
__init.stock_location_GI03B235,GI03B235,__init.stock_location_G
__init.stock_location_GI03B390,GI03B390,__init.stock_location_G
__init.stock_location_GI03B458,GI03B458,__init.stock_location_G
__init.stock_location_GI03B574,GI03B574,__init.stock_location_G
__init.stock_location_GI03B638,GI03B638,__init.stock_location_G
__init.stock_location_GI03B752,GI03B752,__init.stock_location_G
__init.stock_location_GI03B843,GI03B843,__init.stock_location_G
__init.stock_location_GI05A132,GI05A132,__init.stock_location_G
__init.stock_location_GI05A234,GI05A234,__init.stock_location_G
__init.stock_location_GI05A318,GI05A318,__init.stock_location_G
__init.stock_location_GI05A488,GI05A488,__init.stock_location_G
__init.stock_location_GI05B122,GI05B122,__init.stock_location_G
__init.stock_location_GI05B398,GI05B398,__init.stock_location_G
__init.stock_location_GI05B488,GI05B488,__init.stock_location_G
__init.stock_location_GI05B591,GI05B591,__init.stock_location_G
__init.stock_location_GI05B693,GI05B693,__init.stock_location_G
__init.stock_location_GI05B719,GI05B719,__init.stock_location_G
__init.stock_location_GI07A125,GI07A125,__init.stock_location_G
__init.stock_location_GI09A190,GI09A190,__init.stock_location_G
__init.stock_location_GI09A229,GI09A229,__init.stock_location_G
__init.stock_location_GI09A313,GI09A313,__init.stock_location_G
__init.stock_location_GI09A432,GI09A432,__init.stock_location_G
__init.stock_location_GI09B162,GI09B162,__init.stock_location_G
__init.stock_location_GI09B203,GI09B203,__init.stock_location_G
__init.stock_location_GI11A132,GI11A132,__init.stock_location_G
__init.stock_location_GI11A210,GI11A210,__init.stock_location_G
__init.stock_location_GI11A324,GI11A324,__init.stock_location_G
__init.stock_location_GI11B139,GI11B139,__init.stock_location_G
__init.stock_location_GI11B263,GI11B263,__init.stock_location_G
__init.stock_location_GI11B332,GI11B332,__init.stock_location_G
__init.stock_location_GI11B468,GI11B468,__init.stock_location_G
__init.stock_location_GI11B521,GI11B521,__init.stock_location_G
__init.stock_location_GI13A137,GI13A137,__init.stock_location_G
__init.stock_location_GI13A265,GI13A265,__init.stock_location_G
__init.stock_location_GI13A341,GI13A341,__init.stock_location_G
__init.stock_location_GI13A430,GI13A430,__init.stock_location_G
__init.stock_location_GI13B101,GI13B101,__init.stock_location_G
__init.stock_location_GI13B236,GI13B236,__init.stock_location_G
__init.stock_location_GI13B325,GI13B325,__init.stock_location_G
__init.stock_location_GI13B414,GI13B414,__init.stock_location_G
__init.stock_location_GI13B593,GI13B593,__init.stock_location_G
__init.stock_location_GI13B624,GI13B624,__init.stock_location_G
__init.stock_location_GIA60411,GIA60411,__init.stock_location_G
__init.stock_location_GK01A176,GK01A176,__init.stock_location_G
__init.stock_location_GK01A209,GK01A209,__init.stock_location_G
__init.stock_location_GK01A389,GK01A389,__init.stock_location_G
__init.stock_location_GK01A431,GK01A431,__init.stock_location_G
__init.stock_location_GK01A566,GK01A566,__init.stock_location_G
__init.stock_location_GK01B151,GK01B151,__init.stock_location_G
__init.stock_location_GK01B254,GK01B254,__init.stock_location_G
__init.stock_location_GK01B337,GK01B337,__init.stock_location_G
__init.stock_location_GK01B438,GK01B438,__init.stock_location_G
__init.stock_location_GK01B524,GK01B524,__init.stock_location_G
__init.stock_location_GK01B618,GK01B618,__init.stock_location_G
__init.stock_location_GK01B730,GK01B730,__init.stock_location_G
__init.stock_location_GK02A158,GK02A158,__init.stock_location_G
__init.stock_location_GK02A255,GK02A255,__init.stock_location_G
__init.stock_location_GK02A301,GK02A301,__init.stock_location_G
__init.stock_location_GK02A425,GK02A425,__init.stock_location_G
__init.stock_location_GK02A518,GK02A518,__init.stock_location_G
__init.stock_location_GK02A650,GK02A650,__init.stock_location_G
__init.stock_location_GK02A715,GK02A715,__init.stock_location_G
__init.stock_location_GK02B154,GK02B154,__init.stock_location_G
__init.stock_location_GK02B201,GK02B201,__init.stock_location_G
__init.stock_location_GK02B367,GK02B367,__init.stock_location_G
__init.stock_location_GK02B480,GK02B480,__init.stock_location_G
__init.stock_location_GK02B588,GK02B588,__init.stock_location_G
__init.stock_location_GK02B603,GK02B603,__init.stock_location_G
__init.stock_location_GK02B714,GK02B714,__init.stock_location_G
__init.stock_location_GK03A181,GK03A181,__init.stock_location_G
__init.stock_location_GK03A287,GK03A287,__init.stock_location_G
__init.stock_location_GK03A399,GK03A399,__init.stock_location_G
__init.stock_location_GK03B135,GK03B135,__init.stock_location_G
__init.stock_location_GK03B292,GK03B292,__init.stock_location_G
__init.stock_location_GK03B304,GK03B304,__init.stock_location_G
__init.stock_location_GK03B431,GK03B431,__init.stock_location_G
__init.stock_location_GK03B565,GK03B565,__init.stock_location_G
__init.stock_location_GK03B656,GK03B656,__init.stock_location_G
__init.stock_location_GK04A145,GK04A145,__init.stock_location_G
__init.stock_location_GK04A252,GK04A252,__init.stock_location_G
__init.stock_location_GK04A310,GK04A310,__init.stock_location_G
__init.stock_location_GK04A492,GK04A492,__init.stock_location_G
__init.stock_location_GK04B121,GK04B121,__init.stock_location_G
__init.stock_location_GK04B251,GK04B251,__init.stock_location_G
__init.stock_location_GK04B399,GK04B399,__init.stock_location_G
__init.stock_location_GK04B459,GK04B459,__init.stock_location_G
__init.stock_location_GK04B529,GK04B529,__init.stock_location_G
__init.stock_location_GK04B612,GK04B612,__init.stock_location_G
__init.stock_location_GK05A170,GK05A170,__init.stock_location_G
__init.stock_location_GK05A223,GK05A223,__init.stock_location_G
__init.stock_location_GK05A394,GK05A394,__init.stock_location_G
__init.stock_location_GK05A440,GK05A440,__init.stock_location_G
__init.stock_location_GK05B152,GK05B152,__init.stock_location_G
__init.stock_location_GK05B249,GK05B249,__init.stock_location_G
__init.stock_location_GK05B311,GK05B311,__init.stock_location_G
__init.stock_location_GK05B422,GK05B422,__init.stock_location_G
__init.stock_location_GK05B501,GK05B501,__init.stock_location_G
__init.stock_location_GK05B673,GK05B673,__init.stock_location_G
__init.stock_location_GK06A187,GK06A187,__init.stock_location_G
__init.stock_location_GK06A218,GK06A218,__init.stock_location_G
__init.stock_location_GK06A300,GK06A300,__init.stock_location_G
__init.stock_location_GK06A423,GK06A423,__init.stock_location_G
__init.stock_location_GK06B172,GK06B172,__init.stock_location_G
__init.stock_location_GK06B260,GK06B260,__init.stock_location_G
__init.stock_location_GK06B301,GK06B301,__init.stock_location_G
__init.stock_location_GK06B417,GK06B417,__init.stock_location_G
__init.stock_location_GK06B529,GK06B529,__init.stock_location_G
__init.stock_location_GK07A312,GK07A312,__init.stock_location_G
__init.stock_location_GK08A361,GK08A361,__init.stock_location_G
__init.stock_location_GK09A179,GK09A179,__init.stock_location_G
__init.stock_location_GK09A229,GK09A229,__init.stock_location_G
__init.stock_location_GK09A384,GK09A384,__init.stock_location_G
__init.stock_location_GK09A474,GK09A474,__init.stock_location_G
__init.stock_location_GK09A575,GK09A575,__init.stock_location_G
__init.stock_location_GK09A649,GK09A649,__init.stock_location_G
__init.stock_location_GK09B100,GK09B100,__init.stock_location_G
__init.stock_location_GK09B273,GK09B273,__init.stock_location_G
__init.stock_location_GK09B335,GK09B335,__init.stock_location_G
__init.stock_location_GK09B455,GK09B455,__init.stock_location_G
__init.stock_location_GK09B524,GK09B524,__init.stock_location_G
__init.stock_location_GK09B685,GK09B685,__init.stock_location_G
__init.stock_location_GK10A133,GK10A133,__init.stock_location_G
__init.stock_location_GK10A240,GK10A240,__init.stock_location_G
__init.stock_location_GK10A311,GK10A311,__init.stock_location_G
__init.stock_location_GK10B123,GK10B123,__init.stock_location_G
__init.stock_location_GK10B237,GK10B237,__init.stock_location_G
__init.stock_location_GK10B364,GK10B364,__init.stock_location_G
__init.stock_location_GK10B440,GK10B440,__init.stock_location_G
__init.stock_location_GK10B578,GK10B578,__init.stock_location_G
__init.stock_location_GK11A195,GK11A195,__init.stock_location_G
__init.stock_location_GK11A268,GK11A268,__init.stock_location_G
__init.stock_location_GK11A318,GK11A318,__init.stock_location_G
__init.stock_location_GK11A490,GK11A490,__init.stock_location_G
__init.stock_location_GK11A503,GK11A503,__init.stock_location_G
__init.stock_location_GK11A687,GK11A687,__init.stock_location_G
__init.stock_location_GK11B168,GK11B168,__init.stock_location_G
__init.stock_location_GK11B217,GK11B217,__init.stock_location_G
__init.stock_location_GK11B342,GK11B342,__init.stock_location_G
__init.stock_location_GK11B404,GK11B404,__init.stock_location_G
__init.stock_location_GK11B564,GK11B564,__init.stock_location_G
__init.stock_location_GK11B680,GK11B680,__init.stock_location_G
__init.stock_location_GK11B785,GK11B785,__init.stock_location_G
__init.stock_location_GK12A158,GK12A158,__init.stock_location_G
__init.stock_location_GK12A254,GK12A254,__init.stock_location_G
__init.stock_location_GK12A342,GK12A342,__init.stock_location_G
__init.stock_location_GK12A410,GK12A410,__init.stock_location_G
__init.stock_location_GK12A581,GK12A581,__init.stock_location_G
__init.stock_location_GK12B138,GK12B138,__init.stock_location_G
__init.stock_location_GK12B269,GK12B269,__init.stock_location_G
__init.stock_location_GK12B345,GK12B345,__init.stock_location_G
__init.stock_location_GK12B465,GK12B465,__init.stock_location_G
__init.stock_location_GK12B558,GK12B558,__init.stock_location_G
__init.stock_location_GK12B636,GK12B636,__init.stock_location_G
__init.stock_location_GK12B702,GK12B702,__init.stock_location_G
__init.stock_location_GK12B837,GK12B837,__init.stock_location_G
__init.stock_location_GK13A101,GK13A101,__init.stock_location_G
__init.stock_location_GK13A209,GK13A209,__init.stock_location_G
__init.stock_location_GK13A303,GK13A303,__init.stock_location_G
__init.stock_location_GK13A492,GK13A492,__init.stock_location_G
__init.stock_location_GK13A563,GK13A563,__init.stock_location_G
__init.stock_location_GK13B193,GK13B193,__init.stock_location_G
__init.stock_location_GK13B284,GK13B284,__init.stock_location_G
__init.stock_location_GK13B383,GK13B383,__init.stock_location_G
__init.stock_location_GK13B417,GK13B417,__init.stock_location_G
__init.stock_location_GK13B568,GK13B568,__init.stock_location_G
__init.stock_location_GK13B663,GK13B663,__init.stock_location_G
__init.stock_location_GK13B784,GK13B784,__init.stock_location_G
__init.stock_location_GK13B847,GK13B847,__init.stock_location_G
__init.stock_location_GK14A150,GK14A150,__init.stock_location_G
__init.stock_location_GK14A203,GK14A203,__init.stock_location_G
__init.stock_location_GK14A397,GK14A397,__init.stock_location_G
__init.stock_location_GK14A473,GK14A473,__init.stock_location_G
__init.stock_location_GK14A543,GK14A543,__init.stock_location_G
__init.stock_location_GK14A619,GK14A619,__init.stock_location_G
__init.stock_location_GK14A718,GK14A718,__init.stock_location_G
__init.stock_location_GK14B101,GK14B101,__init.stock_location_G
__init.stock_location_GK14B227,GK14B227,__init.stock_location_G
__init.stock_location_GK14B347,GK14B347,__init.stock_location_G
__init.stock_location_GK14B487,GK14B487,__init.stock_location_G
__init.stock_location_GK14B524,GK14B524,__init.stock_location_G
__init.stock_location_GK14B600,GK14B600,__init.stock_location_G
__init.stock_location_GK14B771,GK14B771,__init.stock_location_G
__init.stock_location_GK14B816,GK14B816,__init.stock_location_G
__init.stock_location_GK15A186,GK15A186,__init.stock_location_G
__init.stock_location_GK15A201,GK15A201,__init.stock_location_G
__init.stock_location_GK15A398,GK15A398,__init.stock_location_G
__init.stock_location_GK15A530,GK15A530,__init.stock_location_G
__init.stock_location_GK15B135,GK15B135,__init.stock_location_G
__init.stock_location_GK15B245,GK15B245,__init.stock_location_G
__init.stock_location_GK15C104,GK15C104,__init.stock_location_G
__init.stock_location_GK15C252,GK15C252,__init.stock_location_G
__init.stock_location_GK15C303,GK15C303,__init.stock_location_G
__init.stock_location_GK15C439,GK15C439,__init.stock_location_G
__init.stock_location_GK15C500,GK15C500,__init.stock_location_G
__init.stock_location_GK15D141,GK15D141,__init.stock_location_G
__init.stock_location_GK15D267,GK15D267,__init.stock_location_G
__init.stock_location_GK15D350,GK15D350,__init.stock_location_G
__init.stock_location_GK15D474,GK15D474,__init.stock_location_G
__init.stock_location_GK15E102,GK15E102,__init.stock_location_G
__init.stock_location_GK15E299,GK15E299,__init.stock_location_G
__init.stock_location_GK15E300,GK15E300,__init.stock_location_G
__init.stock_location_GK15E450,GK15E450,__init.stock_location_G
__init.stock_location_GK15F140,GK15F140,__init.stock_location_G
__init.stock_location_GK15F271,GK15F271,__init.stock_location_G
__init.stock_location_GK15F380,GK15F380,__init.stock_location_G
__init.stock_location_GK16A206,GK16A206,__init.stock_location_G
__init.stock_location_GK16A352,GK16A352,__init.stock_location_G
__init.stock_location_GK16B154,GK16B154,__init.stock_location_G
__init.stock_location_GK16B218,GK16B218,__init.stock_location_G
__init.stock_location_GK16C113,GK16C113,__init.stock_location_G
__init.stock_location_GK16C202,GK16C202,__init.stock_location_G
__init.stock_location_GK16C303,GK16C303,__init.stock_location_G
__init.stock_location_GK16C456,GK16C456,__init.stock_location_G
__init.stock_location_GK16C502,GK16C502,__init.stock_location_G
__init.stock_location_GK16D110,GK16D110,__init.stock_location_G
__init.stock_location_GK16D204,GK16D204,__init.stock_location_G
__init.stock_location_GK16D326,GK16D326,__init.stock_location_G
__init.stock_location_GK16D414,GK16D414,__init.stock_location_G
__init.stock_location_GK16E101,GK16E101,__init.stock_location_G
__init.stock_location_GK16E203,GK16E203,__init.stock_location_G
__init.stock_location_GK16E336,GK16E336,__init.stock_location_G
__init.stock_location_GK17A184,GK17A184,__init.stock_location_G
__init.stock_location_GK17B105,GK17B105,__init.stock_location_G
__init.stock_location_GK17B295,GK17B295,__init.stock_location_G
__init.stock_location_GK17B339,GK17B339,__init.stock_location_G
__init.stock_location_GK17B442,GK17B442,__init.stock_location_G
__init.stock_location_GK17C121,GK17C121,__init.stock_location_G
__init.stock_location_GK17C247,GK17C247,__init.stock_location_G
__init.stock_location_GK17C342,GK17C342,__init.stock_location_G
__init.stock_location_GK17D132,GK17D132,__init.stock_location_G
__init.stock_location_GK17D210,GK17D210,__init.stock_location_G
__init.stock_location_GK17D329,GK17D329,__init.stock_location_G
__init.stock_location_GK17E117,GK17E117,__init.stock_location_G
__init.stock_location_GK17E239,GK17E239,__init.stock_location_G
__init.stock_location_GK17F123,GK17F123,__init.stock_location_G
__init.stock_location_GK17F236,GK17F236,__init.stock_location_G
__init.stock_location_GK17F316,GK17F316,__init.stock_location_G
__init.stock_location_GK18A116,GK18A116,__init.stock_location_G
__init.stock_location_GK18A251,GK18A251,__init.stock_location_G
__init.stock_location_GK18A300,GK18A300,__init.stock_location_G
__init.stock_location_GK18A403,GK18A403,__init.stock_location_G
__init.stock_location_GK18B151,GK18B151,__init.stock_location_G
__init.stock_location_GK18B270,GK18B270,__init.stock_location_G
__init.stock_location_GK18B378,GK18B378,__init.stock_location_G
__init.stock_location_GK18C164,GK18C164,__init.stock_location_G
__init.stock_location_GK18C213,GK18C213,__init.stock_location_G
__init.stock_location_GK18C395,GK18C395,__init.stock_location_G
__init.stock_location_GK18C400,GK18C400,__init.stock_location_G
__init.stock_location_GK18D106,GK18D106,__init.stock_location_G
__init.stock_location_GK18D255,GK18D255,__init.stock_location_G
__init.stock_location_GK18D356,GK18D356,__init.stock_location_G
__init.stock_location_GK18E232,GK18E232,__init.stock_location_G
__init.stock_location_GK18E310,GK18E310,__init.stock_location_G
__init.stock_location_GK18F270,GK18F270,__init.stock_location_G
__init.stock_location_GK18F360,GK18F360,__init.stock_location_G
__init.stock_location_GL01A167,GL01A167,__init.stock_location_G
__init.stock_location_GL01A293,GL01A293,__init.stock_location_G
__init.stock_location_GL01A359,GL01A359,__init.stock_location_G
__init.stock_location_GL01A430,GL01A430,__init.stock_location_G
__init.stock_location_GL01A587,GL01A587,__init.stock_location_G
__init.stock_location_GL01A622,GL01A622,__init.stock_location_G
__init.stock_location_GL01B190,GL01B190,__init.stock_location_G
__init.stock_location_GL01B200,GL01B200,__init.stock_location_G
__init.stock_location_GL01B316,GL01B316,__init.stock_location_G
__init.stock_location_GL01B406,GL01B406,__init.stock_location_G
__init.stock_location_GL01B503,GL01B503,__init.stock_location_G
__init.stock_location_GL01B608,GL01B608,__init.stock_location_G
__init.stock_location_GL01C175,GL01C175,__init.stock_location_G
__init.stock_location_GL01C226,GL01C226,__init.stock_location_G
__init.stock_location_GL01C330,GL01C330,__init.stock_location_G
__init.stock_location_GL01C441,GL01C441,__init.stock_location_G
__init.stock_location_GL02A110,GL02A110,__init.stock_location_G
__init.stock_location_GL02A204,GL02A204,__init.stock_location_G
__init.stock_location_GL02A384,GL02A384,__init.stock_location_G
__init.stock_location_GL02A466,GL02A466,__init.stock_location_G
__init.stock_location_GL02A580,GL02A580,__init.stock_location_G
__init.stock_location_GL02A696,GL02A696,__init.stock_location_G
__init.stock_location_GL02A709,GL02A709,__init.stock_location_G
__init.stock_location_GL02B157,GL02B157,__init.stock_location_G
__init.stock_location_GL02B297,GL02B297,__init.stock_location_G
__init.stock_location_GL02B382,GL02B382,__init.stock_location_G
__init.stock_location_GL02B403,GL02B403,__init.stock_location_G
__init.stock_location_GL02B662,GL02B662,__init.stock_location_G
__init.stock_location_GL02B780,GL02B780,__init.stock_location_G
__init.stock_location_GL02B876,GL02B876,__init.stock_location_G
__init.stock_location_GL03A105,GL03A105,__init.stock_location_G
__init.stock_location_GL03A255,GL03A255,__init.stock_location_G
__init.stock_location_GL03A367,GL03A367,__init.stock_location_G
__init.stock_location_GL03A405,GL03A405,__init.stock_location_G
__init.stock_location_GL03A586,GL03A586,__init.stock_location_G
__init.stock_location_GL03B170,GL03B170,__init.stock_location_G
__init.stock_location_GL03B275,GL03B275,__init.stock_location_G
__init.stock_location_GL03B389,GL03B389,__init.stock_location_G
__init.stock_location_GL03B420,GL03B420,__init.stock_location_G
__init.stock_location_GL03B576,GL03B576,__init.stock_location_G
__init.stock_location_GL03B682,GL03B682,__init.stock_location_G
__init.stock_location_GL03C100,GL03C100,__init.stock_location_G
__init.stock_location_GL03C250,GL03C250,__init.stock_location_G
__init.stock_location_GL03C380,GL03C380,__init.stock_location_G
__init.stock_location_GL04A110,GL04A110,__init.stock_location_G
__init.stock_location_GL04A221,GL04A221,__init.stock_location_G
__init.stock_location_GL04A327,GL04A327,__init.stock_location_G
__init.stock_location_GL04A402,GL04A402,__init.stock_location_G
__init.stock_location_GL04A547,GL04A547,__init.stock_location_G
__init.stock_location_GL04B150,GL04B150,__init.stock_location_G
__init.stock_location_GL04B296,GL04B296,__init.stock_location_G
__init.stock_location_GL04B380,GL04B380,__init.stock_location_G
__init.stock_location_GL04B404,GL04B404,__init.stock_location_G
__init.stock_location_GL04B523,GL04B523,__init.stock_location_G
__init.stock_location_GL04B610,GL04B610,__init.stock_location_G
__init.stock_location_GL04B740,GL04B740,__init.stock_location_G
__init.stock_location_GL04B877,GL04B877,__init.stock_location_G
__init.stock_location_GL05A148,GL05A148,__init.stock_location_G
__init.stock_location_GL05A296,GL05A296,__init.stock_location_G
__init.stock_location_GL05A303,GL05A303,__init.stock_location_G
__init.stock_location_GL05A459,GL05A459,__init.stock_location_G
__init.stock_location_GL05A539,GL05A539,__init.stock_location_G
__init.stock_location_GL05B193,GL05B193,__init.stock_location_G
__init.stock_location_GL05B240,GL05B240,__init.stock_location_G
__init.stock_location_GL05B393,GL05B393,__init.stock_location_G
__init.stock_location_GL05B450,GL05B450,__init.stock_location_G
__init.stock_location_GL05B506,GL05B506,__init.stock_location_G
__init.stock_location_GL05B668,GL05B668,__init.stock_location_G
__init.stock_location_GL06A184,GL06A184,__init.stock_location_G
__init.stock_location_GL06A253,GL06A253,__init.stock_location_G
__init.stock_location_GL06A309,GL06A309,__init.stock_location_G
__init.stock_location_GL06A484,GL06A484,__init.stock_location_G
__init.stock_location_GL06A528,GL06A528,__init.stock_location_G
__init.stock_location_GL06B101,GL06B101,__init.stock_location_G
__init.stock_location_GL06B236,GL06B236,__init.stock_location_G
__init.stock_location_GL06B355,GL06B355,__init.stock_location_G
__init.stock_location_GL06B401,GL06B401,__init.stock_location_G
__init.stock_location_GL06B571,GL06B571,__init.stock_location_G
__init.stock_location_GL06B602,GL06B602,__init.stock_location_G
__init.stock_location_GL07A230,GL07A230,__init.stock_location_G
__init.stock_location_GL07A383,GL07A383,__init.stock_location_G
__init.stock_location_GL07A439,GL07A439,__init.stock_location_G
__init.stock_location_GL07B109,GL07B109,__init.stock_location_G
__init.stock_location_GL07B292,GL07B292,__init.stock_location_G
__init.stock_location_GL07B382,GL07B382,__init.stock_location_G
__init.stock_location_GL07B404,GL07B404,__init.stock_location_G
__init.stock_location_GL07B517,GL07B517,__init.stock_location_G
__init.stock_location_GL07B665,GL07B665,__init.stock_location_G
__init.stock_location_GL08A198,GL08A198,__init.stock_location_G
__init.stock_location_GL09A100,GL09A100,__init.stock_location_G
__init.stock_location_GL09A254,GL09A254,__init.stock_location_G
__init.stock_location_GL09A381,GL09A381,__init.stock_location_G
__init.stock_location_GL09B102,GL09B102,__init.stock_location_G
__init.stock_location_GL09B285,GL09B285,__init.stock_location_G
__init.stock_location_GL09B309,GL09B309,__init.stock_location_G
__init.stock_location_GL09B400,GL09B400,__init.stock_location_G
__init.stock_location_GL09B527,GL09B527,__init.stock_location_G
__init.stock_location_GL09B636,GL09B636,__init.stock_location_G
__init.stock_location_GL10A110,GL10A110,__init.stock_location_G
__init.stock_location_GL10A262,GL10A262,__init.stock_location_G
__init.stock_location_GL10A300,GL10A300,__init.stock_location_G
__init.stock_location_GL10A412,GL10A412,__init.stock_location_G
__init.stock_location_GL10B157,GL10B157,__init.stock_location_G
__init.stock_location_GL10B288,GL10B288,__init.stock_location_G
__init.stock_location_GL10B365,GL10B365,__init.stock_location_G
__init.stock_location_GL10B411,GL10B411,__init.stock_location_G
__init.stock_location_GL10B574,GL10B574,__init.stock_location_G
__init.stock_location_GL10B632,GL10B632,__init.stock_location_G
__init.stock_location_GL11A101,GL11A101,__init.stock_location_G
__init.stock_location_GL11A259,GL11A259,__init.stock_location_G
__init.stock_location_GL11A370,GL11A370,__init.stock_location_G
__init.stock_location_GL11A416,GL11A416,__init.stock_location_G
__init.stock_location_GL11B194,GL11B194,__init.stock_location_G
__init.stock_location_GL11B295,GL11B295,__init.stock_location_G
__init.stock_location_GL11B300,GL11B300,__init.stock_location_G
__init.stock_location_GL11B415,GL11B415,__init.stock_location_G
__init.stock_location_GL11B528,GL11B528,__init.stock_location_G
__init.stock_location_GL11B683,GL11B683,__init.stock_location_G
__init.stock_location_GL12B171,GL12B171,__init.stock_location_G
__init.stock_location_GL12B285,GL12B285,__init.stock_location_G
__init.stock_location_GL12B381,GL12B381,__init.stock_location_G
__init.stock_location_GL12B437,GL12B437,__init.stock_location_G
__init.stock_location_GL12B540,GL12B540,__init.stock_location_G
__init.stock_location_GL12B615,GL12B615,__init.stock_location_G
__init.stock_location_GL13B138,GL13B138,__init.stock_location_G
__init.stock_location_GL13B222,GL13B222,__init.stock_location_G
__init.stock_location_GL13B300,GL13B300,__init.stock_location_G
__init.stock_location_GL13B412,GL13B412,__init.stock_location_G
__init.stock_location_GL13B594,GL13B594,__init.stock_location_G
__init.stock_location_GL13B643,GL13B643,__init.stock_location_G
__init.stock_location_GL14B152,GL14B152,__init.stock_location_G
__init.stock_location_GL14B288,GL14B288,__init.stock_location_G
__init.stock_location_GL14B301,GL14B301,__init.stock_location_G
__init.stock_location_GL14B477,GL14B477,__init.stock_location_G
__init.stock_location_GL14B516,GL14B516,__init.stock_location_G
__init.stock_location_GL14B601,GL14B601,__init.stock_location_G
__init.stock_location_GL14B754,GL14B754,__init.stock_location_G
__init.stock_location_GL15B159,GL15B159,__init.stock_location_G
__init.stock_location_GL15B281,GL15B281,__init.stock_location_G
__init.stock_location_GL15B397,GL15B397,__init.stock_location_G
__init.stock_location_GL15B405,GL15B405,__init.stock_location_G
__init.stock_location_GL15B522,GL15B522,__init.stock_location_G
__init.stock_location_GL15B634,GL15B634,__init.stock_location_G
__init.stock_location_GL17B196,GL17B196,__init.stock_location_G
__init.stock_location_GL17B218,GL17B218,__init.stock_location_G
__init.stock_location_GL17B348,GL17B348,__init.stock_location_G
__init.stock_location_GL17B480,GL17B480,__init.stock_location_G
__init.stock_location_GL17B546,GL17B546,__init.stock_location_G
__init.stock_location_GL17B666,GL17B666,__init.stock_location_G
__init.stock_location_GLF70792,GLF70792,__init.stock_location_G
__init.stock_location_GMS60424,GMS60424,__init.stock_location_G
__init.stock_location_Q,Q,__init.stock_location_frigo
__init.stock_location_QAA21034,QAA21034,__init.stock_location_Q
__init.stock_location_QAA31090,QAA31090,__init.stock_location_Q
__init.stock_location_QAA32062,QAA32062,__init.stock_location_Q
__init.stock_location_QAA41002,QAA41002,__init.stock_location_Q
__init.stock_location_QAA42084,QAA42084,__init.stock_location_Q
__init.stock_location_QAB12057,QAB12057,__init.stock_location_Q
__init.stock_location_QAB15094,QAB15094,__init.stock_location_Q
__init.stock_location_QAB21076,QAB21076,__init.stock_location_Q
__init.stock_location_QAB31035,QAB31035,__init.stock_location_Q
__init.stock_location_QAB32062,QAB32062,__init.stock_location_Q
__init.stock_location_QAB41021,QAB41021,__init.stock_location_Q
__init.stock_location_QAC11038,QAC11038,__init.stock_location_Q
__init.stock_location_QAC21027,QAC21027,__init.stock_location_Q
__init.stock_location_QAC22074,QAC22074,__init.stock_location_Q
__init.stock_location_QAC31002,QAC31002,__init.stock_location_Q
__init.stock_location_QAC42033,QAC42033,__init.stock_location_Q
__init.stock_location_QAD21084,QAD21084,__init.stock_location_Q
__init.stock_location_QAD21559,QAD21559,__init.stock_location_Q
__init.stock_location_QAD31031,QAD31031,__init.stock_location_Q
__init.stock_location_QAD32025,QAD32025,__init.stock_location_Q
__init.stock_location_QAD41007,QAD41007,__init.stock_location_Q
__init.stock_location_QAE21049,QAE21049,__init.stock_location_Q
__init.stock_location_QAE31004,QAE31004,__init.stock_location_Q
__init.stock_location_QAE41032,QAE41032,__init.stock_location_Q
__init.stock_location_QAE42089,QAE42089,__init.stock_location_Q
__init.stock_location_QAF21010,QAF21010,__init.stock_location_Q
__init.stock_location_QAF22074,QAF22074,__init.stock_location_Q
__init.stock_location_QAF31028,QAF31028,__init.stock_location_Q
__init.stock_location_QAF32084,QAF32084,__init.stock_location_Q
__init.stock_location_QAF41028,QAF41028,__init.stock_location_Q
__init.stock_location_QAF42032,QAF42032,__init.stock_location_Q
__init.stock_location_QBA21094,QBA21094,__init.stock_location_Q
__init.stock_location_QBA21572,QBA21572,__init.stock_location_Q
__init.stock_location_QBA22064,QBA22064,__init.stock_location_Q
__init.stock_location_QBA32550,QBA32550,__init.stock_location_Q
__init.stock_location_QBA41073,QBA41073,__init.stock_location_Q
__init.stock_location_QBA42025,QBA42025,__init.stock_location_Q
__init.stock_location_QBB21040,QBB21040,__init.stock_location_Q
__init.stock_location_QBB21520,QBB21520,__init.stock_location_Q
__init.stock_location_QBB31082,QBB31082,__init.stock_location_Q
__init.stock_location_QBB32022,QBB32022,__init.stock_location_Q
__init.stock_location_QBB41501,QBB41501,__init.stock_location_Q
__init.stock_location_QBC21005,QBC21005,__init.stock_location_Q
__init.stock_location_QBC22050,QBC22050,__init.stock_location_Q
__init.stock_location_QBC31016,QBC31016,__init.stock_location_Q
__init.stock_location_QBC32098,QBC32098,__init.stock_location_Q
__init.stock_location_QBC41051,QBC41051,__init.stock_location_Q
__init.stock_location_QBC42027,QBC42027,__init.stock_location_Q
__init.stock_location_QBD21073,QBD21073,__init.stock_location_Q
__init.stock_location_QBD31066,QBD31066,__init.stock_location_Q
__init.stock_location_QBD32092,QBD32092,__init.stock_location_Q
__init.stock_location_QBD41055,QBD41055,__init.stock_location_Q
__init.stock_location_QBE21078,QBE21078,__init.stock_location_Q
__init.stock_location_QBE22032,QBE22032,__init.stock_location_Q
__init.stock_location_QBE31076,QBE31076,__init.stock_location_Q
__init.stock_location_QBE32066,QBE32066,__init.stock_location_Q
__init.stock_location_QBE41014,QBE41014,__init.stock_location_Q
__init.stock_location_QBE42085,QBE42085,__init.stock_location_Q
__init.stock_location_QBF21017,QBF21017,__init.stock_location_Q
__init.stock_location_QBF22009,QBF22009,__init.stock_location_Q
__init.stock_location_QBF31031,QBF31031,__init.stock_location_Q
__init.stock_location_QBF32002,QBF32002,__init.stock_location_Q
__init.stock_location_QBF41081,QBF41081,__init.stock_location_Q
__init.stock_location_QBF42067,QBF42067,__init.stock_location_Q
__init.stock_location_QCA21032,QCA21032,__init.stock_location_Q
__init.stock_location_QCA22097,QCA22097,__init.stock_location_Q
__init.stock_location_QCA31033,QCA31033,__init.stock_location_Q
__init.stock_location_QCA32041,QCA32041,__init.stock_location_Q
__init.stock_location_QCA41058,QCA41058,__init.stock_location_Q
__init.stock_location_QCB21014,QCB21014,__init.stock_location_Q
__init.stock_location_QCB22055,QCB22055,__init.stock_location_Q
__init.stock_location_QCB31094,QCB31094,__init.stock_location_Q
__init.stock_location_QCB32016,QCB32016,__init.stock_location_Q
__init.stock_location_QCB41081,QCB41081,__init.stock_location_Q
__init.stock_location_QCB42022,QCB42022,__init.stock_location_Q
__init.stock_location_QCC21066,QCC21066,__init.stock_location_Q
__init.stock_location_QCC22034,QCC22034,__init.stock_location_Q
__init.stock_location_QCC31019,QCC31019,__init.stock_location_Q
__init.stock_location_QCC32053,QCC32053,__init.stock_location_Q
__init.stock_location_QCC41036,QCC41036,__init.stock_location_Q
__init.stock_location_QCC42058,QCC42058,__init.stock_location_Q
__init.stock_location_QCD11089,QCD11089,__init.stock_location_Q
__init.stock_location_QCD12043,QCD12043,__init.stock_location_Q
__init.stock_location_QCD21063,QCD21063,__init.stock_location_Q
__init.stock_location_QCD22088,QCD22088,__init.stock_location_Q
__init.stock_location_QCD31065,QCD31065,__init.stock_location_Q
__init.stock_location_QCD32074,QCD32074,__init.stock_location_Q
__init.stock_location_QCD41031,QCD41031,__init.stock_location_Q
__init.stock_location_QCD42073,QCD42073,__init.stock_location_Q
__init.stock_location_QCE11071,QCE11071,__init.stock_location_Q
__init.stock_location_QCE21020,QCE21020,__init.stock_location_Q
__init.stock_location_QCE22004,QCE22004,__init.stock_location_Q
__init.stock_location_QCE31092,QCE31092,__init.stock_location_Q
__init.stock_location_QCE32056,QCE32056,__init.stock_location_Q
__init.stock_location_QCE41014,QCE41014,__init.stock_location_Q
__init.stock_location_QCE42060,QCE42060,__init.stock_location_Q
__init.stock_location_QCF11097,QCF11097,__init.stock_location_Q
__init.stock_location_QCF21017,QCF21017,__init.stock_location_Q
__init.stock_location_QCF21523,QCF21523,__init.stock_location_Q
__init.stock_location_QCF22050,QCF22050,__init.stock_location_Q
__init.stock_location_QCF31089,QCF31089,__init.stock_location_Q
__init.stock_location_QCF32094,QCF32094,__init.stock_location_Q
__init.stock_location_QCF41063,QCF41063,__init.stock_location_Q
__init.stock_location_QCF42015,QCF42015,__init.stock_location_Q
__init.stock_location_QDA21039,QDA21039,__init.stock_location_Q
__init.stock_location_QDA22007,QDA22007,__init.stock_location_Q
__init.stock_location_QDA31094,QDA31094,__init.stock_location_Q
__init.stock_location_QDA32033,QDA32033,__init.stock_location_Q
__init.stock_location_QDA41014,QDA41014,__init.stock_location_Q
__init.stock_location_QDA41558,QDA41558,__init.stock_location_Q
__init.stock_location_QDA42066,QDA42066,__init.stock_location_Q
__init.stock_location_QDB21032,QDB21032,__init.stock_location_Q
__init.stock_location_QDB22019,QDB22019,__init.stock_location_Q
__init.stock_location_QDB31012,QDB31012,__init.stock_location_Q
__init.stock_location_QDB32026,QDB32026,__init.stock_location_Q
__init.stock_location_QDB41085,QDB41085,__init.stock_location_Q
__init.stock_location_QDB41575,QDB41575,__init.stock_location_Q
__init.stock_location_QDB42055,QDB42055,__init.stock_location_Q
__init.stock_location_QDC21065,QDC21065,__init.stock_location_Q
__init.stock_location_QDC23019,QDC23019,__init.stock_location_Q
__init.stock_location_QDC31063,QDC31063,__init.stock_location_Q
__init.stock_location_QDC32077,QDC32077,__init.stock_location_Q
__init.stock_location_QDC41014,QDC41014,__init.stock_location_Q
__init.stock_location_QDC42061,QDC42061,__init.stock_location_Q
__init.stock_location_QDD11075,QDD11075,__init.stock_location_Q
__init.stock_location_QDD12045,QDD12045,__init.stock_location_Q
__init.stock_location_QDD13041,QDD13041,__init.stock_location_Q
__init.stock_location_QDD21032,QDD21032,__init.stock_location_Q
__init.stock_location_QDD22080,QDD22080,__init.stock_location_Q
__init.stock_location_QDD23015,QDD23015,__init.stock_location_Q
__init.stock_location_QDD31006,QDD31006,__init.stock_location_Q
__init.stock_location_QDD32017,QDD32017,__init.stock_location_Q
__init.stock_location_QDD42075,QDD42075,__init.stock_location_Q
__init.stock_location_QDD43026,QDD43026,__init.stock_location_Q
__init.stock_location_QDD51076,QDD51076,__init.stock_location_Q
__init.stock_location_QDD52067,QDD52067,__init.stock_location_Q
__init.stock_location_QDD53092,QDD53092,__init.stock_location_Q
__init.stock_location_QDE12082,QDE12082,__init.stock_location_Q
__init.stock_location_QDE21080,QDE21080,__init.stock_location_Q
__init.stock_location_QDE22066,QDE22066,__init.stock_location_Q
__init.stock_location_QDE23058,QDE23058,__init.stock_location_Q
__init.stock_location_QDE31013,QDE31013,__init.stock_location_Q
__init.stock_location_QDE32041,QDE32041,__init.stock_location_Q
__init.stock_location_QDE33052,QDE33052,__init.stock_location_Q
__init.stock_location_QDE41015,QDE41015,__init.stock_location_Q
__init.stock_location_QDE43034,QDE43034,__init.stock_location_Q
__init.stock_location_QDF11038,QDF11038,__init.stock_location_Q
__init.stock_location_QDF12099,QDF12099,__init.stock_location_Q
__init.stock_location_QDF13052,QDF13052,__init.stock_location_Q
__init.stock_location_QDF21008,QDF21008,__init.stock_location_Q
__init.stock_location_QDF22052,QDF22052,__init.stock_location_Q
__init.stock_location_QDF23029,QDF23029,__init.stock_location_Q
__init.stock_location_QDF31074,QDF31074,__init.stock_location_Q
__init.stock_location_QDF32050,QDF32050,__init.stock_location_Q
__init.stock_location_QDF41038,QDF41038,__init.stock_location_Q
__init.stock_location_QDF43092,QDF43092,__init.stock_location_Q
__init.stock_location_QDF51037,QDF51037,__init.stock_location_Q
__init.stock_location_QDF53059,QDF53059,__init.stock_location_Q
__init.stock_location_QEA11579,QEA11579,__init.stock_location_Q
__init.stock_location_QEA21009,QEA21009,__init.stock_location_Q
__init.stock_location_QEA22049,QEA22049,__init.stock_location_Q
__init.stock_location_QEA31017,QEA31017,__init.stock_location_Q
__init.stock_location_QEA32006,QEA32006,__init.stock_location_Q
__init.stock_location_QEA41007,QEA41007,__init.stock_location_Q
__init.stock_location_QEA41534,QEA41534,__init.stock_location_Q
__init.stock_location_QEA42039,QEA42039,__init.stock_location_Q
__init.stock_location_QEB11033,QEB11033,__init.stock_location_Q
__init.stock_location_QEB12097,QEB12097,__init.stock_location_Q
__init.stock_location_QEB13010,QEB13010,__init.stock_location_Q
__init.stock_location_QEB22089,QEB22089,__init.stock_location_Q
__init.stock_location_QEB23057,QEB23057,__init.stock_location_Q
__init.stock_location_QEB31018,QEB31018,__init.stock_location_Q
__init.stock_location_QEB33069,QEB33069,__init.stock_location_Q
__init.stock_location_QEB41027,QEB41027,__init.stock_location_Q
__init.stock_location_QEB41514,QEB41514,__init.stock_location_Q
__init.stock_location_QEB43082,QEB43082,__init.stock_location_Q
__init.stock_location_QEC11016,QEC11016,__init.stock_location_Q
__init.stock_location_QEC13066,QEC13066,__init.stock_location_Q
__init.stock_location_QEC21041,QEC21041,__init.stock_location_Q
__init.stock_location_QEC22067,QEC22067,__init.stock_location_Q
__init.stock_location_QEC23002,QEC23002,__init.stock_location_Q
__init.stock_location_QEC31000,QEC31000,__init.stock_location_Q
__init.stock_location_QEC32073,QEC32073,__init.stock_location_Q
__init.stock_location_QEC33057,QEC33057,__init.stock_location_Q
__init.stock_location_QEC41067,QEC41067,__init.stock_location_Q
__init.stock_location_QEC42068,QEC42068,__init.stock_location_Q
__init.stock_location_QEC43067,QEC43067,__init.stock_location_Q
__init.stock_location_QED11033,QED11033,__init.stock_location_Q
__init.stock_location_QED11581,QED11581,__init.stock_location_Q
__init.stock_location_QED21031,QED21031,__init.stock_location_Q
__init.stock_location_QED21527,QED21527,__init.stock_location_Q
__init.stock_location_QED22021,QED22021,__init.stock_location_Q
__init.stock_location_QED31096,QED31096,__init.stock_location_Q
__init.stock_location_QED31523,QED31523,__init.stock_location_Q
__init.stock_location_QED32094,QED32094,__init.stock_location_Q
__init.stock_location_QED41012,QED41012,__init.stock_location_Q
__init.stock_location_QED41574,QED41574,__init.stock_location_Q
__init.stock_location_QEE11048,QEE11048,__init.stock_location_Q
__init.stock_location_QEE13014,QEE13014,__init.stock_location_Q
__init.stock_location_QEE21065,QEE21065,__init.stock_location_Q
__init.stock_location_QEE22024,QEE22024,__init.stock_location_Q
__init.stock_location_QEE23010,QEE23010,__init.stock_location_Q
__init.stock_location_QEE31001,QEE31001,__init.stock_location_Q
__init.stock_location_QEE33092,QEE33092,__init.stock_location_Q
__init.stock_location_QEF11057,QEF11057,__init.stock_location_Q
__init.stock_location_QEF13021,QEF13021,__init.stock_location_Q
__init.stock_location_QEF22010,QEF22010,__init.stock_location_Q
__init.stock_location_QEF23008,QEF23008,__init.stock_location_Q
__init.stock_location_QEF31012,QEF31012,__init.stock_location_Q
__init.stock_location_QEF33098,QEF33098,__init.stock_location_Q
__init.stock_location_QEF41079,QEF41079,__init.stock_location_Q
__init.stock_location_QEF42074,QEF42074,__init.stock_location_Q
__init.stock_location_QFA11036,QFA11036,__init.stock_location_Q
__init.stock_location_QFA21065,QFA21065,__init.stock_location_Q
__init.stock_location_QFA23016,QFA23016,__init.stock_location_Q
__init.stock_location_QFA31085,QFA31085,__init.stock_location_Q
__init.stock_location_QFA32020,QFA32020,__init.stock_location_Q
__init.stock_location_QFA33018,QFA33018,__init.stock_location_Q
__init.stock_location_QFA41052,QFA41052,__init.stock_location_Q
__init.stock_location_QFA42012,QFA42012,__init.stock_location_Q
__init.stock_location_QFA43032,QFA43032,__init.stock_location_Q
__init.stock_location_QFB11034,QFB11034,__init.stock_location_Q
__init.stock_location_QFB21081,QFB21081,__init.stock_location_Q
__init.stock_location_QFB21554,QFB21554,__init.stock_location_Q
__init.stock_location_QFB22038,QFB22038,__init.stock_location_Q
__init.stock_location_QFB23098,QFB23098,__init.stock_location_Q
__init.stock_location_QFB31023,QFB31023,__init.stock_location_Q
__init.stock_location_QFB32054,QFB32054,__init.stock_location_Q
__init.stock_location_QFB33056,QFB33056,__init.stock_location_Q
__init.stock_location_QFB41500,QFB41500,__init.stock_location_Q
__init.stock_location_QFB42023,QFB42023,__init.stock_location_Q
__init.stock_location_QFC10502,QFC10502,__init.stock_location_Q
__init.stock_location_QFC12028,QFC12028,__init.stock_location_Q
__init.stock_location_QFC21078,QFC21078,__init.stock_location_Q
__init.stock_location_QFC31015,QFC31015,__init.stock_location_Q
__init.stock_location_QFC32090,QFC32090,__init.stock_location_Q
__init.stock_location_QFC41029,QFC41029,__init.stock_location_Q
__init.stock_location_QFC42036,QFC42036,__init.stock_location_Q
__init.stock_location_QFC44001,QFC44001,__init.stock_location_Q
__init.stock_location_QFD11027,QFD11027,__init.stock_location_Q
__init.stock_location_QFD21022,QFD21022,__init.stock_location_Q
__init.stock_location_QFD21576,QFD21576,__init.stock_location_Q
__init.stock_location_QFD22001,QFD22001,__init.stock_location_Q
__init.stock_location_QFD31029,QFD31029,__init.stock_location_Q
__init.stock_location_QFD31582,QFD31582,__init.stock_location_Q
__init.stock_location_QFD32049,QFD32049,__init.stock_location_Q
__init.stock_location_QFD33013,QFD33013,__init.stock_location_Q
__init.stock_location_QFD34080,QFD34080,__init.stock_location_Q
__init.stock_location_QFD35045,QFD35045,__init.stock_location_Q
__init.stock_location_QFD41074,QFD41074,__init.stock_location_Q
__init.stock_location_QFD42049,QFD42049,__init.stock_location_Q
__init.stock_location_QFD42599,QFD42599,__init.stock_location_Q
__init.stock_location_QFD43079,QFD43079,__init.stock_location_Q
__init.stock_location_QFE11079,QFE11079,__init.stock_location_Q
__init.stock_location_QFE21002,QFE21002,__init.stock_location_Q
__init.stock_location_QFE22033,QFE22033,__init.stock_location_Q
__init.stock_location_QFE23050,QFE23050,__init.stock_location_Q
__init.stock_location_QFE31014,QFE31014,__init.stock_location_Q
__init.stock_location_QFE32079,QFE32079,__init.stock_location_Q
__init.stock_location_QFE33011,QFE33011,__init.stock_location_Q
__init.stock_location_QFE34096,QFE34096,__init.stock_location_Q
__init.stock_location_QFE41040,QFE41040,__init.stock_location_Q
__init.stock_location_QFE42043,QFE42043,__init.stock_location_Q
__init.stock_location_QFE43037,QFE43037,__init.stock_location_Q
__init.stock_location_QFE45011,QFE45011,__init.stock_location_Q
__init.stock_location_QFE46085,QFE46085,__init.stock_location_Q
__init.stock_location_QJA11537,QJA11537,__init.stock_location_Q
__init.stock_location_QJA12508,QJA12508,__init.stock_location_Q
__init.stock_location_QJA13016,QJA13016,__init.stock_location_Q
__init.stock_location_QJA21023,QJA21023,__init.stock_location_Q
__init.stock_location_QJA22027,QJA22027,__init.stock_location_Q
__init.stock_location_QJA22534,QJA22534,__init.stock_location_Q
__init.stock_location_QJA23007,QJA23007,__init.stock_location_Q
__init.stock_location_QJA23565,QJA23565,__init.stock_location_Q
__init.stock_location_QKA11043,QKA11043,__init.stock_location_Q
__init.stock_location_QKA12063,QKA12063,__init.stock_location_Q
__init.stock_location_QKA13031,QKA13031,__init.stock_location_Q
__init.stock_location_QKA13564,QKA13564,__init.stock_location_Q
__init.stock_location_QKA21015,QKA21015,__init.stock_location_Q
__init.stock_location_QKA21563,QKA21563,__init.stock_location_Q
__init.stock_location_QKA22078,QKA22078,__init.stock_location_Q
__init.stock_location_QKA23086,QKA23086,__init.stock_location_Q
__init.stock_location_QKA23509,QKA23509,__init.stock_location_Q
__init.stock_location_QLA11005,QLA11005,__init.stock_location_Q
__init.stock_location_QLA11520,QLA11520,__init.stock_location_Q
__init.stock_location_QLA12091,QLA12091,__init.stock_location_Q
__init.stock_location_QLA12578,QLA12578,__init.stock_location_Q
__init.stock_location_QLA13060,QLA13060,__init.stock_location_Q
__init.stock_location_QLA21008,QLA21008,__init.stock_location_Q
__init.stock_location_QLA21507,QLA21507,__init.stock_location_Q
__init.stock_location_QLA22061,QLA22061,__init.stock_location_Q
__init.stock_location_QLA22519,QLA22519,__init.stock_location_Q
__init.stock_location_QLA23002,QLA23002,__init.stock_location_Q
__init.stock_location_QLA23565,QLA23565,__init.stock_location_Q
__init.stock_location_QMA11028,QMA11028,__init.stock_location_Q
__init.stock_location_QMA12019,QMA12019,__init.stock_location_Q
__init.stock_location_QMA12565,QMA12565,__init.stock_location_Q
__init.stock_location_QMA13014,QMA13014,__init.stock_location_Q
__init.stock_location_QMA14060,QMA14060,__init.stock_location_Q
__init.stock_location_QMA21029,QMA21029,__init.stock_location_Q
__init.stock_location_QMA21570,QMA21570,__init.stock_location_Q
__init.stock_location_QMA22029,QMA22029,__init.stock_location_Q
__init.stock_location_QMA22533,QMA22533,__init.stock_location_Q
__init.stock_location_QMA23058,QMA23058,__init.stock_location_Q
__init.stock_location_QMA23511,QMA23511,__init.stock_location_Q
__init.stock_location_QNA11019,QNA11019,__init.stock_location_Q
__init.stock_location_QNA11533,QNA11533,__init.stock_location_Q
__init.stock_location_QNA12012,QNA12012,__init.stock_location_Q
__init.stock_location_QNA13057,QNA13057,__init.stock_location_Q
__init.stock_location_QNA21043,QNA21043,__init.stock_location_Q
__init.stock_location_QNA22036,QNA22036,__init.stock_location_Q
__init.stock_location_QNA22537,QNA22537,__init.stock_location_Q
__init.stock_location_QNA23043,QNA23043,__init.stock_location_Q
__init.stock_location_QZZ00448,QZZ00448,__init.stock_location_Q
__init.stock_location_QZZ06004,QZZ06004,__init.stock_location_Q
__init.stock_location_QZZ44242,QZZ44242,__init.stock_location_Q
__init.stock_location_QZZ82020,QZZ82020,__init.stock_location_Q
__init.stock_location_A,A,__init.stock_location_ali
__init.stock_location_AF06C500,AF06C500,__init.stock_location_A
__init.stock_location_AHO1A420,AHO1A420,__init.stock_location_A
__init.stock_location_AI12A530,AI12A530,__init.stock_location_A
__init.stock_location_AL08A260,AL08A260,__init.stock_location_A
__init.stock_location_AK02C170,AK02C170,__init.stock_location_A
__init.stock_location_AI07A280,AI07A280,__init.stock_location_A
__init.stock_location_AI07A280,AI07A280,__init.stock_location_A
__init.stock_location_AK06C720,AK06C720,__init.stock_location_A
__init.stock_location_AG10A630,AG10A630,__init.stock_location_A
__init.stock_location_AG10A630,AG10A630,__init.stock_location_A
__init.stock_location_AN05A180,AN05A180,__init.stock_location_A
__init.stock_location_AI12A602,AI12A602,__init.stock_location_A
__init.stock_location_AH07A152,AH07A152,__init.stock_location_A
__init.stock_location_AH07A152,AH07A152,__init.stock_location_A
__init.stock_location_AI13A159,AI13A159,__init.stock_location_A
__init.stock_location_AF10A562,AF10A562,__init.stock_location_A
__init.stock_location_AH04A372,AH04A372,__init.stock_location_A
__init.stock_location_AM06A586,AM06A586,__init.stock_location_A
__init.stock_location_AF02B702,AF02B702,__init.stock_location_A
__init.stock_location_AH07B310,AH07B310,__init.stock_location_A
__init.stock_location_AD11B240,AD11B240,__init.stock_location_A
__init.stock_location_AL05A283,AL05A283,__init.stock_location_A
__init.stock_location_AN03C685,AN03C685,__init.stock_location_A
__init.stock_location_AK04B888,AK04B888,__init.stock_location_A
__init.stock_location_AK04B888,AK04B888,__init.stock_location_A
__init.stock_location_AK04B591,AK04B591,__init.stock_location_A
__init.stock_location_AKO6B092,AKO6B092,__init.stock_location_A
__init.stock_location_AK05C393,AK05C393,__init.stock_location_A
__init.stock_location_AG03B294,AG03B294,__init.stock_location_A
__init.stock_location_AK06B395,AK06B395,__init.stock_location_A
__init.stock_location_AM07A504,AM07A504,__init.stock_location_A
__init.stock_location_AM08D107,AM08D107,__init.stock_location_A
__init.stock_location_AL07A109,AL07A109,__init.stock_location_A
__init.stock_location_AK03C982,AK03C982,__init.stock_location_A
__init.stock_location_AK01C583,AK01C583,__init.stock_location_A
__init.stock_location_AK01B584,AK01B584,__init.stock_location_A
__init.stock_location_AH06B485,AH06B485,__init.stock_location_A
__init.stock_location_AI17C468,AI17C468,__init.stock_location_A
__init.stock_location_AF07B176,AF07B176,__init.stock_location_A
__init.stock_location_AG08C884,AG08C884,__init.stock_location_A
__init.stock_location_AI13C892,AI13C892,__init.stock_location_A
__init.stock_location_AH02B618,AH02B618,__init.stock_location_A
__init.stock_location_AK05B931,AK05B931,__init.stock_location_A
__init.stock_location_AK05B732,AK05B732,__init.stock_location_A
__init.stock_location_AF04A633,AF04A633,__init.stock_location_A
__init.stock_location_AL07B341,AL07B341,__init.stock_location_A
__init.stock_location_AK03B242,AK03B242,__init.stock_location_A
__init.stock_location_AH01B443,AH01B443,__init.stock_location_A
__init.stock_location_AL07C263,AL07C263,__init.stock_location_A
__init.stock_location_AK06C269,AK06C269,__init.stock_location_A
__init.stock_location_AI15B721,AI15B721,__init.stock_location_A
__init.stock_location_AG05B222,AG05B222,__init.stock_location_A
__init.stock_location_AF08A324,AF08A324,__init.stock_location_A
__init.stock_location_AH04A725,AH04A725,__init.stock_location_A
__init.stock_location_AD03B302,AD03B302,__init.stock_location_A
__init.stock_location_AC13A404,AC13A404,__init.stock_location_A
__init.stock_location_AC14A408,AC14A408,__init.stock_location_A
__init.stock_location_AM08B531,AM08B531,__init.stock_location_A
__init.stock_location_AH07B503,AH07B503,__init.stock_location_A
__init.stock_location_AG09A105,AG09A105,__init.stock_location_A
__init.stock_location_AG09A308,AG09A308,__init.stock_location_A
__init.stock_location_AH07A563,AH07A563,__init.stock_location_A
__init.stock_location_AF02A605,AF02A605,__init.stock_location_A
__init.stock_location_AE08A114,AE08A114,__init.stock_location_A
__init.stock_location_AI09A704,AI09A704,__init.stock_location_A
__init.stock_location_AH01A110,AH01A110,__init.stock_location_A
__init.stock_location_AC08A115,AC08A115,__init.stock_location_A
__init.stock_location_AI17A104,AI17A104,__init.stock_location_A
__init.stock_location_AM06A110,AM06A110,__init.stock_location_A
__init.stock_location_AN01A315,AN01A315,__init.stock_location_A
__init.stock_location_AG08A512,AG08A512,__init.stock_location_A
__init.stock_location_AK06A163,AK06A163,__init.stock_location_A
__init.stock_location_AI15A405,AI15A405,__init.stock_location_A
__init.stock_location_AH08A114,AH08A114,__init.stock_location_A
__init.stock_location_AM08A152,AM08A152,__init.stock_location_A
__init.stock_location_AH04A553,AH04A553,__init.stock_location_A
__init.stock_location_AM06C504,AM06C504,__init.stock_location_A
__init.stock_location_AM06A310,AM06A310,__init.stock_location_A
__init.stock_location_AA07A115,AA07A115,__init.stock_location_A
__init.stock_location_AA07A115,AA07A115,__init.stock_location_A
__init.stock_location_AL05A610,AL05A610,__init.stock_location_A
__init.stock_location_AH09A115,AH09A115,__init.stock_location_A
__init.stock_location_AG07A172,AG07A172,__init.stock_location_A
__init.stock_location_AN03A491,AN03A491,__init.stock_location_A
__init.stock_location_AM04C704,AM04C704,__init.stock_location_A
__init.stock_location_AH05A315,AH05A315,__init.stock_location_A
__init.stock_location_AK03A191,AK03A191,__init.stock_location_A
__init.stock_location_AM06C904,AM06C904,__init.stock_location_A
__init.stock_location_AI03A215,AI03A215,__init.stock_location_A
__init.stock_location_AF02A104,AF02A104,__init.stock_location_A
__init.stock_location_AI08A315,AI08A315,__init.stock_location_A
__init.stock_location_AI12A321,AI12A321,__init.stock_location_A
__init.stock_location_AM04B942,AM04B942,__init.stock_location_A
__init.stock_location_AK04C149,AK04C149,__init.stock_location_A
__init.stock_location_AM06C354,AM06C354,__init.stock_location_A
__init.stock_location_AM06C160,AM06C160,__init.stock_location_A
__init.stock_location_AK03C564,AK03C564,__init.stock_location_A
__init.stock_location_AF07A272,AF07A272,__init.stock_location_A
__init.stock_location_AF06A676,AF06A676,__init.stock_location_A
__init.stock_location_AG08A391,AG08A391,__init.stock_location_A
__init.stock_location_AG10A497,AG10A497,__init.stock_location_A
__init.stock_location_AM06B203,AM06B203,__init.stock_location_A
__init.stock_location_AH06B202,AH06B202,__init.stock_location_A
__init.stock_location_AG10A107,AG10A107,__init.stock_location_A
__init.stock_location_AI13C362,AI13C362,__init.stock_location_A
__init.stock_location_AK01A573,AK01A573,__init.stock_location_A
__init.stock_location_AH06A182,AH06A182,__init.stock_location_A
__init.stock_location_AM07A391,AM07A391,__init.stock_location_A
__init.stock_location_AH02A192,AH02A192,__init.stock_location_A
__init.stock_location_AM04B099,AM04B099,__init.stock_location_A
__init.stock_location_AG06C503,AG06C503,__init.stock_location_A
__init.stock_location_AH07A305,AH07A305,__init.stock_location_A
__init.stock_location_AI05B112,AI05B112,__init.stock_location_A
__init.stock_location_AL07C413,AL07C413,__init.stock_location_A
__init.stock_location_AG04A314,AG04A314,__init.stock_location_A
__init.stock_location_AM04C303,AM04C303,__init.stock_location_A
__init.stock_location_AM04C022,AM04C022,__init.stock_location_A
__init.stock_location_AH06A323,AH06A323,__init.stock_location_A
__init.stock_location_AM07C533,AM07C533,__init.stock_location_A
__init.stock_location_AM04B135,AM04B135,__init.stock_location_A
__init.stock_location_AK04C743,AK04C743,__init.stock_location_A
__init.stock_location_AK01A355,AK01A355,__init.stock_location_A
__init.stock_location_AH05A162,AH05A162,__init.stock_location_A
__init.stock_location_AM06B571,AM06B571,__init.stock_location_A
__init.stock_location_AI13A382,AI13A382,__init.stock_location_A
__init.stock_location_AK03A492,AK03A492,__init.stock_location_A
__init.stock_location_AL05A402,AL05A402,__init.stock_location_A
__init.stock_location_AM06C722,AM06C722,__init.stock_location_A
__init.stock_location_AF04A553,AF04A553,__init.stock_location_A
__init.stock_location_AF04A553,AF04A553,__init.stock_location_A
__init.stock_location_AI11A282,AI11A282,__init.stock_location_A
__init.stock_location_AI11A282,AI11A282,__init.stock_location_A
__init.stock_location_AN03B386,AN03B386,__init.stock_location_A
__init.stock_location_AN03B386,AN03B386,__init.stock_location_A
__init.stock_location_AM04C802,AM04C802,__init.stock_location_A
__init.stock_location_AI17C904,AI17C904,__init.stock_location_A
__init.stock_location_AK06C016,AK06C016,__init.stock_location_A
__init.stock_location_AK05A417,AK05A417,__init.stock_location_A
__init.stock_location_AL08B132,AL08B132,__init.stock_location_A
__init.stock_location_AL08B334,AL08B334,__init.stock_location_A
__init.stock_location_AL08D262,AL08D262,__init.stock_location_A
__init.stock_location_AL08A564,AL08A564,__init.stock_location_A
__init.stock_location_AM04A870,AM04A870,__init.stock_location_A
__init.stock_location_AK01C282,AK01C282,__init.stock_location_A
__init.stock_location_AF04A384,AF04A384,__init.stock_location_A
__init.stock_location_AH05A590,AH05A590,__init.stock_location_A
__init.stock_location_AM05C502,AM05C502,__init.stock_location_A
__init.stock_location_AN05C503,AN05C503,__init.stock_location_A
__init.stock_location_AL08C422,AL08C422,__init.stock_location_A
__init.stock_location_AK03C323,AK03C323,__init.stock_location_A
__init.stock_location_AN05A424,AN05A424,__init.stock_location_A
__init.stock_location_AM07D504,AM07D504,__init.stock_location_A
__init.stock_location_AK06A610,AK06A610,__init.stock_location_A
__init.stock_location_AG08A110,AG08A110,__init.stock_location_A
__init.stock_location_AF05B406,AF05B406,__init.stock_location_A
__init.stock_location_AM04B200,AM04B200,__init.stock_location_A
__init.stock_location_AK03C038,AK03C038,__init.stock_location_A
__init.stock_location_AM06A446,AM06A446,__init.stock_location_A
__init.stock_location_AK03B803,AK03B803,__init.stock_location_A
__init.stock_location_AI15B545,AI15B545,__init.stock_location_A
__init.stock_location_AI17B587,AI17B587,__init.stock_location_A
__init.stock_location_AK04B300,AK04B300,__init.stock_location_A
__init.stock_location_AM06A686,AM06A686,__init.stock_location_A
__init.stock_location_AI15A587,AI15A587,__init.stock_location_A
__init.stock_location_AK06A388,AK06A388,__init.stock_location_A
__init.stock_location_AK04A589,AK04A589,__init.stock_location_A
__init.stock_location_AK01A690,AK01A690,__init.stock_location_A
__init.stock_location_AK06B892,AK06B892,__init.stock_location_A
__init.stock_location_AH03A232,AH03A232,__init.stock_location_A
__init.stock_location_AI15C893,AI15C893,__init.stock_location_A
__init.stock_location_AH05B100,AH05B100,__init.stock_location_A
__init.stock_location_AN05A565,AN05A565,__init.stock_location_A
__init.stock_location_AG04A281,AG04A281,__init.stock_location_A
__init.stock_location_AH02A315,AH02A315,__init.stock_location_A
__init.stock_location_AD16B331,AD16B331,__init.stock_location_A
__init.stock_location_AI11A456,AI11A456,__init.stock_location_A
__init.stock_location_AE05A348,AE05A348,__init.stock_location_A
__init.stock_location_AH04A289,AH04A289,__init.stock_location_A
__init.stock_location_AL07A439,AL07A439,__init.stock_location_A
__init.stock_location_AE09A354,AE09A354,__init.stock_location_A
__init.stock_location_AG09A488,AG09A488,__init.stock_location_A
__init.stock_location_AM04A212,AM04A212,__init.stock_location_A
__init.stock_location_AF07B752,AF07B752,__init.stock_location_A
__init.stock_location_AI13B394,AI13B394,__init.stock_location_A
__init.stock_location_AL03B342,AL03B342,__init.stock_location_A
__init.stock_location_AF06C353,AF06C353,__init.stock_location_A
__init.stock_location_AI07B361,AI07B361,__init.stock_location_A
__init.stock_location_AH03A245,AH03A245,__init.stock_location_A
__init.stock_location_AM06B328,AM06B328,__init.stock_location_A
__init.stock_location_AI13C608,AI13C608,__init.stock_location_A
__init.stock_location_AK06C316,AK06C316,__init.stock_location_A
__init.stock_location_AK06C924,AK06C924,__init.stock_location_A
__init.stock_location_AG06C283,AG06C283,__init.stock_location_A
__init.stock_location_AK01C779,AK01C779,__init.stock_location_A
__init.stock_location_AG06B497,AG06B497,__init.stock_location_A
__init.stock_location_AGO1A253,AGO1A253,__init.stock_location_A
__init.stock_location_AI08A287,AI08A287,__init.stock_location_A
__init.stock_location_AD10A195,AD10A195,__init.stock_location_A
__init.stock_location_AD18B329,AD18B329,__init.stock_location_A
__init.stock_location_AE05B637,AE05B637,__init.stock_location_A
__init.stock_location_AF10A131,AF10A131,__init.stock_location_A
__init.stock_location_AM06A749,AM06A749,__init.stock_location_A
__init.stock_location_AE09A172,AE09A172,__init.stock_location_A
__init.stock_location_AD04B380,AD04B380,__init.stock_location_A
__init.stock_location_AF08B420,AF08B420,__init.stock_location_A
__init.stock_location_AK06C572,AK06C572,__init.stock_location_A
__init.stock_location_AL07D180,AL07D180,__init.stock_location_A
__init.stock_location_AF03B606,AF03B606,__init.stock_location_A
__init.stock_location_AF02C309,AF02C309,__init.stock_location_A
__init.stock_location_AD05A485,AD05A485,__init.stock_location_A
__init.stock_location_AL07D503,AL07D503,__init.stock_location_A
__init.stock_location_AG10C402,AG10C402,__init.stock_location_A
__init.stock_location_AK01B808,AK01B808,__init.stock_location_A
__init.stock_location_AI10B209,AI10B209,__init.stock_location_A
__init.stock_location_AI12B207,AI12B207,__init.stock_location_A
__init.stock_location_AE07B305,AE07B305,__init.stock_location_A
__init.stock_location_AF08A278,AF08A278,__init.stock_location_A
__init.stock_location_AI07A302,AI07A302,__init.stock_location_A
__init.stock_location_AH01A510,AH01A510,__init.stock_location_A
__init.stock_location_AH07A251,AH07A251,__init.stock_location_A
__init.stock_location_AI17B469,AI17B469,__init.stock_location_A
__init.stock_location_AI07A177,AI07A177,__init.stock_location_A
__init.stock_location_AK05C593,AK05C593,__init.stock_location_A
__init.stock_location_AD03B619,AD03B619,__init.stock_location_A
__init.stock_location_AG09A227,AG09A227,__init.stock_location_A
__init.stock_location_AI01A135,AI01A135,__init.stock_location_A
__init.stock_location_AG06C843,AG06C843,__init.stock_location_A
__init.stock_location_AG05A550,AG05A550,__init.stock_location_A
__init.stock_location_AG08C168,AG08C168,__init.stock_location_A
__init.stock_location_AI10A476,AI10A476,__init.stock_location_A
__init.stock_location_AH02A692,AH02A692,__init.stock_location_A
__init.stock_location_AG08B900,AG08B900,__init.stock_location_A
__init.stock_location_AK05C218,AK05C218,__init.stock_location_A
__init.stock_location_AF06A426,AF06A426,__init.stock_location_A
__init.stock_location_AI12B834,AI12B834,__init.stock_location_A
__init.stock_location_AG10B642,AG10B642,__init.stock_location_A
__init.stock_location_AK03B767,AK03B767,__init.stock_location_A
__init.stock_location_AM07C375,AM07C375,__init.stock_location_A
__init.stock_location_AI07B183,AI07B183,__init.stock_location_A
__init.stock_location_AF06A291,AF06A291,__init.stock_location_A
__init.stock_location_AG09B207,AG09B207,__init.stock_location_A
__init.stock_location_AG08B615,AG08B615,__init.stock_location_A
__init.stock_location_AM06B823,AM06B823,__init.stock_location_A
__init.stock_location_AG10A531,AG10A531,__init.stock_location_A
__init.stock_location_AI12A218,AI12A218,__init.stock_location_A
__init.stock_location_AM06B045,AM06B045,__init.stock_location_A
__init.stock_location_AF02A252,AF02A252,__init.stock_location_A
__init.stock_location_AI17A311,AI17A311,__init.stock_location_A
__init.stock_location_AE06B229,AE06B229,__init.stock_location_A
__init.stock_location_AC14B237,AC14B237,__init.stock_location_A
__init.stock_location_AG03B545,AG03B545,__init.stock_location_A
__init.stock_location_AI14B571,AI14B571,__init.stock_location_A
__init.stock_location_AG03B689,AG03B689,__init.stock_location_A
__init.stock_location_AC01A305,AC01A305,__init.stock_location_A
__init.stock_location_AD13B413,AD13B413,__init.stock_location_A
__init.stock_location_AD06B121,AD06B121,__init.stock_location_A
__init.stock_location_AH04B839,AH04B839,__init.stock_location_A
__init.stock_location_AG06B347,AG06B347,__init.stock_location_A
__init.stock_location_AG05B154,AG05B154,__init.stock_location_A
__init.stock_location_AH04B662,AH04B662,__init.stock_location_A
__init.stock_location_AC14A170,AC14A170,__init.stock_location_A
__init.stock_location_AG04B288,AG04B288,__init.stock_location_A
__init.stock_location_AH06B796,AH06B796,__init.stock_location_A
__init.stock_location_AH04B104,AH04B104,__init.stock_location_A
__init.stock_location_AF04B812,AF04B812,__init.stock_location_A
__init.stock_location_AF07B220,AF07B220,__init.stock_location_A
__init.stock_location_AI17B238,AI17B238,__init.stock_location_A
__init.stock_location_AG08C546,AG08C546,__init.stock_location_A
__init.stock_location_AF07B553,AF07B553,__init.stock_location_A
__init.stock_location_AI15C406,AI15C406,__init.stock_location_A
__init.stock_location_AL08D104,AL08D104,__init.stock_location_A
__init.stock_location_AL08D104,AL08D104,__init.stock_location_A
__init.stock_location_AK06C130,AK06C130,__init.stock_location_A
__init.stock_location_AN07D255,AN07D255,__init.stock_location_A
__init.stock_location_AI17B004,AI17B004,__init.stock_location_A
__init.stock_location_AK08C942,AK08C942,__init.stock_location_A
__init.stock_location_AM04C972,AM04C972,__init.stock_location_A
__init.stock_location_AK06B235,AK06B235,__init.stock_location_A
__init.stock_location_AF05A155,AF05A155,__init.stock_location_A
__init.stock_location_AG02A490,AG02A490,__init.stock_location_A
__init.stock_location_AI09B416,AI09B416,__init.stock_location_A
__init.stock_location_AI08A432,AI08A432,__init.stock_location_A
__init.stock_location_AE06B540,AE06B540,__init.stock_location_A
__init.stock_location_AE07B413,AE07B413,__init.stock_location_A
__init.stock_location_AI13B721,AI13B721,__init.stock_location_A
__init.stock_location_AF04B347,AF04B347,__init.stock_location_A
__init.stock_location_AG06C988,AG06C988,__init.stock_location_A
__init.stock_location_AF06B846,AF06B846,__init.stock_location_A
__init.stock_location_AI13B853,AI13B853,__init.stock_location_A
__init.stock_location_AI17B861,AI17B861,__init.stock_location_A
__init.stock_location_AD08B303,AD08B303,__init.stock_location_A
__init.stock_location_AD16B229,AD16B229,__init.stock_location_A
__init.stock_location_AA03B218,AA03B218,__init.stock_location_A
__init.stock_location_AD11B326,AD11B326,__init.stock_location_A
__init.stock_location_AA02B334,AA02B334,__init.stock_location_A
__init.stock_location_ABO8A242,ABO8A242,__init.stock_location_A
__init.stock_location_AG08B004,AG08B004,__init.stock_location_A
__init.stock_location_AC14B512,AC14B512,__init.stock_location_A
__init.stock_location_AD04B420,AD04B420,__init.stock_location_A
__init.stock_location_AG10C138,AG10C138,__init.stock_location_A
__init.stock_location_AE07B553,AE07B553,__init.stock_location_A
__init.stock_location_AD08B161,AD08B161,__init.stock_location_A
__init.stock_location_AG06B979,AG06B979,__init.stock_location_A
__init.stock_location_AB16B487,AB16B487,__init.stock_location_A
__init.stock_location_AA10B295,AA10B295,__init.stock_location_A
__init.stock_location_AE02A203,AE02A203,__init.stock_location_A
__init.stock_location_AD11A211,AD11A211,__init.stock_location_A
__init.stock_location_AD02B129,AD02B129,__init.stock_location_A
__init.stock_location_AB12B137,AB12B137,__init.stock_location_A
__init.stock_location_AG04A445,AG04A445,__init.stock_location_A
__init.stock_location_AE04B252,AE04B252,__init.stock_location_A
__init.stock_location_AC06B260,AC06B260,__init.stock_location_A
__init.stock_location_AH04A478,AH04A478,__init.stock_location_A
__init.stock_location_AD16B194,AD16B194,__init.stock_location_A
__init.stock_location_AB14B302,AB14B302,__init.stock_location_A
__init.stock_location_AF10B428,AF10B428,__init.stock_location_A
__init.stock_location_AB11B336,AB11B336,__init.stock_location_A
__init.stock_location_AD06A244,AD06A244,__init.stock_location_A
__init.stock_location_AG08C269,AG08C269,__init.stock_location_A
__init.stock_location_AE14B177,AE14B177,__init.stock_location_A
__init.stock_location_AE05B393,AE05B393,__init.stock_location_A
__init.stock_location_AA09B201,AA09B201,__init.stock_location_A
__init.stock_location_AI10A619,AI10A619,__init.stock_location_A
__init.stock_location_AC10A227,AC10A227,__init.stock_location_A
__init.stock_location_AF06B235,AF06B235,__init.stock_location_A
__init.stock_location_AC01B343,AC01B343,__init.stock_location_A
__init.stock_location_AG05A250,AG05A250,__init.stock_location_A
__init.stock_location_AC01B168,AC01B168,__init.stock_location_A
__init.stock_location_AHO1A292,AHO1A292,__init.stock_location_A
__init.stock_location_AC06A300,AC06A300,__init.stock_location_A
__init.stock_location_AF04C226,AF04C226,__init.stock_location_A
__init.stock_location_AF06A334,AF06A334,__init.stock_location_A
__init.stock_location_AF07A142,AF07A142,__init.stock_location_A
__init.stock_location_AG08B359,AG08B359,__init.stock_location_A
__init.stock_location_AK04A667,AK04A667,__init.stock_location_A
__init.stock_location_AC09A375,AC09A375,__init.stock_location_A
__init.stock_location_AE05B183,AE05B183,__init.stock_location_A
__init.stock_location_AG09A591,AG09A591,__init.stock_location_A
__init.stock_location_AB15A309,AB15A309,__init.stock_location_A
__init.stock_location_AB12A252,AB12A252,__init.stock_location_A
__init.stock_location_AF06B533,AF06B533,__init.stock_location_A
__init.stock_location_AG08A241,AG08A241,__init.stock_location_A
__init.stock_location_AC13A358,AC13A358,__init.stock_location_A
__init.stock_location_AD05B166,AD05B166,__init.stock_location_A
__init.stock_location_AH05A274,AH05A274,__init.stock_location_A
__init.stock_location_AA04A482,AA04A482,__init.stock_location_A
__init.stock_location_AG09B308,AG09B308,__init.stock_location_A
__init.stock_location_AF06A116,AF06A116,__init.stock_location_A
__init.stock_location_AC02A424,AC02A424,__init.stock_location_A
__init.stock_location_AL08B571,AL08B571,__init.stock_location_A
__init.stock_location_AC12B183,AC12B183,__init.stock_location_A
__init.stock_location_AA03A158,AA03A158,__init.stock_location_A
__init.stock_location_AK03B600,AK03B600,__init.stock_location_A
__init.stock_location_AI13B200,AI13B200,__init.stock_location_A
__init.stock_location_AI10B136,AI10B136,__init.stock_location_A
__init.stock_location_AM06B760,AM06B760,__init.stock_location_A
__init.stock_location_AG06C600,AG06C600,__init.stock_location_A
__init.stock_location_AI09B300,AI09B300,__init.stock_location_A
__init.stock_location_AH03B300,AH03B300,__init.stock_location_A
__init.stock_location_AK03B900,AK03B900,__init.stock_location_A
__init.stock_location_AK04B000,AK04B000,__init.stock_location_A
__init.stock_location_AK06B900,AK06B900,__init.stock_location_A
__init.stock_location_AL07A200,AL07A200,__init.stock_location_A
__init.stock_location_AF09B200,AF09B200,__init.stock_location_A
__init.stock_location_AI15B200,AI15B200,__init.stock_location_A
__init.stock_location_AK05B600,AK05B600,__init.stock_location_A
__init.stock_location_AD08A226,AD08A226,__init.stock_location_A
__init.stock_location_AD18B401,AD18B401,__init.stock_location_A
__init.stock_location_AC10B202,AC10B202,__init.stock_location_A
__init.stock_location_AF04B621,AF04B621,__init.stock_location_A
__init.stock_location_AC09B122,AC09B122,__init.stock_location_A
__init.stock_location_AF04C321,AF04C321,__init.stock_location_A
__init.stock_location_AC06B122,AC06B122,__init.stock_location_A
__init.stock_location_AA10A324,AA10A324,__init.stock_location_A
__init.stock_location_AA09A325,AA09A325,__init.stock_location_A
__init.stock_location_AB14A104,AB14A104,__init.stock_location_A
__init.stock_location_AK05B511,AK05B511,__init.stock_location_A
__init.stock_location_AG07A412,AG07A412,__init.stock_location_A
__init.stock_location_AF04B921,AF04B921,__init.stock_location_A
__init.stock_location_AC06B322,AC06B322,__init.stock_location_A
__init.stock_location_AA05A424,AA05A424,__init.stock_location_A
__init.stock_location_AB12A125,AB12A125,__init.stock_location_A
__init.stock_location_AB05A126,AB05A126,__init.stock_location_A
__init.stock_location_AC05A404,AC05A404,__init.stock_location_A
__init.stock_location_AK03B521,AK03B521,__init.stock_location_A
__init.stock_location_AG03B322,AG03B322,__init.stock_location_A
__init.stock_location_AK06B721,AK06B721,__init.stock_location_A
__init.stock_location_AF07B622,AF07B622,__init.stock_location_A
__init.stock_location_AC02A123,AC02A123,__init.stock_location_A
__init.stock_location_AF09A224,AF09A224,__init.stock_location_A
__init.stock_location_AD18A325,AD18A325,__init.stock_location_A
__init.stock_location_AC14B421,AC14B421,__init.stock_location_A
__init.stock_location_AA04A124,AA04A124,__init.stock_location_A
__init.stock_location_AC05A125,AC05A125,__init.stock_location_A
__init.stock_location_AG08B126,AG08B126,__init.stock_location_A
__init.stock_location_AF02C631,AF02C631,__init.stock_location_A
__init.stock_location_AC14A234,AC14A234,__init.stock_location_A
__init.stock_location_AE05A436,AE05A436,__init.stock_location_A
__init.stock_location_AD15B611,AD15B611,__init.stock_location_A
__init.stock_location_AC11A414,AC11A414,__init.stock_location_A
__init.stock_location_AE05A215,AE05A215,__init.stock_location_A
__init.stock_location_AI15B916,AI15B916,__init.stock_location_A
__init.stock_location_AF03B731,AF03B731,__init.stock_location_A
__init.stock_location_AE12A134,AE12A134,__init.stock_location_A
__init.stock_location_AG06B736,AG06B736,__init.stock_location_A
__init.stock_location_AF06C252,AF06C252,__init.stock_location_A
__init.stock_location_AE07A453,AE07A453,__init.stock_location_A
__init.stock_location_AF10B791,AF10B791,__init.stock_location_A
__init.stock_location_AD18A294,AD18A294,__init.stock_location_A
__init.stock_location_AB08B203,AB08B203,__init.stock_location_A
__init.stock_location_AB06A105,AB06A105,__init.stock_location_A
__init.stock_location_AB13B501,AB13B501,__init.stock_location_A
__init.stock_location_AA10B402,AA10B402,__init.stock_location_A
__init.stock_location_AA05A103,AA05A103,__init.stock_location_A
__init.stock_location_AH01B231,AH01B231,__init.stock_location_A
__init.stock_location_AF02A432,AF02A432,__init.stock_location_A
__init.stock_location_AG08C651,AG08C651,__init.stock_location_A
__init.stock_location_AD15B452,AD15B452,__init.stock_location_A
__init.stock_location_AC01A454,AC01A454,__init.stock_location_A
__init.stock_location_AF02B181,AF02B181,__init.stock_location_A
__init.stock_location_AB14B282,AB14B282,__init.stock_location_A
__init.stock_location_AB13A383,AB13A383,__init.stock_location_A
__init.stock_location_AB16B102,AB16B102,__init.stock_location_A
__init.stock_location_AA01A103,AA01A103,__init.stock_location_A
__init.stock_location_AC05B202,AC05B202,__init.stock_location_A
__init.stock_location_AB14A404,AB14A404,__init.stock_location_A
__init.stock_location_AD14A106,AD14A106,__init.stock_location_A
__init.stock_location_AI09A402,AI09A402,__init.stock_location_A
__init.stock_location_AD03B511,AD03B511,__init.stock_location_A
__init.stock_location_AC03A212,AC03A212,__init.stock_location_A
__init.stock_location_AD06A113,AD06A113,__init.stock_location_A
__init.stock_location_AA05B102,AA05B102,__init.stock_location_A
__init.stock_location_AB11A404,AB11A404,__init.stock_location_A
__init.stock_location_AE05B750,AE05B750,__init.stock_location_A
__init.stock_location_AE04B301,AE04B301,__init.stock_location_A
__init.stock_location_AB13B302,AB13B302,__init.stock_location_A
__init.stock_location_AB16A404,AB16A404,__init.stock_location_A
__init.stock_location_AF02B401,AF02B401,__init.stock_location_A
__init.stock_location_AD02B302,AD02B302,__init.stock_location_A
__init.stock_location_AF10A203,AF10A203,__init.stock_location_A
__init.stock_location_AE07B102,AE07B102,__init.stock_location_A
__init.stock_location_AA06B303,AA06B303,__init.stock_location_A
__init.stock_location_AA06A104,AA06A104,__init.stock_location_A
__init.stock_location_AI10A307,AI10A307,__init.stock_location_A
__init.stock_location_AK05C721,AK05C721,__init.stock_location_A
__init.stock_location_AC02B422,AC02B422,__init.stock_location_A
__init.stock_location_AB16A223,AB16A223,__init.stock_location_A
__init.stock_location_AI05A125,AI05A125,__init.stock_location_A
__init.stock_location_AD20A126,AD20A126,__init.stock_location_A
__init.stock_location_AF03B207,AF03B207,__init.stock_location_A
__init.stock_location_AD15A208,AD15A208,__init.stock_location_A
__init.stock_location_AN05B500,AN05B500,__init.stock_location_A
__init.stock_location_AI09B202,AI09B202,__init.stock_location_A
__init.stock_location_AE03A302,AE03A302,__init.stock_location_A
__init.stock_location_AB15A102,AB15A102,__init.stock_location_A
__init.stock_location_AC05B402,AC05B402,__init.stock_location_A
__init.stock_location_AG03A314,AG03A314,__init.stock_location_A
__init.stock_location_AB11B401,AB11B401,__init.stock_location_A
__init.stock_location_AB13A402,AB13A402,__init.stock_location_A
__init.stock_location_AB12A303,AB12A303,__init.stock_location_A
__init.stock_location_AB11B230,AB11B230,__init.stock_location_A
__init.stock_location_AD08B232,AD08B232,__init.stock_location_A
__init.stock_location_AD16A133,AD16A133,__init.stock_location_A
__init.stock_location_AD14B105,AD14B105,__init.stock_location_A
__init.stock_location_AD03A208,AD03A208,__init.stock_location_A
__init.stock_location_AD05A109,AD05A109,__init.stock_location_A
__init.stock_location_AI10B502,AI10B502,__init.stock_location_A
__init.stock_location_AF09A450,AF09A450,__init.stock_location_A
__init.stock_location_AD02A114,AD02A114,__init.stock_location_A
__init.stock_location_AF06A506,AF06A506,__init.stock_location_A
__init.stock_location_AH03A314,AH03A314,__init.stock_location_A
__init.stock_location_AH05B202,AH05B202,__init.stock_location_A
__init.stock_location_AE07A303,AE07A303,__init.stock_location_A
__init.stock_location_AD05A204,AD05A204,__init.stock_location_A
__init.stock_location_AH06B607,AH06B607,__init.stock_location_A
__init.stock_location_AA05B302,AA05B302,__init.stock_location_A
__init.stock_location_AA01A407,AA01A407,__init.stock_location_A
__init.stock_location_AA04A314,AA04A314,__init.stock_location_A
__init.stock_location_AB16B320,AB16B320,__init.stock_location_A
__init.stock_location_AB15A407,AB15A407,__init.stock_location_A
__init.stock_location_AB11A314,AB11A314,__init.stock_location_A
__init.stock_location_AF02C141,AF02C141,__init.stock_location_A
__init.stock_location_AB06A343,AB06A343,__init.stock_location_A
__init.stock_location_AH02B251,AH02B251,__init.stock_location_A
__init.stock_location_AD03A352,AD03A352,__init.stock_location_A
__init.stock_location_AH03B571,AH03B571,__init.stock_location_A
__init.stock_location_AE07A273,AE07A273,__init.stock_location_A
__init.stock_location_AD11A190,AD11A190,__init.stock_location_A
__init.stock_location_AC10A193,AC10A193,__init.stock_location_A
__init.stock_location_AA06B101,AA06B101,__init.stock_location_A
__init.stock_location_AB08A102,AB08A102,__init.stock_location_A
__init.stock_location_AB11A103,AB11A103,__init.stock_location_A
__init.stock_location_AC02B211,AC02B211,__init.stock_location_A
__init.stock_location_AFO5A212,AFO5A212,__init.stock_location_A
__init.stock_location_AF05B221,AF05B221,__init.stock_location_A
__init.stock_location_AF05A422,AF05A422,__init.stock_location_A
__init.stock_location_AF07A423,AF07A423,__init.stock_location_A
__init.stock_location_AD13B231,AD13B231,__init.stock_location_A
__init.stock_location_AE12A332,AE12A332,__init.stock_location_A
__init.stock_location_AG03A133,AG03A133,__init.stock_location_A
__init.stock_location_AB12B402,AB12B402,__init.stock_location_A
__init.stock_location_ABO8A306,ABO8A306,__init.stock_location_A
__init.stock_location_ABO7A314,ABO7A314,__init.stock_location_A
__init.stock_location_AC03B202,AC03B202,__init.stock_location_A
__init.stock_location_AB13A106,AB13A106,__init.stock_location_A
__init.stock_location_AA10A212,AA10A212,__init.stock_location_A
__init.stock_location_AD11B401,AD11B401,__init.stock_location_A
__init.stock_location_AC02A303,AC02A303,__init.stock_location_A
__init.stock_location_AD08A308,AD08A308,__init.stock_location_A
__init.stock_location_AB06B402,AB06B402,__init.stock_location_A
__init.stock_location_AD11A407,AD11A407,__init.stock_location_A
__init.stock_location_AD07A114,AD07A114,__init.stock_location_A
__init.stock_location_AH05B501,AH05B501,__init.stock_location_A
__init.stock_location_AG06A102,AG06A102,__init.stock_location_A
__init.stock_location_AI11B201,AI11B201,__init.stock_location_A
__init.stock_location_AK04A702,AK04A702,__init.stock_location_A
__init.stock_location_AB07B102,AB07B102,__init.stock_location_A
__init.stock_location_AC05A407,AC05A407,__init.stock_location_A
__init.stock_location_AB16A314,AB16A314,__init.stock_location_A
__init.stock_location_AI15C102,AI15C102,__init.stock_location_A
__init.stock_location_AI10A207,AI10A207,__init.stock_location_A
__init.stock_location_AH03A114,AH03A114,__init.stock_location_A
__init.stock_location_AD03B131,AD03B131,__init.stock_location_A
__init.stock_location_AC01A132,AC01A132,__init.stock_location_A
__init.stock_location_AE03A133,AE03A133,__init.stock_location_A
__init.stock_location_AD04B241,AD04B241,__init.stock_location_A
__init.stock_location_AD16A242,AD16A242,__init.stock_location_A
__init.stock_location_AE06A343,AE06A343,__init.stock_location_A
__init.stock_location_ACO9B301,ACO9B301,__init.stock_location_A
__init.stock_location_AC11A102,AC11A102,__init.stock_location_A
__init.stock_location_AC03A103,AC03A103,__init.stock_location_A
__init.stock_location_AL03B745,AL03B745,__init.stock_location_A
__init.stock_location_AH04B211,AH04B211,__init.stock_location_A
__init.stock_location_AG07A312,AG07A312,__init.stock_location_A
__init.stock_location_AC05A213,AC05A213,__init.stock_location_A
__init.stock_location_AE03A302,AE03A302,__init.stock_location_A
__init.stock_location_AI10B301,AI10B301,__init.stock_location_A
__init.stock_location_AD13A104,AD13A104,__init.stock_location_A
__init.stock_location_AC13A405,AC13A405,__init.stock_location_A
__init.stock_location_AD05A324,AD05A324,__init.stock_location_A
__init.stock_location_AB07A125,AB07A125,__init.stock_location_A
__init.stock_location_AK04C841,AK04C841,__init.stock_location_A
__init.stock_location_AF10A444,AF10A444,__init.stock_location_A
__init.stock_location_AB06A445,AB06A445,__init.stock_location_A
__init.stock_location_AB05A346,AB05A346,__init.stock_location_A
__init.stock_location_AH04A164,AH04A164,__init.stock_location_A
__init.stock_location_AA01A265,AA01A265,__init.stock_location_A
__init.stock_location_AG06B181,AG06B181,__init.stock_location_A
__init.stock_location_AB12B282,AB12B282,__init.stock_location_A
__init.stock_location_AA10A184,AA10A184,__init.stock_location_A
__init.stock_location_AA09A185,AA09A185,__init.stock_location_A
__init.stock_location_AG06A604,AG06A604,__init.stock_location_A
__init.stock_location_AH06A405,AH06A405,__init.stock_location_A
__init.stock_location_AC13A324,AC13A324,__init.stock_location_A
__init.stock_location_AA05A225,AA05A225,__init.stock_location_A
__init.stock_location_AM03C141,AM03C141,__init.stock_location_A
__init.stock_location_AK06C444,AK06C444,__init.stock_location_A
__init.stock_location_AD03A145,AD03A145,__init.stock_location_A
__init.stock_location_AE14A264,AE14A264,__init.stock_location_A
__init.stock_location_AA06A365,AA06A365,__init.stock_location_A
__init.stock_location_AE05B481,AE05B481,__init.stock_location_A
__init.stock_location_AD07A282,AD07A282,__init.stock_location_A
__init.stock_location_AD15A483,AD15A483,__init.stock_location_A
__init.stock_location_AF05B802,AF05B802,__init.stock_location_A
__init.stock_location_AC01A204,AC01A204,__init.stock_location_A
__init.stock_location_AD13A305,AD13A305,__init.stock_location_A
__init.stock_location_AG05A424,AG05A424,__init.stock_location_A
__init.stock_location_AD04A225,AD04A225,__init.stock_location_A
__init.stock_location_AC06A145,AC06A145,__init.stock_location_A
__init.stock_location_AG08C461,AG08C461,__init.stock_location_A
__init.stock_location_AD05B462,AD05B462,__init.stock_location_A
__init.stock_location_AD14A264,AD14A264,__init.stock_location_A
__init.stock_location_AE06B101,AE06B101,__init.stock_location_A
__init.stock_location_AD05B203,AD05B203,__init.stock_location_A
__init.stock_location_AC01B204,AC01B204,__init.stock_location_A
__init.stock_location_AA09B302,AA09B302,__init.stock_location_A
__init.stock_location_AE14B303,AE14B303,__init.stock_location_A
__init.stock_location_AC02A250,AC02A250,__init.stock_location_A
__init.stock_location_AE03B201,AE03B201,__init.stock_location_A
__init.stock_location_AE03B507,AE03B507,__init.stock_location_A
__init.stock_location_AA06B408,AA06B408,__init.stock_location_A
__init.stock_location_AA06BB09,AA06BB09,__init.stock_location_A
__init.stock_location_AA10B303,AA10B303,__init.stock_location_A
__init.stock_location_AD15B104,AD15B104,__init.stock_location_A
__init.stock_location_AF04B107,AF04B107,__init.stock_location_A
__init.stock_location_AB07B203,AB07B203,__init.stock_location_A
__init.stock_location_AA10B104,AA10B104,__init.stock_location_A
__init.stock_location_AA05B202,AA05B202,__init.stock_location_A
__init.stock_location_AG10B535,AG10B535,__init.stock_location_A
__init.stock_location_AF06B636,AF06B636,__init.stock_location_A
__init.stock_location_AC13A241,AC13A241,__init.stock_location_A
__init.stock_location_AC05A345,AC05A345,__init.stock_location_A
__init.stock_location_AD04A346,AD04A346,__init.stock_location_A
__init.stock_location_AF02B547,AF02B547,__init.stock_location_A
__init.stock_location_AF09B449,AF09B449,__init.stock_location_A
__init.stock_location_AE06B401,AE06B401,__init.stock_location_A
__init.stock_location_AE12A243,AE12A243,__init.stock_location_A
__init.stock_location_AF03B340,AF03B340,__init.stock_location_A
__init.stock_location_AC09A243,AC09A243,__init.stock_location_A
__init.stock_location_AG10B243,AG10B243,__init.stock_location_A
__init.stock_location_AF02B851,AF02B851,__init.stock_location_A
__init.stock_location_AF04B752,AF04B752,__init.stock_location_A
__init.stock_location_AC14B670,AC14B670,__init.stock_location_A
__init.stock_location_AE14A343,AE14A343,__init.stock_location_A
__init.stock_location_AE06B637,AE06B637,__init.stock_location_A
__init.stock_location_AH03B238,AH03B238,__init.stock_location_A
__init.stock_location_AD11A341,AD11A341,__init.stock_location_A
__init.stock_location_AF03B544,AF03B544,__init.stock_location_A
__init.stock_location_AG04B545,AG04B545,__init.stock_location_A
__init.stock_location_AD13A440,AD13A440,__init.stock_location_A
__init.stock_location_AG03B144,AG03B144,__init.stock_location_A
__init.stock_location_AB14A343,AB14A343,__init.stock_location_A
__init.stock_location_AD05B367,AD05B367,__init.stock_location_A
__init.stock_location_AM08C501,AM08C501,__init.stock_location_A
__init.stock_location_AM08C501,AM08C501,__init.stock_location_A
__init.stock_location_AM08C501,AM08C501,__init.stock_location_A
__init.stock_location_AM08C501,AM08C501,__init.stock_location_A
__init.stock_location_AF03B617,AF03B617,__init.stock_location_A
__init.stock_location_AM04B730,AM04B730,__init.stock_location_A
__init.stock_location_AM08D433,AM08D433,__init.stock_location_A
__init.stock_location_AM08C143,AM08C143,__init.stock_location_A
__init.stock_location_AD20A291,AD20A291,__init.stock_location_A
__init.stock_location_AI08A164,AI08A164,__init.stock_location_A
__init.stock_location_AE14A402,AE14A402,__init.stock_location_A
__init.stock_location_AE03A413,AE03A413,__init.stock_location_A
__init.stock_location_AN07C302,AN07C302,__init.stock_location_A
__init.stock_location_AL05B400,AL05B400,__init.stock_location_A
__init.stock_location_AL04B805,AL04B805,__init.stock_location_A
__init.stock_location_AN03B700,AN03B700,__init.stock_location_A
__init.stock_location_AM08C470,AM08C470,__init.stock_location_A
__init.stock_location_AM07C400,AM07C400,__init.stock_location_A
__init.stock_location_AL07C390,AL07C390,__init.stock_location_A
__init.stock_location_AN03B410,AN03B410,__init.stock_location_A
__init.stock_location_AL04A761,AL04A761,__init.stock_location_A
__init.stock_location_AL04A111,AL04A111,__init.stock_location_A
__init.stock_location_AL04A712,AL04A712,__init.stock_location_A
__init.stock_location_AL04A312,AL04A312,__init.stock_location_A
__init.stock_location_AN03A500,AN03A500,__init.stock_location_A
__init.stock_location_AM06C610,AM06C610,__init.stock_location_A
__init.stock_location_AL05A751,AL05A751,__init.stock_location_A
__init.stock_location_AN03C310,AN03C310,__init.stock_location_A
__init.stock_location_AN03A200,AN03A200,__init.stock_location_A
__init.stock_location_AN05C210,AN05C210,__init.stock_location_A
__init.stock_location_AL03A100,AL03A100,__init.stock_location_A
__init.stock_location_AL05B801,AL05B801,__init.stock_location_A
__init.stock_location_AL05B617,AL05B617,__init.stock_location_A
__init.stock_location_AL04B417,AL04B417,__init.stock_location_A
__init.stock_location_AL04B718,AL04B718,__init.stock_location_A
__init.stock_location_AN05C010,AN05C010,__init.stock_location_A
__init.stock_location_AL03A500,AL03A500,__init.stock_location_A
__init.stock_location_AN05C410,AN05C410,__init.stock_location_A
__init.stock_location_AN07D362,AN07D362,__init.stock_location_A
__init.stock_location_AN05C910,AN05C910,__init.stock_location_A
__init.stock_location_AL05A100,AL05A100,__init.stock_location_A
__init.stock_location_AL04B210,AL04B210,__init.stock_location_A
__init.stock_location_AL03A300,AL03A300,__init.stock_location_A
__init.stock_location_AN07B263,AN07B263,__init.stock_location_A
__init.stock_location_AN03C010,AN03C010,__init.stock_location_A
__init.stock_location_AL05A500,AL05A500,__init.stock_location_A
__init.stock_location_AN07B434,AN07B434,__init.stock_location_A
__init.stock_location_AO01A300,AO01A300,__init.stock_location_A
__init.stock_location_AG02A101,AG02A101,__init.stock_location_A
__init.stock_location_AB09A302,AB09A302,__init.stock_location_A
__init.stock_location_AH08A303,AH08A303,__init.stock_location_A
__init.stock_location_AG02A304,AG02A304,__init.stock_location_A
__init.stock_location_AH09A305,AH09A305,__init.stock_location_A
__init.stock_location_AN05A306,AN05A306,__init.stock_location_A
__init.stock_location_AF04A207,AF04A207,__init.stock_location_A
__init.stock_location_AI05B408,AI05B408,__init.stock_location_A
__init.stock_location_AC13B309,AC13B309,__init.stock_location_A
__init.stock_location_AD02A210,AD02A210,__init.stock_location_A
__init.stock_location_AG10C811,AG10C811,__init.stock_location_A
__init.stock_location_AI17C712,AI17C712,__init.stock_location_A
__init.stock_location_AH06B413,AH06B413,__init.stock_location_A
__init.stock_location_AC03A314,AC03A314,__init.stock_location_A
__init.stock_location_AD15B215,AD15B215,__init.stock_location_A
__init.stock_location_AE12B116,AE12B116,__init.stock_location_A
__init.stock_location_AF04B217,AF04B217,__init.stock_location_A
__init.stock_location_AF02B218,AF02B218,__init.stock_location_A
__init.stock_location_AF02C419,AF02C419,__init.stock_location_A
__init.stock_location_AG10B920,AG10B920,__init.stock_location_A
__init.stock_location_AI17B921,AI17B921,__init.stock_location_A
__init.stock_location_AK05C422,AK05C422,__init.stock_location_A
__init.stock_location_AI13C123,AI13C123,__init.stock_location_A
__init.stock_location_AF06B924,AF06B924,__init.stock_location_A
__init.stock_location_AG08B529,AG08B529,__init.stock_location_A
__init.stock_location_AK04B430,AK04B430,__init.stock_location_A
__init.stock_location_AG08B231,AG08B231,__init.stock_location_A
__init.stock_location_AG08B832,AG08B832,__init.stock_location_A
__init.stock_location_AI14A633,AI14A633,__init.stock_location_A
__init.stock_location_AL02A334,AL02A334,__init.stock_location_A
__init.stock_location_AD09A335,AD09A335,__init.stock_location_A
__init.stock_location_AH07A736,AH07A736,__init.stock_location_A
__init.stock_location_AI12B137,AI12B137,__init.stock_location_A
__init.stock_location_AH04B538,AH04B538,__init.stock_location_A
__init.stock_location_AI13C539,AI13C539,__init.stock_location_A
__init.stock_location_AG10C540,AG10C540,__init.stock_location_A
__init.stock_location_AB13B241,AB13B241,__init.stock_location_A
__init.stock_location_AI11B442,AI11B442,__init.stock_location_A
__init.stock_location_AG08C943,AG08C943,__init.stock_location_A
__init.stock_location_AF02C844,AF02C844,__init.stock_location_A
__init.stock_location_AK01A445,AK01A445,__init.stock_location_A
__init.stock_location_AH07B246,AH07B246,__init.stock_location_A
__init.stock_location_AI17B347,AI17B347,__init.stock_location_A
__init.stock_location_AK04C448,AK04C448,__init.stock_location_A
__init.stock_location_AH04A649,AH04A649,__init.stock_location_A
__init.stock_location_AG08C750,AG08C750,__init.stock_location_A
__init.stock_location_AK05B151,AK05B151,__init.stock_location_A
__init.stock_location_AL08D352,AL08D352,__init.stock_location_A
__init.stock_location_AL07D453,AL07D453,__init.stock_location_A
__init.stock_location_AH07B454,AH07B454,__init.stock_location_A
__init.stock_location_AI15C255,AI15C255,__init.stock_location_A
__init.stock_location_AI10A756,AI10A756,__init.stock_location_A
__init.stock_location_AK01C157,AK01C157,__init.stock_location_A
__init.stock_location_AL04A851,AL04A851,__init.stock_location_A
__init.stock_location_AN05B852,AN05B852,__init.stock_location_A
__init.stock_location_AL04A665,AL04A665,__init.stock_location_A
__init.stock_location_AN05C700,AN05C700,__init.stock_location_A
__init.stock_location_AN07A360,AN07A360,__init.stock_location_A
__init.stock_location_AN03C800,AN03C800,__init.stock_location_A
__init.stock_location_AL05A310,AL05A310,__init.stock_location_A
__init.stock_location_AN03B200,AN03B200,__init.stock_location_A
__init.stock_location_AM06B796,AM06B796,__init.stock_location_A
__init.stock_location_AM06B404,AM06B404,__init.stock_location_A
__init.stock_location_AM07B249,AM07B249,__init.stock_location_A
__init.stock_location_AN07A295,AN07A295,__init.stock_location_A
__init.stock_location_AN07C196,AN07C196,__init.stock_location_A
__init.stock_location_AM08B261,AM08B261,__init.stock_location_A
__init.stock_location_AK06B469,AK06B469,__init.stock_location_A
__init.stock_location_AD18B100,AD18B100,__init.stock_location_A
__init.stock_location_AI17C301,AI17C301,__init.stock_location_A
__init.stock_location_AE09B403,AE09B403,__init.stock_location_A
__init.stock_location_AF04C601,AF04C601,__init.stock_location_A
__init.stock_location_AD13B103,AD13B103,__init.stock_location_A
__init.stock_location_AI17C601,AI17C601,__init.stock_location_A
__init.stock_location_AE12B203,AE12B203,__init.stock_location_A
__init.stock_location_AK06A807,AK06A807,__init.stock_location_A
__init.stock_location_AH02B401,AH02B401,__init.stock_location_A
__init.stock_location_ABO6B203,ABO6B203,__init.stock_location_A
__init.stock_location_AG06A507,AG06A507,__init.stock_location_A
__init.stock_location_AF09B103,AF09B103,__init.stock_location_A
__init.stock_location_AG10A207,AG10A207,__init.stock_location_A
__init.stock_location_AH02A513,AH02A513,__init.stock_location_A
__init.stock_location_AD07B103,AD07B103,__init.stock_location_A
__init.stock_location_AH05A407,AH05A407,__init.stock_location_A
__init.stock_location_AD14B203,AD14B203,__init.stock_location_A
__init.stock_location_AG06A207,AG06A207,__init.stock_location_A
__init.stock_location_AD15A313,AD15A313,__init.stock_location_A
__init.stock_location_AF08B303,AF08B303,__init.stock_location_A
__init.stock_location_AG08A607,AG08A607,__init.stock_location_A
__init.stock_location_AG06C303,AG06C303,__init.stock_location_A
__init.stock_location_AM04B407,AM04B407,__init.stock_location_A
__init.stock_location_AF05A313,AF05A313,__init.stock_location_A
__init.stock_location_AF04C400,AF04C400,__init.stock_location_A
__init.stock_location_AF06C704,AF06C704,__init.stock_location_A
__init.stock_location_AH01B108,AH01B108,__init.stock_location_A
__init.stock_location_AF06C412,AF06C412,__init.stock_location_A
__init.stock_location_AG09B116,AG09B116,__init.stock_location_A
__init.stock_location_AG09B520,AG09B520,__init.stock_location_A
__init.stock_location_AG07A223,AG07A223,__init.stock_location_A
__init.stock_location_AG06C128,AG06C128,__init.stock_location_A
__init.stock_location_AF04C132,AF04C132,__init.stock_location_A
__init.stock_location_AG05B336,AG05B336,__init.stock_location_A
__init.stock_location_AF02C540,AF02C540,__init.stock_location_A
__init.stock_location_AG05B644,AG05B644,__init.stock_location_A
__init.stock_location_AF08B548,AF08B548,__init.stock_location_A
__init.stock_location_AF04C752,AF04C752,__init.stock_location_A
__init.stock_location_AF05B657,AF05B657,__init.stock_location_A
__init.stock_location_AF02C263,AF02C263,__init.stock_location_A
__init.stock_location_AF06C168,AF06C168,__init.stock_location_A
__init.stock_location_AK01B269,AK01B269,__init.stock_location_A
__init.stock_location_AL03B193,AL03B193,__init.stock_location_A
__init.stock_location_AH06B125,AH06B125,__init.stock_location_A
__init.stock_location_AH05B326,AH05B326,__init.stock_location_A
__init.stock_location_AG10C310,AG10C310,__init.stock_location_A
__init.stock_location_AM08A578,AM08A578,__init.stock_location_A
__init.stock_location_AM08A578,AM08A578,__init.stock_location_A
__init.stock_location_AE14B207,AE14B207,__init.stock_location_A
__init.stock_location_AI13B609,AI13B609,__init.stock_location_A
__init.stock_location_AL08A417,AL08A417,__init.stock_location_A
__init.stock_location_AF08B205,AF08B205,__init.stock_location_A
__init.stock_location_AG06A370,AG06A370,__init.stock_location_A
__init.stock_location_AK06C805,AK06C805,__init.stock_location_A
__init.stock_location_AK06C805,AK06C805,__init.stock_location_A
__init.stock_location_AM08B382,AM08B382,__init.stock_location_A
__init.stock_location_AL08D592,AL08D592,__init.stock_location_A
__init.stock_location_AL08D592,AL08D592,__init.stock_location_A
__init.stock_location_AL08C178,AL08C178,__init.stock_location_A
__init.stock_location_AM07A413,AM07A413,__init.stock_location_A
__init.stock_location_AK01B718,AK01B718,__init.stock_location_A
__init.stock_location_AK05A191,AK05A191,__init.stock_location_A
__init.stock_location_AL05A801,AL05A801,__init.stock_location_A
__init.stock_location_AF10B203,AF10B203,__init.stock_location_A
__init.stock_location_AG04B605,AG04B605,__init.stock_location_A
__init.stock_location_AC07A106,AC07A106,__init.stock_location_A
__init.stock_location_AG02A207,AG02A207,__init.stock_location_A
__init.stock_location_AH03B608,AH03B608,__init.stock_location_A
__init.stock_location_AI12A415,AI12A415,__init.stock_location_A
__init.stock_location_AG09B423,AG09B423,__init.stock_location_A
__init.stock_location_AD03B424,AD03B424,__init.stock_location_A
__init.stock_location_AH03B127,AH03B127,__init.stock_location_A
__init.stock_location_AI13A429,AI13A429,__init.stock_location_A
__init.stock_location_AM01A332,AM01A332,__init.stock_location_A
__init.stock_location_AC13B133,AC13B133,__init.stock_location_A
__init.stock_location_AN02A334,AN02A334,__init.stock_location_A
__init.stock_location_AE03B135,AE03B135,__init.stock_location_A
__init.stock_location_AL01A336,AL01A336,__init.stock_location_A
__init.stock_location_AF03B437,AF03B437,__init.stock_location_A
__init.stock_location_AG07A138,AG07A138,__init.stock_location_A
__init.stock_location_AG04B440,AG04B440,__init.stock_location_A
__init.stock_location_AH04B342,AH04B342,__init.stock_location_A
__init.stock_location_AG06C402,AG06C402,__init.stock_location_A
__init.stock_location_AL03B856,AL03B856,__init.stock_location_A
__init.stock_location_AI17C114,AI17C114,__init.stock_location_A
__init.stock_location_AI17A202,AI17A202,__init.stock_location_A
__init.stock_location_AD03B203,AD03B203,__init.stock_location_A
__init.stock_location_AL04A206,AL04A206,__init.stock_location_A
__init.stock_location_AL04A206,AL04A206,__init.stock_location_A
__init.stock_location_AK04C512,AK04C512,__init.stock_location_A
__init.stock_location_AF07B313,AF07B313,__init.stock_location_A
__init.stock_location_AK05A214,AK05A214,__init.stock_location_A
__init.stock_location_AN03A716,AN03A716,__init.stock_location_A
__init.stock_location_AI14A517,AI14A517,__init.stock_location_A
__init.stock_location_AI14A318,AI14A318,__init.stock_location_A
__init.stock_location_AH01A320,AH01A320,__init.stock_location_A
__init.stock_location_AI10A537,AI10A537,__init.stock_location_A
__init.stock_location_AI05A346,AI05A346,__init.stock_location_A
__init.stock_location_AI15A159,AI15A159,__init.stock_location_A
__init.stock_location_AB13B465,AB13B465,__init.stock_location_A
__init.stock_location_AL05B732,AL05B732,__init.stock_location_A
__init.stock_location_AN03B611,AN03B611,__init.stock_location_A
__init.stock_location_AN03B611,AN03B611,__init.stock_location_A
__init.stock_location_AN05B114,AN05B114,__init.stock_location_A
__init.stock_location_AM04B515,AM04B515,__init.stock_location_A
__init.stock_location_AK06B616,AK06B616,__init.stock_location_A
__init.stock_location_AKO1A231,AKO1A231,__init.stock_location_A
__init.stock_location_AK04A332,AK04A332,__init.stock_location_A
__init.stock_location_AM04A133,AM04A133,__init.stock_location_A
__init.stock_location_AL03A634,AL03A634,__init.stock_location_A
__init.stock_location_AK06A536,AK06A536,__init.stock_location_A
__init.stock_location_AI17A437,AI17A437,__init.stock_location_A
__init.stock_location_AH06A238,AH06A238,__init.stock_location_A
__init.stock_location_AI15A339,AI15A339,__init.stock_location_A
__init.stock_location_AN05C646,AN05C646,__init.stock_location_A
__init.stock_location_AM04A747,AM04A747,__init.stock_location_A
__init.stock_location_AL05B150,AL05B150,__init.stock_location_A
__init.stock_location_AM04A555,AM04A555,__init.stock_location_A
__init.stock_location_AL03A257,AL03A257,__init.stock_location_A
__init.stock_location_AG08A458,AG08A458,__init.stock_location_A
__init.stock_location_AN03B163,AN03B163,__init.stock_location_A
__init.stock_location_AN05C864,AN05C864,__init.stock_location_A
__init.stock_location_AL04B565,AL04B565,__init.stock_location_A
__init.stock_location_AN05A770,AN05A770,__init.stock_location_A
__init.stock_location_AL03A481,AL03A481,__init.stock_location_A
__init.stock_location_AM04B882,AM04B882,__init.stock_location_A
__init.stock_location_AN03B918,AN03B918,__init.stock_location_A
__init.stock_location_AN03C919,AN03C919,__init.stock_location_A
__init.stock_location_AL04B347,AL04B347,__init.stock_location_A
__init.stock_location_AL05B375,AL05B375,__init.stock_location_A
__init.stock_location_AN05B383,AN05B383,__init.stock_location_A
__init.stock_location_AN05C304,AN05C304,__init.stock_location_A
__init.stock_location_AN07A405,AN07A405,__init.stock_location_A
__init.stock_location_AL05B507,AL05B507,__init.stock_location_A
__init.stock_location_AN03B550,AN03B550,__init.stock_location_A
__init.stock_location_AI14A893,AI14A893,__init.stock_location_A
__init.stock_location_AK03A336,AK03A336,__init.stock_location_A
__init.stock_location_AM04A337,AM04A337,__init.stock_location_A
__init.stock_location_AN03A353,AN03A353,__init.stock_location_A
__init.stock_location_AN05C103,AN05C103,__init.stock_location_A
__init.stock_location_AK04A104,AK04A104,__init.stock_location_A
__init.stock_location_AK01B441,AK01B441,__init.stock_location_A
__init.stock_location_AL07B494,AL07B494,__init.stock_location_A
__init.stock_location_AM04C126,AM04C126,__init.stock_location_A
__init.stock_location_AM07B427,AM07B427,__init.stock_location_A
__init.stock_location_AN03C246,AN03C246,__init.stock_location_A
__init.stock_location_AI05B257,AI05B257,__init.stock_location_A
__init.stock_location_AN03C558,AN03C558,__init.stock_location_A
__init.stock_location_AK04C059,AK04C059,__init.stock_location_A
__init.stock_location_AK03B099,AK03B099,__init.stock_location_A
__init.stock_location_AK04B940,AK04B940,__init.stock_location_A
__init.stock_location_AK06B183,AK06B183,__init.stock_location_A
__init.stock_location_AM07A162,AM07A162,__init.stock_location_A
__init.stock_location_AM08D266,AM08D266,__init.stock_location_A
__init.stock_location_AF04B400,AF04B400,__init.stock_location_A
__init.stock_location_AK02A308,AK02A308,__init.stock_location_A
__init.stock_location_AD01A109,AD01A109,__init.stock_location_A
__init.stock_location_AG01A410,AG01A410,__init.stock_location_A
__init.stock_location_AN03B003,AN03B003,__init.stock_location_A
__init.stock_location_AN03B003,AN03B003,__init.stock_location_A
__init.stock_location_AN05B603,AN05B603,__init.stock_location_A
__init.stock_location_AN05B212,AN05B212,__init.stock_location_A
__init.stock_location_AN05B212,AN05B212,__init.stock_location_A
__init.stock_location_AN05B212,AN05B212,__init.stock_location_A
__init.stock_location_AL07B503,AL07B503,__init.stock_location_A
__init.stock_location_AN03C707,AN03C707,__init.stock_location_A
__init.stock_location_AM08B103,AM08B103,__init.stock_location_A
__init.stock_location_AN05A812,AN05A812,__init.stock_location_A
__init.stock_location_AN05A812,AN05A812,__init.stock_location_A
__init.stock_location_AN05A812,AN05A812,__init.stock_location_A
__init.stock_location_AM07D103,AM07D103,__init.stock_location_A
__init.stock_location_AM07D103,AM07D103,__init.stock_location_A
__init.stock_location_AM08A445,AM08A445,__init.stock_location_A
__init.stock_location_AM08D302,AM08D302,__init.stock_location_A
__init.stock_location_AL05B212,AL05B212,__init.stock_location_A
__init.stock_location_AN03A812,AN03A812,__init.stock_location_A
__init.stock_location_AK05A312,AK05A312,__init.stock_location_A
__init.stock_location_AK05A312,AK05A312,__init.stock_location_A
__init.stock_location_AK05A312,AK05A312,__init.stock_location_A
__init.stock_location_AH02B899,AH02B899,__init.stock_location_A
__init.stock_location_AH09A419,AH09A419,__init.stock_location_A
__init.stock_location_AI14B239,AI14B239,__init.stock_location_A
__init.stock_location_AL08D469,AL08D469,__init.stock_location_A
__init.stock_location_AK06A779,AK06A779,__init.stock_location_A
__init.stock_location_AF10B519,AF10B519,__init.stock_location_A
__init.stock_location_AE08A139,AE08A139,__init.stock_location_A
__init.stock_location_AM08A240,AM08A240,__init.stock_location_A
__init.stock_location_AI17C849,AI17C849,__init.stock_location_A
__init.stock_location_AG01A369,AG01A369,__init.stock_location_A
__init.stock_location_AGO7A339,AGO7A339,__init.stock_location_A
__init.stock_location_AI17B799,AI17B799,__init.stock_location_A
__init.stock_location_AH09A229,AH09A229,__init.stock_location_A
__init.stock_location_AK01C779,AK01C779,__init.stock_location_A
__init.stock_location_AI13A589,AI13A589,__init.stock_location_A
__init.stock_location_AK05B801,AK05B801,__init.stock_location_A
__init.stock_location_AK04C202,AK04C202,__init.stock_location_A
__init.stock_location_AL07A503,AL07A503,__init.stock_location_A
__init.stock_location_AL07A503,AL07A503,__init.stock_location_A
__init.stock_location_AL04B103,AL04B103,__init.stock_location_A
__init.stock_location_AL08C304,AL08C304,__init.stock_location_A
__init.stock_location_AN07A110,AN07A110,__init.stock_location_A
__init.stock_location_AM07D314,AM07D314,__init.stock_location_A
__init.stock_location_AM07D314,AM07D314,__init.stock_location_A
__init.stock_location_AM07A234,AM07A234,__init.stock_location_A
__init.stock_location_AN07C220,AN07C220,__init.stock_location_A
__init.stock_location_AN07B330,AN07B330,__init.stock_location_A
__init.stock_location_AM08C350,AM08C350,__init.stock_location_A
__init.stock_location_AE09B360,AE09B360,__init.stock_location_A
__init.stock_location_AC12A172,AC12A172,__init.stock_location_A
__init.stock_location_AH01B375,AH01B375,__init.stock_location_A
__init.stock_location_AK04B184,AK04B184,__init.stock_location_A
__init.stock_location_AL07B185,AL07B185,__init.stock_location_A
__init.stock_location_AL07D386,AL07D386,__init.stock_location_A
__init.stock_location_AL07D386,AL07D386,__init.stock_location_A
__init.stock_location_AL07A388,AL07A388,__init.stock_location_A
__init.stock_location_AM07D490,AM07D490,__init.stock_location_A
__init.stock_location_AI13B091,AI13B091,__init.stock_location_A
__init.stock_location_AL08B296,AL08B296,__init.stock_location_A
__init.stock_location_AI13C797,AI13C797,__init.stock_location_A
__init.stock_location_AN03B891,AN03B891,__init.stock_location_A
__init.stock_location_AM06A801,AM06A801,__init.stock_location_A
__init.stock_location_AM08B421,AM08B421,__init.stock_location_A
__init.stock_location_AL0C2222,AL0C2222,__init.stock_location_A
__init.stock_location_AL0C2222,AL0C2222,__init.stock_location_A
__init.stock_location_AM08D551,AM08D551,__init.stock_location_A
__init.stock_location_AN07D153,AN07D153,__init.stock_location_A
__init.stock_location_AL07C538,AL07C538,__init.stock_location_A
__init.stock_location_AK05B346,AK05B346,__init.stock_location_A
__init.stock_location_AN05B434,AN05B434,__init.stock_location_A
__init.stock_location_AN05B434,AN05B434,__init.stock_location_A
__init.stock_location_AM06B924,AM06B924,__init.stock_location_A
__init.stock_location_AH07A603,AH07A603,__init.stock_location_A
__init.stock_location_AN02A168,AN02A168,__init.stock_location_A
__init.stock_location_AI15C650,AI15C650,__init.stock_location_A
__init.stock_location_AK01B151,AK01B151,__init.stock_location_A
__init.stock_location_AK05C655,AK05C655,__init.stock_location_A
__init.stock_location_AF09A393,AF09A393,__init.stock_location_A
__init.stock_location_AK06A294,AK06A294,__init.stock_location_A
__init.stock_location_AM07D296,AM07D296,__init.stock_location_A
__init.stock_location_AM07B398,AM07B398,__init.stock_location_A
__init.stock_location_AM06A201,AM06A201,__init.stock_location_A
__init.stock_location_AI14A212,AI14A212,__init.stock_location_A
__init.stock_location_AM06C413,AM06C413,__init.stock_location_A
__init.stock_location_AL07D216,AL07D216,__init.stock_location_A
__init.stock_location_AK06C617,AK06C617,__init.stock_location_A
__init.stock_location_AF10B128,AF10B128,__init.stock_location_A
__init.stock_location_AN05B955,AN05B955,__init.stock_location_A
__init.stock_location_AM04A496,AM04A496,__init.stock_location_A
__init.stock_location_AI01A200,AI01A200,__init.stock_location_A
__init.stock_location_AI12A100,AI12A100,__init.stock_location_A
__init.stock_location_AH08A400,AH08A400,__init.stock_location_A
__init.stock_location_AH08A400,AH08A400,__init.stock_location_A
__init.stock_location_AH08A400,AH08A400,__init.stock_location_A
__init.stock_location_AH08A400,AH08A400,__init.stock_location_A
__init.stock_location_AH08A400,AH08A400,__init.stock_location_A
__init.stock_location_AN05A612,AN05A612,__init.stock_location_A
__init.stock_location_AI07B200,AI07B200,__init.stock_location_A
__init.stock_location_AC04B368,AC04B368,__init.stock_location_A
__init.stock_location_AA11A299,AA11A299,__init.stock_location_A
__init.stock_location_AA11B148,AA11B148,__init.stock_location_A
__init.stock_location_AH02B542,AH02B542,__init.stock_location_A
__init.stock_location_AA11B243,AA11B243,__init.stock_location_A
__init.stock_location_AG06B828,AG06B828,__init.stock_location_A
__init.stock_location_AA13A339,AA13A339,__init.stock_location_A
__init.stock_location_AE04B178,AE04B178,__init.stock_location_A
__init.stock_location_AG04A179,AG04A179,__init.stock_location_A
__init.stock_location_AC14B183,AC14B183,__init.stock_location_A
__init.stock_location_AF06B385,AF06B385,__init.stock_location_A
__init.stock_location_AH05B667,AH05B667,__init.stock_location_A
__init.stock_location_AF03B869,AF03B869,__init.stock_location_A
__init.stock_location_AI11B170,AI11B170,__init.stock_location_A
__init.stock_location_AI14B843,AI14B843,__init.stock_location_A
__init.stock_location_AI12B544,AI12B544,__init.stock_location_A
__init.stock_location_AH07B145,AH07B145,__init.stock_location_A
__init.stock_location_AE02A160,AE02A160,__init.stock_location_A
__init.stock_location_AE03A261,AE03A261,__init.stock_location_A
__init.stock_location_AE02B162,AE02B162,__init.stock_location_A
__init.stock_location_AH06B390,AH06B390,__init.stock_location_A
__init.stock_location_AE07A169,AE07A169,__init.stock_location_A
__init.stock_location_AB03A167,AB03A167,__init.stock_location_A
__init.stock_location_AB03A268,AB03A268,__init.stock_location_A
__init.stock_location_AG10C298,AG10C298,__init.stock_location_A
__init.stock_location_AF04A199,AF04A199,__init.stock_location_A
__init.stock_location_AG08C300,AG08C300,__init.stock_location_A
__init.stock_location_AA02A125,AA02A125,__init.stock_location_A
__init.stock_location_AC10A326,AC10A326,__init.stock_location_A
__init.stock_location_AE08B403,AE08B403,__init.stock_location_A
__init.stock_location_AD03A407,AD03A407,__init.stock_location_A
__init.stock_location_AC04A209,AC04A209,__init.stock_location_A
__init.stock_location_AC14A311,AC14A311,__init.stock_location_A
__init.stock_location_AC10B382,AC10B382,__init.stock_location_A
__init.stock_location_AD15B583,AD15B583,__init.stock_location_A
__init.stock_location_AB08B184,AB08B184,__init.stock_location_A
__init.stock_location_AG05A313,AG05A313,__init.stock_location_A
__init.stock_location_AB16B297,AB16B297,__init.stock_location_A
__init.stock_location_AA03B398,AA03B398,__init.stock_location_A
__init.stock_location_AA10A399,AA10A399,__init.stock_location_A
__init.stock_location_AC04A101,AC04A101,__init.stock_location_A
__init.stock_location_AH05B402,AH05B402,__init.stock_location_A
__init.stock_location_AK01B312,AK01B312,__init.stock_location_A
__init.stock_location_AM04C313,AM04C313,__init.stock_location_A
__init.stock_location_AF06B415,AF06B415,__init.stock_location_A
__init.stock_location_AG08B716,AG08B716,__init.stock_location_A
__init.stock_location_AK01C919,AK01C919,__init.stock_location_A
__init.stock_location_AI13B520,AI13B520,__init.stock_location_A
__init.stock_location_AA11B147,AA11B147,__init.stock_location_A
__init.stock_location_AA04B248,AA04B248,__init.stock_location_A
__init.stock_location_AF08C890,AF08C890,__init.stock_location_A
__init.stock_location_AI13B132,AI13B132,__init.stock_location_A
__init.stock_location_AI14B733,AI14B733,__init.stock_location_A
__init.stock_location_AI11B310,AI11B310,__init.stock_location_A
__init.stock_location_AI15B687,AI15B687,__init.stock_location_A
__init.stock_location_AC05B137,AC05B137,__init.stock_location_A
__init.stock_location_AF08A139,AF08A139,__init.stock_location_A
__init.stock_location_AB12B341,AB12B341,__init.stock_location_A
__init.stock_location_AK01C314,AK01C314,__init.stock_location_A
__init.stock_location_AI17B617,AI17B617,__init.stock_location_A
__init.stock_location_AK05C121,AK05C121,__init.stock_location_A
__init.stock_location_AI07B422,AI07B422,__init.stock_location_A
__init.stock_location_AK03C626,AK03C626,__init.stock_location_A
__init.stock_location_AK03B130,AK03B130,__init.stock_location_A
__init.stock_location_AA01B142,AA01B142,__init.stock_location_A
__init.stock_location_AA01B243,AA01B243,__init.stock_location_A
__init.stock_location_AC13A144,AC13A144,__init.stock_location_A
__init.stock_location_AB06B162,AB06B162,__init.stock_location_A
__init.stock_location_AC02B163,AC02B163,__init.stock_location_A
__init.stock_location_AG10C922,AG10C922,__init.stock_location_A
__init.stock_location_AK04A423,AK04A423,__init.stock_location_A
__init.stock_location_AK01A125,AK01A125,__init.stock_location_A
__init.stock_location_AI13C226,AI13C226,__init.stock_location_A
__init.stock_location_AM04A627,AM04A627,__init.stock_location_A
__init.stock_location_AG10B828,AG10B828,__init.stock_location_A
__init.stock_location_AN05A229,AN05A229,__init.stock_location_A
__init.stock_location_AK03B330,AK03B330,__init.stock_location_A
__init.stock_location_AN03A631,AN03A631,__init.stock_location_A
__init.stock_location_AK03C833,AK03C833,__init.stock_location_A
__init.stock_location_AI15C534,AI15C534,__init.stock_location_A
__init.stock_location_AM06C235,AM06C235,__init.stock_location_A
__init.stock_location_AI15B336,AI15B336,__init.stock_location_A
__init.stock_location_AM06C837,AM06C837,__init.stock_location_A
__init.stock_location_AL08A325,AL08A325,__init.stock_location_A
__init.stock_location_AL08C526,AL08C526,__init.stock_location_A
__init.stock_location_AL08B427,AL08B427,__init.stock_location_A
__init.stock_location_AM06C028,AM06C028,__init.stock_location_A
__init.stock_location_AG06B629,AG06B629,__init.stock_location_A
__init.stock_location_AI15C331,AI15C331,__init.stock_location_A
__init.stock_location_AG05B466,AG05B466,__init.stock_location_A
__init.stock_location_AK04B270,AK04B270,__init.stock_location_A
__init.stock_location_AD18A171,AD18A171,__init.stock_location_A
__init.stock_location_AF10B399,AF10B399,__init.stock_location_A
__init.stock_location_AE07B638,AE07B638,__init.stock_location_A
__init.stock_location_AG03A245,AG03A245,__init.stock_location_A
__init.stock_location_AF03A346,AF03A346,__init.stock_location_A
__init.stock_location_AF05B547,AF05B547,__init.stock_location_A
__init.stock_location_AE05B507,AE05B507,__init.stock_location_A
__init.stock_location_AF05B708,AF05B708,__init.stock_location_A
__init.stock_location_AF07A309,AF07A309,__init.stock_location_A
__init.stock_location_AA11B308,AA11B308,__init.stock_location_A
__init.stock_location_AF05B316,AF05B316,__init.stock_location_A
__init.stock_location_AL03B595,AL03B595,__init.stock_location_A
__init.stock_location_AC12A256,AC12A256,__init.stock_location_A
__init.stock_location_AH02B460,AH02B460,__init.stock_location_A
__init.stock_location_AE07B261,AE07B261,__init.stock_location_A
__init.stock_location_AI15B866,AI15B866,__init.stock_location_A
__init.stock_location_AG07A567,AG07A567,__init.stock_location_A
__init.stock_location_AI10B768,AI10B768,__init.stock_location_A
__init.stock_location_AI09A360,AI09A360,__init.stock_location_A
__init.stock_location_AI10A161,AI10A161,__init.stock_location_A
__init.stock_location_AC11B169,AC11B169,__init.stock_location_A
__init.stock_location_AC11B169,AC11B169,__init.stock_location_A
__init.stock_location_AM07B192,AM07B192,__init.stock_location_A
__init.stock_location_AF10B895,AF10B895,__init.stock_location_A
__init.stock_location_AI12A796,AI12A796,__init.stock_location_A
__init.stock_location_AC12B235,AC12B235,__init.stock_location_A
__init.stock_location_AA01A339,AA01A339,__init.stock_location_A
__init.stock_location_AD05B540,AD05B540,__init.stock_location_A
__init.stock_location_AL07C151,AL07C151,__init.stock_location_A
__init.stock_location_AB15B197,AB15B197,__init.stock_location_A
__init.stock_location_AA02B298,AA02B298,__init.stock_location_A
__init.stock_location_AC05B399,AC05B399,__init.stock_location_A
__init.stock_location_AH02B728,AH02B728,__init.stock_location_A
__init.stock_location_AI17B165,AI17B165,__init.stock_location_A
__init.stock_location_AK03A593,AK03A593,__init.stock_location_A
__init.stock_location_AK03A593,AK03A593,__init.stock_location_A
__init.stock_location_AE06A148,AE06A148,__init.stock_location_A
__init.stock_location_AH02B353,AH02B353,__init.stock_location_A
__init.stock_location_AC04B154,AC04B154,__init.stock_location_A
__init.stock_location_AB07A255,AB07A255,__init.stock_location_A
__init.stock_location_AD08B458,AD08B458,__init.stock_location_A
__init.stock_location_AB15A262,AB15A262,__init.stock_location_A
__init.stock_location_AG10B120,AG10B120,__init.stock_location_A
__init.stock_location_AK05C922,AK05C922,__init.stock_location_A
__init.stock_location_AK06B824,AK06B824,__init.stock_location_A
__init.stock_location_AH02A444,AH02A444,__init.stock_location_A
__init.stock_location_AF03A145,AF03A145,__init.stock_location_A
__init.stock_location_AI05A269,AI05A269,__init.stock_location_A
__init.stock_location_AD13A270,AD13A270,__init.stock_location_A
__init.stock_location_AK04B707,AK04B707,__init.stock_location_A
__init.stock_location_AG10C608,AG10C608,__init.stock_location_A
__init.stock_location_AG08B410,AG08B410,__init.stock_location_A
__init.stock_location_AK05B216,AK05B216,__init.stock_location_A
__init.stock_location_AK01C617,AK01C617,__init.stock_location_A
__init.stock_location_AG10B319,AG10B319,__init.stock_location_A
__init.stock_location_AD07A349,AD07A349,__init.stock_location_A
__init.stock_location_AF03A278,AF03A278,__init.stock_location_A
__init.stock_location_AD02B267,AD02B267,__init.stock_location_A
__init.stock_location_AE04B444,AE04B444,__init.stock_location_A
__init.stock_location_AE06B357,AE06B357,__init.stock_location_A
__init.stock_location_AD07B358,AD07B358,__init.stock_location_A
__init.stock_location_AL07B288,AL07B288,__init.stock_location_A
__init.stock_location_AM07C289,AM07C289,__init.stock_location_A
__init.stock_location_AM07B590,AM07B590,__init.stock_location_A
__init.stock_location_AI15A296,AI15A296,__init.stock_location_A
__init.stock_location_AI11A397,AI11A397,__init.stock_location_A
__init.stock_location_AA02A208,AA02A208,__init.stock_location_A
__init.stock_location_AA09B147,AA09B147,__init.stock_location_A
__init.stock_location_AB13B148,AB13B148,__init.stock_location_A
__init.stock_location_AB16A149,AB16A149,__init.stock_location_A
__init.stock_location_AA06A262,AA06A262,__init.stock_location_A
__init.stock_location_AB14A265,AB14A265,__init.stock_location_A
__init.stock_location_AC04B266,AC04B266,__init.stock_location_A
__init.stock_location_AA04B167,AA04B167,__init.stock_location_A
__init.stock_location_ABO6B368,ABO6B368,__init.stock_location_A
__init.stock_location_AC09B286,AC09B286,__init.stock_location_A
__init.stock_location_AC14B390,AC14B390,__init.stock_location_A
__init.stock_location_AC11B292,AC11B292,__init.stock_location_A
__init.stock_location_AD15B392,AD15B392,__init.stock_location_A
__init.stock_location_AF07B495,AF07B495,__init.stock_location_A
__init.stock_location_AA03A365,AA03A365,__init.stock_location_A
__init.stock_location_AB11A266,AB11A266,__init.stock_location_A
__init.stock_location_AA04B300,AA04B300,__init.stock_location_A
__init.stock_location_AB15B201,AB15B201,__init.stock_location_A
__init.stock_location_AA05A302,AA05A302,__init.stock_location_A
__init.stock_location_AC06A203,AC06A203,__init.stock_location_A
__init.stock_location_AB06A276,AB06A276,__init.stock_location_A
__init.stock_location_AF10A378,AF10A378,__init.stock_location_A
__init.stock_location_AB12A479,AB12A479,__init.stock_location_A
__init.stock_location_AA04A281,AA04A281,__init.stock_location_A
__init.stock_location_AC11A282,AC11A282,__init.stock_location_A
__init.stock_location_AA02A383,AA02A383,__init.stock_location_A
__init.stock_location_AC06B484,AC06B484,__init.stock_location_A
__init.stock_location_AB14B185,AB14B185,__init.stock_location_A
__init.stock_location_AA05B486,AA05B486,__init.stock_location_A
__init.stock_location_AA02B188,AA02B188,__init.stock_location_A
__init.stock_location_AC13B489,AC13B489,__init.stock_location_A
__init.stock_location_AA11A347,AA11A347,__init.stock_location_A
__init.stock_location_AB03A348,AB03A348,__init.stock_location_A
__init.stock_location_AA13A149,AA13A149,__init.stock_location_A
__init.stock_location_AB05A262,AB05A262,__init.stock_location_A
__init.stock_location_AG07A263,AG07A263,__init.stock_location_A
__init.stock_location_AI13A264,AI13A264,__init.stock_location_A
__init.stock_location_AC03A466,AC03A466,__init.stock_location_A
__init.stock_location_AF09A167,AF09A167,__init.stock_location_A
__init.stock_location_AK04A269,AK04A269,__init.stock_location_A
__init.stock_location_AE05A170,AE05A170,__init.stock_location_A
__init.stock_location_AH02A271,AH02A271,__init.stock_location_A
__init.stock_location_AG05A172,AG05A172,__init.stock_location_A
__init.stock_location_AI14A473,AI14A473,__init.stock_location_A
__init.stock_location_AF08A474,AF08A474,__init.stock_location_A
__init.stock_location_AG04B195,AG04B195,__init.stock_location_A
__init.stock_location_AH06B501,AH06B501,__init.stock_location_A
__init.stock_location_AE04A222,AE04A222,__init.stock_location_A
__init.stock_location_AK01B617,AK01B617,__init.stock_location_A
__init.stock_location_AG06B501,AG06B501,__init.stock_location_A
__init.stock_location_AI09A131,AI09A131,__init.stock_location_A
__init.stock_location_AH01B550,AH01B550,__init.stock_location_A
__init.stock_location_AF02B994,AF02B994,__init.stock_location_A
__init.stock_location_AF09B615,AF09B615,__init.stock_location_A
__init.stock_location_AE09B216,AE09B216,__init.stock_location_A
__init.stock_location_AD04B123,AD04B123,__init.stock_location_A
__init.stock_location_AD02B428,AD02B428,__init.stock_location_A
__init.stock_location_AI11A106,AI11A106,__init.stock_location_A
__init.stock_location_AK05B409,AK05B409,__init.stock_location_A
__init.stock_location_AI10B411,AI10B411,__init.stock_location_A
__init.stock_location_AF02A513,AF02A513,__init.stock_location_A
__init.stock_location_AG04B316,AG04B316,__init.stock_location_A
__init.stock_location_AE09B517,AE09B517,__init.stock_location_A
__init.stock_location_AK06A444,AK06A444,__init.stock_location_A
__init.stock_location_AG06A451,AG06A451,__init.stock_location_A
__init.stock_location_AA09A241,AA09A241,__init.stock_location_A
__init.stock_location_AA03A270,AA03A270,__init.stock_location_A
__init.stock_location_AK01C823,AK01C823,__init.stock_location_A
__init.stock_location_AG05B587,AG05B587,__init.stock_location_A
__init.stock_location_AG10B759,AG10B759,__init.stock_location_A
__init.stock_location_AF08B160,AF08B160,__init.stock_location_A
__init.stock_location_AG10B461,AG10B461,__init.stock_location_A
__init.stock_location_AF10B662,AF10B662,__init.stock_location_A
__init.stock_location_AI12B364,AI12B364,__init.stock_location_A
__init.stock_location_AH04B765,AH04B765,__init.stock_location_A
__init.stock_location_AE05B258,AE05B258,__init.stock_location_A
__init.stock_location_AC04A363,AC04A363,__init.stock_location_A
__init.stock_location_AH04B465,AH04B465,__init.stock_location_A
__init.stock_location_AF05B166,AF05B166,__init.stock_location_A
__init.stock_location_AD04A167,AD04A167,__init.stock_location_A
__init.stock_location_AE14A168,AE14A168,__init.stock_location_A
__init.stock_location_AM04B389,AM04B389,__init.stock_location_A
__init.stock_location_AI12B700,AI12B700,__init.stock_location_A
__init.stock_location_AI13C426,AI13C426,__init.stock_location_A
__init.stock_location_AM08C244,AM08C244,__init.stock_location_A
__init.stock_location_AI17C270,AI17C270,__init.stock_location_A
__init.stock_location_AI17C575,AI17C575,__init.stock_location_A
__init.stock_location_AM04C612,AM04C612,__init.stock_location_A
__init.stock_location_AB07B386,AB07B386,__init.stock_location_A
__init.stock_location_AA03B187,AA03B187,__init.stock_location_A
__init.stock_location_AK01C400,AK01C400,__init.stock_location_A
__init.stock_location_AI10B606,AI10B606,__init.stock_location_A
__init.stock_location_AK03C410,AK03C410,__init.stock_location_A
__init.stock_location_AF06B118,AF06B118,__init.stock_location_A
__init.stock_location_AI14A119,AI14A119,__init.stock_location_A
__init.stock_location_AI15C927,AI15C927,__init.stock_location_A
__init.stock_location_AM04B632,AM04B632,__init.stock_location_A
__init.stock_location_AE06A223,AE06A223,__init.stock_location_A
__init.stock_location_AG10B054,AG10B054,__init.stock_location_A
__init.stock_location_AG03B455,AG03B455,__init.stock_location_A
__init.stock_location_AK06B562,AK06B562,__init.stock_location_A
__init.stock_location_AI14B101,AI14B101,__init.stock_location_A
__init.stock_location_AE07B881,AE07B881,__init.stock_location_A
__init.stock_location_AE07B881,AE07B881,__init.stock_location_A
__init.stock_location_AD18B251,AD18B251,__init.stock_location_A
__init.stock_location_AK04B600,AK04B600,__init.stock_location_A
__init.stock_location_AG06C748,AG06C748,__init.stock_location_A
__init.stock_location_AF09B343,AF09B343,__init.stock_location_A
__init.stock_location_AD08A166,AD08A166,__init.stock_location_A
__init.stock_location_AD11B549,AD11B549,__init.stock_location_A
__init.stock_location_AC03B355,AC03B355,__init.stock_location_A
__init.stock_location_AH02B121,AH02B121,__init.stock_location_A
__init.stock_location_AA01B344,AA01B344,__init.stock_location_A
__init.stock_location_ABO8B350,ABO8B350,__init.stock_location_A
__init.stock_location_AD07B296,AD07B296,__init.stock_location_A
__init.stock_location_AC13B204,AC13B204,__init.stock_location_A
__init.stock_location_AD11B122,AD11B122,__init.stock_location_A
__init.stock_location_AD13B374,AD13B374,__init.stock_location_A
__init.stock_location_AD15A180,AD15A180,__init.stock_location_A
__init.stock_location_AB13A234,AB13A234,__init.stock_location_A
__init.stock_location_AC10B117,AC10B117,__init.stock_location_A
__init.stock_location_AC02B369,AC02B369,__init.stock_location_A
__init.stock_location_AD18B506,AD18B506,__init.stock_location_A
__init.stock_location_AE07B741,AE07B741,__init.stock_location_A
__init.stock_location_AC01B415,AC01B415,__init.stock_location_A
__init.stock_location_AF06C433,AF06C433,__init.stock_location_A
__init.stock_location_AF09B556,AF09B556,__init.stock_location_A
__init.stock_location_AG10A372,AG10A372,__init.stock_location_A
__init.stock_location_AN03C132,AN03C132,__init.stock_location_A
__init.stock_location_AF02C703,AF02C703,__init.stock_location_A
__init.stock_location_AI10B826,AI10B826,__init.stock_location_A
__init.stock_location_AF04C518,AF04C518,__init.stock_location_A
__init.stock_location_AI12B424,AI12B424,__init.stock_location_A
__init.stock_location_AK03C243,AK03C243,__init.stock_location_A
__init.stock_location_AK04C366,AK04C366,__init.stock_location_A
__init.stock_location_AB15B395,AB15B395,__init.stock_location_A
__init.stock_location_AE03B636,AE03B636,__init.stock_location_A
__init.stock_location_AC11B342,AC11B342,__init.stock_location_A
__init.stock_location_AF02A371,AF02A371,__init.stock_location_A
__init.stock_location_AI13B419,AI13B419,__init.stock_location_A
__init.stock_location_AF04A442,AF04A442,__init.stock_location_A
__init.stock_location_AC09A195,AC09A195,__init.stock_location_A
__init.stock_location_AF03B153,AF03B153,__init.stock_location_A
__init.stock_location_AH06B539,AH06B539,__init.stock_location_A
__init.stock_location_AE09A245,AE09A245,__init.stock_location_A
__init.stock_location_AE04A146,AE04A146,__init.stock_location_A
__init.stock_location_AE09B148,AE09B148,__init.stock_location_A
__init.stock_location_AL03A703,AL03A703,__init.stock_location_A
__init.stock_location_AM02A322,AM02A322,__init.stock_location_A
__init.stock_location_AH08A268,AH08A268,__init.stock_location_A
__init.stock_location_AL03B280,AL03B280,__init.stock_location_A
__init.stock_location_AG01A160,AG01A160,__init.stock_location_A
__init.stock_location_AC03B424,AC03B424,__init.stock_location_A
__init.stock_location_AG07A630,AG07A630,__init.stock_location_A
__init.stock_location_AI14B300,AI14B300,__init.stock_location_A
__init.stock_location_AI14B600,AI14B600,__init.stock_location_A
__init.stock_location_AI15B400,AI15B400,__init.stock_location_A
__init.stock_location_AN05B700,AN05B700,__init.stock_location_A
__init.stock_location_AF02B301,AF02B301,__init.stock_location_A
__init.stock_location_AI13B942,AI13B942,__init.stock_location_A
__init.stock_location_AG06B243,AG06B243,__init.stock_location_A
__init.stock_location_AF04B544,AF04B544,__init.stock_location_A
__init.stock_location_AI09B189,AI09B189,__init.stock_location_A
__init.stock_location_AI15B192,AI15B192,__init.stock_location_A
__init.stock_location_AI05B317,AI05B317,__init.stock_location_A
__init.stock_location_AI15C769,AI15C769,__init.stock_location_A
__init.stock_location_AK03C758,AK03C758,__init.stock_location_A
__init.stock_location_AG10C760,AG10C760,__init.stock_location_A
__init.stock_location_AK03B461,AK03B461,__init.stock_location_A
__init.stock_location_AK03B461,AK03B461,__init.stock_location_A
__init.stock_location_AE09A468,AE09A468,__init.stock_location_A
__init.stock_location_AK01B969,AK01B969,__init.stock_location_A
__init.stock_location_AI14B470,AI14B470,__init.stock_location_A
__init.stock_location_AN07B171,AN07B171,__init.stock_location_A
__init.stock_location_AH06A591,AH06A591,__init.stock_location_A
__init.stock_location_AK05A588,AK05A588,__init.stock_location_A
__init.stock_location_AB10A390,AB10A390,__init.stock_location_A
__init.stock_location_AI14A791,AI14A791,__init.stock_location_A
__init.stock_location_AK05C808,AK05C808,__init.stock_location_A
__init.stock_location_AI12B613,AI12B613,__init.stock_location_A
__init.stock_location_AC11A336,AC11A336,__init.stock_location_A
__init.stock_location_AL03B600,AL03B600,__init.stock_location_A
__init.stock_location_AM06B100,AM06B100,__init.stock_location_A
__init.stock_location_AM04C400,AM04C400,__init.stock_location_A
__init.stock_location_AL03B400,AL03B400,__init.stock_location_A
__init.stock_location_AL08A100,AL08A100,__init.stock_location_A
__init.stock_location_AM08A300,AM08A300,__init.stock_location_A
__init.stock_location_P,P,__init.stock_location_materiel
__init.stock_location_PI16C1  ,PI16C1  ,__init.stock_location_P
__init.stock_location_PI16C2  ,PI16C2  ,__init.stock_location_P
__init.stock_location_PI16C3  ,PI16C3  ,__init.stock_location_P
__init.stock_location_PI16D1  ,PI16D1  ,__init.stock_location_P
__init.stock_location_PI16D2  ,PI16D2  ,__init.stock_location_P
__init.stock_location_PI16D3  ,PI16D3  ,__init.stock_location_P
__init.stock_location_PI17D1  ,PI17D1  ,__init.stock_location_P
__init.stock_location_PI18C1  ,PI18C1  ,__init.stock_location_P
__init.stock_location_PI18C2  ,PI18C2  ,__init.stock_location_P
__init.stock_location_PI18C3  ,PI18C3  ,__init.stock_location_P
__init.stock_location_PI18D1  ,PI18D1  ,__init.stock_location_P
__init.stock_location_PI18D2  ,PI18D2  ,__init.stock_location_P
__init.stock_location_PI20C1  ,PI20C1  ,__init.stock_location_P
__init.stock_location_PI20C2  ,PI20C2  ,__init.stock_location_P
__init.stock_location_PI20C3  ,PI20C3  ,__init.stock_location_P
__init.stock_location_PI20D2  ,PI20D2  ,__init.stock_location_P
__init.stock_location_PI20D3  ,PI20D3  ,__init.stock_location_P
__init.stock_location_PI20D4  ,PI20D4  ,__init.stock_location_P
__init.stock_location_PK10C1  ,PK10C1  ,__init.stock_location_P
__init.stock_location_PK10C2  ,PK10C2  ,__init.stock_location_P
__init.stock_location_PK10C3  ,PK10C3  ,__init.stock_location_P
__init.stock_location_PK10D1  ,PK10D1  ,__init.stock_location_P
__init.stock_location_PK10D3  ,PK10D3  ,__init.stock_location_P
__init.stock_location_PK12C1  ,PK12C1  ,__init.stock_location_P
__init.stock_location_PK12C2  ,PK12C2  ,__init.stock_location_P
__init.stock_location_PK12C3  ,PK12C3  ,__init.stock_location_P
__init.stock_location_PK12C4  ,PK12C4  ,__init.stock_location_P
__init.stock_location_PK12D1  ,PK12D1  ,__init.stock_location_P
__init.stock_location_PK12D2  ,PK12D2  ,__init.stock_location_P
__init.stock_location_PK12D3  ,PK12D3  ,__init.stock_location_P
__init.stock_location_PK14C1  ,PK14C1  ,__init.stock_location_P
__init.stock_location_PK14C2  ,PK14C2  ,__init.stock_location_P
__init.stock_location_PK14D1  ,PK14D1  ,__init.stock_location_P
__init.stock_location_PK14D2  ,PK14D2  ,__init.stock_location_P
__init.stock_location_PK14D3  ,PK14D3  ,__init.stock_location_P
__init.stock_location_PK16C1  ,PK16C1  ,__init.stock_location_P
__init.stock_location_PK16C3  ,PK16C3  ,__init.stock_location_P
__init.stock_location_PK16D1  ,PK16D1  ,__init.stock_location_P
__init.stock_location_PK16D2  ,PK16D2  ,__init.stock_location_P
__init.stock_location_PK16D3  ,PK16D3  ,__init.stock_location_P
__init.stock_location_PK18C1  ,PK18C1  ,__init.stock_location_P
__init.stock_location_PK18C2  ,PK18C2  ,__init.stock_location_P
__init.stock_location_PK18D1  ,PK18D1  ,__init.stock_location_P
__init.stock_location_PK18D2  ,PK18D2  ,__init.stock_location_P
__init.stock_location_PK18D3  ,PK18D3  ,__init.stock_location_P
__init.stock_location_PK20C1  ,PK20C1  ,__init.stock_location_P
__init.stock_location_PK20C2  ,PK20C2  ,__init.stock_location_P
__init.stock_location_PK20C3  ,PK20C3  ,__init.stock_location_P
__init.stock_location_PK20D2  ,PK20D2  ,__init.stock_location_P
__init.stock_location_PK20D3  ,PK20D3  ,__init.stock_location_P
__init.stock_location_PL01D1  ,PL01D1  ,__init.stock_location_P
__init.stock_location_PL01D2  ,PL01D2  ,__init.stock_location_P
__init.stock_location_PL01D3  ,PL01D3  ,__init.stock_location_P
__init.stock_location_PL01E1  ,PL01E1  ,__init.stock_location_P
__init.stock_location_PL01E2  ,PL01E2  ,__init.stock_location_P
__init.stock_location_PL01E3  ,PL01E3  ,__init.stock_location_P
__init.stock_location_PL03D1  ,PL03D1  ,__init.stock_location_P
__init.stock_location_PL03D2  ,PL03D2  ,__init.stock_location_P
__init.stock_location_PL03D3  ,PL03D3  ,__init.stock_location_P
__init.stock_location_PL03E1  ,PL03E1  ,__init.stock_location_P
__init.stock_location_PL03E2  ,PL03E2  ,__init.stock_location_P
__init.stock_location_PL03E3  ,PL03E3  ,__init.stock_location_P
__init.stock_location_E,E,__init.stock_location_materiel
__init.stock_location_EOA101  ,EOA101  ,__init.stock_location_E
__init.stock_location_EOA102  ,EOA102  ,__init.stock_location_E
__init.stock_location_EOA103  ,EOA103  ,__init.stock_location_E
__init.stock_location_EOA104  ,EOA104  ,__init.stock_location_E
__init.stock_location_EOA105  ,EOA105  ,__init.stock_location_E
__init.stock_location_EOA106  ,EOA106  ,__init.stock_location_E
__init.stock_location_EOA107  ,EOA107  ,__init.stock_location_E
__init.stock_location_EOA108  ,EOA108  ,__init.stock_location_E
__init.stock_location_EOA109  ,EOA109  ,__init.stock_location_E
__init.stock_location_EOA110  ,EOA110  ,__init.stock_location_E
__init.stock_location_EOA111  ,EOA111  ,__init.stock_location_E
__init.stock_location_EOA112  ,EOA112  ,__init.stock_location_E
__init.stock_location_EOA113  ,EOA113  ,__init.stock_location_E
__init.stock_location_EOA114  ,EOA114  ,__init.stock_location_E
__init.stock_location_EOA115  ,EOA115  ,__init.stock_location_E
__init.stock_location_EOA116  ,EOA116  ,__init.stock_location_E
__init.stock_location_EOA117  ,EOA117  ,__init.stock_location_E
__init.stock_location_EOA118  ,EOA118  ,__init.stock_location_E
__init.stock_location_EOA119  ,EOA119  ,__init.stock_location_E
__init.stock_location_EOA120  ,EOA120  ,__init.stock_location_E
__init.stock_location_EOA121  ,EOA121  ,__init.stock_location_E
__init.stock_location_EOA122  ,EOA122  ,__init.stock_location_E
__init.stock_location_EOA123  ,EOA123  ,__init.stock_location_E
__init.stock_location_EOA124  ,EOA124  ,__init.stock_location_E
__init.stock_location_EOA125  ,EOA125  ,__init.stock_location_E
__init.stock_location_EOA126  ,EOA126  ,__init.stock_location_E
__init.stock_location_EOA127  ,EOA127  ,__init.stock_location_E
__init.stock_location_EOA128  ,EOA128  ,__init.stock_location_E
__init.stock_location_EOA129  ,EOA129  ,__init.stock_location_E
__init.stock_location_EOA130  ,EOA130  ,__init.stock_location_E
__init.stock_location_EOA131  ,EOA131  ,__init.stock_location_E
__init.stock_location_EOA132  ,EOA132  ,__init.stock_location_E
__init.stock_location_EOA133  ,EOA133  ,__init.stock_location_E
__init.stock_location_EOA134  ,EOA134  ,__init.stock_location_E
__init.stock_location_EOA135  ,EOA135  ,__init.stock_location_E
__init.stock_location_EOA136  ,EOA136  ,__init.stock_location_E
__init.stock_location_EOA137  ,EOA137  ,__init.stock_location_E
__init.stock_location_EOA138  ,EOA138  ,__init.stock_location_E
__init.stock_location_EOA139  ,EOA139  ,__init.stock_location_E
__init.stock_location_EOA140  ,EOA140  ,__init.stock_location_E
__init.stock_location_EOA141  ,EOA141  ,__init.stock_location_E
__init.stock_location_EOA142  ,EOA142  ,__init.stock_location_E
__init.stock_location_EOA143  ,EOA143  ,__init.stock_location_E
__init.stock_location_EOA144  ,EOA144  ,__init.stock_location_E
__init.stock_location_EOA145  ,EOA145  ,__init.stock_location_E
__init.stock_location_EOA146  ,EOA146  ,__init.stock_location_E
__init.stock_location_EOA147  ,EOA147  ,__init.stock_location_E
__init.stock_location_EOA148  ,EOA148  ,__init.stock_location_E
__init.stock_location_EOA149  ,EOA149  ,__init.stock_location_E
__init.stock_location_EOA150  ,EOA150  ,__init.stock_location_E
__init.stock_location_EOA151  ,EOA151  ,__init.stock_location_E
__init.stock_location_EOA152  ,EOA152  ,__init.stock_location_E
__init.stock_location_EOA153  ,EOA153  ,__init.stock_location_E
__init.stock_location_EOA154  ,EOA154  ,__init.stock_location_E
__init.stock_location_EOA156  ,EOA156  ,__init.stock_location_E
__init.stock_location_EOA157  ,EOA157  ,__init.stock_location_E
__init.stock_location_EOA158  ,EOA158  ,__init.stock_location_E
__init.stock_location_EOA159  ,EOA159  ,__init.stock_location_E
__init.stock_location_EOA160  ,EOA160  ,__init.stock_location_E
__init.stock_location_EOA161  ,EOA161  ,__init.stock_location_E
__init.stock_location_EOA162  ,EOA162  ,__init.stock_location_E
__init.stock_location_EOA163  ,EOA163  ,__init.stock_location_E
__init.stock_location_EOA165  ,EOA165  ,__init.stock_location_E
__init.stock_location_EOA166  ,EOA166  ,__init.stock_location_E
__init.stock_location_EOA167  ,EOA167  ,__init.stock_location_E
__init.stock_location_EOA168  ,EOA168  ,__init.stock_location_E
__init.stock_location_EOA169  ,EOA169  ,__init.stock_location_E
__init.stock_location_EOA170  ,EOA170  ,__init.stock_location_E
__init.stock_location_EOA171  ,EOA171  ,__init.stock_location_E
__init.stock_location_EOA172  ,EOA172  ,__init.stock_location_E
__init.stock_location_EOA173  ,EOA173  ,__init.stock_location_E
__init.stock_location_EOA174  ,EOA174  ,__init.stock_location_E
__init.stock_location_EOA176  ,EOA176  ,__init.stock_location_E
__init.stock_location_EOA177  ,EOA177  ,__init.stock_location_E
__init.stock_location_EOA178  ,EOA178  ,__init.stock_location_E
__init.stock_location_EOA179  ,EOA179  ,__init.stock_location_E
__init.stock_location_EOA180  ,EOA180  ,__init.stock_location_E
__init.stock_location_EOA181  ,EOA181  ,__init.stock_location_E
__init.stock_location_EOA182  ,EOA182  ,__init.stock_location_E
__init.stock_location_EOA183  ,EOA183  ,__init.stock_location_E
__init.stock_location_EOA184  ,EOA184  ,__init.stock_location_E
__init.stock_location_EOA185  ,EOA185  ,__init.stock_location_E
__init.stock_location_EOA188  ,EOA188  ,__init.stock_location_E
__init.stock_location_EOA189  ,EOA189  ,__init.stock_location_E
__init.stock_location_EOA190  ,EOA190  ,__init.stock_location_E
__init.stock_location_EOA191  ,EOA191  ,__init.stock_location_E
__init.stock_location_EOA192  ,EOA192  ,__init.stock_location_E
__init.stock_location_EOA193  ,EOA193  ,__init.stock_location_E
__init.stock_location_EOA194  ,EOA194  ,__init.stock_location_E
__init.stock_location_EOA195  ,EOA195  ,__init.stock_location_E
__init.stock_location_EOA196  ,EOA196  ,__init.stock_location_E
__init.stock_location_EOA197  ,EOA197  ,__init.stock_location_E
__init.stock_location_EOA198  ,EOA198  ,__init.stock_location_E
__init.stock_location_EOA199  ,EOA199  ,__init.stock_location_E
__init.stock_location_EOA201  ,EOA201  ,__init.stock_location_E
__init.stock_location_EOA202  ,EOA202  ,__init.stock_location_E
__init.stock_location_EOA204  ,EOA204  ,__init.stock_location_E
__init.stock_location_EOA205  ,EOA205  ,__init.stock_location_E
__init.stock_location_EOA206  ,EOA206  ,__init.stock_location_E
__init.stock_location_EOA207  ,EOA207  ,__init.stock_location_E
__init.stock_location_EOA208  ,EOA208  ,__init.stock_location_E
__init.stock_location_EOA209  ,EOA209  ,__init.stock_location_E
__init.stock_location_EOA210  ,EOA210  ,__init.stock_location_E
__init.stock_location_EOA211  ,EOA211  ,__init.stock_location_E
__init.stock_location_EOA212  ,EOA212  ,__init.stock_location_E
__init.stock_location_EOA213  ,EOA213  ,__init.stock_location_E
__init.stock_location_EOA214  ,EOA214  ,__init.stock_location_E
__init.stock_location_EOA215  ,EOA215  ,__init.stock_location_E
__init.stock_location_EOA216  ,EOA216  ,__init.stock_location_E
__init.stock_location_EOA217  ,EOA217  ,__init.stock_location_E
__init.stock_location_EOA218  ,EOA218  ,__init.stock_location_E
__init.stock_location_EOA219  ,EOA219  ,__init.stock_location_E
__init.stock_location_EOA221  ,EOA221  ,__init.stock_location_E
__init.stock_location_EOA222  ,EOA222  ,__init.stock_location_E
__init.stock_location_EOA223  ,EOA223  ,__init.stock_location_E
__init.stock_location_EOA224  ,EOA224  ,__init.stock_location_E
__init.stock_location_EOA225  ,EOA225  ,__init.stock_location_E
__init.stock_location_EOA226  ,EOA226  ,__init.stock_location_E
__init.stock_location_EOA227  ,EOA227  ,__init.stock_location_E
__init.stock_location_EOA229  ,EOA229  ,__init.stock_location_E
__init.stock_location_EOA230  ,EOA230  ,__init.stock_location_E
__init.stock_location_EOA232  ,EOA232  ,__init.stock_location_E
__init.stock_location_EOA233  ,EOA233  ,__init.stock_location_E
__init.stock_location_EOA234  ,EOA234  ,__init.stock_location_E
__init.stock_location_EOA235  ,EOA235  ,__init.stock_location_E
__init.stock_location_EOA236  ,EOA236  ,__init.stock_location_E
__init.stock_location_EOA238  ,EOA238  ,__init.stock_location_E
__init.stock_location_EOB100  ,EOB100  ,__init.stock_location_E
__init.stock_location_EOB101  ,EOB101  ,__init.stock_location_E
__init.stock_location_EOB102  ,EOB102  ,__init.stock_location_E
__init.stock_location_EOB103  ,EOB103  ,__init.stock_location_E
__init.stock_location_EOB104  ,EOB104  ,__init.stock_location_E
__init.stock_location_EOB105  ,EOB105  ,__init.stock_location_E
__init.stock_location_EOB106  ,EOB106  ,__init.stock_location_E
__init.stock_location_EOB107  ,EOB107  ,__init.stock_location_E
__init.stock_location_EOB108  ,EOB108  ,__init.stock_location_E
__init.stock_location_EOB109  ,EOB109  ,__init.stock_location_E
__init.stock_location_EOB111  ,EOB111  ,__init.stock_location_E
__init.stock_location_EOB112  ,EOB112  ,__init.stock_location_E
__init.stock_location_EOB113  ,EOB113  ,__init.stock_location_E
__init.stock_location_EOB115  ,EOB115  ,__init.stock_location_E
__init.stock_location_EOB116  ,EOB116  ,__init.stock_location_E
__init.stock_location_EOB117  ,EOB117  ,__init.stock_location_E
__init.stock_location_EOB118  ,EOB118  ,__init.stock_location_E
__init.stock_location_EOB120  ,EOB120  ,__init.stock_location_E
__init.stock_location_EOB121  ,EOB121  ,__init.stock_location_E
__init.stock_location_EOB123  ,EOB123  ,__init.stock_location_E
__init.stock_location_EOB124  ,EOB124  ,__init.stock_location_E
__init.stock_location_EOB125  ,EOB125  ,__init.stock_location_E
__init.stock_location_EOB126  ,EOB126  ,__init.stock_location_E
__init.stock_location_EOB127  ,EOB127  ,__init.stock_location_E
__init.stock_location_EOB128  ,EOB128  ,__init.stock_location_E
__init.stock_location_EOB129  ,EOB129  ,__init.stock_location_E
__init.stock_location_EOB130  ,EOB130  ,__init.stock_location_E
__init.stock_location_EOB131  ,EOB131  ,__init.stock_location_E
__init.stock_location_EOB132  ,EOB132  ,__init.stock_location_E
__init.stock_location_EOB133  ,EOB133  ,__init.stock_location_E
__init.stock_location_EOB134  ,EOB134  ,__init.stock_location_E
__init.stock_location_EOB135  ,EOB135  ,__init.stock_location_E
__init.stock_location_EOB137  ,EOB137  ,__init.stock_location_E
__init.stock_location_EOB138  ,EOB138  ,__init.stock_location_E
__init.stock_location_EOB141  ,EOB141  ,__init.stock_location_E
__init.stock_location_EOB144  ,EOB144  ,__init.stock_location_E
__init.stock_location_EOB145  ,EOB145  ,__init.stock_location_E
__init.stock_location_EOB146  ,EOB146  ,__init.stock_location_E
__init.stock_location_EOB148  ,EOB148  ,__init.stock_location_E
__init.stock_location_EOB149  ,EOB149  ,__init.stock_location_E
__init.stock_location_EOB150  ,EOB150  ,__init.stock_location_E
__init.stock_location_EOB152  ,EOB152  ,__init.stock_location_E
__init.stock_location_EOB154  ,EOB154  ,__init.stock_location_E
__init.stock_location_EOB155  ,EOB155  ,__init.stock_location_E
__init.stock_location_EOB156  ,EOB156  ,__init.stock_location_E
__init.stock_location_EOB157  ,EOB157  ,__init.stock_location_E
__init.stock_location_EOB158  ,EOB158  ,__init.stock_location_E
__init.stock_location_EOB159  ,EOB159  ,__init.stock_location_E
__init.stock_location_EOB160  ,EOB160  ,__init.stock_location_E
__init.stock_location_EOB161  ,EOB161  ,__init.stock_location_E
__init.stock_location_EOB163  ,EOB163  ,__init.stock_location_E
__init.stock_location_EOB164  ,EOB164  ,__init.stock_location_E
__init.stock_location_EOB165  ,EOB165  ,__init.stock_location_E
__init.stock_location_EOB166  ,EOB166  ,__init.stock_location_E
__init.stock_location_EOB167  ,EOB167  ,__init.stock_location_E
__init.stock_location_EOB168  ,EOB168  ,__init.stock_location_E
__init.stock_location_EOB169  ,EOB169  ,__init.stock_location_E
__init.stock_location_EOB170  ,EOB170  ,__init.stock_location_E
__init.stock_location_EOB171  ,EOB171  ,__init.stock_location_E
__init.stock_location_EOB172  ,EOB172  ,__init.stock_location_E
__init.stock_location_EOB173  ,EOB173  ,__init.stock_location_E
__init.stock_location_EOB174  ,EOB174  ,__init.stock_location_E
__init.stock_location_EOB175  ,EOB175  ,__init.stock_location_E
__init.stock_location_EOB176  ,EOB176  ,__init.stock_location_E
__init.stock_location_EOB177  ,EOB177  ,__init.stock_location_E
__init.stock_location_EOB179  ,EOB179  ,__init.stock_location_E
__init.stock_location_EOB180  ,EOB180  ,__init.stock_location_E
__init.stock_location_EOB181  ,EOB181  ,__init.stock_location_E
__init.stock_location_EOB182  ,EOB182  ,__init.stock_location_E
__init.stock_location_EOB183  ,EOB183  ,__init.stock_location_E
__init.stock_location_EOB184  ,EOB184  ,__init.stock_location_E
__init.stock_location_EOB186  ,EOB186  ,__init.stock_location_E
__init.stock_location_EOB188  ,EOB188  ,__init.stock_location_E
__init.stock_location_EOB189  ,EOB189  ,__init.stock_location_E
__init.stock_location_EOB191  ,EOB191  ,__init.stock_location_E
__init.stock_location_EOB193  ,EOB193  ,__init.stock_location_E
__init.stock_location_EOB195  ,EOB195  ,__init.stock_location_E
__init.stock_location_EOB198  ,EOB198  ,__init.stock_location_E
__init.stock_location_EOB200  ,EOB200  ,__init.stock_location_E
__init.stock_location_EOB201  ,EOB201  ,__init.stock_location_E
__init.stock_location_EOB202  ,EOB202  ,__init.stock_location_E
__init.stock_location_EOB203  ,EOB203  ,__init.stock_location_E
__init.stock_location_EOB204  ,EOB204  ,__init.stock_location_E
__init.stock_location_EOB205  ,EOB205  ,__init.stock_location_E
__init.stock_location_EOB206  ,EOB206  ,__init.stock_location_E
__init.stock_location_EOB208  ,EOB208  ,__init.stock_location_E
__init.stock_location_EOB209  ,EOB209  ,__init.stock_location_E
__init.stock_location_EOB210  ,EOB210  ,__init.stock_location_E
__init.stock_location_EOB211  ,EOB211  ,__init.stock_location_E
__init.stock_location_EOB214  ,EOB214  ,__init.stock_location_E
__init.stock_location_EOB216  ,EOB216  ,__init.stock_location_E
__init.stock_location_EOB217  ,EOB217  ,__init.stock_location_E
__init.stock_location_EOB218  ,EOB218  ,__init.stock_location_E
__init.stock_location_EOB219  ,EOB219  ,__init.stock_location_E
__init.stock_location_EOB222  ,EOB222  ,__init.stock_location_E
__init.stock_location_EOB223  ,EOB223  ,__init.stock_location_E
__init.stock_location_EOB224  ,EOB224  ,__init.stock_location_E
__init.stock_location_EOB225  ,EOB225  ,__init.stock_location_E
__init.stock_location_EOB226  ,EOB226  ,__init.stock_location_E
__init.stock_location_EOB227  ,EOB227  ,__init.stock_location_E
__init.stock_location_EOB228  ,EOB228  ,__init.stock_location_E
__init.stock_location_EOB229  ,EOB229  ,__init.stock_location_E
__init.stock_location_EOB230  ,EOB230  ,__init.stock_location_E
__init.stock_location_EOB231  ,EOB231  ,__init.stock_location_E
__init.stock_location_EOB232  ,EOB232  ,__init.stock_location_E
__init.stock_location_EOB233  ,EOB233  ,__init.stock_location_E
__init.stock_location_EOB234  ,EOB234  ,__init.stock_location_E
__init.stock_location_EOB235  ,EOB235  ,__init.stock_location_E
__init.stock_location_EOB236  ,EOB236  ,__init.stock_location_E
__init.stock_location_EOB237  ,EOB237  ,__init.stock_location_E
__init.stock_location_EOB238  ,EOB238  ,__init.stock_location_E
__init.stock_location_EOC102  ,EOC102  ,__init.stock_location_E
__init.stock_location_EOC103  ,EOC103  ,__init.stock_location_E
__init.stock_location_EOC107  ,EOC107  ,__init.stock_location_E
__init.stock_location_EOC108  ,EOC108  ,__init.stock_location_E
__init.stock_location_EOC109  ,EOC109  ,__init.stock_location_E
__init.stock_location_EOC110  ,EOC110  ,__init.stock_location_E
__init.stock_location_EOC111  ,EOC111  ,__init.stock_location_E
__init.stock_location_EOC112  ,EOC112  ,__init.stock_location_E
__init.stock_location_EOC113  ,EOC113  ,__init.stock_location_E
__init.stock_location_EOC114  ,EOC114  ,__init.stock_location_E
__init.stock_location_EOC116  ,EOC116  ,__init.stock_location_E
__init.stock_location_EOC117  ,EOC117  ,__init.stock_location_E
__init.stock_location_EOC118  ,EOC118  ,__init.stock_location_E
__init.stock_location_EOC119  ,EOC119  ,__init.stock_location_E
__init.stock_location_EOC120  ,EOC120  ,__init.stock_location_E
__init.stock_location_EOC121  ,EOC121  ,__init.stock_location_E
__init.stock_location_EOC122  ,EOC122  ,__init.stock_location_E
__init.stock_location_EOC123  ,EOC123  ,__init.stock_location_E
__init.stock_location_EOC124  ,EOC124  ,__init.stock_location_E
__init.stock_location_EOC125  ,EOC125  ,__init.stock_location_E
__init.stock_location_EOC126  ,EOC126  ,__init.stock_location_E
__init.stock_location_EOC127  ,EOC127  ,__init.stock_location_E
__init.stock_location_EOC128  ,EOC128  ,__init.stock_location_E
__init.stock_location_EOC129  ,EOC129  ,__init.stock_location_E
__init.stock_location_EOC130  ,EOC130  ,__init.stock_location_E
__init.stock_location_EOC131  ,EOC131  ,__init.stock_location_E
__init.stock_location_EOC132  ,EOC132  ,__init.stock_location_E
__init.stock_location_EOC134  ,EOC134  ,__init.stock_location_E
__init.stock_location_EOC135  ,EOC135  ,__init.stock_location_E
__init.stock_location_EOC136  ,EOC136  ,__init.stock_location_E
__init.stock_location_EOC137  ,EOC137  ,__init.stock_location_E
__init.stock_location_EOC138  ,EOC138  ,__init.stock_location_E
__init.stock_location_EOC139  ,EOC139  ,__init.stock_location_E
__init.stock_location_EOC140  ,EOC140  ,__init.stock_location_E
__init.stock_location_EOC141  ,EOC141  ,__init.stock_location_E
__init.stock_location_EOC142  ,EOC142  ,__init.stock_location_E
__init.stock_location_EOC143  ,EOC143  ,__init.stock_location_E
__init.stock_location_EOC144  ,EOC144  ,__init.stock_location_E
__init.stock_location_EOC145  ,EOC145  ,__init.stock_location_E
__init.stock_location_EOC146  ,EOC146  ,__init.stock_location_E
__init.stock_location_EOC147  ,EOC147  ,__init.stock_location_E
__init.stock_location_EOC148  ,EOC148  ,__init.stock_location_E
__init.stock_location_EOC149  ,EOC149  ,__init.stock_location_E
__init.stock_location_EOC152  ,EOC152  ,__init.stock_location_E
__init.stock_location_EOC153  ,EOC153  ,__init.stock_location_E
__init.stock_location_EOC154  ,EOC154  ,__init.stock_location_E
__init.stock_location_EOC155  ,EOC155  ,__init.stock_location_E
__init.stock_location_EOC156  ,EOC156  ,__init.stock_location_E
__init.stock_location_EOC157  ,EOC157  ,__init.stock_location_E
__init.stock_location_EOC158  ,EOC158  ,__init.stock_location_E
__init.stock_location_EOC159  ,EOC159  ,__init.stock_location_E
__init.stock_location_EOC160  ,EOC160  ,__init.stock_location_E
__init.stock_location_EOC161  ,EOC161  ,__init.stock_location_E
__init.stock_location_EOC162  ,EOC162  ,__init.stock_location_E
__init.stock_location_EOC163  ,EOC163  ,__init.stock_location_E
__init.stock_location_EOC164  ,EOC164  ,__init.stock_location_E
__init.stock_location_EOC165  ,EOC165  ,__init.stock_location_E
__init.stock_location_EOC166  ,EOC166  ,__init.stock_location_E
__init.stock_location_EOC167  ,EOC167  ,__init.stock_location_E
__init.stock_location_EOC168  ,EOC168  ,__init.stock_location_E
__init.stock_location_EOC169  ,EOC169  ,__init.stock_location_E
__init.stock_location_EOC170  ,EOC170  ,__init.stock_location_E
__init.stock_location_EOC171  ,EOC171  ,__init.stock_location_E
__init.stock_location_EOC173  ,EOC173  ,__init.stock_location_E
__init.stock_location_EOC174  ,EOC174  ,__init.stock_location_E
__init.stock_location_EOC175  ,EOC175  ,__init.stock_location_E
__init.stock_location_EOC176  ,EOC176  ,__init.stock_location_E
__init.stock_location_EOC177  ,EOC177  ,__init.stock_location_E
__init.stock_location_EOC178  ,EOC178  ,__init.stock_location_E
__init.stock_location_EOC179  ,EOC179  ,__init.stock_location_E
__init.stock_location_EOC180  ,EOC180  ,__init.stock_location_E
__init.stock_location_EOC181  ,EOC181  ,__init.stock_location_E
__init.stock_location_EOC182  ,EOC182  ,__init.stock_location_E
__init.stock_location_EOC183  ,EOC183  ,__init.stock_location_E
__init.stock_location_EOC184  ,EOC184  ,__init.stock_location_E
__init.stock_location_EOC185  ,EOC185  ,__init.stock_location_E
__init.stock_location_EOC186  ,EOC186  ,__init.stock_location_E
__init.stock_location_EOC187  ,EOC187  ,__init.stock_location_E
__init.stock_location_EOC188  ,EOC188  ,__init.stock_location_E
__init.stock_location_EOC189  ,EOC189  ,__init.stock_location_E
__init.stock_location_EOC190  ,EOC190  ,__init.stock_location_E
__init.stock_location_EOC191  ,EOC191  ,__init.stock_location_E
__init.stock_location_EOC192  ,EOC192  ,__init.stock_location_E
__init.stock_location_EOC195  ,EOC195  ,__init.stock_location_E
__init.stock_location_EOC196  ,EOC196  ,__init.stock_location_E
__init.stock_location_EOC197  ,EOC197  ,__init.stock_location_E
__init.stock_location_EOC198  ,EOC198  ,__init.stock_location_E
__init.stock_location_EOC199  ,EOC199  ,__init.stock_location_E
__init.stock_location_EOC200  ,EOC200  ,__init.stock_location_E
__init.stock_location_EOC201  ,EOC201  ,__init.stock_location_E
__init.stock_location_EOC202  ,EOC202  ,__init.stock_location_E
__init.stock_location_EOC203  ,EOC203  ,__init.stock_location_E
__init.stock_location_EOC204  ,EOC204  ,__init.stock_location_E
__init.stock_location_EOC206  ,EOC206  ,__init.stock_location_E
__init.stock_location_EOC208  ,EOC208  ,__init.stock_location_E
__init.stock_location_EOC209  ,EOC209  ,__init.stock_location_E
__init.stock_location_EOC210  ,EOC210  ,__init.stock_location_E
__init.stock_location_EOC211  ,EOC211  ,__init.stock_location_E
__init.stock_location_EOC212  ,EOC212  ,__init.stock_location_E
__init.stock_location_EOC214  ,EOC214  ,__init.stock_location_E
__init.stock_location_EOC215  ,EOC215  ,__init.stock_location_E
__init.stock_location_EOC216  ,EOC216  ,__init.stock_location_E
__init.stock_location_EOC217  ,EOC217  ,__init.stock_location_E
__init.stock_location_EOC219  ,EOC219  ,__init.stock_location_E
__init.stock_location_EOC220  ,EOC220  ,__init.stock_location_E
__init.stock_location_EOC221  ,EOC221  ,__init.stock_location_E
__init.stock_location_EOC222  ,EOC222  ,__init.stock_location_E
__init.stock_location_EOC223  ,EOC223  ,__init.stock_location_E
__init.stock_location_EOC224  ,EOC224  ,__init.stock_location_E
__init.stock_location_EOC225  ,EOC225  ,__init.stock_location_E
__init.stock_location_EOC228  ,EOC228  ,__init.stock_location_E
__init.stock_location_EOC229  ,EOC229  ,__init.stock_location_E
__init.stock_location_EOC230  ,EOC230  ,__init.stock_location_E
__init.stock_location_EOC231  ,EOC231  ,__init.stock_location_E
__init.stock_location_EOC232  ,EOC232  ,__init.stock_location_E
__init.stock_location_EOC233  ,EOC233  ,__init.stock_location_E
__init.stock_location_EOC234  ,EOC234  ,__init.stock_location_E
__init.stock_location_EOC235  ,EOC235  ,__init.stock_location_E
__init.stock_location_EOC237  ,EOC237  ,__init.stock_location_E
__init.stock_location_EOC238  ,EOC238  ,__init.stock_location_E
__init.stock_location_EOC239  ,EOC239  ,__init.stock_location_E
__init.stock_location_EOD100  ,EOD100  ,__init.stock_location_E
__init.stock_location_EOD101  ,EOD101  ,__init.stock_location_E
__init.stock_location_EOD102  ,EOD102  ,__init.stock_location_E
__init.stock_location_EOD103  ,EOD103  ,__init.stock_location_E
__init.stock_location_EOD104  ,EOD104  ,__init.stock_location_E
__init.stock_location_EOD106  ,EOD106  ,__init.stock_location_E
__init.stock_location_EOD107  ,EOD107  ,__init.stock_location_E
__init.stock_location_EOD108  ,EOD108  ,__init.stock_location_E
__init.stock_location_EOD109  ,EOD109  ,__init.stock_location_E
__init.stock_location_EOD110  ,EOD110  ,__init.stock_location_E
__init.stock_location_EOD112  ,EOD112  ,__init.stock_location_E
__init.stock_location_EOD113  ,EOD113  ,__init.stock_location_E
__init.stock_location_EOD114  ,EOD114  ,__init.stock_location_E
__init.stock_location_EOD115  ,EOD115  ,__init.stock_location_E
__init.stock_location_EOD116  ,EOD116  ,__init.stock_location_E
__init.stock_location_EOD117  ,EOD117  ,__init.stock_location_E
__init.stock_location_EOD118  ,EOD118  ,__init.stock_location_E
__init.stock_location_EOD119  ,EOD119  ,__init.stock_location_E
__init.stock_location_EOD120  ,EOD120  ,__init.stock_location_E
__init.stock_location_EOD122  ,EOD122  ,__init.stock_location_E
__init.stock_location_EOD124  ,EOD124  ,__init.stock_location_E
__init.stock_location_EOD125  ,EOD125  ,__init.stock_location_E
__init.stock_location_EOD126  ,EOD126  ,__init.stock_location_E
__init.stock_location_EOD127  ,EOD127  ,__init.stock_location_E
__init.stock_location_EOD129  ,EOD129  ,__init.stock_location_E
__init.stock_location_EOD130  ,EOD130  ,__init.stock_location_E
__init.stock_location_EOD133  ,EOD133  ,__init.stock_location_E
__init.stock_location_EOD134  ,EOD134  ,__init.stock_location_E
__init.stock_location_EOD136  ,EOD136  ,__init.stock_location_E
__init.stock_location_EOD137  ,EOD137  ,__init.stock_location_E
__init.stock_location_EOD138  ,EOD138  ,__init.stock_location_E
__init.stock_location_EOD139  ,EOD139  ,__init.stock_location_E
__init.stock_location_EOD140  ,EOD140  ,__init.stock_location_E
__init.stock_location_EOD141  ,EOD141  ,__init.stock_location_E
__init.stock_location_EOD142  ,EOD142  ,__init.stock_location_E
__init.stock_location_EOD143  ,EOD143  ,__init.stock_location_E
__init.stock_location_EOD144  ,EOD144  ,__init.stock_location_E
__init.stock_location_EOD145  ,EOD145  ,__init.stock_location_E
__init.stock_location_EOD146  ,EOD146  ,__init.stock_location_E
__init.stock_location_EOD147  ,EOD147  ,__init.stock_location_E
__init.stock_location_EOD148  ,EOD148  ,__init.stock_location_E
__init.stock_location_EOD149  ,EOD149  ,__init.stock_location_E
__init.stock_location_EOD150  ,EOD150  ,__init.stock_location_E
__init.stock_location_EOD151  ,EOD151  ,__init.stock_location_E
__init.stock_location_EOD152  ,EOD152  ,__init.stock_location_E
__init.stock_location_EOD153  ,EOD153  ,__init.stock_location_E
__init.stock_location_EOD154  ,EOD154  ,__init.stock_location_E
__init.stock_location_EOD155  ,EOD155  ,__init.stock_location_E
__init.stock_location_EOD156  ,EOD156  ,__init.stock_location_E
__init.stock_location_EOD158  ,EOD158  ,__init.stock_location_E
__init.stock_location_EOD159  ,EOD159  ,__init.stock_location_E
__init.stock_location_EOD160  ,EOD160  ,__init.stock_location_E
__init.stock_location_EOD161  ,EOD161  ,__init.stock_location_E
__init.stock_location_EOD162  ,EOD162  ,__init.stock_location_E
__init.stock_location_EOD164  ,EOD164  ,__init.stock_location_E
__init.stock_location_EOD165  ,EOD165  ,__init.stock_location_E
__init.stock_location_EOD166  ,EOD166  ,__init.stock_location_E
__init.stock_location_EOD167  ,EOD167  ,__init.stock_location_E
__init.stock_location_EOD168  ,EOD168  ,__init.stock_location_E
__init.stock_location_EOD173  ,EOD173  ,__init.stock_location_E
__init.stock_location_EOD174  ,EOD174  ,__init.stock_location_E
__init.stock_location_EOD175  ,EOD175  ,__init.stock_location_E
__init.stock_location_EOD176  ,EOD176  ,__init.stock_location_E
__init.stock_location_EOD177  ,EOD177  ,__init.stock_location_E
__init.stock_location_EOD178  ,EOD178  ,__init.stock_location_E
__init.stock_location_EOD180  ,EOD180  ,__init.stock_location_E
__init.stock_location_EOD182  ,EOD182  ,__init.stock_location_E
__init.stock_location_EOD183  ,EOD183  ,__init.stock_location_E
__init.stock_location_EOD184  ,EOD184  ,__init.stock_location_E
__init.stock_location_EOD185  ,EOD185  ,__init.stock_location_E
__init.stock_location_EOD187  ,EOD187  ,__init.stock_location_E
__init.stock_location_EOD188  ,EOD188  ,__init.stock_location_E
__init.stock_location_EOD197  ,EOD197  ,__init.stock_location_E
__init.stock_location_EOE100  ,EOE100  ,__init.stock_location_E
__init.stock_location_EOE101  ,EOE101  ,__init.stock_location_E
__init.stock_location_EOE102  ,EOE102  ,__init.stock_location_E
__init.stock_location_EOE107  ,EOE107  ,__init.stock_location_E
__init.stock_location_EOE108  ,EOE108  ,__init.stock_location_E
__init.stock_location_EOE110  ,EOE110  ,__init.stock_location_E
__init.stock_location_EOE111  ,EOE111  ,__init.stock_location_E
__init.stock_location_EOE113  ,EOE113  ,__init.stock_location_E
__init.stock_location_EOE114  ,EOE114  ,__init.stock_location_E
__init.stock_location_EOE115  ,EOE115  ,__init.stock_location_E
__init.stock_location_EOE117  ,EOE117  ,__init.stock_location_E
__init.stock_location_EOE118  ,EOE118  ,__init.stock_location_E
__init.stock_location_EOE119  ,EOE119  ,__init.stock_location_E
__init.stock_location_EOE120  ,EOE120  ,__init.stock_location_E
__init.stock_location_EOE121  ,EOE121  ,__init.stock_location_E
__init.stock_location_EOE122  ,EOE122  ,__init.stock_location_E
__init.stock_location_EOE123  ,EOE123  ,__init.stock_location_E
__init.stock_location_EOE124  ,EOE124  ,__init.stock_location_E
__init.stock_location_EOE125  ,EOE125  ,__init.stock_location_E
__init.stock_location_EOE126  ,EOE126  ,__init.stock_location_E
__init.stock_location_EOE128  ,EOE128  ,__init.stock_location_E
__init.stock_location_EOE129  ,EOE129  ,__init.stock_location_E
__init.stock_location_EOE130  ,EOE130  ,__init.stock_location_E
__init.stock_location_EOE132  ,EOE132  ,__init.stock_location_E
__init.stock_location_EOE133  ,EOE133  ,__init.stock_location_E
__init.stock_location_EOE134  ,EOE134  ,__init.stock_location_E
__init.stock_location_EOE135  ,EOE135  ,__init.stock_location_E
__init.stock_location_EOE136  ,EOE136  ,__init.stock_location_E
__init.stock_location_EOE137  ,EOE137  ,__init.stock_location_E
__init.stock_location_EOE138  ,EOE138  ,__init.stock_location_E
__init.stock_location_EOE139  ,EOE139  ,__init.stock_location_E
__init.stock_location_EOE140  ,EOE140  ,__init.stock_location_E
__init.stock_location_EOE141  ,EOE141  ,__init.stock_location_E
__init.stock_location_EOE143  ,EOE143  ,__init.stock_location_E
__init.stock_location_EOE145  ,EOE145  ,__init.stock_location_E
__init.stock_location_EOE146  ,EOE146  ,__init.stock_location_E
__init.stock_location_EOE147  ,EOE147  ,__init.stock_location_E
__init.stock_location_EOE149  ,EOE149  ,__init.stock_location_E
__init.stock_location_EOE150  ,EOE150  ,__init.stock_location_E
__init.stock_location_EOE151  ,EOE151  ,__init.stock_location_E
__init.stock_location_EOE154  ,EOE154  ,__init.stock_location_E
__init.stock_location_EOE156  ,EOE156  ,__init.stock_location_E
__init.stock_location_EOE158  ,EOE158  ,__init.stock_location_E
__init.stock_location_EOE160  ,EOE160  ,__init.stock_location_E
__init.stock_location_EOE161  ,EOE161  ,__init.stock_location_E
__init.stock_location_EOE170  ,EOE170  ,__init.stock_location_E
__init.stock_location_EOE175  ,EOE175  ,__init.stock_location_E
__init.stock_location_EOE178  ,EOE178  ,__init.stock_location_E
__init.stock_location_EOE180  ,EOE180  ,__init.stock_location_E
__init.stock_location_EOE183  ,EOE183  ,__init.stock_location_E
__init.stock_location_EOE184  ,EOE184  ,__init.stock_location_E
__init.stock_location_EOE185  ,EOE185  ,__init.stock_location_E
__init.stock_location_EOE186  ,EOE186  ,__init.stock_location_E
__init.stock_location_EOE187  ,EOE187  ,__init.stock_location_E
__init.stock_location_EOE188  ,EOE188  ,__init.stock_location_E
__init.stock_location_EOE194  ,EOE194  ,__init.stock_location_E
__init.stock_location_EOE195  ,EOE195  ,__init.stock_location_E
__init.stock_location_EOE196  ,EOE196  ,__init.stock_location_E
__init.stock_location_EOE197  ,EOE197  ,__init.stock_location_E
__init.stock_location_EOF102  ,EOF102  ,__init.stock_location_E
__init.stock_location_EOF104  ,EOF104  ,__init.stock_location_E
__init.stock_location_EOF106  ,EOF106  ,__init.stock_location_E
__init.stock_location_EOF112  ,EOF112  ,__init.stock_location_E
__init.stock_location_EOF116  ,EOF116  ,__init.stock_location_E
__init.stock_location_EOF121  ,EOF121  ,__init.stock_location_E
__init.stock_location_EOF123  ,EOF123  ,__init.stock_location_E
__init.stock_location_EOF124  ,EOF124  ,__init.stock_location_E
__init.stock_location_EOF125  ,EOF125  ,__init.stock_location_E
__init.stock_location_EOF126  ,EOF126  ,__init.stock_location_E
__init.stock_location_EOF127  ,EOF127  ,__init.stock_location_E
__init.stock_location_EOF131  ,EOF131  ,__init.stock_location_E
__init.stock_location_EOF133  ,EOF133  ,__init.stock_location_E
__init.stock_location_EOF134  ,EOF134  ,__init.stock_location_E
__init.stock_location_EOF135  ,EOF135  ,__init.stock_location_E
__init.stock_location_EOF136  ,EOF136  ,__init.stock_location_E
__init.stock_location_EOF137  ,EOF137  ,__init.stock_location_E
__init.stock_location_EOF141  ,EOF141  ,__init.stock_location_E
__init.stock_location_EOF142  ,EOF142  ,__init.stock_location_E
__init.stock_location_EOF143  ,EOF143  ,__init.stock_location_E
__init.stock_location_EOF144  ,EOF144  ,__init.stock_location_E
__init.stock_location_EOF145  ,EOF145  ,__init.stock_location_E
__init.stock_location_EOF147  ,EOF147  ,__init.stock_location_E
__init.stock_location_EOF151  ,EOF151  ,__init.stock_location_E
__init.stock_location_EOF152  ,EOF152  ,__init.stock_location_E
__init.stock_location_EOF153  ,EOF153  ,__init.stock_location_E
__init.stock_location_EOF154  ,EOF154  ,__init.stock_location_E
__init.stock_location_EOF155  ,EOF155  ,__init.stock_location_E
__init.stock_location_EOF156  ,EOF156  ,__init.stock_location_E
__init.stock_location_EOF157  ,EOF157  ,__init.stock_location_E
__init.stock_location_EOF164  ,EOF164  ,__init.stock_location_E
__init.stock_location_EOF167  ,EOF167  ,__init.stock_location_E
__init.stock_location_EOF173  ,EOF173  ,__init.stock_location_E
__init.stock_location_EOF174  ,EOF174  ,__init.stock_location_E
__init.stock_location_EOF175  ,EOF175  ,__init.stock_location_E
__init.stock_location_EOF176  ,EOF176  ,__init.stock_location_E
__init.stock_location_EOF177  ,EOF177  ,__init.stock_location_E
__init.stock_location_EOF181  ,EOF181  ,__init.stock_location_E
__init.stock_location_EOF185  ,EOF185  ,__init.stock_location_E
__init.stock_location_EOF186  ,EOF186  ,__init.stock_location_E
__init.stock_location_EOF193  ,EOF193  ,__init.stock_location_E
__init.stock_location_EOF194  ,EOF194  ,__init.stock_location_E
__init.stock_location_EOF195  ,EOF195  ,__init.stock_location_E
__init.stock_location_EOF196  ,EOF196  ,__init.stock_location_E
__init.stock_location_EOF201  ,EOF201  ,__init.stock_location_E
__init.stock_location_EOF202  ,EOF202  ,__init.stock_location_E
__init.stock_location_EOF204  ,EOF204  ,__init.stock_location_E
__init.stock_location_EOF205  ,EOF205  ,__init.stock_location_E
__init.stock_location_EOF206  ,EOF206  ,__init.stock_location_E
__init.stock_location_EOF211  ,EOF211  ,__init.stock_location_E
__init.stock_location_EOF212  ,EOF212  ,__init.stock_location_E
__init.stock_location_EOF215  ,EOF215  ,__init.stock_location_E
__init.stock_location_EOF216  ,EOF216  ,__init.stock_location_E
__init.stock_location_EOF221  ,EOF221  ,__init.stock_location_E
__init.stock_location_EOF223  ,EOF223  ,__init.stock_location_E
__init.stock_location_EOF224  ,EOF224  ,__init.stock_location_E
__init.stock_location_EOF226  ,EOF226  ,__init.stock_location_E
__init.stock_location_EOF234  ,EOF234  ,__init.stock_location_E
__init.stock_location_EOF237  ,EOF237  ,__init.stock_location_E
__init.stock_location_EOG102  ,EOG102  ,__init.stock_location_E
__init.stock_location_EOG104  ,EOG104  ,__init.stock_location_E
__init.stock_location_EOG105  ,EOG105  ,__init.stock_location_E
__init.stock_location_EOG113  ,EOG113  ,__init.stock_location_E
__init.stock_location_EOG116  ,EOG116  ,__init.stock_location_E
__init.stock_location_EOG122  ,EOG122  ,__init.stock_location_E
__init.stock_location_EOG124  ,EOG124  ,__init.stock_location_E
__init.stock_location_EOG127  ,EOG127  ,__init.stock_location_E
__init.stock_location_EOG131  ,EOG131  ,__init.stock_location_E
__init.stock_location_EOG132  ,EOG132  ,__init.stock_location_E
__init.stock_location_EOG133  ,EOG133  ,__init.stock_location_E
__init.stock_location_EOG134  ,EOG134  ,__init.stock_location_E
__init.stock_location_EOG135  ,EOG135  ,__init.stock_location_E
__init.stock_location_EOG141  ,EOG141  ,__init.stock_location_E
__init.stock_location_EOG142  ,EOG142  ,__init.stock_location_E
__init.stock_location_EOG143  ,EOG143  ,__init.stock_location_E
__init.stock_location_EOG144  ,EOG144  ,__init.stock_location_E
__init.stock_location_EOG145  ,EOG145  ,__init.stock_location_E
__init.stock_location_EOG146  ,EOG146  ,__init.stock_location_E
__init.stock_location_EOG152  ,EOG152  ,__init.stock_location_E
__init.stock_location_EOG161  ,EOG161  ,__init.stock_location_E
__init.stock_location_EOG162  ,EOG162  ,__init.stock_location_E
__init.stock_location_EOG164  ,EOG164  ,__init.stock_location_E
__init.stock_location_EOG165  ,EOG165  ,__init.stock_location_E
__init.stock_location_EOG167  ,EOG167  ,__init.stock_location_E
__init.stock_location_EOG171  ,EOG171  ,__init.stock_location_E
__init.stock_location_EOG172  ,EOG172  ,__init.stock_location_E
__init.stock_location_EOG173  ,EOG173  ,__init.stock_location_E
__init.stock_location_EOG174  ,EOG174  ,__init.stock_location_E
__init.stock_location_EOG176  ,EOG176  ,__init.stock_location_E
__init.stock_location_EOG177  ,EOG177  ,__init.stock_location_E
__init.stock_location_EOG181  ,EOG181  ,__init.stock_location_E
__init.stock_location_EOG182  ,EOG182  ,__init.stock_location_E
__init.stock_location_EOG183  ,EOG183  ,__init.stock_location_E
__init.stock_location_EOG184  ,EOG184  ,__init.stock_location_E
__init.stock_location_EOG185  ,EOG185  ,__init.stock_location_E
__init.stock_location_EOG186  ,EOG186  ,__init.stock_location_E
__init.stock_location_EOG191  ,EOG191  ,__init.stock_location_E
__init.stock_location_EOG192  ,EOG192  ,__init.stock_location_E
__init.stock_location_EOG193  ,EOG193  ,__init.stock_location_E
__init.stock_location_EOG195  ,EOG195  ,__init.stock_location_E
__init.stock_location_EOG196  ,EOG196  ,__init.stock_location_E
__init.stock_location_EOG201  ,EOG201  ,__init.stock_location_E
__init.stock_location_EOH104  ,EOH104  ,__init.stock_location_E
__init.stock_location_EOH105  ,EOH105  ,__init.stock_location_E
__init.stock_location_EOH106  ,EOH106  ,__init.stock_location_E
__init.stock_location_EOH107  ,EOH107  ,__init.stock_location_E
__init.stock_location_EOH111  ,EOH111  ,__init.stock_location_E
__init.stock_location_EOH112  ,EOH112  ,__init.stock_location_E
__init.stock_location_EOH113  ,EOH113  ,__init.stock_location_E
__init.stock_location_EOH114  ,EOH114  ,__init.stock_location_E
__init.stock_location_EOH115  ,EOH115  ,__init.stock_location_E
__init.stock_location_EOH116  ,EOH116  ,__init.stock_location_E
__init.stock_location_EOH117  ,EOH117  ,__init.stock_location_E
__init.stock_location_EOH121  ,EOH121  ,__init.stock_location_E
__init.stock_location_EOH122  ,EOH122  ,__init.stock_location_E
__init.stock_location_EOH123  ,EOH123  ,__init.stock_location_E
__init.stock_location_EOH125  ,EOH125  ,__init.stock_location_E
__init.stock_location_EOH127  ,EOH127  ,__init.stock_location_E
__init.stock_location_EOH131  ,EOH131  ,__init.stock_location_E
__init.stock_location_EOH132  ,EOH132  ,__init.stock_location_E
__init.stock_location_EOH133  ,EOH133  ,__init.stock_location_E
__init.stock_location_EOH134  ,EOH134  ,__init.stock_location_E
__init.stock_location_EOH135  ,EOH135  ,__init.stock_location_E
__init.stock_location_EOH137  ,EOH137  ,__init.stock_location_E
__init.stock_location_EOH146  ,EOH146  ,__init.stock_location_E
__init.stock_location_EOH147  ,EOH147  ,__init.stock_location_E
__init.stock_location_EOH154  ,EOH154  ,__init.stock_location_E
__init.stock_location_EOH156  ,EOH156  ,__init.stock_location_E
__init.stock_location_EOH162  ,EOH162  ,__init.stock_location_E
__init.stock_location_EOH163  ,EOH163  ,__init.stock_location_E
__init.stock_location_EOH164  ,EOH164  ,__init.stock_location_E
__init.stock_location_EOH167  ,EOH167  ,__init.stock_location_E
__init.stock_location_EOH173  ,EOH173  ,__init.stock_location_E
__init.stock_location_EOH177  ,EOH177  ,__init.stock_location_E
__init.stock_location_EOH181  ,EOH181  ,__init.stock_location_E
__init.stock_location_EOH182  ,EOH182  ,__init.stock_location_E
__init.stock_location_EOH187  ,EOH187  ,__init.stock_location_E
__init.stock_location_EOH191  ,EOH191  ,__init.stock_location_E
__init.stock_location_EOH194  ,EOH194  ,__init.stock_location_E
__init.stock_location_EOH196  ,EOH196  ,__init.stock_location_E
__init.stock_location_EOH201  ,EOH201  ,__init.stock_location_E
__init.stock_location_EOH202  ,EOH202  ,__init.stock_location_E
__init.stock_location_EOH204  ,EOH204  ,__init.stock_location_E
__init.stock_location_EOH205  ,EOH205  ,__init.stock_location_E
__init.stock_location_EOH206  ,EOH206  ,__init.stock_location_E
__init.stock_location_EOH207  ,EOH207  ,__init.stock_location_E
__init.stock_location_EOH212  ,EOH212  ,__init.stock_location_E
__init.stock_location_EOH215  ,EOH215  ,__init.stock_location_E
__init.stock_location_EOH217  ,EOH217  ,__init.stock_location_E
__init.stock_location_EOH221  ,EOH221  ,__init.stock_location_E
__init.stock_location_EOH222  ,EOH222  ,__init.stock_location_E
__init.stock_location_EOH224  ,EOH224  ,__init.stock_location_E
__init.stock_location_EOH227  ,EOH227  ,__init.stock_location_E
__init.stock_location_EOH232  ,EOH232  ,__init.stock_location_E
__init.stock_location_EOH236  ,EOH236  ,__init.stock_location_E
__init.stock_location_EOH237  ,EOH237  ,__init.stock_location_E
__init.stock_location_EOI100  ,EOI100  ,__init.stock_location_E
__init.stock_location_EOI101  ,EOI101  ,__init.stock_location_E
__init.stock_location_EOI102  ,EOI102  ,__init.stock_location_E
__init.stock_location_EOI103  ,EOI103  ,__init.stock_location_E
__init.stock_location_EOI104  ,EOI104  ,__init.stock_location_E
__init.stock_location_EOI105  ,EOI105  ,__init.stock_location_E
__init.stock_location_EOI106  ,EOI106  ,__init.stock_location_E
__init.stock_location_EOI107  ,EOI107  ,__init.stock_location_E
__init.stock_location_EOI108  ,EOI108  ,__init.stock_location_E
__init.stock_location_EOI109  ,EOI109  ,__init.stock_location_E
__init.stock_location_EOI110  ,EOI110  ,__init.stock_location_E
__init.stock_location_EOI111  ,EOI111  ,__init.stock_location_E
__init.stock_location_EOI112  ,EOI112  ,__init.stock_location_E
__init.stock_location_EOI113  ,EOI113  ,__init.stock_location_E
__init.stock_location_EOI114  ,EOI114  ,__init.stock_location_E
__init.stock_location_EOI115  ,EOI115  ,__init.stock_location_E
__init.stock_location_EOI116  ,EOI116  ,__init.stock_location_E
__init.stock_location_EOI117  ,EOI117  ,__init.stock_location_E
__init.stock_location_EOI118  ,EOI118  ,__init.stock_location_E
__init.stock_location_EOI119  ,EOI119  ,__init.stock_location_E
__init.stock_location_EOI120  ,EOI120  ,__init.stock_location_E
__init.stock_location_EOI121  ,EOI121  ,__init.stock_location_E
__init.stock_location_EOI122  ,EOI122  ,__init.stock_location_E
__init.stock_location_EOI123  ,EOI123  ,__init.stock_location_E
__init.stock_location_EOI124  ,EOI124  ,__init.stock_location_E
__init.stock_location_EOI126  ,EOI126  ,__init.stock_location_E
__init.stock_location_EOI127  ,EOI127  ,__init.stock_location_E
__init.stock_location_EOI128  ,EOI128  ,__init.stock_location_E
__init.stock_location_EOI129  ,EOI129  ,__init.stock_location_E
__init.stock_location_EOI130  ,EOI130  ,__init.stock_location_E
__init.stock_location_EOI131  ,EOI131  ,__init.stock_location_E
__init.stock_location_EOI132  ,EOI132  ,__init.stock_location_E
__init.stock_location_EOI133  ,EOI133  ,__init.stock_location_E
__init.stock_location_EOI134  ,EOI134  ,__init.stock_location_E
__init.stock_location_EOZ000  ,EOZ000  ,__init.stock_location_E
__init.stock_location_EPC133  ,EPC133  ,__init.stock_location_E
__init.stock_location_EPH003  ,EPH003  ,__init.stock_location_E
__init.stock_location_EPH004  ,EPH004  ,__init.stock_location_E
__init.stock_location_EPH005  ,EPH005  ,__init.stock_location_E
__init.stock_location_EPH006  ,EPH006  ,__init.stock_location_E
__init.stock_location_EPH007  ,EPH007  ,__init.stock_location_E
__init.stock_location_EPH008  ,EPH008  ,__init.stock_location_E
__init.stock_location_EPH009  ,EPH009  ,__init.stock_location_E
__init.stock_location_EPH010  ,EPH010  ,__init.stock_location_E
__init.stock_location_EPH011  ,EPH011  ,__init.stock_location_E
__init.stock_location_EPH012  ,EPH012  ,__init.stock_location_E
__init.stock_location_EPH014  ,EPH014  ,__init.stock_location_E
__init.stock_location_EPH022  ,EPH022  ,__init.stock_location_E
__init.stock_location_EXA100  ,EXA100  ,__init.stock_location_E
__init.stock_location_EXA100  ,EXA100  ,__init.stock_location_E
__init.stock_location_EXA100  ,EXA100  ,__init.stock_location_E
__init.stock_location_EXA100  ,EXA100  ,__init.stock_location_E
__init.stock_location_EXA100  ,EXA100  ,__init.stock_location_E
__init.stock_location_EXA100  ,EXA100  ,__init.stock_location_E
__init.stock_location_EXA100  ,EXA100  ,__init.stock_location_E
__init.stock_location_EXA100  ,EXA100  ,__init.stock_location_E
__init.stock_location_EXA100  ,EXA100  ,__init.stock_location_E
__init.stock_location_EXA100  ,EXA100  ,__init.stock_location_E
__init.stock_location_EXA100  ,EXA100  ,__init.stock_location_E
__init.stock_location_EXA100  ,EXA100  ,__init.stock_location_E
__init.stock_location_EXA100  ,EXA100  ,__init.stock_location_E
__init.stock_location_EXA100  ,EXA100  ,__init.stock_location_E
__init.stock_location_EXA100  ,EXA100  ,__init.stock_location_E
__init.stock_location_EXA100  ,EXA100  ,__init.stock_location_E
__init.stock_location_EXA100  ,EXA100  ,__init.stock_location_E
__init.stock_location_EXA100  ,EXA100  ,__init.stock_location_E
__init.stock_location_EXA100  ,EXA100  ,__init.stock_location_E
__init.stock_location_EXA100  ,EXA100  ,__init.stock_location_E
__init.stock_location_EXA100  ,EXA100  ,__init.stock_location_E
__init.stock_location_EXA100  ,EXA100  ,__init.stock_location_E
__init.stock_location_EXA100  ,EXA100  ,__init.stock_location_E
__init.stock_location_EXA100  ,EXA100  ,__init.stock_location_E
__init.stock_location_EXA100  ,EXA100  ,__init.stock_location_E
__init.stock_location_EXA100  ,EXA100  ,__init.stock_location_E
__init.stock_location_EXA100  ,EXA100  ,__init.stock_location_E
__init.stock_location_EXA100  ,EXA100  ,__init.stock_location_E
__init.stock_location_EXA100  ,EXA100  ,__init.stock_location_E
__init.stock_location_EXA100  ,EXA100  ,__init.stock_location_E
__init.stock_location_EXA101  ,EXA101  ,__init.stock_location_E
__init.stock_location_EXA200  ,EXA200  ,__init.stock_location_E
__init.stock_location_EXA200  ,EXA200  ,__init.stock_location_E
__init.stock_location_EXA200  ,EXA200  ,__init.stock_location_E
__init.stock_location_EXA200  ,EXA200  ,__init.stock_location_E
__init.stock_location_EXA200  ,EXA200  ,__init.stock_location_E
__init.stock_location_EXA200  ,EXA200  ,__init.stock_location_E
__init.stock_location_EXA200  ,EXA200  ,__init.stock_location_E
__init.stock_location_EXA200  ,EXA200  ,__init.stock_location_E
__init.stock_location_EXA200  ,EXA200  ,__init.stock_location_E
__init.stock_location_EXA200  ,EXA200  ,__init.stock_location_E
__init.stock_location_EXA200  ,EXA200  ,__init.stock_location_E
__init.stock_location_EXA200  ,EXA200  ,__init.stock_location_E
__init.stock_location_EXA200  ,EXA200  ,__init.stock_location_E
__init.stock_location_EXA200  ,EXA200  ,__init.stock_location_E
__init.stock_location_EXA200  ,EXA200  ,__init.stock_location_E
__init.stock_location_EXA200  ,EXA200  ,__init.stock_location_E
__init.stock_location_EXA200  ,EXA200  ,__init.stock_location_E
__init.stock_location_EXA200  ,EXA200  ,__init.stock_location_E
__init.stock_location_EXA200  ,EXA200  ,__init.stock_location_E
__init.stock_location_EXA200  ,EXA200  ,__init.stock_location_E
__init.stock_location_EXA200  ,EXA200  ,__init.stock_location_E
__init.stock_location_EXA200  ,EXA200  ,__init.stock_location_E
__init.stock_location_EXA200  ,EXA200  ,__init.stock_location_E
__init.stock_location_EXA200  ,EXA200  ,__init.stock_location_E
__init.stock_location_EXA200  ,EXA200  ,__init.stock_location_E
__init.stock_location_EXA200  ,EXA200  ,__init.stock_location_E
__init.stock_location_EXA200  ,EXA200  ,__init.stock_location_E
__init.stock_location_EXA200  ,EXA200  ,__init.stock_location_E
__init.stock_location_EXA200  ,EXA200  ,__init.stock_location_E
__init.stock_location_EXA200  ,EXA200  ,__init.stock_location_E
__init.stock_location_EXA200  ,EXA200  ,__init.stock_location_E
__init.stock_location_EXA300  ,EXA300  ,__init.stock_location_E
__init.stock_location_EXA300  ,EXA300  ,__init.stock_location_E
__init.stock_location_EXA300  ,EXA300  ,__init.stock_location_E
__init.stock_location_EXA300  ,EXA300  ,__init.stock_location_E
__init.stock_location_EXA300  ,EXA300  ,__init.stock_location_E
__init.stock_location_EXA300  ,EXA300  ,__init.stock_location_E
__init.stock_location_EXA300  ,EXA300  ,__init.stock_location_E
__init.stock_location_EXA300  ,EXA300  ,__init.stock_location_E
__init.stock_location_EXA300  ,EXA300  ,__init.stock_location_E
__init.stock_location_EXA300  ,EXA300  ,__init.stock_location_E
__init.stock_location_EXA300  ,EXA300  ,__init.stock_location_E
__init.stock_location_EXA300  ,EXA300  ,__init.stock_location_E
__init.stock_location_EXA300  ,EXA300  ,__init.stock_location_E
__init.stock_location_EXA300  ,EXA300  ,__init.stock_location_E
__init.stock_location_EXA300  ,EXA300  ,__init.stock_location_E
__init.stock_location_EXA300  ,EXA300  ,__init.stock_location_E
__init.stock_location_EXA300  ,EXA300  ,__init.stock_location_E
__init.stock_location_EXA300  ,EXA300  ,__init.stock_location_E
__init.stock_location_EXA300  ,EXA300  ,__init.stock_location_E
__init.stock_location_EXA300  ,EXA300  ,__init.stock_location_E
__init.stock_location_EXA300  ,EXA300  ,__init.stock_location_E
__init.stock_location_EXA300  ,EXA300  ,__init.stock_location_E
__init.stock_location_EXA300  ,EXA300  ,__init.stock_location_E
__init.stock_location_EXA300  ,EXA300  ,__init.stock_location_E
__init.stock_location_EXA300  ,EXA300  ,__init.stock_location_E
__init.stock_location_EXA300  ,EXA300  ,__init.stock_location_E
__init.stock_location_EXA300  ,EXA300  ,__init.stock_location_E
__init.stock_location_EXA300  ,EXA300  ,__init.stock_location_E
__init.stock_location_EXA300  ,EXA300  ,__init.stock_location_E
__init.stock_location_EXA300  ,EXA300  ,__init.stock_location_E
__init.stock_location_EXA302  ,EXA302  ,__init.stock_location_E
__init.stock_location_EXA400  ,EXA400  ,__init.stock_location_E
__init.stock_location_EXA400  ,EXA400  ,__init.stock_location_E
__init.stock_location_EXA400  ,EXA400  ,__init.stock_location_E
__init.stock_location_EXA400  ,EXA400  ,__init.stock_location_E
__init.stock_location_EXA400  ,EXA400  ,__init.stock_location_E
__init.stock_location_EXA400  ,EXA400  ,__init.stock_location_E
__init.stock_location_EXA400  ,EXA400  ,__init.stock_location_E
__init.stock_location_EXA400  ,EXA400  ,__init.stock_location_E
__init.stock_location_EXA400  ,EXA400  ,__init.stock_location_E
__init.stock_location_EXA400  ,EXA400  ,__init.stock_location_E
__init.stock_location_EXA400  ,EXA400  ,__init.stock_location_E
__init.stock_location_EXA400  ,EXA400  ,__init.stock_location_E
__init.stock_location_EXA400  ,EXA400  ,__init.stock_location_E
__init.stock_location_EXA400  ,EXA400  ,__init.stock_location_E
__init.stock_location_EXA400  ,EXA400  ,__init.stock_location_E
__init.stock_location_EXA400  ,EXA400  ,__init.stock_location_E
__init.stock_location_EXA400  ,EXA400  ,__init.stock_location_E
__init.stock_location_EXA400  ,EXA400  ,__init.stock_location_E
__init.stock_location_EXA400  ,EXA400  ,__init.stock_location_E
__init.stock_location_EXA400  ,EXA400  ,__init.stock_location_E
__init.stock_location_EXA400  ,EXA400  ,__init.stock_location_E
__init.stock_location_EXA400  ,EXA400  ,__init.stock_location_E
__init.stock_location_EXA400  ,EXA400  ,__init.stock_location_E
__init.stock_location_EXA400  ,EXA400  ,__init.stock_location_E
__init.stock_location_EXA400  ,EXA400  ,__init.stock_location_E
__init.stock_location_EXA400  ,EXA400  ,__init.stock_location_E
__init.stock_location_EXA400  ,EXA400  ,__init.stock_location_E
__init.stock_location_EXA400  ,EXA400  ,__init.stock_location_E
__init.stock_location_EXA400  ,EXA400  ,__init.stock_location_E
__init.stock_location_EXA400  ,EXA400  ,__init.stock_location_E
__init.stock_location_EXA500  ,EXA500  ,__init.stock_location_E
__init.stock_location_EXA500  ,EXA500  ,__init.stock_location_E
__init.stock_location_EXA500  ,EXA500  ,__init.stock_location_E
__init.stock_location_EXA500  ,EXA500  ,__init.stock_location_E
__init.stock_location_EXA500  ,EXA500  ,__init.stock_location_E
__init.stock_location_EXA500  ,EXA500  ,__init.stock_location_E
__init.stock_location_EXA500  ,EXA500  ,__init.stock_location_E
__init.stock_location_EXA500  ,EXA500  ,__init.stock_location_E
__init.stock_location_EXA500  ,EXA500  ,__init.stock_location_E
__init.stock_location_EXA500  ,EXA500  ,__init.stock_location_E
__init.stock_location_EXA500  ,EXA500  ,__init.stock_location_E
__init.stock_location_EXA500  ,EXA500  ,__init.stock_location_E
__init.stock_location_EXA500  ,EXA500  ,__init.stock_location_E
__init.stock_location_EXA500  ,EXA500  ,__init.stock_location_E
__init.stock_location_EXA500  ,EXA500  ,__init.stock_location_E
__init.stock_location_EXA500  ,EXA500  ,__init.stock_location_E
__init.stock_location_EXA500  ,EXA500  ,__init.stock_location_E
__init.stock_location_EXA500  ,EXA500  ,__init.stock_location_E
__init.stock_location_EXA500  ,EXA500  ,__init.stock_location_E
__init.stock_location_EXA500  ,EXA500  ,__init.stock_location_E
__init.stock_location_EXA500  ,EXA500  ,__init.stock_location_E
__init.stock_location_EXA500  ,EXA500  ,__init.stock_location_E
__init.stock_location_EXA500  ,EXA500  ,__init.stock_location_E
__init.stock_location_EXA500  ,EXA500  ,__init.stock_location_E
__init.stock_location_EXA500  ,EXA500  ,__init.stock_location_E
__init.stock_location_EXA500  ,EXA500  ,__init.stock_location_E
__init.stock_location_EXA500  ,EXA500  ,__init.stock_location_E
__init.stock_location_EXA500  ,EXA500  ,__init.stock_location_E
__init.stock_location_EXA500  ,EXA500  ,__init.stock_location_E
__init.stock_location_EXA600  ,EXA600  ,__init.stock_location_E
__init.stock_location_EXA600  ,EXA600  ,__init.stock_location_E
__init.stock_location_EXA600  ,EXA600  ,__init.stock_location_E
__init.stock_location_EXA600  ,EXA600  ,__init.stock_location_E
__init.stock_location_EXA600  ,EXA600  ,__init.stock_location_E
__init.stock_location_EXA600  ,EXA600  ,__init.stock_location_E
__init.stock_location_EXA600  ,EXA600  ,__init.stock_location_E
__init.stock_location_EXA600  ,EXA600  ,__init.stock_location_E
__init.stock_location_EXA600  ,EXA600  ,__init.stock_location_E
__init.stock_location_EXA600  ,EXA600  ,__init.stock_location_E
__init.stock_location_EXA600  ,EXA600  ,__init.stock_location_E
__init.stock_location_EXA600  ,EXA600  ,__init.stock_location_E
__init.stock_location_EXA600  ,EXA600  ,__init.stock_location_E
__init.stock_location_EXA600  ,EXA600  ,__init.stock_location_E
__init.stock_location_EXA600  ,EXA600  ,__init.stock_location_E
__init.stock_location_EXA600  ,EXA600  ,__init.stock_location_E
__init.stock_location_EXA600  ,EXA600  ,__init.stock_location_E
__init.stock_location_EXA600  ,EXA600  ,__init.stock_location_E
__init.stock_location_EXA600  ,EXA600  ,__init.stock_location_E
__init.stock_location_EXA600  ,EXA600  ,__init.stock_location_E
__init.stock_location_EXA600  ,EXA600  ,__init.stock_location_E
__init.stock_location_EXA600  ,EXA600  ,__init.stock_location_E
__init.stock_location_EXA600  ,EXA600  ,__init.stock_location_E
__init.stock_location_EXA600  ,EXA600  ,__init.stock_location_E
__init.stock_location_EXA600  ,EXA600  ,__init.stock_location_E
__init.stock_location_EXB100  ,EXB100  ,__init.stock_location_E
__init.stock_location_EXB100  ,EXB100  ,__init.stock_location_E
__init.stock_location_EXB100  ,EXB100  ,__init.stock_location_E
__init.stock_location_EXB100  ,EXB100  ,__init.stock_location_E
__init.stock_location_EXB100  ,EXB100  ,__init.stock_location_E
__init.stock_location_EXB100  ,EXB100  ,__init.stock_location_E
__init.stock_location_EXB100  ,EXB100  ,__init.stock_location_E
__init.stock_location_EXB100  ,EXB100  ,__init.stock_location_E
__init.stock_location_EXB200  ,EXB200  ,__init.stock_location_E
__init.stock_location_EXB200  ,EXB200  ,__init.stock_location_E
__init.stock_location_EXB200  ,EXB200  ,__init.stock_location_E
__init.stock_location_EXB200  ,EXB200  ,__init.stock_location_E
__init.stock_location_EXB200  ,EXB200  ,__init.stock_location_E
__init.stock_location_EXB200  ,EXB200  ,__init.stock_location_E
__init.stock_location_EXB200  ,EXB200  ,__init.stock_location_E
__init.stock_location_EXB200  ,EXB200  ,__init.stock_location_E
__init.stock_location_EXB200  ,EXB200  ,__init.stock_location_E
__init.stock_location_EXB200  ,EXB200  ,__init.stock_location_E
__init.stock_location_EXB200  ,EXB200  ,__init.stock_location_E
__init.stock_location_EXB200  ,EXB200  ,__init.stock_location_E
__init.stock_location_EXB200  ,EXB200  ,__init.stock_location_E
__init.stock_location_EXB200  ,EXB200  ,__init.stock_location_E
__init.stock_location_EXB200  ,EXB200  ,__init.stock_location_E
__init.stock_location_EXB300  ,EXB300  ,__init.stock_location_E
__init.stock_location_EXB300  ,EXB300  ,__init.stock_location_E
__init.stock_location_EXB300  ,EXB300  ,__init.stock_location_E
__init.stock_location_EXB300  ,EXB300  ,__init.stock_location_E
__init.stock_location_EXB300  ,EXB300  ,__init.stock_location_E
__init.stock_location_EXB300  ,EXB300  ,__init.stock_location_E
__init.stock_location_EXB300  ,EXB300  ,__init.stock_location_E
__init.stock_location_EXB300  ,EXB300  ,__init.stock_location_E
__init.stock_location_EXB300  ,EXB300  ,__init.stock_location_E
__init.stock_location_EXB300  ,EXB300  ,__init.stock_location_E
__init.stock_location_EXB400  ,EXB400  ,__init.stock_location_E
__init.stock_location_EXB400  ,EXB400  ,__init.stock_location_E
__init.stock_location_EXB400  ,EXB400  ,__init.stock_location_E
__init.stock_location_EXB400  ,EXB400  ,__init.stock_location_E
__init.stock_location_EXB400  ,EXB400  ,__init.stock_location_E
__init.stock_location_EXB400  ,EXB400  ,__init.stock_location_E
__init.stock_location_EXB400  ,EXB400  ,__init.stock_location_E
__init.stock_location_EXB400  ,EXB400  ,__init.stock_location_E
__init.stock_location_EXB400  ,EXB400  ,__init.stock_location_E
__init.stock_location_EXB400  ,EXB400  ,__init.stock_location_E
__init.stock_location_EXB500  ,EXB500  ,__init.stock_location_E
__init.stock_location_EXB500  ,EXB500  ,__init.stock_location_E
__init.stock_location_EXB500  ,EXB500  ,__init.stock_location_E
__init.stock_location_EXB500  ,EXB500  ,__init.stock_location_E
__init.stock_location_EXB502  ,EXB502  ,__init.stock_location_E
__init.stock_location_EXB503  ,EXB503  ,__init.stock_location_E
__init.stock_location_EXB504  ,EXB504  ,__init.stock_location_E
__init.stock_location_EXB505  ,EXB505  ,__init.stock_location_E
__init.stock_location_EXB506  ,EXB506  ,__init.stock_location_E
__init.stock_location_EXB508  ,EXB508  ,__init.stock_location_E
__init.stock_location_EXB509  ,EXB509  ,__init.stock_location_E
__init.stock_location_EXB511  ,EXB511  ,__init.stock_location_E
__init.stock_location_EXB514  ,EXB514  ,__init.stock_location_E
__init.stock_location_EXB518  ,EXB518  ,__init.stock_location_E
__init.stock_location_EXB520  ,EXB520  ,__init.stock_location_E
__init.stock_location_EXB522  ,EXB522  ,__init.stock_location_E
__init.stock_location_EXB525  ,EXB525  ,__init.stock_location_E
__init.stock_location_EXB526  ,EXB526  ,__init.stock_location_E
__init.stock_location_EXB531  ,EXB531  ,__init.stock_location_E
__init.stock_location_EXB532  ,EXB532  ,__init.stock_location_E
__init.stock_location_EXB533  ,EXB533  ,__init.stock_location_E
__init.stock_location_EXB534  ,EXB534  ,__init.stock_location_E
__init.stock_location_EXB535  ,EXB535  ,__init.stock_location_E
__init.stock_location_EXB536  ,EXB536  ,__init.stock_location_E
__init.stock_location_EXB538  ,EXB538  ,__init.stock_location_E
__init.stock_location_EXB540  ,EXB540  ,__init.stock_location_E
__init.stock_location_EXB541  ,EXB541  ,__init.stock_location_E
__init.stock_location_EXB600  ,EXB600  ,__init.stock_location_E
__init.stock_location_EXB600  ,EXB600  ,__init.stock_location_E
__init.stock_location_EXB600  ,EXB600  ,__init.stock_location_E
__init.stock_location_EXB600  ,EXB600  ,__init.stock_location_E
__init.stock_location_EXB600  ,EXB600  ,__init.stock_location_E
__init.stock_location_EXB600  ,EXB600  ,__init.stock_location_E
__init.stock_location_EXB600  ,EXB600  ,__init.stock_location_E
__init.stock_location_EXB600  ,EXB600  ,__init.stock_location_E
__init.stock_location_EXB610  ,EXB610  ,__init.stock_location_E
__init.stock_location_EXB611  ,EXB611  ,__init.stock_location_E
__init.stock_location_EXB612  ,EXB612  ,__init.stock_location_E
__init.stock_location_EXB612  ,EXB612  ,__init.stock_location_E
__init.stock_location_EXB613  ,EXB613  ,__init.stock_location_E
__init.stock_location_EXB613  ,EXB613  ,__init.stock_location_E
__init.stock_location_EXC100  ,EXC100  ,__init.stock_location_E
__init.stock_location_EXC100  ,EXC100  ,__init.stock_location_E
__init.stock_location_EXC100  ,EXC100  ,__init.stock_location_E
__init.stock_location_EXC200  ,EXC200  ,__init.stock_location_E
__init.stock_location_EXC200  ,EXC200  ,__init.stock_location_E
__init.stock_location_EXC200  ,EXC200  ,__init.stock_location_E
__init.stock_location_EXC200  ,EXC200  ,__init.stock_location_E
__init.stock_location_EXC201  ,EXC201  ,__init.stock_location_E
__init.stock_location_EXC202  ,EXC202  ,__init.stock_location_E
__init.stock_location_EXC203  ,EXC203  ,__init.stock_location_E
__init.stock_location_EXC204  ,EXC204  ,__init.stock_location_E
__init.stock_location_EXC205  ,EXC205  ,__init.stock_location_E
__init.stock_location_EXC206  ,EXC206  ,__init.stock_location_E
__init.stock_location_EXC207  ,EXC207  ,__init.stock_location_E
__init.stock_location_EXC300  ,EXC300  ,__init.stock_location_E
__init.stock_location_EXC300  ,EXC300  ,__init.stock_location_E
__init.stock_location_EXC300  ,EXC300  ,__init.stock_location_E
__init.stock_location_EXC300  ,EXC300  ,__init.stock_location_E
__init.stock_location_EXC300  ,EXC300  ,__init.stock_location_E
__init.stock_location_EXC300  ,EXC300  ,__init.stock_location_E
__init.stock_location_EXC300  ,EXC300  ,__init.stock_location_E
__init.stock_location_EXC300  ,EXC300  ,__init.stock_location_E
__init.stock_location_EXC300  ,EXC300  ,__init.stock_location_E
__init.stock_location_EXC300  ,EXC300  ,__init.stock_location_E
__init.stock_location_EXC300  ,EXC300  ,__init.stock_location_E
__init.stock_location_EXC300  ,EXC300  ,__init.stock_location_E
__init.stock_location_EXC300  ,EXC300  ,__init.stock_location_E
__init.stock_location_EXC300  ,EXC300  ,__init.stock_location_E
__init.stock_location_EXC400  ,EXC400  ,__init.stock_location_E
__init.stock_location_EXC400  ,EXC400  ,__init.stock_location_E
__init.stock_location_EXC400  ,EXC400  ,__init.stock_location_E
__init.stock_location_EXC400  ,EXC400  ,__init.stock_location_E
__init.stock_location_EXC400  ,EXC400  ,__init.stock_location_E
__init.stock_location_EXC432  ,EXC432  ,__init.stock_location_E
__init.stock_location_EXC500  ,EXC500  ,__init.stock_location_E
__init.stock_location_EXC500  ,EXC500  ,__init.stock_location_E
__init.stock_location_EXC500  ,EXC500  ,__init.stock_location_E
__init.stock_location_EXC501  ,EXC501  ,__init.stock_location_E
__init.stock_location_EXC501  ,EXC501  ,__init.stock_location_E
__init.stock_location_EXC501  ,EXC501  ,__init.stock_location_E
__init.stock_location_EXC502  ,EXC502  ,__init.stock_location_E
__init.stock_location_EXC502  ,EXC502  ,__init.stock_location_E
__init.stock_location_EXC503  ,EXC503  ,__init.stock_location_E
__init.stock_location_EXC503  ,EXC503  ,__init.stock_location_E
__init.stock_location_EXC503  ,EXC503  ,__init.stock_location_E
__init.stock_location_EXC504  ,EXC504  ,__init.stock_location_E
__init.stock_location_EXC504  ,EXC504  ,__init.stock_location_E
__init.stock_location_EXC504  ,EXC504  ,__init.stock_location_E
__init.stock_location_EXC505  ,EXC505  ,__init.stock_location_E
__init.stock_location_EXC505  ,EXC505  ,__init.stock_location_E
__init.stock_location_EXC506  ,EXC506  ,__init.stock_location_E
__init.stock_location_EXC506  ,EXC506  ,__init.stock_location_E
__init.stock_location_EXC507  ,EXC507  ,__init.stock_location_E
__init.stock_location_EXC507  ,EXC507  ,__init.stock_location_E
__init.stock_location_EXC507  ,EXC507  ,__init.stock_location_E
__init.stock_location_EXC508  ,EXC508  ,__init.stock_location_E
__init.stock_location_EXC509  ,EXC509  ,__init.stock_location_E
__init.stock_location_EXC509  ,EXC509  ,__init.stock_location_E
__init.stock_location_EXC509  ,EXC509  ,__init.stock_location_E
__init.stock_location_EXC509  ,EXC509  ,__init.stock_location_E
__init.stock_location_EXC509  ,EXC509  ,__init.stock_location_E
__init.stock_location_EXC510  ,EXC510  ,__init.stock_location_E
__init.stock_location_EXC510  ,EXC510  ,__init.stock_location_E
__init.stock_location_EXC510  ,EXC510  ,__init.stock_location_E
__init.stock_location_EXC600  ,EXC600  ,__init.stock_location_E
__init.stock_location_EXC600  ,EXC600  ,__init.stock_location_E
__init.stock_location_EXC602  ,EXC602  ,__init.stock_location_E
__init.stock_location_EXC604  ,EXC604  ,__init.stock_location_E
__init.stock_location_EXC605  ,EXC605  ,__init.stock_location_E
__init.stock_location_EXC607  ,EXC607  ,__init.stock_location_E
__init.stock_location_EXC608  ,EXC608  ,__init.stock_location_E
__init.stock_location_EXC609  ,EXC609  ,__init.stock_location_E
__init.stock_location_EXC610  ,EXC610  ,__init.stock_location_E
__init.stock_location_EXC612  ,EXC612  ,__init.stock_location_E
__init.stock_location_EXC613  ,EXC613  ,__init.stock_location_E
__init.stock_location_EXC614  ,EXC614  ,__init.stock_location_E
__init.stock_location_EXC621  ,EXC621  ,__init.stock_location_E
__init.stock_location_EXD100  ,EXD100  ,__init.stock_location_E
__init.stock_location_EXD100  ,EXD100  ,__init.stock_location_E
__init.stock_location_EXD100  ,EXD100  ,__init.stock_location_E
__init.stock_location_EXD100  ,EXD100  ,__init.stock_location_E
__init.stock_location_EXD100  ,EXD100  ,__init.stock_location_E
__init.stock_location_EXD100  ,EXD100  ,__init.stock_location_E
__init.stock_location_EXD100  ,EXD100  ,__init.stock_location_E
__init.stock_location_EXD100  ,EXD100  ,__init.stock_location_E
__init.stock_location_EXD104  ,EXD104  ,__init.stock_location_E
__init.stock_location_EXD110  ,EXD110  ,__init.stock_location_E
__init.stock_location_EXD200  ,EXD200  ,__init.stock_location_E
__init.stock_location_EXD200  ,EXD200  ,__init.stock_location_E
__init.stock_location_EXD200  ,EXD200  ,__init.stock_location_E
__init.stock_location_EXD200  ,EXD200  ,__init.stock_location_E
__init.stock_location_EXD200  ,EXD200  ,__init.stock_location_E
__init.stock_location_EXD200  ,EXD200  ,__init.stock_location_E
__init.stock_location_EXD200  ,EXD200  ,__init.stock_location_E
__init.stock_location_EXD200  ,EXD200  ,__init.stock_location_E
__init.stock_location_EXD200  ,EXD200  ,__init.stock_location_E
__init.stock_location_EXD200  ,EXD200  ,__init.stock_location_E
__init.stock_location_EXD300  ,EXD300  ,__init.stock_location_E
__init.stock_location_EXD300  ,EXD300  ,__init.stock_location_E
__init.stock_location_EXD300  ,EXD300  ,__init.stock_location_E
__init.stock_location_EXD300  ,EXD300  ,__init.stock_location_E
__init.stock_location_EXD300  ,EXD300  ,__init.stock_location_E
__init.stock_location_EXD300  ,EXD300  ,__init.stock_location_E
__init.stock_location_EXD300  ,EXD300  ,__init.stock_location_E
__init.stock_location_EXD300  ,EXD300  ,__init.stock_location_E
__init.stock_location_EXD400  ,EXD400  ,__init.stock_location_E
__init.stock_location_EXD400  ,EXD400  ,__init.stock_location_E
__init.stock_location_EXD400  ,EXD400  ,__init.stock_location_E
__init.stock_location_EXD400  ,EXD400  ,__init.stock_location_E
__init.stock_location_EXD400  ,EXD400  ,__init.stock_location_E
__init.stock_location_EXD400  ,EXD400  ,__init.stock_location_E
__init.stock_location_EXD400  ,EXD400  ,__init.stock_location_E
__init.stock_location_EXD400  ,EXD400  ,__init.stock_location_E
__init.stock_location_EXD400  ,EXD400  ,__init.stock_location_E
__init.stock_location_EXD400  ,EXD400  ,__init.stock_location_E
__init.stock_location_EXD400  ,EXD400  ,__init.stock_location_E
__init.stock_location_EXD500  ,EXD500  ,__init.stock_location_E
__init.stock_location_EXD500  ,EXD500  ,__init.stock_location_E
__init.stock_location_EXD500  ,EXD500  ,__init.stock_location_E
__init.stock_location_EXD500  ,EXD500  ,__init.stock_location_E
__init.stock_location_EXD500  ,EXD500  ,__init.stock_location_E
__init.stock_location_EXD500  ,EXD500  ,__init.stock_location_E
__init.stock_location_EXD500  ,EXD500  ,__init.stock_location_E
__init.stock_location_EXD500  ,EXD500  ,__init.stock_location_E
__init.stock_location_EXD500  ,EXD500  ,__init.stock_location_E
__init.stock_location_EXD509  ,EXD509  ,__init.stock_location_E
__init.stock_location_EXD510  ,EXD510  ,__init.stock_location_E
__init.stock_location_EXD600  ,EXD600  ,__init.stock_location_E
__init.stock_location_EXD600  ,EXD600  ,__init.stock_location_E
__init.stock_location_EXD600  ,EXD600  ,__init.stock_location_E
__init.stock_location_EXD600  ,EXD600  ,__init.stock_location_E
__init.stock_location_EXD600  ,EXD600  ,__init.stock_location_E
__init.stock_location_EXD600  ,EXD600  ,__init.stock_location_E
__init.stock_location_EXD600  ,EXD600  ,__init.stock_location_E
__init.stock_location_EXD600  ,EXD600  ,__init.stock_location_E
__init.stock_location_EXD600  ,EXD600  ,__init.stock_location_E
__init.stock_location_EXD600  ,EXD600  ,__init.stock_location_E
__init.stock_location_EXD600  ,EXD600  ,__init.stock_location_E
__init.stock_location_EXD617  ,EXD617  ,__init.stock_location_E
__init.stock_location_EXD620  ,EXD620  ,__init.stock_location_E
__init.stock_location_EXD621  ,EXD621  ,__init.stock_location_E
__init.stock_location_EXD621  ,EXD621  ,__init.stock_location_E
__init.stock_location_EXE100  ,EXE100  ,__init.stock_location_E
__init.stock_location_EXE100  ,EXE100  ,__init.stock_location_E
__init.stock_location_EXE100  ,EXE100  ,__init.stock_location_E
__init.stock_location_EXE100  ,EXE100  ,__init.stock_location_E
__init.stock_location_EXE100  ,EXE100  ,__init.stock_location_E
__init.stock_location_EXE100  ,EXE100  ,__init.stock_location_E
__init.stock_location_EXE100  ,EXE100  ,__init.stock_location_E
__init.stock_location_EXE200  ,EXE200  ,__init.stock_location_E
__init.stock_location_EXE200  ,EXE200  ,__init.stock_location_E
__init.stock_location_EXE200  ,EXE200  ,__init.stock_location_E
__init.stock_location_EXE200  ,EXE200  ,__init.stock_location_E
__init.stock_location_EXE200  ,EXE200  ,__init.stock_location_E
__init.stock_location_EXE200  ,EXE200  ,__init.stock_location_E
__init.stock_location_EXE200  ,EXE200  ,__init.stock_location_E
__init.stock_location_EXE200  ,EXE200  ,__init.stock_location_E
__init.stock_location_EXE200  ,EXE200  ,__init.stock_location_E
__init.stock_location_EXE200  ,EXE200  ,__init.stock_location_E
__init.stock_location_EXE200  ,EXE200  ,__init.stock_location_E
__init.stock_location_EXE200  ,EXE200  ,__init.stock_location_E
__init.stock_location_EXE200  ,EXE200  ,__init.stock_location_E
__init.stock_location_EXE200  ,EXE200  ,__init.stock_location_E
__init.stock_location_EXE300  ,EXE300  ,__init.stock_location_E
__init.stock_location_EXE300  ,EXE300  ,__init.stock_location_E
__init.stock_location_EXE300  ,EXE300  ,__init.stock_location_E
__init.stock_location_EXE300  ,EXE300  ,__init.stock_location_E
__init.stock_location_EXE300  ,EXE300  ,__init.stock_location_E
__init.stock_location_EXE300  ,EXE300  ,__init.stock_location_E
__init.stock_location_EXE300  ,EXE300  ,__init.stock_location_E
__init.stock_location_EXE400  ,EXE400  ,__init.stock_location_E
__init.stock_location_EXE400  ,EXE400  ,__init.stock_location_E
__init.stock_location_EXE400  ,EXE400  ,__init.stock_location_E
__init.stock_location_EXE400  ,EXE400  ,__init.stock_location_E
__init.stock_location_EXE400  ,EXE400  ,__init.stock_location_E
__init.stock_location_EXE400  ,EXE400  ,__init.stock_location_E
__init.stock_location_EXE500  ,EXE500  ,__init.stock_location_E
__init.stock_location_EXE500  ,EXE500  ,__init.stock_location_E
__init.stock_location_EXE500  ,EXE500  ,__init.stock_location_E
__init.stock_location_EXE500  ,EXE500  ,__init.stock_location_E
__init.stock_location_EXE500  ,EXE500  ,__init.stock_location_E
__init.stock_location_EXE500  ,EXE500  ,__init.stock_location_E
__init.stock_location_EXE500  ,EXE500  ,__init.stock_location_E
__init.stock_location_EXE500  ,EXE500  ,__init.stock_location_E
__init.stock_location_EXE500  ,EXE500  ,__init.stock_location_E
__init.stock_location_EXE600  ,EXE600  ,__init.stock_location_E
__init.stock_location_EXE600  ,EXE600  ,__init.stock_location_E
__init.stock_location_EXE600  ,EXE600  ,__init.stock_location_E
__init.stock_location_EXE600  ,EXE600  ,__init.stock_location_E
__init.stock_location_EXE600  ,EXE600  ,__init.stock_location_E
__init.stock_location_EXE600  ,EXE600  ,__init.stock_location_E
__init.stock_location_EXE600  ,EXE600  ,__init.stock_location_E
__init.stock_location_EXE600  ,EXE600  ,__init.stock_location_E
__init.stock_location_EXE601  ,EXE601  ,__init.stock_location_E
__init.stock_location_EXE610  ,EXE610  ,__init.stock_location_E
__init.stock_location_EXE617  ,EXE617  ,__init.stock_location_E
__init.stock_location_EXE618  ,EXE618  ,__init.stock_location_E
__init.stock_location_EXE620  ,EXE620  ,__init.stock_location_E
__init.stock_location_EXF100  ,EXF100  ,__init.stock_location_E
__init.stock_location_EXF100  ,EXF100  ,__init.stock_location_E
__init.stock_location_EXF100  ,EXF100  ,__init.stock_location_E
__init.stock_location_EXF100  ,EXF100  ,__init.stock_location_E
__init.stock_location_EXF100  ,EXF100  ,__init.stock_location_E
__init.stock_location_EXF100  ,EXF100  ,__init.stock_location_E
__init.stock_location_EXF100  ,EXF100  ,__init.stock_location_E
__init.stock_location_EXF200  ,EXF200  ,__init.stock_location_E
__init.stock_location_EXF200  ,EXF200  ,__init.stock_location_E
__init.stock_location_EXF200  ,EXF200  ,__init.stock_location_E
__init.stock_location_EXF200  ,EXF200  ,__init.stock_location_E
__init.stock_location_EXF200  ,EXF200  ,__init.stock_location_E
__init.stock_location_EXF200  ,EXF200  ,__init.stock_location_E
__init.stock_location_EXF200  ,EXF200  ,__init.stock_location_E
__init.stock_location_EXF200  ,EXF200  ,__init.stock_location_E
__init.stock_location_EXF200  ,EXF200  ,__init.stock_location_E
__init.stock_location_EXF200  ,EXF200  ,__init.stock_location_E
__init.stock_location_EXF200  ,EXF200  ,__init.stock_location_E
__init.stock_location_EXF300  ,EXF300  ,__init.stock_location_E
__init.stock_location_EXF300  ,EXF300  ,__init.stock_location_E
__init.stock_location_EXF300  ,EXF300  ,__init.stock_location_E
__init.stock_location_EXF300  ,EXF300  ,__init.stock_location_E
__init.stock_location_EXF300  ,EXF300  ,__init.stock_location_E
__init.stock_location_EXF300  ,EXF300  ,__init.stock_location_E
__init.stock_location_EXF300  ,EXF300  ,__init.stock_location_E
__init.stock_location_EXF300  ,EXF300  ,__init.stock_location_E
__init.stock_location_EXF300  ,EXF300  ,__init.stock_location_E
__init.stock_location_EXF300  ,EXF300  ,__init.stock_location_E
__init.stock_location_EXF300  ,EXF300  ,__init.stock_location_E
__init.stock_location_EXF305  ,EXF305  ,__init.stock_location_E
__init.stock_location_EXF400  ,EXF400  ,__init.stock_location_E
__init.stock_location_EXF400  ,EXF400  ,__init.stock_location_E
__init.stock_location_EXF400  ,EXF400  ,__init.stock_location_E
__init.stock_location_EXF400  ,EXF400  ,__init.stock_location_E
__init.stock_location_EXF400  ,EXF400  ,__init.stock_location_E
__init.stock_location_EXF400  ,EXF400  ,__init.stock_location_E
__init.stock_location_EXF400  ,EXF400  ,__init.stock_location_E
__init.stock_location_EXF400  ,EXF400  ,__init.stock_location_E
__init.stock_location_EXF400  ,EXF400  ,__init.stock_location_E
__init.stock_location_EXF400  ,EXF400  ,__init.stock_location_E
__init.stock_location_EXF500  ,EXF500  ,__init.stock_location_E
__init.stock_location_EXF501  ,EXF501  ,__init.stock_location_E
__init.stock_location_EXF503  ,EXF503  ,__init.stock_location_E
__init.stock_location_EXF504  ,EXF504  ,__init.stock_location_E
__init.stock_location_EXF507  ,EXF507  ,__init.stock_location_E
__init.stock_location_EXF510  ,EXF510  ,__init.stock_location_E
__init.stock_location_EXF600  ,EXF600  ,__init.stock_location_E
__init.stock_location_EXF600  ,EXF600  ,__init.stock_location_E
__init.stock_location_EXF600  ,EXF600  ,__init.stock_location_E
__init.stock_location_EXF600  ,EXF600  ,__init.stock_location_E
__init.stock_location_EXF600  ,EXF600  ,__init.stock_location_E
__init.stock_location_EXF600  ,EXF600  ,__init.stock_location_E
__init.stock_location_EXF600  ,EXF600  ,__init.stock_location_E
__init.stock_location_EXF600  ,EXF600  ,__init.stock_location_E
__init.stock_location_EXF600  ,EXF600  ,__init.stock_location_E
__init.stock_location_EXF600  ,EXF600  ,__init.stock_location_E
__init.stock_location_EXF600  ,EXF600  ,__init.stock_location_E
__init.stock_location_EXF650  ,EXF650  ,__init.stock_location_E
__init.stock_location_EXG100  ,EXG100  ,__init.stock_location_E
__init.stock_location_EXG100  ,EXG100  ,__init.stock_location_E
__init.stock_location_EXG100  ,EXG100  ,__init.stock_location_E
__init.stock_location_EXG100  ,EXG100  ,__init.stock_location_E
__init.stock_location_EXG100  ,EXG100  ,__init.stock_location_E
__init.stock_location_EXG100  ,EXG100  ,__init.stock_location_E
__init.stock_location_EXG100  ,EXG100  ,__init.stock_location_E
__init.stock_location_EXG100  ,EXG100  ,__init.stock_location_E
__init.stock_location_EXG100  ,EXG100  ,__init.stock_location_E
__init.stock_location_EXG130  ,EXG130  ,__init.stock_location_E
__init.stock_location_EXG140  ,EXG140  ,__init.stock_location_E
__init.stock_location_EXG150  ,EXG150  ,__init.stock_location_E
__init.stock_location_EXG160  ,EXG160  ,__init.stock_location_E
__init.stock_location_EXG200  ,EXG200  ,__init.stock_location_E
__init.stock_location_EXG200  ,EXG200  ,__init.stock_location_E
__init.stock_location_EXG200  ,EXG200  ,__init.stock_location_E
__init.stock_location_EXG200  ,EXG200  ,__init.stock_location_E
__init.stock_location_EXG200  ,EXG200  ,__init.stock_location_E
__init.stock_location_EXG200  ,EXG200  ,__init.stock_location_E
__init.stock_location_EXG200  ,EXG200  ,__init.stock_location_E
__init.stock_location_EXG200  ,EXG200  ,__init.stock_location_E
__init.stock_location_EXG200  ,EXG200  ,__init.stock_location_E
__init.stock_location_EXG200  ,EXG200  ,__init.stock_location_E
__init.stock_location_EXG300  ,EXG300  ,__init.stock_location_E
__init.stock_location_EXG300  ,EXG300  ,__init.stock_location_E
__init.stock_location_EXG300  ,EXG300  ,__init.stock_location_E
__init.stock_location_EXG300  ,EXG300  ,__init.stock_location_E
__init.stock_location_EXG300  ,EXG300  ,__init.stock_location_E
__init.stock_location_EXG300  ,EXG300  ,__init.stock_location_E
__init.stock_location_EXG300  ,EXG300  ,__init.stock_location_E
__init.stock_location_EXG300  ,EXG300  ,__init.stock_location_E
__init.stock_location_EXG300  ,EXG300  ,__init.stock_location_E
__init.stock_location_EXG400  ,EXG400  ,__init.stock_location_E
__init.stock_location_EXG400  ,EXG400  ,__init.stock_location_E
__init.stock_location_EXG400  ,EXG400  ,__init.stock_location_E
__init.stock_location_EXG400  ,EXG400  ,__init.stock_location_E
__init.stock_location_EXG400  ,EXG400  ,__init.stock_location_E
__init.stock_location_EXG400  ,EXG400  ,__init.stock_location_E
__init.stock_location_EXG400  ,EXG400  ,__init.stock_location_E
__init.stock_location_EXG405  ,EXG405  ,__init.stock_location_E
__init.stock_location_EXG500  ,EXG500  ,__init.stock_location_E
__init.stock_location_EXG500  ,EXG500  ,__init.stock_location_E
__init.stock_location_EXG500  ,EXG500  ,__init.stock_location_E
__init.stock_location_EXG500  ,EXG500  ,__init.stock_location_E
__init.stock_location_EXG500  ,EXG500  ,__init.stock_location_E
__init.stock_location_EXG500  ,EXG500  ,__init.stock_location_E
__init.stock_location_EXG500  ,EXG500  ,__init.stock_location_E
__init.stock_location_EXG500  ,EXG500  ,__init.stock_location_E
__init.stock_location_EXG500  ,EXG500  ,__init.stock_location_E
__init.stock_location_EXG506  ,EXG506  ,__init.stock_location_E
__init.stock_location_EXG509  ,EXG509  ,__init.stock_location_E
__init.stock_location_EXG515  ,EXG515  ,__init.stock_location_E
__init.stock_location_EXG515  ,EXG515  ,__init.stock_location_E
__init.stock_location_EXG600  ,EXG600  ,__init.stock_location_E
__init.stock_location_EXG600  ,EXG600  ,__init.stock_location_E
__init.stock_location_EXG600  ,EXG600  ,__init.stock_location_E
__init.stock_location_EXG600  ,EXG600  ,__init.stock_location_E
__init.stock_location_EXG600  ,EXG600  ,__init.stock_location_E
__init.stock_location_EXG600  ,EXG600  ,__init.stock_location_E
__init.stock_location_EXG600  ,EXG600  ,__init.stock_location_E
__init.stock_location_EXG600  ,EXG600  ,__init.stock_location_E
__init.stock_location_EXG600  ,EXG600  ,__init.stock_location_E
__init.stock_location_EXG600  ,EXG600  ,__init.stock_location_E
__init.stock_location_EXG600  ,EXG600  ,__init.stock_location_E
__init.stock_location_EXG600  ,EXG600  ,__init.stock_location_E
__init.stock_location_EXG620  ,EXG620  ,__init.stock_location_E
__init.stock_location_EXG621  ,EXG621  ,__init.stock_location_E
__init.stock_location_EXG623  ,EXG623  ,__init.stock_location_E
__init.stock_location_EXH102  ,EXH102  ,__init.stock_location_E
__init.stock_location_EXH103  ,EXH103  ,__init.stock_location_E
__init.stock_location_EXH104  ,EXH104  ,__init.stock_location_E
__init.stock_location_EXH105  ,EXH105  ,__init.stock_location_E
__init.stock_location_EXH106  ,EXH106  ,__init.stock_location_E
__init.stock_location_EXH107  ,EXH107  ,__init.stock_location_E
__init.stock_location_EXH108  ,EXH108  ,__init.stock_location_E
__init.stock_location_EXH200  ,EXH200  ,__init.stock_location_E
__init.stock_location_EXH200  ,EXH200  ,__init.stock_location_E
__init.stock_location_EXH200  ,EXH200  ,__init.stock_location_E
__init.stock_location_EXH200  ,EXH200  ,__init.stock_location_E
__init.stock_location_EXH200  ,EXH200  ,__init.stock_location_E
__init.stock_location_EXH200  ,EXH200  ,__init.stock_location_E
__init.stock_location_EXH200  ,EXH200  ,__init.stock_location_E
__init.stock_location_EXH200  ,EXH200  ,__init.stock_location_E
__init.stock_location_EXH200  ,EXH200  ,__init.stock_location_E
__init.stock_location_EXH200  ,EXH200  ,__init.stock_location_E
__init.stock_location_EXH300  ,EXH300  ,__init.stock_location_E
__init.stock_location_EXH300  ,EXH300  ,__init.stock_location_E
__init.stock_location_EXH300  ,EXH300  ,__init.stock_location_E
__init.stock_location_EXH300  ,EXH300  ,__init.stock_location_E
__init.stock_location_EXH300  ,EXH300  ,__init.stock_location_E
__init.stock_location_EXH300  ,EXH300  ,__init.stock_location_E
__init.stock_location_EXH300  ,EXH300  ,__init.stock_location_E
__init.stock_location_EXH300  ,EXH300  ,__init.stock_location_E
__init.stock_location_EXH300  ,EXH300  ,__init.stock_location_E
__init.stock_location_EXH300  ,EXH300  ,__init.stock_location_E
__init.stock_location_EXH300  ,EXH300  ,__init.stock_location_E
__init.stock_location_EXH300  ,EXH300  ,__init.stock_location_E
__init.stock_location_EXH300  ,EXH300  ,__init.stock_location_E
__init.stock_location_EXH300  ,EXH300  ,__init.stock_location_E
__init.stock_location_EXH300  ,EXH300  ,__init.stock_location_E
__init.stock_location_EXH300  ,EXH300  ,__init.stock_location_E
__init.stock_location_EXH300  ,EXH300  ,__init.stock_location_E
__init.stock_location_EXH300  ,EXH300  ,__init.stock_location_E
__init.stock_location_EXH300  ,EXH300  ,__init.stock_location_E
__init.stock_location_EXH300  ,EXH300  ,__init.stock_location_E
__init.stock_location_EXH300  ,EXH300  ,__init.stock_location_E
__init.stock_location_EXH300  ,EXH300  ,__init.stock_location_E
__init.stock_location_EXH300  ,EXH300  ,__init.stock_location_E
__init.stock_location_EXH300  ,EXH300  ,__init.stock_location_E
__init.stock_location_EXH300  ,EXH300  ,__init.stock_location_E
__init.stock_location_EXH300  ,EXH300  ,__init.stock_location_E
__init.stock_location_EXH301  ,EXH301  ,__init.stock_location_E
__init.stock_location_EXH399  ,EXH399  ,__init.stock_location_E
__init.stock_location_EXH400  ,EXH400  ,__init.stock_location_E
__init.stock_location_EXH400  ,EXH400  ,__init.stock_location_E
__init.stock_location_EXH400  ,EXH400  ,__init.stock_location_E
__init.stock_location_EXH400  ,EXH400  ,__init.stock_location_E
__init.stock_location_EXH400  ,EXH400  ,__init.stock_location_E
__init.stock_location_EXH400  ,EXH400  ,__init.stock_location_E
__init.stock_location_EXH400  ,EXH400  ,__init.stock_location_E
__init.stock_location_EXH400  ,EXH400  ,__init.stock_location_E
__init.stock_location_EXH400  ,EXH400  ,__init.stock_location_E
__init.stock_location_EXH400  ,EXH400  ,__init.stock_location_E
__init.stock_location_EXH400  ,EXH400  ,__init.stock_location_E
__init.stock_location_EXH400  ,EXH400  ,__init.stock_location_E
__init.stock_location_EXH400  ,EXH400  ,__init.stock_location_E
__init.stock_location_EXH400  ,EXH400  ,__init.stock_location_E
__init.stock_location_EXH400  ,EXH400  ,__init.stock_location_E
__init.stock_location_EXH400  ,EXH400  ,__init.stock_location_E
__init.stock_location_EXH405  ,EXH405  ,__init.stock_location_E
__init.stock_location_EXH500  ,EXH500  ,__init.stock_location_E
__init.stock_location_EXH500  ,EXH500  ,__init.stock_location_E
__init.stock_location_EXH500  ,EXH500  ,__init.stock_location_E
__init.stock_location_EXH500  ,EXH500  ,__init.stock_location_E
__init.stock_location_EXH500  ,EXH500  ,__init.stock_location_E
__init.stock_location_EXH500  ,EXH500  ,__init.stock_location_E
__init.stock_location_EXH500  ,EXH500  ,__init.stock_location_E
__init.stock_location_EXH500  ,EXH500  ,__init.stock_location_E
__init.stock_location_EXH501  ,EXH501  ,__init.stock_location_E
__init.stock_location_EXH502  ,EXH502  ,__init.stock_location_E
__init.stock_location_EXH510  ,EXH510  ,__init.stock_location_E
__init.stock_location_EXH515  ,EXH515  ,__init.stock_location_E
__init.stock_location_EXH516  ,EXH516  ,__init.stock_location_E
__init.stock_location_EXH600  ,EXH600  ,__init.stock_location_E
__init.stock_location_EXH600  ,EXH600  ,__init.stock_location_E
__init.stock_location_EXH600  ,EXH600  ,__init.stock_location_E
__init.stock_location_EXH600  ,EXH600  ,__init.stock_location_E
__init.stock_location_EXH600  ,EXH600  ,__init.stock_location_E
__init.stock_location_EXH600  ,EXH600  ,__init.stock_location_E
__init.stock_location_EXH600  ,EXH600  ,__init.stock_location_E
__init.stock_location_EXH600  ,EXH600  ,__init.stock_location_E
__init.stock_location_EXH600  ,EXH600  ,__init.stock_location_E
__init.stock_location_EXH600  ,EXH600  ,__init.stock_location_E
__init.stock_location_EXH600  ,EXH600  ,__init.stock_location_E
__init.stock_location_EXH600  ,EXH600  ,__init.stock_location_E
__init.stock_location_EXH600  ,EXH600  ,__init.stock_location_E
__init.stock_location_EXH600  ,EXH600  ,__init.stock_location_E
__init.stock_location_EXH600  ,EXH600  ,__init.stock_location_E
__init.stock_location_EXH690  ,EXH690  ,__init.stock_location_E
__init.stock_location_EXH690  ,EXH690  ,__init.stock_location_E
__init.stock_location_EXH699  ,EXH699  ,__init.stock_location_E
__init.stock_location_EXI100  ,EXI100  ,__init.stock_location_E
__init.stock_location_EXI100  ,EXI100  ,__init.stock_location_E
__init.stock_location_EXI100  ,EXI100  ,__init.stock_location_E
__init.stock_location_EXI100  ,EXI100  ,__init.stock_location_E
__init.stock_location_EXI100  ,EXI100  ,__init.stock_location_E
__init.stock_location_EXI100  ,EXI100  ,__init.stock_location_E
__init.stock_location_EXI200  ,EXI200  ,__init.stock_location_E
__init.stock_location_EXI200  ,EXI200  ,__init.stock_location_E
__init.stock_location_EXI200  ,EXI200  ,__init.stock_location_E
__init.stock_location_EXI200  ,EXI200  ,__init.stock_location_E
__init.stock_location_EXI200  ,EXI200  ,__init.stock_location_E
__init.stock_location_EXI200  ,EXI200  ,__init.stock_location_E
__init.stock_location_EXI20100,EXI20100,__init.stock_location_E
__init.stock_location_EXI300  ,EXI300  ,__init.stock_location_E
__init.stock_location_EXI300  ,EXI300  ,__init.stock_location_E
__init.stock_location_EXI300  ,EXI300  ,__init.stock_location_E
__init.stock_location_EXI300  ,EXI300  ,__init.stock_location_E
__init.stock_location_EXI300  ,EXI300  ,__init.stock_location_E
__init.stock_location_EXI300  ,EXI300  ,__init.stock_location_E
__init.stock_location_EXI300  ,EXI300  ,__init.stock_location_E
__init.stock_location_EXI300  ,EXI300  ,__init.stock_location_E
__init.stock_location_EXI300  ,EXI300  ,__init.stock_location_E
__init.stock_location_EXI400  ,EXI400  ,__init.stock_location_E
__init.stock_location_EXI400  ,EXI400  ,__init.stock_location_E
__init.stock_location_EXI400  ,EXI400  ,__init.stock_location_E
__init.stock_location_EXI400  ,EXI400  ,__init.stock_location_E
__init.stock_location_EXI400  ,EXI400  ,__init.stock_location_E
__init.stock_location_EXI400  ,EXI400  ,__init.stock_location_E
__init.stock_location_EXI400  ,EXI400  ,__init.stock_location_E
__init.stock_location_EXI400  ,EXI400  ,__init.stock_location_E
__init.stock_location_EXI400  ,EXI400  ,__init.stock_location_E
__init.stock_location_EXI500  ,EXI500  ,__init.stock_location_E
__init.stock_location_EXI500  ,EXI500  ,__init.stock_location_E
__init.stock_location_EXI500  ,EXI500  ,__init.stock_location_E
__init.stock_location_EXI501  ,EXI501  ,__init.stock_location_E
__init.stock_location_EXI503  ,EXI503  ,__init.stock_location_E
__init.stock_location_EXI510  ,EXI510  ,__init.stock_location_E
__init.stock_location_EXI513  ,EXI513  ,__init.stock_location_E
__init.stock_location_EXI520  ,EXI520  ,__init.stock_location_E
__init.stock_location_EXI526  ,EXI526  ,__init.stock_location_E
__init.stock_location_EXI527  ,EXI527  ,__init.stock_location_E
__init.stock_location_EXI600  ,EXI600  ,__init.stock_location_E
__init.stock_location_EXI600  ,EXI600  ,__init.stock_location_E
__init.stock_location_EXI624  ,EXI624  ,__init.stock_location_E
__init.stock_location_EXI629  ,EXI629  ,__init.stock_location_E
__init.stock_location_EXI632  ,EXI632  ,__init.stock_location_E
__init.stock_location_EXI637  ,EXI637  ,__init.stock_location_E
__init.stock_location_EXI638  ,EXI638  ,__init.stock_location_E
__init.stock_location_EXI652  ,EXI652  ,__init.stock_location_E
__init.stock_location_EXI700  ,EXI700  ,__init.stock_location_E
__init.stock_location_EXI700  ,EXI700  ,__init.stock_location_E
__init.stock_location_EXI700  ,EXI700  ,__init.stock_location_E
__init.stock_location_EXI700  ,EXI700  ,__init.stock_location_E
__init.stock_location_EXI700  ,EXI700  ,__init.stock_location_E
__init.stock_location_EXI800  ,EXI800  ,__init.stock_location_E
__init.stock_location_EXI800  ,EXI800  ,__init.stock_location_E
__init.stock_location_EXI858  ,EXI858  ,__init.stock_location_E
__init.stock_location_EXI872  ,EXI872  ,__init.stock_location_E
__init.stock_location_EXI879  ,EXI879  ,__init.stock_location_E
__init.stock_location_EXI900  ,EXI900  ,__init.stock_location_E
__init.stock_location_EXI900  ,EXI900  ,__init.stock_location_E
__init.stock_location_EXI900  ,EXI900  ,__init.stock_location_E
__init.stock_location_EXI991  ,EXI991  ,__init.stock_location_E
__init.stock_location_EXI995  ,EXI995  ,__init.stock_location_E
__init.stock_location_EXI997  ,EXI997  ,__init.stock_location_E
__init.stock_location_EXJ100  ,EXJ100  ,__init.stock_location_E
__init.stock_location_EXJ100  ,EXJ100  ,__init.stock_location_E
__init.stock_location_EXJ100  ,EXJ100  ,__init.stock_location_E
__init.stock_location_EXJ100  ,EXJ100  ,__init.stock_location_E
__init.stock_location_EXJ100  ,EXJ100  ,__init.stock_location_E
__init.stock_location_EXJ100  ,EXJ100  ,__init.stock_location_E
__init.stock_location_EXJ100  ,EXJ100  ,__init.stock_location_E
__init.stock_location_EXJ100  ,EXJ100  ,__init.stock_location_E
__init.stock_location_EXJ100  ,EXJ100  ,__init.stock_location_E
__init.stock_location_EXJ200  ,EXJ200  ,__init.stock_location_E
__init.stock_location_EXJ200  ,EXJ200  ,__init.stock_location_E
__init.stock_location_EXJ200  ,EXJ200  ,__init.stock_location_E
__init.stock_location_EXJ200  ,EXJ200  ,__init.stock_location_E
__init.stock_location_EXJ200  ,EXJ200  ,__init.stock_location_E
__init.stock_location_EXJ200  ,EXJ200  ,__init.stock_location_E
__init.stock_location_EXJ300  ,EXJ300  ,__init.stock_location_E
__init.stock_location_EXJ300  ,EXJ300  ,__init.stock_location_E
__init.stock_location_EXJ300  ,EXJ300  ,__init.stock_location_E
__init.stock_location_EXJ300  ,EXJ300  ,__init.stock_location_E
__init.stock_location_EXJ300  ,EXJ300  ,__init.stock_location_E
__init.stock_location_EXJ300  ,EXJ300  ,__init.stock_location_E
__init.stock_location_EXJ300  ,EXJ300  ,__init.stock_location_E
__init.stock_location_EXJ300  ,EXJ300  ,__init.stock_location_E
__init.stock_location_EXJ400  ,EXJ400  ,__init.stock_location_E
__init.stock_location_EXJ400  ,EXJ400  ,__init.stock_location_E
__init.stock_location_EXJ400  ,EXJ400  ,__init.stock_location_E
__init.stock_location_EXJ412  ,EXJ412  ,__init.stock_location_E
__init.stock_location_EXJ500  ,EXJ500  ,__init.stock_location_E
__init.stock_location_EXJ500  ,EXJ500  ,__init.stock_location_E
__init.stock_location_EXJ500  ,EXJ500  ,__init.stock_location_E
__init.stock_location_EXJ500  ,EXJ500  ,__init.stock_location_E
__init.stock_location_EXJ500  ,EXJ500  ,__init.stock_location_E
__init.stock_location_EXJ500  ,EXJ500  ,__init.stock_location_E
__init.stock_location_EXJ500  ,EXJ500  ,__init.stock_location_E
__init.stock_location_EXJ500  ,EXJ500  ,__init.stock_location_E
__init.stock_location_EXJ510  ,EXJ510  ,__init.stock_location_E
__init.stock_location_EXJ510  ,EXJ510  ,__init.stock_location_E
__init.stock_location_EXJ600  ,EXJ600  ,__init.stock_location_E
__init.stock_location_EXJ600  ,EXJ600  ,__init.stock_location_E
__init.stock_location_EXJ600  ,EXJ600  ,__init.stock_location_E
__init.stock_location_EXJ601  ,EXJ601  ,__init.stock_location_E
__init.stock_location_EXJ602  ,EXJ602  ,__init.stock_location_E
__init.stock_location_EXJ609  ,EXJ609  ,__init.stock_location_E
__init.stock_location_EXJ610  ,EXJ610  ,__init.stock_location_E
__init.stock_location_EXJ611  ,EXJ611  ,__init.stock_location_E
__init.stock_location_EXJ613  ,EXJ613  ,__init.stock_location_E
__init.stock_location_EXJ614  ,EXJ614  ,__init.stock_location_E
__init.stock_location_EXJ615  ,EXJ615  ,__init.stock_location_E
__init.stock_location_EXJ616  ,EXJ616  ,__init.stock_location_E
__init.stock_location_EXJ700  ,EXJ700  ,__init.stock_location_E
__init.stock_location_EXJ700  ,EXJ700  ,__init.stock_location_E
__init.stock_location_EXJ700  ,EXJ700  ,__init.stock_location_E
__init.stock_location_EXJ715  ,EXJ715  ,__init.stock_location_E
__init.stock_location_EXJ800  ,EXJ800  ,__init.stock_location_E
__init.stock_location_EXJ800  ,EXJ800  ,__init.stock_location_E
__init.stock_location_EXJ800  ,EXJ800  ,__init.stock_location_E
__init.stock_location_EXJ800  ,EXJ800  ,__init.stock_location_E
__init.stock_location_EXJ800  ,EXJ800  ,__init.stock_location_E
__init.stock_location_EXJ800  ,EXJ800  ,__init.stock_location_E
__init.stock_location_EXJ80000,EXJ80000,__init.stock_location_E
__init.stock_location_EXJ900  ,EXJ900  ,__init.stock_location_E
__init.stock_location_EXJ900  ,EXJ900  ,__init.stock_location_E
__init.stock_location_EXJ900  ,EXJ900  ,__init.stock_location_E
__init.stock_location_EXJ900  ,EXJ900  ,__init.stock_location_E
__init.stock_location_EXJ900  ,EXJ900  ,__init.stock_location_E
__init.stock_location_EXJ901  ,EXJ901  ,__init.stock_location_E
__init.stock_location_EXJ902  ,EXJ902  ,__init.stock_location_E
__init.stock_location_EXJ902  ,EXJ902  ,__init.stock_location_E
__init.stock_location_EXJ904  ,EXJ904  ,__init.stock_location_E
__init.stock_location_EXJ99998,EXJ99998,__init.stock_location_E
__init.stock_location_EXJ99999,EXJ99999,__init.stock_location_E
__init.stock_location_EXK100  ,EXK100  ,__init.stock_location_E
__init.stock_location_EXK100  ,EXK100  ,__init.stock_location_E
__init.stock_location_EXK100  ,EXK100  ,__init.stock_location_E
__init.stock_location_EXK100  ,EXK100  ,__init.stock_location_E
__init.stock_location_EXK100  ,EXK100  ,__init.stock_location_E
__init.stock_location_EXK100  ,EXK100  ,__init.stock_location_E
__init.stock_location_EXK100  ,EXK100  ,__init.stock_location_E
__init.stock_location_EXK104  ,EXK104  ,__init.stock_location_E
__init.stock_location_EXK111  ,EXK111  ,__init.stock_location_E
__init.stock_location_EXK112  ,EXK112  ,__init.stock_location_E
__init.stock_location_EXK200  ,EXK200  ,__init.stock_location_E
__init.stock_location_EXK200  ,EXK200  ,__init.stock_location_E
__init.stock_location_EXK200  ,EXK200  ,__init.stock_location_E
__init.stock_location_EXK200  ,EXK200  ,__init.stock_location_E
__init.stock_location_EXK200  ,EXK200  ,__init.stock_location_E
__init.stock_location_EXK200  ,EXK200  ,__init.stock_location_E
__init.stock_location_EXK200  ,EXK200  ,__init.stock_location_E
__init.stock_location_EXK200  ,EXK200  ,__init.stock_location_E
__init.stock_location_EXK200  ,EXK200  ,__init.stock_location_E
__init.stock_location_EXK200  ,EXK200  ,__init.stock_location_E
__init.stock_location_EXK200  ,EXK200  ,__init.stock_location_E
__init.stock_location_EXK200  ,EXK200  ,__init.stock_location_E
__init.stock_location_EXK300  ,EXK300  ,__init.stock_location_E
__init.stock_location_EXK300  ,EXK300  ,__init.stock_location_E
__init.stock_location_EXK300  ,EXK300  ,__init.stock_location_E
__init.stock_location_EXK300  ,EXK300  ,__init.stock_location_E
__init.stock_location_EXK300  ,EXK300  ,__init.stock_location_E
__init.stock_location_EXK300  ,EXK300  ,__init.stock_location_E
__init.stock_location_EXK300  ,EXK300  ,__init.stock_location_E
__init.stock_location_EXK300  ,EXK300  ,__init.stock_location_E
__init.stock_location_EXK300  ,EXK300  ,__init.stock_location_E
__init.stock_location_EXK300  ,EXK300  ,__init.stock_location_E
__init.stock_location_EXK400  ,EXK400  ,__init.stock_location_E
__init.stock_location_EXK400  ,EXK400  ,__init.stock_location_E
__init.stock_location_EXK400  ,EXK400  ,__init.stock_location_E
__init.stock_location_EXK400  ,EXK400  ,__init.stock_location_E
__init.stock_location_EXK400  ,EXK400  ,__init.stock_location_E
__init.stock_location_EXK400  ,EXK400  ,__init.stock_location_E
__init.stock_location_EXK400  ,EXK400  ,__init.stock_location_E
__init.stock_location_EXK500  ,EXK500  ,__init.stock_location_E
__init.stock_location_EXK500  ,EXK500  ,__init.stock_location_E
__init.stock_location_EXK500  ,EXK500  ,__init.stock_location_E
__init.stock_location_EXK500  ,EXK500  ,__init.stock_location_E
__init.stock_location_EXK500  ,EXK500  ,__init.stock_location_E
__init.stock_location_EXK500  ,EXK500  ,__init.stock_location_E
__init.stock_location_EXK500  ,EXK500  ,__init.stock_location_E
__init.stock_location_EXK500  ,EXK500  ,__init.stock_location_E
__init.stock_location_EXK500  ,EXK500  ,__init.stock_location_E
__init.stock_location_EXK501  ,EXK501  ,__init.stock_location_E
__init.stock_location_EXK600  ,EXK600  ,__init.stock_location_E
__init.stock_location_EXK600  ,EXK600  ,__init.stock_location_E
__init.stock_location_EXK600  ,EXK600  ,__init.stock_location_E
__init.stock_location_EXK600  ,EXK600  ,__init.stock_location_E
__init.stock_location_EXK600  ,EXK600  ,__init.stock_location_E
__init.stock_location_EXK600  ,EXK600  ,__init.stock_location_E
__init.stock_location_EXK600  ,EXK600  ,__init.stock_location_E
__init.stock_location_EXK600  ,EXK600  ,__init.stock_location_E
__init.stock_location_EXK600  ,EXK600  ,__init.stock_location_E
__init.stock_location_EXK600  ,EXK600  ,__init.stock_location_E
__init.stock_location_EXK600  ,EXK600  ,__init.stock_location_E
__init.stock_location_EXK600  ,EXK600  ,__init.stock_location_E
__init.stock_location_EXK607  ,EXK607  ,__init.stock_location_E
__init.stock_location_EXK609  ,EXK609  ,__init.stock_location_E
__init.stock_location_EXK700  ,EXK700  ,__init.stock_location_E
__init.stock_location_EXK700  ,EXK700  ,__init.stock_location_E
__init.stock_location_EXK700  ,EXK700  ,__init.stock_location_E
__init.stock_location_EXK700  ,EXK700  ,__init.stock_location_E
__init.stock_location_EXK715  ,EXK715  ,__init.stock_location_E
__init.stock_location_EXK800  ,EXK800  ,__init.stock_location_E
__init.stock_location_EXK800  ,EXK800  ,__init.stock_location_E
__init.stock_location_EXK800  ,EXK800  ,__init.stock_location_E
__init.stock_location_EXK800  ,EXK800  ,__init.stock_location_E
__init.stock_location_EXK800  ,EXK800  ,__init.stock_location_E
__init.stock_location_EXK800  ,EXK800  ,__init.stock_location_E
__init.stock_location_EXK900  ,EXK900  ,__init.stock_location_E
__init.stock_location_EXK900  ,EXK900  ,__init.stock_location_E
__init.stock_location_EXK900  ,EXK900  ,__init.stock_location_E
__init.stock_location_EXK900  ,EXK900  ,__init.stock_location_E
__init.stock_location_EXK900  ,EXK900  ,__init.stock_location_E
__init.stock_location_EXK900  ,EXK900  ,__init.stock_location_E
__init.stock_location_EXK900  ,EXK900  ,__init.stock_location_E
__init.stock_location_EXK900  ,EXK900  ,__init.stock_location_E
__init.stock_location_EXK900  ,EXK900  ,__init.stock_location_E
__init.stock_location_EXL100  ,EXL100  ,__init.stock_location_E
__init.stock_location_EXL100  ,EXL100  ,__init.stock_location_E
__init.stock_location_EXL100  ,EXL100  ,__init.stock_location_E
__init.stock_location_EXL100  ,EXL100  ,__init.stock_location_E
__init.stock_location_EXL100  ,EXL100  ,__init.stock_location_E
__init.stock_location_EXL100  ,EXL100  ,__init.stock_location_E
__init.stock_location_EXL100  ,EXL100  ,__init.stock_location_E
__init.stock_location_EXL100  ,EXL100  ,__init.stock_location_E
__init.stock_location_EXL100  ,EXL100  ,__init.stock_location_E
__init.stock_location_EXL100  ,EXL100  ,__init.stock_location_E
__init.stock_location_EXL200  ,EXL200  ,__init.stock_location_E
__init.stock_location_EXL200  ,EXL200  ,__init.stock_location_E
__init.stock_location_EXL200  ,EXL200  ,__init.stock_location_E
__init.stock_location_EXL200  ,EXL200  ,__init.stock_location_E
__init.stock_location_EXL200  ,EXL200  ,__init.stock_location_E
__init.stock_location_EXL200  ,EXL200  ,__init.stock_location_E
__init.stock_location_EXL200  ,EXL200  ,__init.stock_location_E
__init.stock_location_EXL200  ,EXL200  ,__init.stock_location_E
__init.stock_location_EXL200  ,EXL200  ,__init.stock_location_E
__init.stock_location_EXL300  ,EXL300  ,__init.stock_location_E
__init.stock_location_EXL300  ,EXL300  ,__init.stock_location_E
__init.stock_location_EXL300  ,EXL300  ,__init.stock_location_E
__init.stock_location_EXL300  ,EXL300  ,__init.stock_location_E
__init.stock_location_EXL300  ,EXL300  ,__init.stock_location_E
__init.stock_location_EXL400  ,EXL400  ,__init.stock_location_E
__init.stock_location_EXL400  ,EXL400  ,__init.stock_location_E
__init.stock_location_EXL400  ,EXL400  ,__init.stock_location_E
__init.stock_location_EXL400  ,EXL400  ,__init.stock_location_E
__init.stock_location_EXL400  ,EXL400  ,__init.stock_location_E
__init.stock_location_EXL400  ,EXL400  ,__init.stock_location_E
__init.stock_location_EXL404  ,EXL404  ,__init.stock_location_E
__init.stock_location_EXL500  ,EXL500  ,__init.stock_location_E
__init.stock_location_EXL500  ,EXL500  ,__init.stock_location_E
__init.stock_location_EXL500  ,EXL500  ,__init.stock_location_E
__init.stock_location_EXL510  ,EXL510  ,__init.stock_location_E
__init.stock_location_EXL511  ,EXL511  ,__init.stock_location_E
__init.stock_location_EXL512  ,EXL512  ,__init.stock_location_E
__init.stock_location_EXL513  ,EXL513  ,__init.stock_location_E
__init.stock_location_EXL514  ,EXL514  ,__init.stock_location_E
__init.stock_location_EXL600  ,EXL600  ,__init.stock_location_E
__init.stock_location_EXL600  ,EXL600  ,__init.stock_location_E
__init.stock_location_EXL600  ,EXL600  ,__init.stock_location_E
__init.stock_location_EXL600  ,EXL600  ,__init.stock_location_E
__init.stock_location_EXL600  ,EXL600  ,__init.stock_location_E
__init.stock_location_EXL600  ,EXL600  ,__init.stock_location_E
__init.stock_location_EXL600  ,EXL600  ,__init.stock_location_E
__init.stock_location_EXL600  ,EXL600  ,__init.stock_location_E
__init.stock_location_EXL600  ,EXL600  ,__init.stock_location_E
__init.stock_location_EXN100  ,EXN100  ,__init.stock_location_E
__init.stock_location_EXN100  ,EXN100  ,__init.stock_location_E
__init.stock_location_EXN100  ,EXN100  ,__init.stock_location_E
__init.stock_location_EXN100  ,EXN100  ,__init.stock_location_E
__init.stock_location_EXN100  ,EXN100  ,__init.stock_location_E
__init.stock_location_EXN100  ,EXN100  ,__init.stock_location_E
__init.stock_location_EXN100  ,EXN100  ,__init.stock_location_E
__init.stock_location_EXN100  ,EXN100  ,__init.stock_location_E
__init.stock_location_EXN100  ,EXN100  ,__init.stock_location_E
__init.stock_location_EXN100  ,EXN100  ,__init.stock_location_E
__init.stock_location_EXN101  ,EXN101  ,__init.stock_location_E
__init.stock_location_EXN102  ,EXN102  ,__init.stock_location_E
__init.stock_location_EXN103  ,EXN103  ,__init.stock_location_E
__init.stock_location_EXN104  ,EXN104  ,__init.stock_location_E
__init.stock_location_EXN108  ,EXN108  ,__init.stock_location_E
__init.stock_location_EXN111  ,EXN111  ,__init.stock_location_E
__init.stock_location_EXN113  ,EXN113  ,__init.stock_location_E
__init.stock_location_EXN115  ,EXN115  ,__init.stock_location_E
__init.stock_location_EXN116  ,EXN116  ,__init.stock_location_E
__init.stock_location_EXN118  ,EXN118  ,__init.stock_location_E
__init.stock_location_EXN119  ,EXN119  ,__init.stock_location_E
__init.stock_location_EXN120  ,EXN120  ,__init.stock_location_E
__init.stock_location_EXN122  ,EXN122  ,__init.stock_location_E
__init.stock_location_EXN123  ,EXN123  ,__init.stock_location_E
__init.stock_location_EXN203  ,EXN203  ,__init.stock_location_E
__init.stock_location_EXN204  ,EXN204  ,__init.stock_location_E
__init.stock_location_EXN207  ,EXN207  ,__init.stock_location_E
__init.stock_location_EXN208  ,EXN208  ,__init.stock_location_E
__init.stock_location_EXN211  ,EXN211  ,__init.stock_location_E
__init.stock_location_EXN212  ,EXN212  ,__init.stock_location_E
__init.stock_location_EXN213  ,EXN213  ,__init.stock_location_E
__init.stock_location_EXN214  ,EXN214  ,__init.stock_location_E
__init.stock_location_EXN215  ,EXN215  ,__init.stock_location_E
__init.stock_location_EXN217  ,EXN217  ,__init.stock_location_E
__init.stock_location_EXN218  ,EXN218  ,__init.stock_location_E
__init.stock_location_EXN220  ,EXN220  ,__init.stock_location_E
__init.stock_location_EXN226  ,EXN226  ,__init.stock_location_E
__init.stock_location_EXN227  ,EXN227  ,__init.stock_location_E
__init.stock_location_EXN231  ,EXN231  ,__init.stock_location_E
__init.stock_location_EXN234  ,EXN234  ,__init.stock_location_E
__init.stock_location_EXO100  ,EXO100  ,__init.stock_location_E
__init.stock_location_EXO100  ,EXO100  ,__init.stock_location_E
__init.stock_location_EXO100  ,EXO100  ,__init.stock_location_E
__init.stock_location_EXO100  ,EXO100  ,__init.stock_location_E
__init.stock_location_EXO100  ,EXO100  ,__init.stock_location_E
__init.stock_location_EXO100  ,EXO100  ,__init.stock_location_E
__init.stock_location_EXO100  ,EXO100  ,__init.stock_location_E
__init.stock_location_EXO100  ,EXO100  ,__init.stock_location_E
__init.stock_location_EXO100  ,EXO100  ,__init.stock_location_E
__init.stock_location_EXO100  ,EXO100  ,__init.stock_location_E
__init.stock_location_EXO100  ,EXO100  ,__init.stock_location_E
__init.stock_location_EXO100  ,EXO100  ,__init.stock_location_E
__init.stock_location_EXO101  ,EXO101  ,__init.stock_location_E
__init.stock_location_EXO102  ,EXO102  ,__init.stock_location_E
__init.stock_location_EXO103  ,EXO103  ,__init.stock_location_E
__init.stock_location_EXO104  ,EXO104  ,__init.stock_location_E
__init.stock_location_EXO105  ,EXO105  ,__init.stock_location_E
__init.stock_location_EXO106  ,EXO106  ,__init.stock_location_E
__init.stock_location_EXO107  ,EXO107  ,__init.stock_location_E
__init.stock_location_EXO114  ,EXO114  ,__init.stock_location_E
__init.stock_location_EXO115  ,EXO115  ,__init.stock_location_E
__init.stock_location_EXO116  ,EXO116  ,__init.stock_location_E
__init.stock_location_EXO117  ,EXO117  ,__init.stock_location_E
__init.stock_location_EXO118  ,EXO118  ,__init.stock_location_E
__init.stock_location_EXO119  ,EXO119  ,__init.stock_location_E
__init.stock_location_EXO121  ,EXO121  ,__init.stock_location_E
__init.stock_location_EXO206  ,EXO206  ,__init.stock_location_E
__init.stock_location_EXO208  ,EXO208  ,__init.stock_location_E
__init.stock_location_EXO209  ,EXO209  ,__init.stock_location_E
__init.stock_location_EXO210  ,EXO210  ,__init.stock_location_E
__init.stock_location_EXO212  ,EXO212  ,__init.stock_location_E
__init.stock_location_EXO213  ,EXO213  ,__init.stock_location_E
__init.stock_location_EXO214  ,EXO214  ,__init.stock_location_E
__init.stock_location_EXO218  ,EXO218  ,__init.stock_location_E
__init.stock_location_EXO220  ,EXO220  ,__init.stock_location_E
__init.stock_location_EXO225  ,EXO225  ,__init.stock_location_E
__init.stock_location_EXO226  ,EXO226  ,__init.stock_location_E
__init.stock_location_EXO229  ,EXO229  ,__init.stock_location_E
__init.stock_location_EXO232  ,EXO232  ,__init.stock_location_E
__init.stock_location_EXO233  ,EXO233  ,__init.stock_location_E
__init.stock_location_EXO235  ,EXO235  ,__init.stock_location_E
__init.stock_location_EXP000  ,EXP000  ,__init.stock_location_E
__init.stock_location_EXP000  ,EXP000  ,__init.stock_location_E
__init.stock_location_EXP000  ,EXP000  ,__init.stock_location_E
__init.stock_location_EXP000  ,EXP000  ,__init.stock_location_E
__init.stock_location_EXP000  ,EXP000  ,__init.stock_location_E
__init.stock_location_EXP000  ,EXP000  ,__init.stock_location_E
__init.stock_location_EXP000  ,EXP000  ,__init.stock_location_E
__init.stock_location_EXP000  ,EXP000  ,__init.stock_location_E
__init.stock_location_EXP000  ,EXP000  ,__init.stock_location_E
__init.stock_location_EXP000  ,EXP000  ,__init.stock_location_E
__init.stock_location_EXP000  ,EXP000  ,__init.stock_location_E
__init.stock_location_EXP000  ,EXP000  ,__init.stock_location_E
__init.stock_location_EXP000  ,EXP000  ,__init.stock_location_E
__init.stock_location_EXP000  ,EXP000  ,__init.stock_location_E
__init.stock_location_EXP000  ,EXP000  ,__init.stock_location_E
__init.stock_location_EXP000  ,EXP000  ,__init.stock_location_E
__init.stock_location_EXP000  ,EXP000  ,__init.stock_location_E
__init.stock_location_EXP000  ,EXP000  ,__init.stock_location_E
__init.stock_location_EXP000  ,EXP000  ,__init.stock_location_E
__init.stock_location_EXP000  ,EXP000  ,__init.stock_location_E
__init.stock_location_EXP000  ,EXP000  ,__init.stock_location_E
__init.stock_location_EXP000  ,EXP000  ,__init.stock_location_E
__init.stock_location_EXP000  ,EXP000  ,__init.stock_location_E
__init.stock_location_EXP000  ,EXP000  ,__init.stock_location_E
__init.stock_location_EXP000  ,EXP000  ,__init.stock_location_E
__init.stock_location_EXP000  ,EXP000  ,__init.stock_location_E
__init.stock_location_EXP000  ,EXP000  ,__init.stock_location_E
__init.stock_location_EXP000  ,EXP000  ,__init.stock_location_E
__init.stock_location_EXP000  ,EXP000  ,__init.stock_location_E
__init.stock_location_EXP000  ,EXP000  ,__init.stock_location_E
__init.stock_location_EXP000  ,EXP000  ,__init.stock_location_E
__init.stock_location_EXP000  ,EXP000  ,__init.stock_location_E
__init.stock_location_EXP000  ,EXP000  ,__init.stock_location_E
__init.stock_location_EXP000  ,EXP000  ,__init.stock_location_E
__init.stock_location_EXP000  ,EXP000  ,__init.stock_location_E
__init.stock_location_EXP000  ,EXP000  ,__init.stock_location_E
__init.stock_location_EXP000  ,EXP000  ,__init.stock_location_E
__init.stock_location_EXP000  ,EXP000  ,__init.stock_location_E
__init.stock_location_EXP000  ,EXP000  ,__init.stock_location_E
__init.stock_location_EXP000  ,EXP000  ,__init.stock_location_E
__init.stock_location_EXP000  ,EXP000  ,__init.stock_location_E
__init.stock_location_EXP000  ,EXP000  ,__init.stock_location_E
__init.stock_location_EXP000  ,EXP000  ,__init.stock_location_E
__init.stock_location_EXP000  ,EXP000  ,__init.stock_location_E
__init.stock_location_EXP000  ,EXP000  ,__init.stock_location_E
__init.stock_location_EXP000  ,EXP000  ,__init.stock_location_E
__init.stock_location_EXP000  ,EXP000  ,__init.stock_location_E
__init.stock_location_EXP000  ,EXP000  ,__init.stock_location_E
__init.stock_location_EXP000  ,EXP000  ,__init.stock_location_E
__init.stock_location_EXP000  ,EXP000  ,__init.stock_location_E
__init.stock_location_EXP000  ,EXP000  ,__init.stock_location_E
__init.stock_location_EXP000  ,EXP000  ,__init.stock_location_E
__init.stock_location_EXP000  ,EXP000  ,__init.stock_location_E
__init.stock_location_EXP000  ,EXP000  ,__init.stock_location_E
__init.stock_location_EXP000  ,EXP000  ,__init.stock_location_E
__init.stock_location_EXP000  ,EXP000  ,__init.stock_location_E
__init.stock_location_EXP000  ,EXP000  ,__init.stock_location_E
__init.stock_location_EXP000  ,EXP000  ,__init.stock_location_E
__init.stock_location_EXP000  ,EXP000  ,__init.stock_location_E
__init.stock_location_EXP000  ,EXP000  ,__init.stock_location_E
__init.stock_location_EXP000  ,EXP000  ,__init.stock_location_E
__init.stock_location_EXP000  ,EXP000  ,__init.stock_location_E
__init.stock_location_EXP000  ,EXP000  ,__init.stock_location_E
__init.stock_location_EXP000  ,EXP000  ,__init.stock_location_E
__init.stock_location_EXP000  ,EXP000  ,__init.stock_location_E
__init.stock_location_EXP000  ,EXP000  ,__init.stock_location_E
__init.stock_location_EXP000  ,EXP000  ,__init.stock_location_E
__init.stock_location_EXP000  ,EXP000  ,__init.stock_location_E
__init.stock_location_EXP000  ,EXP000  ,__init.stock_location_E
__init.stock_location_EXP000  ,EXP000  ,__init.stock_location_E
__init.stock_location_EXP000  ,EXP000  ,__init.stock_location_E
__init.stock_location_EXP000  ,EXP000  ,__init.stock_location_E
__init.stock_location_EXP000  ,EXP000  ,__init.stock_location_E
__init.stock_location_EXP000  ,EXP000  ,__init.stock_location_E
__init.stock_location_EXP000  ,EXP000  ,__init.stock_location_E
__init.stock_location_EXP000  ,EXP000  ,__init.stock_location_E
__init.stock_location_EXP000  ,EXP000  ,__init.stock_location_E
__init.stock_location_EXP000  ,EXP000  ,__init.stock_location_E
__init.stock_location_EXP000  ,EXP000  ,__init.stock_location_E
__init.stock_location_EXP000  ,EXP000  ,__init.stock_location_E
__init.stock_location_EXP000  ,EXP000  ,__init.stock_location_E
__init.stock_location_EXP000  ,EXP000  ,__init.stock_location_E
__init.stock_location_EXP000  ,EXP000  ,__init.stock_location_E
__init.stock_location_EXP000  ,EXP000  ,__init.stock_location_E
__init.stock_location_EXP000  ,EXP000  ,__init.stock_location_E
__init.stock_location_EXP000  ,EXP000  ,__init.stock_location_E
__init.stock_location_EXP000  ,EXP000  ,__init.stock_location_E
__init.stock_location_EXP000  ,EXP000  ,__init.stock_location_E
__init.stock_location_EXP000  ,EXP000  ,__init.stock_location_E
__init.stock_location_EXP000  ,EXP000  ,__init.stock_location_E
__init.stock_location_EXP000  ,EXP000  ,__init.stock_location_E
__init.stock_location_EXP000  ,EXP000  ,__init.stock_location_E
__init.stock_location_EXP000  ,EXP000  ,__init.stock_location_E
__init.stock_location_EXP000  ,EXP000  ,__init.stock_location_E
__init.stock_location_EXP000  ,EXP000  ,__init.stock_location_E
__init.stock_location_EXP000  ,EXP000  ,__init.stock_location_E
__init.stock_location_EXP000  ,EXP000  ,__init.stock_location_E
__init.stock_location_EXP000  ,EXP000  ,__init.stock_location_E
__init.stock_location_EXP000  ,EXP000  ,__init.stock_location_E
__init.stock_location_EXP000  ,EXP000  ,__init.stock_location_E
__init.stock_location_EXP000  ,EXP000  ,__init.stock_location_E
__init.stock_location_EXP000  ,EXP000  ,__init.stock_location_E
__init.stock_location_EXP000  ,EXP000  ,__init.stock_location_E
__init.stock_location_EXP000  ,EXP000  ,__init.stock_location_E
__init.stock_location_EXP000  ,EXP000  ,__init.stock_location_E
__init.stock_location_EXP000  ,EXP000  ,__init.stock_location_E
__init.stock_location_EXP000  ,EXP000  ,__init.stock_location_E
__init.stock_location_EXP000  ,EXP000  ,__init.stock_location_E
__init.stock_location_EXP000  ,EXP000  ,__init.stock_location_E
__init.stock_location_EXP000  ,EXP000  ,__init.stock_location_E
__init.stock_location_EXP000  ,EXP000  ,__init.stock_location_E
__init.stock_location_EXP000  ,EXP000  ,__init.stock_location_E
__init.stock_location_EXP000  ,EXP000  ,__init.stock_location_E
__init.stock_location_EXP000  ,EXP000  ,__init.stock_location_E
__init.stock_location_EXP000  ,EXP000  ,__init.stock_location_E
__init.stock_location_EXP000  ,EXP000  ,__init.stock_location_E
__init.stock_location_EXP000  ,EXP000  ,__init.stock_location_E
__init.stock_location_EXP000  ,EXP000  ,__init.stock_location_E
__init.stock_location_EXP000  ,EXP000  ,__init.stock_location_E
__init.stock_location_EXP000  ,EXP000  ,__init.stock_location_E
__init.stock_location_EXP000  ,EXP000  ,__init.stock_location_E
__init.stock_location_EXP000  ,EXP000  ,__init.stock_location_E
__init.stock_location_EXP000  ,EXP000  ,__init.stock_location_E
__init.stock_location_EXP000  ,EXP000  ,__init.stock_location_E
__init.stock_location_EXP000  ,EXP000  ,__init.stock_location_E
__init.stock_location_EXP000  ,EXP000  ,__init.stock_location_E
__init.stock_location_EXP000  ,EXP000  ,__init.stock_location_E
__init.stock_location_EXP000  ,EXP000  ,__init.stock_location_E
__init.stock_location_EXP000  ,EXP000  ,__init.stock_location_E
__init.stock_location_EXP000  ,EXP000  ,__init.stock_location_E
__init.stock_location_EXP00000,EXP00000,__init.stock_location_E
__init.stock_location_EXP007  ,EXP007  ,__init.stock_location_E
__init.stock_location_EXP100  ,EXP100  ,__init.stock_location_E
__init.stock_location_EXP100  ,EXP100  ,__init.stock_location_E
__init.stock_location_EXP100  ,EXP100  ,__init.stock_location_E
__init.stock_location_EXP100  ,EXP100  ,__init.stock_location_E
__init.stock_location_EXP100  ,EXP100  ,__init.stock_location_E
__init.stock_location_EXP100  ,EXP100  ,__init.stock_location_E
__init.stock_location_EXP100  ,EXP100  ,__init.stock_location_E
__init.stock_location_EXP100  ,EXP100  ,__init.stock_location_E
__init.stock_location_EXP100  ,EXP100  ,__init.stock_location_E
__init.stock_location_EXP100  ,EXP100  ,__init.stock_location_E
__init.stock_location_EXP100  ,EXP100  ,__init.stock_location_E
__init.stock_location_EXP100  ,EXP100  ,__init.stock_location_E
__init.stock_location_EXP100  ,EXP100  ,__init.stock_location_E
__init.stock_location_EXP100  ,EXP100  ,__init.stock_location_E
__init.stock_location_EXP100  ,EXP100  ,__init.stock_location_E
__init.stock_location_EXP100  ,EXP100  ,__init.stock_location_E
__init.stock_location_EXP100  ,EXP100  ,__init.stock_location_E
__init.stock_location_EXP100  ,EXP100  ,__init.stock_location_E
__init.stock_location_EXP100  ,EXP100  ,__init.stock_location_E
__init.stock_location_EXP100  ,EXP100  ,__init.stock_location_E
__init.stock_location_EXP100  ,EXP100  ,__init.stock_location_E
__init.stock_location_EXP100  ,EXP100  ,__init.stock_location_E
__init.stock_location_EXP100  ,EXP100  ,__init.stock_location_E
__init.stock_location_EXP100  ,EXP100  ,__init.stock_location_E
__init.stock_location_EXP100  ,EXP100  ,__init.stock_location_E
__init.stock_location_EXP100  ,EXP100  ,__init.stock_location_E
__init.stock_location_EXP100  ,EXP100  ,__init.stock_location_E
__init.stock_location_EXP100  ,EXP100  ,__init.stock_location_E
__init.stock_location_EXP100  ,EXP100  ,__init.stock_location_E
__init.stock_location_EXP100  ,EXP100  ,__init.stock_location_E
__init.stock_location_EXP100  ,EXP100  ,__init.stock_location_E
__init.stock_location_EXP100  ,EXP100  ,__init.stock_location_E
__init.stock_location_EXP100  ,EXP100  ,__init.stock_location_E
__init.stock_location_EXP102  ,EXP102  ,__init.stock_location_E
__init.stock_location_EXP108  ,EXP108  ,__init.stock_location_E
__init.stock_location_EXP200  ,EXP200  ,__init.stock_location_E
__init.stock_location_EXP200  ,EXP200  ,__init.stock_location_E
__init.stock_location_EXP200  ,EXP200  ,__init.stock_location_E
__init.stock_location_EXP200  ,EXP200  ,__init.stock_location_E
__init.stock_location_EXP200  ,EXP200  ,__init.stock_location_E
__init.stock_location_EXP200  ,EXP200  ,__init.stock_location_E
__init.stock_location_EXP200  ,EXP200  ,__init.stock_location_E
__init.stock_location_EXP200  ,EXP200  ,__init.stock_location_E
__init.stock_location_EXP200  ,EXP200  ,__init.stock_location_E
__init.stock_location_EXP200  ,EXP200  ,__init.stock_location_E
__init.stock_location_EXP200  ,EXP200  ,__init.stock_location_E
__init.stock_location_EXP200  ,EXP200  ,__init.stock_location_E
__init.stock_location_EXP200  ,EXP200  ,__init.stock_location_E
__init.stock_location_EXP200  ,EXP200  ,__init.stock_location_E
__init.stock_location_EXP200  ,EXP200  ,__init.stock_location_E
__init.stock_location_EXP200  ,EXP200  ,__init.stock_location_E
__init.stock_location_EXP200  ,EXP200  ,__init.stock_location_E
__init.stock_location_EXP200  ,EXP200  ,__init.stock_location_E
__init.stock_location_EXP200  ,EXP200  ,__init.stock_location_E
__init.stock_location_EXQ100  ,EXQ100  ,__init.stock_location_E
__init.stock_location_EXQ100  ,EXQ100  ,__init.stock_location_E
__init.stock_location_EXQ100  ,EXQ100  ,__init.stock_location_E
__init.stock_location_EXQ100  ,EXQ100  ,__init.stock_location_E
__init.stock_location_EXQ100  ,EXQ100  ,__init.stock_location_E
__init.stock_location_EXQ100  ,EXQ100  ,__init.stock_location_E
__init.stock_location_EXQ100  ,EXQ100  ,__init.stock_location_E
__init.stock_location_EXQ100  ,EXQ100  ,__init.stock_location_E
__init.stock_location_EXQ100  ,EXQ100  ,__init.stock_location_E
__init.stock_location_EXQ100  ,EXQ100  ,__init.stock_location_E
__init.stock_location_EXQ100  ,EXQ100  ,__init.stock_location_E
__init.stock_location_EXQ100  ,EXQ100  ,__init.stock_location_E
__init.stock_location_EXQ100  ,EXQ100  ,__init.stock_location_E
__init.stock_location_EXQ100  ,EXQ100  ,__init.stock_location_E
__init.stock_location_EXQ100  ,EXQ100  ,__init.stock_location_E
__init.stock_location_EXQ100  ,EXQ100  ,__init.stock_location_E
__init.stock_location_EXQ100  ,EXQ100  ,__init.stock_location_E
__init.stock_location_EXQ100  ,EXQ100  ,__init.stock_location_E
__init.stock_location_EXQ10000,EXQ10000,__init.stock_location_E
__init.stock_location_EXQ10000,EXQ10000,__init.stock_location_E
__init.stock_location_EXQ101  ,EXQ101  ,__init.stock_location_E
__init.stock_location_EXQ101  ,EXQ101  ,__init.stock_location_E
__init.stock_location_EXQ102  ,EXQ102  ,__init.stock_location_E
__init.stock_location_EXQ104  ,EXQ104  ,__init.stock_location_E
__init.stock_location_EXQ106  ,EXQ106  ,__init.stock_location_E
__init.stock_location_EXQ200  ,EXQ200  ,__init.stock_location_E
__init.stock_location_EXQ200  ,EXQ200  ,__init.stock_location_E
__init.stock_location_EXQ200  ,EXQ200  ,__init.stock_location_E
__init.stock_location_EXQ200  ,EXQ200  ,__init.stock_location_E
__init.stock_location_EXQ200  ,EXQ200  ,__init.stock_location_E
__init.stock_location_EXQ200  ,EXQ200  ,__init.stock_location_E
__init.stock_location_EXQ200  ,EXQ200  ,__init.stock_location_E
__init.stock_location_EXQ200  ,EXQ200  ,__init.stock_location_E
__init.stock_location_EXQ200  ,EXQ200  ,__init.stock_location_E
__init.stock_location_EXQ205  ,EXQ205  ,__init.stock_location_E
__init.stock_location_EXQ250  ,EXQ250  ,__init.stock_location_E
__init.stock_location_EXR100  ,EXR100  ,__init.stock_location_E
__init.stock_location_EXR100  ,EXR100  ,__init.stock_location_E
__init.stock_location_EXR100  ,EXR100  ,__init.stock_location_E
__init.stock_location_EXR100  ,EXR100  ,__init.stock_location_E
__init.stock_location_EXR100  ,EXR100  ,__init.stock_location_E
__init.stock_location_EXR100  ,EXR100  ,__init.stock_location_E
__init.stock_location_EXR100  ,EXR100  ,__init.stock_location_E
__init.stock_location_EXR100  ,EXR100  ,__init.stock_location_E
__init.stock_location_EXR200  ,EXR200  ,__init.stock_location_E
__init.stock_location_EXR200  ,EXR200  ,__init.stock_location_E
__init.stock_location_EXR200  ,EXR200  ,__init.stock_location_E
__init.stock_location_EXR201  ,EXR201  ,__init.stock_location_E
__init.stock_location_EXR202  ,EXR202  ,__init.stock_location_E
__init.stock_location_EXR203  ,EXR203  ,__init.stock_location_E
__init.stock_location_EXR204  ,EXR204  ,__init.stock_location_E
__init.stock_location_EXR205  ,EXR205  ,__init.stock_location_E
__init.stock_location_EXR206  ,EXR206  ,__init.stock_location_E
__init.stock_location_EXR208  ,EXR208  ,__init.stock_location_E
__init.stock_location_EXR209  ,EXR209  ,__init.stock_location_E
__init.stock_location_EXR210  ,EXR210  ,__init.stock_location_E
__init.stock_location_EXR211  ,EXR211  ,__init.stock_location_E
__init.stock_location_EXR212  ,EXR212  ,__init.stock_location_E
__init.stock_location_EXR213  ,EXR213  ,__init.stock_location_E
__init.stock_location_EXR214  ,EXR214  ,__init.stock_location_E
__init.stock_location_EXR215  ,EXR215  ,__init.stock_location_E
__init.stock_location_EXR216  ,EXR216  ,__init.stock_location_E
__init.stock_location_EXR217  ,EXR217  ,__init.stock_location_E
__init.stock_location_EXR218  ,EXR218  ,__init.stock_location_E
__init.stock_location_EXR225  ,EXR225  ,__init.stock_location_E
__init.stock_location_EXR227  ,EXR227  ,__init.stock_location_E
__init.stock_location_EXR228  ,EXR228  ,__init.stock_location_E
__init.stock_location_EXR229  ,EXR229  ,__init.stock_location_E
__init.stock_location_EXR230  ,EXR230  ,__init.stock_location_E
__init.stock_location_EXS100  ,EXS100  ,__init.stock_location_E
__init.stock_location_EXS100  ,EXS100  ,__init.stock_location_E
__init.stock_location_EXS100  ,EXS100  ,__init.stock_location_E
__init.stock_location_EXS104  ,EXS104  ,__init.stock_location_E
__init.stock_location_EXS201  ,EXS201  ,__init.stock_location_E
__init.stock_location_EXS202  ,EXS202  ,__init.stock_location_E
__init.stock_location_EXS203  ,EXS203  ,__init.stock_location_E
__init.stock_location_EXS204  ,EXS204  ,__init.stock_location_E
__init.stock_location_EXS207  ,EXS207  ,__init.stock_location_E
__init.stock_location_EXS208  ,EXS208  ,__init.stock_location_E
__init.stock_location_EXS209  ,EXS209  ,__init.stock_location_E
__init.stock_location_EXS210  ,EXS210  ,__init.stock_location_E
__init.stock_location_EXS211  ,EXS211  ,__init.stock_location_E
__init.stock_location_EXS212  ,EXS212  ,__init.stock_location_E
__init.stock_location_EXS213  ,EXS213  ,__init.stock_location_E
__init.stock_location_EXS214  ,EXS214  ,__init.stock_location_E
__init.stock_location_EXS218  ,EXS218  ,__init.stock_location_E
__init.stock_location_EXS219  ,EXS219  ,__init.stock_location_E
__init.stock_location_EXS220  ,EXS220  ,__init.stock_location_E
__init.stock_location_EXS221  ,EXS221  ,__init.stock_location_E
__init.stock_location_EXS225  ,EXS225  ,__init.stock_location_E
__init.stock_location_EXS300  ,EXS300  ,__init.stock_location_E
__init.stock_location_EXS301  ,EXS301  ,__init.stock_location_E
__init.stock_location_EXS302  ,EXS302  ,__init.stock_location_E
__init.stock_location_EXS304  ,EXS304  ,__init.stock_location_E
__init.stock_location_EXS305  ,EXS305  ,__init.stock_location_E
__init.stock_location_EXS306  ,EXS306  ,__init.stock_location_E
__init.stock_location_EXS307  ,EXS307  ,__init.stock_location_E
__init.stock_location_EXS309  ,EXS309  ,__init.stock_location_E
__init.stock_location_EXS310  ,EXS310  ,__init.stock_location_E
__init.stock_location_EXS312  ,EXS312  ,__init.stock_location_E
__init.stock_location_EXS313  ,EXS313  ,__init.stock_location_E
__init.stock_location_EXS314  ,EXS314  ,__init.stock_location_E
__init.stock_location_EXS316  ,EXS316  ,__init.stock_location_E
__init.stock_location_EXS318  ,EXS318  ,__init.stock_location_E
__init.stock_location_EXS320  ,EXS320  ,__init.stock_location_E
__init.stock_location_EXS322  ,EXS322  ,__init.stock_location_E
__init.stock_location_EXS324  ,EXS324  ,__init.stock_location_E
__init.stock_location_EXS325  ,EXS325  ,__init.stock_location_E
__init.stock_location_EXS326  ,EXS326  ,__init.stock_location_E
__init.stock_location_EXS327  ,EXS327  ,__init.stock_location_E
__init.stock_location_EXS329  ,EXS329  ,__init.stock_location_E
__init.stock_location_EXS330  ,EXS330  ,__init.stock_location_E
__init.stock_location_EXS350  ,EXS350  ,__init.stock_location_E
__init.stock_location_EXT100  ,EXT100  ,__init.stock_location_E
__init.stock_location_EXT101  ,EXT101  ,__init.stock_location_E
__init.stock_location_EXT110  ,EXT110  ,__init.stock_location_E
__init.stock_location_EXT110  ,EXT110  ,__init.stock_location_E
__init.stock_location_EXT130  ,EXT130  ,__init.stock_location_E
__init.stock_location_EXT130  ,EXT130  ,__init.stock_location_E
__init.stock_location_EXT140  ,EXT140  ,__init.stock_location_E
__init.stock_location_EXT148  ,EXT148  ,__init.stock_location_E
__init.stock_location_EXT160  ,EXT160  ,__init.stock_location_E
__init.stock_location_EXT200  ,EXT200  ,__init.stock_location_E
__init.stock_location_EXT200  ,EXT200  ,__init.stock_location_E
__init.stock_location_EXT201  ,EXT201  ,__init.stock_location_E
__init.stock_location_EXT201  ,EXT201  ,__init.stock_location_E
__init.stock_location_EXT202  ,EXT202  ,__init.stock_location_E
__init.stock_location_EXT202  ,EXT202  ,__init.stock_location_E
__init.stock_location_EXT202  ,EXT202  ,__init.stock_location_E
__init.stock_location_EXT210  ,EXT210  ,__init.stock_location_E
__init.stock_location_EXT211  ,EXT211  ,__init.stock_location_E
__init.stock_location_EXT216  ,EXT216  ,__init.stock_location_E
__init.stock_location_EXT221  ,EXT221  ,__init.stock_location_E
__init.stock_location_EXT222  ,EXT222  ,__init.stock_location_E
__init.stock_location_EXT222  ,EXT222  ,__init.stock_location_E
__init.stock_location_EXT230  ,EXT230  ,__init.stock_location_E
__init.stock_location_EXT235  ,EXT235  ,__init.stock_location_E
__init.stock_location_EXT235  ,EXT235  ,__init.stock_location_E
__init.stock_location_EXT236  ,EXT236  ,__init.stock_location_E
__init.stock_location_EXT250  ,EXT250  ,__init.stock_location_E
__init.stock_location_EXT250  ,EXT250  ,__init.stock_location_E
__init.stock_location_EXT260  ,EXT260  ,__init.stock_location_E
__init.stock_location_EXT261  ,EXT261  ,__init.stock_location_E
__init.stock_location_EXT261  ,EXT261  ,__init.stock_location_E
__init.stock_location_EXT261  ,EXT261  ,__init.stock_location_E
__init.stock_location_EXT262  ,EXT262  ,__init.stock_location_E
__init.stock_location_EXT265  ,EXT265  ,__init.stock_location_E
__init.stock_location_EXT270  ,EXT270  ,__init.stock_location_E
__init.stock_location_EXT303  ,EXT303  ,__init.stock_location_E
__init.stock_location_EXT304  ,EXT304  ,__init.stock_location_E
__init.stock_location_EXT310  ,EXT310  ,__init.stock_location_E
__init.stock_location_EXT312  ,EXT312  ,__init.stock_location_E
__init.stock_location_EXT314  ,EXT314  ,__init.stock_location_E
__init.stock_location_EXT320  ,EXT320  ,__init.stock_location_E
__init.stock_location_EXT321  ,EXT321  ,__init.stock_location_E
__init.stock_location_EXT322  ,EXT322  ,__init.stock_location_E
__init.stock_location_EXT323  ,EXT323  ,__init.stock_location_E
__init.stock_location_EXT323  ,EXT323  ,__init.stock_location_E
__init.stock_location_EXT330  ,EXT330  ,__init.stock_location_E
__init.stock_location_EXT331  ,EXT331  ,__init.stock_location_E
__init.stock_location_EXT341  ,EXT341  ,__init.stock_location_E
__init.stock_location_EXT342  ,EXT342  ,__init.stock_location_E
__init.stock_location_EXT342  ,EXT342  ,__init.stock_location_E
__init.stock_location_EXT344  ,EXT344  ,__init.stock_location_E
__init.stock_location_EXT344  ,EXT344  ,__init.stock_location_E
__init.stock_location_EXT400  ,EXT400  ,__init.stock_location_E
__init.stock_location_EXT401  ,EXT401  ,__init.stock_location_E
__init.stock_location_EXT402  ,EXT402  ,__init.stock_location_E
__init.stock_location_EXT403  ,EXT403  ,__init.stock_location_E
__init.stock_location_EXT404  ,EXT404  ,__init.stock_location_E
__init.stock_location_EXT411  ,EXT411  ,__init.stock_location_E
__init.stock_location_EXT412  ,EXT412  ,__init.stock_location_E
__init.stock_location_EXT420  ,EXT420  ,__init.stock_location_E
__init.stock_location_EXT420  ,EXT420  ,__init.stock_location_E
__init.stock_location_EXT420  ,EXT420  ,__init.stock_location_E
__init.stock_location_EXT420  ,EXT420  ,__init.stock_location_E
__init.stock_location_EXT420  ,EXT420  ,__init.stock_location_E
__init.stock_location_EXT420  ,EXT420  ,__init.stock_location_E
__init.stock_location_EXT420  ,EXT420  ,__init.stock_location_E
__init.stock_location_EXT421  ,EXT421  ,__init.stock_location_E
__init.stock_location_EXT423  ,EXT423  ,__init.stock_location_E
__init.stock_location_EXT430  ,EXT430  ,__init.stock_location_E
__init.stock_location_EXT431  ,EXT431  ,__init.stock_location_E
__init.stock_location_EXT432  ,EXT432  ,__init.stock_location_E
__init.stock_location_EXT433  ,EXT433  ,__init.stock_location_E
__init.stock_location_EXT434  ,EXT434  ,__init.stock_location_E
__init.stock_location_EXT440  ,EXT440  ,__init.stock_location_E
__init.stock_location_EXT441  ,EXT441  ,__init.stock_location_E
__init.stock_location_EXT442  ,EXT442  ,__init.stock_location_E
__init.stock_location_EXT444  ,EXT444  ,__init.stock_location_E
__init.stock_location_EXT445  ,EXT445  ,__init.stock_location_E
__init.stock_location_EXT500  ,EXT500  ,__init.stock_location_E
__init.stock_location_EXT500  ,EXT500  ,__init.stock_location_E
__init.stock_location_EXT500  ,EXT500  ,__init.stock_location_E
__init.stock_location_EXT501  ,EXT501  ,__init.stock_location_E
__init.stock_location_EXT502  ,EXT502  ,__init.stock_location_E
__init.stock_location_EXT503  ,EXT503  ,__init.stock_location_E
__init.stock_location_EXT512  ,EXT512  ,__init.stock_location_E
__init.stock_location_EXT513  ,EXT513  ,__init.stock_location_E
__init.stock_location_EXT514  ,EXT514  ,__init.stock_location_E
__init.stock_location_EXT521  ,EXT521  ,__init.stock_location_E
__init.stock_location_EXT523  ,EXT523  ,__init.stock_location_E
__init.stock_location_EXT524  ,EXT524  ,__init.stock_location_E
__init.stock_location_EXT530  ,EXT530  ,__init.stock_location_E
__init.stock_location_EXT532  ,EXT532  ,__init.stock_location_E
__init.stock_location_EXT533  ,EXT533  ,__init.stock_location_E
__init.stock_location_EXT535  ,EXT535  ,__init.stock_location_E
__init.stock_location_EXT540  ,EXT540  ,__init.stock_location_E
__init.stock_location_EXT541  ,EXT541  ,__init.stock_location_E
__init.stock_location_EXT543  ,EXT543  ,__init.stock_location_E
__init.stock_location_EXT600  ,EXT600  ,__init.stock_location_E
__init.stock_location_EXT610  ,EXT610  ,__init.stock_location_E
__init.stock_location_EXT624  ,EXT624  ,__init.stock_location_E
__init.stock_location_EXT630  ,EXT630  ,__init.stock_location_E
__init.stock_location_EXT632  ,EXT632  ,__init.stock_location_E
__init.stock_location_EXT632  ,EXT632  ,__init.stock_location_E
__init.stock_location_EXT633  ,EXT633  ,__init.stock_location_E
__init.stock_location_EXT634  ,EXT634  ,__init.stock_location_E
__init.stock_location_EXT800  ,EXT800  ,__init.stock_location_E
__init.stock_location_EXU000  ,EXU000  ,__init.stock_location_E
__init.stock_location_EXU000  ,EXU000  ,__init.stock_location_E
__init.stock_location_EXU100  ,EXU100  ,__init.stock_location_E
__init.stock_location_EXU100  ,EXU100  ,__init.stock_location_E
__init.stock_location_EXV000  ,EXV000  ,__init.stock_location_E
__init.stock_location_EXV000  ,EXV000  ,__init.stock_location_E
__init.stock_location_EXV200  ,EXV200  ,__init.stock_location_E
__init.stock_location_EXV201  ,EXV201  ,__init.stock_location_E
__init.stock_location_EXV300  ,EXV300  ,__init.stock_location_E
__init.stock_location_EXV302  ,EXV302  ,__init.stock_location_E
__init.stock_location_EXV400  ,EXV400  ,__init.stock_location_E
__init.stock_location_EXV401  ,EXV401  ,__init.stock_location_E
__init.stock_location_EXZ000  ,EXZ000  ,__init.stock_location_E
__init.stock_location_EXZ000  ,EXZ000  ,__init.stock_location_E
__init.stock_location_EXZ000  ,EXZ000  ,__init.stock_location_E
__init.stock_location_EXZ000  ,EXZ000  ,__init.stock_location_E
__init.stock_location_EXZ000  ,EXZ000  ,__init.stock_location_E
__init.stock_location_EXZ000  ,EXZ000  ,__init.stock_location_E
__init.stock_location_EXZ000  ,EXZ000  ,__init.stock_location_E
__init.stock_location_EXZ000  ,EXZ000  ,__init.stock_location_E
__init.stock_location_EXZ100  ,EXZ100  ,__init.stock_location_E
__init.stock_location_EZZ001  ,EZZ001  ,__init.stock_location_E
__init.stock_location_EZZ003  ,EZZ003  ,__init.stock_location_E
__init.stock_location_EZZ005  ,EZZ005  ,__init.stock_location_E
__init.stock_location_EZZ012  ,EZZ012  ,__init.stock_location_E
__init.stock_location_EZZ012  ,EZZ012  ,__init.stock_location_E
__init.stock_location_EZZ013  ,EZZ013  ,__init.stock_location_E
__init.stock_location_EZZ016  ,EZZ016  ,__init.stock_location_E
__init.stock_location_EZZ020  ,EZZ020  ,__init.stock_location_E
__init.stock_location_EZZ026  ,EZZ026  ,__init.stock_location_E
__init.stock_location_EZZ031  ,EZZ031  ,__init.stock_location_E
__init.stock_location_EZZ036  ,EZZ036  ,__init.stock_location_E
__init.stock_location_EZZ037  ,EZZ037  ,__init.stock_location_E
__init.stock_location_EZZ041  ,EZZ041  ,__init.stock_location_E
__init.stock_location_EZZ050  ,EZZ050  ,__init.stock_location_E
__init.stock_location_EZZ061  ,EZZ061  ,__init.stock_location_E
__init.stock_location_EZZ061  ,EZZ061  ,__init.stock_location_E
__init.stock_location_EZZ069  ,EZZ069  ,__init.stock_location_E
__init.stock_location_EZZ071  ,EZZ071  ,__init.stock_location_E
__init.stock_location_EZZ076  ,EZZ076  ,__init.stock_location_E
__init.stock_location_EZZ077  ,EZZ077  ,__init.stock_location_E
__init.stock_location_EZZ083  ,EZZ083  ,__init.stock_location_E
__init.stock_location_EZZ085  ,EZZ085  ,__init.stock_location_E
__init.stock_location_EZZ089  ,EZZ089  ,__init.stock_location_E
__init.stock_location_EZZ091  ,EZZ091  ,__init.stock_location_E
__init.stock_location_EZZ099  ,EZZ099  ,__init.stock_location_E
__init.stock_location_EZZ100  ,EZZ100  ,__init.stock_location_E
__init.stock_location_EZZ121  ,EZZ121  ,__init.stock_location_E
__init.stock_location_EZZ131  ,EZZ131  ,__init.stock_location_E
__init.stock_location_EZZ134  ,EZZ134  ,__init.stock_location_E
__init.stock_location_EZZ182  ,EZZ182  ,__init.stock_location_E
__init.stock_location_EZZ184  ,EZZ184  ,__init.stock_location_E
__init.stock_location_EZZ194  ,EZZ194  ,__init.stock_location_E
__init.stock_location_EZZ195  ,EZZ195  ,__init.stock_location_E
__init.stock_location_EZZ200  ,EZZ200  ,__init.stock_location_E
__init.stock_location_EZZ201  ,EZZ201  ,__init.stock_location_E
__init.stock_location_EZZ212  ,EZZ212  ,__init.stock_location_E
__init.stock_location_EZZ214  ,EZZ214  ,__init.stock_location_E
__init.stock_location_EZZ227  ,EZZ227  ,__init.stock_location_E
__init.stock_location_EZZ237  ,EZZ237  ,__init.stock_location_E
__init.stock_location_EZZ248  ,EZZ248  ,__init.stock_location_E
__init.stock_location_EZZ249  ,EZZ249  ,__init.stock_location_E
__init.stock_location_EZZ250  ,EZZ250  ,__init.stock_location_E
__init.stock_location_EZZ252  ,EZZ252  ,__init.stock_location_E
__init.stock_location_EZZ254  ,EZZ254  ,__init.stock_location_E
__init.stock_location_EZZ255  ,EZZ255  ,__init.stock_location_E
__init.stock_location_EZZ259  ,EZZ259  ,__init.stock_location_E
__init.stock_location_EZZ261  ,EZZ261  ,__init.stock_location_E
__init.stock_location_EZZ271  ,EZZ271  ,__init.stock_location_E
__init.stock_location_EZZ276  ,EZZ276  ,__init.stock_location_E
__init.stock_location_EZZ299  ,EZZ299  ,__init.stock_location_E
__init.stock_location_EZZ307  ,EZZ307  ,__init.stock_location_E
__init.stock_location_EZZ329  ,EZZ329  ,__init.stock_location_E
__init.stock_location_EZZ334  ,EZZ334  ,__init.stock_location_E
__init.stock_location_EZZ335  ,EZZ335  ,__init.stock_location_E
__init.stock_location_EZZ371  ,EZZ371  ,__init.stock_location_E
__init.stock_location_EZZ426  ,EZZ426  ,__init.stock_location_E
__init.stock_location_EZZ434  ,EZZ434  ,__init.stock_location_E
__init.stock_location_EZZ442  ,EZZ442  ,__init.stock_location_E
__init.stock_location_EZZ444  ,EZZ444  ,__init.stock_location_E
__init.stock_location_EZZ484  ,EZZ484  ,__init.stock_location_E
__init.stock_location_EZZ500  ,EZZ500  ,__init.stock_location_E
__init.stock_location_EZZ510  ,EZZ510  ,__init.stock_location_E
__init.stock_location_EZZ514  ,EZZ514  ,__init.stock_location_E
__init.stock_location_EZZ521  ,EZZ521  ,__init.stock_location_E
__init.stock_location_EZZ541  ,EZZ541  ,__init.stock_location_E
__init.stock_location_EZZ546  ,EZZ546  ,__init.stock_location_E
__init.stock_location_EZZ561  ,EZZ561  ,__init.stock_location_E
__init.stock_location_EZZ599  ,EZZ599  ,__init.stock_location_E
__init.stock_location_EZZ602  ,EZZ602  ,__init.stock_location_E
__init.stock_location_EZZ608  ,EZZ608  ,__init.stock_location_E
__init.stock_location_EZZ610  ,EZZ610  ,__init.stock_location_E
__init.stock_location_EZZ625  ,EZZ625  ,__init.stock_location_E
__init.stock_location_EZZ658  ,EZZ658  ,__init.stock_location_E
__init.stock_location_EZZ664  ,EZZ664  ,__init.stock_location_E
__init.stock_location_EZZ676  ,EZZ676  ,__init.stock_location_E
__init.stock_location_EZZ681  ,EZZ681  ,__init.stock_location_E
__init.stock_location_EZZ684  ,EZZ684  ,__init.stock_location_E
__init.stock_location_EZZ715  ,EZZ715  ,__init.stock_location_E
__init.stock_location_EZZ716  ,EZZ716  ,__init.stock_location_E
__init.stock_location_EZZ727  ,EZZ727  ,__init.stock_location_E
__init.stock_location_EZZ728  ,EZZ728  ,__init.stock_location_E
__init.stock_location_EZZ731  ,EZZ731  ,__init.stock_location_E
__init.stock_location_EZZ746  ,EZZ746  ,__init.stock_location_E
__init.stock_location_EZZ747  ,EZZ747  ,__init.stock_location_E
__init.stock_location_EZZ763  ,EZZ763  ,__init.stock_location_E
__init.stock_location_EZZ769  ,EZZ769  ,__init.stock_location_E
__init.stock_location_EZZ778  ,EZZ778  ,__init.stock_location_E
__init.stock_location_EZZ783  ,EZZ783  ,__init.stock_location_E
__init.stock_location_EZZ786  ,EZZ786  ,__init.stock_location_E
__init.stock_location_EZZ788  ,EZZ788  ,__init.stock_location_E
__init.stock_location_EZZ807  ,EZZ807  ,__init.stock_location_E
__init.stock_location_EZZ827  ,EZZ827  ,__init.stock_location_E
__init.stock_location_EZZ865  ,EZZ865  ,__init.stock_location_E
__init.stock_location_EZZ867  ,EZZ867  ,__init.stock_location_E
__init.stock_location_EZZ869  ,EZZ869  ,__init.stock_location_E
__init.stock_location_EZZ900  ,EZZ900  ,__init.stock_location_E
__init.stock_location_EZZ902  ,EZZ902  ,__init.stock_location_E
__init.stock_location_EZZ914  ,EZZ914  ,__init.stock_location_E
__init.stock_location_EZZ920  ,EZZ920  ,__init.stock_location_E
__init.stock_location_EZZ929  ,EZZ929  ,__init.stock_location_E
__init.stock_location_EZZ951  ,EZZ951  ,__init.stock_location_E
__init.stock_location_EZZ962  ,EZZ962  ,__init.stock_location_E
__init.stock_location_EZZ976  ,EZZ976  ,__init.stock_location_E
__init.stock_location_EZZ981  ,EZZ981  ,__init.stock_location_E
__init.stock_location_EZZ990  ,EZZ990  ,__init.stock_location_E
