id,orderpoint_min,orderpoint_max,orderpoint_qty_multiple
__import__.product_0011001,160,320,64
__import__.product_0011002,2,4,1
__import__.product_0026963,120,270,12
__import__.product_0029132,300,904,40
__import__.product_0029149,0,1,1
__import__.product_0037028,258,876,1
__import__.product_0037077,124,419,5
__import__.product_0040097,5,10,12
__import__.product_0041921,13,51,10
__import__.product_0042028,120,269,1
__import__.product_0045518,10,33,1
__import__.product_0045666,19,64,15
__import__.product_0048173,78,291,5
__import__.product_0048181,8,28,1
__import__.product_0061887,100,337,1
__import__.product_0063784,160,300,10
__import__.product_0063792,24,50,1
__import__.product_0064014,12,24,12
__import__.product_0064015,2,4,1
__import__.product_0064725,49,182,1
__import__.product_0067306,10,20,50
__import__.product_0067330,10,20,50
__import__.product_0067678,6,12,4
__import__.product_0068536,1,2,1
__import__.product_0071514,222,751,50
__import__.product_0076901,20,48,1
__import__.product_0079327,21,60,10
__import__.product_0079459,12,32,20
__import__.product_0081620,1,2,1
__import__.product_0082420,9,20,10
__import__.product_0083253,3,9,2
__import__.product_0083873,41,151,1
__import__.product_0084665,515,1000,10
__import__.product_0085456,106,394,120
__import__.product_0086132,15,45,12
__import__.product_0095412,5,7,50
__import__.product_0095695,30,70,1
__import__.product_0097576,25,85,12
__import__.product_0098467,34,127,72
__import__.product_0102749,6,18,1
__import__.product_0104299,198,738,12
__import__.product_0109181,10,16,1
__import__.product_0111054,25,50,50
__import__.product_0111591,20,40,50
__import__.product_0111963,20,40,50
__import__.product_0112110,263,980,12
__import__.product_0112573,140,520,200
__import__.product_0113464,34,114,1
__import__.product_0117994,12,36,6
__import__.product_0118018,75,225,12
__import__.product_0118034,12,36,10
__import__.product_0125732,261,884,10
__import__.product_0130401,2,5,1
__import__.product_0132324,23,69,12
__import__.product_0135194,12,24,1
__import__.product_0135996,210,535,12
__import__.product_0136465,54,120,12
__import__.product_0136481,58,214,12
__import__.product_0136499,73,246,12
__import__.product_0136945,272,1015,12
__import__.product_0159800,8,19,1
__import__.product_0159820,10,23,1
__import__.product_0159830,3,6,1
__import__.product_0159860,2,4,1
__import__.product_0159870,4,8,1
__import__.product_0159880,7,12,1
__import__.product_0159920,3,7,1
__import__.product_0159930,5,10,1
__import__.product_0175471,3,5,1
__import__.product_0175497,1,2,1
__import__.product_0180370,0,1,1
__import__.product_0180810,10,20,50
__import__.product_0180836,6,12,50
__import__.product_0181396,1,2,1
__import__.product_0183137,2,4,1
__import__.product_0185967,2,4,1
__import__.product_0192294,3,6,1
__import__.product_0192295,2,4,28
__import__.product_0192385,0,1,20
__import__.product_0192450,0,1,20
__import__.product_0250019,5,10,1
__import__.product_0250555,6,20,1
__import__.product_0250563,3,10,1
__import__.product_0254680,34,114,12
__import__.product_0254698,136,431,1
__import__.product_0254722,34,87,12
__import__.product_0257360,20,40,10
__import__.product_0289009,34,51,4
__import__.product_0296442,30,102,1
__import__.product_0296459,12,40,1
__import__.product_0296467,5,16,1
__import__.product_0306158,48,96,1
__import__.product_0317339,200,480,1
__import__.product_0317347,62,210,10
__import__.product_0320123,5,15,1
__import__.product_0320125,0,1,1
__import__.product_0320137,0,2,1
__import__.product_0320138,1,2,1
__import__.product_0320140,0,3,1
__import__.product_0320167,20,20,1
__import__.product_0320168,0,10,1
__import__.product_0320244,10,25,1
__import__.product_0320245,5,5,1
__import__.product_0320366,10,25,1
__import__.product_0369124,26,94,40
__import__.product_0383406,6,15,1
__import__.product_0383414,20,40,1
__import__.product_0384537,189,556,12
__import__.product_0386920,170,520,154
__import__.product_0386938,7,23,70
__import__.product_0391151,25,50,18
__import__.product_0391383,9,18,15
__import__.product_0391946,60,120,12
__import__.product_0392670,40,80,10
__import__.product_0392704,75,150,32
__import__.product_0393819,0,1,8
__import__.product_0394569,10,20,20
__import__.product_0398131,40,136,60
__import__.product_0428060,67,160,1
__import__.product_0428315,3,8,1
__import__.product_0430397,25,55,10
__import__.product_0430398,5,10,1
__import__.product_0436717,20,50,1
__import__.product_0458265,3,6,1
__import__.product_0458273,5,18,1
__import__.product_0458281,4,12,1
__import__.product_0458299,6,18,1
__import__.product_0458323,1,3,1
__import__.product_0470021,60,164,12
__import__.product_0470039,240,480,12
__import__.product_0481358,220,440,12
__import__.product_0481366,25,50,12
__import__.product_0481739,12,25,1
__import__.product_0491357,2600,4547,1
__import__.product_0493288,24,81,1
__import__.product_0495036,5,10,18
__import__.product_0497487,21,38,12
__import__.product_0498444,3,10,10
__import__.product_0499270,10,20,12
__import__.product_0600163,2,4,1
__import__.product_0616300,10,21,1
__import__.product_0623341,0,1,1
__import__.product_0624825,3,10,1
__import__.product_0633135,115,427,65
__import__.product_0660944,56,188,12
__import__.product_0660945,72,200,12
__import__.product_0660946,24,81,5
__import__.product_0661132,60,100,40
__import__.product_0661702,3,6,20
__import__.product_0663054,1,2,1
__import__.product_0667139,1,2,12
__import__.product_0668210,15,25,1
__import__.product_0671230,6,12,1
__import__.product_0675551,2,3,36
__import__.product_0675561,6,7,36
__import__.product_0675934,5,10,20
__import__.product_0676015,149,555,100
__import__.product_0676023,200,581,100
__import__.product_0676643,60,120,1
__import__.product_0677401,45,152,20
__import__.product_0682666,8,20,1
__import__.product_0682674,5,19,1
__import__.product_0685370,117,288,1
__import__.product_0685909,30,109,1
__import__.product_0801571,4,8,120
__import__.product_0801787,6,12,12
__import__.product_0802181,2,4,10
__import__.product_0802389,10,20,90
__import__.product_0804215,10,20,90
__import__.product_0810879,35,144,8
__import__.product_0814681,2,5,1
__import__.product_0815761,26,105,1
__import__.product_0816322,14,28,4
__import__.product_0816892,2,4,8
__import__.product_0816900,2,4,10
__import__.product_0816918,2,4,10
__import__.product_0816926,2,4,6
__import__.product_0817015,40,80,10
__import__.product_0817023,120,240,24
__import__.product_0817031,25,50,50
__import__.product_0817189,2,4,135
__import__.product_0819375,2,4,1
__import__.product_0825661,5,15,1
__import__.product_0825679,3,9,1
__import__.product_0825687,4,8,1
__import__.product_0826768,3,6,1
__import__.product_0830216,10,20,5
__import__.product_0831909,59,242,1
__import__.product_0833574,37,125,1
__import__.product_0836627,25,68,10
__import__.product_0837484,56,207,10
__import__.product_0839993,8,25,10
__import__.product_0840892,30,70,1
__import__.product_0842450,36,132,10
__import__.product_0842534,100,160,10
__import__.product_0843136,107,360,48
__import__.product_0864058,122,454,100
__import__.product_0864066,205,764,10
__import__.product_0864710,68,230,12
__import__.product_0865600,5,15,1
__import__.product_0868059,100,200,20
__import__.product_0868547,40,80,120
__import__.product_0870071,32,64,32
__import__.product_0870360,4,8,4
__import__.product_0874131,10,32,1
__import__.product_0877332,7,24,1
__import__.product_0877340,6,20,1
__import__.product_0877365,20,56,4
__import__.product_0877373,200,350,5
__import__.product_0877894,17,55,1
__import__.product_0877936,2,4,1
__import__.product_0882936,2,4,1
__import__.product_0892570,14,33,10
__import__.product_0897090,11,37,1
__import__.product_0949001,9,30,10
__import__.product_0949002,2,7,20
__import__.product_1000751,71,265,12
__import__.product_1001916,100,200,12
__import__.product_1002190,1,6,1
__import__.product_1003890,0,1,1
__import__.product_1003900,1,2,1
__import__.product_1003910,1,2,1
__import__.product_1003920,0,1,1
__import__.product_1003930,1,2,1
__import__.product_1004070,0,1,1
__import__.product_1004080,0,1,1
__import__.product_1004090,1,2,1
__import__.product_1004100,0,1,1
__import__.product_1004110,0,1,1
__import__.product_1004120,0,1,1
__import__.product_1004130,0,1,1
__import__.product_1004140,0,1,1
__import__.product_1004190,0,1,1
__import__.product_1004350,0,1,1
__import__.product_1004430,1,2,1
__import__.product_1006630,0,1,1
__import__.product_1007110,0,1,1
__import__.product_1007360,0,1,1
__import__.product_1008190,1,2,1
__import__.product_1008620,2,4,1
__import__.product_1008640,0,1,1
__import__.product_1008680,1,2,1
__import__.product_1008830,1,2,1
__import__.product_1008840,1,2,1
__import__.product_1009590,0,1,1
__import__.product_1009600,0,1,1
__import__.product_1009610,0,1,1
__import__.product_1009740,0,1,1
__import__.product_1009809,48,84,12
__import__.product_1010280,1,4,1
__import__.product_1010290,5,10,4
__import__.product_1010300,12,24,4
__import__.product_1010310,8,16,4
__import__.product_1010320,8,16,4
__import__.product_1010330,4,8,4
__import__.product_1010340,2,4,4
__import__.product_1010600,0,1,30
__import__.product_1010610,1,2,30
__import__.product_1010620,2,3,20
__import__.product_1010630,2,3,12
__import__.product_1010640,2,3,8
__import__.product_1010660,2,5,6
__import__.product_1010670,1,2,4
__import__.product_1013093,1200,2320,12
__import__.product_1013127,11,40,1
__import__.product_1013143,20,66,1
__import__.product_1013150,13,44,1
__import__.product_1013168,71,241,1
__import__.product_1013192,55,185,1
__import__.product_1013390,47,175,36
__import__.product_1013432,60,110,1
__import__.product_1013465,41,116,1
__import__.product_1013481,16,54,1
__import__.product_1013549,10,32,10
__import__.product_1015030,30,50,1
__import__.product_1015040,12,24,24
__import__.product_1015390,0,1,1
__import__.product_1015410,0,1,1
__import__.product_1015420,0,1,1
__import__.product_1015440,0,1,1
__import__.product_1016510,0,1,1
__import__.product_1016560,0,1,1
__import__.product_1017990,0,1,1
__import__.product_1019380,0,1,1
__import__.product_1019620,0,3,20
__import__.product_1019630,0,3,20
__import__.product_1019640,10,30,20
__import__.product_1019660,2,4,20
__import__.product_1019670,3,6,20
__import__.product_1019900,2,3,1
__import__.product_1021350,0,1,1
__import__.product_1021360,0,1,1
__import__.product_1021370,0,1,1
__import__.product_1021380,0,1,1
__import__.product_1021390,0,1,1
__import__.product_1021898,11,38,1
__import__.product_1021906,22,80,1
__import__.product_1021914,9,29,100
__import__.product_1023027,1,3,1
__import__.product_1023420,0,1,1
__import__.product_1023430,0,1,1
__import__.product_1023440,0,1,1
__import__.product_1023450,0,1,1
__import__.product_1024170,0,1,1
__import__.product_1027515,10,20,5
__import__.product_1030250,0,1,1
__import__.product_1030320,1,2,1
__import__.product_1030330,2,6,1
__import__.product_1030340,3,5,1
__import__.product_1030350,2,4,1
__import__.product_1030410,1,2,1
__import__.product_1031049,0,1,1
__import__.product_1031820,0,1,1
__import__.product_1032030,1,2,1
__import__.product_1032240,5,10,10
__import__.product_1034880,0,1,1
__import__.product_1034940,0,1,1
__import__.product_1035724,178,605,6
__import__.product_1036706,9,30,1
__import__.product_1038030,1,2,1
__import__.product_1038439,2,4,96
__import__.product_1038454,5,10,48
__import__.product_1038990,0,1,1
__import__.product_1040060,0,1,1
__import__.product_1040230,2,5,1
__import__.product_1040270,2,4,1
__import__.product_1040960,0,1,1
__import__.product_1041050,0,1,1
__import__.product_1048236,0,36,1
__import__.product_1050400,0,5,1
__import__.product_1050410,0,5,1
__import__.product_1053611,1,5,1
__import__.product_1055360,0,1,1
__import__.product_1060600,0,1,1
__import__.product_1064484,212,872,1
__import__.product_1067768,17,68,20
__import__.product_1069101,2,5,1
__import__.product_1069152,0,2,1
__import__.product_1070499,31,106,10
__import__.product_1071125,48,96,6
__import__.product_1073188,2,4,1
__import__.product_1073352,10,20,1
__import__.product_1073360,50,90,1
__import__.product_1073378,5,10,1
__import__.product_1073386,3,6,1
__import__.product_1073394,10,20,1
__import__.product_1074194,72,242,12
__import__.product_1074269,2,4,1
__import__.product_1074467,10,17,15
__import__.product_1074566,5,18,15
__import__.product_1077486,3,11,1
__import__.product_1077585,18,30,1
__import__.product_1086891,8,26,1
__import__.product_1088897,14,45,5
__import__.product_1091719,4,14,10
__import__.product_1091727,7,15,1
__import__.product_1097641,25,83,60
__import__.product_1112515,22,79,12
__import__.product_1112523,10,35,12
__import__.product_1112622,56,206,6
__import__.product_1112655,44,133,6
__import__.product_1113372,3,9,1
__import__.product_1114099,108,367,60
__import__.product_1115377,4,11,6
__import__.product_1118876,3,6,1
__import__.product_1118975,12,30,12
__import__.product_1118983,53,144,12
__import__.product_1120872,1,3,1
__import__.product_1120898,1,4,1
__import__.product_1122100,14,47,12
__import__.product_1122118,200,450,1
__import__.product_1122126,200,400,1
__import__.product_1122191,32,119,1
__import__.product_1124940,96,357,1
__import__.product_1126093,8,16,1
__import__.product_1128966,20,79,1
__import__.product_1128974,89,302,1
__import__.product_1129006,0,1,10
__import__.product_1136498,9,26,12
__import__.product_1146919,5,10,1
__import__.product_1148378,2,4,1
__import__.product_1148394,125,464,120
__import__.product_1148980,10,20,1
__import__.product_1151519,4,8,1
__import__.product_1152891,1,2,1
__import__.product_1154582,4,10,1
__import__.product_1154590,40,100,1
__import__.product_1154608,3,10,1
__import__.product_1155748,20,40,1
__import__.product_1156876,91,338,12
__import__.product_1157346,4,14,8
__import__.product_1160402,5,11,1
__import__.product_1160452,15,25,1
__import__.product_1163393,48,96,12
__import__.product_1164037,60,120,6
__import__.product_1164045,24,48,6
__import__.product_1171487,111,308,12
__import__.product_1179811,4,15,12
__import__.product_1179837,10,24,12
__import__.product_1180033,21,69,1
__import__.product_1180059,0,1,1
__import__.product_1180061,1,3,1
__import__.product_1180062,10,20,1
__import__.product_1180072,10,20,1
__import__.product_1180086,1,3,1
__import__.product_1180280,150,300,30
__import__.product_1180306,30,60,30
__import__.product_1180314,100,200,10
__import__.product_1180322,100,200,10
__import__.product_1180454,200,400,10
__import__.product_1181163,650,1300,10
__import__.product_1182534,13,44,1
__import__.product_1182567,80,160,10
__import__.product_1183318,18,26,12
__import__.product_1183375,63,212,30
__import__.product_1190302,8,19,1
__import__.product_1190308,1,2,1
__import__.product_1190310,63,163,1
__import__.product_1190340,22,54,1
__import__.product_1193457,10,32,1
__import__.product_1193515,64,215,12
__import__.product_1197292,30,70,40
__import__.product_1197300,30,50,20
__import__.product_1198068,198,671,10
__import__.product_1200060,48,96,1
__import__.product_1200583,0,1,1
__import__.product_1200585,2,4,1
__import__.product_1201088,2,7,1
__import__.product_1201091,2,5,1
__import__.product_1201092,2,4,1
__import__.product_1201093,2,6,1
__import__.product_1201094,13,40,1
__import__.product_1201095,4,5,1
__import__.product_1201519,13,26,1
__import__.product_1201524,20,40,1
__import__.product_1202218,4,6,1
__import__.product_1202225,3,5,1
__import__.product_1202266,13,32,1
__import__.product_1202403,0,1,1
__import__.product_1202404,0,1,1
__import__.product_1202407,2,3,1
__import__.product_1202409,1,2,1
__import__.product_1202654,42,140,2
__import__.product_1202787,22,72,10
__import__.product_1202803,52,176,12
__import__.product_1202829,24,64,12
__import__.product_1202860,17,68,1
__import__.product_1202886,28,116,36
__import__.product_1202897,12,42,1
__import__.product_1202898,4,12,1
__import__.product_1202899,1,3,1
__import__.product_1202900,2,8,1
__import__.product_1202969,30,55,6
__import__.product_1203074,158,535,1
__import__.product_1203181,20,68,1
__import__.product_1203199,37,126,12
__import__.product_1203223,240,480,12
__import__.product_1203231,12,24,1
__import__.product_1203232,54,182,1
__import__.product_1203264,30,60,1
__import__.product_1203272,22,91,10
__import__.product_1203280,8,14,12
__import__.product_1203439,100,100,10
__import__.product_1204783,18,40,1
__import__.product_1205182,3,8,1
__import__.product_1205183,3,11,1
__import__.product_1205184,2,6,1
__import__.product_1205185,5,15,1
__import__.product_1206853,12,24,12
__import__.product_1206895,29,97,6
__import__.product_1210186,3,12,1
__import__.product_1211200,3,6,1
__import__.product_1211358,100,338,1
__import__.product_1211366,33,136,1
__import__.product_1211374,30,60,10
__import__.product_1211382,34,80,1
__import__.product_1220268,3,10,1
__import__.product_1220276,21,77,1
__import__.product_1220284,5,15,1
__import__.product_1220292,4,8,1
__import__.product_1220318,5,15,1
__import__.product_1220466,36,94,1
__import__.product_1230031,3,5,1
__import__.product_1230032,3,6,1
__import__.product_1230033,6,15,1
__import__.product_1230041,2,4,1
__import__.product_1230042,4,10,1
__import__.product_1230043,12,26,1
__import__.product_1230063,2,4,1
__import__.product_1230069,2,6,1
__import__.product_1231021,4,9,1
__import__.product_1231022,11,27,1
__import__.product_1231024,14,35,1
__import__.product_1231025,8,18,1
__import__.product_1231202,22,54,1
__import__.product_1231204,42,102,4
__import__.product_1231208,55,137,1
__import__.product_1231403,6,13,1
__import__.product_1231405,12,26,1
__import__.product_1231408,13,31,1
__import__.product_1231963,7,14,1
__import__.product_1232005,6,12,1
__import__.product_1232014,15,37,1
__import__.product_1232204,8,17,1
__import__.product_1232210,10,25,1
__import__.product_1232215,60,147,1
__import__.product_1232404,5,9,1
__import__.product_1232410,2,4,1
__import__.product_1232415,8,12,1
__import__.product_1232512,4,9,1
__import__.product_1233014,10,37,6
__import__.product_1233963,3,6,1
__import__.product_1234005,4,7,1
__import__.product_1234014,28,68,1
__import__.product_1234053,11,23,1
__import__.product_1234204,2,6,1
__import__.product_1234210,2,4,1
__import__.product_1234215,87,214,1
__import__.product_1234415,20,54,1
__import__.product_1234472,12,30,1
__import__.product_1237104,1,3,1
__import__.product_1237115,6,10,1
__import__.product_1237291,2,4,1
__import__.product_1237304,1,2,1
__import__.product_1237315,14,30,1
__import__.product_1237504,4,8,1
__import__.product_1237515,33,81,1
__import__.product_1238005,3,5,1
__import__.product_1238021,8,14,1
__import__.product_1238041,1,2,1
__import__.product_1238042,3,7,1
__import__.product_1238049,4,9,1
__import__.product_1238054,3,4,1
__import__.product_1238060,2,6,1
__import__.product_1238064,4,9,1
__import__.product_1238072,20,40,1
__import__.product_1238076,4,8,1
__import__.product_1238083,2,4,1
__import__.product_1238091,4,8,1
__import__.product_1238097,2,5,1
__import__.product_1238103,2,4,1
__import__.product_1239002,10,19,1
__import__.product_1239007,8,14,1
__import__.product_1239062,4,8,1
__import__.product_1239073,4,6,1
__import__.product_1239082,14,28,1
__import__.product_1239091,1,2,1
__import__.product_1239092,8,12,1
__import__.product_1239099,3,7,1
__import__.product_1239103,7,15,1
__import__.product_1239105,8,18,1
__import__.product_1239112,8,14,1
__import__.product_1239113,2,3,1
__import__.product_1239114,12,30,1
__import__.product_1239303,2,4,1
__import__.product_1239322,3,7,1
__import__.product_1239323,19,35,1
__import__.product_1239335,2,4,1
__import__.product_1239343,2,4,1
__import__.product_1239355,3,5,1
__import__.product_1239362,11,23,1
__import__.product_1239371,2,3,1
__import__.product_1239382,2,3,1
__import__.product_1239392,2,4,1
__import__.product_1239422,2,4,1
__import__.product_1239453,3,5,1
__import__.product_1239482,9,16,1
__import__.product_1239581,0,1,1
__import__.product_1250026,20,40,12
__import__.product_1250804,4,7,1
__import__.product_1250816,2,7,1
__import__.product_1250817,2,4,1
__import__.product_1250832,1,2,1
__import__.product_1250834,0,1,1
__import__.product_1250870,2,4,1
__import__.product_1250882,5,9,1
__import__.product_1250884,4,8,1
__import__.product_1250890,11,19,1
__import__.product_1250902,3,5,1
__import__.product_1250903,0,1,1
__import__.product_1250922,1,2,1
__import__.product_1250923,4,7,1
__import__.product_1250924,1,2,1
__import__.product_1251010,2,4,1
__import__.product_1255058,200,400,130
__import__.product_1255066,20,50,1
__import__.product_1257369,162,547,10
__import__.product_1257583,4,9,5
__import__.product_1258010,4,8,1
__import__.product_1259806,40,70,1
__import__.product_1270123,30,60,60
__import__.product_1271741,8,19,10
__import__.product_1272574,2,4,1
__import__.product_1273176,71,239,10
__import__.product_1274059,3,5,1
__import__.product_1277136,6,12,12
__import__.product_1280320,13,46,48
__import__.product_1283209,40,80,10
__import__.product_1283217,4,13,1
__import__.product_1290204,5,10,6
__import__.product_1294461,78,170,1
__import__.product_1300015,3,6,1
__import__.product_1300185,13,43,1
__import__.product_1300227,15,40,1
__import__.product_1300235,20,42,1
__import__.product_1300318,10,20,1
__import__.product_1300573,1,2,1
__import__.product_1301524,30,60,1
__import__.product_1302231,12,33,12
__import__.product_1308320,1,3,1
__import__.product_1317825,131,540,20
__import__.product_1321355,59,218,12
__import__.product_1322031,40,84,12
__import__.product_1329614,21,79,1
__import__.product_1329622,12,37,1
__import__.product_1331222,16,53,30
__import__.product_1331313,126,425,84
__import__.product_1334821,1,6,1
__import__.product_1336890,0,1,1
__import__.product_1336924,60,120,10
__import__.product_1351469,2,4,1
__import__.product_1351524,5,10,1
__import__.product_1351530,10,20,1
__import__.product_1354307,11,35,10
__import__.product_1354349,22,75,8
__import__.product_1355890,23,95,1
__import__.product_1356229,2,4,1
__import__.product_1357201,200,479,10
__import__.product_1357219,350,740,10
__import__.product_1357227,22,72,10
__import__.product_1357235,200,300,10
__import__.product_1357243,50,105,10
__import__.product_1357276,15,45,10
__import__.product_1357284,12,19,10
__import__.product_1357292,15,59,10
__import__.product_1357888,40,136,1
__import__.product_1357896,1,3,1
__import__.product_1360528,30,64,1
__import__.product_1361179,7,27,1
__import__.product_1362100,2,5,1
__import__.product_1367754,194,657,12
__import__.product_1371814,18,60,1
__import__.product_1371939,10,22,1
__import__.product_1379197,3,9,1
__import__.product_1384023,60,80,8
__import__.product_1384387,2,8,1
__import__.product_1384726,0,1,1
__import__.product_1385236,3,9,1
__import__.product_1388651,2,4,1
__import__.product_1388966,18,38,1
__import__.product_1389741,7,15,1
__import__.product_1391614,3,7,1
__import__.product_1397140,80,140,10
__import__.product_1397223,20,40,10
__import__.product_1397231,40,60,10
__import__.product_1398973,30,50,10
__import__.product_1399476,4,14,10
__import__.product_1399518,3,7,1
__import__.product_1400514,10,24,12
__import__.product_1400522,30,111,12
__import__.product_1400903,8,25,1
__import__.product_1401389,164,675,1
__import__.product_1401536,3,6,1
__import__.product_1401694,3,6,1
__import__.product_1402593,0,1,1
__import__.product_1402594,0,1,1
__import__.product_1403294,8,32,5
__import__.product_1405069,0,1,1
__import__.product_1405179,15,30,10
__import__.product_1405476,3,11,1
__import__.product_1405554,4,11,9
__import__.product_1406412,30,80,10
__import__.product_1406420,60,130,10
__import__.product_1406438,50,120,10
__import__.product_1411375,8,20,1
__import__.product_1413013,8,20,1
__import__.product_1413020,8,20,1
__import__.product_1413082,8,20,1
__import__.product_1416437,141,400,12
__import__.product_1416700,25,85,16
__import__.product_1418276,2,4,1
__import__.product_1418367,60,120,12
__import__.product_1421825,35,80,12
__import__.product_1423763,50,100,10
__import__.product_1423771,10,20,10
__import__.product_1429935,1,2,1
__import__.product_1430297,111,240,6
__import__.product_1435981,35,118,10
__import__.product_1445964,1,2,1
__import__.product_1447416,36,60,12
__import__.product_1448091,2,4,1
__import__.product_1448109,72,144,6
__import__.product_1448117,72,144,6
__import__.product_1448638,4,14,1
__import__.product_1448646,2,5,1
__import__.product_1451350,200,340,10
__import__.product_1451843,209,777,1
__import__.product_1455146,3,14,6
__import__.product_1457498,115,389,10
__import__.product_1457506,102,379,10
__import__.product_1465814,5,16,1
__import__.product_1465822,3,8,1
__import__.product_1465830,30,72,1
__import__.product_1478692,43,146,40
__import__.product_1483890,24,66,12
__import__.product_1483957,5,20,10
__import__.product_1483965,7,24,10
__import__.product_1483973,11,39,10
__import__.product_1484047,70,130,12
__import__.product_1484054,103,384,12
__import__.product_1489301,10,23,1
__import__.product_1500025,3,6,1
__import__.product_1505007,0,1,1
__import__.product_1505010,1,2,1
__import__.product_1509025,33,123,6
__import__.product_1509033,14,52,6
__import__.product_1510627,49,120,10
__import__.product_1510635,180,496,10
__import__.product_1510643,35,93,10
__import__.product_1510650,80,272,10
__import__.product_1510668,26,97,10
__import__.product_1510676,32,120,10
__import__.product_1515253,4,14,1
__import__.product_1525641,25,70,1
__import__.product_1526680,24,60,12
__import__.product_1540855,66,244,6
__import__.product_1549500,150,400,1
__import__.product_1552132,30,50,10
__import__.product_1553155,3,11,1
__import__.product_1553379,2,8,1
__import__.product_1554617,42,154,36
__import__.product_1561448,3,9,1
__import__.product_1575315,2,4,4
__import__.product_1575323,1,2,4
__import__.product_1575331,4,8,4
__import__.product_1575398,4,17,1
__import__.product_1581541,40,150,6
__import__.product_1585215,3,6,1
__import__.product_1589944,6,15,1
__import__.product_1589977,24,60,6
__import__.product_1596816,35,131,12
__import__.product_1623776,40,90,1
__import__.product_1623818,293,905,12
__import__.product_1632389,14,45,1
__import__.product_1633163,9,28,1
__import__.product_1633171,2,4,1
__import__.product_1635598,37,124,6
__import__.product_1635952,12,30,1
__import__.product_1655810,44,164,84
__import__.product_1655828,40,149,1
__import__.product_1656222,20,40,1
__import__.product_1658699,7,21,1
__import__.product_1660380,0,1,1
__import__.product_1662865,25,50,1
__import__.product_1662873,52,194,12
__import__.product_1662881,9,30,1
__import__.product_1664119,15,30,10
__import__.product_1684364,124,461,12
__import__.product_1684372,110,411,12
__import__.product_1685361,40,72,4
__import__.product_1685379,7,13,1
__import__.product_1688795,24,73,1
__import__.product_1688803,12,34,1
__import__.product_1688811,6,10,1
__import__.product_1689074,1,2,1
__import__.product_1691716,8,12,12
__import__.product_1693795,186,400,10
__import__.product_1705557,2,4,1
__import__.product_1710227,6,12,6
__import__.product_1710235,19,63,6
__import__.product_1727346,1,5,1
__import__.product_1730928,30,66,1
__import__.product_1731322,1,2,1
__import__.product_1731488,0,1,1
__import__.product_1731496,0,1,1
__import__.product_1731645,1,2,1
__import__.product_1731652,1,2,1
__import__.product_1735960,10,60,1
__import__.product_1745017,100,220,1
__import__.product_1745033,80,210,21
__import__.product_1745041,41,101,21
__import__.product_1745058,35,75,1
__import__.product_1749175,2,7,1
__import__.product_1751577,27,100,5
__import__.product_1754688,2,6,1
__import__.product_1761832,11,35,1
__import__.product_1761865,218,898,20
__import__.product_1770510,90,177,10
__import__.product_1770528,110,210,10
__import__.product_1770536,20,50,10
__import__.product_1770569,25,75,10
__import__.product_1778109,4,7,1
__import__.product_1778117,11,23,12
__import__.product_1778125,6,14,12
__import__.product_1778133,1,2,1
__import__.product_1778141,20,32,1
__import__.product_1778158,100,200,4
__import__.product_1791698,15,53,1
__import__.product_1796291,2,6,1
__import__.product_1800156,40,80,1
__import__.product_1801190,2,5,1
__import__.product_1802160,5,12,1
__import__.product_1806360,0,12,1
__import__.product_1806530,20,40,1
__import__.product_1807090,10,30,1
__import__.product_1809750,8,15,1
__import__.product_1813620,1,2,1
__import__.product_1813630,2,4,1
__import__.product_1820470,0,2,1
__import__.product_1929927,1,4,1
__import__.product_2016803,3,9,1
__import__.product_2017545,6,18,1
__import__.product_2018187,5,12,1
__import__.product_2021377,2,4,1
__import__.product_2021963,35,70,1
__import__.product_2049146,4,16,6
__import__.product_2049153,6,55,1
__import__.product_2054807,25,59,1
__import__.product_2060424,4,6,1
__import__.product_2061265,16,25,1
__import__.product_2061273,15,30,1
__import__.product_2061281,23,77,60
__import__.product_2061299,82,278,60
__import__.product_2064525,20,30,1
__import__.product_2064533,5,10,1
__import__.product_2064541,30,60,1
__import__.product_2064558,10,20,1
__import__.product_2065688,27,67,1
__import__.product_2071835,22,48,1
__import__.product_2081784,23,94,12
__import__.product_2085397,3,10,1
__import__.product_2087054,144,486,10
__import__.product_2087062,200,500,10
__import__.product_2087070,60,160,10
__import__.product_2087088,344,716,10
__import__.product_2087138,15,30,1
__import__.product_2087146,5,10,1
__import__.product_2092146,2,4,6
__import__.product_2092658,0,1,10
__import__.product_2093391,15,50,1
__import__.product_2094316,14,51,1
__import__.product_2094324,4,9,6
__import__.product_2099919,22,50,1
__import__.product_2099927,13,44,1
__import__.product_2101780,10,15,1
__import__.product_2101798,24,76,6
__import__.product_2104941,11,22,24
__import__.product_2114200,4,12,1
__import__.product_2114981,46,171,8
__import__.product_2115616,51,140,1
__import__.product_2123271,20,40,1
__import__.product_2123420,30,36,12
__import__.product_2123842,21,69,6
__import__.product_2124584,20,40,1
__import__.product_2124592,20,68,1
__import__.product_2139178,25,40,1
__import__.product_2152445,10,20,1
__import__.product_2163459,32,90,1
__import__.product_2164374,70,150,10
__import__.product_2167393,15,30,1
__import__.product_2171874,8,15,1
__import__.product_2171886,4,8,1
__import__.product_2171887,3,8,1
__import__.product_2171888,5,10,1
__import__.product_2171889,3,7,1
__import__.product_2171890,3,8,1
__import__.product_2171892,2,5,1
__import__.product_2172132,3,7,1
__import__.product_2176089,62,157,6
__import__.product_2183143,27,99,10
__import__.product_2186849,250,583,10
__import__.product_2187078,60,246,10
__import__.product_2197259,124,310,50
__import__.product_2197301,0,1,1
__import__.product_2198679,12,24,1
__import__.product_2200483,7,14,1
__import__.product_2200491,11,33,1
__import__.product_2203164,20,66,2
__import__.product_2210144,15,35,1
__import__.product_2210987,16,40,1
__import__.product_2217305,1,2,1
__import__.product_2223535,93,383,20
__import__.product_2228450,9,31,1
__import__.product_2232230,0,1,1
__import__.product_2244093,3,10,1
__import__.product_2246536,600,3300,10
__import__.product_2247856,10,20,1
__import__.product_2247872,100,200,1
__import__.product_2247898,16,34,1
__import__.product_2247914,10,20,1
__import__.product_2248800,17,48,1
__import__.product_2248870,10,20,1
__import__.product_2249589,10,20,1
__import__.product_2249597,6,20,5
__import__.product_2249605,8,31,1
__import__.product_2249613,11,37,1
__import__.product_2249621,12,36,5
__import__.product_2249639,4,12,1
__import__.product_2251841,36,122,1
__import__.product_2251858,30,56,1
__import__.product_2251866,37,123,1
__import__.product_2251874,19,53,1
__import__.product_2251882,5,16,1
__import__.product_2252252,96,170,12
__import__.product_2252260,67,100,12
__import__.product_2252310,5,19,1
__import__.product_2261998,7,16,1
__import__.product_2262004,8,23,1
__import__.product_2262020,6,16,1
__import__.product_2262046,4,8,1
__import__.product_2262061,6,14,1
__import__.product_2263267,25,82,1
__import__.product_2265643,1,7,1
__import__.product_2266781,23,77,1
__import__.product_2268878,50,92,1
__import__.product_2269009,12,14,1
__import__.product_2269017,3,6,1
__import__.product_2269876,10,20,1
__import__.product_2270403,30,84,25
__import__.product_2271088,24,88,12
__import__.product_2271096,75,255,48
__import__.product_2271104,99,334,12
__import__.product_2271112,66,223,12
__import__.product_2271120,11,35,1
__import__.product_2271138,14,46,12
__import__.product_2271187,3,7,1
__import__.product_2271203,3,7,1
__import__.product_2271229,1,3,1
__import__.product_2271237,3,6,1
__import__.product_2271765,12,24,1
__import__.product_2276574,12,40,15
__import__.product_2281046,72,120,1
__import__.product_2281053,25,72,1
__import__.product_2281061,6,22,1
__import__.product_2287120,1,2,1
__import__.product_2287878,4,14,1
__import__.product_2288876,22,79,1
__import__.product_2288926,8,20,1
__import__.product_2288934,1,3,1
__import__.product_2288983,2,4,1
__import__.product_2289122,8,18,1
__import__.product_2289171,1,2,1
__import__.product_2289304,3,9,1
__import__.product_2289312,0,1,1
__import__.product_2289892,6,12,1
__import__.product_2310399,10,21,1
__import__.product_2314425,120,220,10
__import__.product_2314433,60,110,10
__import__.product_2318483,16,63,1
__import__.product_2318491,0,1,1
__import__.product_2321602,106,435,20
__import__.product_2322634,0,1,1
__import__.product_2325751,8,20,10
__import__.product_2328854,11,22,1
__import__.product_2328862,3,9,1
__import__.product_2328896,2,4,1
__import__.product_2328904,10,32,1
__import__.product_2329571,1,4,1
__import__.product_2329589,18,61,1
__import__.product_2329605,10,33,1
__import__.product_2330470,8,28,1
__import__.product_2340453,31,113,10
__import__.product_2342087,2,6,1
__import__.product_2342095,5,10,1
__import__.product_2342103,20,44,6
__import__.product_2342111,4,6,1
__import__.product_2342129,10,20,1
__import__.product_2342145,7,14,1
__import__.product_2342160,6,20,6
__import__.product_2342178,30,60,4
__import__.product_2342186,30,60,1
__import__.product_2342194,10,20,1
__import__.product_2343952,18,60,1
__import__.product_2343978,11,40,1
__import__.product_2352284,30,50,1
__import__.product_2352292,40,80,10
__import__.product_2352805,2,5,1
__import__.product_2352813,7,25,1
__import__.product_2353829,210,783,1
__import__.product_2356731,2,4,1
__import__.product_2357465,2,3,1
__import__.product_2357481,16,36,1
__import__.product_2357515,17,39,1
__import__.product_2357531,68,160,1
__import__.product_2357556,4,7,1
__import__.product_2357648,28,65,1
__import__.product_2357689,15,34,1
__import__.product_2357739,1,8,8
__import__.product_2357754,49,115,1
__import__.product_2357788,16,33,1
__import__.product_2357812,1,2,1
__import__.product_2357952,43,60,1
__import__.product_2357994,2,10,1
__import__.product_2358042,0,1,1
__import__.product_2363919,350,957,1
__import__.product_2366136,1,2,1
__import__.product_2368231,71,265,1
__import__.product_2371813,1,2,1
__import__.product_2372753,11,37,6
__import__.product_2372779,30,124,96
__import__.product_2372787,16,52,1
__import__.product_2372803,10,34,1
__import__.product_2372829,30,102,6
__import__.product_2372837,16,52,1
__import__.product_2373553,10,21,1
__import__.product_2373561,8,17,1
__import__.product_2374445,15,34,1
__import__.product_2377323,35,117,10
__import__.product_2377728,2,4,1
__import__.product_2379741,16,52,1
__import__.product_2379758,59,218,64
__import__.product_2379766,109,370,1
__import__.product_2379782,86,321,10
__import__.product_2379790,43,159,1
__import__.product_2379808,47,172,10
__import__.product_2379816,48,177,10
__import__.product_2379824,19,65,10
__import__.product_2382729,36,119,1
__import__.product_2382737,22,60,1
__import__.product_2384949,68,281,1
__import__.product_2385987,12,38,1
__import__.product_2385995,7,22,1
__import__.product_2386001,4,11,1
__import__.product_2388908,3,7,1
__import__.product_2388916,3,6,1
__import__.product_2388924,1,4,1
__import__.product_2389153,3,10,6
__import__.product_2389161,4,14,6
__import__.product_2389179,8,29,6
__import__.product_2398451,50,186,12
__import__.product_2398469,40,148,12
__import__.product_2399681,14,52,1
__import__.product_2401677,12,27,6
__import__.product_2401685,4,10,6
__import__.product_2404341,31,104,10
__import__.product_2404358,29,97,6
__import__.product_2407110,81,302,10
__import__.product_2407351,11,21,10
__import__.product_2407377,15,25,10
__import__.product_2407385,4,12,10
__import__.product_2407393,5,19,10
__import__.product_2407401,3,12,10
__import__.product_2407419,5,20,10
__import__.product_2407427,4,15,10
__import__.product_2410959,70,204,36
__import__.product_2413359,2,3,1
__import__.product_2413367,0,1,1
__import__.product_2413375,0,1,1
__import__.product_2413391,0,2,1
__import__.product_2413466,1,2,1
__import__.product_2413508,2,3,1
__import__.product_2413516,1,3,1
__import__.product_2413557,2,3,1
__import__.product_2413607,1,2,1
__import__.product_2420685,12,24,8
__import__.product_2430080,88,329,20
__import__.product_2430205,43,161,12
__import__.product_2430213,26,86,12
__import__.product_2432821,13,42,1
__import__.product_2433779,15,51,1
__import__.product_2433787,23,78,12
__import__.product_2433795,36,121,1
__import__.product_2433803,16,55,1
__import__.product_2433811,18,60,1
__import__.product_2433829,14,35,1
__import__.product_2433878,51,171,1
__import__.product_2433886,0,12,1
__import__.product_2433894,4,12,1
__import__.product_2433902,3,10,1
__import__.product_2435105,20,44,12
__import__.product_2435360,18,59,1
__import__.product_2435378,33,136,12
__import__.product_2435873,20,50,1
__import__.product_2436905,38,140,1
__import__.product_2436913,26,96,1
__import__.product_2437325,5,11,1
__import__.product_2441350,57,191,1
__import__.product_2441376,8,24,1
__import__.product_2445161,40,108,1
__import__.product_2445179,15,53,1
__import__.product_2446011,3,6,1
__import__.product_2446045,14,47,1
__import__.product_2446052,2,4,1
__import__.product_2446532,10,30,1
__import__.product_2447902,14,29,1
__import__.product_2447936,9,30,1
__import__.product_2451623,8,18,12
__import__.product_2451631,12,27,12
__import__.product_2451649,10,26,12
__import__.product_2451656,12,40,12
__import__.product_2451664,4,12,1
__import__.product_2451672,8,23,1
__import__.product_2451862,35,117,6
__import__.product_2451870,19,64,6
__import__.product_2457687,13,47,6
__import__.product_2457711,20,47,6
__import__.product_2457729,3,9,1
__import__.product_2457745,6,18,1
__import__.product_2457752,4,12,1
__import__.product_2457760,4,13,1
__import__.product_2458032,170,577,84
__import__.product_2458115,100,200,10
__import__.product_2461325,2,6,1
__import__.product_2461333,4,12,1
__import__.product_2461903,14,47,10
__import__.product_2465011,0,1,1
__import__.product_2470565,21,69,1
__import__.product_2472488,6,12,2
__import__.product_2472496,4,6,2
__import__.product_2475846,31,115,12
__import__.product_2477479,30,99,12
__import__.product_2477495,41,137,12
__import__.product_2477503,29,84,12
__import__.product_2478477,1,2,1
__import__.product_2479129,34,137,1
__import__.product_2487189,7,22,12
__import__.product_2488013,11,44,1
__import__.product_2488021,10,20,1
__import__.product_2488039,7,29,1
__import__.product_2488583,10,23,1
__import__.product_2488609,4,8,1
__import__.product_2500296,6,15,1
__import__.product_2502722,113,420,40
__import__.product_2503845,10,35,1
__import__.product_2504911,15,30,4
__import__.product_2506038,281,1159,5
__import__.product_2509776,19,64,12
__import__.product_2509784,5,17,1
__import__.product_2509792,16,58,12
__import__.product_2509800,11,35,1
__import__.product_2509818,33,123,12
__import__.product_2509826,7,24,1
__import__.product_2510469,6,13,1
__import__.product_2510485,2,4,1
__import__.product_2510493,30,58,1
__import__.product_2510543,1,2,1
__import__.product_2510550,25,50,1
__import__.product_2511780,9,28,6
__import__.product_2511798,16,54,6
__import__.product_2518827,20,40,4
__import__.product_2518835,12,43,1
__import__.product_2518850,5,10,1
__import__.product_2520856,10,33,1
__import__.product_2520872,60,223,6
__import__.product_2542217,0,1,1
__import__.product_2542942,6,20,12
__import__.product_2543031,10,20,1
__import__.product_2543049,5,10,1
__import__.product_2543073,2,4,4
__import__.product_2545267,8,20,2
__import__.product_2548626,2,5,1
__import__.product_2549418,15,30,1
__import__.product_2549442,24,97,1
__import__.product_2552271,120,180,10
__import__.product_2553196,6,20,1
__import__.product_2553212,6,22,30
__import__.product_2553238,3,6,1
__import__.product_2554509,3,7,1
__import__.product_2554517,8,25,1
__import__.product_2555183,90,160,10
__import__.product_2561157,12,24,48
__import__.product_2561165,10,20,15
__import__.product_2561173,10,20,1
__import__.product_2561181,8,20,15
__import__.product_2563401,27,108,4
__import__.product_2564730,10,27,1
__import__.product_2564748,0,1,1
__import__.product_2565554,24,80,10
__import__.product_2565596,12,34,1
__import__.product_2568780,43,146,12
__import__.product_2568798,7,24,1
__import__.product_2568822,2,6,1
__import__.product_2572832,12,24,6
__import__.product_2573434,5,17,1
__import__.product_2575421,56,208,1
__import__.product_2575439,59,198,10
__import__.product_2576874,203,755,12
__import__.product_2578326,4,10,1
__import__.product_2580652,20,40,1
__import__.product_2581965,10,25,1
__import__.product_2582039,1,2,1
__import__.product_2582385,5,21,6
__import__.product_2582578,6,12,4
__import__.product_2582740,7,27,1
__import__.product_2582757,12,24,12
__import__.product_2582823,14,56,1
__import__.product_2583953,20,40,1
__import__.product_2583979,53,196,6
__import__.product_2583987,53,70,6
__import__.product_2586683,9,25,12
__import__.product_2586717,2,4,1
__import__.product_2591766,15,34,1
__import__.product_2595502,24,48,12
__import__.product_2595759,16,52,1
__import__.product_2597250,5,15,1
__import__.product_2598332,9,18,1
__import__.product_2599827,7,23,1
__import__.product_2599850,7,23,4
__import__.product_2601243,6,12,1
__import__.product_2601268,3,5,1
__import__.product_2604957,10,20,1
__import__.product_2604965,93,382,1
__import__.product_2604973,52,193,1
__import__.product_2604981,7,14,12
__import__.product_2605061,8,15,5
__import__.product_2605228,66,223,2
__import__.product_2612018,25,50,1
__import__.product_2612026,20,40,1
__import__.product_2612042,19,40,1
__import__.product_2612059,20,40,1
__import__.product_2612067,20,40,1
__import__.product_2615292,2,4,1
__import__.product_2617231,10,20,10
__import__.product_2617256,5,15,10
__import__.product_2617272,3,13,10
__import__.product_2617330,56,100,10
__import__.product_2617348,25,80,18
__import__.product_2617363,19,60,6
__import__.product_2617371,7,28,6
__import__.product_2617389,79,324,1
__import__.product_2617397,30,50,10
__import__.product_2619278,5,15,1
__import__.product_2620573,20,82,1
__import__.product_2620581,18,74,1
__import__.product_2623627,20,36,12
__import__.product_2624229,10,32,1
__import__.product_2624237,20,74,1
__import__.product_2624286,24,60,6
__import__.product_2625341,15,50,12
__import__.product_2626885,6,12,1
__import__.product_2626893,6,15,1
__import__.product_2626927,20,40,1
__import__.product_2627263,11,36,1
__import__.product_2627271,14,46,1
__import__.product_2630929,41,140,1
__import__.product_2634657,10,32,1
__import__.product_2637551,40,80,1
__import__.product_2637569,8,27,1
__import__.product_2637577,50,100,10
__import__.product_2637593,27,100,1
__import__.product_2643245,2,4,1
__import__.product_2646300,24,48,12
__import__.product_2648079,19,70,10
__import__.product_2648962,3,7,1
__import__.product_2650349,20,40,1
__import__.product_2650372,0,1,1
__import__.product_2650471,62,209,12
__import__.product_2650497,42,142,12
__import__.product_2655116,33,90,1
__import__.product_2655124,46,157,70
__import__.product_2655280,7,23,1
__import__.product_2655298,3,9,1
__import__.product_2656742,3,12,1
__import__.product_2656759,300,500,1
__import__.product_2656783,80,165,1
__import__.product_2657393,15,42,10
__import__.product_2657831,10,40,1
__import__.product_2658607,10,16,1
__import__.product_2658615,4,10,1
__import__.product_2659134,0,1,1
__import__.product_2663573,3,11,1
__import__.product_2664480,48,179,20
__import__.product_2664498,28,103,20
__import__.product_2665297,12,40,1
__import__.product_2669612,2,6,1
__import__.product_2669620,2,4,1
__import__.product_2669638,2,6,1
__import__.product_2672418,100,200,1
__import__.product_2672616,12,24,1
__import__.product_2673929,8,15,1
__import__.product_2673973,2,4,1
__import__.product_2675270,10,34,10
__import__.product_2675288,12,41,10
__import__.product_2675981,30,72,24
__import__.product_2675999,40,80,24
__import__.product_2679157,27,100,12
__import__.product_2679215,3,8,1
__import__.product_2680544,15,51,1
__import__.product_2680551,18,59,1
__import__.product_2684884,50,100,10
__import__.product_2685030,252,938,1
__import__.product_2686533,10,20,1
__import__.product_2686541,8,24,1
__import__.product_2687291,2,4,1
__import__.product_2687853,10,20,1
__import__.product_2687887,83,194,1
__import__.product_2687895,103,241,1
__import__.product_2687929,64,150,1
__import__.product_2687937,41,96,1
__import__.product_2690071,200,448,1
__import__.product_2691368,81,275,12
__import__.product_2691384,81,273,12
__import__.product_2691723,20,42,1
__import__.product_2700680,16,65,48
__import__.product_2703239,15,30,1
__import__.product_2703262,5,10,1
__import__.product_2709707,30,62,1
__import__.product_2709715,51,90,1
__import__.product_2709822,12,20,1
__import__.product_2710507,7,16,3
__import__.product_2710515,10,20,10
__import__.product_2710796,20,50,1
__import__.product_2710804,10,20,1
__import__.product_2710846,56,190,1
__import__.product_2712370,1,2,1
__import__.product_2713998,0,1,1
__import__.product_2716843,41,152,1
__import__.product_2716850,20,32,1
__import__.product_2717429,6,18,1
__import__.product_2717437,1,2,1
__import__.product_2717445,6,12,1
__import__.product_2718229,24,70,1
__import__.product_2718252,3,8,1
__import__.product_2719110,1,2,1
__import__.product_2720704,8,23,1
__import__.product_2720779,15,30,1
__import__.product_2725166,7,28,1
__import__.product_2725216,3,6,1
__import__.product_2725711,12,24,12
__import__.product_2726370,76,200,1
__import__.product_2727253,46,100,12
__import__.product_2727600,4,14,1
__import__.product_2727626,5,15,1
__import__.product_2729317,3,6,1
__import__.product_2730984,29,106,1
__import__.product_2732931,15,25,1
__import__.product_2732949,2,3,1
__import__.product_2732972,18,55,1
__import__.product_2732980,15,51,1
__import__.product_2733020,12,36,1
__import__.product_2735983,5,10,1
__import__.product_2736056,0,1,1
__import__.product_2736072,2,7,1
__import__.product_2736080,1,2,1
__import__.product_2736106,12,38,1
__import__.product_2736122,105,356,45
__import__.product_2736809,15,35,1
__import__.product_2737583,0,1,1
__import__.product_2737609,2,3,1
__import__.product_2737625,0,1,1
__import__.product_2737674,1,1,1
__import__.product_2737682,2,3,1
__import__.product_2737690,17,63,1
__import__.product_2738268,3,12,1
__import__.product_2739985,33,89,1
__import__.product_2744498,19,36,10
__import__.product_2744506,8,18,10
__import__.product_2745305,6,24,1
__import__.product_2746485,140,320,1
__import__.product_2746493,140,250,1
__import__.product_2746501,60,140,1
__import__.product_2747632,10,32,1
__import__.product_2747897,12,45,1
__import__.product_2749299,20,45,1
__import__.product_2751410,40,70,1
__import__.product_2755429,2,4,1
__import__.product_2756740,6,11,1
__import__.product_2756765,6,14,1
__import__.product_2756773,8,10,1
__import__.product_2761427,10,36,1
__import__.product_2761435,15,53,1
__import__.product_2764090,40,133,10
__import__.product_2764108,17,70,1
__import__.product_2764116,51,174,10
__import__.product_2764124,45,150,10
__import__.product_2766079,20,60,1
__import__.product_2768026,25,50,1
__import__.product_2768596,41,154,1
__import__.product_2768752,10,20,1
__import__.product_2769032,6,10,1
__import__.product_2769103,0,4,1
__import__.product_2769202,7,14,1
__import__.product_2769297,7,23,1
__import__.product_2769369,30,80,1
__import__.product_2769388,18,66,8
__import__.product_2769608,4,8,1
__import__.product_2770109,4,10,1
__import__.product_2770307,6,14,1
__import__.product_2783363,15,53,1
__import__.product_2786853,34,100,10
__import__.product_2788917,16,54,8
__import__.product_2788958,85,240,1
__import__.product_2788966,12,44,1
__import__.product_2788982,12,25,8
__import__.product_2789030,64,238,8
__import__.product_2789048,17,57,1
__import__.product_2792133,23,77,6
__import__.product_2792141,13,48,6
__import__.product_2794212,10,20,1
__import__.product_2797231,13,24,1
__import__.product_2797249,40,134,12
__import__.product_2799203,6,9,1
__import__.product_2811388,15,50,1
__import__.product_2811396,12,30,1
__import__.product_2811404,30,112,1
__import__.product_2811412,40,133,1
__import__.product_2811420,17,55,1
__import__.product_2811438,13,30,1
__import__.product_2814986,8,27,1
__import__.product_2815017,11,38,1
__import__.product_2815058,11,36,1
__import__.product_2816395,44,223,1
__import__.product_2816403,56,288,1
__import__.product_2816411,80,131,1
__import__.product_2816429,86,442,1
__import__.product_2816437,58,297,1
__import__.product_2816445,300,800,1
__import__.product_2816452,203,782,1
__import__.product_2823821,1,2,1
__import__.product_2828440,10,22,1
__import__.product_2829695,18,59,10
__import__.product_2829703,11,36,10
__import__.product_2829737,12,40,10
__import__.product_2829752,17,58,10
__import__.product_2833614,17,57,1
__import__.product_2833929,5,19,1
__import__.product_2836336,4,10,1
__import__.product_2836492,5,10,1
__import__.product_2837078,23,95,1
__import__.product_2837094,25,102,1
__import__.product_2837243,12,35,1
__import__.product_2837250,21,69,1
__import__.product_2837268,7,17,1
__import__.product_2837581,23,76,1
__import__.product_2838878,20,38,1
__import__.product_2838886,28,49,1
__import__.product_2848877,10,20,12
__import__.product_2849065,27,89,6
__import__.product_2849073,5,10,1
__import__.product_2849081,20,44,1
__import__.product_2849339,18,61,12
__import__.product_2849354,8,25,1
__import__.product_2849891,40,80,1
__import__.product_2851343,8,14,1
__import__.product_2853216,3,10,1
__import__.product_2853224,2,5,1
__import__.product_2853232,2,8,1
__import__.product_2853240,378,1557,10
__import__.product_2853257,6,18,8
__import__.product_2853265,8,15,4
__import__.product_2853273,6,18,6
__import__.product_2853299,31,104,1
__import__.product_2859122,10,20,1
__import__.product_2859346,6,15,1
__import__.product_2860179,8,20,12
__import__.product_2860187,4,8,6
__import__.product_2864163,30,50,10
__import__.product_2864189,30,60,10
__import__.product_2864239,8,16,1
__import__.product_2864262,28,94,1
__import__.product_2871564,70,150,1
__import__.product_2871572,30,80,24
__import__.product_2872505,15,49,6
__import__.product_2874352,1,2,1
__import__.product_2874832,18,65,1
__import__.product_2874840,2,7,1
__import__.product_2874857,14,52,1
__import__.product_2874865,4,13,1
__import__.product_2875250,30,55,1
__import__.product_2876050,24,48,6
__import__.product_2876068,9,29,12
__import__.product_2876076,5,16,12
__import__.product_2876597,8,31,1
__import__.product_2876605,20,66,1
__import__.product_2877678,30,69,1
__import__.product_2877702,4,8,1
__import__.product_2877710,17,36,1
__import__.product_2877751,12,25,1
__import__.product_2877769,3,7,1
__import__.product_2877777,13,26,1
__import__.product_2877793,5,9,4
__import__.product_2877819,58,135,1
__import__.product_2877827,20,45,1
__import__.product_2877835,33,77,1
__import__.product_2877843,3,8,1
__import__.product_2877850,14,29,1
__import__.product_2877868,6,12,1
__import__.product_2877876,5,12,1
__import__.product_2877892,11,22,1
__import__.product_2877900,2,11,1
__import__.product_2877918,3,7,1
__import__.product_2877926,5,12,1
__import__.product_2877934,9,22,6
__import__.product_2877942,12,24,6
__import__.product_2877967,3,7,1
__import__.product_2877975,0,3,1
__import__.product_2877983,12,24,1
__import__.product_2877991,6,12,1
__import__.product_2878007,12,16,1
__import__.product_2878015,2,10,1
__import__.product_2878023,0,8,1
__import__.product_2878031,5,9,1
__import__.product_2878718,5,11,1
__import__.product_2879526,27,100,1
__import__.product_2879534,47,125,1
__import__.product_2879542,27,100,1
__import__.product_2879559,31,115,1
__import__.product_2881548,14,35,1
__import__.product_2882173,4,10,1
__import__.product_2882199,7,16,1
__import__.product_2884922,30,100,1
__import__.product_2885481,30,60,1
__import__.product_2885499,10,20,1
__import__.product_2886877,21,50,5
__import__.product_2886885,6,18,1
__import__.product_2886943,250,450,1
__import__.product_2888980,45,184,1
__import__.product_2890184,400,900,6
__import__.product_2890192,94,318,6
__import__.product_2890200,500,1000,6
__import__.product_2890218,24,48,12
__import__.product_2892545,3,6,1
__import__.product_2892552,11,26,1
__import__.product_2900146,0,1,1
__import__.product_2900173,0,1,1
__import__.product_2901189,12,24,1
__import__.product_2901197,31,76,1
__import__.product_2901205,13,37,1
__import__.product_2904837,20,40,1
__import__.product_2907327,13,49,1
__import__.product_2907335,72,220,1
__import__.product_2908986,24,87,1
__import__.product_2909000,10,36,1
__import__.product_2909091,26,41,1
__import__.product_2909737,7,23,1
__import__.product_2910321,2,4,1
__import__.product_2910339,1,2,1
__import__.product_2912517,5,17,1
__import__.product_2912541,7,21,1
__import__.product_2913689,14,24,1
__import__.product_2914216,20,40,1
__import__.product_2915411,5,14,1
__import__.product_2915429,19,67,1
__import__.product_2915437,17,57,1
__import__.product_2915445,7,16,1
__import__.product_2917011,10,18,1
__import__.product_2917029,15,30,8
__import__.product_2917037,10,20,1
__import__.product_2917045,11,24,8
__import__.product_2917052,8,16,8
__import__.product_2919918,12,30,1
__import__.product_2920114,1,3,1
__import__.product_2920155,1,2,1
__import__.product_2920445,1,2,1
__import__.product_2923571,9,23,1
__import__.product_2923589,51,108,1
__import__.product_2923605,184,430,1
__import__.product_2923613,83,193,1
__import__.product_2923621,73,172,1
__import__.product_2923639,15,32,1
__import__.product_2923647,15,31,1
__import__.product_2923654,60,120,1
__import__.product_2923662,32,68,1
__import__.product_2923670,184,431,1
__import__.product_2923688,55,127,4
__import__.product_2923696,14,28,1
__import__.product_2923704,39,91,4
__import__.product_2923712,30,64,4
__import__.product_2923720,83,175,1
__import__.product_2923738,8,16,1
__import__.product_2923746,6,11,1
__import__.product_2923753,36,76,1
__import__.product_2923902,0,1,1
__import__.product_2924850,28,93,1
__import__.product_2924868,10,15,1
__import__.product_2924892,3,9,1
__import__.product_2924900,6,10,1
__import__.product_2924934,5,10,1
__import__.product_2926251,1,3,1
__import__.product_2926269,0,1,1
__import__.product_2927879,1,2,1
__import__.product_2929974,20,40,1
__import__.product_2930089,10,38,1
__import__.product_2931129,10,33,1
__import__.product_2931137,5,15,1
__import__.product_2931145,20,40,1
__import__.product_2931152,2,4,1
__import__.product_2932523,20,60,1
__import__.product_2932531,15,30,1
__import__.product_2932549,30,70,1
__import__.product_2932747,21,120,1
__import__.product_2932754,43,218,1
__import__.product_2932762,43,199,1
__import__.product_2933786,19,106,1
__import__.product_2933794,20,116,1
__import__.product_2934800,2,4,1
__import__.product_2935161,6,15,1
__import__.product_2935252,6,12,1
__import__.product_2935773,2,4,1
__import__.product_2936151,3,9,1
__import__.product_2936706,10,25,1
__import__.product_2936797,12,24,1
__import__.product_2941029,2,5,1
__import__.product_2941086,20,45,1
__import__.product_2941094,24,65,6
__import__.product_2943256,0,1,1
__import__.product_2943264,2,4,1
__import__.product_2945590,150,320,20
__import__.product_2945996,30,83,1
__import__.product_2947752,18,67,10
__import__.product_2947760,6,20,5
__import__.product_2947778,20,67,10
__import__.product_2947786,10,38,1
__import__.product_2948396,8,18,1
__import__.product_2948412,7,21,1
__import__.product_2949980,19,65,1
__import__.product_2951481,75,308,12
__import__.product_2951499,51,173,12
__import__.product_2951507,7,27,12
__import__.product_2951515,25,100,12
__import__.product_2951523,30,60,12
__import__.product_2951531,5,15,1
__import__.product_2951549,6,18,12
__import__.product_2951606,5,10,1
__import__.product_2954386,11,37,1
__import__.product_2954436,21,76,1
__import__.product_2954444,27,100,1
__import__.product_2954568,2,4,1
__import__.product_2954584,2,5,1
__import__.product_2954600,6,20,12
__import__.product_2956175,26,97,1
__import__.product_2956183,10,20,1
__import__.product_2956191,28,67,1
__import__.product_2956209,6,16,1
__import__.product_2957041,1,4,1
__import__.product_2959773,17,57,1
__import__.product_2959781,6,20,1
__import__.product_2960359,6,12,1
__import__.product_2960367,8,25,1
__import__.product_2960375,10,20,1
__import__.product_2961043,84,168,12
__import__.product_2962645,35,178,1
__import__.product_2963767,10,25,1
__import__.product_2963775,6,20,1
__import__.product_2963783,20,40,1
__import__.product_2963791,4,11,1
__import__.product_2965010,6,15,1
__import__.product_2966190,3,9,1
__import__.product_2966422,4,8,1
__import__.product_2967107,42,142,1
__import__.product_2967115,80,204,1
__import__.product_2968022,5,10,1
__import__.product_2970812,8,20,1
__import__.product_2970820,4,13,1
__import__.product_2970838,3,6,1
__import__.product_2970846,3,8,1
__import__.product_2970853,2,4,1
__import__.product_2972289,45,168,1
__import__.product_2972297,57,211,1
__import__.product_2972305,30,65,1
__import__.product_2975613,2,8,1
__import__.product_2975704,1,2,1
__import__.product_2976991,405,1373,1
__import__.product_2977130,2,4,1
__import__.product_2977304,10,20,1
__import__.product_2977312,2,3,1
__import__.product_2977627,1,2,1
__import__.product_2977668,2,4,1
__import__.product_2977742,3,5,1
__import__.product_2978179,20,40,1
__import__.product_2978187,12,43,1
__import__.product_2978872,1,3,1
__import__.product_2978989,4,8,1
__import__.product_2979003,3,7,1
__import__.product_2979730,3,4,1
__import__.product_2979755,30,60,1
__import__.product_2979854,1,2,1
__import__.product_2979870,3,7,1
__import__.product_2980159,50,120,1
__import__.product_2987691,16,40,10
__import__.product_2990679,3,8,1
__import__.product_2990687,10,20,1
__import__.product_2990695,2,5,1
__import__.product_2992808,13,32,1
__import__.product_2992816,2,5,1
__import__.product_2992824,12,24,1
__import__.product_2992832,10,20,1
__import__.product_2995033,2,4,1
__import__.product_2995140,0,1,1
__import__.product_2996767,1,3,1
__import__.product_2996775,2,4,1
__import__.product_2997674,10,20,1
__import__.product_3002813,12,50,1
__import__.product_3002821,11,37,1
__import__.product_3002847,98,364,12
__import__.product_3002912,6,22,1
__import__.product_3004090,47,110,1
__import__.product_3004116,10,14,1
__import__.product_3004132,130,303,1
__import__.product_3004140,60,120,4
__import__.product_3004413,30,60,4
__import__.product_3004421,6,12,4
__import__.product_3004447,12,36,1
__import__.product_3004488,7,15,1
__import__.product_3006042,3,6,10
__import__.product_3007036,20,40,1
__import__.product_3007945,6,12,1
__import__.product_3008455,10,20,1
__import__.product_3009974,5,17,1
__import__.product_3011293,3,9,1
__import__.product_3011301,1,2,1
__import__.product_3011327,1,2,1
__import__.product_3011335,1,2,1
__import__.product_3011350,2,3,1
__import__.product_3011566,12,24,1
__import__.product_3014313,38,57,1
__import__.product_3016003,6,12,1
__import__.product_3016177,2,4,1
__import__.product_3016516,9,29,1
__import__.product_3019163,8,33,1
__import__.product_3019833,15,25,1
__import__.product_3020666,2,4,1
__import__.product_3020674,3,6,1
__import__.product_3020682,1,3,1
__import__.product_3020880,2,4,1
__import__.product_3022182,31,105,1
__import__.product_3022613,3,6,1
__import__.product_3022621,3,11,1
__import__.product_3023140,10,20,1
__import__.product_3023157,10,28,1
__import__.product_3023546,15,30,1
__import__.product_3023553,10,20,8
__import__.product_3023561,2,8,1
__import__.product_3025848,97,360,12
__import__.product_3025855,51,190,12
__import__.product_3026036,20,50,1
__import__.product_3026044,5,10,1
__import__.product_3026051,2,4,1
__import__.product_3026069,1,2,1
__import__.product_3026168,22,40,1
__import__.product_3026762,5,10,1
__import__.product_3026770,10,20,1
__import__.product_3028149,20,60,1
__import__.product_3028289,50,93,1
__import__.product_3028297,11,30,1
__import__.product_3028305,13,33,1
__import__.product_3028313,8,21,1
__import__.product_3028321,5,10,1
__import__.product_3028339,7,17,1
__import__.product_3029378,20,49,1
__import__.product_3029725,4,5,1
__import__.product_3030269,15,37,1
__import__.product_3031895,5,10,1
__import__.product_3031978,4,12,1
__import__.product_3031986,24,48,1
__import__.product_3031994,7,21,1
__import__.product_3032877,42,90,1
__import__.product_3032885,24,72,1
__import__.product_3033115,79,266,1
__import__.product_3033123,121,452,1
__import__.product_3033768,32,118,1
__import__.product_3035231,3,6,1
__import__.product_3035232,1,2,1
__import__.product_3035938,56,230,1
__import__.product_3037751,1,2,1
__import__.product_3038791,3,8,1
__import__.product_3038825,15,40,1
__import__.product_3038841,30,78,1
__import__.product_3039740,10,21,1
__import__.product_3039971,12,24,1
__import__.product_3039989,6,12,1
__import__.product_3039997,5,8,1
__import__.product_3041282,20,63,1
__import__.product_3041803,30,70,1
__import__.product_3041811,27,101,1
__import__.product_3041829,20,65,1
__import__.product_3045119,23,84,1
__import__.product_3045507,2,4,1
__import__.product_3045523,2,4,1
__import__.product_3045549,1,2,1
__import__.product_3045564,1,3,1
__import__.product_3045572,0,1,1
__import__.product_3045580,2,4,1
__import__.product_3047271,3,8,1
__import__.product_3047289,15,30,1
__import__.product_3047305,8,27,1
__import__.product_3048675,6,12,1
__import__.product_3048683,3,6,1
__import__.product_3048691,5,10,1
__import__.product_3048741,144,420,1
__import__.product_3049848,2,3,1
__import__.product_3050499,3,6,1
__import__.product_3051257,3,9,1
__import__.product_3052115,10,20,1
__import__.product_3052362,6,18,1
__import__.product_3052370,8,14,1
__import__.product_3052388,10,32,1
__import__.product_3052685,6,12,1
__import__.product_3052693,2,6,1
__import__.product_3052990,11,44,1
__import__.product_3056852,3,6,10
__import__.product_3057171,36,48,1
__import__.product_3057213,10,18,1
__import__.product_3060126,1,4,1
__import__.product_3068954,2,3,1
__import__.product_3071669,0,1,1
__import__.product_3073582,4,11,1
__import__.product_3073590,6,14,1
__import__.product_3074226,15,30,1
__import__.product_3074234,10,35,1
__import__.product_3074242,20,50,1
__import__.product_3074440,20,65,1
__import__.product_3074465,4,12,1
__import__.product_3074473,2,6,1
__import__.product_3076601,36,72,1
__import__.product_3076619,24,63,5
__import__.product_3078755,12,32,1
__import__.product_3079662,2,5,1
__import__.product_3080058,10,20,1
__import__.product_3080066,10,20,1
__import__.product_3080264,10,20,1
__import__.product_3080272,2,4,1
__import__.product_3083763,10,30,1
__import__.product_3083789,20,50,1
__import__.product_3084092,51,110,10
__import__.product_3085313,4,8,1
__import__.product_3085321,2,7,1
__import__.product_3085339,3,7,1
__import__.product_3085628,25,55,1
__import__.product_3085859,15,30,1
__import__.product_3085867,3,6,1
__import__.product_3086121,50,90,1
__import__.product_3086139,40,70,1
__import__.product_3086147,120,300,1
__import__.product_3086501,6,12,1
__import__.product_3086519,3,6,1
__import__.product_3087301,20,50,1
__import__.product_3087319,3,4,1
__import__.product_3087327,280,400,1
__import__.product_3087335,100,180,1
__import__.product_3087343,40,100,1
__import__.product_3087350,7,12,1
__import__.product_3087368,30,60,1
__import__.product_3087376,5,10,1
__import__.product_3087384,100,210,1
__import__.product_3087392,10,20,1
__import__.product_3088952,5,10,1
__import__.product_3088960,3,6,1
__import__.product_3089067,41,168,6
__import__.product_3089075,20,40,6
__import__.product_3089083,34,140,6
__import__.product_3089091,26,105,6
__import__.product_3089109,12,24,6
__import__.product_3090297,7,11,1
__import__.product_3091048,40,134,1
__import__.product_3091576,20,30,1
__import__.product_3091584,20,30,1
__import__.product_3092178,10,20,1
__import__.product_3094307,11,37,1
__import__.product_3094752,6,16,1
__import__.product_3096355,1,2,10
__import__.product_3103801,20,82,1
__import__.product_3103819,200,500,1
__import__.product_3103827,39,131,1
__import__.product_3103835,200,400,1
__import__.product_3103843,150,300,1
__import__.product_3103850,200,350,1
__import__.product_3103868,50,100,1
__import__.product_3103876,100,200,1
__import__.product_3103884,200,460,1
__import__.product_3103892,150,400,1
__import__.product_3109634,10,20,1
__import__.product_3109642,5,10,1
__import__.product_3109659,5,10,1
__import__.product_3109907,10,20,1
__import__.product_3111622,48,96,1
__import__.product_3113198,3,7,1
__import__.product_3113404,100,200,10
__import__.product_3113412,400,1284,1
__import__.product_3113776,41,150,1
__import__.product_3115797,6,20,1
__import__.product_3115805,20,53,1
__import__.product_3116183,8,25,1
__import__.product_3116480,10,20,1
__import__.product_3116837,12,36,1
__import__.product_3120060,100,200,1
__import__.product_3120250,30,89,1
__import__.product_3122465,6,12,1
__import__.product_3123130,75,105,1
__import__.product_3123155,30,72,1
__import__.product_3123163,90,196,1
__import__.product_3123189,70,120,1
__import__.product_3123197,100,200,1
__import__.product_3123213,75,144,1
__import__.product_3126687,5,10,1
__import__.product_3126695,5,15,1
__import__.product_3126703,15,36,1
__import__.product_3127958,75,309,10
__import__.product_3129657,63,140,1
__import__.product_3129665,15,30,1
__import__.product_3129673,30,101,1
__import__.product_3129681,36,87,1
__import__.product_3129699,30,80,1
__import__.product_3129707,30,60,1
__import__.product_3129715,100,200,10
__import__.product_3129723,60,130,1
__import__.product_3130655,48,150,1
__import__.product_3130663,24,50,1
__import__.product_3131679,1,2,1
__import__.product_3133154,3,6,1
__import__.product_3133162,13,52,1
__import__.product_3133212,7,15,1
__import__.product_3134160,10,20,1
__import__.product_3134657,2,5,1
__import__.product_3138120,7,12,1
__import__.product_3142619,10,22,6
__import__.product_3142718,64,150,1
__import__.product_3142726,60,148,1
__import__.product_3145018,158,598,1
__import__.product_3145026,100,200,1
__import__.product_3145034,140,240,1
__import__.product_3145042,110,205,1
__import__.product_3145117,113,467,1
__import__.product_3145125,240,480,1
__import__.product_3146362,72,144,1
__import__.product_3150869,2,4,1
__import__.product_3152659,9,18,1
__import__.product_3152667,11,27,1
__import__.product_3154754,38,157,1
__import__.product_3156718,6,12,6
__import__.product_3156957,20,60,1
__import__.product_3157476,1,2,1
__import__.product_3157617,200,400,1
__import__.product_3157633,2,4,1
__import__.product_3159209,2,7,1
__import__.product_3159217,10,18,1
__import__.product_3162302,4,12,8
__import__.product_3162310,4,12,8
__import__.product_3162328,8,16,8
__import__.product_3162336,12,22,8
__import__.product_3162633,100,200,1
__import__.product_3164605,51,126,1
__import__.product_3166998,100,200,1
__import__.product_3168150,7,14,1
__import__.product_3169497,5,15,1
__import__.product_3169513,10,25,1
__import__.product_3169539,5,15,1
__import__.product_3169554,5,19,1
__import__.product_3169570,4,9,1
__import__.product_3175072,2,4,1
__import__.product_3179181,16,65,1
__import__.product_3179207,20,50,1
__import__.product_3187051,10,40,1
__import__.product_3187069,1,3,1
__import__.product_3187903,6,10,1
__import__.product_3191616,50,100,1
__import__.product_3198124,2,4,1
__import__.product_3198132,4,8,1
__import__.product_3203411,20,80,1
__import__.product_3204047,12,24,1
__import__.product_3204443,48,90,1
__import__.product_3204500,6,12,1
__import__.product_3204526,48,96,1
__import__.product_3204609,24,48,1
__import__.product_3204625,36,84,1
__import__.product_3204906,36,72,1
__import__.product_3205242,5,10,1
__import__.product_3205317,2,4,1
__import__.product_3206182,0,1,1
__import__.product_3213806,8,27,1
__import__.product_3215498,9,37,1
__import__.product_3216827,2,10,1
__import__.product_3220449,5,10,1
__import__.product_3224565,1,2,1
__import__.product_3228558,12,24,1
__import__.product_3228855,27,55,1
__import__.product_3233756,6,14,1
__import__.product_3233772,4,8,1
__import__.product_3233780,12,24,1
__import__.product_3237740,9,22,1
__import__.product_3237765,18,40,1
__import__.product_3240140,6,20,1
__import__.product_3245685,4,12,1
__import__.product_3247970,8,16,1
__import__.product_3247988,4,10,1
__import__.product_3248499,4,10,1
__import__.product_3254570,20,40,1
__import__.product_3254588,150,300,1
__import__.product_3256120,20,40,1
__import__.product_3256138,15,35,1
__import__.product_3256294,30,110,1
__import__.product_3256302,40,60,1
__import__.product_3265204,10,16,1
__import__.product_3265212,43,75,1
__import__.product_3265220,35,70,1
__import__.product_3265238,10,14,1
__import__.product_3265253,25,43,1
__import__.product_3265261,80,140,1
__import__.product_3265279,10,15,1
__import__.product_3265287,70,137,1
__import__.product_3265295,220,420,1
__import__.product_3265303,48,90,1
__import__.product_3265311,50,90,1
__import__.product_3265329,36,78,1
__import__.product_3265337,100,177,1
__import__.product_3265345,30,70,1
__import__.product_3265352,35,70,1
__import__.product_3265360,58,113,1
__import__.product_3265378,20,40,1
__import__.product_3265394,30,59,1
__import__.product_3265402,100,180,1
__import__.product_3265428,18,31,1
__import__.product_3265436,100,177,1
__import__.product_3265444,40,70,1
__import__.product_3265469,6,10,1
__import__.product_3265477,25,70,1
__import__.product_3265493,32,46,1
__import__.product_3265501,180,291,1
__import__.product_3265519,12,40,1
__import__.product_3265527,130,210,1
__import__.product_3265535,8,12,1
__import__.product_3265543,75,130,1
__import__.product_3265550,24,44,1
__import__.product_3265568,38,75,1
__import__.product_3265592,10,18,1
__import__.product_3265600,80,160,1
__import__.product_3265626,13,23,1
__import__.product_3265634,6,12,1
__import__.product_3265642,23,44,1
__import__.product_3265659,3,6,1
__import__.product_3265667,4,8,1
__import__.product_3265675,80,140,1
__import__.product_3265683,25,70,1
__import__.product_3265691,12,20,1
__import__.product_3265709,71,139,1
__import__.product_3265725,170,250,1
__import__.product_3265733,8,12,1
__import__.product_3265741,5,9,1
__import__.product_3265758,43,60,1
__import__.product_3265766,28,55,1
__import__.product_3265774,20,50,1
__import__.product_3265782,240,390,1
__import__.product_3265808,10,16,1
__import__.product_3265816,7,12,1
__import__.product_3265824,70,110,1
__import__.product_3267945,18,36,1
__import__.product_3267952,3,6,1
__import__.product_3268018,8,15,1
__import__.product_3268174,24,48,1
__import__.product_3268489,14,26,12
__import__.product_3269461,10,20,1
__import__.product_3271863,8,16,1
__import__.product_3272432,6,11,1
__import__.product_3272440,3,5,1
__import__.product_3272457,3,5,1
__import__.product_3272762,10,20,1
__import__.product_3272994,60,120,1
__import__.product_3273000,40,100,1
__import__.product_3274461,8,15,1
__import__.product_3274511,20,40,10
__import__.product_3274644,20,40,10
__import__.product_3276631,2,4,1
__import__.product_3276649,1,2,1
__import__.product_3276664,0,1,1
__import__.product_3276672,0,1,1
__import__.product_3277126,10,20,1
__import__.product_3277142,12,24,6
__import__.product_3277159,3,9,6
__import__.product_3277167,1,6,4
__import__.product_3277175,3,9,6
__import__.product_3277183,2,4,6
__import__.product_3277191,2,4,6
__import__.product_3280906,15,30,1
__import__.product_3280914,20,40,1
__import__.product_3280922,30,50,1
__import__.product_3280930,20,60,1
__import__.product_3280948,8,16,8
__import__.product_3281946,2,5,1
__import__.product_3282134,12,32,1
__import__.product_3282506,6,12,1
__import__.product_3287083,55,150,1
__import__.product_3287158,160,260,1
__import__.product_3287900,4,13,1
__import__.product_3288000,4,10,1
__import__.product_3289444,30,60,1
__import__.product_3289451,20,37,10
__import__.product_3289469,10,20,10
__import__.product_3289477,20,50,1
__import__.product_3289485,30,70,10
__import__.product_3294015,10,25,1
__import__.product_3294238,3,6,1
__import__.product_3294535,70,120,1
__import__.product_3296308,120,210,1
__import__.product_3296407,10,20,1
__import__.product_3296415,60,140,1
__import__.product_3296423,30,60,1
__import__.product_3296431,6,12,1
__import__.product_3297728,3,6,1
__import__.product_3297736,6,10,1
__import__.product_3297744,10,22,1
__import__.product_3305703,0,1,1
__import__.product_3308368,10,20,1
__import__.product_3308376,3,7,1
__import__.product_3308723,0,1,1
__import__.product_3308731,2,5,1
__import__.product_3308764,0,1,1
__import__.product_3309184,10,22,1
__import__.product_3309192,12,24,1
__import__.product_3309200,24,36,1
__import__.product_3315314,4,8,1
__import__.product_3315702,60,110,1
__import__.product_3315751,60,100,1
__import__.product_3315769,20,40,1
__import__.product_3315777,60,150,1
__import__.product_3315785,50,100,10
__import__.product_3315793,30,60,1
__import__.product_3317021,100,200,1
__import__.product_3317039,800,1200,1
__import__.product_3317047,100,200,1
__import__.product_3319324,2,5,1
__import__.product_3319332,6,12,1
__import__.product_3319357,1,2,1
__import__.product_3319860,6,10,1
__import__.product_3319878,2,4,1
__import__.product_3323797,8,16,1
__import__.product_3324647,0,2,1
__import__.product_3327384,12,24,1
__import__.product_3334778,60,100,1
__import__.product_3338951,24,60,1
__import__.product_3338969,72,120,1
__import__.product_3341849,20,36,1
__import__.product_3341864,14,24,1
__import__.product_3341872,140,240,1
__import__.product_3344363,10,20,1
__import__.product_3349503,6,10,1
__import__.product_3350113,14,26,1
__import__.product_3352457,15,30,1
__import__.product_3352960,2,4,1
__import__.product_3355815,4,8,6
__import__.product_3362068,48,57,1
__import__.product_3363017,10,20,1
__import__.product_3363025,10,20,1
__import__.product_3364338,10,15,1
__import__.product_3364346,20,50,1
__import__.product_3364353,10,20,1
__import__.product_3364361,15,40,1
__import__.product_3364395,40,80,10
__import__.product_3367612,1,2,1
__import__.product_3367620,10,20,1
__import__.product_3378924,24,36,12
__import__.product_3380425,6,12,1
__import__.product_3380433,6,12,1
__import__.product_3380441,3,6,1
__import__.product_3380458,6,12,1
__import__.product_3380466,6,12,1
__import__.product_3380474,6,12,1
__import__.product_3380482,6,12,1
__import__.product_3380490,6,12,1
__import__.product_3380508,6,12,1
__import__.product_3380516,3,6,1
__import__.product_3380524,6,12,1
__import__.product_3380532,6,12,1
__import__.product_3381266,2,20,1
__import__.product_3381274,10,18,1
__import__.product_3381282,0,1,1
__import__.product_3381290,10,20,1
__import__.product_3381308,1,2,1
__import__.product_3381332,3,5,1
__import__.product_3381340,5,10,1
__import__.product_3381829,100,200,1
__import__.product_3383767,30,60,1
__import__.product_3384005,20,45,25
__import__.product_3392149,8,14,3
__import__.product_3392156,6,14,1
__import__.product_3392743,3,6,1
__import__.product_3392750,50,80,1
__import__.product_3392768,24,48,8
__import__.product_3392776,2,4,1
__import__.product_3394269,5,8,1
__import__.product_3396751,5,12,36
__import__.product_3401825,30,70,1
__import__.product_3404076,40,70,4
__import__.product_3407400,20,32,1
__import__.product_3408382,15,30,1
__import__.product_3409943,3,5,1
__import__.product_3409950,3,6,1
__import__.product_3409968,18,36,1
__import__.product_3409976,2,4,1
__import__.product_3409984,2,4,1
__import__.product_3409992,1,4,1
__import__.product_3410008,1,2,1
__import__.product_3410156,10,20,40
__import__.product_3410180,70,150,10
__import__.product_3410198,30,60,10
__import__.product_3410206,50,120,10
__import__.product_3410214,100,210,10
__import__.product_3410222,60,120,10
__import__.product_3411212,24,48,4
__import__.product_3411238,10,20,1
__import__.product_3411824,6,12,1
__import__.product_3412871,12,24,1
__import__.product_3412889,20,40,1
__import__.product_3414620,40,70,10
__import__.product_3415759,3,6,1
__import__.product_3418688,60,120,1
__import__.product_3419520,4,8,1
__import__.product_3419546,6,12,24
__import__.product_3419561,12,24,1
__import__.product_3419728,5,10,1
__import__.product_3419736,10,20,1
__import__.product_3419744,2,5,1
__import__.product_3419751,10,20,1
__import__.product_3419769,6,12,1
__import__.product_3420452,20,50,1
__import__.product_3420460,10,22,1
__import__.product_3420478,12,24,1
__import__.product_3420486,6,12,1
__import__.product_3424371,50,100,1
__import__.product_3426970,6,12,1
__import__.product_3426988,10,22,12
__import__.product_3426996,12,24,12
__import__.product_3427002,3,6,6
__import__.product_3427309,24,48,1
__import__.product_3427317,25,50,5
__import__.product_3429065,1,2,1
__import__.product_3430238,20,40,1
__import__.product_3433869,70,150,1
__import__.product_3433893,50,100,1
__import__.product_3433901,60,120,1
__import__.product_3433927,60,120,1
__import__.product_3433935,40,80,1
__import__.product_3433943,10,20,1
__import__.product_3433968,100,200,1
__import__.product_3434453,4,10,72
__import__.product_3437639,6,12,1
__import__.product_3437647,6,12,1
__import__.product_3439460,3,5,12
__import__.product_3439619,6,12,1
__import__.product_3439635,10,20,1
__import__.product_3443181,6,12,1
__import__.product_3443199,6,12,1
__import__.product_3443207,20,40,1
__import__.product_3443215,30,60,1
__import__.product_3443223,20,40,1
__import__.product_3443231,15,35,1
__import__.product_3443249,12,24,1
__import__.product_3444288,60,120,1
__import__.product_3444296,20,40,1
__import__.product_3444304,20,30,1
__import__.product_3444312,10,20,1
__import__.product_3444395,240,440,1
__import__.product_3444759,10,20,1
__import__.product_3445186,12,24,1
__import__.product_3445848,6,12,24
__import__.product_3449121,30,70,30
__import__.product_3455390,2,4,1
__import__.product_3455394,4,6,1
__import__.product_3455395,2,4,1
__import__.product_3455862,6,12,1
__import__.product_3455870,6,12,1
__import__.product_3457199,4,10,8
__import__.product_3457934,27,99,6
__import__.product_3457942,18,24,1
__import__.product_3458536,2,5,1
__import__.product_3458551,3,6,1
__import__.product_3467123,1,2,1
__import__.product_3467131,3,5,1
__import__.product_3479110,10,20,1
__import__.product_3489598,100,200,1
__import__.product_3489606,10,20,1
__import__.product_3491453,20,48,1
__import__.product_3491743,24,36,1
__import__.product_3493657,24,60,1
__import__.product_3495033,10,20,1
__import__.product_3495041,5,15,1
__import__.product_3495157,14,30,1
__import__.product_3495249,2,6,1
__import__.product_3495520,20,40,6
__import__.product_3497609,12,28,12
__import__.product_3498987,3,6,1
__import__.product_3498995,2,3,1
__import__.product_3499001,4,8,1
__import__.product_3499019,10,20,1
__import__.product_3501228,1,3,1
__import__.product_3501244,1,2,1
__import__.product_3502606,3,6,1
__import__.product_3507415,4,6,2
__import__.product_3507456,0,1,1
__import__.product_3508181,60,84,1
__import__.product_3508223,10,20,1
__import__.product_3508363,40,80,6
__import__.product_3508371,20,40,1
__import__.product_3508389,4,8,1
__import__.product_3508397,10,20,1
__import__.product_3508405,4,8,1
__import__.product_3508413,5,10,1
__import__.product_3508421,3,5,1
__import__.product_3508439,5,10,1
__import__.product_3508447,2,4,1
__import__.product_3510518,3,6,1
__import__.product_3518651,6,12,1
__import__.product_3520400,20,40,1
__import__.product_3525000,7,15,1
__import__.product_3526700,6,10,1
__import__.product_3531900,9,26,1
__import__.product_3532200,3,7,1
__import__.product_3532400,2,5,1
__import__.product_3532500,2,6,1
__import__.product_3532600,1,5,1
__import__.product_3533585,10,20,1
__import__.product_3533593,12,24,1
__import__.product_3533601,12,24,1
__import__.product_3534567,24,36,10
__import__.product_3535580,5,9,1
__import__.product_3535598,2,4,1
__import__.product_3535846,10,20,1
__import__.product_3535853,10,15,1
__import__.product_3535861,6,10,1
__import__.product_3535879,6,8,1
__import__.product_3541380,0,1,1
__import__.product_3541695,12,36,1
__import__.product_3542883,40,50,1
__import__.product_3550100,10,24,1
__import__.product_3550431,10,20,1
__import__.product_3550449,12,36,1
__import__.product_3550456,20,40,1
__import__.product_3550464,6,12,1
__import__.product_3550472,60,120,1
__import__.product_3550480,3,6,1
__import__.product_3550498,12,24,1
__import__.product_3550506,36,60,1
__import__.product_3555000,30,85,1
__import__.product_3556400,8,18,1
__import__.product_3557500,3,8,1
__import__.product_3562154,6,12,1
__import__.product_3562162,6,12,1
__import__.product_3562402,4,8,1
__import__.product_3562410,2,8,4
__import__.product_3562824,20,30,3
__import__.product_3562832,6,10,4
__import__.product_3562840,30,60,1
__import__.product_3562857,15,25,3
__import__.product_3562865,4,8,4
__import__.product_3562873,12,18,1
__import__.product_3562881,15,27,3
__import__.product_3562899,27,60,1
__import__.product_3562907,6,10,4
__import__.product_3562915,27,60,3
__import__.product_3562923,8,16,4
__import__.product_3562931,25,55,1
__import__.product_3562949,20,30,3
__import__.product_3562956,8,16,4
__import__.product_3562964,35,65,1
__import__.product_3562972,20,55,3
__import__.product_3562980,7,10,1
__import__.product_3562998,20,45,3
__import__.product_3563004,4,10,1
__import__.product_3563012,15,30,4
__import__.product_3563020,24,50,3
__import__.product_3563038,20,45,4
__import__.product_3563046,50,80,3
__import__.product_3563053,12,24,4
__import__.product_3563061,12,30,4
__import__.product_3563079,27,50,3
__import__.product_3563087,6,12,4
__import__.product_3563095,27,54,3
__import__.product_3563103,2,4,4
__import__.product_3563111,10,30,4
__import__.product_3563129,15,40,3
__import__.product_3563137,2,5,4
__import__.product_3563145,25,45,4
__import__.product_3563152,27,54,3
__import__.product_3563160,20,40,4
__import__.product_3563178,50,80,3
__import__.product_3563186,12,18,3
__import__.product_3571478,20,40,1
__import__.product_3571635,50,100,1
__import__.product_3577061,4,6,1
__import__.product_3577095,1,2,1
__import__.product_3581949,50,100,1
__import__.product_3581956,100,200,1
__import__.product_3582277,24,40,1
__import__.product_3582582,12,24,12
__import__.product_3585825,10,20,1
__import__.product_3585833,10,20,1
__import__.product_3585841,16,35,1
__import__.product_3589769,12,24,12
__import__.product_3590072,1,2,1
__import__.product_3590080,1,3,1
__import__.product_3597267,15,35,1
__import__.product_3597309,150,300,10
__import__.product_3597770,50,100,10
__import__.product_3597788,300,500,10
__import__.product_3597804,30,70,10
__import__.product_3604204,40,60,1
__import__.product_3604212,5,25,1
__import__.product_3604220,15,30,1
__import__.product_3604238,10,20,1
__import__.product_3604246,10,20,1
__import__.product_3604247,20,30,1
__import__.product_3606720,2,4,1
__import__.product_3606852,6,10,1
__import__.product_3606860,6,10,1
__import__.product_3606878,2,4,1
__import__.product_3607686,10,20,1
__import__.product_3607694,50,80,16
__import__.product_3607702,30,50,1
__import__.product_3607710,60,120,1
__import__.product_3607728,60,100,16
__import__.product_3611449,10,20,1
__import__.product_3612512,20,30,1
__import__.product_3614765,48,96,12
__import__.product_3621075,3,6,10
__import__.product_3621166,12,22,1
__import__.product_3621174,10,20,1
__import__.product_3621182,6,10,1
__import__.product_3621190,6,10,1
__import__.product_3623659,1,2,1
__import__.product_3632668,50,100,1
__import__.product_3632676,3,12,1
__import__.product_3640695,120,240,6
__import__.product_3640943,96,144,6
__import__.product_3641677,12,24,1
__import__.product_3641867,6,10,1
__import__.product_3641875,6,10,1
__import__.product_3641883,6,10,1
__import__.product_3641909,6,12,1
__import__.product_3641982,12,24,1
__import__.product_3642907,24,48,1
__import__.product_3642915,12,24,1
__import__.product_3642923,60,100,10
__import__.product_3645181,36,60,8
__import__.product_3659406,6,12,6
__import__.product_3659414,6,12,6
__import__.product_3664232,10,20,1
__import__.product_3664471,2,4,1
__import__.product_3672342,2,4,1
__import__.product_3676178,100,200,48
__import__.product_3680485,5,10,8
__import__.product_3695756,10,18,6
__import__.product_4004100,60,120,1
__import__.product_4004110,40,60,1
__import__.product_4004120,60,120,1
__import__.product_4005026,34,75,1
__import__.product_4005901,35,90,1
__import__.product_4005902,67,149,1
__import__.product_4005921,14,35,1
__import__.product_4005922,47,104,1
__import__.product_4006021,12,24,1
__import__.product_4006022,55,136,1
__import__.product_4006024,250,547,1
__import__.product_4006025,128,316,1
__import__.product_4006104,80,150,1
__import__.product_4006111,7,18,1
__import__.product_4006112,16,36,1
__import__.product_4007021,20,32,1
__import__.product_4007022,63,154,1
__import__.product_4007024,225,507,1
__import__.product_4007025,67,166,1
__import__.product_4007104,70,155,1
__import__.product_4007121,0,12,1
__import__.product_4007122,14,26,1
__import__.product_4007221,13,20,1
__import__.product_4007222,24,53,1
__import__.product_4007223,79,205,1
__import__.product_4007224,23,59,1
__import__.product_4007225,28,62,1
__import__.product_4008021,32,79,1
__import__.product_4008024,104,258,1
__import__.product_4008025,43,105,1
__import__.product_4008026,8,20,1
__import__.product_4008031,14,30,1
__import__.product_4008034,44,109,1
__import__.product_4008036,21,50,1
__import__.product_4009011,20,48,1
__import__.product_4009014,39,95,1
__import__.product_4009015,22,49,1
__import__.product_4009016,5,12,1
__import__.product_4009031,15,37,1
__import__.product_4009034,30,90,1
__import__.product_4009036,6,13,1
__import__.product_4009052,12,30,1
__import__.product_4009053,29,70,1
__import__.product_4009091,14,32,1
__import__.product_4009094,38,83,1
__import__.product_4062182,600,1200,10
__import__.product_4064007,50,100,10
__import__.product_4064009,50,100,100
__import__.product_4097173,400,600,100
__import__.product_4110003,72,149,1
__import__.product_4110005,75,156,1
__import__.product_4116755,10,30,1
__import__.product_4120101,72,144,1
__import__.product_4120102,153,317,1
__import__.product_4120103,171,355,1
__import__.product_4120131,14,26,1
__import__.product_4120132,10,20,1
__import__.product_4120151,6,18,1
__import__.product_4120152,23,48,1
__import__.product_4120154,54,112,1
__import__.product_4120181,17,22,1
__import__.product_4120182,60,124,1
__import__.product_4120183,87,161,1
__import__.product_4130002,58,119,1
__import__.product_4130003,93,192,1
__import__.product_4140002,30,60,1
__import__.product_4140004,85,175,1
__import__.product_4140006,32,50,1
__import__.product_4140102,7,14,1
__import__.product_4140111,27,50,1
__import__.product_4140112,38,70,1
__import__.product_4140113,28,50,1
__import__.product_4150002,117,243,1
__import__.product_4150004,83,172,1
__import__.product_4150050,30,61,1
__import__.product_4150101,24,48,1
__import__.product_4150102,58,121,1
__import__.product_4150104,53,109,1
__import__.product_4150201,18,30,1
__import__.product_4150202,30,90,1
__import__.product_4150203,15,30,1
__import__.product_4160102,29,53,1
__import__.product_4160103,261,542,1
__import__.product_4160104,327,680,1
__import__.product_4160107,100,200,1
__import__.product_4160121,0,12,1
__import__.product_4160122,43,89,1
__import__.product_4160123,85,177,1
__import__.product_4160125,10,20,1
__import__.product_4160126,40,72,1
__import__.product_4170007,27,55,1
__import__.product_4170008,33,68,1
__import__.product_4175100,0,2,1
__import__.product_4180002,9,19,1
__import__.product_4180202,28,58,1
__import__.product_4180302,85,177,1
__import__.product_4180400,12,24,6
__import__.product_4180405,5,9,4
__import__.product_4200130,30,48,12
__import__.product_4200190,10,20,10
__import__.product_4210002,52,96,1
__import__.product_4210014,10,19,1
__import__.product_4210101,89,184,1
__import__.product_4210102,61,127,1
__import__.product_4210103,195,361,1
__import__.product_4210130,158,329,4
__import__.product_4210132,36,74,1
__import__.product_4210133,23,48,1
__import__.product_4212005,33,69,1
__import__.product_4212008,20,50,1
__import__.product_4212009,75,147,1
__import__.product_4213002,4,10,1
__import__.product_4213005,11,23,1
__import__.product_4213014,27,61,1
__import__.product_4214006,5,12,1
__import__.product_4214014,12,28,1
__import__.product_4215002,8,15,1
__import__.product_4215003,30,75,1
__import__.product_4215095,2,6,1
__import__.product_4217004,27,56,1
__import__.product_4217007,8,20,1
__import__.product_4218313,24,48,24
__import__.product_4218331,120,240,12
__import__.product_4218359,48,96,12
__import__.product_4219104,1,3,1
__import__.product_4220002,167,347,1
__import__.product_4220007,128,265,1
__import__.product_4220014,400,710,1
__import__.product_4220102,83,172,1
__import__.product_4220107,85,176,1
__import__.product_4220114,111,205,1
__import__.product_4220141,33,61,1
__import__.product_4220143,169,314,1
__import__.product_4220151,13,27,1
__import__.product_4220152,31,64,1
__import__.product_4220171,14,33,1
__import__.product_4220173,29,54,1
__import__.product_4220190,35,64,1
__import__.product_4220193,160,300,1
__import__.product_4230101,233,483,1
__import__.product_4230102,80,166,1
__import__.product_4230103,213,396,1
__import__.product_4230111,36,74,1
__import__.product_4230112,20,37,1
__import__.product_4230121,31,58,1
__import__.product_4230122,16,30,1
__import__.product_4230123,32,60,1
__import__.product_4230131,26,53,1
__import__.product_4230132,14,25,1
__import__.product_4230133,29,53,1
__import__.product_4241781,2,4,1
__import__.product_4241806,36,60,1
__import__.product_4250002,120,216,1
__import__.product_4250006,80,206,1
__import__.product_4250014,86,210,1
__import__.product_4250102,69,142,1
__import__.product_4250106,105,194,1
__import__.product_4250112,405,840,1
__import__.product_4250201,35,73,1
__import__.product_4250208,32,64,1
__import__.product_4260002,79,163,1
__import__.product_4260007,41,85,1
__import__.product_4260014,84,180,1
__import__.product_4260101,10,22,1
__import__.product_4260102,5,10,1
__import__.product_4260201,10,20,1
__import__.product_4260202,5,10,1
__import__.product_4263111,50,150,1
__import__.product_4270002,97,201,1
__import__.product_4270007,56,116,1
__import__.product_4270014,110,263,1
__import__.product_4270102,6,12,1
__import__.product_4270107,5,10,1
__import__.product_4270114,27,59,1
__import__.product_4270131,31,64,1
__import__.product_4270132,34,71,1
__import__.product_4270133,49,100,1
__import__.product_4270141,25,52,1
__import__.product_4270142,25,51,1
__import__.product_4270143,12,40,1
__import__.product_4280101,67,138,1
__import__.product_4280102,46,96,1
__import__.product_4280103,90,167,1
__import__.product_4290045,2,5,1
__import__.product_4290211,18,36,1
__import__.product_4290212,32,64,1
__import__.product_4290213,250,420,1
__import__.product_4290302,33,67,1
__import__.product_4301300,0,1,1
__import__.product_4321557,4,12,1
__import__.product_4327784,30,80,12
__import__.product_4327790,8,16,4
__import__.product_4341092,2,4,1
__import__.product_4344073,6,18,1
__import__.product_4344096,3,5,1
__import__.product_4367921,40,133,1
__import__.product_4373726,126,468,12
__import__.product_4379752,7,17,15
__import__.product_4388254,10,35,10
__import__.product_4391049,14,39,1
__import__.product_4391055,2,7,1
__import__.product_4427161,2,5,1
__import__.product_4447063,7,22,1
__import__.product_4447086,7,24,1
__import__.product_4447092,17,57,1
__import__.product_4449582,18,45,1
__import__.product_4449599,4,8,1
__import__.product_4456576,18,37,1
__import__.product_4459534,0,1,1
__import__.product_4461838,27,100,1
__import__.product_4461844,8,32,1
__import__.product_4469981,5,15,1
__import__.product_4483395,6,14,1
__import__.product_4483403,2,6,1
__import__.product_4484644,10,35,1
__import__.product_4484650,8,26,1
__import__.product_4484667,3,10,1
__import__.product_4494200,16,33,1
__import__.product_4500201,7,14,1
__import__.product_4500204,26,64,1
__import__.product_4500205,37,92,1
__import__.product_4500224,31,77,1
__import__.product_4500225,106,263,1
__import__.product_4500241,2,11,1
__import__.product_4500244,14,31,1
__import__.product_4500245,74,183,1
__import__.product_4500264,8,29,1
__import__.product_4500265,108,268,1
__import__.product_4500281,7,15,1
__import__.product_4500282,77,190,1
__import__.product_4500284,323,800,1
__import__.product_4500285,311,771,1
__import__.product_4500304,4,11,1
__import__.product_4500305,8,18,1
__import__.product_4500324,49,121,1
__import__.product_4500325,258,640,1
__import__.product_4500344,3,5,1
__import__.product_4500345,27,66,1
__import__.product_4500364,18,40,1
__import__.product_4500365,475,1176,1
__import__.product_4500381,25,62,1
__import__.product_4500382,41,101,1
__import__.product_4500383,38,85,1
__import__.product_4500402,17,42,1
__import__.product_4500404,48,118,1
__import__.product_4500405,26,64,1
__import__.product_4500424,13,29,1
__import__.product_4500425,28,62,1
__import__.product_4500445,60,133,1
__import__.product_4500461,7,18,1
__import__.product_4500462,29,71,1
__import__.product_4500464,34,83,1
__import__.product_4507747,19,39,1
__import__.product_4507799,1,3,1
__import__.product_4527891,3,9,1
__import__.product_4527916,15,35,1
__import__.product_4550242,1,50,50
__import__.product_4580922,4,7,1
__import__.product_4582737,7,22,1
__import__.product_4610244,3,5,1
__import__.product_4610250,3,5,1
__import__.product_4627460,0,1,1
__import__.product_4629901,24,60,1
__import__.product_4629976,6,10,1
__import__.product_4634434,1,2,1
__import__.product_4635244,2,3,1
__import__.product_4657500,0,2,10
__import__.product_4665120,0,2,1
__import__.product_4665512,25,85,1
__import__.product_4665759,12,24,1
__import__.product_4665791,10,20,10
__import__.product_4686098,12,36,1
__import__.product_4696760,6,13,1
__import__.product_4705138,1,2,1
__import__.product_4705139,1,2,1
__import__.product_4705140,1,2,1
__import__.product_4705141,1,2,1
__import__.product_4705142,1,2,1
__import__.product_4741294,2,4,1
__import__.product_4741437,6,12,1
__import__.product_4789711,4,13,1
__import__.product_4789823,12,28,1
__import__.product_4841239,24,48,1
__import__.product_4896708,2,5,1
__import__.product_4896714,0,1,1
__import__.product_4896861,3,6,1
__import__.product_4900001,70,130,4
__import__.product_4900003,53,117,4
__import__.product_4900004,72,178,4
__import__.product_4900402,200,387,4
__import__.product_4900403,38,82,4
__import__.product_4900450,63,117,1
__import__.product_4900501,66,136,4
__import__.product_4901407,30,60,1
__import__.product_4901408,700,1400,1
__import__.product_4901409,556,1201,1
__import__.product_4901603,229,475,4
__import__.product_4901604,61,113,1
__import__.product_4901607,8,15,1
__import__.product_4901703,300,478,4
__import__.product_4902404,373,804,1
__import__.product_4902602,163,337,4
__import__.product_4905435,9,20,1
__import__.product_4910036,8,16,1
__import__.product_4910041,59,122,1
__import__.product_4910045,64,140,1
__import__.product_4910046,30,70,1
__import__.product_4910047,20,40,1
__import__.product_4910100,50,130,1
__import__.product_4910101,16,32,1
__import__.product_4922543,19,40,1
__import__.product_4930040,19,35,1
__import__.product_4930043,92,190,1
__import__.product_4950043,7,12,1
__import__.product_4950051,16,28,1
__import__.product_4950052,8,14,1
__import__.product_4952070,50,110,1
__import__.product_4960043,19,38,1
__import__.product_4970037,30,60,1
__import__.product_4970038,11,23,1
__import__.product_4970041,41,85,1
__import__.product_4970044,44,82,1
__import__.product_4970045,12,24,1
__import__.product_4980040,32,67,1
__import__.product_4980044,20,35,1
__import__.product_4990043,87,161,1
__import__.product_4990900,20,30,7
__import__.product_4990950,20,40,7
__import__.product_4990951,8,15,7
__import__.product_4990952,6,14,7
__import__.product_4990953,3,17,7
__import__.product_5000002,12,18,4
__import__.product_5000003,24,36,12
__import__.product_5000004,6,9,6
__import__.product_5000031,6,9,1
__import__.product_5000032,2,9,1
__import__.product_5000035,0,1,12
__import__.product_5000115,0,1,1
__import__.product_5000142,0,1,1
__import__.product_5000190,2,12,1
__import__.product_5000191,1,11,1
__import__.product_5000717,1,2,1
__import__.product_5000825,0,1,1
__import__.product_5000830,0,1,1
__import__.product_5000831,0,1,1
__import__.product_5000834,0,1,1
__import__.product_5000838,0,1,1
__import__.product_5000839,0,1,1
__import__.product_5001001,0,1,1
__import__.product_5001003,0,1,1
__import__.product_5001010,3,6,1
__import__.product_5001035,5,10,1
__import__.product_5001036,5,10,1
__import__.product_5001037,5,10,1
__import__.product_5001038,5,10,1
__import__.product_5001067,30,60,1
__import__.product_5001075,0,1,1
__import__.product_5001076,0,1,1
__import__.product_5001123,60,120,1
__import__.product_5001304,4,24,1
__import__.product_5001621,4,8,1
__import__.product_5001919,33,44,50
__import__.product_5002015,0,2,1
__import__.product_5002016,1,2,1
__import__.product_5002122,2,4,15
__import__.product_5002123,25,50,1
__import__.product_5002525,2,3,4
__import__.product_5002526,0,1,1
__import__.product_5002534,200,400,1
__import__.product_5003061,10,15,1
__import__.product_5003580,2,15,1
__import__.product_5003590,5,15,1
__import__.product_5005100,2,4,1
__import__.product_5006043,2,4,10
__import__.product_5006110,2,4,1
__import__.product_5006220,0,1,1
__import__.product_5007377,72,144,24
__import__.product_5008115,0,1,1
__import__.product_5008430,3,6,1
__import__.product_5008455,2,4,1
__import__.product_5009330,0,1,1
__import__.product_5010001,1,2,1
__import__.product_5010002,1,2,1
__import__.product_5010003,0,1,1
__import__.product_5010004,0,1,1
__import__.product_5010005,1,2,1
__import__.product_5010006,0,1,1
__import__.product_5010021,0,1,1
__import__.product_5010022,0,1,1
__import__.product_5010030,1,2,1
__import__.product_5010031,1,2,1
__import__.product_5010032,1,2,1
__import__.product_5010040,0,1,1
__import__.product_5010041,0,1,1
__import__.product_5010045,0,1,1
__import__.product_5010048,2,4,1
__import__.product_5010049,0,1,1
__import__.product_5010102,2,4,1
__import__.product_5010103,1,2,1
__import__.product_5010165,10,20,1
__import__.product_5010169,10,20,1
__import__.product_5010200,55,110,18
__import__.product_5010211,15,30,80
__import__.product_5010218,8,41,1
__import__.product_5010219,0,12,12
__import__.product_5010281,5,10,10
__import__.product_5010282,3,6,1
__import__.product_5010603,2,12,1
__import__.product_5010683,20,40,1
__import__.product_5010685,4,8,10
__import__.product_5011302,10,20,1
__import__.product_5011732,10,20,10
__import__.product_5011734,20,40,10
__import__.product_5011736,5,10,1
__import__.product_5011801,2,5,1
__import__.product_5011803,0,1,1
__import__.product_5011838,2,5,1
__import__.product_5011840,0,2,1
__import__.product_5012450,0,1,1
__import__.product_5012510,0,2,1
__import__.product_5012515,0,2,1
__import__.product_5013017,0,1,1
__import__.product_5014424,12,24,1
__import__.product_5014443,6,36,1
__import__.product_5014444,5,36,1
__import__.product_5014729,0,1,1
__import__.product_5015004,0,1,1
__import__.product_5015019,1,10,1
__import__.product_5016130,0,2,1
__import__.product_5016336,0,2,1
__import__.product_5017452,1,2,2
__import__.product_5017682,2,4,1
__import__.product_5017696,0,1,1
__import__.product_5017920,2,4,10
__import__.product_5017935,2,12,10
__import__.product_5017945,1,10,10
__import__.product_5017950,10,20,1
__import__.product_5017955,2,10,10
__import__.product_5017960,1,10,10
__import__.product_5017965,5,15,1
__import__.product_5017970,1,10,10
__import__.product_5017975,1,10,10
__import__.product_5017980,1,10,10
__import__.product_5017985,10,20,10
__import__.product_5017990,10,20,10
__import__.product_5018869,2,10,1
__import__.product_5018870,2,10,1
__import__.product_5020000,150,250,25
__import__.product_5020015,0,1,1
__import__.product_5020021,4,8,1
__import__.product_5020478,0,1,1
__import__.product_5020691,2,4,1
__import__.product_5020865,2,4,1
__import__.product_5020939,10,20,1
__import__.product_5020949,10,20,1
__import__.product_5021015,1,2,1
__import__.product_5021016,1,2,1
__import__.product_5021023,2,4,1
__import__.product_5021024,2,4,1
__import__.product_5021025,2,4,1
__import__.product_5021217,2,5,1
__import__.product_5021219,1,2,1
__import__.product_5021232,2,5,1
__import__.product_5021237,1,5,1
__import__.product_5021420,2,6,1
__import__.product_5021516,1,2,1
__import__.product_5021519,3,6,1
__import__.product_5021520,2,4,1
__import__.product_5021524,3,6,1
__import__.product_5023094,0,1,20
__import__.product_5023315,1,2,12
__import__.product_5023326,1,12,1
__import__.product_5023698,1,12,1
__import__.product_5024353,0,1,1
__import__.product_5024797,0,1,1
__import__.product_5025100,5,35,30
__import__.product_5025118,3,6,1
__import__.product_5025294,1,2,1
__import__.product_5025320,0,1,1
__import__.product_5025329,0,2,1
__import__.product_5025526,2,4,1
__import__.product_5026627,2,4,1
__import__.product_5027050,1,2,1
__import__.product_5027101,4,6,12
__import__.product_5027103,1,2,12
__import__.product_5027525,0,10,1
__import__.product_5027815,2,4,1
__import__.product_5027953,0,1,1
__import__.product_5027956,0,1,1
__import__.product_5029015,12,24,1
__import__.product_5029016,0,2,1
__import__.product_5030000,0,1,1
__import__.product_5030600,2,15,1
__import__.product_5031006,4,8,1
__import__.product_5031117,22,45,1
__import__.product_5031200,3,6,1
__import__.product_5031270,1,2,1
__import__.product_5031421,10,20,50
__import__.product_5031940,0,1,1
__import__.product_5032400,10,30,1
__import__.product_5032419,1,4,4
__import__.product_5032421,0,1,4
__import__.product_5033095,5,10,10
__import__.product_5035037,50,150,40
__import__.product_5035230,2,6,6
__import__.product_5036001,2,4,1
__import__.product_5036007,0,1,1
__import__.product_5036024,1,2,1
__import__.product_5036613,3,6,1
__import__.product_5036989,4,15,1
__import__.product_5038005,2,4,1
__import__.product_5038041,3,6,12
__import__.product_5038042,4,6,1
__import__.product_5038045,0,6,1
__import__.product_5038052,1,3,1
__import__.product_5038752,0,1,10
__import__.product_5039000,10,10,1
__import__.product_5039008,2,4,1
__import__.product_5039009,5,10,1
__import__.product_5039010,5,10,1
__import__.product_5039012,50,100,1
__import__.product_5039022,3,6,1
__import__.product_5039023,5,5,1
__import__.product_5039032,10,13,1
__import__.product_5039033,10,20,1
__import__.product_5039704,0,1,1
__import__.product_5039810,2,4,1
__import__.product_5040035,2,4,1
__import__.product_5040093,3,6,12
__import__.product_5040095,2,4,18
__import__.product_5040098,3,6,12
__import__.product_5040299,1,2,1
__import__.product_5042051,100,200,50
__import__.product_5042200,4,24,1
__import__.product_5042501,3,9,1
__import__.product_5042502,10,20,1
__import__.product_5042503,2,4,1
__import__.product_5042504,5,15,1
__import__.product_5042505,21,63,1
__import__.product_5042506,25,74,1
__import__.product_5042507,2,5,1
__import__.product_5042508,2,5,1
__import__.product_5042509,10,20,1
__import__.product_5042512,1,2,1
__import__.product_5042513,1,2,1
__import__.product_5042528,1,2,1
__import__.product_5042532,2,7,1
__import__.product_5042533,5,10,1
__import__.product_5042535,2,5,1
__import__.product_5042541,5,10,1
__import__.product_5042803,1,2,1
__import__.product_5043278,50,100,50
__import__.product_5043280,75,100,50
__import__.product_5043282,33,44,50
__import__.product_5043542,0,1,1
__import__.product_5043550,300,600,50
__import__.product_5043552,300,600,50
__import__.product_5043554,112,150,50
__import__.product_5043556,255,340,50
__import__.product_5043800,100,200,1
__import__.product_5043801,100,200,1
__import__.product_5043955,5,10,10
__import__.product_5043961,0,1,1
__import__.product_5044142,27,50,1
__import__.product_5044143,5,10,1
__import__.product_5044144,1,2,1
__import__.product_5044770,0,1,1
__import__.product_5044792,12,24,3
__import__.product_5044876,1,2,1
__import__.product_5045147,1,2,1
__import__.product_5045148,2,7,1
__import__.product_5045149,0,1,1
__import__.product_5046543,0,1,1
__import__.product_5047500,12,24,1
__import__.product_5049207,2,4,1
__import__.product_5049212,0,1,3
__import__.product_5049440,12,24,4
__import__.product_5050000,100,200,20
__import__.product_5050100,0,1,1
__import__.product_5050197,1,2,1
__import__.product_5051041,5,10,1
__import__.product_5051470,5,10,1
__import__.product_5051630,2,5,1
__import__.product_5052031,10,20,1
__import__.product_5052032,50,100,12
__import__.product_5052033,1,2,10
__import__.product_5052035,0,1,1
__import__.product_5052036,0,1,1
__import__.product_5054025,1,2,1
__import__.product_5054055,12,24,1
__import__.product_5055127,6,10,1
__import__.product_5055143,20,220,200
__import__.product_5056374,4,8,36
__import__.product_5056713,1,10,10
__import__.product_5058113,180,360,36
__import__.product_5058952,3,6,1
__import__.product_5060109,2,5,1
__import__.product_5060115,0,1,1
__import__.product_5061005,10,20,1
__import__.product_5061305,10,20,1
__import__.product_5062016,1,2,1
__import__.product_5063283,1,2,1
__import__.product_5063962,0,1,1
__import__.product_5063963,0,1,3
__import__.product_5064464,24,50,1
__import__.product_5064465,10,20,1
__import__.product_5064715,1,2,1
__import__.product_5065361,60,100,1
__import__.product_5065717,1,2,1
__import__.product_5065833,2,3,1
__import__.product_5066943,2,3,1
__import__.product_5068577,1,5,1
__import__.product_5070003,8,12,1
__import__.product_5070403,2,4,1
__import__.product_5072999,12,24,1
__import__.product_5074091,6,20,1
__import__.product_5074564,60,120,1
__import__.product_5076650,15,30,1
__import__.product_5076651,0,1,1
__import__.product_5077046,0,1,1
__import__.product_5078032,0,1,3
__import__.product_5080002,27,49,1
__import__.product_5080025,12,48,20
__import__.product_5080026,30,60,20
__import__.product_5080027,20,60,20
__import__.product_5080028,20,40,10
__import__.product_5080030,5,10,10
__import__.product_5080102,2,4,4
__import__.product_5080342,20,48,1
__import__.product_5080401,0,1,12
__import__.product_5080402,0,1,4
__import__.product_5080403,9,18,12
__import__.product_5080404,6,12,4
__import__.product_5080411,24,48,12
__import__.product_5080422,6,12,12
__import__.product_5080461,0,1,12
__import__.product_5082203,0,1,1
__import__.product_5082204,0,1,1
__import__.product_5086889,0,1,1
__import__.product_5087101,100,200,1
__import__.product_5087312,0,1,1
__import__.product_5087328,0,1,1
__import__.product_5090313,20,40,1
__import__.product_5090321,40,70,1
__import__.product_5090339,240,440,1
__import__.product_5090354,12,24,1
__import__.product_5090362,25,40,1
__import__.product_5091155,4,6,1
__import__.product_5091156,1,2,1
__import__.product_5091157,1,2,1
__import__.product_5091158,0,1,1
__import__.product_5091916,0,1,1
__import__.product_5100010,100,200,12
__import__.product_5100105,0,1,1
__import__.product_5100311,0,2,1
__import__.product_5100533,1,2,1
__import__.product_5100765,0,75,75
__import__.product_5100920,0,1,1
__import__.product_5100921,1,2,1
__import__.product_5101002,0,1,1
__import__.product_5101004,0,1,1
__import__.product_5101250,2,4,1
__import__.product_5101519,0,1,1
__import__.product_5101624,200,400,100
__import__.product_5102120,2,3,1
__import__.product_5102121,2,3,1
__import__.product_5102122,1,3,1
__import__.product_5104005,0,1,1
__import__.product_5104012,0,1,1
__import__.product_5104013,0,1,1
__import__.product_5104016,0,1,10
__import__.product_5105101,0,1,1
__import__.product_5105300,1,2,1
__import__.product_5105620,1,3,1
__import__.product_5105622,0,1,1
__import__.product_5105624,0,1,1
__import__.product_5105627,0,1,1
__import__.product_5105630,0,1,1
__import__.product_5105803,0,1,1
__import__.product_5105809,0,1,1
__import__.product_5105829,0,1,1
__import__.product_5105835,0,1,1
__import__.product_5105839,0,1,1
__import__.product_5106110,1,2,1
__import__.product_5106307,0,1,1
__import__.product_5106335,0,1,1
__import__.product_5107140,0,1,36
__import__.product_5107142,5,10,32
__import__.product_5107144,0,1,24
__import__.product_5107146,0,1,15
__import__.product_5107148,1,2,16
__import__.product_5110004,10,20,1
__import__.product_5110008,5,10,1
__import__.product_5110009,14,55,1
__import__.product_5110011,12,31,1
__import__.product_5110012,3,6,1
__import__.product_5110014,38,142,10
__import__.product_5110018,15,27,1
__import__.product_5110019,6,24,1
__import__.product_5110021,30,150,10
__import__.product_5110036,100,200,1
__import__.product_5110200,4,10,1
__import__.product_5110205,6,12,1
__import__.product_5110210,3,6,1
__import__.product_5111330,3,5,1
__import__.product_5112395,3,5,1
__import__.product_5112480,10,20,10
__import__.product_5113153,2,4,1
__import__.product_5113156,1,2,1
__import__.product_5113884,0,1,1
__import__.product_5115515,0,1,1
__import__.product_5115820,100,250,1
__import__.product_5116116,1,2,1
__import__.product_5118510,50,150,50
__import__.product_5118515,0,20,10
__import__.product_5118517,0,1,10
__import__.product_5119091,12,24,12
__import__.product_5120017,4,12,1
__import__.product_5120020,11,38,1
__import__.product_5120021,2,4,1
__import__.product_5120024,0,1,1
__import__.product_5120420,2,4,1
__import__.product_5120572,100,220,1
__import__.product_5121218,0,1,1
__import__.product_5121330,1,2,1
__import__.product_5121825,5,15,10
__import__.product_5123124,30,60,1
__import__.product_5123315,1,2,1
__import__.product_5123316,2,4,1
__import__.product_5123320,1,2,1
__import__.product_5123456,2,10,10
__import__.product_5124590,2,5,1
__import__.product_5124610,2,3,1
__import__.product_5130024,2,4,1
__import__.product_5130259,10,20,5
__import__.product_5131300,6,12,20
__import__.product_5131305,4,6,1
__import__.product_5131315,2,3,1
__import__.product_5131325,10,20,1
__import__.product_5131415,2,3,1
__import__.product_5132105,10,20,1
__import__.product_5132107,16,32,16
__import__.product_5132110,20,40,1
__import__.product_5132115,1,3,1
__import__.product_5132120,1,2,1
__import__.product_5132322,10,30,12
__import__.product_5134019,0,1,1
__import__.product_5140046,0,1,1
__import__.product_5140350,28,95,1
__import__.product_5140397,0,36,36
__import__.product_5140416,13,26,36
__import__.product_5140452,72,108,36
__import__.product_5140453,120,286,36
__import__.product_5140519,18,36,36
__import__.product_5140541,0,5,5
__import__.product_5140709,10,20,1
__import__.product_5140909,8,10,6
__import__.product_5140912,6,8,6
__import__.product_5141398,36,72,36
__import__.product_5141775,10,20,1
__import__.product_5141850,3,6,1
__import__.product_5142035,8,12,1
__import__.product_5142434,4,40,36
__import__.product_5142504,6,12,1
__import__.product_5142505,6,12,1
__import__.product_5142506,6,12,1
__import__.product_5142507,6,12,1
__import__.product_5142508,6,12,1
__import__.product_5142509,6,12,1
__import__.product_5142511,6,12,1
__import__.product_5142512,6,12,1
__import__.product_5142514,6,12,1
__import__.product_5142515,6,12,1
__import__.product_5142516,6,12,1
__import__.product_5142517,3,6,1
__import__.product_5142518,6,12,1
__import__.product_5142519,1,2,1
__import__.product_5143170,36,72,36
__import__.product_5145217,7,14,1
__import__.product_5145281,6,12,1
__import__.product_5145370,14,24,1
__import__.product_5147660,0,1,1
__import__.product_5147670,1,2,1
__import__.product_5147750,0,1,20
__import__.product_5147764,0,1,20
__import__.product_5148502,3,6,50
__import__.product_5150001,40,40,100
__import__.product_5150002,3,3,100
__import__.product_5150003,10,10,100
__import__.product_5150004,2,4,1
__import__.product_5150005,5,5,1
__import__.product_5150909,1,8,7
__import__.product_5152600,1,2,1
__import__.product_5152601,1,2,1
__import__.product_5155804,0,1,25
__import__.product_5156060,0,1,1
__import__.product_5156508,0,1,1
__import__.product_5156510,2,4,1
__import__.product_5156512,4,6,1
__import__.product_5156513,6,12,1
__import__.product_5156516,0,1,1
__import__.product_5157000,20,40,10
__import__.product_5157001,20,60,60
__import__.product_5157002,10,30,10
__import__.product_5157395,5,10,12
__import__.product_5157397,1,2,12
__import__.product_5157398,0,2,12
__import__.product_5157696,2,4,1
__import__.product_5157764,5,10,1
__import__.product_5157766,10,20,1
__import__.product_5159400,70,240,40
__import__.product_5159403,30,90,1
__import__.product_5160208,0,1,1
__import__.product_5160209,2,4,1
__import__.product_5160743,2,4,1
__import__.product_5161300,4,8,1
__import__.product_5161310,4,8,1
__import__.product_5161401,1,2,1
__import__.product_5161411,1,2,1
__import__.product_5161500,3,5,1
__import__.product_5161510,1,2,1
__import__.product_5161600,1,3,1
__import__.product_5161700,0,1,1
__import__.product_5161900,2,4,1
__import__.product_5163100,2,4,1
__import__.product_5163110,0,1,1
__import__.product_5163200,6,12,1
__import__.product_5163210,0,1,1
__import__.product_5163400,0,1,1
__import__.product_5163410,0,1,1
__import__.product_5163500,2,4,1
__import__.product_5163501,2,4,1
__import__.product_5164259,1,2,20
__import__.product_5164500,6,12,1
__import__.product_5164501,15,44,1
__import__.product_5164502,30,98,1
__import__.product_5164503,20,65,1
__import__.product_5164504,11,35,1
__import__.product_5164505,15,43,1
__import__.product_5164507,5,13,1
__import__.product_5164508,6,14,1
__import__.product_5164509,21,67,1
__import__.product_5164510,16,51,1
__import__.product_5164511,6,12,1
__import__.product_5164512,3,7,1
__import__.product_5164513,6,17,1
__import__.product_5164514,37,120,1
__import__.product_5164515,18,52,1
__import__.product_5164516,13,42,1
__import__.product_5164517,6,18,1
__import__.product_5164518,11,31,1
__import__.product_5164519,8,27,1
__import__.product_5164520,4,14,1
__import__.product_5164521,2,6,1
__import__.product_5164523,1,2,1
__import__.product_5164524,4,13,1
__import__.product_5164529,6,13,1
__import__.product_5164530,2,7,1
__import__.product_5164531,8,15,1
__import__.product_5164532,6,17,1
__import__.product_5164533,4,10,1
__import__.product_5164534,8,22,1
__import__.product_5164535,33,97,1
__import__.product_5164536,6,18,1
__import__.product_5164537,4,10,1
__import__.product_5164538,7,19,1
__import__.product_5164539,2,6,1
__import__.product_5164540,4,13,1
__import__.product_5164541,54,177,1
__import__.product_5164542,4,13,1
__import__.product_5164543,4,12,1
__import__.product_5164544,8,24,1
__import__.product_5164545,3,8,1
__import__.product_5164546,5,15,1
__import__.product_5164547,3,7,1
__import__.product_5164548,2,5,1
__import__.product_5164549,6,18,1
__import__.product_5164550,4,12,1
__import__.product_5164551,1,3,1
__import__.product_5164554,6,16,1
__import__.product_5164558,2,4,1
__import__.product_5164559,2,4,1
__import__.product_5164560,3,6,1
__import__.product_5164561,8,14,1
__import__.product_5164562,8,12,1
__import__.product_5165001,0,1,1
__import__.product_5165011,2,5,20
__import__.product_5165012,0,5,20
__import__.product_5165352,6,14,1
__import__.product_5166000,1,2,1
__import__.product_5166100,1,2,1
__import__.product_5166110,4,8,1
__import__.product_5168070,0,1,1
__import__.product_5169596,2,5,1
__import__.product_5169900,30,60,1
__import__.product_5169901,6,14,1
__import__.product_5170000,200,413,10
__import__.product_5170002,10,20,1
__import__.product_5170003,10,20,1
__import__.product_5170004,60,120,1
__import__.product_5170005,10,20,1
__import__.product_5170045,0,1,1
__import__.product_5170100,0,1,6
__import__.product_5170107,0,1,1
__import__.product_5170109,4,8,4
__import__.product_5170215,2,5,1
__import__.product_5170275,6,8,1
__import__.product_5171004,2,5,1
__import__.product_5171549,2,3,1
__import__.product_5171566,12,24,1
__import__.product_5171894,0,6,6
__import__.product_5171995,1,2,1
__import__.product_5171996,1,2,1
__import__.product_5172061,0,2,1
__import__.product_5172069,2,4,1
__import__.product_5174500,0,5,1
__import__.product_5175144,0,1,1
__import__.product_5180037,0,2,1
__import__.product_5180324,15,30,10
__import__.product_5180375,0,1,1
__import__.product_5183105,2,4,1
__import__.product_5184004,50,600,1
__import__.product_5184006,2400,4800,1
__import__.product_5184008,100,200,90
__import__.product_5184102,80,160,105
__import__.product_5188599,4,8,1
__import__.product_5188607,1,2,1
__import__.product_5190400,32,60,1
__import__.product_5190401,4,7,1
__import__.product_5190750,0,4,1
__import__.product_5191052,5,10,1
__import__.product_5192005,18,36,1
__import__.product_5192006,3,8,1
__import__.product_5192007,7,15,1
__import__.product_5192010,11,27,1
__import__.product_5192011,0,6,1
__import__.product_5192013,4,12,1
__import__.product_5192014,3,6,1
__import__.product_5192016,4,14,1
__import__.product_5192020,12,28,1
__import__.product_5192022,12,20,1
__import__.product_5192023,4,8,1
__import__.product_5192025,30,60,1
__import__.product_5192027,1,3,1
__import__.product_5192031,2,3,1
__import__.product_5192032,5,12,1
__import__.product_5192033,30,60,1
__import__.product_5192034,3,6,1
__import__.product_5192035,0,1,1
__import__.product_5192036,0,1,1
__import__.product_5192037,0,1,1
__import__.product_5192038,0,1,1
__import__.product_5192040,0,1,1
__import__.product_5192041,0,1,1
__import__.product_5192042,0,1,1
__import__.product_5192043,0,1,1
__import__.product_5192044,0,1,1
__import__.product_5192045,1,4,4
__import__.product_5192046,2,6,4
__import__.product_5192047,2,6,1
__import__.product_5192049,5,10,1
__import__.product_5192144,1,4,4
__import__.product_5192162,7,15,1
__import__.product_5192164,24,48,1
__import__.product_5192219,2,7,6
__import__.product_5192262,0,1,1
__import__.product_5192703,1,2,1
__import__.product_5192710,0,4,1
__import__.product_5192721,2,6,1
__import__.product_5192723,4,7,4
__import__.product_5192727,1,2,1
__import__.product_5192741,0,4,1
__import__.product_5192761,2,6,1
__import__.product_5192763,1,4,4
__import__.product_5192777,60,120,6
__import__.product_5193000,50,80,1
__import__.product_5194000,50,80,1
__import__.product_5194001,20,40,1
__import__.product_5196000,15,25,1
__import__.product_5196004,15,25,1
__import__.product_5196008,15,25,1
__import__.product_5196012,15,25,1
__import__.product_5196016,15,25,1
__import__.product_5196020,15,25,1
__import__.product_5196023,12,25,1
__import__.product_5196028,15,25,1
__import__.product_5196032,15,25,1
__import__.product_5196036,15,25,1
__import__.product_5196040,15,25,1
__import__.product_5196044,15,25,1
__import__.product_5196048,15,25,1
__import__.product_5196052,15,25,1
__import__.product_5196057,15,30,1
__import__.product_5196063,15,25,1
__import__.product_5196068,15,25,1
__import__.product_5196069,3,10,1
__import__.product_5196118,9,18,1
__import__.product_5196119,3,7,1
__import__.product_5196120,9,18,3
__import__.product_5196991,100,220,1
__import__.product_5196992,100,200,1
__import__.product_5196993,2,4,1
__import__.product_5196995,100,200,1
__import__.product_5196996,100,200,1
__import__.product_5196997,150,350,1
__import__.product_5196998,150,350,1
__import__.product_5197002,3,5,6
__import__.product_5197004,1,2,1
__import__.product_5197008,0,2,1
__import__.product_5197068,3,6,1
__import__.product_5197069,3,6,1
__import__.product_5199825,13,25,1
__import__.product_5199826,15,25,1
__import__.product_5200000,100,200,8
__import__.product_5200045,3,6,10
__import__.product_5200410,5,10,1
__import__.product_5202689,5,10,1
__import__.product_5202902,2,4,1
__import__.product_5203001,0,1,1
__import__.product_5203007,0,1,1
__import__.product_5203010,8,15,1
__import__.product_5203041,0,1,1
__import__.product_5203042,0,5,1
__import__.product_5207151,1,2,1
__import__.product_5210040,0,1,1
__import__.product_5210443,12,24,1
__import__.product_5210523,0,1,1
__import__.product_5211109,20,40,1
__import__.product_5211130,2,4,1
__import__.product_5211135,2,4,1
__import__.product_5211211,0,1,1
__import__.product_5211212,0,1,1
__import__.product_5211213,0,1,1
__import__.product_5211260,0,1,1
__import__.product_5211262,0,1,1
__import__.product_5211263,0,1,1
__import__.product_5213600,4,8,1
__import__.product_5215035,3,6,1
__import__.product_5215431,250,500,10
__import__.product_5215432,20,120,1
__import__.product_5219007,61,100,1
__import__.product_5222002,0,1,1
__import__.product_5222020,0,1,1
__import__.product_5222943,0,2,1
__import__.product_5224001,5,10,50
__import__.product_5224002,5,10,50
__import__.product_5224003,5,10,50
__import__.product_5224004,5,10,50
__import__.product_5224005,5,10,50
__import__.product_5224530,1,3,1
__import__.product_5225076,2,4,4
__import__.product_5225283,2,4,2
__import__.product_5227230,2,5,16
__import__.product_5227280,0,1,1
__import__.product_5227302,0,1,1
__import__.product_5227970,0,1,12
__import__.product_5228000,0,1,10
__import__.product_5228443,11,43,1
__import__.product_5230350,12,24,10
__import__.product_5230351,0,1,20
__import__.product_5230478,1,5,1
__import__.product_5230642,0,1,10
__import__.product_5230661,0,1,1
__import__.product_5230740,20,30,40
__import__.product_5232645,0,7,12
__import__.product_5232667,0,3,12
__import__.product_5233009,6,10,1
__import__.product_5234260,0,1,6
__import__.product_5234278,1,4,1
__import__.product_5236005,40,101,1
__import__.product_5238070,4,9,1
__import__.product_5239005,3,6,1
__import__.product_5240220,5,10,1
__import__.product_5240250,0,1,1
__import__.product_5240604,0,1,10
__import__.product_5241100,0,1,1
__import__.product_5241615,6,12,1
__import__.product_5242015,12,24,1
__import__.product_5242502,6,12,1
__import__.product_5242503,6,12,1
__import__.product_5242510,6,12,1
__import__.product_5242513,6,12,1
__import__.product_5242530,0,1,1
__import__.product_5243012,0,1,1
__import__.product_5244012,0,1,1
__import__.product_5244015,0,1,1
__import__.product_5244016,0,1,1
__import__.product_5244041,3,5,1
__import__.product_5244043,3,5,1
__import__.product_5245400,1,2,1
__import__.product_5246000,0,5,1
__import__.product_5247880,20,40,1
__import__.product_5248000,15,30,8
__import__.product_5248001,15,30,12
__import__.product_5248002,15,30,4
__import__.product_5248003,15,30,4
__import__.product_5248004,15,30,4
__import__.product_5248005,15,30,4
__import__.product_5248550,0,1,1
__import__.product_5248609,0,1,6
__import__.product_5248782,1,2,1
__import__.product_5248792,1,2,1
__import__.product_5249277,0,1,1
__import__.product_5249278,2,6,1
__import__.product_5250002,1,2,1
__import__.product_5250003,0,1,1
__import__.product_5250004,0,1,1
__import__.product_5250010,0,1,1
__import__.product_5250017,1,2,1
__import__.product_5250018,48,96,1
__import__.product_5250031,1,2,1
__import__.product_5250035,1,2,1
__import__.product_5250060,0,10,1
__import__.product_5250099,0,4,4
__import__.product_5250100,0,1,1
__import__.product_5250118,2,6,1
__import__.product_5250131,1,2,1
__import__.product_5250172,1,5,1
__import__.product_5250255,0,1,1
__import__.product_5250391,3,7,1
__import__.product_5250393,2,3,1
__import__.product_5252430,0,2,1
__import__.product_5255060,0,10,1
__import__.product_5259777,2,4,1
__import__.product_5259800,2,4,1
__import__.product_5259801,0,1,1
__import__.product_5259805,4,8,1
__import__.product_5259806,30,80,1
__import__.product_5259807,1,2,1
__import__.product_5259808,2,4,1
__import__.product_5259823,2,3,1
__import__.product_5259824,1,2,1
__import__.product_5259826,0,1,1
__import__.product_5259840,3,7,1
__import__.product_5259843,3,6,1
__import__.product_5259846,4,12,1
__import__.product_5259855,3,5,1
__import__.product_5259873,11,31,1
__import__.product_5259875,1,3,1
__import__.product_5259879,0,1,1
__import__.product_5260003,20,46,1
__import__.product_5260005,20,46,1
__import__.product_5260006,124,240,1
__import__.product_5260007,56,132,1
__import__.product_5260008,10,18,1
__import__.product_5260015,6,12,1
__import__.product_5260023,8,20,1
__import__.product_5260024,46,106,1
__import__.product_5260027,11,24,1
__import__.product_5260029,5,10,1
__import__.product_5260032,38,89,1
__import__.product_5260033,46,108,1
__import__.product_5260034,20,46,1
__import__.product_5260035,57,134,1
__import__.product_5260036,24,64,1
__import__.product_5260037,30,71,1
__import__.product_5260038,12,24,1
__import__.product_5260040,19,43,1
__import__.product_5260042,12,24,1
__import__.product_5260048,34,115,10
__import__.product_5260049,40,89,10
__import__.product_5260102,6,10,1
__import__.product_5260509,54,108,1
__import__.product_5260575,0,1,1
__import__.product_5260685,0,1,10
__import__.product_5262884,1,2,1
__import__.product_5263556,0,3,2
__import__.product_5266002,1,3,1
__import__.product_5266003,20,55,1
__import__.product_5267000,3,6,1
__import__.product_5267010,5,12,1
__import__.product_5267011,4,8,1
__import__.product_5267012,1,2,1
__import__.product_5267013,8,20,1
__import__.product_5267015,2,5,1
__import__.product_5268500,10,20,1
__import__.product_5268501,10,20,1
__import__.product_5270100,3,10,1
__import__.product_5270101,1,2,5
__import__.product_5270105,4,6,1
__import__.product_5270107,5,10,1
__import__.product_5270108,5,20,1
__import__.product_5270109,9,29,1
__import__.product_5270114,3,10,1
__import__.product_5270120,24,70,1
__import__.product_5270121,5,12,1
__import__.product_5270128,9,25,1
__import__.product_5270170,2,4,2
__import__.product_5270185,9,29,1
__import__.product_5270200,25,85,12
__import__.product_5270202,3,8,1
__import__.product_5270208,0,1,1
__import__.product_5270212,2,5,1
__import__.product_5270214,2,8,1
__import__.product_5270215,5,16,1
__import__.product_5270216,1,3,1
__import__.product_5270217,4,15,1
__import__.product_5270218,2,7,1
__import__.product_5270220,6,23,1
__import__.product_5270237,6,14,1
__import__.product_5270246,4,10,1
__import__.product_5270259,2,6,1
__import__.product_5270265,120,344,1
__import__.product_5270403,40,140,1
__import__.product_5270998,10,20,1
__import__.product_5270999,10,20,1
__import__.product_5271028,0,1,1
__import__.product_5271047,0,1,1
__import__.product_5271305,0,1,1
__import__.product_5271307,1,2,1
__import__.product_5271309,0,1,1
__import__.product_5271434,2,5,1
__import__.product_5271642,0,1,1
__import__.product_5271838,20,20,100
__import__.product_5272132,2,3,1
__import__.product_5272201,2,3,6
__import__.product_5272202,2,8,6
__import__.product_5272203,2,3,6
__import__.product_5272211,2,4,1
__import__.product_5272213,2,3,4
__import__.product_5272215,3,11,1
__import__.product_5272216,3,9,1
__import__.product_5272431,4,13,1
__import__.product_5272432,4,10,1
__import__.product_5272433,3,10,1
__import__.product_5272436,4,14,1
__import__.product_5272437,7,21,1
__import__.product_5272438,15,28,1
__import__.product_5272439,6,15,1
__import__.product_5272460,1,5,1
__import__.product_5272546,1,2,1
__import__.product_5272547,4,10,1
__import__.product_5272550,1,2,1
__import__.product_5272555,4,11,1
__import__.product_5272557,2,4,1
__import__.product_5272558,10,19,1
__import__.product_5272563,2,4,1
__import__.product_5272565,1,2,1
__import__.product_5272581,2,7,1
__import__.product_5272582,2,5,1
__import__.product_5272618,2,6,1
__import__.product_5272619,0,5,4
__import__.product_5272647,1,2,4
__import__.product_5272648,0,4,4
__import__.product_5272675,2,5,4
__import__.product_5272683,2,3,1
__import__.product_5272704,1,4,1
__import__.product_5272750,2,4,1
__import__.product_5273288,0,1,1
__import__.product_5273384,12,24,1
__import__.product_5273404,1,2,1
__import__.product_5273405,5,10,1
__import__.product_5273410,5,10,1
__import__.product_5273420,2,4,1
__import__.product_5273430,5,10,1
__import__.product_5273451,5,10,1
__import__.product_5273454,2,4,1
__import__.product_5273461,2,4,1
__import__.product_5273463,2,4,1
__import__.product_5273691,25,50,25
__import__.product_5273692,25,50,25
__import__.product_5273695,0,20,20
__import__.product_5274093,6,10,1
__import__.product_5274136,2,4,1
__import__.product_5274137,4,6,1
__import__.product_5274153,6,16,1
__import__.product_5274203,1,2,1
__import__.product_5274204,6,16,1
__import__.product_5274441,10,25,1
__import__.product_5274494,3,8,1
__import__.product_5274526,3,8,1
__import__.product_5274527,2,4,4
__import__.product_5274646,2,3,1
__import__.product_5274657,11,36,1
__import__.product_5274658,2,4,1
__import__.product_5274659,4,8,1
__import__.product_5275497,0,1,6
__import__.product_5275599,5,15,1
__import__.product_5275600,0,1,1
__import__.product_5275640,4,13,1
__import__.product_5275683,7,17,1
__import__.product_5276495,5,10,1
__import__.product_5277507,1,2,4
__import__.product_5277508,2,4,4
__import__.product_5277510,2,4,4
__import__.product_5278082,0,2,1
__import__.product_5278084,0,2,1
__import__.product_5278085,0,2,1
__import__.product_5278086,0,2,1
__import__.product_5278087,0,2,1
__import__.product_5278088,0,2,1
__import__.product_5278095,0,1,1
__import__.product_5278096,2,4,1
__import__.product_5278099,0,4,4
__import__.product_5279325,1,2,10
__import__.product_5279804,4,6,1
__import__.product_5279805,3,6,1
__import__.product_5279806,4,8,1
__import__.product_5279807,4,6,1
__import__.product_5279808,2,3,1
__import__.product_5279809,3,5,1
__import__.product_5280408,1,2,1
__import__.product_5280409,0,1,15
__import__.product_5280411,1,2,1
__import__.product_5280808,3,8,1
__import__.product_5280809,0,8,1
__import__.product_5282300,27,90,1
__import__.product_5283608,20,40,1
__import__.product_5283609,10,20,1
__import__.product_5283610,40,80,1
__import__.product_5289917,0,1,1
__import__.product_5290196,1,2,6
__import__.product_5290609,1,2,1
__import__.product_5291000,1,2,1
__import__.product_5291004,2,3,1
__import__.product_5291009,0,2,1
__import__.product_5292121,0,1,1
__import__.product_5292125,2,4,1
__import__.product_5292225,1,2,10
__import__.product_5293595,2,6,10
__import__.product_5293600,10,20,10
__import__.product_5294255,0,1,1
__import__.product_5294279,3,6,4
__import__.product_5294638,2,4,1
__import__.product_5294770,2,4,1
__import__.product_5294786,2,4,1
__import__.product_5294793,2,4,1
__import__.product_5299906,0,1,1
__import__.product_5300000,3,6,5
__import__.product_5300015,10,15,8
__import__.product_5300100,0,1,1
__import__.product_5300111,1,2,1
__import__.product_5300243,1000,2200,1
__import__.product_5300605,26,30,25
__import__.product_5300613,0,1,1
__import__.product_5300635,15,30,50
__import__.product_5300741,0,1,1
__import__.product_5301114,0,10,10
__import__.product_5301134,0,1,4
__import__.product_5301135,2,4,4
__import__.product_5301136,1,2,4
__import__.product_5301137,1,2,4
__import__.product_5301138,1,2,4
__import__.product_5301139,0,1,4
__import__.product_5301141,0,2,4
__import__.product_5301142,3,6,4
__import__.product_5301143,2,4,4
__import__.product_5301144,2,4,4
__import__.product_5301145,0,2,4
__import__.product_5301146,1,2,4
__import__.product_5302253,0,1,1
__import__.product_5304000,2,4,50
__import__.product_5304012,0,1,1
__import__.product_5304100,4,8,1
__import__.product_5304300,4,8,50
__import__.product_5304811,1,2,1
__import__.product_5304813,1,2,1
__import__.product_5305073,0,1,1
__import__.product_5305501,4,6,1
__import__.product_5306013,0,1,12
__import__.product_5306300,0,1,30
__import__.product_5306302,1,2,30
__import__.product_5306304,1,2,20
__import__.product_5306306,1,2,12
__import__.product_5306308,1,2,8
__import__.product_5306310,1,2,6
__import__.product_5306312,1,2,4
__import__.product_5306314,0,1,12
__import__.product_5306315,0,1,12
__import__.product_5306316,1,2,4
__import__.product_5306413,12,24,12
__import__.product_5306414,12,24,12
__import__.product_5307104,0,1,1
__import__.product_5307240,2,4,1
__import__.product_5307241,1,3,1
__import__.product_5307242,1,3,1
__import__.product_5307243,0,1,1
__import__.product_5307612,1,5,50
__import__.product_5307640,3,6,20
__import__.product_5307650,20,40,10
__import__.product_5307727,120,240,30
__import__.product_5307731,25,50,20
__import__.product_5307736,10,20,12
__import__.product_5307830,0,1,1
__import__.product_5307832,0,1,1
__import__.product_5307834,0,1,1
__import__.product_5307872,5,10,1
__import__.product_5308816,0,4,4
__import__.product_5308817,0,4,4
__import__.product_5308818,0,4,4
__import__.product_5308819,0,4,4
__import__.product_5309628,1,2,1
__import__.product_5310101,60,240,60
__import__.product_5310123,0,2,1
__import__.product_5310131,1,2,8
__import__.product_5310133,2,4,10
__import__.product_5310134,3,6,10
__import__.product_5310135,3,6,6
__import__.product_5310136,2,4,4
__import__.product_5310220,0,1,1
__import__.product_5310402,0,1,1
__import__.product_5310501,1,4,1
__import__.product_5311003,0,1,1
__import__.product_5311012,1,2,1
__import__.product_5311542,6,12,6
__import__.product_5311543,10,22,6
__import__.product_5311545,1,2,1
__import__.product_5311612,6,12,6
__import__.product_5312003,0,1,1
__import__.product_5312007,1,2,1
__import__.product_5312512,3,6,1
__import__.product_5314012,3,4,1
__import__.product_5314502,1,2,1
__import__.product_5314612,0,1,1
__import__.product_5315112,0,1,1
__import__.product_5315522,0,1,1
__import__.product_5317440,2,4,12
__import__.product_5317599,23,43,1
__import__.product_5317619,23,47,1
__import__.product_5317639,7,13,1
__import__.product_5317669,1,2,1
__import__.product_5317679,4,7,1
__import__.product_5317719,15,35,1
__import__.product_5317739,90,175,1
__import__.product_5317740,1,2,1
__import__.product_5317749,4,8,1
__import__.product_5317769,25,51,1
__import__.product_5317839,23,48,1
__import__.product_5317899,3,6,1
__import__.product_5317929,33,67,1
__import__.product_5317979,5,10,1
__import__.product_5317989,6,12,1
__import__.product_5319300,0,1,1
__import__.product_5320001,4,6,1
__import__.product_5320002,7,16,1
__import__.product_5320003,3,4,6
__import__.product_5320519,0,2,1
__import__.product_5320524,1,2,1
__import__.product_5324002,0,1,1
__import__.product_5326220,2,5,1
__import__.product_5326221,1,2,1
__import__.product_5326222,2,5,1
__import__.product_5326223,2,5,1
__import__.product_5326225,0,1,1
__import__.product_5326226,0,1,1
__import__.product_5326227,0,1,1
__import__.product_5326230,0,1,1
__import__.product_5326232,0,1,1
__import__.product_5326233,0,1,1
__import__.product_5330000,14,46,1
__import__.product_5330001,30,90,10
__import__.product_5330361,1,2,1
__import__.product_5330693,36,72,36
__import__.product_5332106,1,2,1
__import__.product_5332271,20,40,4
__import__.product_5332272,20,40,4
__import__.product_5332273,1,2,1
__import__.product_5332274,2,4,1
__import__.product_5332275,2,4,1
__import__.product_5333025,4,6,1
__import__.product_5333088,0,1,1
__import__.product_5336162,0,1,1
__import__.product_5338600,6,12,1
__import__.product_5338607,0,1,4
__import__.product_5338680,0,1,4
__import__.product_5338697,5,10,1
__import__.product_5338699,1,5,1
__import__.product_5338818,3,5,1
__import__.product_5338868,2,4,2
__import__.product_5340566,0,1,1
__import__.product_5340830,10,15,1
__import__.product_5340839,20,40,1
__import__.product_5340840,5,10,1
__import__.product_5340918,5,10,1
__import__.product_5340920,10,20,1
__import__.product_5340922,10,20,1
__import__.product_5340923,0,2,1
__import__.product_5341020,2,4,1
__import__.product_5341030,2,4,1
__import__.product_5341050,6,10,1
__import__.product_5341354,2,4,1
__import__.product_5342100,0,1,1
__import__.product_5342105,1,2,1
__import__.product_5342111,5,10,1
__import__.product_5342186,10,15,1
__import__.product_5342501,6,12,1
__import__.product_5343015,2,6,1
__import__.product_5343020,5,10,1
__import__.product_5347313,0,1,1
__import__.product_5350126,0,1,1
__import__.product_5350301,11,38,10
__import__.product_5350302,60,96,4
__import__.product_5351009,5,10,1
__import__.product_5351560,1,2,1
__import__.product_5352044,2,5,1
__import__.product_5352046,0,1,1
__import__.product_5352805,3,8,1
__import__.product_5354605,1,2,1
__import__.product_5354610,1,2,1
__import__.product_5356001,2,3,16
__import__.product_5356003,2,3,1
__import__.product_5356004,8,10,24
__import__.product_5356040,3,5,1
__import__.product_5361760,15,35,1
__import__.product_5361772,40,80,1
__import__.product_5361775,11,20,1
__import__.product_5361784,1,2,1
__import__.product_5361791,3,6,1
__import__.product_5361796,1,3,1
__import__.product_5361797,3,6,1
__import__.product_5361891,1,2,1
__import__.product_5361901,1,3,1
__import__.product_5364879,25,250,250
__import__.product_5365234,0,1,1
__import__.product_5373852,2,8,1
__import__.product_5376820,20,40,2
__import__.product_5380473,2,8,1
__import__.product_5381601,0,1,1
__import__.product_5381670,10,20,20
__import__.product_5381675,20,40,20
__import__.product_5383245,1,2,1
__import__.product_5390255,1,6,6
__import__.product_5392001,10,20,50
__import__.product_5392766,0,1,36
__import__.product_5394001,4,8,1
__import__.product_5394002,10,24,1
__import__.product_5394003,34,85,1
__import__.product_5394005,8,16,1
__import__.product_5394006,14,24,12
__import__.product_5394008,20,50,1
__import__.product_5394010,6,12,1
__import__.product_5395000,6,9,1
__import__.product_5395360,0,1,1
__import__.product_5395362,0,1,1
__import__.product_5395370,2,10,1
__import__.product_5396645,0,1,1
__import__.product_5397501,2,6,1
__import__.product_5397502,1,4,1
__import__.product_5398401,6,12,1
__import__.product_5398495,0,1,6
__import__.product_5398503,0,1,1
__import__.product_5400015,1,2,1
__import__.product_5400016,1,2,1
__import__.product_5400500,1,4,1
__import__.product_5401000,40,80,1
__import__.product_5402069,10,110,100
__import__.product_5402250,2,4,1
__import__.product_5402468,1,6,1
__import__.product_5404091,25,50,50
__import__.product_5405244,2,4,1
__import__.product_5405253,3,6,1
__import__.product_5405254,4,6,1
__import__.product_5405256,2,4,1
__import__.product_5409755,50,350,1
__import__.product_5410011,2,4,1
__import__.product_5415057,2,6,1
__import__.product_5415740,10,135,125
__import__.product_5416396,12,24,1
__import__.product_5416403,30,60,1
__import__.product_5416411,30,50,1
__import__.product_5416438,20,40,1
__import__.product_5416453,20,40,1
__import__.product_5419600,10,40,1
__import__.product_5419670,10,45,1
__import__.product_5419710,10,35,25
__import__.product_5419740,10,45,1
__import__.product_5420000,7,26,10
__import__.product_5420002,7,23,6
__import__.product_5420003,14,46,6
__import__.product_5420004,10,30,1
__import__.product_5421704,10,20,10
__import__.product_5421714,20,40,10
__import__.product_5421724,20,40,10
__import__.product_5421827,1,2,6
__import__.product_5422036,1,2,1
__import__.product_5425035,0,1,1
__import__.product_5426809,125,375,50
__import__.product_5426907,100,200,50
__import__.product_5426909,100,200,50
__import__.product_5426910,50,100,50
__import__.product_5427500,0,10,1
__import__.product_5427970,5,20,1
__import__.product_5429040,0,1,1
__import__.product_5430005,12,11,1
__import__.product_5430050,6,12,12
__import__.product_5430113,3,6,1
__import__.product_5430150,3,7,1
__import__.product_5430250,2,5,1
__import__.product_5430270,3,6,1
__import__.product_5430390,2,5,1
__import__.product_5430505,5,10,2
__import__.product_5430510,0,1,2
__import__.product_5430550,3,9,1
__import__.product_5430802,4,10,1
__import__.product_5430807,11,31,1
__import__.product_5430808,3,7,1
__import__.product_5430889,1,2,1
__import__.product_5431268,6,12,4
__import__.product_5431500,0,4,4
__import__.product_5432000,2,6,1
__import__.product_5432001,0,1,1
__import__.product_5432002,100,200,72
__import__.product_5432003,100,200,64
__import__.product_5432004,60,100,1
__import__.product_5432006,60,100,1
__import__.product_5432007,30,50,1
__import__.product_5432008,240,360,1
__import__.product_5432009,120,240,1
__import__.product_5432015,30,50,1
__import__.product_5432593,6,12,1
__import__.product_5432740,6,18,1
__import__.product_5434113,25,50,50
__import__.product_5435040,10,75,1
__import__.product_5436012,0,1,1
__import__.product_5436226,10,20,50
__import__.product_5436543,80,160,20
__import__.product_5436545,40,120,1
__import__.product_5436547,15,30,20
__import__.product_5436548,20,40,20
__import__.product_5436580,2,4,4
__import__.product_5436632,2,4,20
__import__.product_5436830,0,1,20
__import__.product_5437173,15,30,10
__import__.product_5438012,8,12,4
__import__.product_5438016,6,12,4
__import__.product_5438024,4,8,4
__import__.product_5438059,0,1,4
__import__.product_5438250,3,9,1
__import__.product_5438431,1,2,1
__import__.product_5438805,2,5,1
__import__.product_5439192,0,1,1
__import__.product_5439193,0,2,1
__import__.product_5439195,1,3,1
__import__.product_5439196,1,2,1
__import__.product_5439904,2,4,1
__import__.product_5439964,8,12,4
__import__.product_5445303,0,1,1
__import__.product_5445304,4,8,1
__import__.product_5445305,5,15,1
__import__.product_5445306,0,1,1
__import__.product_5445307,0,1,1
__import__.product_5446023,0,10,1
__import__.product_5446052,0,1,1
__import__.product_5447111,2,4,1
__import__.product_5450013,17,62,1
__import__.product_5450016,28,72,1
__import__.product_5450017,18,36,1
__import__.product_5450019,2,6,1
__import__.product_5450020,3,13,1
__import__.product_5450021,16,58,1
__import__.product_5450022,3,9,1
__import__.product_5450023,6,15,1
__import__.product_5450024,3,9,1
__import__.product_5450025,3,11,1
__import__.product_5450027,4,11,1
__import__.product_5450028,45,100,1
__import__.product_5450029,10,50,1
__import__.product_5450030,8,18,6
__import__.product_5450031,12,24,6
__import__.product_5450032,22,45,1
__import__.product_5450033,12,29,1
__import__.product_5450034,3,12,1
__import__.product_5450035,14,24,1
__import__.product_5450036,8,33,1
__import__.product_5450037,6,21,1
__import__.product_5450040,24,48,9
__import__.product_5450041,6,12,6
__import__.product_5450042,12,24,6
__import__.product_5450043,12,24,6
__import__.product_5450044,3,6,1
__import__.product_5450045,5,12,1
__import__.product_5450046,30,60,1
__import__.product_5450047,6,12,1
__import__.product_5450048,10,30,18
__import__.product_5450236,10,15,1
__import__.product_5451003,3,5,1
__import__.product_5455282,6,9,1
__import__.product_5457199,2,4,1
__import__.product_5461168,2,3,1
__import__.product_5461250,4,11,1
__import__.product_5461251,4,10,1
__import__.product_5461255,2,4,1
__import__.product_5461293,8,25,1
__import__.product_5461294,3,6,1
__import__.product_5461298,0,6,1
__import__.product_5461301,2,4,1
__import__.product_5461312,7,26,1
__import__.product_5461313,3,9,1
__import__.product_5461316,1,3,1
__import__.product_5461317,2,5,1
__import__.product_5461328,11,32,1
__import__.product_5461525,2,4,1
__import__.product_5461526,10,20,1
__import__.product_5464561,2,4,1
__import__.product_5468330,1,2,1
__import__.product_5468340,3,9,1
__import__.product_5470003,0,1,1
__import__.product_5470012,0,1,1
__import__.product_5470021,0,1,1
__import__.product_5470051,0,1,1
__import__.product_5470060,0,1,1
__import__.product_5470412,10,20,40
__import__.product_5470740,25,50,30
__import__.product_5470750,0,1,30
__import__.product_5470825,30,60,40
__import__.product_5470840,50,100,30
__import__.product_5470925,10,20,40
__import__.product_5471125,15,30,40
__import__.product_5471140,100,200,30
__import__.product_5471240,100,200,30
__import__.product_5471516,70,141,40
__import__.product_5471625,65,130,40
__import__.product_5471725,5,10,40
__import__.product_5471816,300,600,40
__import__.product_5472686,0,1,1
__import__.product_5472689,5,10,1
__import__.product_5472721,3,5,1
__import__.product_5473651,2,4,10
__import__.product_5473652,0,10,10
__import__.product_5473653,0,1,10
__import__.product_5475470,0,1,1
__import__.product_5477606,40,120,4
__import__.product_5495101,20,40,10
__import__.product_5496103,8,18,1
__import__.product_5498218,50,100,50
__import__.product_5499855,20,40,1
__import__.product_5499856,15,30,1
__import__.product_5499857,10,25,1
__import__.product_5500445,1,2,1
__import__.product_5500450,1,2,1
__import__.product_5501000,10,20,1
__import__.product_5501001,10,20,1
__import__.product_5505001,1,3,1
__import__.product_5505004,0,10,1
__import__.product_5505007,1,5,1
__import__.product_5508161,0,1,1
__import__.product_5511810,0,1,1
__import__.product_5512000,2,4,1
__import__.product_5512006,8,14,1
__import__.product_5512015,10,20,1
__import__.product_5512016,3,9,1
__import__.product_5512031,4,6,1
__import__.product_5512034,4,8,1
__import__.product_5512039,1,2,1
__import__.product_5513520,0,1,1
__import__.product_5519099,67,225,20
__import__.product_5522200,2,3,1
__import__.product_5525446,0,1,1
__import__.product_5525641,2,4,1
__import__.product_5540855,1,3,1
__import__.product_5541464,54,72,50
__import__.product_5551027,15,30,1
__import__.product_5551028,10,15,1
__import__.product_5551029,10,20,1
__import__.product_5551030,10,20,1
__import__.product_5551031,10,15,1
__import__.product_5551032,10,15,1
__import__.product_5560453,8,16,1
__import__.product_5560454,12,24,1
__import__.product_5560455,2,4,1
__import__.product_5560728,1,2,1
__import__.product_5584600,6,12,1
__import__.product_5590000,1,2,1
__import__.product_5590004,2,4,1
__import__.product_5590006,1,2,1
__import__.product_5600803,1,2,1
__import__.product_5600804,1,2,1
__import__.product_5601094,18,36,1
__import__.product_5601097,20,40,1
__import__.product_5601098,10,20,1
__import__.product_5603569,18,34,6
__import__.product_5603571,20,40,4
__import__.product_5603573,12,24,6
__import__.product_5603574,20,30,1
__import__.product_5603575,10,20,1
__import__.product_5603576,10,20,1
__import__.product_5603578,12,24,4
__import__.product_5603991,0,1,1
__import__.product_5603992,2,4,1
__import__.product_5605005,1,2,1
__import__.product_5605022,10,20,1
__import__.product_5605135,0,1,1
__import__.product_5610502,5,15,1
__import__.product_5610503,0,1,1
__import__.product_5610506,0,1,1
__import__.product_5610509,2,4,1
__import__.product_5610510,1,3,1
__import__.product_5610518,2,4,1
__import__.product_5610519,3,6,1
__import__.product_5610525,7,16,1
__import__.product_5610528,1,2,1
__import__.product_5610540,3,6,1
__import__.product_5610548,2,3,1
__import__.product_5610553,2,3,1
__import__.product_5610557,1,3,1
__import__.product_5610559,1,2,1
__import__.product_5610560,0,1,1
__import__.product_5610561,5,8,1
__import__.product_5610568,2,4,1
__import__.product_5610569,1,3,1
__import__.product_5610571,2,4,1
__import__.product_5610573,1,2,1
__import__.product_5610580,1,3,1
__import__.product_5610582,1,2,1
__import__.product_5611001,0,1,1
__import__.product_5611296,2,5,1
__import__.product_5611501,3,5,1
__import__.product_5611508,3,5,1
__import__.product_5611510,3,5,1
__import__.product_5611512,3,5,1
__import__.product_5611515,3,5,1
__import__.product_5611519,3,5,1
__import__.product_5611522,3,5,1
__import__.product_5611526,3,5,1
__import__.product_5611529,3,5,1
__import__.product_5611530,3,5,1
__import__.product_5611533,3,5,1
__import__.product_5611534,3,5,1
__import__.product_5611539,3,5,1
__import__.product_5611542,3,5,1
__import__.product_5611543,3,5,1
__import__.product_5611544,3,5,1
__import__.product_5611546,3,5,1
__import__.product_5611549,3,5,1
__import__.product_5611552,3,5,1
__import__.product_5611555,3,5,1
__import__.product_5611558,3,5,1
__import__.product_5617242,1,2,1
__import__.product_5620000,51,173,12
__import__.product_5620001,151,260,10
__import__.product_5620002,90,120,10
__import__.product_5620003,30,60,10
__import__.product_5620004,41,60,10
__import__.product_5620005,40,60,10
__import__.product_5620006,10,20,1
__import__.product_5620008,2,4,1
__import__.product_5620009,0,1,1
__import__.product_5621003,2,5,1
__import__.product_5621013,2,5,1
__import__.product_5621023,2,5,1
__import__.product_5621025,2,5,1
__import__.product_5621033,2,5,1
__import__.product_5621035,2,5,1
__import__.product_5621083,30,60,1
__import__.product_5621160,5,10,1
__import__.product_5621162,2,5,1
__import__.product_5624005,2,6,1
__import__.product_5624900,2,4,1
__import__.product_5624901,2,4,1
__import__.product_5624902,1,5,1
__import__.product_5624903,2,4,1
__import__.product_5624904,2,4,1
__import__.product_5624905,0,1,1
__import__.product_5624906,2,4,1
__import__.product_5624907,4,8,1
__import__.product_5624908,1,2,1
__import__.product_5624909,1,5,4
__import__.product_5624910,0,1,1
__import__.product_5626100,2,5,1
__import__.product_5630506,1,2,1
__import__.product_5632145,10,20,1
__import__.product_5634628,2,4,1
__import__.product_5640990,1,5,1
__import__.product_5642166,10,20,10
__import__.product_5642167,1,2,10
__import__.product_5642168,1,2,10
__import__.product_5650128,0,1,1
__import__.product_5650520,0,1,1
__import__.product_5650525,1,2,1
__import__.product_5650545,0,1,1
__import__.product_5654322,10,60,1
__import__.product_5657052,0,2,1
__import__.product_5660000,0,24,1
__import__.product_5660001,0,24,1
__import__.product_5660002,6,24,1
__import__.product_5660310,0,1,1
__import__.product_5660500,15,30,1
__import__.product_5661500,10,20,1
__import__.product_5661821,2,4,1
__import__.product_5662500,50,100,1
__import__.product_5664400,0,1,4
__import__.product_5671002,3,6,1
__import__.product_5680002,1,2,1
__import__.product_5680003,1,2,1
__import__.product_5680004,1,2,1
__import__.product_5680005,1,2,1
__import__.product_5680007,1,2,1
__import__.product_5690602,248,841,10
__import__.product_5690603,6,18,1
__import__.product_5690604,0,1,1
__import__.product_5690605,30,60,1
__import__.product_5691165,1,24,1
__import__.product_5691941,30,60,1
__import__.product_5697900,50,100,1
__import__.product_5697901,40,60,1
__import__.product_5697902,60,100,1
__import__.product_5697903,40,60,1
__import__.product_5700001,5,10,1
__import__.product_5700002,0,1,1
__import__.product_5700003,25,50,1
__import__.product_5700004,1,3,1
__import__.product_5700005,0,1,1
__import__.product_5700008,20,40,1
__import__.product_5700009,150,300,1
__import__.product_5700010,80,160,1
__import__.product_5700015,100,200,24
__import__.product_5700016,100,200,16
__import__.product_5700017,100,200,12
__import__.product_5700023,0,10,1
__import__.product_5700028,0,10,1
__import__.product_5700029,0,10,1
__import__.product_5700030,0,10,1
__import__.product_5700036,10,20,1
__import__.product_5700037,10,20,1
__import__.product_5700038,10,15,1
__import__.product_5700039,10,20,1
__import__.product_5700040,2,7,1
__import__.product_5700041,0,1,1
__import__.product_5700042,0,1,1
__import__.product_5700043,0,1,1
__import__.product_5700045,0,1,1
__import__.product_5700046,0,1,1
__import__.product_5700047,0,1,1
__import__.product_5700048,0,1,1
__import__.product_5700051,5,10,1
__import__.product_5700052,0,1,1
__import__.product_5700053,0,1,1
__import__.product_5700054,0,1,1
__import__.product_5700057,0,1,1
__import__.product_5700061,120,240,24
__import__.product_5700062,100,200,16
__import__.product_5700063,100,100,1
__import__.product_5700092,5,10,1
__import__.product_5700093,2,5,1
__import__.product_5700094,2,5,1
__import__.product_5700095,2,5,1
__import__.product_5702000,1,2,1
__import__.product_5702100,2,4,1
__import__.product_5703000,60,120,10
__import__.product_5703002,30,60,1
__import__.product_5707835,1,2,1
__import__.product_5710012,0,157,1
__import__.product_5710545,10,20,1
__import__.product_5711040,1,2,1
__import__.product_5711085,2,4,1
__import__.product_5712014,1,2,1
__import__.product_5713012,2,4,1
__import__.product_5721440,0,1,1
__import__.product_5721910,1,2,1
__import__.product_5722000,2,4,1
__import__.product_5722002,2,5,1
__import__.product_5722013,2,5,1
__import__.product_5722200,1,2,1
__import__.product_5726580,0,1,1
__import__.product_5727600,2,12,1
__import__.product_5727936,0,1,1
__import__.product_5729390,0,1,1
__import__.product_5729555,0,1,1
__import__.product_5736881,0,1,1
__import__.product_5740019,2,12,1
__import__.product_5740024,5,10,1
__import__.product_5740026,2,4,1
__import__.product_5740261,0,1,1
__import__.product_5741500,10,22,1
__import__.product_5742906,0,1,1
__import__.product_5742907,0,1,1
__import__.product_5749000,3,5,1
__import__.product_5749402,0,1,1
__import__.product_5749403,0,1,1
__import__.product_5753400,1,2,1
__import__.product_5758801,10,20,1
__import__.product_5760306,1,2,1
__import__.product_5760307,2,4,1
__import__.product_5760308,3,6,1
__import__.product_5760309,1,2,1
__import__.product_5760312,0,1,1
__import__.product_5760313,6,12,1
__import__.product_5760314,12,24,1
__import__.product_5760315,2,4,1
__import__.product_5760316,1,2,1
__import__.product_5760317,1,2,1
__import__.product_5760318,1,2,1
__import__.product_5760319,0,1,1
__import__.product_5760329,0,1,1
__import__.product_5760331,1,2,1
__import__.product_5760332,1,2,1
__import__.product_5760336,1,2,1
__import__.product_5760337,2,3,1
__import__.product_5760338,1,2,1
__import__.product_5760339,3,6,1
__import__.product_5760341,0,1,1
__import__.product_5760342,6,10,1
__import__.product_5760343,7,23,1
__import__.product_5760344,20,40,10
__import__.product_5760345,29,97,12
__import__.product_5760346,1,2,1
__import__.product_5760347,0,1,1
__import__.product_5760360,0,1,1
__import__.product_5760362,2,4,1
__import__.product_5760363,0,1,1
__import__.product_5760364,2,4,1
__import__.product_5760365,2,4,1
__import__.product_5760366,0,1,1
__import__.product_5760370,5,10,1
__import__.product_5760371,0,1,1
__import__.product_5760391,1,2,1
__import__.product_5760401,3,6,1
__import__.product_5760416,2,3,1
__import__.product_5760417,1,2,1
__import__.product_5761016,0,1,1
__import__.product_5764000,9,22,1
__import__.product_5764002,2,4,1
__import__.product_5764003,1,2,1
__import__.product_5764005,5,11,1
__import__.product_5764006,10,16,1
__import__.product_5764007,2,4,1
__import__.product_5764008,15,25,1
__import__.product_5764010,1,2,1
__import__.product_5764016,0,1,1
__import__.product_5764113,0,1,1
__import__.product_5764200,6,10,1
__import__.product_5764201,6,12,1
__import__.product_5764202,6,12,1
__import__.product_5764203,6,12,1
__import__.product_5764204,6,12,1
__import__.product_5764205,6,12,1
__import__.product_5764206,6,12,1
__import__.product_5764207,0,1,1
__import__.product_5764208,0,1,1
__import__.product_5764211,6,12,1
__import__.product_5764212,6,12,1
__import__.product_5764214,6,12,1
__import__.product_5764215,6,12,1
__import__.product_5764216,6,12,1
__import__.product_5764217,6,12,1
__import__.product_5764218,6,12,1
__import__.product_5764219,3,6,1
__import__.product_5764220,6,12,1
__import__.product_5764221,6,12,1
__import__.product_5764222,6,12,1
__import__.product_5764223,6,12,1
__import__.product_5764224,6,12,1
__import__.product_5764225,6,12,1
__import__.product_5764226,2,4,1
__import__.product_5764227,1,2,1
__import__.product_5764229,3,6,1
__import__.product_5764231,6,12,1
__import__.product_5764232,6,12,1
__import__.product_5764233,6,12,1
__import__.product_5764234,6,12,1
__import__.product_5764235,6,12,1
__import__.product_5764236,3,6,1
__import__.product_5764237,6,12,1
__import__.product_5764238,2,4,1
__import__.product_5764240,2,4,1
__import__.product_5764271,2,3,1
__import__.product_5764284,9,22,1
__import__.product_5764285,4,10,1
__import__.product_5764286,2,5,1
__import__.product_5764294,4,8,1
__import__.product_5764297,4,8,1
__import__.product_5764298,2,5,1
__import__.product_5764407,3,8,1
__import__.product_5764463,8,19,1
__import__.product_5764466,2,4,1
__import__.product_5764467,1,3,1
__import__.product_5764469,5,10,1
__import__.product_5764482,1,2,1
__import__.product_5764941,3,6,1
__import__.product_5764946,2,5,1
__import__.product_5764950,10,20,1
__import__.product_5774677,0,1,1
__import__.product_5776181,0,1,1
__import__.product_5776185,4,8,1
__import__.product_5776186,1,2,1
__import__.product_5776187,3,6,1
__import__.product_5776189,2,4,1
__import__.product_5776190,1,2,1
__import__.product_5776191,3,6,1
__import__.product_5776192,3,8,1
__import__.product_5776195,0,1,1
__import__.product_5776196,0,1,1
__import__.product_5791570,0,1,1
__import__.product_5791730,0,1,1
__import__.product_5791756,12,24,12
__import__.product_5792017,2,5,1
__import__.product_5792021,5,10,1
__import__.product_5792022,0,1,1
__import__.product_5792023,1,2,1
__import__.product_5792056,3,6,1
__import__.product_5792057,4,8,1
__import__.product_5794181,0,1,1
__import__.product_5800000,8,18,1
__import__.product_5800001,5,10,1
__import__.product_5800002,2,7,1
__import__.product_5800003,1,2,1
__import__.product_5800011,0,1,1
__import__.product_5800021,0,1,1
__import__.product_5800032,200,300,1
__import__.product_5800102,0,1,1
__import__.product_5801068,40,99,1
__import__.product_5801150,0,1,1
__import__.product_5801726,45,90,1
__import__.product_5802099,300,600,1
__import__.product_5802148,150,250,1
__import__.product_5802742,20,40,1
__import__.product_5803920,2,4,1
__import__.product_5808662,105,210,1
__import__.product_5810028,8,16,1
__import__.product_5810178,36,84,1
__import__.product_5810179,25,60,1
__import__.product_5810183,100,220,1
__import__.product_5810228,0,6,6
__import__.product_5810229,1,3,1
__import__.product_5810467,25,75,1
__import__.product_5810469,50,96,6
__import__.product_5810470,15,30,1
__import__.product_5810543,30,60,4
__import__.product_5810544,30,70,6
__import__.product_5810545,40,100,1
__import__.product_5810560,70,125,1
__import__.product_5810561,50,100,1
__import__.product_5810562,48,77,6
__import__.product_5810743,30,70,4
__import__.product_5810745,12,24,1
__import__.product_5810746,12,30,1
__import__.product_5810748,48,96,6
__import__.product_5810749,20,35,1
__import__.product_5810982,16,24,4
__import__.product_5810985,12,24,4
__import__.product_5810986,6,12,1
__import__.product_5810988,10,20,4
__import__.product_5810989,5,10,1
__import__.product_5810990,3,6,1
__import__.product_5810991,5,10,4
__import__.product_5810993,10,24,6
__import__.product_5811077,12,22,1
__import__.product_5811142,20,44,6
__import__.product_5812308,36,90,24
__import__.product_5816395,72,144,1
__import__.product_5816403,36,144,1
__import__.product_5816411,50,100,1
__import__.product_5816429,144,216,1
__import__.product_5816437,120,240,1
__import__.product_5816445,144,216,1
__import__.product_5816452,144,216,1
__import__.product_5818593,1,2,1
__import__.product_5820390,7,23,1
__import__.product_5821069,25,45,1
__import__.product_5821698,8,15,1
__import__.product_5821699,10,20,1
__import__.product_5821700,6,12,1
__import__.product_5821725,130,299,1
__import__.product_5821726,50,131,1
__import__.product_5821803,50,100,1
__import__.product_5821807,25,60,1
__import__.product_5821809,40,100,1
__import__.product_5821811,30,90,1
__import__.product_5821882,39,135,1
__import__.product_5821883,40,100,1
__import__.product_5821884,60,170,1
__import__.product_5822013,9,28,1
__import__.product_5822097,49,171,1
__import__.product_5822098,120,329,1
__import__.product_5822099,170,386,1
__import__.product_5822101,24,130,1
__import__.product_5822102,9,26,1
__import__.product_5822115,12,20,4
__import__.product_5822116,10,22,4
__import__.product_5822119,10,20,1
__import__.product_5822120,5,12,1
__import__.product_5822147,56,160,1
__import__.product_5822148,80,180,1
__import__.product_5822232,2,5,1
__import__.product_5822233,6,10,1
__import__.product_5822310,6,12,1
__import__.product_5822387,6,15,1
__import__.product_5822437,40,140,1
__import__.product_5822439,15,35,1
__import__.product_5822741,70,120,4
__import__.product_5822814,8,20,1
__import__.product_5822817,5,16,1
__import__.product_5822821,4,7,1
__import__.product_5822822,8,16,1
__import__.product_5822826,4,7,1
__import__.product_5822830,10,16,1
__import__.product_5822842,100,221,1
__import__.product_5822843,46,130,1
__import__.product_5822844,30,80,1
__import__.product_5822862,100,200,4
__import__.product_5822863,42,110,4
__import__.product_5823122,3,10,6
__import__.product_5823123,4,8,1
__import__.product_5823125,2,4,1
__import__.product_5823126,4,8,1
__import__.product_5823127,4,6,1
__import__.product_5823128,6,10,1
__import__.product_5823129,2,4,1
__import__.product_5823130,2,6,1
__import__.product_5823131,0,1,1
__import__.product_5823133,4,8,1
__import__.product_5823137,4,8,1
__import__.product_5823226,0,10,1
__import__.product_5823228,0,12,1
__import__.product_5823229,20,40,6
__import__.product_5823231,18,30,6
__import__.product_5823266,6,19,1
__import__.product_5823270,2,6,1
__import__.product_5823271,25,65,1
__import__.product_5823299,12,23,1
__import__.product_5823400,30,50,1
__import__.product_5823402,2,4,1
__import__.product_5823438,44,88,4
__import__.product_5823445,24,45,1
__import__.product_5823446,30,60,1
__import__.product_5823447,30,70,1
__import__.product_5823607,25,60,1
__import__.product_5823608,15,35,1
__import__.product_5823609,25,60,1
__import__.product_5825483,12,22,1
__import__.product_5825516,11,33,1
__import__.product_5825656,40,102,1
__import__.product_5825661,16,54,1
__import__.product_5825666,3,8,1
__import__.product_5825667,10,38,1
__import__.product_5826061,12,20,1
__import__.product_5826069,28,97,1
__import__.product_5826095,12,25,1
__import__.product_5826096,8,18,1
__import__.product_5826135,48,166,1
__import__.product_5826139,200,358,1
__import__.product_5826140,30,81,1
__import__.product_5826151,1,5,1
__import__.product_5826197,78,271,1
__import__.product_5826198,120,400,1
__import__.product_5826199,60,148,1
__import__.product_5826228,12,21,1
__import__.product_5826265,6,10,1
__import__.product_5826293,2,4,1
__import__.product_5826438,5,10,1
__import__.product_5826548,25,48,1
__import__.product_5826654,42,147,1
__import__.product_5826655,64,140,1
__import__.product_5826658,21,73,1
__import__.product_5826662,38,120,1
__import__.product_5827520,5,12,1
__import__.product_5827522,2,4,1
__import__.product_5827524,3,9,1
__import__.product_5827544,6,18,1
__import__.product_5827545,15,48,1
__import__.product_5827569,10,55,1
__import__.product_5827570,17,59,1
__import__.product_5827607,2,5,1
__import__.product_5827610,6,12,1
__import__.product_5827616,3,8,1
__import__.product_5827619,6,13,1
__import__.product_5827749,30,88,1
__import__.product_5827778,20,40,1
__import__.product_5828044,15,45,1
__import__.product_5828058,25,70,1
__import__.product_5828088,1,4,1
__import__.product_5828089,1,4,1
__import__.product_5828096,4,10,1
__import__.product_5828097,6,17,1
__import__.product_5828408,55,193,1
__import__.product_5828647,120,332,1
__import__.product_5828648,42,130,1
__import__.product_5828649,60,116,1
__import__.product_5828662,260,659,1
__import__.product_5828665,60,162,1
__import__.product_5828666,35,110,1
__import__.product_5828667,90,280,1
__import__.product_5828668,42,148,1
__import__.product_5828686,52,146,1
__import__.product_5828690,41,120,1
__import__.product_5828692,52,131,1
__import__.product_5828693,18,57,1
__import__.product_5828695,12,32,1
__import__.product_5828965,120,419,1
__import__.product_5828966,60,185,1
__import__.product_5829000,144,365,1
__import__.product_5829001,43,149,1
__import__.product_5829002,150,404,1
__import__.product_5829003,42,113,1
__import__.product_5829176,35,121,1
__import__.product_5829178,8,12,1
__import__.product_5829179,47,80,1
__import__.product_5829181,87,304,1
__import__.product_5829182,22,74,1
__import__.product_5829183,200,350,1
__import__.product_5829184,43,151,1
__import__.product_5829185,71,249,1
__import__.product_5829186,92,285,1
__import__.product_5829188,58,203,1
__import__.product_5829189,35,81,1
__import__.product_5829263,15,30,1
__import__.product_5829264,5,10,1
__import__.product_5829266,60,100,1
__import__.product_5829267,12,36,1
__import__.product_5829269,3,5,1
__import__.product_5829270,25,69,1
__import__.product_5829271,9,30,1
__import__.product_5829272,9,30,1
__import__.product_5829273,6,11,1
__import__.product_5829274,10,32,1
__import__.product_5830214,4,12,1
__import__.product_5830668,25,50,6
__import__.product_5832482,2,5,1
__import__.product_5836681,5,10,6
__import__.product_5836682,8,24,1
__import__.product_5837012,0,1,1
__import__.product_5840301,0,1,1
__import__.product_5840313,4,8,1
__import__.product_5845794,0,1,1
__import__.product_5845840,0,1,1
__import__.product_5848974,0,1,1
__import__.product_5851318,0,1,1
__import__.product_5855100,5,15,1
__import__.product_5859760,5,10,1
__import__.product_5900613,0,1,1
__import__.product_5900742,0,1,1
__import__.product_5900873,3,5,22
__import__.product_5900950,0,1,1
__import__.product_5900999,0,1,1
__import__.product_5901891,2,10,1
__import__.product_5901892,6,26,20
__import__.product_5901896,6,12,1
__import__.product_5903189,10,20,1
__import__.product_5904040,0,1,1
__import__.product_5904041,0,1,1
__import__.product_5904042,0,1,1
__import__.product_5904043,0,1,1
__import__.product_5904044,0,1,1
__import__.product_5904045,0,1,1
__import__.product_5909799,7,15,1
__import__.product_5910011,2,4,1
__import__.product_5910022,0,1,1
__import__.product_5910023,0,1,1
__import__.product_5910024,10,20,1
__import__.product_5910125,1,2,1
__import__.product_5910500,5,10,1
__import__.product_5910515,0,2,1
__import__.product_5911023,2,4,1
__import__.product_5911352,5,10,1
__import__.product_5911405,1,2,1
__import__.product_5913405,15,30,1
__import__.product_5913419,0,1,1
__import__.product_5913502,0,2,1
__import__.product_5913510,5,10,1
__import__.product_5915000,20,40,1
__import__.product_5916405,8,16,1
__import__.product_5916502,2,4,1
__import__.product_5916505,25,50,1
__import__.product_5920020,4,8,4
__import__.product_5920060,1,2,1
__import__.product_5920061,5,10,1
__import__.product_5920080,0,1,1
__import__.product_5920081,1,2,1
__import__.product_5920082,1,2,1
__import__.product_5920083,2,4,1
__import__.product_5920101,5,10,1
__import__.product_5920119,1,2,1
__import__.product_5920124,1,2,1
__import__.product_5920301,0,2,1
__import__.product_5920401,0,1,1
__import__.product_5920403,0,5,1
__import__.product_5920404,0,1,1
__import__.product_5920405,2,5,1
__import__.product_5920461,12,24,12
__import__.product_5920462,12,24,12
__import__.product_5920463,12,24,12
__import__.product_5920464,12,24,12
__import__.product_5920466,12,24,12
__import__.product_5920467,12,24,12
__import__.product_5920468,12,12,12
__import__.product_5920511,0,1,1
__import__.product_5920561,1,2,1
__import__.product_5920563,2,4,1
__import__.product_5920602,5,10,1
__import__.product_5920610,0,1,1
__import__.product_5920706,0,1,1
__import__.product_5920710,1,2,1
__import__.product_5920810,0,1,1
__import__.product_5920812,0,1,1
__import__.product_5921120,1,3,1
__import__.product_5921400,2,30,1
__import__.product_5921505,2,4,1
__import__.product_5921605,0,1,1
__import__.product_5923031,1,2,1
__import__.product_5924050,5,10,1
__import__.product_5924060,2,4,1
__import__.product_5924500,2,4,1
__import__.product_5925055,0,1,12
__import__.product_5927035,2,4,1
__import__.product_5930100,5,10,1
__import__.product_5941000,10,60,1
__import__.product_5942063,1,2,1
__import__.product_5942176,0,1,10
__import__.product_5942179,0,1,10
__import__.product_5942196,50,100,10
__import__.product_5942197,100,150,10
__import__.product_5942198,50,100,10
__import__.product_5942199,5,10,10
__import__.product_5942201,2,4,10
__import__.product_5942202,20,30,10
__import__.product_5942203,20,30,10
__import__.product_5942204,2,5,10
__import__.product_5942205,0,1,10
__import__.product_5942206,10,20,10
__import__.product_5942207,10,20,10
__import__.product_5942208,5,10,10
__import__.product_5942209,3,6,10
__import__.product_5942545,0,1,1
__import__.product_5942546,1,2,4
__import__.product_5942547,1,2,4
__import__.product_5942548,1,2,4
__import__.product_5943100,0,1,1
__import__.product_5948332,0,1,1
__import__.product_5949003,10,20,1
__import__.product_5961100,12,24,1
__import__.product_5961101,4,10,1
__import__.product_5962002,1,2,1
__import__.product_5962003,2,3,1
__import__.product_5962005,4,7,1
__import__.product_5962006,0,1,1
__import__.product_5962007,6,9,1
__import__.product_5962645,60,120,1
__import__.product_5967000,20,60,1
__import__.product_5967001,5,10,1
__import__.product_5967003,40,184,48
__import__.product_5967004,90,180,1
__import__.product_5967005,250,375,1
__import__.product_5969000,5,7,1
__import__.product_5969906,1,2,1
__import__.product_5973623,0,1,1
__import__.product_5992463,2,4,6
__import__.product_5992465,8,16,8
__import__.product_5992530,1,2,6
__import__.product_5994481,3,6,1
__import__.product_6000449,10,22,1
__import__.product_6008859,11,37,1
__import__.product_6038742,2,4,1
__import__.product_6039000,40,60,1
__import__.product_6039001,5,10,1
__import__.product_6039100,0,5,1
__import__.product_6040001,15,30,12
__import__.product_6040042,120,240,8
__import__.product_6040044,25,30,30
__import__.product_6040051,140,280,50
__import__.product_6040053,12,24,50
__import__.product_6040055,14,28,40
__import__.product_6040056,25,50,50
__import__.product_6040057,12,24,10
__import__.product_6043001,6,12,1
__import__.product_6049906,8,14,1
__import__.product_6112326,0,5,1
__import__.product_6131482,3,9,1
__import__.product_6170001,1,2,5
__import__.product_6170002,3,10,5
__import__.product_6197006,10,42,1
__import__.product_6197010,5,12,1
__import__.product_6197011,4,10,1
__import__.product_6197014,5,9,1
__import__.product_6197017,1,2,1
__import__.product_6197020,0,1,1
__import__.product_6197028,2,4,1
__import__.product_6197029,3,6,1
__import__.product_6203000,3,6,1
__import__.product_6260001,8,12,1
__import__.product_6260010,13,26,2
__import__.product_6260016,0,1,1
__import__.product_6260022,30,50,1
__import__.product_6260026,86,291,12
__import__.product_6279500,40,80,20
__import__.product_6330123,12,24,36
__import__.product_6330226,6,12,24
__import__.product_6330822,0,1,36
__import__.product_6330914,3,11,1
__import__.product_6331823,3,4,36
__import__.product_6333092,0,1,5
__import__.product_6342084,1,2,1
__import__.product_6350305,16,26,1
__import__.product_6350306,10,25,1
__import__.product_6350317,18,59,1
__import__.product_6350318,92,313,12
__import__.product_6350319,120,240,1
__import__.product_6350320,100,145,1
__import__.product_6350323,1,2,1
__import__.product_6350329,7,23,1
__import__.product_6350330,15,49,1
__import__.product_6350331,3,11,1
__import__.product_6350340,2,4,1
__import__.product_6350430,1,2,1
__import__.product_6350435,10,20,1
__import__.product_6350532,4,8,1
__import__.product_6350536,6,12,2
__import__.product_6350538,0,6,1
__import__.product_6350556,2,4,4
__import__.product_6350563,12,30,1
__import__.product_6352225,1500,3000,50
__import__.product_6352419,1000,2000,50
__import__.product_6354880,3,6,1
__import__.product_6355005,1,2,1
__import__.product_6355020,3,6,1
__import__.product_6355021,0,1,1
__import__.product_6356011,2,4,18
__import__.product_6356043,2,3,1
__import__.product_6390002,4,8,12
__import__.product_6395001,5,10,1
__import__.product_6420006,25,84,10
__import__.product_6420010,8,33,1
__import__.product_6441260,1,2,1
__import__.product_6445001,120,1120,1
__import__.product_6446000,10,20,1
__import__.product_6446002,20,40,1
__import__.product_6446003,10,20,1
__import__.product_6446007,5,15,1
__import__.product_6446010,30,50,1
__import__.product_6446011,15,20,1
__import__.product_6446012,16,32,1
__import__.product_6446013,12,24,1
__import__.product_6446016,0,1,1
__import__.product_6446017,1,2,1
__import__.product_6446018,1,2,1
__import__.product_6446020,12,24,1
__import__.product_6446021,1,2,1
__import__.product_6446022,4,6,1
__import__.product_6446036,4,8,1
__import__.product_6446053,0,2,1
__import__.product_6450009,1,2,1
__import__.product_6450016,1,3,1
__import__.product_6464798,5,10,1
__import__.product_6502210,0,1,1
__import__.product_6508111,0,1,1
__import__.product_6508254,4,8,1
__import__.product_6532032,150,300,50
__import__.product_6532033,50,100,50
__import__.product_6541651,16,22,50
__import__.product_6547461,0,1,1
__import__.product_6562302,4,13,1
__import__.product_6600801,9,30,1
__import__.product_6600802,5,10,1
__import__.product_6600803,7,23,1
__import__.product_6600805,12,24,12
__import__.product_6600807,3,10,1
__import__.product_6600809,17,68,1
__import__.product_6600810,6,12,1
__import__.product_6600811,18,24,12
__import__.product_6600813,14,47,1
__import__.product_6600814,2,4,1
__import__.product_6600818,15,35,20
__import__.product_6600819,2,4,1
__import__.product_6600820,10,16,1
__import__.product_6600827,0,1,1
__import__.product_6600828,8,16,1
__import__.product_6600834,0,1,1
__import__.product_6600835,4,8,1
__import__.product_6600836,5,15,1
__import__.product_6600837,3,10,1
__import__.product_6600838,2,4,1
__import__.product_6600839,1,2,1
__import__.product_6600840,8,27,1
__import__.product_6600841,2,5,1
__import__.product_6600842,6,22,1
__import__.product_6600849,1,2,1
__import__.product_6600854,5,10,1
__import__.product_6600856,25,92,1
__import__.product_6600859,5,8,1
__import__.product_6600860,47,160,12
__import__.product_6600861,14,45,6
__import__.product_6600864,6,18,20
__import__.product_6600866,23,83,1
__import__.product_6600867,15,44,1
__import__.product_6600868,4,16,1
__import__.product_6600870,26,95,1
__import__.product_6600871,20,50,1
__import__.product_6600872,2,4,1
__import__.product_6600873,2,7,1
__import__.product_6600874,6,13,1
__import__.product_6600876,10,22,1
__import__.product_6600881,12,22,1
__import__.product_6600883,9,18,12
__import__.product_6600884,13,45,1
__import__.product_6600885,16,53,1
__import__.product_6600886,5,17,1
__import__.product_6600887,3,7,1
__import__.product_6600890,1,3,1
__import__.product_6600899,2,8,1
__import__.product_6600900,12,41,12
__import__.product_6600901,163,553,6
__import__.product_6600904,1,2,1
__import__.product_6605001,0,1,1
__import__.product_6605004,1,2,1
__import__.product_6605031,2,5,1
__import__.product_6605034,20,40,1
__import__.product_6605061,10,20,1
__import__.product_6615613,1,2,1
__import__.product_6620003,21,72,1
__import__.product_6621003,5,10,1
__import__.product_6621006,10,20,1
__import__.product_6621038,2,5,1
__import__.product_6621040,5,10,1
__import__.product_6621113,2,5,1
__import__.product_6621121,2,5,1
__import__.product_6623032,10,20,1
__import__.product_6641964,1,3,1
__import__.product_6655541,3,6,1
__import__.product_6655564,6,20,1
__import__.product_6690604,100,200,10
__import__.product_6690607,10,36,12
__import__.product_6690609,36,72,1
__import__.product_6695954,3,6,6
__import__.product_6701692,30,90,10
__import__.product_6704096,1,2,1
__import__.product_6705434,15,25,1
__import__.product_6705440,3,6,1
__import__.product_6707858,15,27,1
__import__.product_6708935,6,12,1
__import__.product_6709998,2,4,1
__import__.product_6710180,10,20,1
__import__.product_6710352,6,12,1
__import__.product_6710725,12,32,1
__import__.product_6710748,3,6,1
__import__.product_6710926,45,85,1
__import__.product_6711297,60,120,1
__import__.product_6711601,2,5,1
__import__.product_6716892,10,22,1
__import__.product_6719643,6,18,1
__import__.product_6721433,1,2,1
__import__.product_6722214,26,46,1
__import__.product_6724414,3,7,1
__import__.product_6725767,40,80,8
__import__.product_6725974,10,22,1
__import__.product_6726347,120,260,1
__import__.product_6726703,5,10,1
__import__.product_6728582,3,7,1
__import__.product_6729021,41,80,1
__import__.product_6730082,20,44,12
__import__.product_6730107,0,1,1
__import__.product_6733353,20,30,1
__import__.product_6735145,20,40,1
__import__.product_6738155,2,4,1
__import__.product_6738327,20,40,1
__import__.product_6741068,1,3,1
__import__.product_6741163,5,10,1
__import__.product_6741217,2,4,1
__import__.product_6741223,6,16,1
__import__.product_6742300,2,4,1
__import__.product_6742642,100,200,1
__import__.product_6743280,2,4,1
__import__.product_6745008,2,5,1
__import__.product_6745095,5,10,1
__import__.product_6757342,80,160,1
__import__.product_6759708,6,12,1
__import__.product_6760628,10,23,1
__import__.product_6760723,1,3,1
__import__.product_6764974,8,18,1
__import__.product_6765809,3,6,1
__import__.product_6771431,30,60,1
__import__.product_6774820,20,36,6
__import__.product_6775630,1,2,1
__import__.product_6778663,10,20,1
__import__.product_6778700,6,16,1
__import__.product_6780401,3,6,1
__import__.product_6783279,5,9,1
__import__.product_6791675,5,10,1
__import__.product_6792686,4,8,1
__import__.product_6795002,2,4,15
__import__.product_6795003,1,2,10
__import__.product_6795004,10,50,10
__import__.product_6795005,5,10,5
__import__.product_6795006,7,14,10
__import__.product_6795408,1,3,1
__import__.product_6799613,5,10,1
__import__.product_6799866,4,8,1
__import__.product_6805020,2,4,1
__import__.product_6808917,2,6,1
__import__.product_6810510,5,10,1
__import__.product_6819273,20,40,10
__import__.product_6820750,4,8,1
__import__.product_6823458,20,44,1
__import__.product_6823501,10,20,1
__import__.product_6824201,5,18,1
__import__.product_6824231,6,17,1
__import__.product_6824450,10,21,1
__import__.product_6824494,10,20,1
__import__.product_6824515,12,32,1
__import__.product_6824523,25,66,1
__import__.product_6824628,15,51,1
__import__.product_6825006,8,20,1
__import__.product_6825009,2,8,1
__import__.product_6825011,4,11,1
__import__.product_6825013,6,11,1
__import__.product_6825016,14,33,1
__import__.product_6825017,15,30,1
__import__.product_6825144,4,11,1
__import__.product_6825151,4,10,1
__import__.product_6825341,120,335,1
__import__.product_6825670,79,276,1
__import__.product_6825823,1,3,1
__import__.product_6826681,150,250,1
__import__.product_6827287,10,21,1
__import__.product_6827359,3,8,1
__import__.product_6827360,12,42,1
__import__.product_6827361,7,12,1
__import__.product_6827362,7,24,1
__import__.product_6827364,5,13,1
__import__.product_6827365,10,24,1
__import__.product_6827558,20,41,1
__import__.product_6827563,45,122,1
__import__.product_6827565,12,22,1
__import__.product_6827566,15,35,1
__import__.product_6827567,25,70,1
__import__.product_6827568,18,61,1
__import__.product_6827989,3,7,1
__import__.product_6828030,4,7,1
__import__.product_6828344,2,4,1
__import__.product_6828770,4,11,1
__import__.product_6828775,5,11,1
__import__.product_6828812,2,5,1
__import__.product_6828886,110,284,1
__import__.product_6828887,60,210,1
__import__.product_6828918,8,18,1
__import__.product_6828919,6,12,1
__import__.product_6828927,3,10,1
__import__.product_6828932,2,4,1
__import__.product_6829323,16,49,1
__import__.product_6829454,2,5,1
__import__.product_6829455,10,32,1
__import__.product_6829462,2,7,1
__import__.product_6829901,6,12,1
__import__.product_6830005,250,692,12
__import__.product_6833416,2,4,1
__import__.product_6834281,16,48,1
__import__.product_6835792,16,36,12
__import__.product_6835800,50,86,1
__import__.product_6838916,10,30,1
__import__.product_6838922,8,20,1
__import__.product_6839123,6,18,1
__import__.product_6839451,17,53,1
__import__.product_6840758,4,6,1
__import__.product_6846910,16,28,12
__import__.product_6847588,50,110,12
__import__.product_6847855,4,8,12
__import__.product_6848553,2,4,1
__import__.product_6850113,4,8,1
__import__.product_6852572,0,1,1
__import__.product_6857859,14,26,1
__import__.product_6857888,2,4,1
__import__.product_6861683,2,5,1
__import__.product_6864888,7,17,1
__import__.product_6867303,40,70,1
__import__.product_6867740,48,96,12
__import__.product_6867786,4,8,1
__import__.product_6867912,48,96,12
__import__.product_6868231,400,700,12
__import__.product_6868372,2,5,1
__import__.product_6868484,8,20,12
__import__.product_6868490,18,30,12
__import__.product_6868745,120,240,12
__import__.product_6869029,3,6,1
__import__.product_6869101,30,72,1
__import__.product_6871351,16,26,1
__import__.product_6878206,1,3,1
__import__.product_6878577,6,10,1
__import__.product_6885979,60,96,12
__import__.product_6886016,3,6,1
__import__.product_6889055,4,9,1
__import__.product_6889115,40,80,1
__import__.product_6891595,40,90,1
__import__.product_6891721,3,5,1
__import__.product_6895133,50,110,1
__import__.product_6899071,30,60,12
__import__.product_6899243,6,12,1
__import__.product_6900001,2,4,4
__import__.product_6900756,0,1,1
__import__.product_6902034,14,26,12
__import__.product_6902577,60,120,1
__import__.product_6910430,5,10,1
__import__.product_6911978,40,80,1
__import__.product_6913888,30,60,1
__import__.product_6913894,25,45,1
__import__.product_6920032,3,6,1
__import__.product_6929464,200,360,12
__import__.product_6931194,16,36,1
__import__.product_6931805,1,3,1
__import__.product_6935246,1,2,1
__import__.product_6940170,1,3,1
__import__.product_6940230,260,540,1
__import__.product_6941063,4,10,1
__import__.product_6941347,120,240,10
__import__.product_6943464,10,20,1
__import__.product_6943524,6,10,1
__import__.product_6943576,80,160,1
__import__.product_6943725,60,132,1
__import__.product_6943731,2,5,1
__import__.product_6943754,20,40,1
__import__.product_6943760,30,70,10
__import__.product_6944245,50,110,1
__import__.product_6946818,40,80,1
__import__.product_6948728,60,120,1
__import__.product_6957147,5,11,1
__import__.product_6957615,2,4,1
__import__.product_6960758,3,6,12
__import__.product_6964331,2,4,1
__import__.product_6964383,1,2,1
__import__.product_6966169,2,4,1
__import__.product_6969624,24,48,1
__import__.product_6969759,120,240,12
__import__.product_6969765,84,156,12
__import__.product_6969771,18,30,1
__import__.product_6971377,6,20,12
__import__.product_6971667,1,2,1
__import__.product_6975116,13,23,10
__import__.product_6978089,1,3,1
__import__.product_6980620,3,6,10
__import__.product_6980979,0,1,1
__import__.product_6980985,2,4,1
__import__.product_6981921,3,6,1
__import__.product_6984954,2,4,1
__import__.product_6985310,4,8,1
__import__.product_6987869,5,11,1
__import__.product_6988892,7,19,1
__import__.product_6989437,2,5,1
__import__.product_6989443,8,20,12
__import__.product_6993002,1,2,1
__import__.product_6993752,6,12,1
__import__.product_6994065,12,24,1
__import__.product_6996124,2,5,1
__import__.product_6997916,10,20,1
__import__.product_7003800,6,17,10
__import__.product_7031966,2,4,1
__import__.product_7040132,2,6,1
__import__.product_7058414,2,4,1
__import__.product_7080657,10,20,1
__import__.product_7096600,3,8,1
__import__.product_7102302,6,12,10
__import__.product_7104300,1,2,1
__import__.product_7105275,8,16,10
__import__.product_7110003,30,101,1
__import__.product_7110007,20,30,10
__import__.product_7110010,10,20,6
__import__.product_7110014,600,1000,10
__import__.product_7110020,174,590,10
__import__.product_7110025,98,333,1
__import__.product_7110035,279,500,10
__import__.product_7110036,80,120,10
__import__.product_7110038,6,12,1
__import__.product_7110040,300,500,1
__import__.product_7116438,60,120,10
__import__.product_7116444,6,12,12
__import__.product_7116450,24,48,12
__import__.product_7116467,1,5,12
__import__.product_7139362,5,10,1
__import__.product_7140032,36,72,1
__import__.product_7140310,6,12,1
__import__.product_7140320,36,72,36
__import__.product_7140422,24,48,36
__import__.product_7140442,36,72,36
__import__.product_7140451,15,30,36
__import__.product_7141305,12,24,1
__import__.product_7143115,10,15,1
__import__.product_7143170,14,28,36
__import__.product_7144507,5,10,1
__import__.product_7145443,0,1,1
__import__.product_7146603,30,60,10
__import__.product_7146604,100,200,10
__import__.product_7146605,25,75,10
__import__.product_7146652,20,60,10
__import__.product_7149358,1,2,1
__import__.product_7149423,3,6,1
__import__.product_7149518,0,10,36
__import__.product_7196348,8,18,1
__import__.product_7196443,15,35,1
__import__.product_7196466,30,105,1
__import__.product_7196549,31,71,1
__import__.product_7196555,30,93,1
__import__.product_7196621,10,18,1
__import__.product_7196644,80,222,1
__import__.product_7196650,50,140,1
__import__.product_7196696,30,85,1
__import__.product_7196704,17,57,1
__import__.product_7196822,30,64,1
__import__.product_7196874,20,54,1
__import__.product_7196880,20,49,1
__import__.product_7196934,51,177,1
__import__.product_7197017,66,148,1
__import__.product_7197069,36,124,1
__import__.product_7197106,25,68,1
__import__.product_7197141,26,66,1
__import__.product_7228315,31,110,1
__import__.product_7230000,12,36,6
__import__.product_7235841,3,5,1
__import__.product_7241333,8,14,6
__import__.product_7241356,12,40,1
__import__.product_7260218,3,11,1
__import__.product_7264788,0,1,1
__import__.product_7302500,40,80,1
__import__.product_7302572,3,6,1
__import__.product_7314003,7,22,1
__import__.product_7314026,4,13,1
__import__.product_7330172,4,8,1
__import__.product_7351518,10,25,1
__import__.product_7351524,5,10,1
__import__.product_7368001,6,8,50
__import__.product_7368012,1,2,1
__import__.product_7368944,8,20,1
__import__.product_7368950,30,70,1
__import__.product_7368967,4,10,1
__import__.product_7369004,26,88,1
__import__.product_7376464,3,8,1
__import__.product_7379592,6,17,1
__import__.product_7384001,2,4,1
__import__.product_7384344,11,37,1
__import__.product_7413006,1,2,1
__import__.product_7413010,10,15,1
__import__.product_7413080,5,10,1
__import__.product_7416643,6,10,1
__import__.product_7416666,2,4,1
__import__.product_7416695,50,120,1
__import__.product_7420006,1,2,1
__import__.product_7420007,4,12,1
__import__.product_7420008,4,10,1
__import__.product_7420014,1,2,1
__import__.product_7420017,12,26,6
__import__.product_7420018,14,39,1
__import__.product_7420019,3,9,10
__import__.product_7420020,4,5,10
__import__.product_7420021,5,20,10
__import__.product_7420022,15,25,10
__import__.product_7420023,4,8,10
__import__.product_7420024,5,17,10
__import__.product_7420025,5,16,10
__import__.product_7420026,2,6,10
__import__.product_7420027,2,6,1
__import__.product_7420028,4,7,1
__import__.product_7420029,12,22,10
__import__.product_7420032,3,8,1
__import__.product_7420035,10,20,10
__import__.product_7420036,10,20,10
__import__.product_7420037,10,20,10
__import__.product_7420038,10,20,10
__import__.product_7420039,7,17,10
__import__.product_7420114,0,1,1
__import__.product_7421500,1,5,1
__import__.product_7429006,2,5,1
__import__.product_7429008,12,24,1
__import__.product_7429030,10,20,1
__import__.product_7429036,0,1,1
__import__.product_7429054,25,50,1
__import__.product_7429055,5,10,1
__import__.product_7429059,2,5,1
__import__.product_7429068,50,100,1
__import__.product_7429072,15,30,1
__import__.product_7437036,24,43,1
__import__.product_7437042,30,102,1
__import__.product_7437071,7,12,1
__import__.product_7437119,4,11,1
__import__.product_7445032,8,16,40
__import__.product_7445033,0,1,1
__import__.product_7445484,0,1,1
__import__.product_7464500,1,2,1
__import__.product_7464642,8,15,1
__import__.product_7466900,0,1,1
__import__.product_7483993,400,800,100
__import__.product_7505500,15,25,10
__import__.product_7505842,68,150,60
__import__.product_7505850,2,3,1
__import__.product_7517510,0,1,1
__import__.product_7517918,9,38,1
__import__.product_7520895,40,111,1
__import__.product_7534408,10,20,1
__import__.product_7536956,10,20,1
__import__.product_7547090,0,6,1
__import__.product_7565633,10,16,1
__import__.product_7568287,2,5,1
__import__.product_7640240,3,8,1
__import__.product_7672441,36,75,1
__import__.product_7684094,0,1,1
__import__.product_7693360,22,50,1
__import__.product_7735000,30,60,1
__import__.product_7735004,40,80,1
__import__.product_7735010,80,160,1
__import__.product_7745012,5,15,1
__import__.product_7745013,1,2,1
__import__.product_7745014,0,1,1
__import__.product_7745015,1,2,1
__import__.product_7745017,4,12,1
__import__.product_7745019,6,14,1
__import__.product_7745020,12,29,1
__import__.product_7745051,8,20,1
__import__.product_7752447,30,54,2
__import__.product_7758516,0,1,1
__import__.product_7760203,36,119,12
__import__.product_7760208,24,46,12
__import__.product_7760217,24,81,1
__import__.product_7760218,48,161,1
__import__.product_7760220,46,157,12
__import__.product_7760300,45,150,1
__import__.product_7760301,33,135,10
__import__.product_7760306,20,40,1
__import__.product_7760307,4,8,1
__import__.product_7760331,4,15,6
__import__.product_7760333,13,43,1
__import__.product_7760334,20,50,1
__import__.product_7760335,5,15,1
__import__.product_7760336,15,30,10
__import__.product_7760338,15,30,10
__import__.product_7760339,4,8,10
__import__.product_7760340,8,16,10
__import__.product_7760341,4,8,10
__import__.product_7760342,2,5,1
__import__.product_7760344,3,6,1
__import__.product_7760345,8,16,1
__import__.product_7761015,20,40,1
__import__.product_7762262,31,50,6
__import__.product_7764001,4,8,1
__import__.product_7764004,14,30,1
__import__.product_7764006,3,5,1
__import__.product_7764007,2,4,1
__import__.product_7764009,3,7,1
__import__.product_7764010,2,4,1
__import__.product_7764014,2,4,1
__import__.product_7764016,10,20,1
__import__.product_7764018,2,3,1
__import__.product_7764022,10,20,1
__import__.product_7764025,2,4,1
__import__.product_7764030,3,7,1
__import__.product_7764031,15,35,1
__import__.product_7764032,4,9,1
__import__.product_7764033,9,19,1
__import__.product_7764035,5,9,1
__import__.product_7764036,3,8,1
__import__.product_7764037,10,20,1
__import__.product_7764040,0,1,1
__import__.product_7764041,0,1,1
__import__.product_7764042,3,6,1
__import__.product_7764044,2,4,1
__import__.product_7764049,2,4,1
__import__.product_7764054,2,3,1
__import__.product_7764058,3,6,1
__import__.product_7764059,2,4,1
__import__.product_7764061,1,2,1
__import__.product_7764063,2,4,1
__import__.product_7764066,6,13,1
__import__.product_7764067,2,5,1
__import__.product_7764070,2,4,1
__import__.product_7764072,4,8,1
__import__.product_7764073,4,9,1
__import__.product_7764078,2,3,1
__import__.product_7764079,2,4,1
__import__.product_7764081,2,4,1
__import__.product_7764313,1,2,1
__import__.product_7764416,5,10,1
__import__.product_7764462,0,1,1
__import__.product_7764520,11,23,1
__import__.product_7796462,0,1,1
__import__.product_7805132,1,2,1
__import__.product_7810943,20,40,1
__import__.product_7829453,22,64,1
__import__.product_7863968,2,5,1
__import__.product_7865039,9,18,1
__import__.product_7865045,30,79,1
__import__.product_7865046,61,125,1
__import__.product_7865048,23,43,1
__import__.product_7910009,19,35,12
__import__.product_7910010,20,57,12
__import__.product_7910018,8,27,12
__import__.product_7910032,12,24,12
__import__.product_7910033,7,21,12
__import__.product_7910034,14,32,12
__import__.product_7910041,500,1295,30
__import__.product_7910047,37,135,12
__import__.product_7910048,36,120,12
__import__.product_7910050,30,102,25
__import__.product_7910055,33,133,12
__import__.product_7911305,8,16,1
__import__.product_7911402,2,4,1
__import__.product_7913505,15,30,1
__import__.product_7915000,103,348,110
__import__.product_7915001,48,158,1
__import__.product_7915015,37,125,110
__import__.product_7917100,6,26,1
__import__.product_7917101,2,4,1
__import__.product_7920000,12,18,1
__import__.product_7920002,1,2,1
__import__.product_7920004,4,8,1
__import__.product_7920005,13,26,1
__import__.product_7920006,3,6,1
__import__.product_7920007,5,10,1
__import__.product_7920008,25,50,1
__import__.product_7920009,8,16,1
__import__.product_7920010,1,2,1
__import__.product_7920011,4,8,1
__import__.product_7920012,6,12,1
__import__.product_7920013,25,50,1
__import__.product_7920014,25,50,1
__import__.product_7920015,20,40,1
__import__.product_7920016,3,6,1
__import__.product_7920020,2,4,1
__import__.product_7920021,25,50,1
__import__.product_7920022,15,30,1
__import__.product_7920023,4,8,1
__import__.product_7920024,15,30,20
__import__.product_7920030,1,2,1
__import__.product_7920033,2,4,1
__import__.product_7920034,1,2,1
__import__.product_7920035,10,20,1
__import__.product_7920036,20,40,1
__import__.product_7920037,5,10,1
__import__.product_7920038,1,2,1
__import__.product_7920039,5,10,1
__import__.product_7920040,2,4,1
__import__.product_7920042,2,4,1
__import__.product_7920043,2,4,1
__import__.product_7920044,1,2,1
__import__.product_7920045,4,8,1
__import__.product_7920046,25,50,1
__import__.product_7920047,2,4,1
__import__.product_7920048,6,12,12
__import__.product_7920049,25,50,1
__import__.product_7920050,1,2,1
__import__.product_7920055,0,2,1
__import__.product_7920056,50,100,1
__import__.product_7920057,2,4,1
__import__.product_7920069,3,6,6
__import__.product_7920070,8,16,6
__import__.product_7920143,5,10,4
__import__.product_7920149,25,50,1
__import__.product_7920156,5,10,1
__import__.product_7920603,2,4,4
__import__.product_7922137,0,1,1
__import__.product_7923020,2,4,1
__import__.product_7923070,7,14,1
__import__.product_7924058,12,36,12
__import__.product_7924227,2,4,1
__import__.product_7927030,0,1,1
__import__.product_7929999,20,40,1
__import__.product_7930104,10,30,3
__import__.product_7930117,30,60,40
__import__.product_7930121,1,2,1
__import__.product_7930129,250,500,100
__import__.product_7930131,1,2,1
__import__.product_7933605,6,13,1
__import__.product_7939967,7,25,1
__import__.product_7944359,0,1,1
__import__.product_7944365,1,2,1
__import__.product_7956747,5,18,1
__import__.product_7965930,16,40,1
__import__.product_7969001,31,50,1
__import__.product_7969004,2,3,1
__import__.product_7969005,30,60,1
__import__.product_7969006,2,4,1
__import__.product_7974455,0,1,1
__import__.product_7976371,6,20,1
__import__.product_7978306,2,4,1
__import__.product_8000034,60,120,50
__import__.product_8000040,20,40,50
__import__.product_8000057,8,16,50
__import__.product_8000063,8,16,50
__import__.product_8000092,12,24,50
__import__.product_8000100,12,24,50
__import__.product_8000117,40,80,50
__import__.product_8000123,4,6,50
__import__.product_8000146,5,10,50
__import__.product_8000152,4,8,50
__import__.product_8000154,1,2,1
__import__.product_8000169,200,400,50
__import__.product_8000175,120,240,50
__import__.product_8000181,30,60,50
__import__.product_8000198,30,60,50
__import__.product_8000206,2,4,40
__import__.product_8000614,600,1200,50
__import__.product_8000620,50,100,50
__import__.product_8000637,400,800,50
__import__.product_8000666,500,600,50
__import__.product_8000689,50,200,50
__import__.product_8000896,10,20,50
__import__.product_8000910,50,100,50
__import__.product_8000927,15,50,50
__import__.product_8000956,50,100,50
__import__.product_8001281,0,1,1
__import__.product_8001298,0,1,1
__import__.product_8001737,1,2,1
__import__.product_8001766,0,1,1
__import__.product_8001772,2,4,1
__import__.product_8001878,6,12,1
__import__.product_8001909,2,5,10
__import__.product_8001915,10,10,1
__import__.product_8001938,75,100,200
__import__.product_8001944,400,800,50
__import__.product_8001950,2,5,100
__import__.product_8001973,0,1,1
__import__.product_8002263,120,240,30
__import__.product_8002286,24,48,18
__import__.product_8002292,20,40,12
__import__.product_8002300,24,48,12
__import__.product_8002369,20,40,4
__import__.product_8002381,12,24,4
__import__.product_8002429,0,1,1
__import__.product_8002470,200,400,24
__import__.product_8002487,135,180,16
__import__.product_8002493,90,120,12
__import__.product_8002501,150,200,12
__import__.product_8002518,8,10,8
__import__.product_8002524,30,40,4
__import__.product_8002582,12,24,1
__import__.product_8002599,12,24,1
__import__.product_8002642,1,3,1
__import__.product_8002671,60,120,1
__import__.product_8002702,3,6,1
__import__.product_8002719,24,48,1
__import__.product_8002731,6,12,1
__import__.product_8003073,3,6,1
__import__.product_8003096,6,8,1
__import__.product_8003104,1,2,1
__import__.product_8003127,3,10,1
__import__.product_8003222,5,10,10
__import__.product_8003392,3,6,20
__import__.product_8003481,140,280,60
__import__.product_8003624,2,4,1
__import__.product_8003630,2,4,1
__import__.product_8003647,2,4,1
__import__.product_8003682,1,2,1
__import__.product_8003707,2,4,1
__import__.product_8003736,6,12,1
__import__.product_8003765,5,10,1
__import__.product_8003788,4,8,1
__import__.product_8003794,2,4,1
__import__.product_8003802,1,2,1
__import__.product_8003819,1,2,1
__import__.product_8003848,1,2,1
__import__.product_8003854,6,12,1
__import__.product_8003860,3,6,1
__import__.product_8003877,3,6,1
__import__.product_8003914,0,1,1
__import__.product_8003920,1,3,1
__import__.product_8005209,0,1,1
__import__.product_8005735,25,50,5
__import__.product_8005741,20,30,5
__import__.product_8005758,10,20,5
__import__.product_8005770,20,40,5
__import__.product_8005793,2,4,1
__import__.product_8006002,3,6,12
__import__.product_8006019,2,5,12
__import__.product_8006048,0,1,12
__import__.product_8006077,5,10,1
__import__.product_8006083,2,4,1
__import__.product_8006108,0,1,1
__import__.product_8006114,0,1,1
__import__.product_8006611,3,6,1
__import__.product_8006769,20,40,20
__import__.product_8006775,0,1,1
__import__.product_8006841,3,8,1
__import__.product_8006858,2,8,1
__import__.product_8006864,12,24,6
__import__.product_8007013,3,6,6
__import__.product_8007036,0,1,1
__import__.product_8007148,3,6,1
__import__.product_8007154,5,10,1
__import__.product_8007183,30,50,10
__import__.product_8007208,0,1,1
__import__.product_8007243,1,2,1
__import__.product_8007378,120,240,12
__import__.product_8007409,10,20,20
__import__.product_8007473,50,100,1
__import__.product_8007616,1,2,1
__import__.product_8007622,1,2,1
__import__.product_8007645,0,1,1
__import__.product_8007674,1,2,1
__import__.product_8007680,1,2,1
__import__.product_8007697,12,24,12
__import__.product_8007705,8,16,12
__import__.product_8007711,12,24,12
__import__.product_8007728,1,2,1
__import__.product_8007734,1,2,1
__import__.product_8007740,2,3,1
__import__.product_8007757,1,2,1
__import__.product_8007763,1,2,1
__import__.product_8007786,2,3,1
__import__.product_8007993,5,15,1
__import__.product_8008001,5,20,20
__import__.product_8008018,10,20,1
__import__.product_8008107,2,4,1
__import__.product_8008113,1,2,1
__import__.product_8008136,0,1,1
__import__.product_8008142,1,2,1
__import__.product_8008165,2,4,25
__import__.product_8008171,2,4,10
__import__.product_8008188,2,3,10
__import__.product_8008194,1,3,5
__import__.product_8008202,0,5,5
__import__.product_8008260,24,48,12
__import__.product_8008337,48,96,12
__import__.product_8008490,5,10,36
__import__.product_8010417,72,108,36
__import__.product_8010423,72,108,36
__import__.product_8010446,36,72,36
__import__.product_8010469,36,72,36
__import__.product_8010481,12,24,36
__import__.product_8011115,5,36,36
__import__.product_8011196,1,5,1
__import__.product_8011279,5,10,1
__import__.product_8011374,6,12,36
__import__.product_8011380,36,36,36
__import__.product_8011405,18,36,36
__import__.product_8011440,12,24,36
__import__.product_8011457,2,6,1
__import__.product_8012020,18,36,36
__import__.product_8012095,1,6,36
__import__.product_8012103,36,48,36
__import__.product_8012126,36,72,36
__import__.product_8012184,72,108,36
__import__.product_8012221,20,25,20
__import__.product_8012238,2,4,36
__import__.product_8012296,360,720,36
__import__.product_8012304,36,48,36
__import__.product_8012333,60,120,20
__import__.product_8012356,12,16,36
__import__.product_8012379,36,48,36
__import__.product_8012385,36,72,36
__import__.product_8012391,6,12,36
__import__.product_8012416,36,72,36
__import__.product_8012445,30,60,20
__import__.product_8012451,2,5,36
__import__.product_8012468,6,12,36
__import__.product_8012474,72,144,36
__import__.product_8012505,10,20,36
__import__.product_8012511,20,40,20
__import__.product_8012528,6,24,36
__import__.product_8012534,6,12,36
__import__.product_8012540,10,20,36
__import__.product_8012563,20,40,20
__import__.product_8013746,0,1,1
__import__.product_8014473,1,2,1
__import__.product_8014674,0,1,1
__import__.product_8014680,0,1,1
__import__.product_8014740,400,800,50
__import__.product_8014757,0,1,1
__import__.product_8014935,25,50,50
__import__.product_8015171,1,2,1
__import__.product_8015188,2,4,1
__import__.product_8015194,5,10,1
__import__.product_8015455,3,6,1
__import__.product_8016006,0,2,1
__import__.product_8016182,0,1,1
__import__.product_8017081,50,100,1
__import__.product_8017230,1,2,1
__import__.product_8017678,2,4,1
__import__.product_8017684,2,4,1
__import__.product_8017690,2,4,1
__import__.product_8017709,2,4,1
__import__.product_8017715,0,1,1
__import__.product_8017773,1,2,1
__import__.product_8017796,2,3,1
__import__.product_8017804,2,5,1
__import__.product_8017810,2,3,1
__import__.product_8017827,2,3,1
__import__.product_8017833,10,20,10
__import__.product_8017862,10,20,10
__import__.product_8017879,10,20,10
__import__.product_8017895,2,4,10
__import__.product_8018293,1,2,1
__import__.product_8018301,0,1,1
__import__.product_8018324,1,2,1
__import__.product_8018347,1,2,1
__import__.product_8018353,1,2,1
__import__.product_8018376,1,2,1
__import__.product_8018382,1,2,1
__import__.product_8018413,1,2,1
__import__.product_8018436,1,2,1
__import__.product_8018442,1,2,1
__import__.product_8018471,1,2,1
__import__.product_8018502,0,1,1
__import__.product_8018519,0,2,1
__import__.product_8018525,0,2,1
__import__.product_8018531,1,2,1
__import__.product_8018548,0,2,1
__import__.product_8018554,2,4,1
__import__.product_8018637,0,2,1
__import__.product_8018666,1,2,1
__import__.product_8018689,0,2,1
__import__.product_8018784,1,2,1
__import__.product_8018838,1,2,1
__import__.product_8018844,1,2,1
__import__.product_8018979,1,2,1
__import__.product_8018985,1,2,1
__import__.product_8019016,0,2,1
__import__.product_8019039,1,2,1
__import__.product_8019200,10,20,1
__import__.product_8019217,10,20,1
__import__.product_8019275,1,2,1
__import__.product_8019298,50,100,1
__import__.product_8019335,20,40,1
__import__.product_8019424,10,20,1
__import__.product_8019513,5,10,1
__import__.product_8019536,5,10,1
__import__.product_8019542,5,10,1
__import__.product_8019559,10,20,1
__import__.product_8019625,5,10,1
__import__.product_8019631,5,10,1
__import__.product_8019683,5,10,1
__import__.product_8019708,5,10,1
__import__.product_8019737,0,1,1
__import__.product_8019743,5,10,1
__import__.product_8019878,10,20,1
__import__.product_8019884,25,50,1
__import__.product_8019890,0,2,1
__import__.product_8020011,0,1,1
__import__.product_8020249,5,10,1
__import__.product_8020255,0,2,1
__import__.product_8020284,10,15,1
__import__.product_8020410,0,1,1
__import__.product_8020427,1,2,1
__import__.product_8020433,10,20,1
__import__.product_8020456,0,1,1
__import__.product_8020545,20,40,1
__import__.product_8020605,0,1,1
__import__.product_8020611,25,50,1
__import__.product_8020634,100,200,1
__import__.product_8020663,10,20,1
__import__.product_8020686,2,5,1
__import__.product_8020692,20,40,1
__import__.product_8020700,5,10,1
__import__.product_8020717,10,20,1
__import__.product_8020723,2,4,1
__import__.product_8020746,20,40,1
__import__.product_8020752,2,5,1
__import__.product_8020798,50,100,1
__import__.product_8020806,15,30,1
__import__.product_8020835,20,40,1
__import__.product_8020841,1,2,1
__import__.product_8020870,2,4,1
__import__.product_8020893,2,4,1
__import__.product_8020924,5,10,1
__import__.product_8020930,50,100,1
__import__.product_8020947,150,300,1
__import__.product_8020953,15,30,1
__import__.product_8021125,10,20,1
__import__.product_8021131,10,20,1
__import__.product_8021154,2,5,1
__import__.product_8021160,10,20,1
__import__.product_8021220,30,60,1
__import__.product_8021237,15,30,1
__import__.product_8021272,10,20,1
__import__.product_8021289,25,50,1
__import__.product_8021303,2,5,1
__import__.product_8021409,3,5,1
__import__.product_8021444,1,2,1
__import__.product_8021496,20,25,1
__import__.product_8021616,1,2,1
__import__.product_8021639,0,1,1
__import__.product_8021645,0,1,1
__import__.product_8021734,10,15,1
__import__.product_8021740,2,3,1
__import__.product_8021757,3,3,1
__import__.product_8021763,24,36,1
__import__.product_8021786,30,60,1
__import__.product_8021792,150,300,1
__import__.product_8021793,2,5,1
__import__.product_8021800,1,2,1
__import__.product_8021817,3,6,1
__import__.product_8021823,12,18,1
__import__.product_8021846,14,21,50
__import__.product_8021852,3,6,1
__import__.product_8021869,16,24,1
__import__.product_8021875,8,12,50
__import__.product_8021881,5,6,1
__import__.product_8021898,12,18,1
__import__.product_8021906,12,18,50
__import__.product_8021912,160,240,50
__import__.product_8021929,50,75,50
__import__.product_8021935,90,135,50
__import__.product_8021970,0,1,1
__import__.product_8021987,0,1,1
__import__.product_8021993,0,1,1
__import__.product_8022018,0,2,1
__import__.product_8022604,0,1,1
__import__.product_8023271,5,10,1
__import__.product_8023294,2,5,1
__import__.product_8023526,10,20,1
__import__.product_8024000,2,4,1
__import__.product_8024046,8,12,100
__import__.product_8024052,1,2,100
__import__.product_8024141,1,2,1
__import__.product_8024164,1,2,9
__import__.product_8024224,2,4,1
__import__.product_8024230,0,1,1
__import__.product_8024247,0,1,1
__import__.product_8024307,2,3,1
__import__.product_8024394,0,1,1
__import__.product_8024885,10,20,1
__import__.product_8025005,10,20,1
__import__.product_8025123,2,4,1
__import__.product_8025181,1,2,1
__import__.product_8025293,1,2,1
__import__.product_8025318,1,2,1
__import__.product_8025330,0,1,1
__import__.product_8025407,3,5,1
__import__.product_8025442,2,4,1
__import__.product_8025494,2,6,1
__import__.product_8025531,1,2,1
__import__.product_8025689,0,1,1
__import__.product_8025815,3,6,1
__import__.product_8025979,0,1,1
__import__.product_8026186,15,22,5
__import__.product_8026223,1,2,1
__import__.product_8026507,4,8,1
__import__.product_8026921,500,1000,10
__import__.product_8026996,10,20,16
__import__.product_8027004,2,3,1
__import__.product_8027010,5,10,10
__import__.product_8027061,5,10,6
__import__.product_8027151,25,50,1
__import__.product_8027168,0,1,1
__import__.product_8027174,0,1,1
__import__.product_8027180,1,2,1
__import__.product_8027300,0,1,1
__import__.product_8027524,100,150,1
__import__.product_8027547,30,126,6
__import__.product_8027553,1,2,1
__import__.product_8027576,2,4,1
__import__.product_8027748,0,1,1
__import__.product_8027754,0,1,1
__import__.product_8027760,0,1,1
__import__.product_8027777,2,4,1
__import__.product_8027783,3,6,12
__import__.product_8027808,3,6,1
__import__.product_8027814,3,6,12
__import__.product_8027820,6,12,12
__import__.product_8027837,4,8,1
__import__.product_8028015,10,20,10
__import__.product_8028021,20,40,10
__import__.product_8028038,10,20,10
__import__.product_8028044,5,10,10
__import__.product_8028268,12,24,12
__import__.product_8028274,5,10,1
__import__.product_8028280,2,7,1
__import__.product_8028334,2,4,1
__import__.product_8028340,4,6,20
__import__.product_8028392,1,12,1
__import__.product_8028400,60,120,1
__import__.product_8028417,24,36,1
__import__.product_8028452,1,3,1
__import__.product_8028469,10,20,1
__import__.product_8028475,20,40,1
__import__.product_8028535,10,20,1
__import__.product_8028541,3,6,1
__import__.product_8028558,3,6,1
__import__.product_8028570,5,6,12
__import__.product_8028587,15,23,12
__import__.product_8028618,0,1,1
__import__.product_8028733,0,1,1
__import__.product_8028972,5,10,1
__import__.product_8029055,15,30,1
__import__.product_8029664,0,1,1
__import__.product_8029776,0,1,1
__import__.product_8029842,0,1,1
__import__.product_8029902,0,1,1
__import__.product_8030012,1,2,1
__import__.product_8030025,1,10,1
__import__.product_8030029,1,2,1
__import__.product_8030035,0,1,1
__import__.product_8030041,0,1,1
__import__.product_8030064,0,1,1
__import__.product_8030070,1,2,1
__import__.product_8030087,1,2,1
__import__.product_8030093,1,2,1
__import__.product_8030101,1,2,1
__import__.product_8030118,1,2,1
__import__.product_8030124,0,1,1
__import__.product_8030130,0,1,1
__import__.product_8030147,0,1,1
__import__.product_8030288,1,2,1
__import__.product_8030294,1,3,1
__import__.product_8030503,150,300,50
__import__.product_8030526,200,400,100
__import__.product_8030561,0,1,1
__import__.product_8030584,5,10,1
__import__.product_8030590,40,80,40
__import__.product_8030609,2,4,1
__import__.product_8030615,12,18,5
__import__.product_8030791,0,1,1
__import__.product_8030851,20,40,25
__import__.product_8030897,1,2,1
__import__.product_8030905,2,4,1
__import__.product_8031017,3,6,1
__import__.product_8031098,0,2,1
__import__.product_8031141,0,5,1
__import__.product_8031193,10,15,100
__import__.product_8031201,30,45,100
__import__.product_8031224,4,6,100
__import__.product_8031276,0,1,1
__import__.product_8031365,3,6,100
__import__.product_8031371,2,5,100
__import__.product_8031388,1,2,100
__import__.product_8031394,2,3,100
__import__.product_8031419,2,4,1
__import__.product_8031460,8,13,1
__import__.product_8031477,10,22,1
__import__.product_8031543,0,1,12
__import__.product_8031566,15,25,50
__import__.product_8031572,15,25,50
__import__.product_8031589,15,25,1
__import__.product_8031595,2,5,1
__import__.product_8031603,1,3,1
__import__.product_8031661,2,4,10
__import__.product_8031678,3,6,10
__import__.product_8031684,1,2,10
__import__.product_8031690,2,4,1
__import__.product_8031939,1,2,1
__import__.product_8032011,4,6,4
__import__.product_8032028,1,2,1
__import__.product_8032034,1,2,1
__import__.product_8032181,2,4,20
__import__.product_8032376,4,8,50
__import__.product_8032442,5,10,1
__import__.product_8032488,2,5,1
__import__.product_8032494,2,5,1
__import__.product_8033282,1,320,1
__import__.product_8033370,2,5,1
__import__.product_8033832,1,10,1
__import__.product_8034079,1,2,1
__import__.product_8034263,0,10,1
__import__.product_8034317,0,1,1
__import__.product_8034435,10,20,1
__import__.product_8035073,2,4,1
__import__.product_8035096,7,12,1
__import__.product_8035104,5,8,1
__import__.product_8035191,1,2,1
__import__.product_8035251,0,1,1
__import__.product_8035268,0,1,1
__import__.product_8035274,0,1,1
__import__.product_8035392,1,2,10
__import__.product_8035423,1,2,1
__import__.product_8035506,1,2,6
__import__.product_8035529,4,8,1
__import__.product_8035742,1,2,1
__import__.product_8035937,2,5,1
__import__.product_8035943,1,2,1
__import__.product_8035966,1,2,1
__import__.product_8036227,0,2,1
__import__.product_8036262,0,1,1
__import__.product_8036285,0,2,1
__import__.product_8036322,3,6,1
__import__.product_8036339,0,1,1
__import__.product_8036351,1,2,1
__import__.product_8036374,0,2,1
__import__.product_8036397,2,6,1
__import__.product_8036405,2,4,1
__import__.product_8036411,0,1,1
__import__.product_8036428,0,1,1
__import__.product_8036575,1,2,1
__import__.product_8036581,0,1,1
__import__.product_8036598,2,5,1
__import__.product_8036612,5,10,1
__import__.product_8036865,1,2,1
__import__.product_8037379,1,2,1
__import__.product_8037528,10,20,1
__import__.product_8037712,1,2,1
__import__.product_8037847,5,10,1
__import__.product_8037853,2,4,1
__import__.product_8037876,3,6,1
__import__.product_8037882,2,4,1
__import__.product_8037899,6,12,1
__import__.product_8037907,3,6,1
__import__.product_8037913,2,4,1
__import__.product_8037936,1,2,1
__import__.product_8038012,3,5,8
__import__.product_8038025,10,20,1
__import__.product_8038031,25,50,1
__import__.product_8038048,20,40,10
__import__.product_8038052,2,4,1
__import__.product_8038077,15,30,12
__import__.product_8038114,160,200,160
__import__.product_8038120,200,300,100
__import__.product_8038137,90,120,1
__import__.product_8038309,3,7,4
__import__.product_8038315,12,20,4
__import__.product_8038321,8,16,4
__import__.product_8038338,16,32,4
__import__.product_8038344,12,24,4
__import__.product_8038367,4,8,4
__import__.product_8038373,2,4,4
__import__.product_8038522,100,480,10
__import__.product_8038545,16,24,1
__import__.product_8038568,480,960,10
__import__.product_8038580,10,15,1
__import__.product_8038605,6,12,10
__import__.product_8038611,25,50,10
__import__.product_8039415,2,5,1
__import__.product_8039473,1,2,1
__import__.product_8039496,0,1,1
__import__.product_8039504,3,5,1
__import__.product_8039510,5,10,1
__import__.product_8039533,1,2,1
__import__.product_8039557,2,5,1
__import__.product_8039558,2,5,1
__import__.product_8039559,2,6,1
__import__.product_8039560,2,5,1
__import__.product_8039561,2,5,1
__import__.product_8039711,0,1,1
__import__.product_8039728,0,1,1
__import__.product_8039734,2,4,1
__import__.product_8039740,3,6,1
__import__.product_8039898,0,1,1
__import__.product_8039906,0,1,1
__import__.product_8039912,100,500,8
__import__.product_8039987,10,20,6
__import__.product_8040039,10,15,1
__import__.product_8040105,10,20,6
__import__.product_8040140,0,1,1
__import__.product_8040298,10,20,1
__import__.product_8040335,2,4,1
__import__.product_8040358,5,10,1
__import__.product_8040364,2,4,1
__import__.product_8040393,0,1,1
__import__.product_8040447,2,5,1
__import__.product_8040448,0,1,1
__import__.product_8040453,20,40,1
__import__.product_8040542,0,1,1
__import__.product_8040708,12,24,12
__import__.product_8040861,10,20,1
__import__.product_8041257,2,3,1
__import__.product_8041470,3,8,1
__import__.product_8041576,3,6,1
__import__.product_8041837,0,2,1
__import__.product_8042653,0,2,1
__import__.product_8042713,0,1,1
__import__.product_8042819,2,4,1
__import__.product_8042995,0,1,1
__import__.product_8043061,1,5,1
__import__.product_8043078,1,2,1
__import__.product_8043084,0,1,1
__import__.product_8043090,0,1,1
__import__.product_8043121,0,5,1
__import__.product_8043552,500,1220,20
__import__.product_8043598,25,50,1
__import__.product_8043606,15,30,1
__import__.product_8043670,24,36,10
__import__.product_8043687,90,135,10
__import__.product_8043693,50,75,10
__import__.product_8043701,70,105,10
__import__.product_8043718,60,90,10
__import__.product_8043724,70,105,10
__import__.product_8043730,60,90,10
__import__.product_8043836,0,1,1
__import__.product_8043871,40,60,10
__import__.product_8043888,80,120,10
__import__.product_8043894,80,120,10
__import__.product_8043902,70,105,10
__import__.product_8043919,70,105,10
__import__.product_8043925,50,75,10
__import__.product_8043931,10,20,10
__import__.product_8043948,10,20,10
__import__.product_8043954,20,50,10
__import__.product_8043960,2,4,1
__import__.product_8043977,2,4,1
__import__.product_8044020,1,2,1
__import__.product_8044770,1,2,1
__import__.product_8044787,8,12,12
__import__.product_8044793,10,20,1
__import__.product_8044801,1,2,1
__import__.product_8044818,20,40,10
__import__.product_8044847,2,3,1
__import__.product_8045002,3,6,1
__import__.product_8045025,0,1,1
__import__.product_8045143,0,1,1
__import__.product_8045172,6,12,1
__import__.product_8045189,48,96,12
__import__.product_8045203,3,4,1
__import__.product_8045226,1,2,1
__import__.product_8045249,1,2,1
__import__.product_8045255,1,2,1
__import__.product_8045261,1,2,1
__import__.product_8045551,0,1,1
__import__.product_8045611,1,2,1
__import__.product_8045657,6,12,10
__import__.product_8045663,2,3,10
__import__.product_8045686,8,12,10
__import__.product_8046289,2,4,1
__import__.product_8046326,10,20,1
__import__.product_8046415,0,8,1
__import__.product_8046450,5,10,1
__import__.product_8046467,10,20,1
__import__.product_8046496,10,20,1
__import__.product_8046987,0,1,1
__import__.product_8046993,2,12,1
__import__.product_8048182,1,2,1
__import__.product_8048199,0,2,1
__import__.product_8048696,1,2,1
__import__.product_8048839,1,2,1
__import__.product_8048880,60,90,10
__import__.product_8048934,1,2,1
__import__.product_8049023,0,1,1
__import__.product_8049053,0,1,1
__import__.product_8049520,3,5,1
__import__.product_8049632,1,2,1
__import__.product_8049649,1,2,1
__import__.product_8050196,3,6,1
__import__.product_8050204,6,9,1
__import__.product_8050256,50,100,1
__import__.product_8050262,12,24,12
__import__.product_8050263,12,24,12
__import__.product_8050279,12,24,1
__import__.product_8050285,4,8,1
__import__.product_8050836,6,12,36
__import__.product_8050842,36,72,36
__import__.product_8050954,18,36,36
__import__.product_8050983,6,12,36
__import__.product_8051244,0,1,1
__import__.product_8051333,18,36,36
__import__.product_8051416,3,6,6
__import__.product_8051563,80,160,1
__import__.product_8051586,100,200,1
__import__.product_8051592,36,72,1
__import__.product_8051617,50,200,1
__import__.product_8051623,100,200,1
__import__.product_8051646,80,160,1
__import__.product_8051669,100,200,1
__import__.product_8052060,0,1,1
__import__.product_8052195,2,4,1
__import__.product_8052574,0,1,1
__import__.product_8053007,1000,1500,50
__import__.product_8053013,600,900,50
__import__.product_8053036,100,150,1
__import__.product_8053059,50,75,50
__import__.product_8053438,12,24,36
__import__.product_8053616,200,400,100
__import__.product_8053617,600,800,150
__import__.product_8053618,400,600,200
__import__.product_8053639,10,20,50
__import__.product_8053680,4,8,25
__import__.product_8053740,300,600,50
__import__.product_8054053,4,6,6
__import__.product_8054219,1,2,1
__import__.product_8054254,3,5,1
__import__.product_8054544,0,1,1
__import__.product_8054596,1,3,1
__import__.product_8055212,1,2,1
__import__.product_8055408,1,5,1
__import__.product_8055578,0,1,1
__import__.product_8058269,150,250,25
__import__.product_8058298,5,10,1
__import__.product_8058364,0,1,25
__import__.product_8058393,1,2,1
__import__.product_8058683,6,12,6
__import__.product_8058708,6,8,6
__import__.product_8058915,0,1,1
__import__.product_8059085,0,1,1
__import__.product_8059122,0,1,1
__import__.product_8059286,0,1,1
__import__.product_8059406,1,2,1
__import__.product_8059524,0,2,1
__import__.product_8059889,0,1,1
__import__.product_8060415,0,1,1
__import__.product_8060473,0,2,1
__import__.product_8060562,1,2,1
__import__.product_8061662,5,10,36
__import__.product_8061857,4,6,1
__import__.product_8062012,0,1,1
__import__.product_8062087,1,2,1
__import__.product_8062124,2,3,1
__import__.product_8062130,2,3,1
__import__.product_8062265,12,24,36
__import__.product_8062271,10,20,36
__import__.product_8062288,36,72,36
__import__.product_8062294,24,48,36
__import__.product_8062319,6,36,36
__import__.product_8062331,36,72,36
__import__.product_8062348,36,72,36
__import__.product_8062360,10,20,36
__import__.product_8062377,72,108,36
__import__.product_8062383,36,72,36
__import__.product_8062466,1,2,1
__import__.product_8062472,1,2,1
__import__.product_8062503,0,1,5
__import__.product_8062555,24,36,12
__import__.product_8062609,0,1,1
__import__.product_8062710,2,12,12
__import__.product_8062727,2,4,1
__import__.product_8062733,0,1,1
__import__.product_8062940,0,1,1
__import__.product_8062963,0,1,1
__import__.product_8063193,0,1,1
__import__.product_8063253,5,15,1
__import__.product_8063282,5,10,1
__import__.product_8063359,10,25,25
__import__.product_8063508,25,35,25
__import__.product_8063514,50,100,25
__import__.product_8063520,25,50,25
__import__.product_8063661,1,2,10
__import__.product_8063678,50,100,10
__import__.product_8063684,100,200,10
__import__.product_8063690,50,100,10
__import__.product_8063715,300,600,50
__import__.product_8063721,1500,3000,50
__import__.product_8063744,1,2,1
__import__.product_8063767,10,20,1
__import__.product_8064206,12,36,36
__import__.product_8064264,14,28,1
__import__.product_8065128,1,2,1
__import__.product_8065140,1,2,1
__import__.product_8067417,1,2,1
__import__.product_8067848,2,4,1
__import__.product_8068598,6,17,12
__import__.product_8068693,2,2,1
__import__.product_8068977,0,1,1
__import__.product_8068983,0,1,1
__import__.product_8069250,30,36,12
__import__.product_8069267,12,24,12
__import__.product_8069273,60,120,12
__import__.product_8069304,2,5,1
__import__.product_8070000,2,4,1
__import__.product_8070483,0,1,1
__import__.product_8070508,0,1,1
__import__.product_8070514,0,1,1
__import__.product_8070765,0,1,1
__import__.product_8071985,20,40,24
__import__.product_8071991,10,20,1
__import__.product_8072648,0,1,1
__import__.product_8072660,60,90,1
__import__.product_8072683,6,9,6
__import__.product_8074558,0,2,1
__import__.product_8074995,4,6,4
__import__.product_8075084,3,5,4
__import__.product_8075210,100,125,1
__import__.product_8075227,100,150,1
__import__.product_8075233,50,65,1
__import__.product_8075687,14,21,1
__import__.product_8076304,5,10,1
__import__.product_8076652,24,48,12
__import__.product_8076675,2,4,1
__import__.product_8076681,2,4,1
__import__.product_8076712,0,1,1
__import__.product_8076764,1,2,1
__import__.product_8076994,0,1,1
__import__.product_8077031,0,1,1
__import__.product_8077166,0,1,1
__import__.product_8078378,2,4,4
__import__.product_8082405,1,4,1
__import__.product_8090787,0,1,1
__import__.product_8090801,1,2,1
__import__.product_8090899,2,4,1
__import__.product_8090913,4,8,1
__import__.product_8090959,5,8,1
__import__.product_8091479,10,18,1
__import__.product_8092220,6,10,1
__import__.product_8092243,8,17,1
__import__.product_8095224,40,104,1
__import__.product_8095230,12,22,1
__import__.product_8095595,36,72,6
__import__.product_8095603,48,96,6
__import__.product_8096465,40,120,1
__import__.product_8097045,5,10,1
__import__.product_8097275,100,200,10
__import__.product_8100994,10,14,1
__import__.product_8101539,16,33,1
__import__.product_8101545,10,18,1
__import__.product_8102295,24,48,1
__import__.product_8104621,1,2,1
__import__.product_8104638,0,1,1
__import__.product_8105276,5,10,1
__import__.product_8106330,9,23,1
__import__.product_8106347,10,23,1
__import__.product_8106353,0,1,1
__import__.product_8110610,1,3,1
__import__.product_8110633,2,4,1
__import__.product_8110656,3,5,1
__import__.product_8110662,1,3,1
__import__.product_8110679,3,5,1
__import__.product_8110685,3,6,1
__import__.product_8111762,1,2,1
__import__.product_8112796,60,130,1
__import__.product_8112810,10,20,1
__import__.product_8112885,6,12,1
__import__.product_8113749,6,15,1
__import__.product_8113778,7,19,1
__import__.product_8113815,5,13,1
__import__.product_8114800,10,11,1
__import__.product_8114900,8,12,1
__import__.product_8115400,12,24,1
__import__.product_8116104,0,1,1
__import__.product_8120000,119,350,1
__import__.product_8120001,46,180,1
__import__.product_8120002,64,216,1
__import__.product_8120003,8,20,12
__import__.product_8120007,20,68,22
__import__.product_8120637,3,5,1
__import__.product_8120761,0,12,1
__import__.product_8121890,14,30,6
__import__.product_8121909,2,4,1
__import__.product_8124629,3,6,1
__import__.product_8124919,5,8,1
__import__.product_8127177,24,36,1
__import__.product_8127183,0,12,1
__import__.product_8127208,0,12,1
__import__.product_8130529,10,20,1
__import__.product_8131658,0,1,1
__import__.product_8132824,8,16,1
__import__.product_8132830,15,30,1
__import__.product_8134214,10,20,1
__import__.product_8135076,6,10,1
__import__.product_8135082,8,20,1
__import__.product_8150003,3,5,1
__import__.product_8156708,0,1,1
__import__.product_8158011,33,112,1
__import__.product_8165004,15,30,1
__import__.product_8165006,2,4,1
__import__.product_8165008,10,20,1
__import__.product_8165009,10,20,1
__import__.product_8165016,0,1,1
__import__.product_8165020,10,20,1
__import__.product_8165021,0,1,1
__import__.product_8165027,5,10,1
__import__.product_8165032,3,6,1
__import__.product_8165060,6,12,1
__import__.product_8168443,0,1,1
__import__.product_8168584,0,36,1
__import__.product_8180450,1,2,1
__import__.product_8180734,1,2,1
__import__.product_8180792,5,10,1
__import__.product_8180846,0,1,1
__import__.product_8180941,2,5,1
__import__.product_8181076,2,10,25
__import__.product_8181550,1,2,1
__import__.product_8181610,2,3,1
__import__.product_8181627,2,5,1
__import__.product_8182029,5,10,1
__import__.product_8182963,0,6,6
__import__.product_8184643,3,6,1
__import__.product_8184790,5,10,1
__import__.product_8185186,1,2,1
__import__.product_8185358,0,1,1
__import__.product_8185565,2,4,1
__import__.product_8186642,2,5,4
__import__.product_8187736,3,6,1
__import__.product_8187742,3,6,1
__import__.product_8187765,3,6,1
__import__.product_8187788,3,6,1
__import__.product_8188405,2,5,36
__import__.product_8188569,2,4,1
__import__.product_8188575,6,12,1
__import__.product_8188581,8,16,1
__import__.product_8188598,8,16,1
__import__.product_8188606,10,20,1
__import__.product_8188612,6,12,1
__import__.product_8188629,4,8,1
__import__.product_8188635,2,4,1
__import__.product_8188641,10,15,1
__import__.product_8188658,10,15,1
__import__.product_8188664,2,3,1
__import__.product_8188977,0,1,1
__import__.product_8188983,50,100,50
__import__.product_8189008,200,400,50
__import__.product_8189014,100,200,50
__import__.product_8189037,25,50,50
__import__.product_8189043,0,1,50
__import__.product_8189103,5,10,1
__import__.product_8190402,0,1,1
__import__.product_8190454,0,1,1
__import__.product_8193369,0,1,1
__import__.product_8194050,0,2,1
__import__.product_8194328,0,1,1
__import__.product_8196468,2,4,10
__import__.product_8196617,13,20,44
__import__.product_8196853,3,6,1
__import__.product_8196994,0,1,1
__import__.product_8197060,0,2,1
__import__.product_8197692,1,2,1
__import__.product_8197769,2,4,1
__import__.product_8198970,0,1,1
__import__.product_8198987,0,1,1
__import__.product_8199372,0,1,5
__import__.product_8199768,2,6,1
__import__.product_8199892,4,8,1
__import__.product_8200081,3,6,1
__import__.product_8200098,2,4,1
__import__.product_8200106,0,1,1
__import__.product_8200141,3,6,1
__import__.product_8200282,1,2,1
__import__.product_8200365,1,2,1
__import__.product_8200589,2,4,1
__import__.product_8200595,5,10,1
__import__.product_8200603,5,10,1
__import__.product_8200690,2,4,1
__import__.product_8200709,2,4,1
__import__.product_8201979,0,1,1
__import__.product_8202803,8,16,36
__import__.product_8202884,1,2,1
__import__.product_8203056,0,1,8
__import__.product_8203079,0,1,1
__import__.product_8203085,0,1,1
__import__.product_8203317,0,1,1
__import__.product_8203323,0,1,1
__import__.product_8203346,0,1,1
__import__.product_8203820,0,1,1
__import__.product_8205428,0,10,1
__import__.product_8205552,0,1,12
__import__.product_8206014,1,2,1
__import__.product_8206043,20,25,1
__import__.product_8206066,2,4,1
__import__.product_8206072,2,4,1
__import__.product_8206103,3,5,1
__import__.product_8206126,4,8,1
__import__.product_8206310,2,4,1
__import__.product_8206853,1,2,1
__import__.product_8206882,1,2,1
__import__.product_8206965,1,2,1
__import__.product_8206988,1,2,6
__import__.product_8207143,5,10,1
__import__.product_8207841,12,24,12
__import__.product_8207864,0,1,1
__import__.product_8207999,3,6,1
__import__.product_8208119,3,6,36
__import__.product_8208125,0,1,1
__import__.product_8208527,4,8,1
__import__.product_8208556,5,10,1
__import__.product_8209403,0,1,1
__import__.product_8209426,0,1,1
__import__.product_8209484,7,12,50
__import__.product_8209490,20,40,1
__import__.product_8209627,2,4,1
__import__.product_8209975,10,20,1
__import__.product_8210056,9,10,20
__import__.product_8210062,22,36,12
__import__.product_8210079,0,1,1
__import__.product_8210234,1,2,1
__import__.product_8210352,0,1,1
__import__.product_8211386,5,15,10
__import__.product_8211392,2,4,10
__import__.product_8211914,2,4,1
__import__.product_8212718,25,50,200
__import__.product_8213072,4,8,10
__import__.product_8214077,144,288,36
__import__.product_8214083,0,180,36
__import__.product_8214108,72,144,36
__import__.product_8214114,252,504,36
__import__.product_8214120,144,288,24
__import__.product_8214143,240,480,24
__import__.product_8214166,120,240,18
__import__.product_8214172,0,18,18
__import__.product_8214189,144,288,18
__import__.product_8214195,396,792,18
__import__.product_8214203,36,72,18
__import__.product_8214284,1,2,1
__import__.product_8214568,1,2,1
__import__.product_8215006,3,6,1
__import__.product_8215036,3,6,1
__import__.product_8215415,0,1,1
__import__.product_8215438,1,2,1
__import__.product_8215533,0,12,12
__import__.product_8215740,1,3,1
__import__.product_8216254,1,5,1
__import__.product_8216337,3,5,1
__import__.product_8217058,8,16,10
__import__.product_8217128,50,100,1
__import__.product_8217615,0,1,1
__import__.product_8217957,1,2,1
__import__.product_8218106,2,4,6
__import__.product_8218112,0,1,6
__import__.product_8218141,0,1,1
__import__.product_8218394,80,680,1
__import__.product_8218603,2,5,1
__import__.product_8219005,12,24,12
__import__.product_8219092,1,2,1
__import__.product_8219100,1,2,1
__import__.product_8219117,1,2,1
__import__.product_8219123,1,2,1
__import__.product_8219146,0,1,1
__import__.product_8219152,0,1,1
__import__.product_8219293,800,1200,1
__import__.product_8220480,0,1,1
__import__.product_8222220,0,1,1
__import__.product_8222332,2,3,1
__import__.product_8222390,1,2,1
__import__.product_8222935,5,10,1
__import__.product_8222941,5,10,1
__import__.product_8222958,2,3,1
__import__.product_8223082,1,2,1
__import__.product_8223337,1,2,1
__import__.product_8223343,1,2,1
__import__.product_8223432,50,100,50
__import__.product_8223449,150,300,50
__import__.product_8223455,50,100,50
__import__.product_8223461,0,1,50
__import__.product_8223863,0,1,1
__import__.product_8224058,1,2,1
__import__.product_8224727,0,1,1
__import__.product_8224791,0,1,1
__import__.product_8224911,0,2,1
__import__.product_8224928,0,1,1
__import__.product_8225075,2,5,1
__import__.product_8225081,200,400,10
__import__.product_8225460,1,2,1
__import__.product_8225738,1,2,1
__import__.product_8226755,1,2,1
__import__.product_8226761,2,10,10
__import__.product_8227039,0,1,1
__import__.product_8227683,0,1,1
__import__.product_8228346,5,5,1
__import__.product_8228493,2,5,1
__import__.product_8228694,3,6,1
__import__.product_8228754,1,3,1
__import__.product_8229127,5,10,1
__import__.product_8229222,0,1,6
__import__.product_8229239,0,1,6
__import__.product_8229245,5,10,6
__import__.product_8229251,4,8,6
__import__.product_8229268,8,16,6
__import__.product_8229274,8,16,6
__import__.product_8229280,3,6,6
__import__.product_8229297,6,12,6
__import__.product_8229305,0,1,6
__import__.product_8229311,0,1,6
__import__.product_8229328,10,20,6
__import__.product_8229334,10,20,6
__import__.product_8229340,6,12,6
__import__.product_8229357,10,20,6
__import__.product_8229647,100,150,1
__import__.product_8230194,0,1,1
__import__.product_8230231,0,1,1
__import__.product_8230730,3,6,1
__import__.product_8231325,4,6,4
__import__.product_8231495,2,3,1
__import__.product_8231503,5,10,1
__import__.product_8231644,5,10,25
__import__.product_8231667,1,2,1
__import__.product_8232632,0,1,1
__import__.product_8233152,3,6,1
__import__.product_8233525,5,10,12
__import__.product_8233761,1,2,4
__import__.product_8233778,0,1,8
__import__.product_8233784,5,10,16
__import__.product_8233896,0,1,1
__import__.product_8234080,1,3,1
__import__.product_8234097,1,3,1
__import__.product_8234105,1,3,1
__import__.product_8234306,15,40,10
__import__.product_8236481,0,1,1
__import__.product_8236498,0,1,1
__import__.product_8236506,0,1,1
__import__.product_8236512,0,1,1
__import__.product_8236529,0,1,1
__import__.product_8236742,25,50,1
__import__.product_8236937,7,8,2
__import__.product_8237121,0,1,1
__import__.product_8237894,1,2,1
__import__.product_8238787,0,1,1
__import__.product_8239752,12,24,6
__import__.product_8239887,5,10,1
__import__.product_8240169,0,2,1
__import__.product_8240320,0,1,1
__import__.product_8240330,0,1,1
__import__.product_8240838,0,1,2
__import__.product_8241620,9,18,1
__import__.product_8241630,12,24,1
__import__.product_8241820,24,48,1
__import__.product_8241825,6,12,1
__import__.product_8241830,9,18,1
__import__.product_8241840,0,1,1
__import__.product_8241855,2,4,1
__import__.product_8241909,0,2,1
__import__.product_8241950,1,2,1
__import__.product_8242025,12,24,1
__import__.product_8242116,0,1,1
__import__.product_8242130,18,36,1
__import__.product_8242225,0,1,1
__import__.product_8242230,18,36,1
__import__.product_8242398,0,1,1
__import__.product_8242406,0,1,1
__import__.product_8242487,5,10,1
__import__.product_8242560,3,6,1
__import__.product_8243073,2,4,6
__import__.product_8243096,2,4,1
__import__.product_8243104,1,2,1
__import__.product_8243185,0,1,1
__import__.product_8243305,0,1,1
__import__.product_8243311,0,1,1
__import__.product_8243618,0,1,6
__import__.product_8244664,0,1,1
__import__.product_8244670,0,1,1
__import__.product_8244687,0,1,1
__import__.product_8245005,250,500,1
__import__.product_8245008,2,3,1
__import__.product_8246321,0,1,1
__import__.product_8246373,0,1,1
__import__.product_8246404,2,3,1
__import__.product_8246427,1,2,1
__import__.product_8246433,0,1,1
__import__.product_8248567,0,2,1
__import__.product_8248610,0,2,1
__import__.product_8248627,0,2,1
__import__.product_8248656,8,12,4
__import__.product_8250004,100,150,10
__import__.product_8250005,150,200,10
__import__.product_8250006,150,200,10
__import__.product_8250629,1,2,1
__import__.product_8252712,5,10,1
__import__.product_8252713,5,10,1
__import__.product_8254384,0,1,1
__import__.product_8254390,0,1,1
__import__.product_8254409,0,1,1
__import__.product_8255000,11,27,12
__import__.product_8255142,0,1,1
__import__.product_8255254,0,1,1
__import__.product_8256851,0,1,1
__import__.product_8257968,1,5,1
__import__.product_8257974,1,5,1
__import__.product_8258175,0,1,1
__import__.product_8258732,4,8,1
__import__.product_8258755,0,1,1
__import__.product_8259335,0,1,1
__import__.product_8259393,5,10,1
__import__.product_8259401,1,2,1
__import__.product_8259801,3,6,1
__import__.product_8259802,3,8,1
__import__.product_8259803,12,25,1
__import__.product_8259804,2,4,1
__import__.product_8259805,1,3,1
__import__.product_8259810,0,1,1
__import__.product_8259811,0,1,1
__import__.product_8259812,5,10,1
__import__.product_8259817,2,8,1
__import__.product_8259819,5,11,1
__import__.product_8259820,1,3,1
__import__.product_8259840,0,1,1
__import__.product_8259853,0,1,1
__import__.product_8259855,5,15,1
__import__.product_8259857,18,38,1
__import__.product_8259858,1,2,1
__import__.product_8260081,0,1,1
__import__.product_8260245,4,9,1
__import__.product_8262886,0,1,1
__import__.product_8262975,10,20,1
__import__.product_8264282,0,1,1
__import__.product_8266772,1,2,1
__import__.product_8268995,0,2,1
__import__.product_8269227,1,2,12
__import__.product_8269551,0,1,1
__import__.product_8270001,3,6,1
__import__.product_8270002,27,38,12
__import__.product_8270005,4,14,1
__import__.product_8270017,12,24,12
__import__.product_8270018,15,59,1
__import__.product_8270021,20,30,12
__import__.product_8270026,37,124,12
__import__.product_8270032,10,20,12
__import__.product_8270033,156,499,12
__import__.product_8270040,50,100,1
__import__.product_8270042,4,12,1
__import__.product_8270043,8,14,1
__import__.product_8270044,10,35,1
__import__.product_8270046,2,4,5
__import__.product_8270052,2,4,1
__import__.product_8270053,96,248,12
__import__.product_8270056,10,20,1
__import__.product_8270057,5,14,1
__import__.product_8270059,3,6,1
__import__.product_8270063,300,600,1
__import__.product_8270064,20,30,18
__import__.product_8270065,188,250,18
__import__.product_8270066,250,500,6
__import__.product_8270067,8,12,12
__import__.product_8270069,240,320,50
__import__.product_8270070,100,200,50
__import__.product_8270071,3,11,1
__import__.product_8270073,50,100,50
__import__.product_8270074,50,100,50
__import__.product_8270089,5,15,1
__import__.product_8270092,2,6,1
__import__.product_8270095,43,146,12
__import__.product_8270100,12,18,50
__import__.product_8270102,12,47,12
__import__.product_8270104,71,239,12
__import__.product_8270105,9,16,1
__import__.product_8270109,39,132,1
__import__.product_8270117,4,13,1
__import__.product_8270120,16,52,1
__import__.product_8270123,36,134,12
__import__.product_8270128,10,20,12
__import__.product_8270131,6,12,1
__import__.product_8270134,0,1,1
__import__.product_8270136,10,20,1
__import__.product_8270156,120,160,50
__import__.product_8270157,50,100,50
__import__.product_8270160,250,500,50
__import__.product_8270161,60,120,50
__import__.product_8270165,40,80,18
__import__.product_8270167,6,12,12
__import__.product_8270168,12,22,10
__import__.product_8270169,4,13,1
__import__.product_8270178,50,100,100
__import__.product_8270187,2,4,1
__import__.product_8270189,25,84,10
__import__.product_8270201,12,24,24
__import__.product_8270206,2,3,6
__import__.product_8270208,20,38,1
__import__.product_8270213,2,4,1
__import__.product_8270225,1,2,1
__import__.product_8270252,7,26,1
__import__.product_8270258,2,6,1
__import__.product_8270260,4,14,1
__import__.product_8270261,2,8,1
__import__.product_8270263,16,30,12
__import__.product_8270268,39,145,1
__import__.product_8270269,4,11,1
__import__.product_8270270,6,19,1
__import__.product_8270281,42,141,56
__import__.product_8270282,19,70,56
__import__.product_8270284,15,45,1
__import__.product_8270285,20,55,1
__import__.product_8270302,0,1,1
__import__.product_8270354,1,301,30
__import__.product_8270383,0,1,1
__import__.product_8270500,10,20,1
__import__.product_8270501,5,8,1
__import__.product_8270502,1,2,1
__import__.product_8270510,18,29,1
__import__.product_8270520,10,15,1
__import__.product_8270522,0,1,1
__import__.product_8270528,5,6,1
__import__.product_8270529,2,3,1
__import__.product_8270532,3,6,1
__import__.product_8270533,1,2,1
__import__.product_8270539,3,5,1
__import__.product_8270584,0,1,1
__import__.product_8271091,5,16,1
__import__.product_8271250,2,8,1
__import__.product_8272755,1,2,1
__import__.product_8273039,0,4,1
__import__.product_8274524,8,16,8
__import__.product_8274530,0,1,8
__import__.product_8274547,16,24,8
__import__.product_8274694,1,2,1
__import__.product_8274702,2,4,1
__import__.product_8275038,1,2,1
__import__.product_8275044,0,1,1
__import__.product_8275305,1,2,1
__import__.product_8275311,0,1,1
__import__.product_8275328,0,1,1
__import__.product_8276220,2,4,1
__import__.product_8276227,0,2,1
__import__.product_8276256,1,2,1
__import__.product_8276262,1,2,1
__import__.product_8276397,3,6,1
__import__.product_8276405,0,1,1
__import__.product_8277267,0,1,1
__import__.product_8278479,2,4,1
__import__.product_8278485,0,2,1
__import__.product_8278522,10,20,6
__import__.product_8278775,0,1,1
__import__.product_8278798,2,4,1
__import__.product_8278924,1,2,1
__import__.product_8279042,0,2,1
__import__.product_8279059,0,1,1
__import__.product_8279071,0,1,1
__import__.product_8279272,8,16,6
__import__.product_8279639,0,1,1
__import__.product_8279711,2,4,1
__import__.product_8279728,2,4,1
__import__.product_8280772,0,1,1
__import__.product_8280789,0,1,1
__import__.product_8280826,1,2,1
__import__.product_8280832,0,1,1
__import__.product_8280849,0,1,1
__import__.product_8280855,2,4,1
__import__.product_8281027,0,1,1
__import__.product_8281286,0,1,1
__import__.product_8281524,0,1,1
__import__.product_8281582,1,2,1
__import__.product_8282127,5,10,12
__import__.product_8283049,0,1,36
__import__.product_8283925,36,72,36
__import__.product_8284907,12,24,36
__import__.product_8285551,25,25,100
__import__.product_8285568,50,50,100
__import__.product_8285574,0,1,1
__import__.product_8285580,30,30,100
__import__.product_8285597,5,10,100
__import__.product_8285605,5,10,1
__import__.product_8285611,12,12,100
__import__.product_8285628,1,5,1
__import__.product_8285640,10,10,1
__import__.product_8285657,150,150,100
__import__.product_8285686,225,225,100
__import__.product_8285692,15,15,100
__import__.product_8285700,30,30,100
__import__.product_8285781,1,2,1
__import__.product_8285841,0,1,1
__import__.product_8285887,4,8,1
__import__.product_8286119,2,12,1
__import__.product_8286177,1,2,12
__import__.product_8286183,1,2,12
__import__.product_8286208,1,2,12
__import__.product_8286378,1,2,1
__import__.product_8286384,1,2,1
__import__.product_8286390,1,2,1
__import__.product_8286409,1,2,1
__import__.product_8287372,2,4,1
__import__.product_8287395,0,1,1
__import__.product_8287426,1,2,1
__import__.product_8287432,4,8,1
__import__.product_8287461,50,100,10
__import__.product_8287490,2,4,1
__import__.product_8287805,2,4,1
__import__.product_8288124,0,1,1
__import__.product_8288928,36,72,36
__import__.product_8289081,0,1,1
__import__.product_8289715,0,1,1
__import__.product_8290055,5,10,1
__import__.product_8290090,0,1,1
__import__.product_8290109,0,1,1
__import__.product_8290150,2,6,4
__import__.product_8290500,0,1,1
__import__.product_8290517,0,1,1
__import__.product_8290658,0,1,4
__import__.product_8290664,1,2,4
__import__.product_8290687,25,50,50
__import__.product_8291037,6,12,6
__import__.product_8291132,600,1200,50
__import__.product_8291505,100,200,150
__import__.product_8291830,1,2,1
__import__.product_8292396,0,1,1
__import__.product_8292479,0,1,1
__import__.product_8292640,1,2,1
__import__.product_8292752,216,432,36
__import__.product_8292769,120,240,24
__import__.product_8292775,36,72,18
__import__.product_8292806,10,20,1
__import__.product_8292829,10,20,10
__import__.product_8292835,10,20,1
__import__.product_8293148,1,2,1
__import__.product_8293208,0,1,1
__import__.product_8293869,5,10,1
__import__.product_8294099,4,6,1
__import__.product_8294107,4,6,1
__import__.product_8294254,6,12,1
__import__.product_8294277,6,12,1
__import__.product_8294314,10,20,1
__import__.product_8294455,5,10,1
__import__.product_8294656,1,2,1
__import__.product_8295288,10,20,1
__import__.product_8296709,1,2,1
__import__.product_8296738,0,1,1
__import__.product_8297270,1,2,1
__import__.product_8298039,1,2,1
__import__.product_8298772,1,2,1
__import__.product_8298788,6,12,1
__import__.product_8298790,160,320,1
__import__.product_8298791,10,20,1
__import__.product_8298792,0,2,1
__import__.product_8299375,0,1,1
__import__.product_8299694,1,2,1
__import__.product_8299748,0,1,1
__import__.product_8299754,0,1,1
__import__.product_8299820,0,1,1
__import__.product_8299837,0,1,1
__import__.product_8315002,2,12,1
__import__.product_8330011,180,407,1
__import__.product_8330012,1800,3000,1
__import__.product_8330013,75,186,12
__import__.product_8330016,28,38,1
__import__.product_8330038,21,79,10
__import__.product_8330039,4,8,10
__import__.product_8330040,26,86,9
__import__.product_8330043,28,104,12
__import__.product_8330044,21,69,1
__import__.product_8330045,12,22,1
__import__.product_8330046,10,34,6
__import__.product_8330056,0,1,1
__import__.product_8330122,150,300,50
__import__.product_8330139,100,200,50
__import__.product_8330168,50,100,50
__import__.product_8330180,10,15,36
__import__.product_8331452,2,4,1
__import__.product_8331469,10,15,1
__import__.product_8331593,72,108,36
__import__.product_8331848,0,1,1
__import__.product_8332138,0,1,1
__import__.product_8332256,0,1,1
__import__.product_8332262,0,1,1
__import__.product_8332316,0,1,1
__import__.product_8332983,4,6,1
__import__.product_8333008,6,12,1
__import__.product_8333014,12,18,1
__import__.product_8333020,12,18,1
__import__.product_8333250,2,4,1
__import__.product_8333534,1,3,1
__import__.product_8333764,1,2,1
__import__.product_8334410,5,10,1
__import__.product_8334841,5,10,1
__import__.product_8335243,0,1,1
__import__.product_8335289,0,1,1
__import__.product_8335438,4,6,12
__import__.product_8335674,200,300,100
__import__.product_8336107,4,8,1
__import__.product_8336113,2,6,1
__import__.product_8336136,8,12,1
__import__.product_8336142,3,9,1
__import__.product_8336159,2,6,1
__import__.product_8336165,0,1,1
__import__.product_8336171,100,200,50
__import__.product_8336484,10,50,10
__import__.product_8336573,0,4,1
__import__.product_8336604,5,10,1
__import__.product_8337213,1,2,1
__import__.product_8337265,10,15,1
__import__.product_8337348,10,20,1
__import__.product_8337704,20,40,1
__import__.product_8337727,2,4,1
__import__.product_8337733,2,4,1
__import__.product_8338715,0,1,1
__import__.product_8338810,72,108,36
__import__.product_8338827,72,108,36
__import__.product_8339531,36,72,12
__import__.product_8341309,0,1,1
__import__.product_8341315,0,1,1
__import__.product_8341568,50,250,8
__import__.product_8341574,2,4,1
__import__.product_8341580,1,2,1
__import__.product_8341597,1,2,1
__import__.product_8341924,1,2,1
__import__.product_8342131,5,8,50
__import__.product_8342467,0,1,1
__import__.product_8343662,10,20,1
__import__.product_8343685,0,1,1
__import__.product_8343722,0,1,1
__import__.product_8345307,10,20,1
__import__.product_8345313,7,14,1
__import__.product_8345336,4,8,1
__import__.product_8345342,3,6,1
__import__.product_8345359,1,2,1
__import__.product_8345365,1,2,1
__import__.product_8345371,2,4,1
__import__.product_8345388,1,2,1
__import__.product_8345394,2,4,1
__import__.product_8345402,1,2,1
__import__.product_8345419,1,2,1
__import__.product_8345721,0,36,1
__import__.product_8346034,3,6,1
__import__.product_8346152,0,1,1
__import__.product_8347312,1,2,1
__import__.product_8347329,0,1,1
__import__.product_8349216,1,2,1
__import__.product_8350722,5,10,1
__import__.product_8350828,1,5,1
__import__.product_8351503,36,48,36
__import__.product_8351555,0,1,1
__import__.product_8351561,0,1,1
__import__.product_8352336,1,2,1
__import__.product_8352337,2,5,1
__import__.product_8352342,1,2,1
__import__.product_8352343,2,5,1
__import__.product_8352359,0,1,1
__import__.product_8352360,2,5,1
__import__.product_8352422,5,10,1
__import__.product_8352424,5,10,1
__import__.product_8354430,0,1,1
__import__.product_8355926,0,10,1
__import__.product_8356245,1,2,1
__import__.product_8356251,2,4,1
__import__.product_8357291,24,238,1
__import__.product_8357842,10,20,1
__import__.product_8357871,1,2,1
__import__.product_8357888,1,2,1
__import__.product_8357894,0,1,1
__import__.product_8357902,0,2,1
__import__.product_8358020,0,1,1
__import__.product_8358787,2,4,1
__import__.product_8358793,1,2,1
__import__.product_8359108,2,6,6
__import__.product_8359120,2,6,6
__import__.product_8359367,10,20,1
__import__.product_8359410,50,100,1
__import__.product_8360040,10,20,1
__import__.product_8360057,2,5,1
__import__.product_8360258,5,10,1
__import__.product_8360330,6,12,20
__import__.product_8361909,0,1,1
__import__.product_8361950,20,40,1
__import__.product_8362547,1,2,1
__import__.product_8362748,1,2,1
__import__.product_8363392,1,2,1
__import__.product_8363446,0,2,1
__import__.product_8363593,0,1,1
__import__.product_8363736,0,1,30
__import__.product_8363860,0,20,1
__import__.product_8363943,2,4,1
__import__.product_8363966,5,10,1
__import__.product_8364227,0,1,1
__import__.product_8364492,10,20,10
__import__.product_8365089,0,1,1
__import__.product_8365209,10,11,18
__import__.product_8365215,1,18,18
__import__.product_8365304,5,10,1
__import__.product_8365416,0,1,10
__import__.product_8365681,5,10,1
__import__.product_8365758,1,2,1
__import__.product_8366083,2,10,1
__import__.product_8366746,0,1,1
__import__.product_8368745,1,2,1
__import__.product_8368805,0,1,1
__import__.product_8368834,0,1,1
__import__.product_8370877,2,4,1
__import__.product_8370914,1,2,1
__import__.product_8371204,2,4,1
__import__.product_8371210,2,4,1
__import__.product_8371227,6,12,1
__import__.product_8371256,3,6,1
__import__.product_8371279,2,4,1
__import__.product_8371285,1,2,1
__import__.product_8371291,1,2,1
__import__.product_8371316,1,2,1
__import__.product_8371322,1,2,1
__import__.product_8371345,3,6,1
__import__.product_8371351,3,6,1
__import__.product_8371368,5,10,1
__import__.product_8371374,14,28,1
__import__.product_8371380,10,20,1
__import__.product_8371397,10,20,1
__import__.product_8371405,3,6,1
__import__.product_8371411,5,10,1
__import__.product_8371428,4,8,1
__import__.product_8371434,5,10,1
__import__.product_8371440,2,4,1
__import__.product_8371457,2,4,1
__import__.product_8371463,1,2,1
__import__.product_8371486,1,2,1
__import__.product_8371500,1,2,1
__import__.product_8371523,6,12,1
__import__.product_8371546,12,24,1
__import__.product_8371552,30,40,1
__import__.product_8371569,20,30,1
__import__.product_8371575,12,24,1
__import__.product_8371581,8,16,1
__import__.product_8371598,6,8,1
__import__.product_8371606,5,10,1
__import__.product_8371612,3,6,1
__import__.product_8371629,2,4,1
__import__.product_8371635,1,2,1
__import__.product_8371641,1,2,1
__import__.product_8371658,1,2,1
__import__.product_8371664,1,2,1
__import__.product_8371670,0,2,1
__import__.product_8371693,1,2,1
__import__.product_8371701,1,2,1
__import__.product_8371718,6,12,1
__import__.product_8371724,6,12,1
__import__.product_8371730,8,12,1
__import__.product_8371747,10,20,1
__import__.product_8371753,10,20,1
__import__.product_8371776,5,10,1
__import__.product_8371782,8,16,1
__import__.product_8371799,5,10,1
__import__.product_8371807,2,4,1
__import__.product_8371813,2,4,1
__import__.product_8371836,2,4,1
__import__.product_8371842,3,6,1
__import__.product_8371859,2,5,1
__import__.product_8371871,2,4,1
__import__.product_8373723,0,1,1
__import__.product_8375716,3,6,1
__import__.product_8375722,3,6,1
__import__.product_8375739,0,2,1
__import__.product_8375745,1,2,1
__import__.product_8375751,1,2,1
__import__.product_8375768,0,1,1
__import__.product_8375774,6,12,1
__import__.product_8375780,5,10,1
__import__.product_8375797,1,2,1
__import__.product_8375834,0,1,1
__import__.product_8375840,1,2,1
__import__.product_8375857,1,2,1
__import__.product_8376006,0,1,1
__import__.product_8376012,1,2,1
__import__.product_8376029,1,2,1
__import__.product_8376064,9,18,1
__import__.product_8376070,20,40,1
__import__.product_8376087,20,30,1
__import__.product_8376093,15,30,1
__import__.product_8376101,15,30,1
__import__.product_8376118,8,16,1
__import__.product_8376124,4,8,1
__import__.product_8376130,5,10,1
__import__.product_8376147,3,6,1
__import__.product_8376153,5,10,1
__import__.product_8376176,3,6,1
__import__.product_8376182,3,6,1
__import__.product_8376199,2,4,1
__import__.product_8376207,1,2,1
__import__.product_8376236,1,2,1
__import__.product_8376265,4,8,1
__import__.product_8376271,6,12,1
__import__.product_8376288,6,12,1
__import__.product_8376294,5,10,1
__import__.product_8376302,2,4,1
__import__.product_8376466,3,6,1
__import__.product_8376472,6,12,1
__import__.product_8376489,10,20,1
__import__.product_8376495,9,18,1
__import__.product_8376503,3,6,1
__import__.product_8376526,1,2,1
__import__.product_8376667,0,1,1
__import__.product_8376673,1,2,1
__import__.product_8376696,1,2,1
__import__.product_8376704,1,2,1
__import__.product_8376822,2,4,2
__import__.product_8377537,10,20,1
__import__.product_8377891,1,2,1
__import__.product_8379223,0,2,1
__import__.product_8379329,0,1,1
__import__.product_8379542,1,2,1
__import__.product_8379855,4,8,1
__import__.product_8379861,4,8,1
__import__.product_8379878,4,8,1
__import__.product_8379884,3,6,1
__import__.product_8379890,2,4,1
__import__.product_8379909,2,4,1
__import__.product_8379938,0,1,1
__import__.product_8379944,0,1,1
__import__.product_8379967,0,1,1
__import__.product_8379973,0,1,1
__import__.product_8379996,2,4,1
__import__.product_8380002,2,4,1
__import__.product_8380019,1,2,1
__import__.product_8380137,0,1,1
__import__.product_8380781,3,6,1
__import__.product_8381183,0,1,1
__import__.product_8381409,0,1,1
__import__.product_8381473,6,12,25
__import__.product_8382113,3,6,1
__import__.product_8382159,1,2,1
__import__.product_8382366,4,6,1
__import__.product_8382389,4,6,1
__import__.product_8382857,0,1,1
__import__.product_8382981,1,2,1
__import__.product_8382998,0,1,1
__import__.product_8383242,1,2,1
__import__.product_8383259,2,4,12
__import__.product_8383265,1,2,12
__import__.product_8383271,1,2,6
__import__.product_8383288,0,1,4
__import__.product_8383294,2,4,12
__import__.product_8383302,4,8,4
__import__.product_8383319,1,2,12
__import__.product_8383325,3,6,12
__import__.product_8383644,0,1,1
__import__.product_8383650,0,1,1
__import__.product_8383667,0,1,1
__import__.product_8383673,0,1,1
__import__.product_8384247,2,3,10
__import__.product_8384282,24,36,30
__import__.product_8384767,0,1,4
__import__.product_8385436,0,2,30
__import__.product_8385442,0,2,30
__import__.product_8385459,0,2,20
__import__.product_8385465,0,2,12
__import__.product_8385471,0,2,8
__import__.product_8385488,0,2,6
__import__.product_8385494,0,2,4
__import__.product_8385502,0,2,4
__import__.product_8387576,1,2,1
__import__.product_8387642,1,2,6
__import__.product_8387659,4,6,5
__import__.product_8387895,0,1,30
__import__.product_8387903,2,4,30
__import__.product_8387926,1,2,20
__import__.product_8387932,1,2,12
__import__.product_8387949,1,2,8
__import__.product_8387955,1,2,6
__import__.product_8387961,1,2,4
__import__.product_8387978,2,4,4
__import__.product_8388630,1,2,1
__import__.product_8388647,3,6,1
__import__.product_8388653,1,3,1
__import__.product_8388676,6,12,1
__import__.product_8388682,6,12,1
__import__.product_8388831,0,1,1
__import__.product_8388989,3,6,1
__import__.product_8389026,25,50,1
__import__.product_8389345,1,2,1
__import__.product_8389434,0,1,1
__import__.product_8389664,1,2,12
__import__.product_8389670,1,2,12
__import__.product_8389687,3,6,12
__import__.product_8389693,0,1,12
__import__.product_8389701,0,1,16
__import__.product_8389718,0,1,16
__import__.product_8389724,3,6,16
__import__.product_8389747,1,2,12
__import__.product_8389753,0,1,12
__import__.product_8389776,3,6,12
__import__.product_8389799,15,30,10
__import__.product_8389807,10,20,10
__import__.product_8389813,10,20,10
__import__.product_8401000,1,2,1
__import__.product_8402146,2,4,1
__import__.product_8402382,0,1,1
__import__.product_8405535,0,1,1
__import__.product_8417188,0,1,1
__import__.product_8426069,0,1,1
__import__.product_8426684,0,1,1
__import__.product_8426715,0,1,1
__import__.product_8426916,8,12,4
__import__.product_8427057,5,10,2
__import__.product_8427086,20,40,10
__import__.product_8427092,10,20,10
__import__.product_8428430,1,5,1
__import__.product_8429197,2,4,6
__import__.product_8429228,12,18,1
__import__.product_8429955,7,14,1
__import__.product_8429956,20,40,1
__import__.product_8430094,1,2,6
__import__.product_8430214,0,1,1
__import__.product_8430786,0,1,1
__import__.product_8430792,0,1,1
__import__.product_8431219,6,12,10
__import__.product_8432012,40,80,40
__import__.product_8433075,2,3,1
__import__.product_8433388,2,3,1
__import__.product_8433394,3,5,1
__import__.product_8433402,1,2,1
__import__.product_8433419,4,8,4
__import__.product_8433448,0,1,1
__import__.product_8433454,1,2,1
__import__.product_8433460,0,1,1
__import__.product_8433508,5,10,1
__import__.product_8433537,4,8,4
__import__.product_8454108,2,4,1
__import__.product_8455213,0,1,1
__import__.product_8456567,8,20,1
__import__.product_8458313,15,35,1
__import__.product_8458336,160,267,1
__import__.product_8459092,55,95,8
__import__.product_8471064,1,2,1
__import__.product_8477658,5,20,1
__import__.product_8480034,1,2,1
__import__.product_8480123,1,6,1
__import__.product_8480152,0,1,1
__import__.product_8481973,12,18,36
__import__.product_8482429,30,60,1
__import__.product_8482435,5,10,1
__import__.product_8484718,0,1,1
__import__.product_8486686,1200,2400,200
__import__.product_8486752,4,6,1
__import__.product_8487013,1,2,1
__import__.product_8487036,2,3,1
__import__.product_8487042,1,2,1
__import__.product_8492882,1,2,1
__import__.product_8493309,39,92,4
__import__.product_8493404,3,6,1
__import__.product_8540017,1,2,1
__import__.product_8825728,6,10,1
__import__.product_8841200,1,2,1
__import__.product_8841400,2,6,1
__import__.product_8841500,2,6,1
__import__.product_9001323,1,2,1
__import__.product_9006031,1,2,32
__import__.product_9040237,2,4,1
__import__.product_9052013,0,1,1
__import__.product_9052510,2,4,1
__import__.product_9240240,0,4,1
__import__.product_9250331,20,40,12
__import__.product_9501100,8,15,1
__import__.product_9501117,36,72,1
__import__.product_9501322,1,2,1
__import__.product_9501521,18,54,24
__import__.product_9501693,8,24,10
__import__.product_9512005,6,12,10
__import__.product_9512008,16,28,12
__import__.product_9512010,4,8,1
__import__.product_9512015,150,300,1
__import__.product_9512023,12,24,1
__import__.product_9512024,12,36,1
__import__.product_9512026,5,12,1
__import__.product_9512028,5,18,1
__import__.product_9512029,5,10,1
__import__.product_9512033,95,352,12
__import__.product_9512035,3,7,1
__import__.product_9512036,24,48,12
__import__.product_9512044,4,13,1
__import__.product_9512045,3,6,1
__import__.product_9512048,1,3,1
__import__.product_9512052,6,17,10
__import__.product_9512053,27,99,1
__import__.product_9512054,5,20,1
__import__.product_9512055,33,122,1
__import__.product_9512056,7,20,1
__import__.product_9649185,1,3,1
__import__.product_9687002,7,18,1
__import__.product_9694895,2,5,1
__import__.product_9695015,15,27,1
__import__.product_9695021,48,96,1
__import__.product_9700868,5,11,1
__import__.product_9833948,3,6,1
__import__.product_9990022,12,24,1
__import__.product_9990023,12,24,1
__import__.product_9999137,200,300,1
